policy_id,period,block,duration_hours,demand_tokens,baseline_tokens,baseline_execution_hours,baseline_capacity_tokens,service_nodes,overflow_tokens,unmet_tokens,od_required_hours,od_execution_hours,od_nodes,od_billed_hours
on_demand:0,1,0,595.2,616178562048.0001,0.0,0.0,0.0,0.0,537730733635.1999,78447828412.80023,2380.0,2332.3999999999996,4.0,2380.0
on_demand:0,1,1,148.8,308089281024.00006,0.0,0.0,0.0,0.0,133754871559.67998,174334409464.32007,592.0,580.16,4.0,592.0
on_demand:0,2,0,576.0,599283343411.2001,0.0,0.0,0.0,0.0,520559500124.1599,78723843287.04016,2304.0,2257.92,4.0,2304.0
on_demand:0,2,1,144.0,299641671705.60004,0.0,0.0,0.0,0.0,130139875031.03998,169501796674.56006,576.0,564.48,4.0,576.0
on_demand:0,3,0,595.2,622355752132.5311,0.0,0.0,0.0,0.0,537730733635.1999,84625018497.33124,2380.0,2332.3999999999996,4.0,2380.0
on_demand:0,3,1,148.8,311177876066.26556,0.0,0.0,0.0,0.0,133754871559.67998,177423004506.58557,592.0,580.16,4.0,592.0
on_demand:0,4,0,595.2,625467530893.1937,0.0,0.0,0.0,0.0,537730733635.1999,87736797257.99384,2380.0,2332.3999999999996,4.0,2380.0
on_demand:0,4,1,148.8,312733765446.59686,0.0,0.0,0.0,0.0,133754871559.67998,178978893886.91687,592.0,580.16,4.0,592.0
on_demand:0,5,0,537.6,567763107075.3055,0.0,0.0,0.0,0.0,485313283969.9199,82449823105.38562,2148.0,2105.04,4.0,2148.0
on_demand:0,5,1,134.4,283881553537.6528,0.0,0.0,0.0,0.0,121102383709.43997,162779169828.2128,536.0,525.28,4.0,536.0
on_demand:0,6,0,595.2,631737842890.3978,0.0,0.0,0.0,0.0,537730733635.1999,94007109255.19794,2380.0,2332.3999999999996,4.0,2380.0
on_demand:0,6,1,148.8,315868921445.1989,0.0,0.0,0.0,0.0,133754871559.67998,182114049885.51892,592.0,580.16,4.0,592.0
on_demand:0,7,0,576.0,614415998811.145,0.0,0.0,0.0,0.0,520559500124.1599,93856498686.9851,2304.0,2257.92,4.0,2304.0
on_demand:0,7,1,144.0,307207999405.5725,0.0,0.0,0.0,0.0,130139875031.03998,177068124374.53253,576.0,564.48,4.0,576.0
on_demand:0,8,0,595.2,638071014765.374,0.0,0.0,0.0,0.0,537730733635.1999,100340281130.17413,2380.0,2332.3999999999996,4.0,2380.0
on_demand:0,8,1,148.8,319035507382.687,0.0,0.0,0.0,0.0,133754871559.67998,185280635823.00702,592.0,580.16,4.0,592.0
on_demand:0,9,0,576.0,620575519199.2267,0.0,0.0,0.0,0.0,520559500124.1599,100016019075.06677,2304.0,2257.92,4.0,2304.0
on_demand:0,9,1,144.0,310287759599.61334,0.0,0.0,0.0,0.0,130139875031.03998,180147884568.57336,576.0,564.48,4.0,576.0
on_demand:0,10,0,595.2,644467676688.3967,0.0,0.0,0.0,0.0,537730733635.1999,106736943053.19684,2380.0,2332.3999999999996,4.0,2380.0
on_demand:0,10,1,148.8,322233838344.19836,0.0,0.0,0.0,0.0,133754871559.67998,188478966784.51837,592.0,580.16,4.0,592.0
on_demand:0,11,0,595.2,647690015071.8387,0.0,0.0,0.0,0.0,537730733635.1999,109959281436.63885,2380.0,2332.3999999999996,4.0,2380.0
on_demand:0,11,1,148.8,323845007535.9194,0.0,0.0,0.0,0.0,133754871559.67998,190090135976.23938,592.0,580.16,4.0,592.0
on_demand:0,12,0,576.0,629930772723.0947,0.0,0.0,0.0,0.0,520559500124.1599,109371272598.93481,2304.0,2257.92,4.0,2304.0
on_demand:0,12,1,144.0,314965386361.54736,0.0,0.0,0.0,0.0,130139875031.03998,184825511330.5074,576.0,564.48,4.0,576.0
on_demand:0,13,0,595.2,654183107472.9337,0.0,0.0,0.0,0.0,537730733635.1999,116452373837.73383,2380.0,2332.3999999999996,4.0,2380.0
on_demand:0,13,1,148.8,327091553736.46686,0.0,0.0,0.0,0.0,133754871559.67998,193336682176.78687,592.0,580.16,4.0,592.0
on_demand:0,14,0,576.0,636245828719.6436,0.0,0.0,0.0,0.0,520559500124.1599,115686328595.48364,2304.0,2257.92,4.0,2304.0
on_demand:0,14,1,144.0,318122914359.8218,0.0,0.0,0.0,0.0,130139875031.03998,187983039328.7818,576.0,564.48,4.0,576.0
on_demand:0,15,0,595.2,660741293125.3497,0.0,0.0,0.0,0.0,537730733635.1999,123010559490.14984,2380.0,2332.3999999999996,4.0,2380.0
on_demand:0,15,1,148.8,330370646562.67487,0.0,0.0,0.0,0.0,133754871559.67998,196615775002.99487,592.0,580.16,4.0,592.0
on_demand:0,16,0,595.2,664044999590.9764,0.0,0.0,0.0,0.0,537730733635.1999,126314265955.77655,2380.0,2332.3999999999996,4.0,2380.0
on_demand:0,16,1,148.8,332022499795.4882,0.0,0.0,0.0,0.0,133754871559.67998,198267628235.80823,592.0,580.16,4.0,592.0
on_demand:0,17,0,556.8000000000001,624309403647.71,0.0,0.0,0.0,0.0,502484517480.9599,121824886166.75006,2224.0,2179.52,4.0,2224.0
on_demand:0,17,1,139.20000000000002,312154701823.855,0.0,0.0,0.0,0.0,125621129370.23997,186533572453.615,556.0,544.88,4.0,556.0
on_demand:0,18,0,595.2,670702050711.8757,0.0,0.0,0.0,0.0,537730733635.1999,132971317076.67584,2380.0,2332.3999999999996,4.0,2380.0
on_demand:0,18,1,148.8,335351025355.93787,0.0,0.0,0.0,0.0,133754871559.67998,201596153796.25787,592.0,580.16,4.0,592.0
on_demand:0,19,0,576.0,652311833192.3566,0.0,0.0,0.0,0.0,520559500124.1599,131752333068.19666,2304.0,2257.92,4.0,2304.0
on_demand:0,19,1,144.0,326155916596.1783,0.0,0.0,0.0,0.0,130139875031.03998,196016041565.1383,576.0,564.48,4.0,576.0
on_demand:0,20,0,595.2,677425838770.2622,0.0,0.0,0.0,0.0,537730733635.1999,139695105135.06232,2380.0,2332.3999999999996,4.0,2380.0
on_demand:0,20,1,148.8,338712919385.1311,0.0,0.0,0.0,0.0,133754871559.67998,204958047825.4511,592.0,580.16,4.0,592.0
on_demand:0,21,0,576.0,658851259320.1097,0.0,0.0,0.0,0.0,520559500124.1599,138291759195.94983,2304.0,2257.92,4.0,2304.0
on_demand:0,21,1,144.0,329425629660.0549,0.0,0.0,0.0,0.0,130139875031.03998,199285754629.0149,576.0,564.48,4.0,576.0
on_demand:0,22,0,595.2,684217032803.934,0.0,0.0,0.0,0.0,537730733635.1999,146486299168.73407,2380.0,2332.3999999999996,4.0,2380.0
on_demand:0,22,1,148.8,342108516401.967,0.0,0.0,0.0,0.0,133754871559.67998,208353644842.287,592.0,580.16,4.0,592.0
on_demand:0,23,0,595.2,687638117967.9535,0.0,0.0,0.0,0.0,537730733635.1999,149907384332.7536,2380.0,2332.3999999999996,4.0,2380.0
on_demand:0,23,1,148.8,343819058983.97675,0.0,0.0,0.0,0.0,133754871559.67998,210064187424.29675,592.0,580.16,4.0,592.0
on_demand:0,24,0,576.0,668783524410.7677,0.0,0.0,0.0,0.0,520559500124.1599,148224024286.6078,2304.0,2257.92,4.0,2304.0
on_demand:0,24,1,144.0,334391762205.38385,0.0,0.0,0.0,0.0,130139875031.03998,204251887174.34387,576.0,564.48,4.0,576.0
on_demand:0,25,0,595.2,694531690100.5822,0.0,0.0,0.0,0.0,537730733635.1999,156800956465.38226,2380.0,2332.3999999999996,4.0,2380.0
on_demand:0,25,1,148.8,347265845050.2911,0.0,0.0,0.0,0.0,133754871559.67998,213510973490.61108,592.0,580.16,4.0,592.0
on_demand:0,26,0,576.0,675488079242.9854,0.0,0.0,0.0,0.0,520559500124.1599,154928579118.82544,2304.0,2257.92,4.0,2304.0
on_demand:0,26,1,144.0,337744039621.4927,0.0,0.0,0.0,0.0,130139875031.03998,207604164590.4527,576.0,564.48,4.0,576.0
on_demand:0,27,0,595.2,701494370293.8403,0.0,0.0,0.0,0.0,537730733635.1999,163763636658.64044,2380.0,2332.3999999999996,4.0,2380.0
on_demand:0,27,1,148.8,350747185146.92017,0.0,0.0,0.0,0.0,133754871559.67998,216992313587.24017,592.0,580.16,4.0,592.0
on_demand:0,28,0,595.2,705001842145.3094,0.0,0.0,0.0,0.0,537730733635.1999,167271108510.10956,2380.0,2332.3999999999996,4.0,2380.0
on_demand:0,28,1,148.8,352500921072.6547,0.0,0.0,0.0,0.0,133754871559.67998,218746049512.97473,592.0,580.16,4.0,592.0
on_demand:0,29,0,537.6,639959736708.6776,0.0,0.0,0.0,0.0,485313283969.9199,154646452738.7577,2148.0,2105.04,4.0,2148.0
on_demand:0,29,1,134.4,319979868354.3388,0.0,0.0,0.0,0.0,121102383709.43997,198877484644.89883,536.0,525.28,4.0,536.0
on_demand:0,30,0,595.2,712069485612.816,0.0,0.0,0.0,0.0,537730733635.1999,174338751977.61615,2380.0,2332.3999999999996,4.0,2380.0
on_demand:0,30,1,148.8,356034742806.408,0.0,0.0,0.0,0.0,133754871559.67998,222279871246.72803,592.0,580.16,4.0,592.0
on_demand:0,31,0,576.0,692544999716.9807,0.0,0.0,0.0,0.0,520559500124.1599,171985499592.8208,2304.0,2257.92,4.0,2304.0
on_demand:0,31,1,144.0,346272499858.49036,0.0,0.0,0.0,0.0,130139875031.03998,216132624827.45038,576.0,564.48,4.0,576.0
on_demand:0,32,0,595.2,719207982206.0844,0.0,0.0,0.0,0.0,537730733635.1999,181477248570.88446,2380.0,2332.3999999999996,4.0,2380.0
on_demand:0,32,1,148.8,359603991103.0422,0.0,0.0,0.0,0.0,133754871559.67998,225849119543.36218,592.0,580.16,4.0,592.0
on_demand:0,33,0,576.0,699487763339.1433,0.0,0.0,0.0,0.0,520559500124.1599,178928263214.9834,2304.0,2257.92,4.0,2304.0
on_demand:0,33,1,144.0,349743881669.57166,0.0,0.0,0.0,0.0,130139875031.03998,219604006638.53168,576.0,564.48,4.0,576.0
on_demand:0,34,0,595.2,726418042227.7002,0.0,0.0,0.0,0.0,537730733635.1999,188687308592.5003,2380.0,2332.3999999999996,4.0,2380.0
on_demand:0,34,1,148.8,363209021113.8501,0.0,0.0,0.0,0.0,133754871559.67998,229454149554.1701,592.0,580.16,4.0,592.0
on_demand:0,35,0,595.2,730050132438.8386,0.0,0.0,0.0,0.0,537730733635.1999,192319398803.63873,2380.0,2332.3999999999996,4.0,2380.0
on_demand:0,35,1,148.8,365025066219.4193,0.0,0.0,0.0,0.0,133754871559.67998,231270194659.73932,592.0,580.16,4.0,592.0
on_demand:0,36,0,576.0,710032628807.451,0.0,0.0,0.0,0.0,520559500124.1599,189473128683.29114,2304.0,2257.92,4.0,2304.0
on_demand:0,36,1,144.0,355016314403.7255,0.0,0.0,0.0,0.0,130139875031.03998,224876439372.68555,576.0,564.48,4.0,576.0
commit:1,1,0,595.2,616178562048.0001,134477870865.40799,583.296,134477870865.40799,1.0,481700691182.59216,0.0,2132.0106389759135,2089.3704261963953,4.0,2136.0
commit:1,1,1,148.8,308089281024.00006,33619467716.351997,145.824,33619467716.351997,1.0,133754871559.67998,140714941747.96808,592.0,580.16,4.0,592.0
commit:1,2,0,576.0,599283343411.2001,130139875031.03998,564.48,130139875031.03998,1.0,469143468380.1601,0.0,2076.4322827459287,2034.9036370910098,4.0,2080.0
commit:1,2,1,144.0,299641671705.60004,32534968757.759995,141.12,32534968757.759995,1.0,130139875031.03998,136966827916.80005,576.0,564.48,4.0,576.0
commit:1,3,0,595.2,622355752132.5311,134477870865.40799,583.296,134477870865.40799,1.0,487877881267.12317,0.0,2159.350925631646,2116.1639071190134,4.0,2160.0
commit:1,3,1,148.8,311177876066.26556,33619467716.351997,145.824,33619467716.351997,1.0,133754871559.67998,143803536790.23358,592.0,580.16,4.0,592.0
commit:1,4,0,595.2,625467530893.1937,134477870865.40799,583.296,134477870865.40799,1.0,490989660027.78577,0.0,2173.123680259804,2129.661206654608,4.0,2176.0
commit:1,4,1,148.8,312733765446.59686,33619467716.351997,145.824,33619467716.351997,1.0,133754871559.67998,145359426170.56488,592.0,580.16,4.0,592.0
commit:1,5,0,537.6,567763107075.3055,121463883362.30399,526.848,121463883362.30399,1.0,446299223713.0016,0.0,1975.3234955648675,1935.8170256535702,4.0,1976.0
commit:1,5,1,134.4,283881553537.6528,30365970840.575996,131.712,30365970840.575996,1.0,121102383709.43997,132413198987.63681,536.0,525.28,4.0,536.0
commit:1,6,0,595.2,631737842890.3978,134477870865.40799,583.296,134477870865.40799,1.0,497259972024.98987,0.0,2200.876125154408,2156.85860265132,4.0,2204.0
commit:1,6,1,148.8,315868921445.1989,33619467716.351997,145.824,33619467716.351997,1.0,133754871559.67998,148494582169.16693,592.0,580.16,4.0,592.0
commit:1,7,0,576.0,614415998811.145,130139875031.03998,564.48,130139875031.03998,1.0,484276123780.10504,0.0,2143.409521722755,2100.5413312882997,4.0,2144.0
commit:1,7,1,144.0,307207999405.5725,32534968757.759995,141.12,32534968757.759995,1.0,130139875031.03998,144533155616.77252,576.0,564.48,4.0,576.0
commit:1,8,0,595.2,638071014765.374,134477870865.40799,583.296,134477870865.40799,1.0,503593143899.96606,0.0,2228.9067883090806,2184.328652542899,4.0,2232.0
commit:1,8,1,148.8,319035507382.687,33619467716.351997,145.824,33619467716.351997,1.0,133754871559.67998,151661168106.65503,592.0,580.16,4.0,592.0
commit:1,9,0,576.0,620575519199.2267,130139875031.03998,564.48,130139875031.03998,1.0,490435644168.1867,0.0,2170.6716021780253,2127.2581701344648,4.0,2172.0
commit:1,9,1,144.0,310287759599.61334,32534968757.759995,141.12,32534968757.759995,1.0,130139875031.03998,147612915810.81335,576.0,564.48,4.0,576.0
commit:1,10,0,595.2,644467676688.3967,134477870865.40799,583.296,134477870865.40799,1.0,509989805822.9888,0.0,2257.2184588618784,2212.074089684641,4.0,2260.0
commit:1,10,1,148.8,322233838344.19836,33619467716.351997,145.824,33619467716.351997,1.0,133754871559.67998,154859499068.16638,592.0,580.16,4.0,592.0
commit:1,11,0,595.2,647690015071.8387,134477870865.40799,583.296,134477870865.40799,1.0,513212144206.4308,0.0,2271.480551156188,2226.050940133064,4.0,2272.0
commit:1,11,1,148.8,323845007535.9194,33619467716.351997,145.824,33619467716.351997,1.0,133754871559.67998,156470668259.8874,592.0,580.16,4.0,592.0
commit:1,12,0,576.0,629930772723.0947,130139875031.03998,564.48,130139875031.03998,1.0,499790897692.05475,0.0,2212.0780199148085,2167.836459516512,4.0,2216.0
commit:1,12,1,144.0,314965386361.54736,32534968757.759995,141.12,32534968757.759995,1.0,130139875031.03998,152290542572.74738,576.0,564.48,4.0,576.0
commit:1,13,0,595.2,654183107472.9337,134477870865.40799,583.296,134477870865.40799,1.0,519705236607.52576,0.0,2300.219023681528,2254.214643207897,4.0,2304.0
commit:1,13,1,148.8,327091553736.46686,33619467716.351997,145.824,33619467716.351997,1.0,133754871559.67998,159717214460.43488,592.0,580.16,4.0,592.0
commit:1,14,0,576.0,636245828719.6436,130139875031.03998,564.48,130139875031.03998,1.0,506105953688.6036,0.0,2240.0285020644537,2195.227932023164,4.0,2244.0
commit:1,14,1,144.0,318122914359.8218,32534968757.759995,141.12,32534968757.759995,1.0,130139875031.03998,155448070571.0218,576.0,564.48,4.0,576.0
commit:1,15,0,595.2,660741293125.3497,134477870865.40799,583.296,134477870865.40799,1.0,526263422259.9418,0.0,2329.2455993939348,2282.660687406056,4.0,2332.0
commit:1,15,1,148.8,330370646562.67487,33619467716.351997,145.824,33619467716.351997,1.0,133754871559.67998,162996307286.64288,592.0,580.16,4.0,592.0
commit:1,16,0,595.2,664044999590.9764,134477870865.40799,583.296,134477870865.40799,1.0,529567128725.5685,0.0,2343.867827390904,2296.990470843086,4.0,2344.0
commit:1,16,1,148.8,332022499795.4882,33619467716.351997,145.824,33619467716.351997,1.0,133754871559.67998,164648160519.45624,592.0,580.16,4.0,592.0
commit:1,17,0,556.8000000000001,624309403647.71,125801879196.672,545.6640000000001,125801879196.672,1.0,498507524451.03796,0.0,2206.397800945416,2162.2698449265076,4.0,2208.0
commit:1,17,1,139.20000000000002,312154701823.855,31450469799.168,136.41600000000003,31450469799.168,1.0,125621129370.23997,155083102654.44702,556.0,544.88,4.0,556.0
commit:1,18,0,595.2,670702050711.8757,134477870865.40799,583.296,134477870865.40799,1.0,536224179846.4678,0.0,2373.331982360497,2325.8653427132867,4.0,2376.0
commit:1,18,1,148.8,335351025355.93787,33619467716.351997,145.824,33619467716.351997,1.0,133754871559.67998,167976686079.90588,592.0,580.16,4.0,592.0
commit:1,19,0,576.0,652311833192.3566,130139875031.03998,564.48,130139875031.03998,1.0,520559500124.1599,1612458037.1566772,2304.0,2257.92,4.0,2304.0
commit:1,19,1,144.0,326155916596.1783,32534968757.759995,141.12,32534968757.759995,1.0,130139875031.03998,163481072807.3783,576.0,564.48,4.0,576.0
commit:1,20,0,595.2,677425838770.2622,134477870865.40799,583.296,134477870865.40799,1.0,537730733635.1999,5217234269.654358,2380.0,2332.3999999999996,4.0,2380.0
commit:1,20,1,148.8,338712919385.1311,33619467716.351997,145.824,33619467716.351997,1.0,133754871559.67998,171338580109.09912,592.0,580.16,4.0,592.0
commit:1,21,0,576.0,658851259320.1097,130139875031.03998,564.48,130139875031.03998,1.0,520559500124.1599,8151884164.909851,2304.0,2257.92,4.0,2304.0
commit:1,21,1,144.0,329425629660.0549,32534968757.759995,141.12,32534968757.759995,1.0,130139875031.03998,166750785871.25488,576.0,564.48,4.0,576.0
commit:1,22,0,595.2,684217032803.934,134477870865.40799,583.296,134477870865.40799,1.0,537730733635.1999,12008428303.32611,2380.0,2332.3999999999996,4.0,2380.0
commit:1,22,1,148.8,342108516401.967,33619467716.351997,145.824,33619467716.351997,1.0,133754871559.67998,174734177125.935,592.0,580.16,4.0,592.0
commit:1,23,0,595.2,687638117967.9535,134477870865.40799,583.296,134477870865.40799,1.0,537730733635.1999,15429513467.345642,2380.0,2332.3999999999996,4.0,2380.0
commit:1,23,1,148.8,343819058983.97675,33619467716.351997,145.824,33619467716.351997,1.0,133754871559.67998,176444719707.94476,592.0,580.16,4.0,592.0
commit:1,24,0,576.0,668783524410.7677,130139875031.03998,564.48,130139875031.03998,1.0,520559500124.1599,18084149255.56781,2304.0,2257.92,4.0,2304.0
commit:1,24,1,144.0,334391762205.38385,32534968757.759995,141.12,32534968757.759995,1.0,130139875031.03998,171716918416.58386,576.0,564.48,4.0,576.0
commit:1,25,0,595.2,694531690100.5822,134477870865.40799,583.296,134477870865.40799,1.0,537730733635.1999,22323085599.974304,2380.0,2332.3999999999996,4.0,2380.0
commit:1,25,1,148.8,347265845050.2911,33619467716.351997,145.824,33619467716.351997,1.0,133754871559.67998,179891505774.2591,592.0,580.16,4.0,592.0
commit:1,26,0,576.0,675488079242.9854,130139875031.03998,564.48,130139875031.03998,1.0,520559500124.1599,24788704087.78546,2304.0,2257.92,4.0,2304.0
commit:1,26,1,144.0,337744039621.4927,32534968757.759995,141.12,32534968757.759995,1.0,130139875031.03998,175069195832.6927,576.0,564.48,4.0,576.0
commit:1,27,0,595.2,701494370293.8403,134477870865.40799,583.296,134477870865.40799,1.0,537730733635.1999,29285765793.232483,2380.0,2332.3999999999996,4.0,2380.0
commit:1,27,1,148.8,350747185146.92017,33619467716.351997,145.824,33619467716.351997,1.0,133754871559.67998,183372845870.88818,592.0,580.16,4.0,592.0
commit:1,28,0,595.2,705001842145.3094,134477870865.40799,583.296,134477870865.40799,1.0,537730733635.1999,32793237644.7016,2380.0,2332.3999999999996,4.0,2380.0
commit:1,28,1,148.8,352500921072.6547,33619467716.351997,145.824,33619467716.351997,1.0,133754871559.67998,185126581796.62274,592.0,580.16,4.0,592.0
commit:1,29,0,537.6,639959736708.6776,121463883362.30399,526.848,121463883362.30399,1.0,485313283969.9199,33182569376.453735,2148.0,2105.04,4.0,2148.0
commit:1,29,1,134.4,319979868354.3388,30365970840.575996,131.712,30365970840.575996,1.0,121102383709.43997,168511513804.32285,536.0,525.28,4.0,536.0
commit:1,30,0,595.2,712069485612.816,134477870865.40799,583.296,134477870865.40799,1.0,537730733635.1999,39860881112.20819,2380.0,2332.3999999999996,4.0,2380.0
commit:1,30,1,148.8,356034742806.408,33619467716.351997,145.824,33619467716.351997,1.0,133754871559.67998,188660403530.37604,592.0,580.16,4.0,592.0
commit:1,31,0,576.0,692544999716.9807,130139875031.03998,564.48,130139875031.03998,1.0,520559500124.1599,41845624561.78076,2304.0,2257.92,4.0,2304.0
commit:1,31,1,144.0,346272499858.49036,32534968757.759995,141.12,32534968757.759995,1.0,130139875031.03998,183597656069.69037,576.0,564.48,4.0,576.0
commit:1,32,0,595.2,719207982206.0844,134477870865.40799,583.296,134477870865.40799,1.0,537730733635.1999,46999377705.4765,2380.0,2332.3999999999996,4.0,2380.0
commit:1,32,1,148.8,359603991103.0422,33619467716.351997,145.824,33619467716.351997,1.0,133754871559.67998,192229651827.0102,592.0,580.16,4.0,592.0
commit:1,33,0,576.0,699487763339.1433,130139875031.03998,564.48,130139875031.03998,1.0,520559500124.1599,48788388183.94336,2304.0,2257.92,4.0,2304.0
commit:1,33,1,144.0,349743881669.57166,32534968757.759995,141.12,32534968757.759995,1.0,130139875031.03998,187069037880.77167,576.0,564.48,4.0,576.0
commit:1,34,0,595.2,726418042227.7002,134477870865.40799,583.296,134477870865.40799,1.0,537730733635.1999,54209437727.09235,2380.0,2332.3999999999996,4.0,2380.0
commit:1,34,1,148.8,363209021113.8501,33619467716.351997,145.824,33619467716.351997,1.0,133754871559.67998,195834681837.8181,592.0,580.16,4.0,592.0
commit:1,35,0,595.2,730050132438.8386,134477870865.40799,583.296,134477870865.40799,1.0,537730733635.1999,57841527938.230774,2380.0,2332.3999999999996,4.0,2380.0
commit:1,35,1,148.8,365025066219.4193,33619467716.351997,145.824,33619467716.351997,1.0,133754871559.67998,197650726943.38733,592.0,580.16,4.0,592.0
commit:1,36,0,576.0,710032628807.451,130139875031.03998,564.48,130139875031.03998,1.0,520559500124.1599,59333253652.25122,2304.0,2257.92,4.0,2304.0
commit:1,36,1,144.0,355016314403.7255,32534968757.759995,141.12,32534968757.759995,1.0,130139875031.03998,192341470614.92554,576.0,564.48,4.0,576.0
commit:2,1,0,595.2,616178562048.0001,268955741730.81598,1166.592,268955741730.81598,2.0,347222820317.18414,0.0,1536.8106389759134,1506.074426196395,3.0,1539.0
commit:2,1,1,148.8,308089281024.00006,67238935432.703995,291.648,67238935432.703995,2.0,133754871559.67998,107095474031.6161,592.0,580.16,4.0,592.0
commit:2,2,0,576.0,599283343411.2001,260279750062.07996,1128.96,260279750062.07996,2.0,339003593349.1201,0.0,1500.4322827459287,1470.42363709101,3.0,1503.0
commit:2,2,1,144.0,299641671705.60004,65069937515.51999,282.24,65069937515.51999,2.0,130139875031.03998,104431859159.04007,576.0,564.48,4.0,576.0
commit:2,3,0,595.2,622355752132.5311,268955741730.81598,1166.592,268955741730.81598,2.0,353400010401.71515,0.0,1564.150925631646,1532.8679071190131,3.0,1566.0
commit:2,3,1,148.8,311177876066.26556,67238935432.703995,291.648,67238935432.703995,2.0,133754871559.67998,110184069073.8816,592.0,580.16,4.0,592.0
commit:2,4,0,595.2,625467530893.1937,268955741730.81598,1166.592,268955741730.81598,2.0,356511789162.37775,0.0,1577.923680259804,1546.3652066546078,3.0,1578.0
commit:2,4,1,148.8,312733765446.59686,67238935432.703995,291.648,67238935432.703995,2.0,133754871559.67998,111739958454.2129,592.0,580.16,4.0,592.0
commit:2,5,0,537.6,567763107075.3055,242927766724.60797,1053.696,242927766724.60797,2.0,324835340350.6976,0.0,1437.7234955648673,1408.96902565357,3.0,1440.0
commit:2,5,1,134.4,283881553537.6528,60731941681.15199,263.424,60731941681.15199,2.0,121102383709.43997,102047228147.06082,536.0,525.28,4.0,536.0
commit:2,6,0,595.2,631737842890.3978,268955741730.81598,1166.592,268955741730.81598,2.0,362782101159.58185,0.0,1605.6761251544078,1573.5626026513196,3.0,1608.0
commit:2,6,1,148.8,315868921445.1989,67238935432.703995,291.648,67238935432.703995,2.0,133754871559.67998,114875114452.81496,592.0,580.16,4.0,592.0
commit:2,7,0,576.0,614415998811.145,260279750062.07996,1128.96,260279750062.07996,2.0,354136248749.06506,0.0,1567.409521722755,1536.0613312883,3.0,1569.0
commit:2,7,1,144.0,307207999405.5725,65069937515.51999,282.24,65069937515.51999,2.0,130139875031.03998,111998186859.01254,576.0,564.48,4.0,576.0
commit:2,8,0,595.2,638071014765.374,268955741730.81598,1166.592,268955741730.81598,2.0,369115273034.55804,0.0,1633.7067883090806,1601.0326525428989,3.0,1635.0
commit:2,8,1,148.8,319035507382.687,67238935432.703995,291.648,67238935432.703995,2.0,133754871559.67998,118041700390.30305,592.0,580.16,4.0,592.0
commit:2,9,0,576.0,620575519199.2267,260279750062.07996,1128.96,260279750062.07996,2.0,360295769137.1467,0.0,1594.6716021780253,1562.7781701344647,3.0,1596.0
commit:2,9,1,144.0,310287759599.61334,65069937515.51999,282.24,65069937515.51999,2.0,130139875031.03998,115077947053.05338,576.0,564.48,4.0,576.0
commit:2,10,0,595.2,644467676688.3967,268955741730.81598,1166.592,268955741730.81598,2.0,375511934957.58075,0.0,1662.0184588618783,1628.7780896846407,3.0,1665.0
commit:2,10,1,148.8,322233838344.19836,67238935432.703995,291.648,67238935432.703995,2.0,133754871559.67998,121240031351.8144,592.0,580.16,4.0,592.0
commit:2,11,0,595.2,647690015071.8387,268955741730.81598,1166.592,268955741730.81598,2.0,378734273341.02277,0.0,1676.2805511561878,1642.754940133064,3.0,1677.0
commit:2,11,1,148.8,323845007535.9194,67238935432.703995,291.648,67238935432.703995,2.0,133754871559.67998,122851200543.53542,592.0,580.16,4.0,592.0
commit:2,12,0,576.0,629930772723.0947,260279750062.07996,1128.96,260279750062.07996,2.0,369651022661.0148,0.0,1636.0780199148085,1603.3564595165121,3.0,1638.0
commit:2,12,1,144.0,314965386361.54736,65069937515.51999,282.24,65069937515.51999,2.0,130139875031.03998,119755573814.9874,576.0,564.48,4.0,576.0
commit:2,13,0,595.2,654183107472.9337,268955741730.81598,1166.592,268955741730.81598,2.0,385227365742.11774,0.0,1705.0190236815279,1670.918643207897,3.0,1707.0
commit:2,13,1,148.8,327091553736.46686,67238935432.703995,291.648,67238935432.703995,2.0,133754871559.67998,126097746744.0829,592.0,580.16,4.0,592.0
commit:2,14,0,576.0,636245828719.6436,260279750062.07996,1128.96,260279750062.07996,2.0,375966078657.5636,0.0,1664.0285020644535,1630.7479320231644,3.0,1665.0
commit:2,14,1,144.0,318122914359.8218,65069937515.51999,282.24,65069937515.51999,2.0,130139875031.03998,122913101813.26181,576.0,564.48,4.0,576.0
commit:2,15,0,595.2,660741293125.3497,268955741730.81598,1166.592,268955741730.81598,2.0,391785551394.53375,0.0,1734.0455993939345,1699.3646874060557,3.0,1737.0
commit:2,15,1,148.8,330370646562.67487,67238935432.703995,291.648,67238935432.703995,2.0,133754871559.67998,129376839570.29091,592.0,580.16,4.0,592.0
commit:2,16,0,595.2,664044999590.9764,268955741730.81598,1166.592,268955741730.81598,2.0,395089257860.16046,0.0,1748.667827390904,1713.6944708430858,3.0,1749.0
commit:2,16,1,148.8,332022499795.4882,67238935432.703995,291.648,67238935432.703995,2.0,133754871559.67998,131028692803.10426,592.0,580.16,4.0,592.0
commit:2,17,0,556.8000000000001,624309403647.71,251603758393.344,1091.3280000000002,251603758393.344,2.0,372705645254.36597,0.0,1649.5978009454159,1616.6058449265076,3.0,1650.0
commit:2,17,1,139.20000000000002,312154701823.855,62900939598.336,272.83200000000005,62900939598.336,2.0,125621129370.23997,123632632855.279,556.0,544.88,4.0,556.0
commit:2,18,0,595.2,670702050711.8757,268955741730.81598,1166.592,268955741730.81598,2.0,401746308981.05975,0.0,1778.1319823604967,1742.5693427132867,3.0,1779.0
commit:2,18,1,148.8,335351025355.93787,67238935432.703995,291.648,67238935432.703995,2.0,133754871559.67998,134357218363.55391,592.0,580.16,4.0,592.0
commit:2,19,0,576.0,652311833192.3566,260279750062.07996,1128.96,260279750062.07996,2.0,392032083130.2766,0.0,1735.136750586096,1700.4340155743741,4.0,1736.0
commit:2,19,1,144.0,326155916596.1783,65069937515.51999,282.24,65069937515.51999,2.0,130139875031.03998,130946104049.61832,576.0,564.48,4.0,576.0
commit:2,20,0,595.2,677425838770.2622,268955741730.81598,1166.592,268955741730.81598,2.0,408470097039.4462,0.0,1807.8915154836602,1771.733685173987,4.0,1808.0
commit:2,20,1,148.8,338712919385.1311,67238935432.703995,291.648,67238935432.703995,2.0,133754871559.67998,137719112392.74713,592.0,580.16,4.0,592.0
commit:2,21,0,576.0,658851259320.1097,260279750062.07996,1128.96,260279750062.07996,2.0,398571509258.0298,0.0,1764.0802965107207,1728.7986905805062,4.0,1768.0
commit:2,21,1,144.0,329425629660.0549,65069937515.51999,282.24,65069937515.51999,2.0,130139875031.03998,134215817113.4949,576.0,564.48,4.0,576.0
commit:2,22,0,595.2,684217032803.934,268955741730.81598,1166.592,268955741730.81598,2.0,415261291073.118,0.0,1837.9493879263835,1801.1904001678556,4.0,1840.0
commit:2,22,1,148.8,342108516401.967,67238935432.703995,291.648,67238935432.703995,2.0,133754871559.67998,141114709409.583,592.0,580.16,4.0,592.0
commit:2,23,0,595.2,687638117967.9535,268955741730.81598,1166.592,268955741730.81598,2.0,418682376237.1375,0.0,1853.0911348660147,1816.0293121686943,4.0,1856.0
commit:2,23,1,148.8,343819058983.97675,67238935432.703995,291.648,67238935432.703995,2.0,133754871559.67998,142825251991.59277,592.0,580.16,4.0,592.0
commit:2,24,0,576.0,668783524410.7677,260279750062.07996,1128.96,260279750062.07996,2.0,408503774348.68774,0.0,1808.0405714906565,1771.8797600608434,4.0,1812.0
commit:2,24,1,144.0,334391762205.38385,65069937515.51999,282.24,65069937515.51999,2.0,130139875031.03998,139181949658.82388,576.0,564.48,4.0,576.0
commit:2,25,0,595.2,694531690100.5822,268955741730.81598,1166.592,268955741730.81598,2.0,425575948369.7662,0.0,1883.6021334930463,1845.9300908231853,4.0,1884.0
commit:2,25,1,148.8,347265845050.2911,67238935432.703995,291.648,67238935432.703995,2.0,133754871559.67998,146272038057.9071,592.0,580.16,4.0,592.0
commit:2,26,0,576.0,675488079242.9854,260279750062.07996,1128.96,260279750062.07996,2.0,415208329180.9054,0.0,1837.714978219849,1800.960678655452,4.0,1840.0
commit:2,26,1,144.0,337744039621.4927,65069937515.51999,282.24,65069937515.51999,2.0,130139875031.03998,142534227074.9327,576.0,564.48,4.0,576.0
commit:2,27,0,595.2,701494370293.8403,268955741730.81598,1166.592,268955741730.81598,2.0,432538628563.02435,0.0,1914.4190048813134,1876.130624783687,4.0,1916.0
commit:2,27,1,148.8,350747185146.92017,67238935432.703995,291.648,67238935432.703995,2.0,133754871559.67998,149753378154.5362,592.0,580.16,4.0,592.0
commit:2,28,0,595.2,705001842145.3094,268955741730.81598,1166.592,268955741730.81598,2.0,436046100414.49347,0.0,1929.9430999057195,1891.344237907605,4.0,1932.0
commit:2,28,1,148.8,352500921072.6547,67238935432.703995,291.648,67238935432.703995,2.0,133754871559.67998,151507114080.27075,592.0,580.16,4.0,592.0
commit:2,29,0,537.6,639959736708.6776,242927766724.60797,1053.696,242927766724.60797,2.0,397031969984.06964,0.0,1757.2662848821594,1722.120959184516,4.0,1760.0
commit:2,29,1,134.4,319979868354.3388,60731941681.15199,263.424,60731941681.15199,2.0,121102383709.43997,138145542963.74686,536.0,525.28,4.0,536.0
commit:2,30,0,595.2,712069485612.816,268955741730.81598,1166.592,268955741730.81598,2.0,443113743882.00006,0.0,1961.2245394822737,1922.0000486926283,4.0,1964.0
commit:2,30,1,148.8,356034742806.408,67238935432.703995,291.648,67238935432.703995,2.0,133754871559.67998,155040935814.02405,592.0,580.16,4.0,592.0
commit:2,31,0,576.0,692544999716.9807,260279750062.07996,1128.96,260279750062.07996,2.0,432265249654.90076,0.0,1913.2090279158242,1874.9448473575076,4.0,1916.0
commit:2,31,1,144.0,346272499858.49036,65069937515.51999,282.24,65069937515.51999,2.0,130139875031.03998,151062687311.93036,576.0,564.48,4.0,576.0
commit:2,32,0,595.2,719207982206.0844,268955741730.81598,1166.592,268955741730.81598,2.0,450252240475.2684,0.0,1992.8195754905828,1952.963183980771,4.0,1996.0
commit:2,32,1,148.8,359603991103.0422,67238935432.703995,291.648,67238935432.703995,2.0,133754871559.67998,158610184110.6582,592.0,580.16,4.0,592.0
commit:2,33,0,576.0,699487763339.1433,260279750062.07996,1128.96,260279750062.07996,2.0,439208013277.06335,0.0,1943.9377484206798,1905.0589934522661,4.0,1944.0
commit:2,33,1,144.0,349743881669.57166,65069937515.51999,282.24,65069937515.51999,2.0,130139875031.03998,154534069123.01166,576.0,564.48,4.0,576.0
commit:2,34,0,595.2,726418042227.7002,268955741730.81598,1166.592,268955741730.81598,2.0,457462300496.8842,0.0,2024.7313517348753,1984.2367247001775,4.0,2028.0
commit:2,34,1,148.8,363209021113.8501,67238935432.703995,291.648,67238935432.703995,2.0,133754871559.67998,162215214121.46613,592.0,580.16,4.0,592.0
commit:2,35,0,595.2,730050132438.8386,268955741730.81598,1166.592,268955741730.81598,2.0,461094390708.02264,0.0,2040.8070084935493,1999.9908683236781,4.0,2044.0
commit:2,35,1,148.8,365025066219.4193,67238935432.703995,291.648,67238935432.703995,2.0,133754871559.67998,164031259227.03534,592.0,580.16,4.0,592.0
commit:2,36,0,576.0,710032628807.451,260279750062.07996,1128.96,260279750062.07996,2.0,449752878745.3711,0.0,1990.6093969703388,1950.797209030932,4.0,1992.0
commit:2,36,1,144.0,355016314403.7255,65069937515.51999,282.24,65069937515.51999,2.0,130139875031.03998,159806501857.1656,576.0,564.48,4.0,576.0
commit:3,1,0,595.2,616178562048.0001,403433612596.22394,1749.888,403433612596.22394,3.0,212744949451.77618,0.0,941.6106389759135,922.7784261963952,2.0,942.0
commit:3,1,1,148.8,308089281024.00006,100858403149.05598,437.472,100858403149.05598,3.0,133754871559.67998,73476006315.26411,592.0,580.16,4.0,592.0
commit:3,2,0,576.0,599283343411.2001,390419625093.11993,1693.4399999999998,390419625093.11993,3.0,208863718318.08014,0.0,924.4322827459285,905.9436370910099,2.0,926.0
commit:3,2,1,144.0,299641671705.60004,97604906273.27998,423.35999999999996,97604906273.27998,3.0,130139875031.03998,71896890401.28009,576.0,564.48,4.0,576.0
commit:3,3,0,595.2,622355752132.5311,403433612596.22394,1749.888,403433612596.22394,3.0,218922139536.3072,0.0,968.9509256316461,949.5719071190132,2.0,970.0
commit:3,3,1,148.8,311177876066.26556,100858403149.05598,437.472,100858403149.05598,3.0,133754871559.67998,76564601357.52962,592.0,580.16,4.0,592.0
commit:3,4,0,595.2,625467530893.1937,403433612596.22394,1749.888,403433612596.22394,3.0,222033918296.9698,0.0,982.7236802598042,963.069206654608,2.0,984.0
commit:3,4,1,148.8,312733765446.59686,100858403149.05598,437.472,100858403149.05598,3.0,133754871559.67998,78120490737.86092,592.0,580.16,4.0,592.0
commit:3,5,0,537.6,567763107075.3055,364391650086.9119,1580.5439999999999,364391650086.9119,3.0,203371456988.39362,0.0,900.1234955648675,882.1210256535701,2.0,902.0
commit:3,5,1,134.4,283881553537.6528,91097912521.72798,395.13599999999997,91097912521.72798,3.0,121102383709.43997,71681257306.48483,536.0,525.28,4.0,536.0
commit:3,6,0,595.2,631737842890.3978,403433612596.22394,1749.888,403433612596.22394,3.0,228304230294.1739,0.0,1010.4761251544079,990.2666026513198,2.0,1012.0
commit:3,6,1,148.8,315868921445.1989,100858403149.05598,437.472,100858403149.05598,3.0,133754871559.67998,81255646736.46297,592.0,580.16,4.0,592.0
commit:3,7,0,576.0,614415998811.145,390419625093.11993,1693.4399999999998,390419625093.11993,3.0,223996373718.0251,0.0,991.409521722755,971.5813312882999,2.0,992.0
commit:3,7,1,144.0,307207999405.5725,97604906273.27998,423.35999999999996,97604906273.27998,3.0,130139875031.03998,79463218101.25256,576.0,564.48,4.0,576.0
commit:3,8,0,595.2,638071014765.374,403433612596.22394,1749.888,403433612596.22394,3.0,234637402169.1501,0.0,1038.5067883090808,1017.736652542899,2.0,1040.0
commit:3,8,1,148.8,319035507382.687,100858403149.05598,437.472,100858403149.05598,3.0,133754871559.67998,84422232673.95107,592.0,580.16,4.0,592.0
commit:3,9,0,576.0,620575519199.2267,390419625093.11993,1693.4399999999998,390419625093.11993,3.0,230155894106.10675,0.0,1018.6716021780253,998.2981701344648,2.0,1020.0
commit:3,9,1,144.0,310287759599.61334,97604906273.27998,423.35999999999996,97604906273.27998,3.0,130139875031.03998,82542978295.2934,576.0,564.48,4.0,576.0
commit:3,10,0,595.2,644467676688.3967,403433612596.22394,1749.888,403433612596.22394,3.0,241034064092.1728,0.0,1066.8184588618785,1045.4820896846409,2.0,1068.0
commit:3,10,1,148.8,322233838344.19836,100858403149.05598,437.472,100858403149.05598,3.0,133754871559.67998,87620563635.46242,592.0,580.16,4.0,592.0
commit:3,11,0,595.2,647690015071.8387,403433612596.22394,1749.888,403433612596.22394,3.0,244256402475.6148,0.0,1081.080551156188,1059.4589401330643,2.0,1082.0
commit:3,11,1,148.8,323845007535.9194,100858403149.05598,437.472,100858403149.05598,3.0,133754871559.67998,89231732827.18343,592.0,580.16,4.0,592.0
commit:3,12,0,576.0,629930772723.0947,390419625093.11993,1693.4399999999998,390419625093.11993,3.0,239511147629.9748,0.0,1060.0780199148085,1038.8764595165123,2.0,1062.0
commit:3,12,1,144.0,314965386361.54736,97604906273.27998,423.35999999999996,97604906273.27998,3.0,130139875031.03998,87220605057.22742,576.0,564.48,4.0,576.0
commit:3,13,0,595.2,654183107472.9337,403433612596.22394,1749.888,403433612596.22394,3.0,250749494876.70978,0.0,1109.8190236815278,1087.6226432078972,2.0,1110.0
commit:3,13,1,148.8,327091553736.46686,100858403149.05598,437.472,100858403149.05598,3.0,133754871559.67998,92478279027.73091,592.0,580.16,4.0,592.0
commit:3,14,0,576.0,636245828719.6436,390419625093.11993,1693.4399999999998,390419625093.11993,3.0,245826203626.52362,0.0,1088.0285020644535,1066.2679320231643,2.0,1090.0
commit:3,14,1,144.0,318122914359.8218,97604906273.27998,423.35999999999996,97604906273.27998,3.0,130139875031.03998,90378133055.50183,576.0,564.48,4.0,576.0
commit:3,15,0,595.2,660741293125.3497,403433612596.22394,1749.888,403433612596.22394,3.0,257307680529.1258,0.0,1138.8455993939344,1116.0686874060557,2.0,1140.0
commit:3,15,1,148.8,330370646562.67487,100858403149.05598,437.472,100858403149.05598,3.0,133754871559.67998,95757371853.93892,592.0,580.16,4.0,592.0
commit:3,16,0,595.2,664044999590.9764,403433612596.22394,1749.888,403433612596.22394,3.0,260611386994.7525,0.0,1153.467827390904,1130.398470843086,2.0,1154.0
commit:3,16,1,148.8,332022499795.4882,100858403149.05598,437.472,100858403149.05598,3.0,133754871559.67998,97409225086.75227,592.0,580.16,4.0,592.0
commit:3,17,0,556.8000000000001,624309403647.71,377405637590.016,1636.9920000000002,377405637590.016,3.0,246903766057.69397,0.0,1092.797800945416,1070.9418449265074,2.0,1094.0
commit:3,17,1,139.20000000000002,312154701823.855,94351409397.504,409.24800000000005,94351409397.504,3.0,125621129370.23997,92182163056.11101,556.0,544.88,4.0,556.0
commit:3,18,0,595.2,670702050711.8757,403433612596.22394,1749.888,403433612596.22394,3.0,267268438115.6518,0.0,1182.9319823604967,1159.2733427132869,2.0,1184.0
commit:3,18,1,148.8,335351025355.93787,100858403149.05598,437.472,100858403149.05598,3.0,133754871559.67998,100737750647.20192,592.0,580.16,4.0,592.0
commit:3,19,0,576.0,652311833192.3566,390419625093.11993,1693.4399999999998,390419625093.11993,3.0,261892208099.23663,0.0,1159.136750586096,1135.9540155743741,3.0,1161.0
commit:3,19,1,144.0,326155916596.1783,97604906273.27998,423.35999999999996,97604906273.27998,3.0,130139875031.03998,98411135291.85834,576.0,564.48,4.0,576.0
commit:3,20,0,595.2,677425838770.2622,403433612596.22394,1749.888,403433612596.22394,3.0,273992226174.03827,0.0,1212.6915154836604,1188.4376851739871,3.0,1215.0
commit:3,20,1,148.8,338712919385.1311,100858403149.05598,437.472,100858403149.05598,3.0,133754871559.67998,104099644676.39516,592.0,580.16,4.0,592.0
commit:3,21,0,576.0,658851259320.1097,390419625093.11993,1693.4399999999998,390419625093.11993,3.0,268431634226.9898,0.0,1188.0802965107207,1164.3186905805064,3.0,1191.0
commit:3,21,1,144.0,329425629660.0549,97604906273.27998,423.35999999999996,97604906273.27998,3.0,130139875031.03998,101680848355.73492,576.0,564.48,4.0,576.0
commit:3,22,0,595.2,684217032803.934,403433612596.22394,1749.888,403433612596.22394,3.0,280783420207.71,0.0,1242.7493879263834,1217.8944001678558,3.0,1245.0
commit:3,22,1,148.8,342108516401.967,100858403149.05598,437.472,100858403149.05598,3.0,133754871559.67998,107495241693.23103,592.0,580.16,4.0,592.0
commit:3,23,0,595.2,687638117967.9535,403433612596.22394,1749.888,403433612596.22394,3.0,284204505371.72955,0.0,1257.891134866015,1232.7333121686945,3.0,1260.0
commit:3,23,1,148.8,343819058983.97675,100858403149.05598,437.472,100858403149.05598,3.0,133754871559.67998,109205784275.2408,592.0,580.16,4.0,592.0
commit:3,24,0,576.0,668783524410.7677,390419625093.11993,1693.4399999999998,390419625093.11993,3.0,278363899317.64777,0.0,1232.0405714906565,1207.3997600608434,3.0,1233.0
commit:3,24,1,144.0,334391762205.38385,97604906273.27998,423.35999999999996,97604906273.27998,3.0,130139875031.03998,106646980901.0639,576.0,564.48,4.0,576.0
commit:3,25,0,595.2,694531690100.5822,403433612596.22394,1749.888,403433612596.22394,3.0,291098077504.3582,0.0,1288.4021334930462,1262.6340908231853,3.0,1290.0
commit:3,25,1,148.8,347265845050.2911,100858403149.05598,437.472,100858403149.05598,3.0,133754871559.67998,112652570341.55513,592.0,580.16,4.0,592.0
commit:3,26,0,576.0,675488079242.9854,390419625093.11993,1693.4399999999998,390419625093.11993,3.0,285068454149.8654,0.0,1261.714978219849,1236.480678655452,3.0,1263.0
commit:3,26,1,144.0,337744039621.4927,97604906273.27998,423.35999999999996,97604906273.27998,3.0,130139875031.03998,109999258317.17273,576.0,564.48,4.0,576.0
commit:3,27,0,595.2,701494370293.8403,403433612596.22394,1749.888,403433612596.22394,3.0,298060757697.6164,0.0,1319.2190048813134,1292.834624783687,3.0,1320.0
commit:3,27,1,148.8,350747185146.92017,100858403149.05598,437.472,100858403149.05598,3.0,133754871559.67998,116133910438.18422,592.0,580.16,4.0,592.0
commit:3,28,0,595.2,705001842145.3094,403433612596.22394,1749.888,403433612596.22394,3.0,301568229549.0855,0.0,1334.7430999057196,1308.0482379076052,3.0,1335.0
commit:3,28,1,148.8,352500921072.6547,100858403149.05598,437.472,100858403149.05598,3.0,133754871559.67998,117887646363.91878,592.0,580.16,4.0,592.0
commit:3,29,0,537.6,639959736708.6776,364391650086.9119,1580.5439999999999,364391650086.9119,3.0,275568086621.7657,0.0,1219.6662848821595,1195.2729591845161,3.0,1221.0
commit:3,29,1,134.4,319979868354.3388,91097912521.72798,395.13599999999997,91097912521.72798,3.0,121102383709.43997,107779572123.17087,536.0,525.28,4.0,536.0
commit:3,30,0,595.2,712069485612.816,403433612596.22394,1749.888,403433612596.22394,3.0,308635873016.5921,0.0,1366.024539482274,1338.7040486926282,3.0,1368.0
commit:3,30,1,148.8,356034742806.408,100858403149.05598,437.472,100858403149.05598,3.0,133754871559.67998,121421468097.67207,592.0,580.16,4.0,592.0
commit:3,31,0,576.0,692544999716.9807,390419625093.11993,1693.4399999999998,390419625093.11993,3.0,302125374623.8608,0.0,1337.2090279158242,1310.4648473575076,3.0,1338.0
commit:3,31,1,144.0,346272499858.49036,97604906273.27998,423.35999999999996,97604906273.27998,3.0,130139875031.03998,118527718554.17041,576.0,564.48,4.0,576.0
commit:3,32,0,595.2,719207982206.0844,403433612596.22394,1749.888,403433612596.22394,3.0,315774369609.8604,0.0,1397.6195754905827,1369.6671839807711,3.0,1398.0
commit:3,32,1,148.8,359603991103.0422,100858403149.05598,437.472,100858403149.05598,3.0,133754871559.67998,124990716394.30623,592.0,580.16,4.0,592.0
commit:3,33,0,576.0,699487763339.1433,390419625093.11993,1693.4399999999998,390419625093.11993,3.0,309068138246.0234,0.0,1367.9377484206798,1340.578993452266,3.0,1368.0
commit:3,33,1,144.0,349743881669.57166,97604906273.27998,423.35999999999996,97604906273.27998,3.0,130139875031.03998,121999100365.25171,576.0,564.48,4.0,576.0
commit:3,34,0,595.2,726418042227.7002,403433612596.22394,1749.888,403433612596.22394,3.0,322984429631.47626,0.0,1429.5313517348752,1400.9407247001777,3.0,1431.0
commit:3,34,1,148.8,363209021113.8501,100858403149.05598,437.472,100858403149.05598,3.0,133754871559.67998,128595746405.11415,592.0,580.16,4.0,592.0
commit:3,35,0,595.2,730050132438.8386,403433612596.22394,1749.888,403433612596.22394,3.0,326616519842.6147,0.0,1445.6070084935493,1416.6948683236783,3.0,1446.0
commit:3,35,1,148.8,365025066219.4193,100858403149.05598,437.472,100858403149.05598,3.0,133754871559.67998,130411791510.68336,592.0,580.16,4.0,592.0
commit:3,36,0,576.0,710032628807.451,390419625093.11993,1693.4399999999998,390419625093.11993,3.0,319613003714.3311,0.0,1414.6093969703388,1386.317209030932,3.0,1416.0
commit:3,36,1,144.0,355016314403.7255,97604906273.27998,423.35999999999996,97604906273.27998,3.0,130139875031.03998,127271533099.40558,576.0,564.48,4.0,576.0
commit:4,1,0,595.2,616178562048.0001,537911483461.63196,2333.184,537911483461.63196,4.0,78267078586.36816,0.0,346.4106389759133,339.482426196395,1.0,347.0
commit:4,1,1,148.8,308089281024.00006,134477870865.40799,583.296,134477870865.40799,4.0,133754871559.67998,39856538598.912094,592.0,580.16,4.0,592.0
commit:4,2,0,576.0,599283343411.2001,520559500124.1599,2257.92,520559500124.1599,4.0,78723843287.04016,0.0,348.4322827459286,341.46363709101,1.0,349.0
commit:4,2,1,144.0,299641671705.60004,130139875031.03998,564.48,130139875031.03998,4.0,130139875031.03998,39361921643.52008,576.0,564.48,4.0,576.0
commit:4,3,0,595.2,622355752132.5311,537911483461.63196,2333.184,537911483461.63196,4.0,84444268670.89917,0.0,373.75092563164594,366.275907119013,1.0,374.0
commit:4,3,1,148.8,311177876066.26556,134477870865.40799,583.296,134477870865.40799,4.0,133754871559.67998,42945133641.1776,592.0,580.16,4.0,592.0
commit:4,4,0,595.2,625467530893.1937,537911483461.63196,2333.184,537911483461.63196,4.0,87556047431.56177,0.0,387.52368025980394,379.77320665460786,1.0,388.0
commit:4,4,1,148.8,312733765446.59686,134477870865.40799,583.296,134477870865.40799,4.0,133754871559.67998,44501023021.508896,592.0,580.16,4.0,592.0
commit:4,5,0,537.6,567763107075.3055,485855533449.21594,2107.392,485855533449.21594,4.0,81907573626.0896,0.0,362.52349556486735,355.27302565356996,1.0,363.0
commit:4,5,1,134.4,283881553537.6528,121463883362.30399,526.848,121463883362.30399,4.0,121102383709.43997,41315286465.90881,536.0,525.28,4.0,536.0
commit:4,6,0,595.2,631737842890.3978,537911483461.63196,2333.184,537911483461.63196,4.0,93826359428.76587,0.0,415.27612515440774,406.97060265131955,1.0,416.0
commit:4,6,1,148.8,315868921445.1989,134477870865.40799,583.296,134477870865.40799,4.0,133754871559.67998,47636179020.11095,592.0,580.16,4.0,592.0
commit:4,7,0,576.0,614415998811.145,520559500124.1599,2257.92,520559500124.1599,4.0,93856498686.9851,0.0,415.409521722755,407.1013312882999,1.0,416.0
commit:4,7,1,144.0,307207999405.5725,130139875031.03998,564.48,130139875031.03998,4.0,130139875031.03998,46928249343.49255,576.0,564.48,4.0,576.0
commit:4,8,0,595.2,638071014765.374,537911483461.63196,2333.184,537911483461.63196,4.0,100159531303.74207,0.0,443.3067883090805,434.4406525428989,1.0,444.0
commit:4,8,1,148.8,319035507382.687,134477870865.40799,583.296,134477870865.40799,4.0,133754871559.67998,50802764957.599045,592.0,580.16,4.0,592.0
commit:4,9,0,576.0,620575519199.2267,520559500124.1599,2257.92,520559500124.1599,4.0,100016019075.06677,0.0,442.67160217802535,433.8181701344648,1.0,443.0
commit:4,9,1,144.0,310287759599.61334,130139875031.03998,564.48,130139875031.03998,4.0,130139875031.03998,50008009537.53339,576.0,564.48,4.0,576.0
commit:4,10,0,595.2,644467676688.3967,537911483461.63196,2333.184,537911483461.63196,4.0,106556193226.76477,0.0,471.61845886187825,462.1860896846407,1.0,472.0
commit:4,10,1,148.8,322233838344.19836,134477870865.40799,583.296,134477870865.40799,4.0,133754871559.67998,54001095919.1104,592.0,580.16,4.0,592.0
commit:4,11,0,595.2,647690015071.8387,537911483461.63196,2333.184,537911483461.63196,4.0,109778531610.20679,0.0,485.88055115618783,476.162940133064,1.0,486.0
commit:4,11,1,148.8,323845007535.9194,134477870865.40799,583.296,134477870865.40799,4.0,133754871559.67998,55612265110.831406,592.0,580.16,4.0,592.0
commit:4,12,0,576.0,629930772723.0947,520559500124.1599,2257.92,520559500124.1599,4.0,109371272598.93481,0.0,484.07801991480846,474.39645951651227,1.0,485.0
commit:4,12,1,144.0,314965386361.54736,130139875031.03998,564.48,130139875031.03998,4.0,130139875031.03998,54685636299.46741,576.0,564.48,4.0,576.0
commit:4,13,0,595.2,654183107472.9337,537911483461.63196,2333.184,537911483461.63196,4.0,116271624011.30176,0.0,514.6190236815277,504.32664320789706,1.0,515.0
commit:4,13,1,148.8,327091553736.46686,134477870865.40799,583.296,134477870865.40799,4.0,133754871559.67998,58858811311.37889,592.0,580.16,4.0,592.0
commit:4,14,0,576.0,636245828719.6436,520559500124.1599,2257.92,520559500124.1599,4.0,115686328595.48364,0.0,512.0285020644535,501.78793202316444,1.0,513.0
commit:4,14,1,144.0,318122914359.8218,130139875031.03998,564.48,130139875031.03998,4.0,130139875031.03998,57843164297.74182,576.0,564.48,4.0,576.0
commit:4,15,0,595.2,660741293125.3497,537911483461.63196,2333.184,537911483461.63196,4.0,122829809663.71777,0.0,543.6455993939344,532.7726874060556,1.0,544.0
commit:4,15,1,148.8,330370646562.67487,134477870865.40799,583.296,134477870865.40799,4.0,133754871559.67998,62137904137.5869,592.0,580.16,4.0,592.0
commit:4,16,0,595.2,664044999590.9764,537911483461.63196,2333.184,537911483461.63196,4.0,126133516129.34448,0.0,558.2678273909038,547.1024708430857,1.0,559.0
commit:4,16,1,148.8,332022499795.4882,134477870865.40799,583.296,134477870865.40799,4.0,133754871559.67998,63789757370.40025,592.0,580.16,4.0,592.0
commit:4,17,0,556.8000000000001,624309403647.71,503207516786.688,2182.6560000000004,503207516786.688,4.0,121101886861.02197,0.0,535.9978009454159,525.2778449265074,1.0,536.0
commit:4,17,1,139.20000000000002,312154701823.855,125801879196.672,545.6640000000001,125801879196.672,4.0,125621129370.23997,60731693256.94301,556.0,544.88,4.0,556.0
commit:4,18,0,595.2,670702050711.8757,537911483461.63196,2333.184,537911483461.63196,4.0,132790567250.24377,0.0,587.7319823604965,575.9773427132866,1.0,588.0
commit:4,18,1,148.8,335351025355.93787,134477870865.40799,583.296,134477870865.40799,4.0,133754871559.67998,67118282930.8499,592.0,580.16,4.0,592.0
commit:4,19,0,576.0,652311833192.3566,520559500124.1599,2257.92,520559500124.1599,4.0,131752333068.19666,0.0,583.1367505860961,571.4740155743741,2.0,584.0
commit:4,19,1,144.0,326155916596.1783,130139875031.03998,564.48,130139875031.03998,4.0,130139875031.03998,65876166534.09833,576.0,564.48,4.0,576.0
commit:4,20,0,595.2,677425838770.2622,537911483461.63196,2333.184,537911483461.63196,4.0,139514355308.63025,0.0,617.4915154836601,605.141685173987,2.0,618.0
commit:4,20,1,148.8,338712919385.1311,134477870865.40799,583.296,134477870865.40799,4.0,133754871559.67998,70480176960.04314,592.0,580.16,4.0,592.0
commit:4,21,0,576.0,658851259320.1097,520559500124.1599,2257.92,520559500124.1599,4.0,138291759195.94983,0.0,612.0802965107208,599.8386905805064,2.0,614.0
commit:4,21,1,144.0,329425629660.0549,130139875031.03998,564.48,130139875031.03998,4.0,130139875031.03998,69145879597.97491,576.0,564.48,4.0,576.0
commit:4,22,0,595.2,684217032803.934,537911483461.63196,2333.184,537911483461.63196,4.0,146305549342.302,0.0,647.5493879263834,634.5984001678556,2.0,648.0
commit:4,22,1,148.8,342108516401.967,134477870865.40799,583.296,134477870865.40799,4.0,133754871559.67998,73875773976.87901,592.0,580.16,4.0,592.0
commit:4,23,0,595.2,687638117967.9535,537911483461.63196,2333.184,537911483461.63196,4.0,149726634506.32153,0.0,662.6911348660146,649.4373121686943,2.0,664.0
commit:4,23,1,148.8,343819058983.97675,134477870865.40799,583.296,134477870865.40799,4.0,133754871559.67998,75586316558.88878,592.0,580.16,4.0,592.0
commit:4,24,0,576.0,668783524410.7677,520559500124.1599,2257.92,520559500124.1599,4.0,148224024286.6078,0.0,656.0405714906565,642.9197600608434,2.0,658.0
commit:4,24,1,144.0,334391762205.38385,130139875031.03998,564.48,130139875031.03998,4.0,130139875031.03998,74112012143.3039,576.0,564.48,4.0,576.0
commit:4,25,0,595.2,694531690100.5822,537911483461.63196,2333.184,537911483461.63196,4.0,156620206638.9502,0.0,693.2021334930461,679.3380908231852,2.0,694.0
commit:4,25,1,148.8,347265845050.2911,134477870865.40799,583.296,134477870865.40799,4.0,133754871559.67998,79033102625.20311,592.0,580.16,4.0,592.0
commit:4,26,0,576.0,675488079242.9854,520559500124.1599,2257.92,520559500124.1599,4.0,154928579118.82544,0.0,685.7149782198491,672.000678655452,2.0,686.0
commit:4,26,1,144.0,337744039621.4927,130139875031.03998,564.48,130139875031.03998,4.0,130139875031.03998,77464289559.41272,576.0,564.48,4.0,576.0
commit:4,27,0,595.2,701494370293.8403,537911483461.63196,2333.184,537911483461.63196,4.0,163582886832.20837,0.0,724.0190048813132,709.5386247836869,2.0,726.0
commit:4,27,1,148.8,350747185146.92017,134477870865.40799,583.296,134477870865.40799,4.0,133754871559.67998,82514442721.8322,592.0,580.16,4.0,592.0
commit:4,28,0,595.2,705001842145.3094,537911483461.63196,2333.184,537911483461.63196,4.0,167090358683.6775,0.0,739.5430999057194,724.7522379076049,2.0,740.0
commit:4,28,1,148.8,352500921072.6547,134477870865.40799,583.296,134477870865.40799,4.0,133754871559.67998,84268178647.56676,592.0,580.16,4.0,592.0
commit:4,29,0,537.6,639959736708.6776,485855533449.21594,2107.392,485855533449.21594,4.0,154104203259.46167,0.0,682.0662848821593,668.4249591845161,2.0,684.0
commit:4,29,1,134.4,319979868354.3388,121463883362.30399,526.848,121463883362.30399,4.0,121102383709.43997,77413601282.59485,536.0,525.28,4.0,536.0
commit:4,30,0,595.2,712069485612.816,537911483461.63196,2333.184,537911483461.63196,4.0,174158002151.18408,0.0,770.8245394822736,755.4080486926281,2.0,772.0
commit:4,30,1,148.8,356034742806.408,134477870865.40799,583.296,134477870865.40799,4.0,133754871559.67998,87802000381.32005,592.0,580.16,4.0,592.0
commit:4,31,0,576.0,692544999716.9807,520559500124.1599,2257.92,520559500124.1599,4.0,171985499592.8208,0.0,761.2090279158242,745.9848473575076,2.0,762.0
commit:4,31,1,144.0,346272499858.49036,130139875031.03998,564.48,130139875031.03998,4.0,130139875031.03998,85992749796.4104,576.0,564.48,4.0,576.0
commit:4,32,0,595.2,719207982206.0844,537911483461.63196,2333.184,537911483461.63196,4.0,181296498744.4524,0.0,802.4195754905827,786.371183980771,2.0,804.0
commit:4,32,1,148.8,359603991103.0422,134477870865.40799,583.296,134477870865.40799,4.0,133754871559.67998,91371248677.95421,592.0,580.16,4.0,592.0
commit:4,33,0,576.0,699487763339.1433,520559500124.1599,2257.92,520559500124.1599,4.0,178928263214.9834,0.0,791.9377484206798,776.0989934522661,2.0,792.0
commit:4,33,1,144.0,349743881669.57166,130139875031.03998,564.48,130139875031.03998,4.0,130139875031.03998,89464131607.4917,576.0,564.48,4.0,576.0
commit:4,34,0,595.2,726418042227.7002,537911483461.63196,2333.184,537911483461.63196,4.0,188506558766.06824,0.0,834.331351734875,817.6447247001776,2.0,836.0
commit:4,34,1,148.8,363209021113.8501,134477870865.40799,583.296,134477870865.40799,4.0,133754871559.67998,94976278688.76213,592.0,580.16,4.0,592.0
commit:4,35,0,595.2,730050132438.8386,537911483461.63196,2333.184,537911483461.63196,4.0,192138648977.20667,0.0,850.4070084935491,833.3988683236781,2.0,852.0
commit:4,35,1,148.8,365025066219.4193,134477870865.40799,583.296,134477870865.40799,4.0,133754871559.67998,96792323794.33134,592.0,580.16,4.0,592.0
commit:4,36,0,576.0,710032628807.451,520559500124.1599,2257.92,520559500124.1599,4.0,189473128683.29114,0.0,838.6093969703388,821.8372090309321,2.0,840.0
commit:4,36,1,144.0,355016314403.7255,130139875031.03998,564.48,130139875031.03998,4.0,130139875031.03998,94736564341.64557,576.0,564.48,4.0,576.0
commit:5,1,0,595.2,616178562048.0001,616178562048.0001,2672.666426196395,672389354327.0399,5.0,0.0,0.0,0.0,0.0,0.0,0.0
commit:5,1,1,148.8,308089281024.00006,168097338581.75998,729.12,168097338581.75998,5.0,133754871559.67998,6237070882.560104,592.0,580.16,4.0,592.0
commit:5,2,0,576.0,599283343411.2001,599283343411.2001,2599.38363709101,650699375155.2,5.0,0.0,0.0,0.0,0.0,0.0,0.0
commit:5,2,1,144.0,299641671705.60004,162674843788.8,705.6,162674843788.8,5.0,130139875031.03998,6826952885.760071,576.0,564.48,4.0,576.0
commit:5,3,0,595.2,622355752132.5311,622355752132.5311,2699.459907119013,672389354327.0399,5.0,0.0,0.0,0.0,0.0,0.0,0.0
commit:5,3,1,148.8,311177876066.26556,168097338581.75998,729.12,168097338581.75998,5.0,133754871559.67998,9325665924.825607,592.0,580.16,4.0,592.0
commit:5,4,0,595.2,625467530893.1937,625467530893.1937,2712.957206654608,672389354327.0399,5.0,0.0,0.0,0.0,0.0,0.0,0.0
commit:5,4,1,148.8,312733765446.59686,168097338581.75998,729.12,168097338581.75998,5.0,133754871559.67998,10881555305.156906,592.0,580.16,4.0,592.0
commit:5,5,0,537.6,567763107075.3055,567763107075.3055,2462.66502565357,607319416811.5199,5.0,0.0,0.0,0.0,0.0,0.0,0.0
commit:5,5,1,134.4,283881553537.6528,151829854202.87997,658.56,151829854202.87997,5.0,121102383709.43997,10949315625.332825,536.0,525.28,4.0,536.0
commit:5,6,0,595.2,631737842890.3978,631737842890.3978,2740.1546026513197,672389354327.0399,5.0,0.0,0.0,0.0,0.0,0.0,0.0
commit:5,6,1,148.8,315868921445.1989,168097338581.75998,729.12,168097338581.75998,5.0,133754871559.67998,14016711303.758957,592.0,580.16,4.0,592.0
commit:5,7,0,576.0,614415998811.145,614415998811.145,2665.0213312882997,650699375155.2,5.0,0.0,0.0,0.0,0.0,0.0,0.0
commit:5,7,1,144.0,307207999405.5725,162674843788.8,705.6,162674843788.8,5.0,130139875031.03998,14393280585.732544,576.0,564.48,4.0,576.0
commit:5,8,0,595.2,638071014765.374,638071014765.374,2767.624652542899,672389354327.0399,5.0,0.0,0.0,0.0,0.0,0.0,0.0
commit:5,8,1,148.8,319035507382.687,168097338581.75998,729.12,168097338581.75998,5.0,133754871559.67998,17183297241.247055,592.0,580.16,4.0,592.0
commit:5,9,0,576.0,620575519199.2267,620575519199.2267,2691.738170134465,650699375155.2,5.0,0.0,0.0,0.0,0.0,0.0,0.0
commit:5,9,1,144.0,310287759599.61334,162674843788.8,705.6,162674843788.8,5.0,130139875031.03998,17473040779.773376,576.0,564.48,4.0,576.0
commit:5,10,0,595.2,644467676688.3967,644467676688.3967,2795.370089684641,672389354327.0399,5.0,0.0,0.0,0.0,0.0,0.0,0.0
commit:5,10,1,148.8,322233838344.19836,168097338581.75998,729.12,168097338581.75998,5.0,133754871559.67998,20381628202.758408,592.0,580.16,4.0,592.0
commit:5,11,0,595.2,647690015071.8387,647690015071.8387,2809.346940133064,672389354327.0399,5.0,0.0,0.0,0.0,0.0,0.0,0.0
commit:5,11,1,148.8,323845007535.9194,168097338581.75998,729.12,168097338581.75998,5.0,133754871559.67998,21992797394.479416,592.0,580.16,4.0,592.0
commit:5,12,0,576.0,629930772723.0947,629930772723.0947,2732.316459516512,650699375155.2,5.0,0.0,0.0,0.0,0.0,0.0,0.0
commit:5,12,1,144.0,314965386361.54736,162674843788.8,705.6,162674843788.8,5.0,130139875031.03998,22150667541.707397,576.0,564.48,4.0,576.0
commit:5,13,0,595.2,654183107472.9337,654183107472.9337,2837.5106432078974,672389354327.0399,5.0,0.0,0.0,0.0,0.0,0.0,0.0
commit:5,13,1,148.8,327091553736.46686,168097338581.75998,729.12,168097338581.75998,5.0,133754871559.67998,25239343595.0269,592.0,580.16,4.0,592.0
commit:5,14,0,576.0,636245828719.6436,636245828719.6436,2759.707932023164,650699375155.2,5.0,0.0,0.0,0.0,0.0,0.0,0.0
commit:5,14,1,144.0,318122914359.8218,162674843788.8,705.6,162674843788.8,5.0,130139875031.03998,25308195539.98181,576.0,564.48,4.0,576.0
commit:5,15,0,595.2,660741293125.3497,660741293125.3497,2865.9566874060556,672389354327.0399,5.0,0.0,0.0,0.0,0.0,0.0,0.0
commit:5,15,1,148.8,330370646562.67487,168097338581.75998,729.12,168097338581.75998,5.0,133754871559.67998,28518436421.23491,592.0,580.16,4.0,592.0
commit:5,16,0,595.2,664044999590.9764,664044999590.9764,2880.2864708430857,672389354327.0399,5.0,0.0,0.0,0.0,0.0,0.0,0.0
commit:5,16,1,148.8,332022499795.4882,168097338581.75998,729.12,168097338581.75998,5.0,133754871559.67998,30170289654.048264,592.0,580.16,4.0,592.0
commit:5,17,0,556.8000000000001,624309403647.71,624309403647.71,2707.933844926508,629009395983.36,5.0,0.0,0.0,0.0,0.0,0.0,0.0
commit:5,17,1,139.20000000000002,312154701823.855,157252348995.84,682.08,157252348995.84,5.0,125621129370.23997,29281223457.77501,556.0,544.88,4.0,556.0
commit:5,18,0,595.2,670702050711.8757,670702050711.8757,2909.1613427132866,672389354327.0399,5.0,0.0,0.0,0.0,0.0,0.0,0.0
commit:5,18,1,148.8,335351025355.93787,168097338581.75998,729.12,168097338581.75998,5.0,133754871559.67998,33498815214.49791,592.0,580.16,4.0,592.0
commit:5,19,0,576.0,652311833192.3566,650699375155.2,2822.4,650699375155.2,5.0,1612458037.1566162,0.0,7.136750586095817,6.9940155743739005,1.0,8.0
commit:5,19,1,144.0,326155916596.1783,162674843788.8,705.6,162674843788.8,5.0,130139875031.03998,33341197776.338318,576.0,564.48,4.0,576.0
commit:5,20,0,595.2,677425838770.2622,672389354327.0399,2916.48,672389354327.0399,5.0,5036484443.22229,0.0,22.291515483660262,21.845685173987054,1.0,23.0
commit:5,20,1,148.8,338712919385.1311,168097338581.75998,729.12,168097338581.75998,5.0,133754871559.67998,36860709243.69115,592.0,580.16,4.0,592.0
commit:5,21,0,576.0,658851259320.1097,650699375155.2,2822.4,650699375155.2,5.0,8151884164.90979,0.0,36.080296510720544,35.35869058050613,1.0,37.0
commit:5,21,1,144.0,329425629660.0549,162674843788.8,705.6,162674843788.8,5.0,130139875031.03998,36610910840.214905,576.0,564.48,4.0,576.0
commit:5,22,0,595.2,684217032803.934,672389354327.0399,2916.48,672389354327.0399,5.0,11827678476.894043,0.0,52.3493879263834,51.30240016785573,1.0,53.0
commit:5,22,1,148.8,342108516401.967,168097338581.75998,729.12,168097338581.75998,5.0,133754871559.67998,40256306260.52702,592.0,580.16,4.0,592.0
commit:5,23,0,595.2,687638117967.9535,672389354327.0399,2916.48,672389354327.0399,5.0,15248763640.913574,0.0,67.4911348660147,66.14131216869441,1.0,68.0
commit:5,23,1,148.8,343819058983.97675,168097338581.75998,729.12,168097338581.75998,5.0,133754871559.67998,41966848842.53679,592.0,580.16,4.0,592.0
commit:5,24,0,576.0,668783524410.7677,650699375155.2,2822.4,650699375155.2,5.0,18084149255.56775,0.0,80.04057149065623,78.4397600608431,1.0,81.0
commit:5,24,1,144.0,334391762205.38385,162674843788.8,705.6,162674843788.8,5.0,130139875031.03998,41577043385.543884,576.0,564.48,4.0,576.0
commit:5,25,0,595.2,694531690100.5822,672389354327.0399,2916.48,672389354327.0399,5.0,22142335773.542236,0.0,98.00213349304619,96.04209082318526,1.0,99.0
commit:5,25,1,148.8,347265845050.2911,168097338581.75998,729.12,168097338581.75998,5.0,133754871559.67998,45413634908.85112,592.0,580.16,4.0,592.0
commit:5,26,0,576.0,675488079242.9854,650699375155.2,2822.4,650699375155.2,5.0,24788704087.7854,0.0,109.71497821984876,107.52067865545177,1.0,110.0
commit:5,26,1,144.0,337744039621.4927,162674843788.8,705.6,162674843788.8,5.0,130139875031.03998,44929320801.65271,576.0,564.48,4.0,576.0
commit:5,27,0,595.2,701494370293.8403,672389354327.0399,2916.48,672389354327.0399,5.0,29105015966.800415,0.0,128.81900488131328,126.242624783687,1.0,129.0
commit:5,27,1,148.8,350747185146.92017,168097338581.75998,729.12,168097338581.75998,5.0,133754871559.67998,48894975005.48021,592.0,580.16,4.0,592.0
commit:5,28,0,595.2,705001842145.3094,672389354327.0399,2916.48,672389354327.0399,5.0,32612487818.26953,0.0,144.34309990571947,141.45623790760507,1.0,145.0
commit:5,28,1,148.8,352500921072.6547,168097338581.75998,729.12,168097338581.75998,5.0,133754871559.67998,50648710931.21477,592.0,580.16,4.0,592.0
commit:5,29,0,537.6,639959736708.6776,607319416811.5199,2634.24,607319416811.5199,5.0,32640319897.157715,0.0,144.46628488215939,141.5769591845162,1.0,145.0
commit:5,29,1,134.4,319979868354.3388,151829854202.87997,658.56,151829854202.87997,5.0,121102383709.43997,47047630442.01886,536.0,525.28,4.0,536.0
commit:5,30,0,595.2,712069485612.816,672389354327.0399,2916.48,672389354327.0399,5.0,39680131285.77612,0.0,175.62453948227372,172.11204869262824,1.0,176.0
commit:5,30,1,148.8,356034742806.408,168097338581.75998,729.12,168097338581.75998,5.0,133754871559.67998,54182532664.96806,592.0,580.16,4.0,592.0
commit:5,31,0,576.0,692544999716.9807,650699375155.2,2822.4,650699375155.2,5.0,41845624561.78076,0.0,185.20902791582392,181.50484735750743,1.0,186.0
commit:5,31,1,144.0,346272499858.49036,162674843788.8,705.6,162674843788.8,5.0,130139875031.03998,53457781038.65039,576.0,564.48,4.0,576.0
commit:5,32,0,595.2,719207982206.0844,672389354327.0399,2916.48,672389354327.0399,5.0,46818627879.04443,0.0,207.21957549058274,203.07518398077107,1.0,208.0
commit:5,32,1,148.8,359603991103.0422,168097338581.75998,729.12,168097338581.75998,5.0,133754871559.67998,57751780961.60222,592.0,580.16,4.0,592.0
commit:5,33,0,576.0,699487763339.1433,650699375155.2,2822.4,650699375155.2,5.0,48788388183.94336,0.0,215.93774842067947,211.61899345226587,1.0,216.0
commit:5,33,1,144.0,349743881669.57166,162674843788.8,705.6,162674843788.8,5.0,130139875031.03998,56929162849.73169,576.0,564.48,4.0,576.0
commit:5,34,0,595.2,726418042227.7002,672389354327.0399,2916.48,672389354327.0399,5.0,54028687900.66028,0.0,239.13135173487518,234.34872470017766,1.0,240.0
commit:5,34,1,148.8,363209021113.8501,168097338581.75998,729.12,168097338581.75998,5.0,133754871559.67998,61356810972.41014,592.0,580.16,4.0,592.0
commit:5,35,0,595.2,730050132438.8386,672389354327.0399,2916.48,672389354327.0399,5.0,57660778111.798706,0.0,255.20700849354924,250.10286832367822,1.0,256.0
commit:5,35,1,148.8,365025066219.4193,168097338581.75998,729.12,168097338581.75998,5.0,133754871559.67998,63172856077.979355,592.0,580.16,4.0,592.0
commit:5,36,0,576.0,710032628807.451,650699375155.2,2822.4,650699375155.2,5.0,59333253652.2511,0.0,262.6093969703386,257.3572090309318,1.0,263.0
commit:5,36,1,144.0,355016314403.7255,162674843788.8,705.6,162674843788.8,5.0,130139875031.03998,62201595583.88556,576.0,564.48,4.0,576.0
commit:6,1,0,595.2,616178562048.0001,616178562048.0001,2672.666426196395,806867225192.4479,6.0,0.0,0.0,0.0,0.0,0.0,0.0
commit:6,1,1,148.8,308089281024.00006,201716806298.11197,874.944,201716806298.11197,6.0,106372474725.88809,0.0,470.80531948795675,461.3892130981976,4.0,472.0
commit:6,2,0,576.0,599283343411.2001,599283343411.2001,2599.38363709101,780839250186.2399,6.0,0.0,0.0,0.0,0.0,0.0,0.0
commit:6,2,1,144.0,299641671705.60004,195209812546.55997,846.7199999999999,195209812546.55997,6.0,104431859159.04007,0.0,462.2161413729643,452.97181854550496,4.0,464.0
commit:6,3,0,595.2,622355752132.5311,622355752132.5311,2699.459907119013,806867225192.4479,6.0,0.0,0.0,0.0,0.0,0.0,0.0
commit:6,3,1,148.8,311177876066.26556,201716806298.11197,874.944,201716806298.11197,6.0,109461069768.1536,0.0,484.47546281582305,474.7859535595066,4.0,488.0
commit:6,4,0,595.2,625467530893.1937,625467530893.1937,2712.957206654608,806867225192.4479,6.0,0.0,0.0,0.0,0.0,0.0,0.0
commit:6,4,1,148.8,312733765446.59686,201716806298.11197,874.944,201716806298.11197,6.0,111016959148.4849,0.0,491.3618401299021,481.534603327304,4.0,492.0
commit:6,5,0,537.6,567763107075.3055,567763107075.3055,2462.66502565357,728783300173.8239,6.0,0.0,0.0,0.0,0.0,0.0,0.0
commit:6,5,1,134.4,283881553537.6528,182195825043.45596,790.2719999999999,182195825043.45596,6.0,101685728494.19681,0.0,450.06174778243377,441.06051282678504,4.0,452.0
commit:6,6,0,595.2,631737842890.3978,631737842890.3978,2740.1546026513197,806867225192.4479,6.0,0.0,0.0,0.0,0.0,0.0,0.0
commit:6,6,1,148.8,315868921445.1989,201716806298.11197,874.944,201716806298.11197,6.0,114152115147.08694,0.0,505.23806257720395,495.1333013256599,4.0,508.0
commit:6,7,0,576.0,614415998811.145,614415998811.145,2665.0213312882997,780839250186.2399,6.0,0.0,0.0,0.0,0.0,0.0,0.0
commit:6,7,1,144.0,307207999405.5725,195209812546.55997,846.7199999999999,195209812546.55997,6.0,111998186859.01254,0.0,495.7047608613775,485.79066564414995,4.0,496.0
commit:6,8,0,595.2,638071014765.374,638071014765.374,2767.624652542899,806867225192.4479,6.0,0.0,0.0,0.0,0.0,0.0,0.0
commit:6,8,1,148.8,319035507382.687,201716806298.11197,874.944,201716806298.11197,6.0,117318701084.57504,0.0,519.2533941545404,508.8683262714495,4.0,520.0
commit:6,9,0,576.0,620575519199.2267,620575519199.2267,2691.738170134465,780839250186.2399,6.0,0.0,0.0,0.0,0.0,0.0,0.0
commit:6,9,1,144.0,310287759599.61334,195209812546.55997,846.7199999999999,195209812546.55997,6.0,115077947053.05338,0.0,509.33580108901265,499.1490850672324,4.0,512.0
commit:6,10,0,595.2,644467676688.3967,644467676688.3967,2795.370089684641,806867225192.4479,6.0,0.0,0.0,0.0,0.0,0.0,0.0
commit:6,10,1,148.8,322233838344.19836,201716806298.11197,874.944,201716806298.11197,6.0,120517032046.0864,0.0,533.4092294309393,522.7410448423204,4.0,536.0
commit:6,11,0,595.2,647690015071.8387,647690015071.8387,2809.346940133064,806867225192.4479,6.0,0.0,0.0,0.0,0.0,0.0,0.0
commit:6,11,1,148.8,323845007535.9194,201716806298.11197,874.944,201716806298.11197,6.0,122128201237.8074,0.0,540.540275578094,529.7294700665321,4.0,544.0
commit:6,12,0,576.0,629930772723.0947,629930772723.0947,2732.316459516512,780839250186.2399,6.0,0.0,0.0,0.0,0.0,0.0,0.0
commit:6,12,1,144.0,314965386361.54736,195209812546.55997,846.7199999999999,195209812546.55997,6.0,119755573814.9874,0.0,530.0390099574042,519.4382297582562,4.0,532.0
commit:6,13,0,595.2,654183107472.9337,654183107472.9337,2837.5106432078974,806867225192.4479,6.0,0.0,0.0,0.0,0.0,0.0,0.0
commit:6,13,1,148.8,327091553736.46686,201716806298.11197,874.944,201716806298.11197,6.0,125374747438.35489,0.0,554.9095118407639,543.8113216039486,4.0,556.0
commit:6,14,0,576.0,636245828719.6436,636245828719.6436,2759.707932023164,780839250186.2399,6.0,0.0,0.0,0.0,0.0,0.0,0.0
commit:6,14,1,144.0,318122914359.8218,195209812546.55997,846.7199999999999,195209812546.55997,6.0,122913101813.26181,0.0,544.0142510322268,533.1339660115822,4.0,548.0
commit:6,15,0,595.2,660741293125.3497,660741293125.3497,2865.9566874060556,806867225192.4479,6.0,0.0,0.0,0.0,0.0,0.0,0.0
commit:6,15,1,148.8,330370646562.67487,201716806298.11197,874.944,201716806298.11197,6.0,128653840264.5629,0.0,569.4227996969672,558.0343437030278,4.0,572.0
commit:6,16,0,595.2,664044999590.9764,664044999590.9764,2880.2864708430857,806867225192.4479,6.0,0.0,0.0,0.0,0.0,0.0,0.0
commit:6,16,1,148.8,332022499795.4882,201716806298.11197,874.944,201716806298.11197,6.0,130305693497.37625,0.0,576.733913695452,565.199235421543,4.0,580.0
commit:6,17,0,556.8000000000001,624309403647.71,624309403647.71,2707.933844926508,754811275180.032,6.0,0.0,0.0,0.0,0.0,0.0,0.0
commit:6,17,1,139.20000000000002,312154701823.855,188702818795.008,818.4960000000001,188702818795.008,6.0,123451883028.84698,0.0,546.398900472708,535.4709224632537,4.0,548.0
commit:6,18,0,595.2,670702050711.8757,670702050711.8757,2909.1613427132866,806867225192.4479,6.0,0.0,0.0,0.0,0.0,0.0,0.0
commit:6,18,1,148.8,335351025355.93787,201716806298.11197,874.944,201716806298.11197,6.0,133634219057.8259,0.0,591.4659911802484,579.6366713566434,4.0,592.0
commit:6,19,0,576.0,652311833192.3566,652311833192.3566,2829.394015574374,780839250186.2399,6.0,0.0,0.0,0.0,0.0,0.0,0.0
commit:6,19,1,144.0,326155916596.1783,195209812546.55997,846.7199999999999,195209812546.55997,6.0,130139875031.03998,806229018.5783386,576.0,564.48,4.0,576.0
commit:6,20,0,595.2,677425838770.2622,677425838770.2622,2938.325685173987,806867225192.4479,6.0,0.0,0.0,0.0,0.0,0.0,0.0
commit:6,20,1,148.8,338712919385.1311,201716806298.11197,874.944,201716806298.11197,6.0,133754871559.67998,3241241527.339157,592.0,580.16,4.0,592.0
commit:6,21,0,576.0,658851259320.1097,658851259320.1097,2857.7586905805065,780839250186.2399,6.0,0.0,0.0,0.0,0.0,0.0,0.0
commit:6,21,1,144.0,329425629660.0549,195209812546.55997,846.7199999999999,195209812546.55997,6.0,130139875031.03998,4075942082.4549255,576.0,564.48,4.0,576.0
commit:6,22,0,595.2,684217032803.934,684217032803.934,2967.782400167856,806867225192.4479,6.0,0.0,0.0,0.0,0.0,0.0,0.0
commit:6,22,1,148.8,342108516401.967,201716806298.11197,874.944,201716806298.11197,6.0,133754871559.67998,6636838544.175034,592.0,580.16,4.0,592.0
commit:6,23,0,595.2,687638117967.9535,687638117967.9535,2982.621312168694,806867225192.4479,6.0,0.0,0.0,0.0,0.0,0.0,0.0
commit:6,23,1,148.8,343819058983.97675,201716806298.11197,874.944,201716806298.11197,6.0,133754871559.67998,8347381126.184799,592.0,580.16,4.0,592.0
commit:6,24,0,576.0,668783524410.7677,668783524410.7677,2900.839760060843,780839250186.2399,6.0,0.0,0.0,0.0,0.0,0.0,0.0
commit:6,24,1,144.0,334391762205.38385,195209812546.55997,846.7199999999999,195209812546.55997,6.0,130139875031.03998,9042074627.783905,576.0,564.48,4.0,576.0
commit:6,25,0,595.2,694531690100.5822,694531690100.5822,3012.5220908231854,806867225192.4479,6.0,0.0,0.0,0.0,0.0,0.0,0.0
commit:6,25,1,148.8,347265845050.2911,201716806298.11197,874.944,201716806298.11197,6.0,133754871559.67998,11794167192.49913,592.0,580.16,4.0,592.0
commit:6,26,0,576.0,675488079242.9854,675488079242.9854,2929.920678655452,780839250186.2399,6.0,0.0,0.0,0.0,0.0,0.0,0.0
commit:6,26,1,144.0,337744039621.4927,195209812546.55997,846.7199999999999,195209812546.55997,6.0,130139875031.03998,12394352043.89273,576.0,564.48,4.0,576.0
commit:6,27,0,595.2,701494370293.8403,701494370293.8403,3042.722624783687,806867225192.4479,6.0,0.0,0.0,0.0,0.0,0.0,0.0
commit:6,27,1,148.8,350747185146.92017,201716806298.11197,874.944,201716806298.11197,6.0,133754871559.67998,15275507289.12822,592.0,580.16,4.0,592.0
commit:6,28,0,595.2,705001842145.3094,705001842145.3094,3057.936237907605,806867225192.4479,6.0,0.0,0.0,0.0,0.0,0.0,0.0
commit:6,28,1,148.8,352500921072.6547,201716806298.11197,874.944,201716806298.11197,6.0,133754871559.67998,17029243214.862778,592.0,580.16,4.0,592.0
commit:6,29,0,537.6,639959736708.6776,639959736708.6776,2775.8169591845162,728783300173.8239,6.0,0.0,0.0,0.0,0.0,0.0,0.0
commit:6,29,1,134.4,319979868354.3388,182195825043.45596,790.2719999999999,182195825043.45596,6.0,121102383709.43997,16681659601.442871,536.0,525.28,4.0,536.0
commit:6,30,0,595.2,712069485612.816,712069485612.816,3088.5920486926284,806867225192.4479,6.0,0.0,0.0,0.0,0.0,0.0,0.0
commit:6,30,1,148.8,356034742806.408,201716806298.11197,874.944,201716806298.11197,6.0,133754871559.67998,20563064948.616074,592.0,580.16,4.0,592.0
commit:6,31,0,576.0,692544999716.9807,692544999716.9807,3003.9048473575076,780839250186.2399,6.0,0.0,0.0,0.0,0.0,0.0,0.0
commit:6,31,1,144.0,346272499858.49036,195209812546.55997,846.7199999999999,195209812546.55997,6.0,130139875031.03998,20922812280.89041,576.0,564.48,4.0,576.0
commit:6,32,0,595.2,719207982206.0844,719207982206.0844,3119.5551839807713,806867225192.4479,6.0,0.0,0.0,0.0,0.0,0.0,0.0
commit:6,32,1,148.8,359603991103.0422,201716806298.11197,874.944,201716806298.11197,6.0,133754871559.67998,24132313245.25023,592.0,580.16,4.0,592.0
commit:6,33,0,576.0,699487763339.1433,699487763339.1433,3034.018993452266,780839250186.2399,6.0,0.0,0.0,0.0,0.0,0.0,0.0
commit:6,33,1,144.0,349743881669.57166,195209812546.55997,846.7199999999999,195209812546.55997,6.0,130139875031.03998,24394194091.97171,576.0,564.48,4.0,576.0
commit:6,34,0,595.2,726418042227.7002,726418042227.7002,3150.8287247001776,806867225192.4479,6.0,0.0,0.0,0.0,0.0,0.0,0.0
commit:6,34,1,148.8,363209021113.8501,201716806298.11197,874.944,201716806298.11197,6.0,133754871559.67998,27737343256.05815,592.0,580.16,4.0,592.0
commit:6,35,0,595.2,730050132438.8386,730050132438.8386,3166.582868323678,806867225192.4479,6.0,0.0,0.0,0.0,0.0,0.0,0.0
commit:6,35,1,148.8,365025066219.4193,201716806298.11197,874.944,201716806298.11197,6.0,133754871559.67998,29553388361.627365,592.0,580.16,4.0,592.0
commit:6,36,0,576.0,710032628807.451,710032628807.451,3079.757209030932,780839250186.2399,6.0,0.0,0.0,0.0,0.0,0.0,0.0
commit:6,36,1,144.0,355016314403.7255,195209812546.55997,846.7199999999999,195209812546.55997,6.0,130139875031.03998,29666626826.12558,576.0,564.48,4.0,576.0
commit:7,1,0,595.2,616178562048.0001,616178562048.0001,2672.666426196395,941345096057.856,7.0,0.0,0.0,0.0,0.0,0.0,0.0
commit:7,1,1,148.8,308089281024.00006,235336274014.464,1020.768,235336274014.464,7.0,72753007009.53607,0.0,322.0053194879566,315.5652130981975,3.0,324.0
commit:7,2,0,576.0,599283343411.2001,599283343411.2001,2599.38363709101,910979125217.2798,7.0,0.0,0.0,0.0,0.0,0.0,0.0
commit:7,2,1,144.0,299641671705.60004,227744781304.31995,987.8399999999999,227744781304.31995,7.0,71896890401.28009,0.0,318.2161413729644,311.85181854550507,3.0,321.0
commit:7,3,0,595.2,622355752132.5311,622355752132.5311,2699.459907119013,941345096057.856,7.0,0.0,0.0,0.0,0.0,0.0,0.0
commit:7,3,1,148.8,311177876066.26556,235336274014.464,1020.768,235336274014.464,7.0,75841602051.80157,0.0,335.675462815823,328.96195355950647,3.0,336.0
commit:7,4,0,595.2,625467530893.1937,625467530893.1937,2712.957206654608,941345096057.856,7.0,0.0,0.0,0.0,0.0,0.0,0.0
commit:7,4,1,148.8,312733765446.59686,235336274014.464,1020.768,235336274014.464,7.0,77397491432.13287,0.0,342.56184012990195,335.7106033273039,3.0,345.0
commit:7,5,0,537.6,567763107075.3055,567763107075.3055,2462.66502565357,850247183536.1279,7.0,0.0,0.0,0.0,0.0,0.0,0.0
commit:7,5,1,134.4,283881553537.6528,212561795884.03198,921.984,212561795884.03198,7.0,71319757653.62079,0.0,315.6617477824336,309.34851282678494,3.0,318.0
commit:7,6,0,595.2,631737842890.3978,631737842890.3978,2740.1546026513197,941345096057.856,7.0,0.0,0.0,0.0,0.0,0.0,0.0
commit:7,6,1,148.8,315868921445.1989,235336274014.464,1020.768,235336274014.464,7.0,80532647430.73492,0.0,356.4380625772038,349.30930132565976,3.0,357.0
commit:7,7,0,576.0,614415998811.145,614415998811.145,2665.0213312882997,910979125217.2798,7.0,0.0,0.0,0.0,0.0,0.0,0.0
commit:7,7,1,144.0,307207999405.5725,227744781304.31995,987.8399999999999,227744781304.31995,7.0,79463218101.25256,0.0,351.70476086137757,344.67066564415,3.0,354.0
commit:7,8,0,595.2,638071014765.374,638071014765.374,2767.624652542899,941345096057.856,7.0,0.0,0.0,0.0,0.0,0.0,0.0
commit:7,8,1,148.8,319035507382.687,235336274014.464,1020.768,235336274014.464,7.0,83699233368.22302,0.0,370.4533941545402,363.0443262714494,3.0,372.0
commit:7,9,0,576.0,620575519199.2267,620575519199.2267,2691.738170134465,910979125217.2798,7.0,0.0,0.0,0.0,0.0,0.0,0.0
commit:7,9,1,144.0,310287759599.61334,227744781304.31995,987.8399999999999,227744781304.31995,7.0,82542978295.2934,0.0,365.3358010890127,358.0290850672325,3.0,366.0
commit:7,10,0,595.2,644467676688.3967,644467676688.3967,2795.370089684641,941345096057.856,7.0,0.0,0.0,0.0,0.0,0.0,0.0
commit:7,10,1,148.8,322233838344.19836,235336274014.464,1020.768,235336274014.464,7.0,86897564329.73438,0.0,384.60922943093914,376.9170448423203,3.0,387.0
commit:7,11,0,595.2,647690015071.8387,647690015071.8387,2809.346940133064,941345096057.856,7.0,0.0,0.0,0.0,0.0,0.0,0.0
commit:7,11,1,148.8,323845007535.9194,235336274014.464,1020.768,235336274014.464,7.0,88508733521.45538,0.0,391.7402755780939,383.905470066532,3.0,393.0
commit:7,12,0,576.0,629930772723.0947,629930772723.0947,2732.316459516512,910979125217.2798,7.0,0.0,0.0,0.0,0.0,0.0,0.0
commit:7,12,1,144.0,314965386361.54736,227744781304.31995,987.8399999999999,227744781304.31995,7.0,87220605057.22742,0.0,386.0390099574043,378.31822975825617,3.0,387.0
commit:7,13,0,595.2,654183107472.9337,654183107472.9337,2837.5106432078974,941345096057.856,7.0,0.0,0.0,0.0,0.0,0.0,0.0
commit:7,13,1,148.8,327091553736.46686,235336274014.464,1020.768,235336274014.464,7.0,91755279722.00287,0.0,406.1095118407638,397.98732160394854,3.0,408.0
commit:7,14,0,576.0,636245828719.6436,636245828719.6436,2759.707932023164,910979125217.2798,7.0,0.0,0.0,0.0,0.0,0.0,0.0
commit:7,14,1,144.0,318122914359.8218,227744781304.31995,987.8399999999999,227744781304.31995,7.0,90378133055.50183,0.0,400.0142510322268,392.0139660115823,3.0,402.0
commit:7,15,0,595.2,660741293125.3497,660741293125.3497,2865.9566874060556,941345096057.856,7.0,0.0,0.0,0.0,0.0,0.0,0.0
commit:7,15,1,148.8,330370646562.67487,235336274014.464,1020.768,235336274014.464,7.0,95034372548.21088,0.0,420.62279969696715,412.2103437030278,3.0,423.0
commit:7,16,0,595.2,664044999590.9764,664044999590.9764,2880.2864708430857,941345096057.856,7.0,0.0,0.0,0.0,0.0,0.0,0.0
commit:7,16,1,148.8,332022499795.4882,235336274014.464,1020.768,235336274014.464,7.0,96686225781.02423,0.0,427.9339136954519,419.37523542154287,3.0,429.0
commit:7,17,0,556.8000000000001,624309403647.71,624309403647.71,2707.933844926508,880613154376.704,7.0,0.0,0.0,0.0,0.0,0.0,0.0
commit:7,17,1,139.20000000000002,312154701823.855,220153288594.176,954.9120000000001,220153288594.176,7.0,92001413229.67899,0.0,407.1989004727079,399.0549224632538,3.0,408.0
commit:7,18,0,595.2,670702050711.8757,670702050711.8757,2909.1613427132866,941345096057.856,7.0,0.0,0.0,0.0,0.0,0.0,0.0
commit:7,18,1,148.8,335351025355.93787,235336274014.464,1020.768,235336274014.464,7.0,100014751341.47388,0.0,442.6659911802483,433.81267135664325,3.0,444.0
commit:7,19,0,576.0,652311833192.3566,652311833192.3566,2829.394015574374,910979125217.2798,7.0,0.0,0.0,0.0,0.0,0.0,0.0
commit:7,19,1,144.0,326155916596.1783,227744781304.31995,987.8399999999999,227744781304.31995,7.0,98411135291.85834,0.0,435.5683752930481,426.8570077871871,4.0,436.0
commit:7,20,0,595.2,677425838770.2622,677425838770.2622,2938.325685173987,941345096057.856,7.0,0.0,0.0,0.0,0.0,0.0,0.0
commit:7,20,1,148.8,338712919385.1311,235336274014.464,1020.768,235336274014.464,7.0,103376645370.66711,0.0,457.5457577418301,448.39484258699343,4.0,460.0
commit:7,21,0,576.0,658851259320.1097,658851259320.1097,2857.7586905805065,910979125217.2798,7.0,0.0,0.0,0.0,0.0,0.0,0.0
commit:7,21,1,144.0,329425629660.0549,227744781304.31995,987.8399999999999,227744781304.31995,7.0,101680848355.73492,0.0,450.04014825536046,441.03934529025327,4.0,452.0
commit:7,22,0,595.2,684217032803.934,684217032803.934,2967.782400167856,941345096057.856,7.0,0.0,0.0,0.0,0.0,0.0,0.0
commit:7,22,1,148.8,342108516401.967,235336274014.464,1020.768,235336274014.464,7.0,106772242387.50299,0.0,472.57469396319163,463.12320008392777,4.0,476.0
commit:7,23,0,595.2,687638117967.9535,687638117967.9535,2982.621312168694,941345096057.856,7.0,0.0,0.0,0.0,0.0,0.0,0.0
commit:7,23,1,148.8,343819058983.97675,235336274014.464,1020.768,235336274014.464,7.0,108482784969.51276,0.0,480.1455674330073,470.54265608434713,4.0,484.0
commit:7,24,0,576.0,668783524410.7677,668783524410.7677,2900.839760060843,910979125217.2798,7.0,0.0,0.0,0.0,0.0,0.0,0.0
commit:7,24,1,144.0,334391762205.38385,227744781304.31995,987.8399999999999,227744781304.31995,7.0,106646980901.0639,0.0,472.0202857453283,462.57988003042175,4.0,476.0
commit:7,25,0,595.2,694531690100.5822,694531690100.5822,3012.5220908231854,941345096057.856,7.0,0.0,0.0,0.0,0.0,0.0,0.0
commit:7,25,1,148.8,347265845050.2911,235336274014.464,1020.768,235336274014.464,7.0,111929571035.82709,0.0,495.40106674652304,485.49304541159256,4.0,496.0
commit:7,26,0,576.0,675488079242.9854,675488079242.9854,2929.920678655452,910979125217.2798,7.0,0.0,0.0,0.0,0.0,0.0,0.0
commit:7,26,1,144.0,337744039621.4927,227744781304.31995,987.8399999999999,227744781304.31995,7.0,109999258317.17273,0.0,486.8574891099246,477.1203393277261,4.0,488.0
commit:7,27,0,595.2,701494370293.8403,701494370293.8403,3042.722624783687,941345096057.856,7.0,0.0,0.0,0.0,0.0,0.0,0.0
commit:7,27,1,148.8,350747185146.92017,235336274014.464,1020.768,235336274014.464,7.0,115410911132.45618,0.0,510.80950244065656,500.5933123918434,4.0,512.0
commit:7,28,0,595.2,705001842145.3094,705001842145.3094,3057.936237907605,941345096057.856,7.0,0.0,0.0,0.0,0.0,0.0,0.0
commit:7,28,1,148.8,352500921072.6547,235336274014.464,1020.768,235336274014.464,7.0,117164647058.19073,0.0,518.5715499528596,508.2001189538025,4.0,520.0
commit:7,29,0,537.6,639959736708.6776,639959736708.6776,2775.8169591845162,850247183536.1279,7.0,0.0,0.0,0.0,0.0,0.0,0.0
commit:7,29,1,134.4,319979868354.3388,212561795884.03198,921.984,212561795884.03198,7.0,107418072470.30682,0.0,475.4331424410796,465.924479592258,4.0,476.0
commit:7,30,0,595.2,712069485612.816,712069485612.816,3088.5920486926284,941345096057.856,7.0,0.0,0.0,0.0,0.0,0.0,0.0
commit:7,30,1,148.8,356034742806.408,235336274014.464,1020.768,235336274014.464,7.0,120698468791.94403,0.0,534.2122697411368,523.528024346314,4.0,536.0
commit:7,31,0,576.0,692544999716.9807,692544999716.9807,3003.9048473575076,910979125217.2798,7.0,0.0,0.0,0.0,0.0,0.0,0.0
commit:7,31,1,144.0,346272499858.49036,227744781304.31995,987.8399999999999,227744781304.31995,7.0,118527718554.17041,0.0,524.6045139579121,514.1124236787539,4.0,528.0
commit:7,32,0,595.2,719207982206.0844,719207982206.0844,3119.5551839807713,941345096057.856,7.0,0.0,0.0,0.0,0.0,0.0,0.0
commit:7,32,1,148.8,359603991103.0422,235336274014.464,1020.768,235336274014.464,7.0,124267717088.57819,0.0,550.0097877452913,539.0095919903855,4.0,552.0
commit:7,33,0,576.0,699487763339.1433,699487763339.1433,3034.018993452266,910979125217.2798,7.0,0.0,0.0,0.0,0.0,0.0,0.0
commit:7,33,1,144.0,349743881669.57166,227744781304.31995,987.8399999999999,227744781304.31995,7.0,121999100365.25171,0.0,539.9688742103399,529.1694967261332,4.0,540.0
commit:7,34,0,595.2,726418042227.7002,726418042227.7002,3150.8287247001776,941345096057.856,7.0,0.0,0.0,0.0,0.0,0.0,0.0
commit:7,34,1,148.8,363209021113.8501,235336274014.464,1020.768,235336274014.464,7.0,127872747099.38611,0.0,565.9656758674375,554.6463623500888,4.0,568.0
commit:7,35,0,595.2,730050132438.8386,730050132438.8386,3166.582868323678,941345096057.856,7.0,0.0,0.0,0.0,0.0,0.0,0.0
commit:7,35,1,148.8,365025066219.4193,235336274014.464,1020.768,235336274014.464,7.0,129688792204.95532,0.0,574.0035042467746,562.5234341618391,4.0,576.0
commit:7,36,0,576.0,710032628807.451,710032628807.451,3079.757209030932,910979125217.2798,7.0,0.0,0.0,0.0,0.0,0.0,0.0
commit:7,36,1,144.0,355016314403.7255,227744781304.31995,987.8399999999999,227744781304.31995,7.0,127271533099.40558,0.0,563.3046984851695,552.0386045154661,4.0,564.0
commit:8,1,0,595.2,616178562048.0001,616178562048.0001,2672.666426196395,1075822966923.2639,8.0,0.0,0.0,0.0,0.0,0.0,0.0
commit:8,1,1,148.8,308089281024.00006,268955741730.81598,1166.592,268955741730.81598,8.0,39133539293.18408,0.0,173.20531948795664,169.7412130981975,2.0,174.0
commit:8,2,0,576.0,599283343411.2001,599283343411.2001,2599.38363709101,1041119000248.3198,8.0,0.0,0.0,0.0,0.0,0.0,0.0
commit:8,2,1,144.0,299641671705.60004,260279750062.07996,1128.96,260279750062.07996,8.0,39361921643.52008,0.0,174.2161413729643,170.731818545505,2.0,176.0
commit:8,3,0,595.2,622355752132.5311,622355752132.5311,2699.459907119013,1075822966923.2639,8.0,0.0,0.0,0.0,0.0,0.0,0.0
commit:8,3,1,148.8,311177876066.26556,268955741730.81598,1166.592,268955741730.81598,8.0,42222134335.449585,0.0,186.87546281582297,183.1379535595065,2.0,188.0
commit:8,4,0,595.2,625467530893.1937,625467530893.1937,2712.957206654608,1075822966923.2639,8.0,0.0,0.0,0.0,0.0,0.0,0.0
commit:8,4,1,148.8,312733765446.59686,268955741730.81598,1166.592,268955741730.81598,8.0,43778023715.78088,0.0,193.76184012990197,189.88660332730393,2.0,194.0
commit:8,5,0,537.6,567763107075.3055,567763107075.3055,2462.66502565357,971711066898.4319,8.0,0.0,0.0,0.0,0.0,0.0,0.0
commit:8,5,1,134.4,283881553537.6528,242927766724.60797,1053.696,242927766724.60797,8.0,40953786813.0448,0.0,181.26174778243367,177.63651282678498,2.0,182.0
commit:8,6,0,595.2,631737842890.3978,631737842890.3978,2740.1546026513197,1075822966923.2639,8.0,0.0,0.0,0.0,0.0,0.0,0.0
commit:8,6,1,148.8,315868921445.1989,268955741730.81598,1166.592,268955741730.81598,8.0,46913179714.382935,0.0,207.63806257720387,203.48530132565978,2.0,208.0
commit:8,7,0,576.0,614415998811.145,614415998811.145,2665.0213312882997,1041119000248.3198,8.0,0.0,0.0,0.0,0.0,0.0,0.0
commit:8,7,1,144.0,307207999405.5725,260279750062.07996,1128.96,260279750062.07996,8.0,46928249343.49255,0.0,207.7047608613775,203.55066564414994,2.0,208.0
commit:8,8,0,595.2,638071014765.374,638071014765.374,2767.624652542899,1075822966923.2639,8.0,0.0,0.0,0.0,0.0,0.0,0.0
commit:8,8,1,148.8,319035507382.687,268955741730.81598,1166.592,268955741730.81598,8.0,50079765651.87103,0.0,221.65339415454025,217.22032627144944,2.0,222.0
commit:8,9,0,576.0,620575519199.2267,620575519199.2267,2691.738170134465,1041119000248.3198,8.0,0.0,0.0,0.0,0.0,0.0,0.0
commit:8,9,1,144.0,310287759599.61334,260279750062.07996,1128.96,260279750062.07996,8.0,50008009537.53339,0.0,221.33580108901268,216.9090850672324,2.0,222.0
commit:8,10,0,595.2,644467676688.3967,644467676688.3967,2795.370089684641,1075822966923.2639,8.0,0.0,0.0,0.0,0.0,0.0,0.0
commit:8,10,1,148.8,322233838344.19836,268955741730.81598,1166.592,268955741730.81598,8.0,53278096613.382385,0.0,235.80922943093913,231.09304484232035,2.0,236.0
commit:8,11,0,595.2,647690015071.8387,647690015071.8387,2809.346940133064,1075822966923.2639,8.0,0.0,0.0,0.0,0.0,0.0,0.0
commit:8,11,1,148.8,323845007535.9194,268955741730.81598,1166.592,268955741730.81598,8.0,54889265805.10339,0.0,242.94027557809392,238.081470066532,2.0,244.0
commit:8,12,0,576.0,629930772723.0947,629930772723.0947,2732.316459516512,1041119000248.3198,8.0,0.0,0.0,0.0,0.0,0.0,0.0
commit:8,12,1,144.0,314965386361.54736,260279750062.07996,1128.96,260279750062.07996,8.0,54685636299.46741,0.0,242.03900995740423,237.19822975825613,2.0,244.0
commit:8,13,0,595.2,654183107472.9337,654183107472.9337,2837.5106432078974,1075822966923.2639,8.0,0.0,0.0,0.0,0.0,0.0,0.0
commit:8,13,1,148.8,327091553736.46686,268955741730.81598,1166.592,268955741730.81598,8.0,58135812005.65088,0.0,257.30951184076383,252.16332160394853,2.0,258.0
commit:8,14,0,576.0,636245828719.6436,636245828719.6436,2759.707932023164,1041119000248.3198,8.0,0.0,0.0,0.0,0.0,0.0,0.0
commit:8,14,1,144.0,318122914359.8218,260279750062.07996,1128.96,260279750062.07996,8.0,57843164297.74182,0.0,256.01425103222675,250.89396601158222,2.0,258.0
commit:8,15,0,595.2,660741293125.3497,660741293125.3497,2865.9566874060556,1075822966923.2639,8.0,0.0,0.0,0.0,0.0,0.0,0.0
commit:8,15,1,148.8,330370646562.67487,268955741730.81598,1166.592,268955741730.81598,8.0,61414904831.85889,0.0,271.8227996969672,266.3863437030278,2.0,272.0
commit:8,16,0,595.2,664044999590.9764,664044999590.9764,2880.2864708430857,1075822966923.2639,8.0,0.0,0.0,0.0,0.0,0.0,0.0
commit:8,16,1,148.8,332022499795.4882,268955741730.81598,1166.592,268955741730.81598,8.0,63066758064.67224,0.0,279.1339136954519,273.55123542154286,2.0,280.0
commit:8,17,0,556.8000000000001,624309403647.71,624309403647.71,2707.933844926508,1006415033573.376,8.0,0.0,0.0,0.0,0.0,0.0,0.0
commit:8,17,1,139.20000000000002,312154701823.855,251603758393.344,1091.3280000000002,251603758393.344,8.0,60550943430.51099,0.0,267.99890047270793,262.6389224632537,2.0,268.0
commit:8,18,0,595.2,670702050711.8757,670702050711.8757,2909.1613427132866,1075822966923.2639,8.0,0.0,0.0,0.0,0.0,0.0,0.0
commit:8,18,1,148.8,335351025355.93787,268955741730.81598,1166.592,268955741730.81598,8.0,66395283625.12189,0.0,293.8659911802483,287.9886713566433,2.0,294.0
commit:8,19,0,576.0,652311833192.3566,652311833192.3566,2829.394015574374,1041119000248.3198,8.0,0.0,0.0,0.0,0.0,0.0,0.0
commit:8,19,1,144.0,326155916596.1783,260279750062.07996,1128.96,260279750062.07996,8.0,65876166534.09833,0.0,291.56837529304806,285.73700778718705,3.0,294.0
commit:8,20,0,595.2,677425838770.2622,677425838770.2622,2938.325685173987,1075822966923.2639,8.0,0.0,0.0,0.0,0.0,0.0,0.0
commit:8,20,1,148.8,338712919385.1311,268955741730.81598,1166.592,268955741730.81598,8.0,69757177654.31512,0.0,308.74575774183006,302.5708425869935,3.0,309.0
commit:8,21,0,576.0,658851259320.1097,658851259320.1097,2857.7586905805065,1041119000248.3198,8.0,0.0,0.0,0.0,0.0,0.0,0.0
commit:8,21,1,144.0,329425629660.0549,260279750062.07996,1128.96,260279750062.07996,8.0,69145879597.97491,0.0,306.0401482553604,299.9193452902532,3.0,309.0
commit:8,22,0,595.2,684217032803.934,684217032803.934,2967.782400167856,1075822966923.2639,8.0,0.0,0.0,0.0,0.0,0.0,0.0
commit:8,22,1,148.8,342108516401.967,268955741730.81598,1166.592,268955741730.81598,8.0,73152774671.151,0.0,323.7746939631917,317.2992000839278,3.0,324.0
commit:8,23,0,595.2,687638117967.9535,687638117967.9535,2982.621312168694,1075822966923.2639,8.0,0.0,0.0,0.0,0.0,0.0,0.0
commit:8,23,1,148.8,343819058983.97675,268955741730.81598,1166.592,268955741730.81598,8.0,74863317253.16077,0.0,331.3455674330073,324.7186560843472,3.0,333.0
commit:8,24,0,576.0,668783524410.7677,668783524410.7677,2900.839760060843,1041119000248.3198,8.0,0.0,0.0,0.0,0.0,0.0,0.0
commit:8,24,1,144.0,334391762205.38385,260279750062.07996,1128.96,260279750062.07996,8.0,74112012143.3039,0.0,328.02028574532824,321.4598800304217,3.0,330.0
commit:8,25,0,595.2,694531690100.5822,694531690100.5822,3012.5220908231854,1075822966923.2639,8.0,0.0,0.0,0.0,0.0,0.0,0.0
commit:8,25,1,148.8,347265845050.2911,268955741730.81598,1166.592,268955741730.81598,8.0,78310103319.4751,0.0,346.60106674652303,339.6690454115926,3.0,348.0
commit:8,26,0,576.0,675488079242.9854,675488079242.9854,2929.920678655452,1041119000248.3198,8.0,0.0,0.0,0.0,0.0,0.0,0.0
commit:8,26,1,144.0,337744039621.4927,260279750062.07996,1128.96,260279750062.07996,8.0,77464289559.41272,0.0,342.85748910992453,336.000339327726,3.0,345.0
commit:8,27,0,595.2,701494370293.8403,701494370293.8403,3042.722624783687,1075822966923.2639,8.0,0.0,0.0,0.0,0.0,0.0,0.0
commit:8,27,1,148.8,350747185146.92017,268955741730.81598,1166.592,268955741730.81598,8.0,81791443416.10419,0.0,362.0095024406566,354.76931239184347,3.0,363.0
commit:8,28,0,595.2,705001842145.3094,705001842145.3094,3057.936237907605,1075822966923.2639,8.0,0.0,0.0,0.0,0.0,0.0,0.0
commit:8,28,1,148.8,352500921072.6547,268955741730.81598,1166.592,268955741730.81598,8.0,83545179341.83875,0.0,369.7715499528597,362.37611895380246,3.0,372.0
commit:8,29,0,537.6,639959736708.6776,639959736708.6776,2775.8169591845162,971711066898.4319,8.0,0.0,0.0,0.0,0.0,0.0,0.0
commit:8,29,1,134.4,319979868354.3388,242927766724.60797,1053.696,242927766724.60797,8.0,77052101629.73083,0.0,341.03314244107963,334.21247959225803,3.0,342.0
commit:8,30,0,595.2,712069485612.816,712069485612.816,3088.5920486926284,1075822966923.2639,8.0,0.0,0.0,0.0,0.0,0.0,0.0
commit:8,30,1,148.8,356034742806.408,268955741730.81598,1166.592,268955741730.81598,8.0,87079001075.59204,0.0,385.4122697411368,377.70402434631404,3.0,387.0
commit:8,31,0,576.0,692544999716.9807,692544999716.9807,3003.9048473575076,1041119000248.3198,8.0,0.0,0.0,0.0,0.0,0.0,0.0
commit:8,31,1,144.0,346272499858.49036,260279750062.07996,1128.96,260279750062.07996,8.0,85992749796.4104,0.0,380.6045139579121,372.9924236787538,3.0,381.0
commit:8,32,0,595.2,719207982206.0844,719207982206.0844,3119.5551839807713,1075822966923.2639,8.0,0.0,0.0,0.0,0.0,0.0,0.0
commit:8,32,1,148.8,359603991103.0422,268955741730.81598,1166.592,268955741730.81598,8.0,90648249372.2262,0.0,401.20978774529135,393.1855919903855,3.0,402.0
commit:8,33,0,576.0,699487763339.1433,699487763339.1433,3034.018993452266,1041119000248.3198,8.0,0.0,0.0,0.0,0.0,0.0,0.0
commit:8,33,1,144.0,349743881669.57166,260279750062.07996,1128.96,260279750062.07996,8.0,89464131607.4917,0.0,395.9688742103399,388.04949672613304,3.0,396.0
commit:8,34,0,595.2,726418042227.7002,726418042227.7002,3150.8287247001776,1075822966923.2639,8.0,0.0,0.0,0.0,0.0,0.0,0.0
commit:8,34,1,148.8,363209021113.8501,268955741730.81598,1166.592,268955741730.81598,8.0,94253279383.03412,0.0,417.1656758674375,408.8223623500888,3.0,420.0
commit:8,35,0,595.2,730050132438.8386,730050132438.8386,3166.582868323678,1075822966923.2639,8.0,0.0,0.0,0.0,0.0,0.0,0.0
commit:8,35,1,148.8,365025066219.4193,268955741730.81598,1166.592,268955741730.81598,8.0,96069324488.60333,0.0,425.20350424677457,416.69943416183906,3.0,426.0
commit:8,36,0,576.0,710032628807.451,710032628807.451,3079.757209030932,1041119000248.3198,8.0,0.0,0.0,0.0,0.0,0.0,0.0
commit:8,36,1,144.0,355016314403.7255,260279750062.07996,1128.96,260279750062.07996,8.0,94736564341.64557,0.0,419.3046984851694,410.91860451546603,3.0,420.0
commit:9,1,0,595.2,616178562048.0001,616178562048.0001,2672.666426196395,1210300837788.6719,9.0,0.0,0.0,0.0,0.0,0.0,0.0
commit:9,1,1,148.8,308089281024.00006,302575209447.16797,1312.416,302575209447.16797,9.0,5514071576.832092,0.0,24.405319487956668,23.917213098197532,1.0,25.0
commit:9,2,0,576.0,599283343411.2001,599283343411.2001,2599.38363709101,1171258875279.3599,9.0,0.0,0.0,0.0,0.0,0.0,0.0
commit:9,2,1,144.0,299641671705.60004,292814718819.83997,1270.08,292814718819.83997,9.0,6826952885.760071,0.0,30.216141372964223,29.61181854550494,1.0,31.0
commit:9,3,0,595.2,622355752132.5311,622355752132.5311,2699.459907119013,1210300837788.6719,9.0,0.0,0.0,0.0,0.0,0.0,0.0
commit:9,3,1,148.8,311177876066.26556,302575209447.16797,1312.416,302575209447.16797,9.0,8602666619.097595,0.0,38.075462815823,37.31395355950654,1.0,39.0
commit:9,4,0,595.2,625467530893.1937,625467530893.1937,2712.957206654608,1210300837788.6719,9.0,0.0,0.0,0.0,0.0,0.0,0.0
commit:9,4,1,148.8,312733765446.59686,302575209447.16797,1312.416,302575209447.16797,9.0,10158555999.428894,0.0,44.96184012990199,44.06260332730395,1.0,45.0
commit:9,5,0,537.6,567763107075.3055,567763107075.3055,2462.66502565357,1093174950260.7358,9.0,0.0,0.0,0.0,0.0,0.0,0.0
commit:9,5,1,134.4,283881553537.6528,273293737565.18396,1185.408,273293737565.18396,9.0,10587815972.468811,0.0,46.86174778243369,45.92451282678501,1.0,47.0
commit:9,6,0,595.2,631737842890.3978,631737842890.3978,2740.1546026513197,1210300837788.6719,9.0,0.0,0.0,0.0,0.0,0.0,0.0
commit:9,6,1,148.8,315868921445.1989,302575209447.16797,1312.416,302575209447.16797,9.0,13293711998.030945,0.0,58.83806257720389,57.66130132565981,1.0,59.0
commit:9,7,0,576.0,614415998811.145,614415998811.145,2665.0213312882997,1171258875279.3599,9.0,0.0,0.0,0.0,0.0,0.0,0.0
commit:9,7,1,144.0,307207999405.5725,292814718819.83997,1270.08,292814718819.83997,9.0,14393280585.732544,0.0,63.70476086137743,62.430665644149876,1.0,64.0
commit:9,8,0,595.2,638071014765.374,638071014765.374,2767.624652542899,1210300837788.6719,9.0,0.0,0.0,0.0,0.0,0.0,0.0
commit:9,8,1,148.8,319035507382.687,302575209447.16797,1312.416,302575209447.16797,9.0,16460297935.519043,0.0,72.85339415454027,71.39632627144945,1.0,73.0
commit:9,9,0,576.0,620575519199.2267,620575519199.2267,2691.738170134465,1171258875279.3599,9.0,0.0,0.0,0.0,0.0,0.0,0.0
commit:9,9,1,144.0,310287759599.61334,292814718819.83997,1270.08,292814718819.83997,9.0,17473040779.773376,0.0,77.33580108901259,75.78908506723234,1.0,78.0
commit:9,10,0,595.2,644467676688.3967,644467676688.3967,2795.370089684641,1210300837788.6719,9.0,0.0,0.0,0.0,0.0,0.0,0.0
commit:9,10,1,148.8,322233838344.19836,302575209447.16797,1312.416,302575209447.16797,9.0,19658628897.030396,0.0,87.00922943093916,85.26904484232037,1.0,88.0
commit:9,11,0,595.2,647690015071.8387,647690015071.8387,2809.346940133064,1210300837788.6719,9.0,0.0,0.0,0.0,0.0,0.0,0.0
commit:9,11,1,148.8,323845007535.9194,302575209447.16797,1312.416,302575209447.16797,9.0,21269798088.751404,0.0,94.14027557809393,92.25747006653205,1.0,95.0
commit:9,12,0,576.0,629930772723.0947,629930772723.0947,2732.316459516512,1171258875279.3599,9.0,0.0,0.0,0.0,0.0,0.0,0.0
commit:9,12,1,144.0,314965386361.54736,292814718819.83997,1270.08,292814718819.83997,9.0,22150667541.707397,0.0,98.03900995740416,96.07822975825607,1.0,99.0
commit:9,13,0,595.2,654183107472.9337,654183107472.9337,2837.5106432078974,1210300837788.6719,9.0,0.0,0.0,0.0,0.0,0.0,0.0
commit:9,13,1,148.8,327091553736.46686,302575209447.16797,1312.416,302575209447.16797,9.0,24516344289.29889,0.0,108.50951184076385,106.33932160394856,1.0,109.0
commit:9,14,0,576.0,636245828719.6436,636245828719.6436,2759.707932023164,1171258875279.3599,9.0,0.0,0.0,0.0,0.0,0.0,0.0
commit:9,14,1,144.0,318122914359.8218,292814718819.83997,1270.08,292814718819.83997,9.0,25308195539.98181,0.0,112.0142510322267,109.77396601158216,1.0,113.0
commit:9,15,0,595.2,660741293125.3497,660741293125.3497,2865.9566874060556,1210300837788.6719,9.0,0.0,0.0,0.0,0.0,0.0,0.0
commit:9,15,1,148.8,330370646562.67487,302575209447.16797,1312.416,302575209447.16797,9.0,27795437115.506897,0.0,123.02279969696718,120.56234370302784,1.0,124.0
commit:9,16,0,595.2,664044999590.9764,664044999590.9764,2880.2864708430857,1210300837788.6719,9.0,0.0,0.0,0.0,0.0,0.0,0.0
commit:9,16,1,148.8,332022499795.4882,302575209447.16797,1312.416,302575209447.16797,9.0,29447290348.32025,0.0,130.33391369545194,127.72723542154289,1.0,131.0
commit:9,17,0,556.8000000000001,624309403647.71,624309403647.71,2707.933844926508,1132216912770.0479,9.0,0.0,0.0,0.0,0.0,0.0,0.0
commit:9,17,1,139.20000000000002,312154701823.855,283054228192.51196,1227.744,283054228192.51196,9.0,29100473631.343018,0.0,128.79890047270803,126.22292246325385,1.0,129.0
commit:9,18,0,595.2,670702050711.8757,670702050711.8757,2909.1613427132866,1210300837788.6719,9.0,0.0,0.0,0.0,0.0,0.0,0.0
commit:9,18,1,148.8,335351025355.93787,302575209447.16797,1312.416,302575209447.16797,9.0,32775815908.769897,0.0,145.0659911802483,142.1646713566433,1.0,146.0
commit:9,19,0,576.0,652311833192.3566,652311833192.3566,2829.394015574374,1171258875279.3599,9.0,0.0,0.0,0.0,0.0,0.0,0.0
commit:9,19,1,144.0,326155916596.1783,292814718819.83997,1270.08,292814718819.83997,9.0,33341197776.338318,0.0,147.56837529304798,144.61700778718702,2.0,148.0
commit:9,20,0,595.2,677425838770.2622,677425838770.2622,2938.325685173987,1210300837788.6719,9.0,0.0,0.0,0.0,0.0,0.0,0.0
commit:9,20,1,148.8,338712919385.1311,302575209447.16797,1312.416,302575209447.16797,9.0,36137709937.963135,0.0,159.9457577418301,156.7468425869935,2.0,160.0
commit:9,21,0,576.0,658851259320.1097,658851259320.1097,2857.7586905805065,1171258875279.3599,9.0,0.0,0.0,0.0,0.0,0.0,0.0
commit:9,21,1,144.0,329425629660.0549,292814718819.83997,1270.08,292814718819.83997,9.0,36610910840.214905,0.0,162.04014825536035,158.79934529025311,2.0,164.0
commit:9,22,0,595.2,684217032803.934,684217032803.934,2967.782400167856,1210300837788.6719,9.0,0.0,0.0,0.0,0.0,0.0,0.0
commit:9,22,1,148.8,342108516401.967,302575209447.16797,1312.416,302575209447.16797,9.0,39533306954.79901,0.0,174.97469396319167,171.47520008392783,2.0,176.0
commit:9,23,0,595.2,687638117967.9535,687638117967.9535,2982.621312168694,1210300837788.6719,9.0,0.0,0.0,0.0,0.0,0.0,0.0
commit:9,23,1,148.8,343819058983.97675,302575209447.16797,1312.416,302575209447.16797,9.0,41243849536.80878,0.0,182.54556743300734,178.8946560843472,2.0,184.0
commit:9,24,0,576.0,668783524410.7677,668783524410.7677,2900.839760060843,1171258875279.3599,9.0,0.0,0.0,0.0,0.0,0.0,0.0
commit:9,24,1,144.0,334391762205.38385,292814718819.83997,1270.08,292814718819.83997,9.0,41577043385.543884,0.0,184.02028574532818,180.33988003042163,2.0,186.0
commit:9,25,0,595.2,694531690100.5822,694531690100.5822,3012.5220908231854,1210300837788.6719,9.0,0.0,0.0,0.0,0.0,0.0,0.0
commit:9,25,1,148.8,347265845050.2911,302575209447.16797,1312.416,302575209447.16797,9.0,44690635603.12311,0.0,197.80106674652308,193.8450454115926,2.0,198.0
commit:9,26,0,576.0,675488079242.9854,675488079242.9854,2929.920678655452,1171258875279.3599,9.0,0.0,0.0,0.0,0.0,0.0,0.0
commit:9,26,1,144.0,337744039621.4927,292814718819.83997,1270.08,292814718819.83997,9.0,44929320801.65271,0.0,198.85748910992444,194.88033932772595,2.0,200.0
commit:9,27,0,595.2,701494370293.8403,701494370293.8403,3042.722624783687,1210300837788.6719,9.0,0.0,0.0,0.0,0.0,0.0,0.0
commit:9,27,1,148.8,350747185146.92017,302575209447.16797,1312.416,302575209447.16797,9.0,48171975699.7522,0.0,213.20950244065662,208.9453123918435,2.0,214.0
commit:9,28,0,595.2,705001842145.3094,705001842145.3094,3057.936237907605,1210300837788.6719,9.0,0.0,0.0,0.0,0.0,0.0,0.0
commit:9,28,1,148.8,352500921072.6547,302575209447.16797,1312.416,302575209447.16797,9.0,49925711625.486755,0.0,220.9715499528597,216.5521189538025,2.0,222.0
commit:9,29,0,537.6,639959736708.6776,639959736708.6776,2775.8169591845162,1093174950260.7358,9.0,0.0,0.0,0.0,0.0,0.0,0.0
commit:9,29,1,134.4,319979868354.3388,273293737565.18396,1185.408,273293737565.18396,9.0,46686130789.15485,0.0,206.63314244107968,202.50047959225807,2.0,208.0
commit:9,30,0,595.2,712069485612.816,712069485612.816,3088.5920486926284,1210300837788.6719,9.0,0.0,0.0,0.0,0.0,0.0,0.0
commit:9,30,1,148.8,356034742806.408,302575209447.16797,1312.416,302575209447.16797,9.0,53459533359.24005,0.0,236.61226974113683,231.8800243463141,2.0,238.0
commit:9,31,0,576.0,692544999716.9807,692544999716.9807,3003.9048473575076,1171258875279.3599,9.0,0.0,0.0,0.0,0.0,0.0,0.0
commit:9,31,1,144.0,346272499858.49036,292814718819.83997,1270.08,292814718819.83997,9.0,53457781038.65039,0.0,236.60451395791202,231.87242367875376,2.0,238.0
commit:9,32,0,595.2,719207982206.0844,719207982206.0844,3119.5551839807713,1210300837788.6719,9.0,0.0,0.0,0.0,0.0,0.0,0.0
commit:9,32,1,148.8,359603991103.0422,302575209447.16797,1312.416,302575209447.16797,9.0,57028781655.87421,0.0,252.40978774529137,247.3615919903855,2.0,254.0
commit:9,33,0,576.0,699487763339.1433,699487763339.1433,3034.018993452266,1171258875279.3599,9.0,0.0,0.0,0.0,0.0,0.0,0.0
commit:9,33,1,144.0,349743881669.57166,292814718819.83997,1270.08,292814718819.83997,9.0,56929162849.73169,0.0,251.9688742103398,246.92949672613298,2.0,252.0
commit:9,34,0,595.2,726418042227.7002,726418042227.7002,3150.8287247001776,1210300837788.6719,9.0,0.0,0.0,0.0,0.0,0.0,0.0
commit:9,34,1,148.8,363209021113.8501,302575209447.16797,1312.416,302575209447.16797,9.0,60633811666.68213,0.0,268.3656758674376,262.9983623500888,2.0,270.0
commit:9,35,0,595.2,730050132438.8386,730050132438.8386,3166.582868323678,1210300837788.6719,9.0,0.0,0.0,0.0,0.0,0.0,0.0
commit:9,35,1,148.8,365025066219.4193,302575209447.16797,1312.416,302575209447.16797,9.0,62449856772.25134,0.0,276.4035042467746,270.8754341618391,2.0,278.0
commit:9,36,0,576.0,710032628807.451,710032628807.451,3079.757209030932,1171258875279.3599,9.0,0.0,0.0,0.0,0.0,0.0,0.0
commit:9,36,1,144.0,355016314403.7255,292814718819.83997,1270.08,292814718819.83997,9.0,62201595583.88556,0.0,275.30469848516935,269.79860451546597,2.0,276.0
commit:10,1,0,595.2,616178562048.0001,616178562048.0001,2672.666426196395,1344778708654.0798,10.0,0.0,0.0,0.0,0.0,0.0,0.0
commit:10,1,1,148.8,308089281024.00006,308089281024.00006,1336.3332130981976,336194677163.51996,10.0,0.0,0.0,0.0,0.0,0.0,0.0
commit:10,2,0,576.0,599283343411.2001,599283343411.2001,2599.38363709101,1301398750310.4,10.0,0.0,0.0,0.0,0.0,0.0,0.0
commit:10,2,1,144.0,299641671705.60004,299641671705.60004,1299.691818545505,325349687577.6,10.0,0.0,0.0,0.0,0.0,0.0,0.0
commit:10,3,0,595.2,622355752132.5311,622355752132.5311,2699.459907119013,1344778708654.0798,10.0,0.0,0.0,0.0,0.0,0.0,0.0
commit:10,3,1,148.8,311177876066.26556,311177876066.26556,1349.7299535595066,336194677163.51996,10.0,0.0,0.0,0.0,0.0,0.0,0.0
commit:10,4,0,595.2,625467530893.1937,625467530893.1937,2712.957206654608,1344778708654.0798,10.0,0.0,0.0,0.0,0.0,0.0,0.0
commit:10,4,1,148.8,312733765446.59686,312733765446.59686,1356.478603327304,336194677163.51996,10.0,0.0,0.0,0.0,0.0,0.0,0.0
commit:10,5,0,537.6,567763107075.3055,567763107075.3055,2462.66502565357,1214638833623.0398,10.0,0.0,0.0,0.0,0.0,0.0,0.0
commit:10,5,1,134.4,283881553537.6528,283881553537.6528,1231.332512826785,303659708405.75995,10.0,0.0,0.0,0.0,0.0,0.0,0.0
commit:10,6,0,595.2,631737842890.3978,631737842890.3978,2740.1546026513197,1344778708654.0798,10.0,0.0,0.0,0.0,0.0,0.0,0.0
commit:10,6,1,148.8,315868921445.1989,315868921445.1989,1370.0773013256598,336194677163.51996,10.0,0.0,0.0,0.0,0.0,0.0,0.0
commit:10,7,0,576.0,614415998811.145,614415998811.145,2665.0213312882997,1301398750310.4,10.0,0.0,0.0,0.0,0.0,0.0,0.0
commit:10,7,1,144.0,307207999405.5725,307207999405.5725,1332.5106656441499,325349687577.6,10.0,0.0,0.0,0.0,0.0,0.0,0.0
commit:10,8,0,595.2,638071014765.374,638071014765.374,2767.624652542899,1344778708654.0798,10.0,0.0,0.0,0.0,0.0,0.0,0.0
commit:10,8,1,148.8,319035507382.687,319035507382.687,1383.8123262714496,336194677163.51996,10.0,0.0,0.0,0.0,0.0,0.0,0.0
commit:10,9,0,576.0,620575519199.2267,620575519199.2267,2691.738170134465,1301398750310.4,10.0,0.0,0.0,0.0,0.0,0.0,0.0
commit:10,9,1,144.0,310287759599.61334,310287759599.61334,1345.8690850672324,325349687577.6,10.0,0.0,0.0,0.0,0.0,0.0,0.0
commit:10,10,0,595.2,644467676688.3967,644467676688.3967,2795.370089684641,1344778708654.0798,10.0,0.0,0.0,0.0,0.0,0.0,0.0
commit:10,10,1,148.8,322233838344.19836,322233838344.19836,1397.6850448423204,336194677163.51996,10.0,0.0,0.0,0.0,0.0,0.0,0.0
commit:10,11,0,595.2,647690015071.8387,647690015071.8387,2809.346940133064,1344778708654.0798,10.0,0.0,0.0,0.0,0.0,0.0,0.0
commit:10,11,1,148.8,323845007535.9194,323845007535.9194,1404.673470066532,336194677163.51996,10.0,0.0,0.0,0.0,0.0,0.0,0.0
commit:10,12,0,576.0,629930772723.0947,629930772723.0947,2732.316459516512,1301398750310.4,10.0,0.0,0.0,0.0,0.0,0.0,0.0
commit:10,12,1,144.0,314965386361.54736,314965386361.54736,1366.158229758256,325349687577.6,10.0,0.0,0.0,0.0,0.0,0.0,0.0
commit:10,13,0,595.2,654183107472.9337,654183107472.9337,2837.5106432078974,1344778708654.0798,10.0,0.0,0.0,0.0,0.0,0.0,0.0
commit:10,13,1,148.8,327091553736.46686,327091553736.46686,1418.7553216039487,336194677163.51996,10.0,0.0,0.0,0.0,0.0,0.0,0.0
commit:10,14,0,576.0,636245828719.6436,636245828719.6436,2759.707932023164,1301398750310.4,10.0,0.0,0.0,0.0,0.0,0.0,0.0
commit:10,14,1,144.0,318122914359.8218,318122914359.8218,1379.853966011582,325349687577.6,10.0,0.0,0.0,0.0,0.0,0.0,0.0
commit:10,15,0,595.2,660741293125.3497,660741293125.3497,2865.9566874060556,1344778708654.0798,10.0,0.0,0.0,0.0,0.0,0.0,0.0
commit:10,15,1,148.8,330370646562.67487,330370646562.67487,1432.9783437030278,336194677163.51996,10.0,0.0,0.0,0.0,0.0,0.0,0.0
commit:10,16,0,595.2,664044999590.9764,664044999590.9764,2880.2864708430857,1344778708654.0798,10.0,0.0,0.0,0.0,0.0,0.0,0.0
commit:10,16,1,148.8,332022499795.4882,332022499795.4882,1440.1432354215428,336194677163.51996,10.0,0.0,0.0,0.0,0.0,0.0,0.0
commit:10,17,0,556.8000000000001,624309403647.71,624309403647.71,2707.933844926508,1258018791966.72,10.0,0.0,0.0,0.0,0.0,0.0,0.0
commit:10,17,1,139.20000000000002,312154701823.855,312154701823.855,1353.966922463254,314504697991.68,10.0,0.0,0.0,0.0,0.0,0.0,0.0
commit:10,18,0,595.2,670702050711.8757,670702050711.8757,2909.1613427132866,1344778708654.0798,10.0,0.0,0.0,0.0,0.0,0.0,0.0
commit:10,18,1,148.8,335351025355.93787,335351025355.93787,1454.5806713566433,336194677163.51996,10.0,0.0,0.0,0.0,0.0,0.0,0.0
commit:10,19,0,576.0,652311833192.3566,652311833192.3566,2829.394015574374,1301398750310.4,10.0,0.0,0.0,0.0,0.0,0.0,0.0
commit:10,19,1,144.0,326155916596.1783,325349687577.6,1411.2,325349687577.6,10.0,806229018.5783081,0.0,3.5683752930479087,3.4970077871869503,1.0,4.0
commit:10,20,0,595.2,677425838770.2622,677425838770.2622,2938.325685173987,1344778708654.0798,10.0,0.0,0.0,0.0,0.0,0.0,0.0
commit:10,20,1,148.8,338712919385.1311,336194677163.51996,1458.24,336194677163.51996,10.0,2518242221.611145,0.0,11.145757741830131,10.922842586993527,1.0,12.0
commit:10,21,0,576.0,658851259320.1097,658851259320.1097,2857.7586905805065,1301398750310.4,10.0,0.0,0.0,0.0,0.0,0.0,0.0
commit:10,21,1,144.0,329425629660.0549,325349687577.6,1411.2,325349687577.6,10.0,4075942082.454895,0.0,18.040148255360272,17.679345290253064,1.0,19.0
commit:10,22,0,595.2,684217032803.934,684217032803.934,2967.782400167856,1344778708654.0798,10.0,0.0,0.0,0.0,0.0,0.0,0.0
commit:10,22,1,148.8,342108516401.967,336194677163.51996,1458.24,336194677163.51996,10.0,5913839238.4470215,0.0,26.1746939631917,25.651200083927865,1.0,27.0
commit:10,23,0,595.2,687638117967.9535,687638117967.9535,2982.621312168694,1344778708654.0798,10.0,0.0,0.0,0.0,0.0,0.0,0.0
commit:10,23,1,148.8,343819058983.97675,336194677163.51996,1458.24,336194677163.51996,10.0,7624381820.456787,0.0,33.74556743300735,33.070656084347206,1.0,34.0
commit:10,24,0,576.0,668783524410.7677,668783524410.7677,2900.839760060843,1301398750310.4,10.0,0.0,0.0,0.0,0.0,0.0,0.0
commit:10,24,1,144.0,334391762205.38385,325349687577.6,1411.2,325349687577.6,10.0,9042074627.783875,0.0,40.02028574532812,39.21988003042155,1.0,41.0
commit:10,25,0,595.2,694531690100.5822,694531690100.5822,3012.5220908231854,1344778708654.0798,10.0,0.0,0.0,0.0,0.0,0.0,0.0
commit:10,25,1,148.8,347265845050.2911,336194677163.51996,1458.24,336194677163.51996,10.0,11071167886.771118,0.0,49.001066746523094,48.02104541159263,1.0,50.0
commit:10,26,0,576.0,675488079242.9854,675488079242.9854,2929.920678655452,1301398750310.4,10.0,0.0,0.0,0.0,0.0,0.0,0.0
commit:10,26,1,144.0,337744039621.4927,325349687577.6,1411.2,325349687577.6,10.0,12394352043.8927,0.0,54.85748910992438,53.76033932772589,1.0,55.0
commit:10,27,0,595.2,701494370293.8403,701494370293.8403,3042.722624783687,1344778708654.0798,10.0,0.0,0.0,0.0,0.0,0.0,0.0
commit:10,27,1,148.8,350747185146.92017,336194677163.51996,1458.24,336194677163.51996,10.0,14552507983.400208,0.0,64.40950244065664,63.1213123918435,1.0,65.0
commit:10,28,0,595.2,705001842145.3094,705001842145.3094,3057.936237907605,1344778708654.0798,10.0,0.0,0.0,0.0,0.0,0.0,0.0
commit:10,28,1,148.8,352500921072.6547,336194677163.51996,1458.24,336194677163.51996,10.0,16306243909.134766,0.0,72.17154995285973,70.72811895380254,1.0,73.0
commit:10,29,0,537.6,639959736708.6776,639959736708.6776,2775.8169591845162,1214638833623.0398,10.0,0.0,0.0,0.0,0.0,0.0,0.0
commit:10,29,1,134.4,319979868354.3388,303659708405.75995,1317.12,303659708405.75995,10.0,16320159948.578857,0.0,72.23314244107969,70.7884795922581,1.0,73.0
commit:10,30,0,595.2,712069485612.816,712069485612.816,3088.5920486926284,1344778708654.0798,10.0,0.0,0.0,0.0,0.0,0.0,0.0
commit:10,30,1,148.8,356034742806.408,336194677163.51996,1458.24,336194677163.51996,10.0,19840065642.88806,0.0,87.81226974113686,86.05602434631412,1.0,88.0
commit:10,31,0,576.0,692544999716.9807,692544999716.9807,3003.9048473575076,1301398750310.4,10.0,0.0,0.0,0.0,0.0,0.0,0.0
commit:10,31,1,144.0,346272499858.49036,325349687577.6,1411.2,325349687577.6,10.0,20922812280.89038,0.0,92.60451395791196,90.75242367875371,1.0,93.0
commit:10,32,0,595.2,719207982206.0844,719207982206.0844,3119.5551839807713,1344778708654.0798,10.0,0.0,0.0,0.0,0.0,0.0,0.0
commit:10,32,1,148.8,359603991103.0422,336194677163.51996,1458.24,336194677163.51996,10.0,23409313939.522217,0.0,103.60978774529137,101.53759199038554,1.0,104.0
commit:10,33,0,576.0,699487763339.1433,699487763339.1433,3034.018993452266,1301398750310.4,10.0,0.0,0.0,0.0,0.0,0.0,0.0
commit:10,33,1,144.0,349743881669.57166,325349687577.6,1411.2,325349687577.6,10.0,24394194091.97168,0.0,107.96887421033973,105.80949672613293,1.0,108.0
commit:10,34,0,595.2,726418042227.7002,726418042227.7002,3150.8287247001776,1344778708654.0798,10.0,0.0,0.0,0.0,0.0,0.0,0.0
commit:10,34,1,148.8,363209021113.8501,336194677163.51996,1458.24,336194677163.51996,10.0,27014343950.33014,0.0,119.56567586743759,117.17436235008883,1.0,120.0
commit:10,35,0,595.2,730050132438.8386,730050132438.8386,3166.582868323678,1344778708654.0798,10.0,0.0,0.0,0.0,0.0,0.0,0.0
commit:10,35,1,148.8,365025066219.4193,336194677163.51996,1458.24,336194677163.51996,10.0,28830389055.899353,0.0,127.60350424677462,125.05143416183911,1.0,128.0
commit:10,36,0,576.0,710032628807.451,710032628807.451,3079.757209030932,1301398750310.4,10.0,0.0,0.0,0.0,0.0,0.0,0.0
commit:10,36,1,144.0,355016314403.7255,325349687577.6,1411.2,325349687577.6,10.0,29666626826.12555,0.0,131.3046984851693,128.6786045154659,1.0,132.0
commit:11,1,0,595.2,616178562048.0001,616178562048.0001,2672.666426196395,1479256579519.4878,11.0,0.0,0.0,0.0,0.0,0.0,0.0
commit:11,1,1,148.8,308089281024.00006,308089281024.00006,1336.3332130981976,369814144879.87195,11.0,0.0,0.0,0.0,0.0,0.0,0.0
commit:11,2,0,576.0,599283343411.2001,599283343411.2001,2599.38363709101,1431538625341.4397,11.0,0.0,0.0,0.0,0.0,0.0,0.0
commit:11,2,1,144.0,299641671705.60004,299641671705.60004,1299.691818545505,357884656335.3599,11.0,0.0,0.0,0.0,0.0,0.0,0.0
commit:11,3,0,595.2,622355752132.5311,622355752132.5311,2699.459907119013,1479256579519.4878,11.0,0.0,0.0,0.0,0.0,0.0,0.0
commit:11,3,1,148.8,311177876066.26556,311177876066.26556,1349.7299535595066,369814144879.87195,11.0,0.0,0.0,0.0,0.0,0.0,0.0
commit:11,4,0,595.2,625467530893.1937,625467530893.1937,2712.957206654608,1479256579519.4878,11.0,0.0,0.0,0.0,0.0,0.0,0.0
commit:11,4,1,148.8,312733765446.59686,312733765446.59686,1356.478603327304,369814144879.87195,11.0,0.0,0.0,0.0,0.0,0.0,0.0
commit:11,5,0,537.6,567763107075.3055,567763107075.3055,2462.66502565357,1336102716985.3438,11.0,0.0,0.0,0.0,0.0,0.0,0.0
commit:11,5,1,134.4,283881553537.6528,283881553537.6528,1231.332512826785,334025679246.33594,11.0,0.0,0.0,0.0,0.0,0.0,0.0
commit:11,6,0,595.2,631737842890.3978,631737842890.3978,2740.1546026513197,1479256579519.4878,11.0,0.0,0.0,0.0,0.0,0.0,0.0
commit:11,6,1,148.8,315868921445.1989,315868921445.1989,1370.0773013256598,369814144879.87195,11.0,0.0,0.0,0.0,0.0,0.0,0.0
commit:11,7,0,576.0,614415998811.145,614415998811.145,2665.0213312882997,1431538625341.4397,11.0,0.0,0.0,0.0,0.0,0.0,0.0
commit:11,7,1,144.0,307207999405.5725,307207999405.5725,1332.5106656441499,357884656335.3599,11.0,0.0,0.0,0.0,0.0,0.0,0.0
commit:11,8,0,595.2,638071014765.374,638071014765.374,2767.624652542899,1479256579519.4878,11.0,0.0,0.0,0.0,0.0,0.0,0.0
commit:11,8,1,148.8,319035507382.687,319035507382.687,1383.8123262714496,369814144879.87195,11.0,0.0,0.0,0.0,0.0,0.0,0.0
commit:11,9,0,576.0,620575519199.2267,620575519199.2267,2691.738170134465,1431538625341.4397,11.0,0.0,0.0,0.0,0.0,0.0,0.0
commit:11,9,1,144.0,310287759599.61334,310287759599.61334,1345.8690850672324,357884656335.3599,11.0,0.0,0.0,0.0,0.0,0.0,0.0
commit:11,10,0,595.2,644467676688.3967,644467676688.3967,2795.370089684641,1479256579519.4878,11.0,0.0,0.0,0.0,0.0,0.0,0.0
commit:11,10,1,148.8,322233838344.19836,322233838344.19836,1397.6850448423204,369814144879.87195,11.0,0.0,0.0,0.0,0.0,0.0,0.0
commit:11,11,0,595.2,647690015071.8387,647690015071.8387,2809.346940133064,1479256579519.4878,11.0,0.0,0.0,0.0,0.0,0.0,0.0
commit:11,11,1,148.8,323845007535.9194,323845007535.9194,1404.673470066532,369814144879.87195,11.0,0.0,0.0,0.0,0.0,0.0,0.0
commit:11,12,0,576.0,629930772723.0947,629930772723.0947,2732.316459516512,1431538625341.4397,11.0,0.0,0.0,0.0,0.0,0.0,0.0
commit:11,12,1,144.0,314965386361.54736,314965386361.54736,1366.158229758256,357884656335.3599,11.0,0.0,0.0,0.0,0.0,0.0,0.0
commit:11,13,0,595.2,654183107472.9337,654183107472.9337,2837.5106432078974,1479256579519.4878,11.0,0.0,0.0,0.0,0.0,0.0,0.0
commit:11,13,1,148.8,327091553736.46686,327091553736.46686,1418.7553216039487,369814144879.87195,11.0,0.0,0.0,0.0,0.0,0.0,0.0
commit:11,14,0,576.0,636245828719.6436,636245828719.6436,2759.707932023164,1431538625341.4397,11.0,0.0,0.0,0.0,0.0,0.0,0.0
commit:11,14,1,144.0,318122914359.8218,318122914359.8218,1379.853966011582,357884656335.3599,11.0,0.0,0.0,0.0,0.0,0.0,0.0
commit:11,15,0,595.2,660741293125.3497,660741293125.3497,2865.9566874060556,1479256579519.4878,11.0,0.0,0.0,0.0,0.0,0.0,0.0
commit:11,15,1,148.8,330370646562.67487,330370646562.67487,1432.9783437030278,369814144879.87195,11.0,0.0,0.0,0.0,0.0,0.0,0.0
commit:11,16,0,595.2,664044999590.9764,664044999590.9764,2880.2864708430857,1479256579519.4878,11.0,0.0,0.0,0.0,0.0,0.0,0.0
commit:11,16,1,148.8,332022499795.4882,332022499795.4882,1440.1432354215428,369814144879.87195,11.0,0.0,0.0,0.0,0.0,0.0,0.0
commit:11,17,0,556.8000000000001,624309403647.71,624309403647.71,2707.933844926508,1383820671163.3918,11.0,0.0,0.0,0.0,0.0,0.0,0.0
commit:11,17,1,139.20000000000002,312154701823.855,312154701823.855,1353.966922463254,345955167790.84796,11.0,0.0,0.0,0.0,0.0,0.0,0.0
commit:11,18,0,595.2,670702050711.8757,670702050711.8757,2909.1613427132866,1479256579519.4878,11.0,0.0,0.0,0.0,0.0,0.0,0.0
commit:11,18,1,148.8,335351025355.93787,335351025355.93787,1454.5806713566433,369814144879.87195,11.0,0.0,0.0,0.0,0.0,0.0,0.0
commit:11,19,0,576.0,652311833192.3566,652311833192.3566,2829.394015574374,1431538625341.4397,11.0,0.0,0.0,0.0,0.0,0.0,0.0
commit:11,19,1,144.0,326155916596.1783,326155916596.1783,1414.697007787187,357884656335.3599,11.0,0.0,0.0,0.0,0.0,0.0,0.0
commit:11,20,0,595.2,677425838770.2622,677425838770.2622,2938.325685173987,1479256579519.4878,11.0,0.0,0.0,0.0,0.0,0.0,0.0
commit:11,20,1,148.8,338712919385.1311,338712919385.1311,1469.1628425869935,369814144879.87195,11.0,0.0,0.0,0.0,0.0,0.0,0.0
commit:11,21,0,576.0,658851259320.1097,658851259320.1097,2857.7586905805065,1431538625341.4397,11.0,0.0,0.0,0.0,0.0,0.0,0.0
commit:11,21,1,144.0,329425629660.0549,329425629660.0549,1428.8793452902532,357884656335.3599,11.0,0.0,0.0,0.0,0.0,0.0,0.0
commit:11,22,0,595.2,684217032803.934,684217032803.934,2967.782400167856,1479256579519.4878,11.0,0.0,0.0,0.0,0.0,0.0,0.0
commit:11,22,1,148.8,342108516401.967,342108516401.967,1483.891200083928,369814144879.87195,11.0,0.0,0.0,0.0,0.0,0.0,0.0
commit:11,23,0,595.2,687638117967.9535,687638117967.9535,2982.621312168694,1479256579519.4878,11.0,0.0,0.0,0.0,0.0,0.0,0.0
commit:11,23,1,148.8,343819058983.97675,343819058983.97675,1491.310656084347,369814144879.87195,11.0,0.0,0.0,0.0,0.0,0.0,0.0
commit:11,24,0,576.0,668783524410.7677,668783524410.7677,2900.839760060843,1431538625341.4397,11.0,0.0,0.0,0.0,0.0,0.0,0.0
commit:11,24,1,144.0,334391762205.38385,334391762205.38385,1450.4198800304216,357884656335.3599,11.0,0.0,0.0,0.0,0.0,0.0,0.0
commit:11,25,0,595.2,694531690100.5822,694531690100.5822,3012.5220908231854,1479256579519.4878,11.0,0.0,0.0,0.0,0.0,0.0,0.0
commit:11,25,1,148.8,347265845050.2911,347265845050.2911,1506.2610454115927,369814144879.87195,11.0,0.0,0.0,0.0,0.0,0.0,0.0
commit:11,26,0,576.0,675488079242.9854,675488079242.9854,2929.920678655452,1431538625341.4397,11.0,0.0,0.0,0.0,0.0,0.0,0.0
commit:11,26,1,144.0,337744039621.4927,337744039621.4927,1464.960339327726,357884656335.3599,11.0,0.0,0.0,0.0,0.0,0.0,0.0
commit:11,27,0,595.2,701494370293.8403,701494370293.8403,3042.722624783687,1479256579519.4878,11.0,0.0,0.0,0.0,0.0,0.0,0.0
commit:11,27,1,148.8,350747185146.92017,350747185146.92017,1521.3613123918435,369814144879.87195,11.0,0.0,0.0,0.0,0.0,0.0,0.0
commit:11,28,0,595.2,705001842145.3094,705001842145.3094,3057.936237907605,1479256579519.4878,11.0,0.0,0.0,0.0,0.0,0.0,0.0
commit:11,28,1,148.8,352500921072.6547,352500921072.6547,1528.9681189538026,369814144879.87195,11.0,0.0,0.0,0.0,0.0,0.0,0.0
commit:11,29,0,537.6,639959736708.6776,639959736708.6776,2775.8169591845162,1336102716985.3438,11.0,0.0,0.0,0.0,0.0,0.0,0.0
commit:11,29,1,134.4,319979868354.3388,319979868354.3388,1387.9084795922581,334025679246.33594,11.0,0.0,0.0,0.0,0.0,0.0,0.0
commit:11,30,0,595.2,712069485612.816,712069485612.816,3088.5920486926284,1479256579519.4878,11.0,0.0,0.0,0.0,0.0,0.0,0.0
commit:11,30,1,148.8,356034742806.408,356034742806.408,1544.2960243463142,369814144879.87195,11.0,0.0,0.0,0.0,0.0,0.0,0.0
commit:11,31,0,576.0,692544999716.9807,692544999716.9807,3003.9048473575076,1431538625341.4397,11.0,0.0,0.0,0.0,0.0,0.0,0.0
commit:11,31,1,144.0,346272499858.49036,346272499858.49036,1501.9524236787538,357884656335.3599,11.0,0.0,0.0,0.0,0.0,0.0,0.0
commit:11,32,0,595.2,719207982206.0844,719207982206.0844,3119.5551839807713,1479256579519.4878,11.0,0.0,0.0,0.0,0.0,0.0,0.0
commit:11,32,1,148.8,359603991103.0422,359603991103.0422,1559.7775919903856,369814144879.87195,11.0,0.0,0.0,0.0,0.0,0.0,0.0
commit:11,33,0,576.0,699487763339.1433,699487763339.1433,3034.018993452266,1431538625341.4397,11.0,0.0,0.0,0.0,0.0,0.0,0.0
commit:11,33,1,144.0,349743881669.57166,349743881669.57166,1517.009496726133,357884656335.3599,11.0,0.0,0.0,0.0,0.0,0.0,0.0
commit:11,34,0,595.2,726418042227.7002,726418042227.7002,3150.8287247001776,1479256579519.4878,11.0,0.0,0.0,0.0,0.0,0.0,0.0
commit:11,34,1,148.8,363209021113.8501,363209021113.8501,1575.4143623500888,369814144879.87195,11.0,0.0,0.0,0.0,0.0,0.0,0.0
commit:11,35,0,595.2,730050132438.8386,730050132438.8386,3166.582868323678,1479256579519.4878,11.0,0.0,0.0,0.0,0.0,0.0,0.0
commit:11,35,1,148.8,365025066219.4193,365025066219.4193,1583.291434161839,369814144879.87195,11.0,0.0,0.0,0.0,0.0,0.0,0.0
commit:11,36,0,576.0,710032628807.451,710032628807.451,3079.757209030932,1431538625341.4397,11.0,0.0,0.0,0.0,0.0,0.0,0.0
commit:11,36,1,144.0,355016314403.7255,355016314403.7255,1539.878604515466,357884656335.3599,11.0,0.0,0.0,0.0,0.0,0.0,0.0
commit:12,1,0,595.2,616178562048.0001,616178562048.0001,2672.666426196395,1613734450384.8958,12.0,0.0,0.0,0.0,0.0,0.0,0.0
commit:12,1,1,148.8,308089281024.00006,308089281024.00006,1336.3332130981976,403433612596.22394,12.0,0.0,0.0,0.0,0.0,0.0,0.0
commit:12,2,0,576.0,599283343411.2001,599283343411.2001,2599.38363709101,1561678500372.4797,12.0,0.0,0.0,0.0,0.0,0.0,0.0
commit:12,2,1,144.0,299641671705.60004,299641671705.60004,1299.691818545505,390419625093.11993,12.0,0.0,0.0,0.0,0.0,0.0,0.0
commit:12,3,0,595.2,622355752132.5311,622355752132.5311,2699.459907119013,1613734450384.8958,12.0,0.0,0.0,0.0,0.0,0.0,0.0
commit:12,3,1,148.8,311177876066.26556,311177876066.26556,1349.7299535595066,403433612596.22394,12.0,0.0,0.0,0.0,0.0,0.0,0.0
commit:12,4,0,595.2,625467530893.1937,625467530893.1937,2712.957206654608,1613734450384.8958,12.0,0.0,0.0,0.0,0.0,0.0,0.0
commit:12,4,1,148.8,312733765446.59686,312733765446.59686,1356.478603327304,403433612596.22394,12.0,0.0,0.0,0.0,0.0,0.0,0.0
commit:12,5,0,537.6,567763107075.3055,567763107075.3055,2462.66502565357,1457566600347.6477,12.0,0.0,0.0,0.0,0.0,0.0,0.0
commit:12,5,1,134.4,283881553537.6528,283881553537.6528,1231.332512826785,364391650086.9119,12.0,0.0,0.0,0.0,0.0,0.0,0.0
commit:12,6,0,595.2,631737842890.3978,631737842890.3978,2740.1546026513197,1613734450384.8958,12.0,0.0,0.0,0.0,0.0,0.0,0.0
commit:12,6,1,148.8,315868921445.1989,315868921445.1989,1370.0773013256598,403433612596.22394,12.0,0.0,0.0,0.0,0.0,0.0,0.0
commit:12,7,0,576.0,614415998811.145,614415998811.145,2665.0213312882997,1561678500372.4797,12.0,0.0,0.0,0.0,0.0,0.0,0.0
commit:12,7,1,144.0,307207999405.5725,307207999405.5725,1332.5106656441499,390419625093.11993,12.0,0.0,0.0,0.0,0.0,0.0,0.0
commit:12,8,0,595.2,638071014765.374,638071014765.374,2767.624652542899,1613734450384.8958,12.0,0.0,0.0,0.0,0.0,0.0,0.0
commit:12,8,1,148.8,319035507382.687,319035507382.687,1383.8123262714496,403433612596.22394,12.0,0.0,0.0,0.0,0.0,0.0,0.0
commit:12,9,0,576.0,620575519199.2267,620575519199.2267,2691.738170134465,1561678500372.4797,12.0,0.0,0.0,0.0,0.0,0.0,0.0
commit:12,9,1,144.0,310287759599.61334,310287759599.61334,1345.8690850672324,390419625093.11993,12.0,0.0,0.0,0.0,0.0,0.0,0.0
commit:12,10,0,595.2,644467676688.3967,644467676688.3967,2795.370089684641,1613734450384.8958,12.0,0.0,0.0,0.0,0.0,0.0,0.0
commit:12,10,1,148.8,322233838344.19836,322233838344.19836,1397.6850448423204,403433612596.22394,12.0,0.0,0.0,0.0,0.0,0.0,0.0
commit:12,11,0,595.2,647690015071.8387,647690015071.8387,2809.346940133064,1613734450384.8958,12.0,0.0,0.0,0.0,0.0,0.0,0.0
commit:12,11,1,148.8,323845007535.9194,323845007535.9194,1404.673470066532,403433612596.22394,12.0,0.0,0.0,0.0,0.0,0.0,0.0
commit:12,12,0,576.0,629930772723.0947,629930772723.0947,2732.316459516512,1561678500372.4797,12.0,0.0,0.0,0.0,0.0,0.0,0.0
commit:12,12,1,144.0,314965386361.54736,314965386361.54736,1366.158229758256,390419625093.11993,12.0,0.0,0.0,0.0,0.0,0.0,0.0
commit:12,13,0,595.2,654183107472.9337,654183107472.9337,2837.5106432078974,1613734450384.8958,12.0,0.0,0.0,0.0,0.0,0.0,0.0
commit:12,13,1,148.8,327091553736.46686,327091553736.46686,1418.7553216039487,403433612596.22394,12.0,0.0,0.0,0.0,0.0,0.0,0.0
commit:12,14,0,576.0,636245828719.6436,636245828719.6436,2759.707932023164,1561678500372.4797,12.0,0.0,0.0,0.0,0.0,0.0,0.0
commit:12,14,1,144.0,318122914359.8218,318122914359.8218,1379.853966011582,390419625093.11993,12.0,0.0,0.0,0.0,0.0,0.0,0.0
commit:12,15,0,595.2,660741293125.3497,660741293125.3497,2865.9566874060556,1613734450384.8958,12.0,0.0,0.0,0.0,0.0,0.0,0.0
commit:12,15,1,148.8,330370646562.67487,330370646562.67487,1432.9783437030278,403433612596.22394,12.0,0.0,0.0,0.0,0.0,0.0,0.0
commit:12,16,0,595.2,664044999590.9764,664044999590.9764,2880.2864708430857,1613734450384.8958,12.0,0.0,0.0,0.0,0.0,0.0,0.0
commit:12,16,1,148.8,332022499795.4882,332022499795.4882,1440.1432354215428,403433612596.22394,12.0,0.0,0.0,0.0,0.0,0.0,0.0
commit:12,17,0,556.8000000000001,624309403647.71,624309403647.71,2707.933844926508,1509622550360.064,12.0,0.0,0.0,0.0,0.0,0.0,0.0
commit:12,17,1,139.20000000000002,312154701823.855,312154701823.855,1353.966922463254,377405637590.016,12.0,0.0,0.0,0.0,0.0,0.0,0.0
commit:12,18,0,595.2,670702050711.8757,670702050711.8757,2909.1613427132866,1613734450384.8958,12.0,0.0,0.0,0.0,0.0,0.0,0.0
commit:12,18,1,148.8,335351025355.93787,335351025355.93787,1454.5806713566433,403433612596.22394,12.0,0.0,0.0,0.0,0.0,0.0,0.0
commit:12,19,0,576.0,652311833192.3566,652311833192.3566,2829.394015574374,1561678500372.4797,12.0,0.0,0.0,0.0,0.0,0.0,0.0
commit:12,19,1,144.0,326155916596.1783,326155916596.1783,1414.697007787187,390419625093.11993,12.0,0.0,0.0,0.0,0.0,0.0,0.0
commit:12,20,0,595.2,677425838770.2622,677425838770.2622,2938.325685173987,1613734450384.8958,12.0,0.0,0.0,0.0,0.0,0.0,0.0
commit:12,20,1,148.8,338712919385.1311,338712919385.1311,1469.1628425869935,403433612596.22394,12.0,0.0,0.0,0.0,0.0,0.0,0.0
commit:12,21,0,576.0,658851259320.1097,658851259320.1097,2857.7586905805065,1561678500372.4797,12.0,0.0,0.0,0.0,0.0,0.0,0.0
commit:12,21,1,144.0,329425629660.0549,329425629660.0549,1428.8793452902532,390419625093.11993,12.0,0.0,0.0,0.0,0.0,0.0,0.0
commit:12,22,0,595.2,684217032803.934,684217032803.934,2967.782400167856,1613734450384.8958,12.0,0.0,0.0,0.0,0.0,0.0,0.0
commit:12,22,1,148.8,342108516401.967,342108516401.967,1483.891200083928,403433612596.22394,12.0,0.0,0.0,0.0,0.0,0.0,0.0
commit:12,23,0,595.2,687638117967.9535,687638117967.9535,2982.621312168694,1613734450384.8958,12.0,0.0,0.0,0.0,0.0,0.0,0.0
commit:12,23,1,148.8,343819058983.97675,343819058983.97675,1491.310656084347,403433612596.22394,12.0,0.0,0.0,0.0,0.0,0.0,0.0
commit:12,24,0,576.0,668783524410.7677,668783524410.7677,2900.839760060843,1561678500372.4797,12.0,0.0,0.0,0.0,0.0,0.0,0.0
commit:12,24,1,144.0,334391762205.38385,334391762205.38385,1450.4198800304216,390419625093.11993,12.0,0.0,0.0,0.0,0.0,0.0,0.0
commit:12,25,0,595.2,694531690100.5822,694531690100.5822,3012.5220908231854,1613734450384.8958,12.0,0.0,0.0,0.0,0.0,0.0,0.0
commit:12,25,1,148.8,347265845050.2911,347265845050.2911,1506.2610454115927,403433612596.22394,12.0,0.0,0.0,0.0,0.0,0.0,0.0
commit:12,26,0,576.0,675488079242.9854,675488079242.9854,2929.920678655452,1561678500372.4797,12.0,0.0,0.0,0.0,0.0,0.0,0.0
commit:12,26,1,144.0,337744039621.4927,337744039621.4927,1464.960339327726,390419625093.11993,12.0,0.0,0.0,0.0,0.0,0.0,0.0
commit:12,27,0,595.2,701494370293.8403,701494370293.8403,3042.722624783687,1613734450384.8958,12.0,0.0,0.0,0.0,0.0,0.0,0.0
commit:12,27,1,148.8,350747185146.92017,350747185146.92017,1521.3613123918435,403433612596.22394,12.0,0.0,0.0,0.0,0.0,0.0,0.0
commit:12,28,0,595.2,705001842145.3094,705001842145.3094,3057.936237907605,1613734450384.8958,12.0,0.0,0.0,0.0,0.0,0.0,0.0
commit:12,28,1,148.8,352500921072.6547,352500921072.6547,1528.9681189538026,403433612596.22394,12.0,0.0,0.0,0.0,0.0,0.0,0.0
commit:12,29,0,537.6,639959736708.6776,639959736708.6776,2775.8169591845162,1457566600347.6477,12.0,0.0,0.0,0.0,0.0,0.0,0.0
commit:12,29,1,134.4,319979868354.3388,319979868354.3388,1387.9084795922581,364391650086.9119,12.0,0.0,0.0,0.0,0.0,0.0,0.0
commit:12,30,0,595.2,712069485612.816,712069485612.816,3088.5920486926284,1613734450384.8958,12.0,0.0,0.0,0.0,0.0,0.0,0.0
commit:12,30,1,148.8,356034742806.408,356034742806.408,1544.2960243463142,403433612596.22394,12.0,0.0,0.0,0.0,0.0,0.0,0.0
commit:12,31,0,576.0,692544999716.9807,692544999716.9807,3003.9048473575076,1561678500372.4797,12.0,0.0,0.0,0.0,0.0,0.0,0.0
commit:12,31,1,144.0,346272499858.49036,346272499858.49036,1501.9524236787538,390419625093.11993,12.0,0.0,0.0,0.0,0.0,0.0,0.0
commit:12,32,0,595.2,719207982206.0844,719207982206.0844,3119.5551839807713,1613734450384.8958,12.0,0.0,0.0,0.0,0.0,0.0,0.0
commit:12,32,1,148.8,359603991103.0422,359603991103.0422,1559.7775919903856,403433612596.22394,12.0,0.0,0.0,0.0,0.0,0.0,0.0
commit:12,33,0,576.0,699487763339.1433,699487763339.1433,3034.018993452266,1561678500372.4797,12.0,0.0,0.0,0.0,0.0,0.0,0.0
commit:12,33,1,144.0,349743881669.57166,349743881669.57166,1517.009496726133,390419625093.11993,12.0,0.0,0.0,0.0,0.0,0.0,0.0
commit:12,34,0,595.2,726418042227.7002,726418042227.7002,3150.8287247001776,1613734450384.8958,12.0,0.0,0.0,0.0,0.0,0.0,0.0
commit:12,34,1,148.8,363209021113.8501,363209021113.8501,1575.4143623500888,403433612596.22394,12.0,0.0,0.0,0.0,0.0,0.0,0.0
commit:12,35,0,595.2,730050132438.8386,730050132438.8386,3166.582868323678,1613734450384.8958,12.0,0.0,0.0,0.0,0.0,0.0,0.0
commit:12,35,1,148.8,365025066219.4193,365025066219.4193,1583.291434161839,403433612596.22394,12.0,0.0,0.0,0.0,0.0,0.0,0.0
commit:12,36,0,576.0,710032628807.451,710032628807.451,3079.757209030932,1561678500372.4797,12.0,0.0,0.0,0.0,0.0,0.0,0.0
commit:12,36,1,144.0,355016314403.7255,355016314403.7255,1539.878604515466,390419625093.11993,12.0,0.0,0.0,0.0,0.0,0.0,0.0
commit:13,1,0,595.2,616178562048.0001,616178562048.0001,2672.666426196395,1748212321250.304,13.0,0.0,0.0,0.0,0.0,0.0,0.0
commit:13,1,1,148.8,308089281024.00006,308089281024.00006,1336.3332130981976,437053080312.576,13.0,0.0,0.0,0.0,0.0,0.0,0.0
commit:13,2,0,576.0,599283343411.2001,599283343411.2001,2599.38363709101,1691818375403.5198,13.0,0.0,0.0,0.0,0.0,0.0,0.0
commit:13,2,1,144.0,299641671705.60004,299641671705.60004,1299.691818545505,422954593850.87994,13.0,0.0,0.0,0.0,0.0,0.0,0.0
commit:13,3,0,595.2,622355752132.5311,622355752132.5311,2699.459907119013,1748212321250.304,13.0,0.0,0.0,0.0,0.0,0.0,0.0
commit:13,3,1,148.8,311177876066.26556,311177876066.26556,1349.7299535595066,437053080312.576,13.0,0.0,0.0,0.0,0.0,0.0,0.0
commit:13,4,0,595.2,625467530893.1937,625467530893.1937,2712.957206654608,1748212321250.304,13.0,0.0,0.0,0.0,0.0,0.0,0.0
commit:13,4,1,148.8,312733765446.59686,312733765446.59686,1356.478603327304,437053080312.576,13.0,0.0,0.0,0.0,0.0,0.0,0.0
commit:13,5,0,537.6,567763107075.3055,567763107075.3055,2462.66502565357,1579030483709.952,13.0,0.0,0.0,0.0,0.0,0.0,0.0
commit:13,5,1,134.4,283881553537.6528,283881553537.6528,1231.332512826785,394757620927.488,13.0,0.0,0.0,0.0,0.0,0.0,0.0
commit:13,6,0,595.2,631737842890.3978,631737842890.3978,2740.1546026513197,1748212321250.304,13.0,0.0,0.0,0.0,0.0,0.0,0.0
commit:13,6,1,148.8,315868921445.1989,315868921445.1989,1370.0773013256598,437053080312.576,13.0,0.0,0.0,0.0,0.0,0.0,0.0
commit:13,7,0,576.0,614415998811.145,614415998811.145,2665.0213312882997,1691818375403.5198,13.0,0.0,0.0,0.0,0.0,0.0,0.0
commit:13,7,1,144.0,307207999405.5725,307207999405.5725,1332.5106656441499,422954593850.87994,13.0,0.0,0.0,0.0,0.0,0.0,0.0
commit:13,8,0,595.2,638071014765.374,638071014765.374,2767.624652542899,1748212321250.304,13.0,0.0,0.0,0.0,0.0,0.0,0.0
commit:13,8,1,148.8,319035507382.687,319035507382.687,1383.8123262714496,437053080312.576,13.0,0.0,0.0,0.0,0.0,0.0,0.0
commit:13,9,0,576.0,620575519199.2267,620575519199.2267,2691.738170134465,1691818375403.5198,13.0,0.0,0.0,0.0,0.0,0.0,0.0
commit:13,9,1,144.0,310287759599.61334,310287759599.61334,1345.8690850672324,422954593850.87994,13.0,0.0,0.0,0.0,0.0,0.0,0.0
commit:13,10,0,595.2,644467676688.3967,644467676688.3967,2795.370089684641,1748212321250.304,13.0,0.0,0.0,0.0,0.0,0.0,0.0
commit:13,10,1,148.8,322233838344.19836,322233838344.19836,1397.6850448423204,437053080312.576,13.0,0.0,0.0,0.0,0.0,0.0,0.0
commit:13,11,0,595.2,647690015071.8387,647690015071.8387,2809.346940133064,1748212321250.304,13.0,0.0,0.0,0.0,0.0,0.0,0.0
commit:13,11,1,148.8,323845007535.9194,323845007535.9194,1404.673470066532,437053080312.576,13.0,0.0,0.0,0.0,0.0,0.0,0.0
commit:13,12,0,576.0,629930772723.0947,629930772723.0947,2732.316459516512,1691818375403.5198,13.0,0.0,0.0,0.0,0.0,0.0,0.0
commit:13,12,1,144.0,314965386361.54736,314965386361.54736,1366.158229758256,422954593850.87994,13.0,0.0,0.0,0.0,0.0,0.0,0.0
commit:13,13,0,595.2,654183107472.9337,654183107472.9337,2837.5106432078974,1748212321250.304,13.0,0.0,0.0,0.0,0.0,0.0,0.0
commit:13,13,1,148.8,327091553736.46686,327091553736.46686,1418.7553216039487,437053080312.576,13.0,0.0,0.0,0.0,0.0,0.0,0.0
commit:13,14,0,576.0,636245828719.6436,636245828719.6436,2759.707932023164,1691818375403.5198,13.0,0.0,0.0,0.0,0.0,0.0,0.0
commit:13,14,1,144.0,318122914359.8218,318122914359.8218,1379.853966011582,422954593850.87994,13.0,0.0,0.0,0.0,0.0,0.0,0.0
commit:13,15,0,595.2,660741293125.3497,660741293125.3497,2865.9566874060556,1748212321250.304,13.0,0.0,0.0,0.0,0.0,0.0,0.0
commit:13,15,1,148.8,330370646562.67487,330370646562.67487,1432.9783437030278,437053080312.576,13.0,0.0,0.0,0.0,0.0,0.0,0.0
commit:13,16,0,595.2,664044999590.9764,664044999590.9764,2880.2864708430857,1748212321250.304,13.0,0.0,0.0,0.0,0.0,0.0,0.0
commit:13,16,1,148.8,332022499795.4882,332022499795.4882,1440.1432354215428,437053080312.576,13.0,0.0,0.0,0.0,0.0,0.0,0.0
commit:13,17,0,556.8000000000001,624309403647.71,624309403647.71,2707.933844926508,1635424429556.7358,13.0,0.0,0.0,0.0,0.0,0.0,0.0
commit:13,17,1,139.20000000000002,312154701823.855,312154701823.855,1353.966922463254,408856107389.18396,13.0,0.0,0.0,0.0,0.0,0.0,0.0
commit:13,18,0,595.2,670702050711.8757,670702050711.8757,2909.1613427132866,1748212321250.304,13.0,0.0,0.0,0.0,0.0,0.0,0.0
commit:13,18,1,148.8,335351025355.93787,335351025355.93787,1454.5806713566433,437053080312.576,13.0,0.0,0.0,0.0,0.0,0.0,0.0
commit:13,19,0,576.0,652311833192.3566,652311833192.3566,2829.394015574374,1691818375403.5198,13.0,0.0,0.0,0.0,0.0,0.0,0.0
commit:13,19,1,144.0,326155916596.1783,326155916596.1783,1414.697007787187,422954593850.87994,13.0,0.0,0.0,0.0,0.0,0.0,0.0
commit:13,20,0,595.2,677425838770.2622,677425838770.2622,2938.325685173987,1748212321250.304,13.0,0.0,0.0,0.0,0.0,0.0,0.0
commit:13,20,1,148.8,338712919385.1311,338712919385.1311,1469.1628425869935,437053080312.576,13.0,0.0,0.0,0.0,0.0,0.0,0.0
commit:13,21,0,576.0,658851259320.1097,658851259320.1097,2857.7586905805065,1691818375403.5198,13.0,0.0,0.0,0.0,0.0,0.0,0.0
commit:13,21,1,144.0,329425629660.0549,329425629660.0549,1428.8793452902532,422954593850.87994,13.0,0.0,0.0,0.0,0.0,0.0,0.0
commit:13,22,0,595.2,684217032803.934,684217032803.934,2967.782400167856,1748212321250.304,13.0,0.0,0.0,0.0,0.0,0.0,0.0
commit:13,22,1,148.8,342108516401.967,342108516401.967,1483.891200083928,437053080312.576,13.0,0.0,0.0,0.0,0.0,0.0,0.0
commit:13,23,0,595.2,687638117967.9535,687638117967.9535,2982.621312168694,1748212321250.304,13.0,0.0,0.0,0.0,0.0,0.0,0.0
commit:13,23,1,148.8,343819058983.97675,343819058983.97675,1491.310656084347,437053080312.576,13.0,0.0,0.0,0.0,0.0,0.0,0.0
commit:13,24,0,576.0,668783524410.7677,668783524410.7677,2900.839760060843,1691818375403.5198,13.0,0.0,0.0,0.0,0.0,0.0,0.0
commit:13,24,1,144.0,334391762205.38385,334391762205.38385,1450.4198800304216,422954593850.87994,13.0,0.0,0.0,0.0,0.0,0.0,0.0
commit:13,25,0,595.2,694531690100.5822,694531690100.5822,3012.5220908231854,1748212321250.304,13.0,0.0,0.0,0.0,0.0,0.0,0.0
commit:13,25,1,148.8,347265845050.2911,347265845050.2911,1506.2610454115927,437053080312.576,13.0,0.0,0.0,0.0,0.0,0.0,0.0
commit:13,26,0,576.0,675488079242.9854,675488079242.9854,2929.920678655452,1691818375403.5198,13.0,0.0,0.0,0.0,0.0,0.0,0.0
commit:13,26,1,144.0,337744039621.4927,337744039621.4927,1464.960339327726,422954593850.87994,13.0,0.0,0.0,0.0,0.0,0.0,0.0
commit:13,27,0,595.2,701494370293.8403,701494370293.8403,3042.722624783687,1748212321250.304,13.0,0.0,0.0,0.0,0.0,0.0,0.0
commit:13,27,1,148.8,350747185146.92017,350747185146.92017,1521.3613123918435,437053080312.576,13.0,0.0,0.0,0.0,0.0,0.0,0.0
commit:13,28,0,595.2,705001842145.3094,705001842145.3094,3057.936237907605,1748212321250.304,13.0,0.0,0.0,0.0,0.0,0.0,0.0
commit:13,28,1,148.8,352500921072.6547,352500921072.6547,1528.9681189538026,437053080312.576,13.0,0.0,0.0,0.0,0.0,0.0,0.0
commit:13,29,0,537.6,639959736708.6776,639959736708.6776,2775.8169591845162,1579030483709.952,13.0,0.0,0.0,0.0,0.0,0.0,0.0
commit:13,29,1,134.4,319979868354.3388,319979868354.3388,1387.9084795922581,394757620927.488,13.0,0.0,0.0,0.0,0.0,0.0,0.0
commit:13,30,0,595.2,712069485612.816,712069485612.816,3088.5920486926284,1748212321250.304,13.0,0.0,0.0,0.0,0.0,0.0,0.0
commit:13,30,1,148.8,356034742806.408,356034742806.408,1544.2960243463142,437053080312.576,13.0,0.0,0.0,0.0,0.0,0.0,0.0
commit:13,31,0,576.0,692544999716.9807,692544999716.9807,3003.9048473575076,1691818375403.5198,13.0,0.0,0.0,0.0,0.0,0.0,0.0
commit:13,31,1,144.0,346272499858.49036,346272499858.49036,1501.9524236787538,422954593850.87994,13.0,0.0,0.0,0.0,0.0,0.0,0.0
commit:13,32,0,595.2,719207982206.0844,719207982206.0844,3119.5551839807713,1748212321250.304,13.0,0.0,0.0,0.0,0.0,0.0,0.0
commit:13,32,1,148.8,359603991103.0422,359603991103.0422,1559.7775919903856,437053080312.576,13.0,0.0,0.0,0.0,0.0,0.0,0.0
commit:13,33,0,576.0,699487763339.1433,699487763339.1433,3034.018993452266,1691818375403.5198,13.0,0.0,0.0,0.0,0.0,0.0,0.0
commit:13,33,1,144.0,349743881669.57166,349743881669.57166,1517.009496726133,422954593850.87994,13.0,0.0,0.0,0.0,0.0,0.0,0.0
commit:13,34,0,595.2,726418042227.7002,726418042227.7002,3150.8287247001776,1748212321250.304,13.0,0.0,0.0,0.0,0.0,0.0,0.0
commit:13,34,1,148.8,363209021113.8501,363209021113.8501,1575.4143623500888,437053080312.576,13.0,0.0,0.0,0.0,0.0,0.0,0.0
commit:13,35,0,595.2,730050132438.8386,730050132438.8386,3166.582868323678,1748212321250.304,13.0,0.0,0.0,0.0,0.0,0.0,0.0
commit:13,35,1,148.8,365025066219.4193,365025066219.4193,1583.291434161839,437053080312.576,13.0,0.0,0.0,0.0,0.0,0.0,0.0
commit:13,36,0,576.0,710032628807.451,710032628807.451,3079.757209030932,1691818375403.5198,13.0,0.0,0.0,0.0,0.0,0.0,0.0
commit:13,36,1,144.0,355016314403.7255,355016314403.7255,1539.878604515466,422954593850.87994,13.0,0.0,0.0,0.0,0.0,0.0,0.0
commit:14,1,0,595.2,616178562048.0001,616178562048.0001,2672.666426196395,1882690192115.712,14.0,0.0,0.0,0.0,0.0,0.0,0.0
commit:14,1,1,148.8,308089281024.00006,308089281024.00006,1336.3332130981976,470672548028.928,14.0,0.0,0.0,0.0,0.0,0.0,0.0
commit:14,2,0,576.0,599283343411.2001,599283343411.2001,2599.38363709101,1821958250434.5596,14.0,0.0,0.0,0.0,0.0,0.0,0.0
commit:14,2,1,144.0,299641671705.60004,299641671705.60004,1299.691818545505,455489562608.6399,14.0,0.0,0.0,0.0,0.0,0.0,0.0
commit:14,3,0,595.2,622355752132.5311,622355752132.5311,2699.459907119013,1882690192115.712,14.0,0.0,0.0,0.0,0.0,0.0,0.0
commit:14,3,1,148.8,311177876066.26556,311177876066.26556,1349.7299535595066,470672548028.928,14.0,0.0,0.0,0.0,0.0,0.0,0.0
commit:14,4,0,595.2,625467530893.1937,625467530893.1937,2712.957206654608,1882690192115.712,14.0,0.0,0.0,0.0,0.0,0.0,0.0
commit:14,4,1,148.8,312733765446.59686,312733765446.59686,1356.478603327304,470672548028.928,14.0,0.0,0.0,0.0,0.0,0.0,0.0
commit:14,5,0,537.6,567763107075.3055,567763107075.3055,2462.66502565357,1700494367072.2559,14.0,0.0,0.0,0.0,0.0,0.0,0.0
commit:14,5,1,134.4,283881553537.6528,283881553537.6528,1231.332512826785,425123591768.06396,14.0,0.0,0.0,0.0,0.0,0.0,0.0
commit:14,6,0,595.2,631737842890.3978,631737842890.3978,2740.1546026513197,1882690192115.712,14.0,0.0,0.0,0.0,0.0,0.0,0.0
commit:14,6,1,148.8,315868921445.1989,315868921445.1989,1370.0773013256598,470672548028.928,14.0,0.0,0.0,0.0,0.0,0.0,0.0
commit:14,7,0,576.0,614415998811.145,614415998811.145,2665.0213312882997,1821958250434.5596,14.0,0.0,0.0,0.0,0.0,0.0,0.0
commit:14,7,1,144.0,307207999405.5725,307207999405.5725,1332.5106656441499,455489562608.6399,14.0,0.0,0.0,0.0,0.0,0.0,0.0
commit:14,8,0,595.2,638071014765.374,638071014765.374,2767.624652542899,1882690192115.712,14.0,0.0,0.0,0.0,0.0,0.0,0.0
commit:14,8,1,148.8,319035507382.687,319035507382.687,1383.8123262714496,470672548028.928,14.0,0.0,0.0,0.0,0.0,0.0,0.0
commit:14,9,0,576.0,620575519199.2267,620575519199.2267,2691.738170134465,1821958250434.5596,14.0,0.0,0.0,0.0,0.0,0.0,0.0
commit:14,9,1,144.0,310287759599.61334,310287759599.61334,1345.8690850672324,455489562608.6399,14.0,0.0,0.0,0.0,0.0,0.0,0.0
commit:14,10,0,595.2,644467676688.3967,644467676688.3967,2795.370089684641,1882690192115.712,14.0,0.0,0.0,0.0,0.0,0.0,0.0
commit:14,10,1,148.8,322233838344.19836,322233838344.19836,1397.6850448423204,470672548028.928,14.0,0.0,0.0,0.0,0.0,0.0,0.0
commit:14,11,0,595.2,647690015071.8387,647690015071.8387,2809.346940133064,1882690192115.712,14.0,0.0,0.0,0.0,0.0,0.0,0.0
commit:14,11,1,148.8,323845007535.9194,323845007535.9194,1404.673470066532,470672548028.928,14.0,0.0,0.0,0.0,0.0,0.0,0.0
commit:14,12,0,576.0,629930772723.0947,629930772723.0947,2732.316459516512,1821958250434.5596,14.0,0.0,0.0,0.0,0.0,0.0,0.0
commit:14,12,1,144.0,314965386361.54736,314965386361.54736,1366.158229758256,455489562608.6399,14.0,0.0,0.0,0.0,0.0,0.0,0.0
commit:14,13,0,595.2,654183107472.9337,654183107472.9337,2837.5106432078974,1882690192115.712,14.0,0.0,0.0,0.0,0.0,0.0,0.0
commit:14,13,1,148.8,327091553736.46686,327091553736.46686,1418.7553216039487,470672548028.928,14.0,0.0,0.0,0.0,0.0,0.0,0.0
commit:14,14,0,576.0,636245828719.6436,636245828719.6436,2759.707932023164,1821958250434.5596,14.0,0.0,0.0,0.0,0.0,0.0,0.0
commit:14,14,1,144.0,318122914359.8218,318122914359.8218,1379.853966011582,455489562608.6399,14.0,0.0,0.0,0.0,0.0,0.0,0.0
commit:14,15,0,595.2,660741293125.3497,660741293125.3497,2865.9566874060556,1882690192115.712,14.0,0.0,0.0,0.0,0.0,0.0,0.0
commit:14,15,1,148.8,330370646562.67487,330370646562.67487,1432.9783437030278,470672548028.928,14.0,0.0,0.0,0.0,0.0,0.0,0.0
commit:14,16,0,595.2,664044999590.9764,664044999590.9764,2880.2864708430857,1882690192115.712,14.0,0.0,0.0,0.0,0.0,0.0,0.0
commit:14,16,1,148.8,332022499795.4882,332022499795.4882,1440.1432354215428,470672548028.928,14.0,0.0,0.0,0.0,0.0,0.0,0.0
commit:14,17,0,556.8000000000001,624309403647.71,624309403647.71,2707.933844926508,1761226308753.408,14.0,0.0,0.0,0.0,0.0,0.0,0.0
commit:14,17,1,139.20000000000002,312154701823.855,312154701823.855,1353.966922463254,440306577188.352,14.0,0.0,0.0,0.0,0.0,0.0,0.0
commit:14,18,0,595.2,670702050711.8757,670702050711.8757,2909.1613427132866,1882690192115.712,14.0,0.0,0.0,0.0,0.0,0.0,0.0
commit:14,18,1,148.8,335351025355.93787,335351025355.93787,1454.5806713566433,470672548028.928,14.0,0.0,0.0,0.0,0.0,0.0,0.0
commit:14,19,0,576.0,652311833192.3566,652311833192.3566,2829.394015574374,1821958250434.5596,14.0,0.0,0.0,0.0,0.0,0.0,0.0
commit:14,19,1,144.0,326155916596.1783,326155916596.1783,1414.697007787187,455489562608.6399,14.0,0.0,0.0,0.0,0.0,0.0,0.0
commit:14,20,0,595.2,677425838770.2622,677425838770.2622,2938.325685173987,1882690192115.712,14.0,0.0,0.0,0.0,0.0,0.0,0.0
commit:14,20,1,148.8,338712919385.1311,338712919385.1311,1469.1628425869935,470672548028.928,14.0,0.0,0.0,0.0,0.0,0.0,0.0
commit:14,21,0,576.0,658851259320.1097,658851259320.1097,2857.7586905805065,1821958250434.5596,14.0,0.0,0.0,0.0,0.0,0.0,0.0
commit:14,21,1,144.0,329425629660.0549,329425629660.0549,1428.8793452902532,455489562608.6399,14.0,0.0,0.0,0.0,0.0,0.0,0.0
commit:14,22,0,595.2,684217032803.934,684217032803.934,2967.782400167856,1882690192115.712,14.0,0.0,0.0,0.0,0.0,0.0,0.0
commit:14,22,1,148.8,342108516401.967,342108516401.967,1483.891200083928,470672548028.928,14.0,0.0,0.0,0.0,0.0,0.0,0.0
commit:14,23,0,595.2,687638117967.9535,687638117967.9535,2982.621312168694,1882690192115.712,14.0,0.0,0.0,0.0,0.0,0.0,0.0
commit:14,23,1,148.8,343819058983.97675,343819058983.97675,1491.310656084347,470672548028.928,14.0,0.0,0.0,0.0,0.0,0.0,0.0
commit:14,24,0,576.0,668783524410.7677,668783524410.7677,2900.839760060843,1821958250434.5596,14.0,0.0,0.0,0.0,0.0,0.0,0.0
commit:14,24,1,144.0,334391762205.38385,334391762205.38385,1450.4198800304216,455489562608.6399,14.0,0.0,0.0,0.0,0.0,0.0,0.0
commit:14,25,0,595.2,694531690100.5822,694531690100.5822,3012.5220908231854,1882690192115.712,14.0,0.0,0.0,0.0,0.0,0.0,0.0
commit:14,25,1,148.8,347265845050.2911,347265845050.2911,1506.2610454115927,470672548028.928,14.0,0.0,0.0,0.0,0.0,0.0,0.0
commit:14,26,0,576.0,675488079242.9854,675488079242.9854,2929.920678655452,1821958250434.5596,14.0,0.0,0.0,0.0,0.0,0.0,0.0
commit:14,26,1,144.0,337744039621.4927,337744039621.4927,1464.960339327726,455489562608.6399,14.0,0.0,0.0,0.0,0.0,0.0,0.0
commit:14,27,0,595.2,701494370293.8403,701494370293.8403,3042.722624783687,1882690192115.712,14.0,0.0,0.0,0.0,0.0,0.0,0.0
commit:14,27,1,148.8,350747185146.92017,350747185146.92017,1521.3613123918435,470672548028.928,14.0,0.0,0.0,0.0,0.0,0.0,0.0
commit:14,28,0,595.2,705001842145.3094,705001842145.3094,3057.936237907605,1882690192115.712,14.0,0.0,0.0,0.0,0.0,0.0,0.0
commit:14,28,1,148.8,352500921072.6547,352500921072.6547,1528.9681189538026,470672548028.928,14.0,0.0,0.0,0.0,0.0,0.0,0.0
commit:14,29,0,537.6,639959736708.6776,639959736708.6776,2775.8169591845162,1700494367072.2559,14.0,0.0,0.0,0.0,0.0,0.0,0.0
commit:14,29,1,134.4,319979868354.3388,319979868354.3388,1387.9084795922581,425123591768.06396,14.0,0.0,0.0,0.0,0.0,0.0,0.0
commit:14,30,0,595.2,712069485612.816,712069485612.816,3088.5920486926284,1882690192115.712,14.0,0.0,0.0,0.0,0.0,0.0,0.0
commit:14,30,1,148.8,356034742806.408,356034742806.408,1544.2960243463142,470672548028.928,14.0,0.0,0.0,0.0,0.0,0.0,0.0
commit:14,31,0,576.0,692544999716.9807,692544999716.9807,3003.9048473575076,1821958250434.5596,14.0,0.0,0.0,0.0,0.0,0.0,0.0
commit:14,31,1,144.0,346272499858.49036,346272499858.49036,1501.9524236787538,455489562608.6399,14.0,0.0,0.0,0.0,0.0,0.0,0.0
commit:14,32,0,595.2,719207982206.0844,719207982206.0844,3119.5551839807713,1882690192115.712,14.0,0.0,0.0,0.0,0.0,0.0,0.0
commit:14,32,1,148.8,359603991103.0422,359603991103.0422,1559.7775919903856,470672548028.928,14.0,0.0,0.0,0.0,0.0,0.0,0.0
commit:14,33,0,576.0,699487763339.1433,699487763339.1433,3034.018993452266,1821958250434.5596,14.0,0.0,0.0,0.0,0.0,0.0,0.0
commit:14,33,1,144.0,349743881669.57166,349743881669.57166,1517.009496726133,455489562608.6399,14.0,0.0,0.0,0.0,0.0,0.0,0.0
commit:14,34,0,595.2,726418042227.7002,726418042227.7002,3150.8287247001776,1882690192115.712,14.0,0.0,0.0,0.0,0.0,0.0,0.0
commit:14,34,1,148.8,363209021113.8501,363209021113.8501,1575.4143623500888,470672548028.928,14.0,0.0,0.0,0.0,0.0,0.0,0.0
commit:14,35,0,595.2,730050132438.8386,730050132438.8386,3166.582868323678,1882690192115.712,14.0,0.0,0.0,0.0,0.0,0.0,0.0
commit:14,35,1,148.8,365025066219.4193,365025066219.4193,1583.291434161839,470672548028.928,14.0,0.0,0.0,0.0,0.0,0.0,0.0
commit:14,36,0,576.0,710032628807.451,710032628807.451,3079.757209030932,1821958250434.5596,14.0,0.0,0.0,0.0,0.0,0.0,0.0
commit:14,36,1,144.0,355016314403.7255,355016314403.7255,1539.878604515466,455489562608.6399,14.0,0.0,0.0,0.0,0.0,0.0,0.0
commit:15,1,0,595.2,616178562048.0001,616178562048.0001,2672.666426196395,2017168062981.1199,15.0,0.0,0.0,0.0,0.0,0.0,0.0
commit:15,1,1,148.8,308089281024.00006,308089281024.00006,1336.3332130981976,504292015745.27997,15.0,0.0,0.0,0.0,0.0,0.0,0.0
commit:15,2,0,576.0,599283343411.2001,599283343411.2001,2599.38363709101,1952098125465.5996,15.0,0.0,0.0,0.0,0.0,0.0,0.0
commit:15,2,1,144.0,299641671705.60004,299641671705.60004,1299.691818545505,488024531366.3999,15.0,0.0,0.0,0.0,0.0,0.0,0.0
commit:15,3,0,595.2,622355752132.5311,622355752132.5311,2699.459907119013,2017168062981.1199,15.0,0.0,0.0,0.0,0.0,0.0,0.0
commit:15,3,1,148.8,311177876066.26556,311177876066.26556,1349.7299535595066,504292015745.27997,15.0,0.0,0.0,0.0,0.0,0.0,0.0
commit:15,4,0,595.2,625467530893.1937,625467530893.1937,2712.957206654608,2017168062981.1199,15.0,0.0,0.0,0.0,0.0,0.0,0.0
commit:15,4,1,148.8,312733765446.59686,312733765446.59686,1356.478603327304,504292015745.27997,15.0,0.0,0.0,0.0,0.0,0.0,0.0
commit:15,5,0,537.6,567763107075.3055,567763107075.3055,2462.66502565357,1821958250434.5598,15.0,0.0,0.0,0.0,0.0,0.0,0.0
commit:15,5,1,134.4,283881553537.6528,283881553537.6528,1231.332512826785,455489562608.63995,15.0,0.0,0.0,0.0,0.0,0.0,0.0
commit:15,6,0,595.2,631737842890.3978,631737842890.3978,2740.1546026513197,2017168062981.1199,15.0,0.0,0.0,0.0,0.0,0.0,0.0
commit:15,6,1,148.8,315868921445.1989,315868921445.1989,1370.0773013256598,504292015745.27997,15.0,0.0,0.0,0.0,0.0,0.0,0.0
commit:15,7,0,576.0,614415998811.145,614415998811.145,2665.0213312882997,1952098125465.5996,15.0,0.0,0.0,0.0,0.0,0.0,0.0
commit:15,7,1,144.0,307207999405.5725,307207999405.5725,1332.5106656441499,488024531366.3999,15.0,0.0,0.0,0.0,0.0,0.0,0.0
commit:15,8,0,595.2,638071014765.374,638071014765.374,2767.624652542899,2017168062981.1199,15.0,0.0,0.0,0.0,0.0,0.0,0.0
commit:15,8,1,148.8,319035507382.687,319035507382.687,1383.8123262714496,504292015745.27997,15.0,0.0,0.0,0.0,0.0,0.0,0.0
commit:15,9,0,576.0,620575519199.2267,620575519199.2267,2691.738170134465,1952098125465.5996,15.0,0.0,0.0,0.0,0.0,0.0,0.0
commit:15,9,1,144.0,310287759599.61334,310287759599.61334,1345.8690850672324,488024531366.3999,15.0,0.0,0.0,0.0,0.0,0.0,0.0
commit:15,10,0,595.2,644467676688.3967,644467676688.3967,2795.370089684641,2017168062981.1199,15.0,0.0,0.0,0.0,0.0,0.0,0.0
commit:15,10,1,148.8,322233838344.19836,322233838344.19836,1397.6850448423204,504292015745.27997,15.0,0.0,0.0,0.0,0.0,0.0,0.0
commit:15,11,0,595.2,647690015071.8387,647690015071.8387,2809.346940133064,2017168062981.1199,15.0,0.0,0.0,0.0,0.0,0.0,0.0
commit:15,11,1,148.8,323845007535.9194,323845007535.9194,1404.673470066532,504292015745.27997,15.0,0.0,0.0,0.0,0.0,0.0,0.0
commit:15,12,0,576.0,629930772723.0947,629930772723.0947,2732.316459516512,1952098125465.5996,15.0,0.0,0.0,0.0,0.0,0.0,0.0
commit:15,12,1,144.0,314965386361.54736,314965386361.54736,1366.158229758256,488024531366.3999,15.0,0.0,0.0,0.0,0.0,0.0,0.0
commit:15,13,0,595.2,654183107472.9337,654183107472.9337,2837.5106432078974,2017168062981.1199,15.0,0.0,0.0,0.0,0.0,0.0,0.0
commit:15,13,1,148.8,327091553736.46686,327091553736.46686,1418.7553216039487,504292015745.27997,15.0,0.0,0.0,0.0,0.0,0.0,0.0
commit:15,14,0,576.0,636245828719.6436,636245828719.6436,2759.707932023164,1952098125465.5996,15.0,0.0,0.0,0.0,0.0,0.0,0.0
commit:15,14,1,144.0,318122914359.8218,318122914359.8218,1379.853966011582,488024531366.3999,15.0,0.0,0.0,0.0,0.0,0.0,0.0
commit:15,15,0,595.2,660741293125.3497,660741293125.3497,2865.9566874060556,2017168062981.1199,15.0,0.0,0.0,0.0,0.0,0.0,0.0
commit:15,15,1,148.8,330370646562.67487,330370646562.67487,1432.9783437030278,504292015745.27997,15.0,0.0,0.0,0.0,0.0,0.0,0.0
commit:15,16,0,595.2,664044999590.9764,664044999590.9764,2880.2864708430857,2017168062981.1199,15.0,0.0,0.0,0.0,0.0,0.0,0.0
commit:15,16,1,148.8,332022499795.4882,332022499795.4882,1440.1432354215428,504292015745.27997,15.0,0.0,0.0,0.0,0.0,0.0,0.0
commit:15,17,0,556.8000000000001,624309403647.71,624309403647.71,2707.933844926508,1887028187950.0798,15.0,0.0,0.0,0.0,0.0,0.0,0.0
commit:15,17,1,139.20000000000002,312154701823.855,312154701823.855,1353.966922463254,471757046987.51996,15.0,0.0,0.0,0.0,0.0,0.0,0.0
commit:15,18,0,595.2,670702050711.8757,670702050711.8757,2909.1613427132866,2017168062981.1199,15.0,0.0,0.0,0.0,0.0,0.0,0.0
commit:15,18,1,148.8,335351025355.93787,335351025355.93787,1454.5806713566433,504292015745.27997,15.0,0.0,0.0,0.0,0.0,0.0,0.0
commit:15,19,0,576.0,652311833192.3566,652311833192.3566,2829.394015574374,1952098125465.5996,15.0,0.0,0.0,0.0,0.0,0.0,0.0
commit:15,19,1,144.0,326155916596.1783,326155916596.1783,1414.697007787187,488024531366.3999,15.0,0.0,0.0,0.0,0.0,0.0,0.0
commit:15,20,0,595.2,677425838770.2622,677425838770.2622,2938.325685173987,2017168062981.1199,15.0,0.0,0.0,0.0,0.0,0.0,0.0
commit:15,20,1,148.8,338712919385.1311,338712919385.1311,1469.1628425869935,504292015745.27997,15.0,0.0,0.0,0.0,0.0,0.0,0.0
commit:15,21,0,576.0,658851259320.1097,658851259320.1097,2857.7586905805065,1952098125465.5996,15.0,0.0,0.0,0.0,0.0,0.0,0.0
commit:15,21,1,144.0,329425629660.0549,329425629660.0549,1428.8793452902532,488024531366.3999,15.0,0.0,0.0,0.0,0.0,0.0,0.0
commit:15,22,0,595.2,684217032803.934,684217032803.934,2967.782400167856,2017168062981.1199,15.0,0.0,0.0,0.0,0.0,0.0,0.0
commit:15,22,1,148.8,342108516401.967,342108516401.967,1483.891200083928,504292015745.27997,15.0,0.0,0.0,0.0,0.0,0.0,0.0
commit:15,23,0,595.2,687638117967.9535,687638117967.9535,2982.621312168694,2017168062981.1199,15.0,0.0,0.0,0.0,0.0,0.0,0.0
commit:15,23,1,148.8,343819058983.97675,343819058983.97675,1491.310656084347,504292015745.27997,15.0,0.0,0.0,0.0,0.0,0.0,0.0
commit:15,24,0,576.0,668783524410.7677,668783524410.7677,2900.839760060843,1952098125465.5996,15.0,0.0,0.0,0.0,0.0,0.0,0.0
commit:15,24,1,144.0,334391762205.38385,334391762205.38385,1450.4198800304216,488024531366.3999,15.0,0.0,0.0,0.0,0.0,0.0,0.0
commit:15,25,0,595.2,694531690100.5822,694531690100.5822,3012.5220908231854,2017168062981.1199,15.0,0.0,0.0,0.0,0.0,0.0,0.0
commit:15,25,1,148.8,347265845050.2911,347265845050.2911,1506.2610454115927,504292015745.27997,15.0,0.0,0.0,0.0,0.0,0.0,0.0
commit:15,26,0,576.0,675488079242.9854,675488079242.9854,2929.920678655452,1952098125465.5996,15.0,0.0,0.0,0.0,0.0,0.0,0.0
commit:15,26,1,144.0,337744039621.4927,337744039621.4927,1464.960339327726,488024531366.3999,15.0,0.0,0.0,0.0,0.0,0.0,0.0
commit:15,27,0,595.2,701494370293.8403,701494370293.8403,3042.722624783687,2017168062981.1199,15.0,0.0,0.0,0.0,0.0,0.0,0.0
commit:15,27,1,148.8,350747185146.92017,350747185146.92017,1521.3613123918435,504292015745.27997,15.0,0.0,0.0,0.0,0.0,0.0,0.0
commit:15,28,0,595.2,705001842145.3094,705001842145.3094,3057.936237907605,2017168062981.1199,15.0,0.0,0.0,0.0,0.0,0.0,0.0
commit:15,28,1,148.8,352500921072.6547,352500921072.6547,1528.9681189538026,504292015745.27997,15.0,0.0,0.0,0.0,0.0,0.0,0.0
commit:15,29,0,537.6,639959736708.6776,639959736708.6776,2775.8169591845162,1821958250434.5598,15.0,0.0,0.0,0.0,0.0,0.0,0.0
commit:15,29,1,134.4,319979868354.3388,319979868354.3388,1387.9084795922581,455489562608.63995,15.0,0.0,0.0,0.0,0.0,0.0,0.0
commit:15,30,0,595.2,712069485612.816,712069485612.816,3088.5920486926284,2017168062981.1199,15.0,0.0,0.0,0.0,0.0,0.0,0.0
commit:15,30,1,148.8,356034742806.408,356034742806.408,1544.2960243463142,504292015745.27997,15.0,0.0,0.0,0.0,0.0,0.0,0.0
commit:15,31,0,576.0,692544999716.9807,692544999716.9807,3003.9048473575076,1952098125465.5996,15.0,0.0,0.0,0.0,0.0,0.0,0.0
commit:15,31,1,144.0,346272499858.49036,346272499858.49036,1501.9524236787538,488024531366.3999,15.0,0.0,0.0,0.0,0.0,0.0,0.0
commit:15,32,0,595.2,719207982206.0844,719207982206.0844,3119.5551839807713,2017168062981.1199,15.0,0.0,0.0,0.0,0.0,0.0,0.0
commit:15,32,1,148.8,359603991103.0422,359603991103.0422,1559.7775919903856,504292015745.27997,15.0,0.0,0.0,0.0,0.0,0.0,0.0
commit:15,33,0,576.0,699487763339.1433,699487763339.1433,3034.018993452266,1952098125465.5996,15.0,0.0,0.0,0.0,0.0,0.0,0.0
commit:15,33,1,144.0,349743881669.57166,349743881669.57166,1517.009496726133,488024531366.3999,15.0,0.0,0.0,0.0,0.0,0.0,0.0
commit:15,34,0,595.2,726418042227.7002,726418042227.7002,3150.8287247001776,2017168062981.1199,15.0,0.0,0.0,0.0,0.0,0.0,0.0
commit:15,34,1,148.8,363209021113.8501,363209021113.8501,1575.4143623500888,504292015745.27997,15.0,0.0,0.0,0.0,0.0,0.0,0.0
commit:15,35,0,595.2,730050132438.8386,730050132438.8386,3166.582868323678,2017168062981.1199,15.0,0.0,0.0,0.0,0.0,0.0,0.0
commit:15,35,1,148.8,365025066219.4193,365025066219.4193,1583.291434161839,504292015745.27997,15.0,0.0,0.0,0.0,0.0,0.0,0.0
commit:15,36,0,576.0,710032628807.451,710032628807.451,3079.757209030932,1952098125465.5996,15.0,0.0,0.0,0.0,0.0,0.0,0.0
commit:15,36,1,144.0,355016314403.7255,355016314403.7255,1539.878604515466,488024531366.3999,15.0,0.0,0.0,0.0,0.0,0.0,0.0
commit:16,1,0,595.2,616178562048.0001,616178562048.0001,2672.666426196395,2151645933846.5278,16.0,0.0,0.0,0.0,0.0,0.0,0.0
commit:16,1,1,148.8,308089281024.00006,308089281024.00006,1336.3332130981976,537911483461.63196,16.0,0.0,0.0,0.0,0.0,0.0,0.0
commit:16,2,0,576.0,599283343411.2001,599283343411.2001,2599.38363709101,2082238000496.6396,16.0,0.0,0.0,0.0,0.0,0.0,0.0
commit:16,2,1,144.0,299641671705.60004,299641671705.60004,1299.691818545505,520559500124.1599,16.0,0.0,0.0,0.0,0.0,0.0,0.0
commit:16,3,0,595.2,622355752132.5311,622355752132.5311,2699.459907119013,2151645933846.5278,16.0,0.0,0.0,0.0,0.0,0.0,0.0
commit:16,3,1,148.8,311177876066.26556,311177876066.26556,1349.7299535595066,537911483461.63196,16.0,0.0,0.0,0.0,0.0,0.0,0.0
commit:16,4,0,595.2,625467530893.1937,625467530893.1937,2712.957206654608,2151645933846.5278,16.0,0.0,0.0,0.0,0.0,0.0,0.0
commit:16,4,1,148.8,312733765446.59686,312733765446.59686,1356.478603327304,537911483461.63196,16.0,0.0,0.0,0.0,0.0,0.0,0.0
commit:16,5,0,537.6,567763107075.3055,567763107075.3055,2462.66502565357,1943422133796.8638,16.0,0.0,0.0,0.0,0.0,0.0,0.0
commit:16,5,1,134.4,283881553537.6528,283881553537.6528,1231.332512826785,485855533449.21594,16.0,0.0,0.0,0.0,0.0,0.0,0.0
commit:16,6,0,595.2,631737842890.3978,631737842890.3978,2740.1546026513197,2151645933846.5278,16.0,0.0,0.0,0.0,0.0,0.0,0.0
commit:16,6,1,148.8,315868921445.1989,315868921445.1989,1370.0773013256598,537911483461.63196,16.0,0.0,0.0,0.0,0.0,0.0,0.0
commit:16,7,0,576.0,614415998811.145,614415998811.145,2665.0213312882997,2082238000496.6396,16.0,0.0,0.0,0.0,0.0,0.0,0.0
commit:16,7,1,144.0,307207999405.5725,307207999405.5725,1332.5106656441499,520559500124.1599,16.0,0.0,0.0,0.0,0.0,0.0,0.0
commit:16,8,0,595.2,638071014765.374,638071014765.374,2767.624652542899,2151645933846.5278,16.0,0.0,0.0,0.0,0.0,0.0,0.0
commit:16,8,1,148.8,319035507382.687,319035507382.687,1383.8123262714496,537911483461.63196,16.0,0.0,0.0,0.0,0.0,0.0,0.0
commit:16,9,0,576.0,620575519199.2267,620575519199.2267,2691.738170134465,2082238000496.6396,16.0,0.0,0.0,0.0,0.0,0.0,0.0
commit:16,9,1,144.0,310287759599.61334,310287759599.61334,1345.8690850672324,520559500124.1599,16.0,0.0,0.0,0.0,0.0,0.0,0.0
commit:16,10,0,595.2,644467676688.3967,644467676688.3967,2795.370089684641,2151645933846.5278,16.0,0.0,0.0,0.0,0.0,0.0,0.0
commit:16,10,1,148.8,322233838344.19836,322233838344.19836,1397.6850448423204,537911483461.63196,16.0,0.0,0.0,0.0,0.0,0.0,0.0
commit:16,11,0,595.2,647690015071.8387,647690015071.8387,2809.346940133064,2151645933846.5278,16.0,0.0,0.0,0.0,0.0,0.0,0.0
commit:16,11,1,148.8,323845007535.9194,323845007535.9194,1404.673470066532,537911483461.63196,16.0,0.0,0.0,0.0,0.0,0.0,0.0
commit:16,12,0,576.0,629930772723.0947,629930772723.0947,2732.316459516512,2082238000496.6396,16.0,0.0,0.0,0.0,0.0,0.0,0.0
commit:16,12,1,144.0,314965386361.54736,314965386361.54736,1366.158229758256,520559500124.1599,16.0,0.0,0.0,0.0,0.0,0.0,0.0
commit:16,13,0,595.2,654183107472.9337,654183107472.9337,2837.5106432078974,2151645933846.5278,16.0,0.0,0.0,0.0,0.0,0.0,0.0
commit:16,13,1,148.8,327091553736.46686,327091553736.46686,1418.7553216039487,537911483461.63196,16.0,0.0,0.0,0.0,0.0,0.0,0.0
commit:16,14,0,576.0,636245828719.6436,636245828719.6436,2759.707932023164,2082238000496.6396,16.0,0.0,0.0,0.0,0.0,0.0,0.0
commit:16,14,1,144.0,318122914359.8218,318122914359.8218,1379.853966011582,520559500124.1599,16.0,0.0,0.0,0.0,0.0,0.0,0.0
commit:16,15,0,595.2,660741293125.3497,660741293125.3497,2865.9566874060556,2151645933846.5278,16.0,0.0,0.0,0.0,0.0,0.0,0.0
commit:16,15,1,148.8,330370646562.67487,330370646562.67487,1432.9783437030278,537911483461.63196,16.0,0.0,0.0,0.0,0.0,0.0,0.0
commit:16,16,0,595.2,664044999590.9764,664044999590.9764,2880.2864708430857,2151645933846.5278,16.0,0.0,0.0,0.0,0.0,0.0,0.0
commit:16,16,1,148.8,332022499795.4882,332022499795.4882,1440.1432354215428,537911483461.63196,16.0,0.0,0.0,0.0,0.0,0.0,0.0
commit:16,17,0,556.8000000000001,624309403647.71,624309403647.71,2707.933844926508,2012830067146.752,16.0,0.0,0.0,0.0,0.0,0.0,0.0
commit:16,17,1,139.20000000000002,312154701823.855,312154701823.855,1353.966922463254,503207516786.688,16.0,0.0,0.0,0.0,0.0,0.0,0.0
commit:16,18,0,595.2,670702050711.8757,670702050711.8757,2909.1613427132866,2151645933846.5278,16.0,0.0,0.0,0.0,0.0,0.0,0.0
commit:16,18,1,148.8,335351025355.93787,335351025355.93787,1454.5806713566433,537911483461.63196,16.0,0.0,0.0,0.0,0.0,0.0,0.0
commit:16,19,0,576.0,652311833192.3566,652311833192.3566,2829.394015574374,2082238000496.6396,16.0,0.0,0.0,0.0,0.0,0.0,0.0
commit:16,19,1,144.0,326155916596.1783,326155916596.1783,1414.697007787187,520559500124.1599,16.0,0.0,0.0,0.0,0.0,0.0,0.0
commit:16,20,0,595.2,677425838770.2622,677425838770.2622,2938.325685173987,2151645933846.5278,16.0,0.0,0.0,0.0,0.0,0.0,0.0
commit:16,20,1,148.8,338712919385.1311,338712919385.1311,1469.1628425869935,537911483461.63196,16.0,0.0,0.0,0.0,0.0,0.0,0.0
commit:16,21,0,576.0,658851259320.1097,658851259320.1097,2857.7586905805065,2082238000496.6396,16.0,0.0,0.0,0.0,0.0,0.0,0.0
commit:16,21,1,144.0,329425629660.0549,329425629660.0549,1428.8793452902532,520559500124.1599,16.0,0.0,0.0,0.0,0.0,0.0,0.0
commit:16,22,0,595.2,684217032803.934,684217032803.934,2967.782400167856,2151645933846.5278,16.0,0.0,0.0,0.0,0.0,0.0,0.0
commit:16,22,1,148.8,342108516401.967,342108516401.967,1483.891200083928,537911483461.63196,16.0,0.0,0.0,0.0,0.0,0.0,0.0
commit:16,23,0,595.2,687638117967.9535,687638117967.9535,2982.621312168694,2151645933846.5278,16.0,0.0,0.0,0.0,0.0,0.0,0.0
commit:16,23,1,148.8,343819058983.97675,343819058983.97675,1491.310656084347,537911483461.63196,16.0,0.0,0.0,0.0,0.0,0.0,0.0
commit:16,24,0,576.0,668783524410.7677,668783524410.7677,2900.839760060843,2082238000496.6396,16.0,0.0,0.0,0.0,0.0,0.0,0.0
commit:16,24,1,144.0,334391762205.38385,334391762205.38385,1450.4198800304216,520559500124.1599,16.0,0.0,0.0,0.0,0.0,0.0,0.0
commit:16,25,0,595.2,694531690100.5822,694531690100.5822,3012.5220908231854,2151645933846.5278,16.0,0.0,0.0,0.0,0.0,0.0,0.0
commit:16,25,1,148.8,347265845050.2911,347265845050.2911,1506.2610454115927,537911483461.63196,16.0,0.0,0.0,0.0,0.0,0.0,0.0
commit:16,26,0,576.0,675488079242.9854,675488079242.9854,2929.920678655452,2082238000496.6396,16.0,0.0,0.0,0.0,0.0,0.0,0.0
commit:16,26,1,144.0,337744039621.4927,337744039621.4927,1464.960339327726,520559500124.1599,16.0,0.0,0.0,0.0,0.0,0.0,0.0
commit:16,27,0,595.2,701494370293.8403,701494370293.8403,3042.722624783687,2151645933846.5278,16.0,0.0,0.0,0.0,0.0,0.0,0.0
commit:16,27,1,148.8,350747185146.92017,350747185146.92017,1521.3613123918435,537911483461.63196,16.0,0.0,0.0,0.0,0.0,0.0,0.0
commit:16,28,0,595.2,705001842145.3094,705001842145.3094,3057.936237907605,2151645933846.5278,16.0,0.0,0.0,0.0,0.0,0.0,0.0
commit:16,28,1,148.8,352500921072.6547,352500921072.6547,1528.9681189538026,537911483461.63196,16.0,0.0,0.0,0.0,0.0,0.0,0.0
commit:16,29,0,537.6,639959736708.6776,639959736708.6776,2775.8169591845162,1943422133796.8638,16.0,0.0,0.0,0.0,0.0,0.0,0.0
commit:16,29,1,134.4,319979868354.3388,319979868354.3388,1387.9084795922581,485855533449.21594,16.0,0.0,0.0,0.0,0.0,0.0,0.0
commit:16,30,0,595.2,712069485612.816,712069485612.816,3088.5920486926284,2151645933846.5278,16.0,0.0,0.0,0.0,0.0,0.0,0.0
commit:16,30,1,148.8,356034742806.408,356034742806.408,1544.2960243463142,537911483461.63196,16.0,0.0,0.0,0.0,0.0,0.0,0.0
commit:16,31,0,576.0,692544999716.9807,692544999716.9807,3003.9048473575076,2082238000496.6396,16.0,0.0,0.0,0.0,0.0,0.0,0.0
commit:16,31,1,144.0,346272499858.49036,346272499858.49036,1501.9524236787538,520559500124.1599,16.0,0.0,0.0,0.0,0.0,0.0,0.0
commit:16,32,0,595.2,719207982206.0844,719207982206.0844,3119.5551839807713,2151645933846.5278,16.0,0.0,0.0,0.0,0.0,0.0,0.0
commit:16,32,1,148.8,359603991103.0422,359603991103.0422,1559.7775919903856,537911483461.63196,16.0,0.0,0.0,0.0,0.0,0.0,0.0
commit:16,33,0,576.0,699487763339.1433,699487763339.1433,3034.018993452266,2082238000496.6396,16.0,0.0,0.0,0.0,0.0,0.0,0.0
commit:16,33,1,144.0,349743881669.57166,349743881669.57166,1517.009496726133,520559500124.1599,16.0,0.0,0.0,0.0,0.0,0.0,0.0
commit:16,34,0,595.2,726418042227.7002,726418042227.7002,3150.8287247001776,2151645933846.5278,16.0,0.0,0.0,0.0,0.0,0.0,0.0
commit:16,34,1,148.8,363209021113.8501,363209021113.8501,1575.4143623500888,537911483461.63196,16.0,0.0,0.0,0.0,0.0,0.0,0.0
commit:16,35,0,595.2,730050132438.8386,730050132438.8386,3166.582868323678,2151645933846.5278,16.0,0.0,0.0,0.0,0.0,0.0,0.0
commit:16,35,1,148.8,365025066219.4193,365025066219.4193,1583.291434161839,537911483461.63196,16.0,0.0,0.0,0.0,0.0,0.0,0.0
commit:16,36,0,576.0,710032628807.451,710032628807.451,3079.757209030932,2082238000496.6396,16.0,0.0,0.0,0.0,0.0,0.0,0.0
commit:16,36,1,144.0,355016314403.7255,355016314403.7255,1539.878604515466,520559500124.1599,16.0,0.0,0.0,0.0,0.0,0.0,0.0
commit:17,1,0,595.2,616178562048.0001,616178562048.0001,2672.666426196395,2286123804711.9355,17.0,0.0,0.0,0.0,0.0,0.0,0.0
commit:17,1,1,148.8,308089281024.00006,308089281024.00006,1336.3332130981976,571530951177.9839,17.0,0.0,0.0,0.0,0.0,0.0,0.0
commit:17,2,0,576.0,599283343411.2001,599283343411.2001,2599.38363709101,2212377875527.6797,17.0,0.0,0.0,0.0,0.0,0.0,0.0
commit:17,2,1,144.0,299641671705.60004,299641671705.60004,1299.691818545505,553094468881.9199,17.0,0.0,0.0,0.0,0.0,0.0,0.0
commit:17,3,0,595.2,622355752132.5311,622355752132.5311,2699.459907119013,2286123804711.9355,17.0,0.0,0.0,0.0,0.0,0.0,0.0
commit:17,3,1,148.8,311177876066.26556,311177876066.26556,1349.7299535595066,571530951177.9839,17.0,0.0,0.0,0.0,0.0,0.0,0.0
commit:17,4,0,595.2,625467530893.1937,625467530893.1937,2712.957206654608,2286123804711.9355,17.0,0.0,0.0,0.0,0.0,0.0,0.0
commit:17,4,1,148.8,312733765446.59686,312733765446.59686,1356.478603327304,571530951177.9839,17.0,0.0,0.0,0.0,0.0,0.0,0.0
commit:17,5,0,537.6,567763107075.3055,567763107075.3055,2462.66502565357,2064886017159.1677,17.0,0.0,0.0,0.0,0.0,0.0,0.0
commit:17,5,1,134.4,283881553537.6528,283881553537.6528,1231.332512826785,516221504289.79193,17.0,0.0,0.0,0.0,0.0,0.0,0.0
commit:17,6,0,595.2,631737842890.3978,631737842890.3978,2740.1546026513197,2286123804711.9355,17.0,0.0,0.0,0.0,0.0,0.0,0.0
commit:17,6,1,148.8,315868921445.1989,315868921445.1989,1370.0773013256598,571530951177.9839,17.0,0.0,0.0,0.0,0.0,0.0,0.0
commit:17,7,0,576.0,614415998811.145,614415998811.145,2665.0213312882997,2212377875527.6797,17.0,0.0,0.0,0.0,0.0,0.0,0.0
commit:17,7,1,144.0,307207999405.5725,307207999405.5725,1332.5106656441499,553094468881.9199,17.0,0.0,0.0,0.0,0.0,0.0,0.0
commit:17,8,0,595.2,638071014765.374,638071014765.374,2767.624652542899,2286123804711.9355,17.0,0.0,0.0,0.0,0.0,0.0,0.0
commit:17,8,1,148.8,319035507382.687,319035507382.687,1383.8123262714496,571530951177.9839,17.0,0.0,0.0,0.0,0.0,0.0,0.0
commit:17,9,0,576.0,620575519199.2267,620575519199.2267,2691.738170134465,2212377875527.6797,17.0,0.0,0.0,0.0,0.0,0.0,0.0
commit:17,9,1,144.0,310287759599.61334,310287759599.61334,1345.8690850672324,553094468881.9199,17.0,0.0,0.0,0.0,0.0,0.0,0.0
commit:17,10,0,595.2,644467676688.3967,644467676688.3967,2795.370089684641,2286123804711.9355,17.0,0.0,0.0,0.0,0.0,0.0,0.0
commit:17,10,1,148.8,322233838344.19836,322233838344.19836,1397.6850448423204,571530951177.9839,17.0,0.0,0.0,0.0,0.0,0.0,0.0
commit:17,11,0,595.2,647690015071.8387,647690015071.8387,2809.346940133064,2286123804711.9355,17.0,0.0,0.0,0.0,0.0,0.0,0.0
commit:17,11,1,148.8,323845007535.9194,323845007535.9194,1404.673470066532,571530951177.9839,17.0,0.0,0.0,0.0,0.0,0.0,0.0
commit:17,12,0,576.0,629930772723.0947,629930772723.0947,2732.316459516512,2212377875527.6797,17.0,0.0,0.0,0.0,0.0,0.0,0.0
commit:17,12,1,144.0,314965386361.54736,314965386361.54736,1366.158229758256,553094468881.9199,17.0,0.0,0.0,0.0,0.0,0.0,0.0
commit:17,13,0,595.2,654183107472.9337,654183107472.9337,2837.5106432078974,2286123804711.9355,17.0,0.0,0.0,0.0,0.0,0.0,0.0
commit:17,13,1,148.8,327091553736.46686,327091553736.46686,1418.7553216039487,571530951177.9839,17.0,0.0,0.0,0.0,0.0,0.0,0.0
commit:17,14,0,576.0,636245828719.6436,636245828719.6436,2759.707932023164,2212377875527.6797,17.0,0.0,0.0,0.0,0.0,0.0,0.0
commit:17,14,1,144.0,318122914359.8218,318122914359.8218,1379.853966011582,553094468881.9199,17.0,0.0,0.0,0.0,0.0,0.0,0.0
commit:17,15,0,595.2,660741293125.3497,660741293125.3497,2865.9566874060556,2286123804711.9355,17.0,0.0,0.0,0.0,0.0,0.0,0.0
commit:17,15,1,148.8,330370646562.67487,330370646562.67487,1432.9783437030278,571530951177.9839,17.0,0.0,0.0,0.0,0.0,0.0,0.0
commit:17,16,0,595.2,664044999590.9764,664044999590.9764,2880.2864708430857,2286123804711.9355,17.0,0.0,0.0,0.0,0.0,0.0,0.0
commit:17,16,1,148.8,332022499795.4882,332022499795.4882,1440.1432354215428,571530951177.9839,17.0,0.0,0.0,0.0,0.0,0.0,0.0
commit:17,17,0,556.8000000000001,624309403647.71,624309403647.71,2707.933844926508,2138631946343.4238,17.0,0.0,0.0,0.0,0.0,0.0,0.0
commit:17,17,1,139.20000000000002,312154701823.855,312154701823.855,1353.966922463254,534657986585.85596,17.0,0.0,0.0,0.0,0.0,0.0,0.0
commit:17,18,0,595.2,670702050711.8757,670702050711.8757,2909.1613427132866,2286123804711.9355,17.0,0.0,0.0,0.0,0.0,0.0,0.0
commit:17,18,1,148.8,335351025355.93787,335351025355.93787,1454.5806713566433,571530951177.9839,17.0,0.0,0.0,0.0,0.0,0.0,0.0
commit:17,19,0,576.0,652311833192.3566,652311833192.3566,2829.394015574374,2212377875527.6797,17.0,0.0,0.0,0.0,0.0,0.0,0.0
commit:17,19,1,144.0,326155916596.1783,326155916596.1783,1414.697007787187,553094468881.9199,17.0,0.0,0.0,0.0,0.0,0.0,0.0
commit:17,20,0,595.2,677425838770.2622,677425838770.2622,2938.325685173987,2286123804711.9355,17.0,0.0,0.0,0.0,0.0,0.0,0.0
commit:17,20,1,148.8,338712919385.1311,338712919385.1311,1469.1628425869935,571530951177.9839,17.0,0.0,0.0,0.0,0.0,0.0,0.0
commit:17,21,0,576.0,658851259320.1097,658851259320.1097,2857.7586905805065,2212377875527.6797,17.0,0.0,0.0,0.0,0.0,0.0,0.0
commit:17,21,1,144.0,329425629660.0549,329425629660.0549,1428.8793452902532,553094468881.9199,17.0,0.0,0.0,0.0,0.0,0.0,0.0
commit:17,22,0,595.2,684217032803.934,684217032803.934,2967.782400167856,2286123804711.9355,17.0,0.0,0.0,0.0,0.0,0.0,0.0
commit:17,22,1,148.8,342108516401.967,342108516401.967,1483.891200083928,571530951177.9839,17.0,0.0,0.0,0.0,0.0,0.0,0.0
commit:17,23,0,595.2,687638117967.9535,687638117967.9535,2982.621312168694,2286123804711.9355,17.0,0.0,0.0,0.0,0.0,0.0,0.0
commit:17,23,1,148.8,343819058983.97675,343819058983.97675,1491.310656084347,571530951177.9839,17.0,0.0,0.0,0.0,0.0,0.0,0.0
commit:17,24,0,576.0,668783524410.7677,668783524410.7677,2900.839760060843,2212377875527.6797,17.0,0.0,0.0,0.0,0.0,0.0,0.0
commit:17,24,1,144.0,334391762205.38385,334391762205.38385,1450.4198800304216,553094468881.9199,17.0,0.0,0.0,0.0,0.0,0.0,0.0
commit:17,25,0,595.2,694531690100.5822,694531690100.5822,3012.5220908231854,2286123804711.9355,17.0,0.0,0.0,0.0,0.0,0.0,0.0
commit:17,25,1,148.8,347265845050.2911,347265845050.2911,1506.2610454115927,571530951177.9839,17.0,0.0,0.0,0.0,0.0,0.0,0.0
commit:17,26,0,576.0,675488079242.9854,675488079242.9854,2929.920678655452,2212377875527.6797,17.0,0.0,0.0,0.0,0.0,0.0,0.0
commit:17,26,1,144.0,337744039621.4927,337744039621.4927,1464.960339327726,553094468881.9199,17.0,0.0,0.0,0.0,0.0,0.0,0.0
commit:17,27,0,595.2,701494370293.8403,701494370293.8403,3042.722624783687,2286123804711.9355,17.0,0.0,0.0,0.0,0.0,0.0,0.0
commit:17,27,1,148.8,350747185146.92017,350747185146.92017,1521.3613123918435,571530951177.9839,17.0,0.0,0.0,0.0,0.0,0.0,0.0
commit:17,28,0,595.2,705001842145.3094,705001842145.3094,3057.936237907605,2286123804711.9355,17.0,0.0,0.0,0.0,0.0,0.0,0.0
commit:17,28,1,148.8,352500921072.6547,352500921072.6547,1528.9681189538026,571530951177.9839,17.0,0.0,0.0,0.0,0.0,0.0,0.0
commit:17,29,0,537.6,639959736708.6776,639959736708.6776,2775.8169591845162,2064886017159.1677,17.0,0.0,0.0,0.0,0.0,0.0,0.0
commit:17,29,1,134.4,319979868354.3388,319979868354.3388,1387.9084795922581,516221504289.79193,17.0,0.0,0.0,0.0,0.0,0.0,0.0
commit:17,30,0,595.2,712069485612.816,712069485612.816,3088.5920486926284,2286123804711.9355,17.0,0.0,0.0,0.0,0.0,0.0,0.0
commit:17,30,1,148.8,356034742806.408,356034742806.408,1544.2960243463142,571530951177.9839,17.0,0.0,0.0,0.0,0.0,0.0,0.0
commit:17,31,0,576.0,692544999716.9807,692544999716.9807,3003.9048473575076,2212377875527.6797,17.0,0.0,0.0,0.0,0.0,0.0,0.0
commit:17,31,1,144.0,346272499858.49036,346272499858.49036,1501.9524236787538,553094468881.9199,17.0,0.0,0.0,0.0,0.0,0.0,0.0
commit:17,32,0,595.2,719207982206.0844,719207982206.0844,3119.5551839807713,2286123804711.9355,17.0,0.0,0.0,0.0,0.0,0.0,0.0
commit:17,32,1,148.8,359603991103.0422,359603991103.0422,1559.7775919903856,571530951177.9839,17.0,0.0,0.0,0.0,0.0,0.0,0.0
commit:17,33,0,576.0,699487763339.1433,699487763339.1433,3034.018993452266,2212377875527.6797,17.0,0.0,0.0,0.0,0.0,0.0,0.0
commit:17,33,1,144.0,349743881669.57166,349743881669.57166,1517.009496726133,553094468881.9199,17.0,0.0,0.0,0.0,0.0,0.0,0.0
commit:17,34,0,595.2,726418042227.7002,726418042227.7002,3150.8287247001776,2286123804711.9355,17.0,0.0,0.0,0.0,0.0,0.0,0.0
commit:17,34,1,148.8,363209021113.8501,363209021113.8501,1575.4143623500888,571530951177.9839,17.0,0.0,0.0,0.0,0.0,0.0,0.0
commit:17,35,0,595.2,730050132438.8386,730050132438.8386,3166.582868323678,2286123804711.9355,17.0,0.0,0.0,0.0,0.0,0.0,0.0
commit:17,35,1,148.8,365025066219.4193,365025066219.4193,1583.291434161839,571530951177.9839,17.0,0.0,0.0,0.0,0.0,0.0,0.0
commit:17,36,0,576.0,710032628807.451,710032628807.451,3079.757209030932,2212377875527.6797,17.0,0.0,0.0,0.0,0.0,0.0,0.0
commit:17,36,1,144.0,355016314403.7255,355016314403.7255,1539.878604515466,553094468881.9199,17.0,0.0,0.0,0.0,0.0,0.0,0.0
commit:18,1,0,595.2,616178562048.0001,616178562048.0001,2672.666426196395,2420601675577.3438,18.0,0.0,0.0,0.0,0.0,0.0,0.0
commit:18,1,1,148.8,308089281024.00006,308089281024.00006,1336.3332130981976,605150418894.3359,18.0,0.0,0.0,0.0,0.0,0.0,0.0
commit:18,2,0,576.0,599283343411.2001,599283343411.2001,2599.38363709101,2342517750558.7197,18.0,0.0,0.0,0.0,0.0,0.0,0.0
commit:18,2,1,144.0,299641671705.60004,299641671705.60004,1299.691818545505,585629437639.6799,18.0,0.0,0.0,0.0,0.0,0.0,0.0
commit:18,3,0,595.2,622355752132.5311,622355752132.5311,2699.459907119013,2420601675577.3438,18.0,0.0,0.0,0.0,0.0,0.0,0.0
commit:18,3,1,148.8,311177876066.26556,311177876066.26556,1349.7299535595066,605150418894.3359,18.0,0.0,0.0,0.0,0.0,0.0,0.0
commit:18,4,0,595.2,625467530893.1937,625467530893.1937,2712.957206654608,2420601675577.3438,18.0,0.0,0.0,0.0,0.0,0.0,0.0
commit:18,4,1,148.8,312733765446.59686,312733765446.59686,1356.478603327304,605150418894.3359,18.0,0.0,0.0,0.0,0.0,0.0,0.0
commit:18,5,0,537.6,567763107075.3055,567763107075.3055,2462.66502565357,2186349900521.4717,18.0,0.0,0.0,0.0,0.0,0.0,0.0
commit:18,5,1,134.4,283881553537.6528,283881553537.6528,1231.332512826785,546587475130.3679,18.0,0.0,0.0,0.0,0.0,0.0,0.0
commit:18,6,0,595.2,631737842890.3978,631737842890.3978,2740.1546026513197,2420601675577.3438,18.0,0.0,0.0,0.0,0.0,0.0,0.0
commit:18,6,1,148.8,315868921445.1989,315868921445.1989,1370.0773013256598,605150418894.3359,18.0,0.0,0.0,0.0,0.0,0.0,0.0
commit:18,7,0,576.0,614415998811.145,614415998811.145,2665.0213312882997,2342517750558.7197,18.0,0.0,0.0,0.0,0.0,0.0,0.0
commit:18,7,1,144.0,307207999405.5725,307207999405.5725,1332.5106656441499,585629437639.6799,18.0,0.0,0.0,0.0,0.0,0.0,0.0
commit:18,8,0,595.2,638071014765.374,638071014765.374,2767.624652542899,2420601675577.3438,18.0,0.0,0.0,0.0,0.0,0.0,0.0
commit:18,8,1,148.8,319035507382.687,319035507382.687,1383.8123262714496,605150418894.3359,18.0,0.0,0.0,0.0,0.0,0.0,0.0
commit:18,9,0,576.0,620575519199.2267,620575519199.2267,2691.738170134465,2342517750558.7197,18.0,0.0,0.0,0.0,0.0,0.0,0.0
commit:18,9,1,144.0,310287759599.61334,310287759599.61334,1345.8690850672324,585629437639.6799,18.0,0.0,0.0,0.0,0.0,0.0,0.0
commit:18,10,0,595.2,644467676688.3967,644467676688.3967,2795.370089684641,2420601675577.3438,18.0,0.0,0.0,0.0,0.0,0.0,0.0
commit:18,10,1,148.8,322233838344.19836,322233838344.19836,1397.6850448423204,605150418894.3359,18.0,0.0,0.0,0.0,0.0,0.0,0.0
commit:18,11,0,595.2,647690015071.8387,647690015071.8387,2809.346940133064,2420601675577.3438,18.0,0.0,0.0,0.0,0.0,0.0,0.0
commit:18,11,1,148.8,323845007535.9194,323845007535.9194,1404.673470066532,605150418894.3359,18.0,0.0,0.0,0.0,0.0,0.0,0.0
commit:18,12,0,576.0,629930772723.0947,629930772723.0947,2732.316459516512,2342517750558.7197,18.0,0.0,0.0,0.0,0.0,0.0,0.0
commit:18,12,1,144.0,314965386361.54736,314965386361.54736,1366.158229758256,585629437639.6799,18.0,0.0,0.0,0.0,0.0,0.0,0.0
commit:18,13,0,595.2,654183107472.9337,654183107472.9337,2837.5106432078974,2420601675577.3438,18.0,0.0,0.0,0.0,0.0,0.0,0.0
commit:18,13,1,148.8,327091553736.46686,327091553736.46686,1418.7553216039487,605150418894.3359,18.0,0.0,0.0,0.0,0.0,0.0,0.0
commit:18,14,0,576.0,636245828719.6436,636245828719.6436,2759.707932023164,2342517750558.7197,18.0,0.0,0.0,0.0,0.0,0.0,0.0
commit:18,14,1,144.0,318122914359.8218,318122914359.8218,1379.853966011582,585629437639.6799,18.0,0.0,0.0,0.0,0.0,0.0,0.0
commit:18,15,0,595.2,660741293125.3497,660741293125.3497,2865.9566874060556,2420601675577.3438,18.0,0.0,0.0,0.0,0.0,0.0,0.0
commit:18,15,1,148.8,330370646562.67487,330370646562.67487,1432.9783437030278,605150418894.3359,18.0,0.0,0.0,0.0,0.0,0.0,0.0
commit:18,16,0,595.2,664044999590.9764,664044999590.9764,2880.2864708430857,2420601675577.3438,18.0,0.0,0.0,0.0,0.0,0.0,0.0
commit:18,16,1,148.8,332022499795.4882,332022499795.4882,1440.1432354215428,605150418894.3359,18.0,0.0,0.0,0.0,0.0,0.0,0.0
commit:18,17,0,556.8000000000001,624309403647.71,624309403647.71,2707.933844926508,2264433825540.0957,18.0,0.0,0.0,0.0,0.0,0.0,0.0
commit:18,17,1,139.20000000000002,312154701823.855,312154701823.855,1353.966922463254,566108456385.0239,18.0,0.0,0.0,0.0,0.0,0.0,0.0
commit:18,18,0,595.2,670702050711.8757,670702050711.8757,2909.1613427132866,2420601675577.3438,18.0,0.0,0.0,0.0,0.0,0.0,0.0
commit:18,18,1,148.8,335351025355.93787,335351025355.93787,1454.5806713566433,605150418894.3359,18.0,0.0,0.0,0.0,0.0,0.0,0.0
commit:18,19,0,576.0,652311833192.3566,652311833192.3566,2829.394015574374,2342517750558.7197,18.0,0.0,0.0,0.0,0.0,0.0,0.0
commit:18,19,1,144.0,326155916596.1783,326155916596.1783,1414.697007787187,585629437639.6799,18.0,0.0,0.0,0.0,0.0,0.0,0.0
commit:18,20,0,595.2,677425838770.2622,677425838770.2622,2938.325685173987,2420601675577.3438,18.0,0.0,0.0,0.0,0.0,0.0,0.0
commit:18,20,1,148.8,338712919385.1311,338712919385.1311,1469.1628425869935,605150418894.3359,18.0,0.0,0.0,0.0,0.0,0.0,0.0
commit:18,21,0,576.0,658851259320.1097,658851259320.1097,2857.7586905805065,2342517750558.7197,18.0,0.0,0.0,0.0,0.0,0.0,0.0
commit:18,21,1,144.0,329425629660.0549,329425629660.0549,1428.8793452902532,585629437639.6799,18.0,0.0,0.0,0.0,0.0,0.0,0.0
commit:18,22,0,595.2,684217032803.934,684217032803.934,2967.782400167856,2420601675577.3438,18.0,0.0,0.0,0.0,0.0,0.0,0.0
commit:18,22,1,148.8,342108516401.967,342108516401.967,1483.891200083928,605150418894.3359,18.0,0.0,0.0,0.0,0.0,0.0,0.0
commit:18,23,0,595.2,687638117967.9535,687638117967.9535,2982.621312168694,2420601675577.3438,18.0,0.0,0.0,0.0,0.0,0.0,0.0
commit:18,23,1,148.8,343819058983.97675,343819058983.97675,1491.310656084347,605150418894.3359,18.0,0.0,0.0,0.0,0.0,0.0,0.0
commit:18,24,0,576.0,668783524410.7677,668783524410.7677,2900.839760060843,2342517750558.7197,18.0,0.0,0.0,0.0,0.0,0.0,0.0
commit:18,24,1,144.0,334391762205.38385,334391762205.38385,1450.4198800304216,585629437639.6799,18.0,0.0,0.0,0.0,0.0,0.0,0.0
commit:18,25,0,595.2,694531690100.5822,694531690100.5822,3012.5220908231854,2420601675577.3438,18.0,0.0,0.0,0.0,0.0,0.0,0.0
commit:18,25,1,148.8,347265845050.2911,347265845050.2911,1506.2610454115927,605150418894.3359,18.0,0.0,0.0,0.0,0.0,0.0,0.0
commit:18,26,0,576.0,675488079242.9854,675488079242.9854,2929.920678655452,2342517750558.7197,18.0,0.0,0.0,0.0,0.0,0.0,0.0
commit:18,26,1,144.0,337744039621.4927,337744039621.4927,1464.960339327726,585629437639.6799,18.0,0.0,0.0,0.0,0.0,0.0,0.0
commit:18,27,0,595.2,701494370293.8403,701494370293.8403,3042.722624783687,2420601675577.3438,18.0,0.0,0.0,0.0,0.0,0.0,0.0
commit:18,27,1,148.8,350747185146.92017,350747185146.92017,1521.3613123918435,605150418894.3359,18.0,0.0,0.0,0.0,0.0,0.0,0.0
commit:18,28,0,595.2,705001842145.3094,705001842145.3094,3057.936237907605,2420601675577.3438,18.0,0.0,0.0,0.0,0.0,0.0,0.0
commit:18,28,1,148.8,352500921072.6547,352500921072.6547,1528.9681189538026,605150418894.3359,18.0,0.0,0.0,0.0,0.0,0.0,0.0
commit:18,29,0,537.6,639959736708.6776,639959736708.6776,2775.8169591845162,2186349900521.4717,18.0,0.0,0.0,0.0,0.0,0.0,0.0
commit:18,29,1,134.4,319979868354.3388,319979868354.3388,1387.9084795922581,546587475130.3679,18.0,0.0,0.0,0.0,0.0,0.0,0.0
commit:18,30,0,595.2,712069485612.816,712069485612.816,3088.5920486926284,2420601675577.3438,18.0,0.0,0.0,0.0,0.0,0.0,0.0
commit:18,30,1,148.8,356034742806.408,356034742806.408,1544.2960243463142,605150418894.3359,18.0,0.0,0.0,0.0,0.0,0.0,0.0
commit:18,31,0,576.0,692544999716.9807,692544999716.9807,3003.9048473575076,2342517750558.7197,18.0,0.0,0.0,0.0,0.0,0.0,0.0
commit:18,31,1,144.0,346272499858.49036,346272499858.49036,1501.9524236787538,585629437639.6799,18.0,0.0,0.0,0.0,0.0,0.0,0.0
commit:18,32,0,595.2,719207982206.0844,719207982206.0844,3119.5551839807713,2420601675577.3438,18.0,0.0,0.0,0.0,0.0,0.0,0.0
commit:18,32,1,148.8,359603991103.0422,359603991103.0422,1559.7775919903856,605150418894.3359,18.0,0.0,0.0,0.0,0.0,0.0,0.0
commit:18,33,0,576.0,699487763339.1433,699487763339.1433,3034.018993452266,2342517750558.7197,18.0,0.0,0.0,0.0,0.0,0.0,0.0
commit:18,33,1,144.0,349743881669.57166,349743881669.57166,1517.009496726133,585629437639.6799,18.0,0.0,0.0,0.0,0.0,0.0,0.0
commit:18,34,0,595.2,726418042227.7002,726418042227.7002,3150.8287247001776,2420601675577.3438,18.0,0.0,0.0,0.0,0.0,0.0,0.0
commit:18,34,1,148.8,363209021113.8501,363209021113.8501,1575.4143623500888,605150418894.3359,18.0,0.0,0.0,0.0,0.0,0.0,0.0
commit:18,35,0,595.2,730050132438.8386,730050132438.8386,3166.582868323678,2420601675577.3438,18.0,0.0,0.0,0.0,0.0,0.0,0.0
commit:18,35,1,148.8,365025066219.4193,365025066219.4193,1583.291434161839,605150418894.3359,18.0,0.0,0.0,0.0,0.0,0.0,0.0
commit:18,36,0,576.0,710032628807.451,710032628807.451,3079.757209030932,2342517750558.7197,18.0,0.0,0.0,0.0,0.0,0.0,0.0
commit:18,36,1,144.0,355016314403.7255,355016314403.7255,1539.878604515466,585629437639.6799,18.0,0.0,0.0,0.0,0.0,0.0,0.0
commit:19,1,0,595.2,616178562048.0001,616178562048.0001,2672.666426196395,2555079546442.752,19.0,0.0,0.0,0.0,0.0,0.0,0.0
commit:19,1,1,148.8,308089281024.00006,308089281024.00006,1336.3332130981976,638769886610.688,19.0,0.0,0.0,0.0,0.0,0.0,0.0
commit:19,2,0,576.0,599283343411.2001,599283343411.2001,2599.38363709101,2472657625589.76,19.0,0.0,0.0,0.0,0.0,0.0,0.0
commit:19,2,1,144.0,299641671705.60004,299641671705.60004,1299.691818545505,618164406397.44,19.0,0.0,0.0,0.0,0.0,0.0,0.0
commit:19,3,0,595.2,622355752132.5311,622355752132.5311,2699.459907119013,2555079546442.752,19.0,0.0,0.0,0.0,0.0,0.0,0.0
commit:19,3,1,148.8,311177876066.26556,311177876066.26556,1349.7299535595066,638769886610.688,19.0,0.0,0.0,0.0,0.0,0.0,0.0
commit:19,4,0,595.2,625467530893.1937,625467530893.1937,2712.957206654608,2555079546442.752,19.0,0.0,0.0,0.0,0.0,0.0,0.0
commit:19,4,1,148.8,312733765446.59686,312733765446.59686,1356.478603327304,638769886610.688,19.0,0.0,0.0,0.0,0.0,0.0,0.0
commit:19,5,0,537.6,567763107075.3055,567763107075.3055,2462.66502565357,2307813783883.776,19.0,0.0,0.0,0.0,0.0,0.0,0.0
commit:19,5,1,134.4,283881553537.6528,283881553537.6528,1231.332512826785,576953445970.944,19.0,0.0,0.0,0.0,0.0,0.0,0.0
commit:19,6,0,595.2,631737842890.3978,631737842890.3978,2740.1546026513197,2555079546442.752,19.0,0.0,0.0,0.0,0.0,0.0,0.0
commit:19,6,1,148.8,315868921445.1989,315868921445.1989,1370.0773013256598,638769886610.688,19.0,0.0,0.0,0.0,0.0,0.0,0.0
commit:19,7,0,576.0,614415998811.145,614415998811.145,2665.0213312882997,2472657625589.76,19.0,0.0,0.0,0.0,0.0,0.0,0.0
commit:19,7,1,144.0,307207999405.5725,307207999405.5725,1332.5106656441499,618164406397.44,19.0,0.0,0.0,0.0,0.0,0.0,0.0
commit:19,8,0,595.2,638071014765.374,638071014765.374,2767.624652542899,2555079546442.752,19.0,0.0,0.0,0.0,0.0,0.0,0.0
commit:19,8,1,148.8,319035507382.687,319035507382.687,1383.8123262714496,638769886610.688,19.0,0.0,0.0,0.0,0.0,0.0,0.0
commit:19,9,0,576.0,620575519199.2267,620575519199.2267,2691.738170134465,2472657625589.76,19.0,0.0,0.0,0.0,0.0,0.0,0.0
commit:19,9,1,144.0,310287759599.61334,310287759599.61334,1345.8690850672324,618164406397.44,19.0,0.0,0.0,0.0,0.0,0.0,0.0
commit:19,10,0,595.2,644467676688.3967,644467676688.3967,2795.370089684641,2555079546442.752,19.0,0.0,0.0,0.0,0.0,0.0,0.0
commit:19,10,1,148.8,322233838344.19836,322233838344.19836,1397.6850448423204,638769886610.688,19.0,0.0,0.0,0.0,0.0,0.0,0.0
commit:19,11,0,595.2,647690015071.8387,647690015071.8387,2809.346940133064,2555079546442.752,19.0,0.0,0.0,0.0,0.0,0.0,0.0
commit:19,11,1,148.8,323845007535.9194,323845007535.9194,1404.673470066532,638769886610.688,19.0,0.0,0.0,0.0,0.0,0.0,0.0
commit:19,12,0,576.0,629930772723.0947,629930772723.0947,2732.316459516512,2472657625589.76,19.0,0.0,0.0,0.0,0.0,0.0,0.0
commit:19,12,1,144.0,314965386361.54736,314965386361.54736,1366.158229758256,618164406397.44,19.0,0.0,0.0,0.0,0.0,0.0,0.0
commit:19,13,0,595.2,654183107472.9337,654183107472.9337,2837.5106432078974,2555079546442.752,19.0,0.0,0.0,0.0,0.0,0.0,0.0
commit:19,13,1,148.8,327091553736.46686,327091553736.46686,1418.7553216039487,638769886610.688,19.0,0.0,0.0,0.0,0.0,0.0,0.0
commit:19,14,0,576.0,636245828719.6436,636245828719.6436,2759.707932023164,2472657625589.76,19.0,0.0,0.0,0.0,0.0,0.0,0.0
commit:19,14,1,144.0,318122914359.8218,318122914359.8218,1379.853966011582,618164406397.44,19.0,0.0,0.0,0.0,0.0,0.0,0.0
commit:19,15,0,595.2,660741293125.3497,660741293125.3497,2865.9566874060556,2555079546442.752,19.0,0.0,0.0,0.0,0.0,0.0,0.0
commit:19,15,1,148.8,330370646562.67487,330370646562.67487,1432.9783437030278,638769886610.688,19.0,0.0,0.0,0.0,0.0,0.0,0.0
commit:19,16,0,595.2,664044999590.9764,664044999590.9764,2880.2864708430857,2555079546442.752,19.0,0.0,0.0,0.0,0.0,0.0,0.0
commit:19,16,1,148.8,332022499795.4882,332022499795.4882,1440.1432354215428,638769886610.688,19.0,0.0,0.0,0.0,0.0,0.0,0.0
commit:19,17,0,556.8000000000001,624309403647.71,624309403647.71,2707.933844926508,2390235704736.768,19.0,0.0,0.0,0.0,0.0,0.0,0.0
commit:19,17,1,139.20000000000002,312154701823.855,312154701823.855,1353.966922463254,597558926184.192,19.0,0.0,0.0,0.0,0.0,0.0,0.0
commit:19,18,0,595.2,670702050711.8757,670702050711.8757,2909.1613427132866,2555079546442.752,19.0,0.0,0.0,0.0,0.0,0.0,0.0
commit:19,18,1,148.8,335351025355.93787,335351025355.93787,1454.5806713566433,638769886610.688,19.0,0.0,0.0,0.0,0.0,0.0,0.0
commit:19,19,0,576.0,652311833192.3566,652311833192.3566,2829.394015574374,2472657625589.76,19.0,0.0,0.0,0.0,0.0,0.0,0.0
commit:19,19,1,144.0,326155916596.1783,326155916596.1783,1414.697007787187,618164406397.44,19.0,0.0,0.0,0.0,0.0,0.0,0.0
commit:19,20,0,595.2,677425838770.2622,677425838770.2622,2938.325685173987,2555079546442.752,19.0,0.0,0.0,0.0,0.0,0.0,0.0
commit:19,20,1,148.8,338712919385.1311,338712919385.1311,1469.1628425869935,638769886610.688,19.0,0.0,0.0,0.0,0.0,0.0,0.0
commit:19,21,0,576.0,658851259320.1097,658851259320.1097,2857.7586905805065,2472657625589.76,19.0,0.0,0.0,0.0,0.0,0.0,0.0
commit:19,21,1,144.0,329425629660.0549,329425629660.0549,1428.8793452902532,618164406397.44,19.0,0.0,0.0,0.0,0.0,0.0,0.0
commit:19,22,0,595.2,684217032803.934,684217032803.934,2967.782400167856,2555079546442.752,19.0,0.0,0.0,0.0,0.0,0.0,0.0
commit:19,22,1,148.8,342108516401.967,342108516401.967,1483.891200083928,638769886610.688,19.0,0.0,0.0,0.0,0.0,0.0,0.0
commit:19,23,0,595.2,687638117967.9535,687638117967.9535,2982.621312168694,2555079546442.752,19.0,0.0,0.0,0.0,0.0,0.0,0.0
commit:19,23,1,148.8,343819058983.97675,343819058983.97675,1491.310656084347,638769886610.688,19.0,0.0,0.0,0.0,0.0,0.0,0.0
commit:19,24,0,576.0,668783524410.7677,668783524410.7677,2900.839760060843,2472657625589.76,19.0,0.0,0.0,0.0,0.0,0.0,0.0
commit:19,24,1,144.0,334391762205.38385,334391762205.38385,1450.4198800304216,618164406397.44,19.0,0.0,0.0,0.0,0.0,0.0,0.0
commit:19,25,0,595.2,694531690100.5822,694531690100.5822,3012.5220908231854,2555079546442.752,19.0,0.0,0.0,0.0,0.0,0.0,0.0
commit:19,25,1,148.8,347265845050.2911,347265845050.2911,1506.2610454115927,638769886610.688,19.0,0.0,0.0,0.0,0.0,0.0,0.0
commit:19,26,0,576.0,675488079242.9854,675488079242.9854,2929.920678655452,2472657625589.76,19.0,0.0,0.0,0.0,0.0,0.0,0.0
commit:19,26,1,144.0,337744039621.4927,337744039621.4927,1464.960339327726,618164406397.44,19.0,0.0,0.0,0.0,0.0,0.0,0.0
commit:19,27,0,595.2,701494370293.8403,701494370293.8403,3042.722624783687,2555079546442.752,19.0,0.0,0.0,0.0,0.0,0.0,0.0
commit:19,27,1,148.8,350747185146.92017,350747185146.92017,1521.3613123918435,638769886610.688,19.0,0.0,0.0,0.0,0.0,0.0,0.0
commit:19,28,0,595.2,705001842145.3094,705001842145.3094,3057.936237907605,2555079546442.752,19.0,0.0,0.0,0.0,0.0,0.0,0.0
commit:19,28,1,148.8,352500921072.6547,352500921072.6547,1528.9681189538026,638769886610.688,19.0,0.0,0.0,0.0,0.0,0.0,0.0
commit:19,29,0,537.6,639959736708.6776,639959736708.6776,2775.8169591845162,2307813783883.776,19.0,0.0,0.0,0.0,0.0,0.0,0.0
commit:19,29,1,134.4,319979868354.3388,319979868354.3388,1387.9084795922581,576953445970.944,19.0,0.0,0.0,0.0,0.0,0.0,0.0
commit:19,30,0,595.2,712069485612.816,712069485612.816,3088.5920486926284,2555079546442.752,19.0,0.0,0.0,0.0,0.0,0.0,0.0
commit:19,30,1,148.8,356034742806.408,356034742806.408,1544.2960243463142,638769886610.688,19.0,0.0,0.0,0.0,0.0,0.0,0.0
commit:19,31,0,576.0,692544999716.9807,692544999716.9807,3003.9048473575076,2472657625589.76,19.0,0.0,0.0,0.0,0.0,0.0,0.0
commit:19,31,1,144.0,346272499858.49036,346272499858.49036,1501.9524236787538,618164406397.44,19.0,0.0,0.0,0.0,0.0,0.0,0.0
commit:19,32,0,595.2,719207982206.0844,719207982206.0844,3119.5551839807713,2555079546442.752,19.0,0.0,0.0,0.0,0.0,0.0,0.0
commit:19,32,1,148.8,359603991103.0422,359603991103.0422,1559.7775919903856,638769886610.688,19.0,0.0,0.0,0.0,0.0,0.0,0.0
commit:19,33,0,576.0,699487763339.1433,699487763339.1433,3034.018993452266,2472657625589.76,19.0,0.0,0.0,0.0,0.0,0.0,0.0
commit:19,33,1,144.0,349743881669.57166,349743881669.57166,1517.009496726133,618164406397.44,19.0,0.0,0.0,0.0,0.0,0.0,0.0
commit:19,34,0,595.2,726418042227.7002,726418042227.7002,3150.8287247001776,2555079546442.752,19.0,0.0,0.0,0.0,0.0,0.0,0.0
commit:19,34,1,148.8,363209021113.8501,363209021113.8501,1575.4143623500888,638769886610.688,19.0,0.0,0.0,0.0,0.0,0.0,0.0
commit:19,35,0,595.2,730050132438.8386,730050132438.8386,3166.582868323678,2555079546442.752,19.0,0.0,0.0,0.0,0.0,0.0,0.0
commit:19,35,1,148.8,365025066219.4193,365025066219.4193,1583.291434161839,638769886610.688,19.0,0.0,0.0,0.0,0.0,0.0,0.0
commit:19,36,0,576.0,710032628807.451,710032628807.451,3079.757209030932,2472657625589.76,19.0,0.0,0.0,0.0,0.0,0.0,0.0
commit:19,36,1,144.0,355016314403.7255,355016314403.7255,1539.878604515466,618164406397.44,19.0,0.0,0.0,0.0,0.0,0.0,0.0
commit:20,1,0,595.2,616178562048.0001,616178562048.0001,2672.666426196395,2689557417308.1597,20.0,0.0,0.0,0.0,0.0,0.0,0.0
commit:20,1,1,148.8,308089281024.00006,308089281024.00006,1336.3332130981976,672389354327.0399,20.0,0.0,0.0,0.0,0.0,0.0,0.0
commit:20,2,0,576.0,599283343411.2001,599283343411.2001,2599.38363709101,2602797500620.8,20.0,0.0,0.0,0.0,0.0,0.0,0.0
commit:20,2,1,144.0,299641671705.60004,299641671705.60004,1299.691818545505,650699375155.2,20.0,0.0,0.0,0.0,0.0,0.0,0.0
commit:20,3,0,595.2,622355752132.5311,622355752132.5311,2699.459907119013,2689557417308.1597,20.0,0.0,0.0,0.0,0.0,0.0,0.0
commit:20,3,1,148.8,311177876066.26556,311177876066.26556,1349.7299535595066,672389354327.0399,20.0,0.0,0.0,0.0,0.0,0.0,0.0
commit:20,4,0,595.2,625467530893.1937,625467530893.1937,2712.957206654608,2689557417308.1597,20.0,0.0,0.0,0.0,0.0,0.0,0.0
commit:20,4,1,148.8,312733765446.59686,312733765446.59686,1356.478603327304,672389354327.0399,20.0,0.0,0.0,0.0,0.0,0.0,0.0
commit:20,5,0,537.6,567763107075.3055,567763107075.3055,2462.66502565357,2429277667246.0796,20.0,0.0,0.0,0.0,0.0,0.0,0.0
commit:20,5,1,134.4,283881553537.6528,283881553537.6528,1231.332512826785,607319416811.5199,20.0,0.0,0.0,0.0,0.0,0.0,0.0
commit:20,6,0,595.2,631737842890.3978,631737842890.3978,2740.1546026513197,2689557417308.1597,20.0,0.0,0.0,0.0,0.0,0.0,0.0
commit:20,6,1,148.8,315868921445.1989,315868921445.1989,1370.0773013256598,672389354327.0399,20.0,0.0,0.0,0.0,0.0,0.0,0.0
commit:20,7,0,576.0,614415998811.145,614415998811.145,2665.0213312882997,2602797500620.8,20.0,0.0,0.0,0.0,0.0,0.0,0.0
commit:20,7,1,144.0,307207999405.5725,307207999405.5725,1332.5106656441499,650699375155.2,20.0,0.0,0.0,0.0,0.0,0.0,0.0
commit:20,8,0,595.2,638071014765.374,638071014765.374,2767.624652542899,2689557417308.1597,20.0,0.0,0.0,0.0,0.0,0.0,0.0
commit:20,8,1,148.8,319035507382.687,319035507382.687,1383.8123262714496,672389354327.0399,20.0,0.0,0.0,0.0,0.0,0.0,0.0
commit:20,9,0,576.0,620575519199.2267,620575519199.2267,2691.738170134465,2602797500620.8,20.0,0.0,0.0,0.0,0.0,0.0,0.0
commit:20,9,1,144.0,310287759599.61334,310287759599.61334,1345.8690850672324,650699375155.2,20.0,0.0,0.0,0.0,0.0,0.0,0.0
commit:20,10,0,595.2,644467676688.3967,644467676688.3967,2795.370089684641,2689557417308.1597,20.0,0.0,0.0,0.0,0.0,0.0,0.0
commit:20,10,1,148.8,322233838344.19836,322233838344.19836,1397.6850448423204,672389354327.0399,20.0,0.0,0.0,0.0,0.0,0.0,0.0
commit:20,11,0,595.2,647690015071.8387,647690015071.8387,2809.346940133064,2689557417308.1597,20.0,0.0,0.0,0.0,0.0,0.0,0.0
commit:20,11,1,148.8,323845007535.9194,323845007535.9194,1404.673470066532,672389354327.0399,20.0,0.0,0.0,0.0,0.0,0.0,0.0
commit:20,12,0,576.0,629930772723.0947,629930772723.0947,2732.316459516512,2602797500620.8,20.0,0.0,0.0,0.0,0.0,0.0,0.0
commit:20,12,1,144.0,314965386361.54736,314965386361.54736,1366.158229758256,650699375155.2,20.0,0.0,0.0,0.0,0.0,0.0,0.0
commit:20,13,0,595.2,654183107472.9337,654183107472.9337,2837.5106432078974,2689557417308.1597,20.0,0.0,0.0,0.0,0.0,0.0,0.0
commit:20,13,1,148.8,327091553736.46686,327091553736.46686,1418.7553216039487,672389354327.0399,20.0,0.0,0.0,0.0,0.0,0.0,0.0
commit:20,14,0,576.0,636245828719.6436,636245828719.6436,2759.707932023164,2602797500620.8,20.0,0.0,0.0,0.0,0.0,0.0,0.0
commit:20,14,1,144.0,318122914359.8218,318122914359.8218,1379.853966011582,650699375155.2,20.0,0.0,0.0,0.0,0.0,0.0,0.0
commit:20,15,0,595.2,660741293125.3497,660741293125.3497,2865.9566874060556,2689557417308.1597,20.0,0.0,0.0,0.0,0.0,0.0,0.0
commit:20,15,1,148.8,330370646562.67487,330370646562.67487,1432.9783437030278,672389354327.0399,20.0,0.0,0.0,0.0,0.0,0.0,0.0
commit:20,16,0,595.2,664044999590.9764,664044999590.9764,2880.2864708430857,2689557417308.1597,20.0,0.0,0.0,0.0,0.0,0.0,0.0
commit:20,16,1,148.8,332022499795.4882,332022499795.4882,1440.1432354215428,672389354327.0399,20.0,0.0,0.0,0.0,0.0,0.0,0.0
commit:20,17,0,556.8000000000001,624309403647.71,624309403647.71,2707.933844926508,2516037583933.44,20.0,0.0,0.0,0.0,0.0,0.0,0.0
commit:20,17,1,139.20000000000002,312154701823.855,312154701823.855,1353.966922463254,629009395983.36,20.0,0.0,0.0,0.0,0.0,0.0,0.0
commit:20,18,0,595.2,670702050711.8757,670702050711.8757,2909.1613427132866,2689557417308.1597,20.0,0.0,0.0,0.0,0.0,0.0,0.0
commit:20,18,1,148.8,335351025355.93787,335351025355.93787,1454.5806713566433,672389354327.0399,20.0,0.0,0.0,0.0,0.0,0.0,0.0
commit:20,19,0,576.0,652311833192.3566,652311833192.3566,2829.394015574374,2602797500620.8,20.0,0.0,0.0,0.0,0.0,0.0,0.0
commit:20,19,1,144.0,326155916596.1783,326155916596.1783,1414.697007787187,650699375155.2,20.0,0.0,0.0,0.0,0.0,0.0,0.0
commit:20,20,0,595.2,677425838770.2622,677425838770.2622,2938.325685173987,2689557417308.1597,20.0,0.0,0.0,0.0,0.0,0.0,0.0
commit:20,20,1,148.8,338712919385.1311,338712919385.1311,1469.1628425869935,672389354327.0399,20.0,0.0,0.0,0.0,0.0,0.0,0.0
commit:20,21,0,576.0,658851259320.1097,658851259320.1097,2857.7586905805065,2602797500620.8,20.0,0.0,0.0,0.0,0.0,0.0,0.0
commit:20,21,1,144.0,329425629660.0549,329425629660.0549,1428.8793452902532,650699375155.2,20.0,0.0,0.0,0.0,0.0,0.0,0.0
commit:20,22,0,595.2,684217032803.934,684217032803.934,2967.782400167856,2689557417308.1597,20.0,0.0,0.0,0.0,0.0,0.0,0.0
commit:20,22,1,148.8,342108516401.967,342108516401.967,1483.891200083928,672389354327.0399,20.0,0.0,0.0,0.0,0.0,0.0,0.0
commit:20,23,0,595.2,687638117967.9535,687638117967.9535,2982.621312168694,2689557417308.1597,20.0,0.0,0.0,0.0,0.0,0.0,0.0
commit:20,23,1,148.8,343819058983.97675,343819058983.97675,1491.310656084347,672389354327.0399,20.0,0.0,0.0,0.0,0.0,0.0,0.0
commit:20,24,0,576.0,668783524410.7677,668783524410.7677,2900.839760060843,2602797500620.8,20.0,0.0,0.0,0.0,0.0,0.0,0.0
commit:20,24,1,144.0,334391762205.38385,334391762205.38385,1450.4198800304216,650699375155.2,20.0,0.0,0.0,0.0,0.0,0.0,0.0
commit:20,25,0,595.2,694531690100.5822,694531690100.5822,3012.5220908231854,2689557417308.1597,20.0,0.0,0.0,0.0,0.0,0.0,0.0
commit:20,25,1,148.8,347265845050.2911,347265845050.2911,1506.2610454115927,672389354327.0399,20.0,0.0,0.0,0.0,0.0,0.0,0.0
commit:20,26,0,576.0,675488079242.9854,675488079242.9854,2929.920678655452,2602797500620.8,20.0,0.0,0.0,0.0,0.0,0.0,0.0
commit:20,26,1,144.0,337744039621.4927,337744039621.4927,1464.960339327726,650699375155.2,20.0,0.0,0.0,0.0,0.0,0.0,0.0
commit:20,27,0,595.2,701494370293.8403,701494370293.8403,3042.722624783687,2689557417308.1597,20.0,0.0,0.0,0.0,0.0,0.0,0.0
commit:20,27,1,148.8,350747185146.92017,350747185146.92017,1521.3613123918435,672389354327.0399,20.0,0.0,0.0,0.0,0.0,0.0,0.0
commit:20,28,0,595.2,705001842145.3094,705001842145.3094,3057.936237907605,2689557417308.1597,20.0,0.0,0.0,0.0,0.0,0.0,0.0
commit:20,28,1,148.8,352500921072.6547,352500921072.6547,1528.9681189538026,672389354327.0399,20.0,0.0,0.0,0.0,0.0,0.0,0.0
commit:20,29,0,537.6,639959736708.6776,639959736708.6776,2775.8169591845162,2429277667246.0796,20.0,0.0,0.0,0.0,0.0,0.0,0.0
commit:20,29,1,134.4,319979868354.3388,319979868354.3388,1387.9084795922581,607319416811.5199,20.0,0.0,0.0,0.0,0.0,0.0,0.0
commit:20,30,0,595.2,712069485612.816,712069485612.816,3088.5920486926284,2689557417308.1597,20.0,0.0,0.0,0.0,0.0,0.0,0.0
commit:20,30,1,148.8,356034742806.408,356034742806.408,1544.2960243463142,672389354327.0399,20.0,0.0,0.0,0.0,0.0,0.0,0.0
commit:20,31,0,576.0,692544999716.9807,692544999716.9807,3003.9048473575076,2602797500620.8,20.0,0.0,0.0,0.0,0.0,0.0,0.0
commit:20,31,1,144.0,346272499858.49036,346272499858.49036,1501.9524236787538,650699375155.2,20.0,0.0,0.0,0.0,0.0,0.0,0.0
commit:20,32,0,595.2,719207982206.0844,719207982206.0844,3119.5551839807713,2689557417308.1597,20.0,0.0,0.0,0.0,0.0,0.0,0.0
commit:20,32,1,148.8,359603991103.0422,359603991103.0422,1559.7775919903856,672389354327.0399,20.0,0.0,0.0,0.0,0.0,0.0,0.0
commit:20,33,0,576.0,699487763339.1433,699487763339.1433,3034.018993452266,2602797500620.8,20.0,0.0,0.0,0.0,0.0,0.0,0.0
commit:20,33,1,144.0,349743881669.57166,349743881669.57166,1517.009496726133,650699375155.2,20.0,0.0,0.0,0.0,0.0,0.0,0.0
commit:20,34,0,595.2,726418042227.7002,726418042227.7002,3150.8287247001776,2689557417308.1597,20.0,0.0,0.0,0.0,0.0,0.0,0.0
commit:20,34,1,148.8,363209021113.8501,363209021113.8501,1575.4143623500888,672389354327.0399,20.0,0.0,0.0,0.0,0.0,0.0,0.0
commit:20,35,0,595.2,730050132438.8386,730050132438.8386,3166.582868323678,2689557417308.1597,20.0,0.0,0.0,0.0,0.0,0.0,0.0
commit:20,35,1,148.8,365025066219.4193,365025066219.4193,1583.291434161839,672389354327.0399,20.0,0.0,0.0,0.0,0.0,0.0,0.0
commit:20,36,0,576.0,710032628807.451,710032628807.451,3079.757209030932,2602797500620.8,20.0,0.0,0.0,0.0,0.0,0.0,0.0
commit:20,36,1,144.0,355016314403.7255,355016314403.7255,1539.878604515466,650699375155.2,20.0,0.0,0.0,0.0,0.0,0.0,0.0
commit:21,1,0,595.2,616178562048.0001,616178562048.0001,2672.666426196395,2824035288173.568,21.0,0.0,0.0,0.0,0.0,0.0,0.0
commit:21,1,1,148.8,308089281024.00006,308089281024.00006,1336.3332130981976,706008822043.392,21.0,0.0,0.0,0.0,0.0,0.0,0.0
commit:21,2,0,576.0,599283343411.2001,599283343411.2001,2599.38363709101,2732937375651.8394,21.0,0.0,0.0,0.0,0.0,0.0,0.0
commit:21,2,1,144.0,299641671705.60004,299641671705.60004,1299.691818545505,683234343912.9598,21.0,0.0,0.0,0.0,0.0,0.0,0.0
commit:21,3,0,595.2,622355752132.5311,622355752132.5311,2699.459907119013,2824035288173.568,21.0,0.0,0.0,0.0,0.0,0.0,0.0
commit:21,3,1,148.8,311177876066.26556,311177876066.26556,1349.7299535595066,706008822043.392,21.0,0.0,0.0,0.0,0.0,0.0,0.0
commit:21,4,0,595.2,625467530893.1937,625467530893.1937,2712.957206654608,2824035288173.568,21.0,0.0,0.0,0.0,0.0,0.0,0.0
commit:21,4,1,148.8,312733765446.59686,312733765446.59686,1356.478603327304,706008822043.392,21.0,0.0,0.0,0.0,0.0,0.0,0.0
commit:21,5,0,537.6,567763107075.3055,567763107075.3055,2462.66502565357,2550741550608.384,21.0,0.0,0.0,0.0,0.0,0.0,0.0
commit:21,5,1,134.4,283881553537.6528,283881553537.6528,1231.332512826785,637685387652.096,21.0,0.0,0.0,0.0,0.0,0.0,0.0
commit:21,6,0,595.2,631737842890.3978,631737842890.3978,2740.1546026513197,2824035288173.568,21.0,0.0,0.0,0.0,0.0,0.0,0.0
commit:21,6,1,148.8,315868921445.1989,315868921445.1989,1370.0773013256598,706008822043.392,21.0,0.0,0.0,0.0,0.0,0.0,0.0
commit:21,7,0,576.0,614415998811.145,614415998811.145,2665.0213312882997,2732937375651.8394,21.0,0.0,0.0,0.0,0.0,0.0,0.0
commit:21,7,1,144.0,307207999405.5725,307207999405.5725,1332.5106656441499,683234343912.9598,21.0,0.0,0.0,0.0,0.0,0.0,0.0
commit:21,8,0,595.2,638071014765.374,638071014765.374,2767.624652542899,2824035288173.568,21.0,0.0,0.0,0.0,0.0,0.0,0.0
commit:21,8,1,148.8,319035507382.687,319035507382.687,1383.8123262714496,706008822043.392,21.0,0.0,0.0,0.0,0.0,0.0,0.0
commit:21,9,0,576.0,620575519199.2267,620575519199.2267,2691.738170134465,2732937375651.8394,21.0,0.0,0.0,0.0,0.0,0.0,0.0
commit:21,9,1,144.0,310287759599.61334,310287759599.61334,1345.8690850672324,683234343912.9598,21.0,0.0,0.0,0.0,0.0,0.0,0.0
commit:21,10,0,595.2,644467676688.3967,644467676688.3967,2795.370089684641,2824035288173.568,21.0,0.0,0.0,0.0,0.0,0.0,0.0
commit:21,10,1,148.8,322233838344.19836,322233838344.19836,1397.6850448423204,706008822043.392,21.0,0.0,0.0,0.0,0.0,0.0,0.0
commit:21,11,0,595.2,647690015071.8387,647690015071.8387,2809.346940133064,2824035288173.568,21.0,0.0,0.0,0.0,0.0,0.0,0.0
commit:21,11,1,148.8,323845007535.9194,323845007535.9194,1404.673470066532,706008822043.392,21.0,0.0,0.0,0.0,0.0,0.0,0.0
commit:21,12,0,576.0,629930772723.0947,629930772723.0947,2732.316459516512,2732937375651.8394,21.0,0.0,0.0,0.0,0.0,0.0,0.0
commit:21,12,1,144.0,314965386361.54736,314965386361.54736,1366.158229758256,683234343912.9598,21.0,0.0,0.0,0.0,0.0,0.0,0.0
commit:21,13,0,595.2,654183107472.9337,654183107472.9337,2837.5106432078974,2824035288173.568,21.0,0.0,0.0,0.0,0.0,0.0,0.0
commit:21,13,1,148.8,327091553736.46686,327091553736.46686,1418.7553216039487,706008822043.392,21.0,0.0,0.0,0.0,0.0,0.0,0.0
commit:21,14,0,576.0,636245828719.6436,636245828719.6436,2759.707932023164,2732937375651.8394,21.0,0.0,0.0,0.0,0.0,0.0,0.0
commit:21,14,1,144.0,318122914359.8218,318122914359.8218,1379.853966011582,683234343912.9598,21.0,0.0,0.0,0.0,0.0,0.0,0.0
commit:21,15,0,595.2,660741293125.3497,660741293125.3497,2865.9566874060556,2824035288173.568,21.0,0.0,0.0,0.0,0.0,0.0,0.0
commit:21,15,1,148.8,330370646562.67487,330370646562.67487,1432.9783437030278,706008822043.392,21.0,0.0,0.0,0.0,0.0,0.0,0.0
commit:21,16,0,595.2,664044999590.9764,664044999590.9764,2880.2864708430857,2824035288173.568,21.0,0.0,0.0,0.0,0.0,0.0,0.0
commit:21,16,1,148.8,332022499795.4882,332022499795.4882,1440.1432354215428,706008822043.392,21.0,0.0,0.0,0.0,0.0,0.0,0.0
commit:21,17,0,556.8000000000001,624309403647.71,624309403647.71,2707.933844926508,2641839463130.112,21.0,0.0,0.0,0.0,0.0,0.0,0.0
commit:21,17,1,139.20000000000002,312154701823.855,312154701823.855,1353.966922463254,660459865782.528,21.0,0.0,0.0,0.0,0.0,0.0,0.0
commit:21,18,0,595.2,670702050711.8757,670702050711.8757,2909.1613427132866,2824035288173.568,21.0,0.0,0.0,0.0,0.0,0.0,0.0
commit:21,18,1,148.8,335351025355.93787,335351025355.93787,1454.5806713566433,706008822043.392,21.0,0.0,0.0,0.0,0.0,0.0,0.0
commit:21,19,0,576.0,652311833192.3566,652311833192.3566,2829.394015574374,2732937375651.8394,21.0,0.0,0.0,0.0,0.0,0.0,0.0
commit:21,19,1,144.0,326155916596.1783,326155916596.1783,1414.697007787187,683234343912.9598,21.0,0.0,0.0,0.0,0.0,0.0,0.0
commit:21,20,0,595.2,677425838770.2622,677425838770.2622,2938.325685173987,2824035288173.568,21.0,0.0,0.0,0.0,0.0,0.0,0.0
commit:21,20,1,148.8,338712919385.1311,338712919385.1311,1469.1628425869935,706008822043.392,21.0,0.0,0.0,0.0,0.0,0.0,0.0
commit:21,21,0,576.0,658851259320.1097,658851259320.1097,2857.7586905805065,2732937375651.8394,21.0,0.0,0.0,0.0,0.0,0.0,0.0
commit:21,21,1,144.0,329425629660.0549,329425629660.0549,1428.8793452902532,683234343912.9598,21.0,0.0,0.0,0.0,0.0,0.0,0.0
commit:21,22,0,595.2,684217032803.934,684217032803.934,2967.782400167856,2824035288173.568,21.0,0.0,0.0,0.0,0.0,0.0,0.0
commit:21,22,1,148.8,342108516401.967,342108516401.967,1483.891200083928,706008822043.392,21.0,0.0,0.0,0.0,0.0,0.0,0.0
commit:21,23,0,595.2,687638117967.9535,687638117967.9535,2982.621312168694,2824035288173.568,21.0,0.0,0.0,0.0,0.0,0.0,0.0
commit:21,23,1,148.8,343819058983.97675,343819058983.97675,1491.310656084347,706008822043.392,21.0,0.0,0.0,0.0,0.0,0.0,0.0
commit:21,24,0,576.0,668783524410.7677,668783524410.7677,2900.839760060843,2732937375651.8394,21.0,0.0,0.0,0.0,0.0,0.0,0.0
commit:21,24,1,144.0,334391762205.38385,334391762205.38385,1450.4198800304216,683234343912.9598,21.0,0.0,0.0,0.0,0.0,0.0,0.0
commit:21,25,0,595.2,694531690100.5822,694531690100.5822,3012.5220908231854,2824035288173.568,21.0,0.0,0.0,0.0,0.0,0.0,0.0
commit:21,25,1,148.8,347265845050.2911,347265845050.2911,1506.2610454115927,706008822043.392,21.0,0.0,0.0,0.0,0.0,0.0,0.0
commit:21,26,0,576.0,675488079242.9854,675488079242.9854,2929.920678655452,2732937375651.8394,21.0,0.0,0.0,0.0,0.0,0.0,0.0
commit:21,26,1,144.0,337744039621.4927,337744039621.4927,1464.960339327726,683234343912.9598,21.0,0.0,0.0,0.0,0.0,0.0,0.0
commit:21,27,0,595.2,701494370293.8403,701494370293.8403,3042.722624783687,2824035288173.568,21.0,0.0,0.0,0.0,0.0,0.0,0.0
commit:21,27,1,148.8,350747185146.92017,350747185146.92017,1521.3613123918435,706008822043.392,21.0,0.0,0.0,0.0,0.0,0.0,0.0
commit:21,28,0,595.2,705001842145.3094,705001842145.3094,3057.936237907605,2824035288173.568,21.0,0.0,0.0,0.0,0.0,0.0,0.0
commit:21,28,1,148.8,352500921072.6547,352500921072.6547,1528.9681189538026,706008822043.392,21.0,0.0,0.0,0.0,0.0,0.0,0.0
commit:21,29,0,537.6,639959736708.6776,639959736708.6776,2775.8169591845162,2550741550608.384,21.0,0.0,0.0,0.0,0.0,0.0,0.0
commit:21,29,1,134.4,319979868354.3388,319979868354.3388,1387.9084795922581,637685387652.096,21.0,0.0,0.0,0.0,0.0,0.0,0.0
commit:21,30,0,595.2,712069485612.816,712069485612.816,3088.5920486926284,2824035288173.568,21.0,0.0,0.0,0.0,0.0,0.0,0.0
commit:21,30,1,148.8,356034742806.408,356034742806.408,1544.2960243463142,706008822043.392,21.0,0.0,0.0,0.0,0.0,0.0,0.0
commit:21,31,0,576.0,692544999716.9807,692544999716.9807,3003.9048473575076,2732937375651.8394,21.0,0.0,0.0,0.0,0.0,0.0,0.0
commit:21,31,1,144.0,346272499858.49036,346272499858.49036,1501.9524236787538,683234343912.9598,21.0,0.0,0.0,0.0,0.0,0.0,0.0
commit:21,32,0,595.2,719207982206.0844,719207982206.0844,3119.5551839807713,2824035288173.568,21.0,0.0,0.0,0.0,0.0,0.0,0.0
commit:21,32,1,148.8,359603991103.0422,359603991103.0422,1559.7775919903856,706008822043.392,21.0,0.0,0.0,0.0,0.0,0.0,0.0
commit:21,33,0,576.0,699487763339.1433,699487763339.1433,3034.018993452266,2732937375651.8394,21.0,0.0,0.0,0.0,0.0,0.0,0.0
commit:21,33,1,144.0,349743881669.57166,349743881669.57166,1517.009496726133,683234343912.9598,21.0,0.0,0.0,0.0,0.0,0.0,0.0
commit:21,34,0,595.2,726418042227.7002,726418042227.7002,3150.8287247001776,2824035288173.568,21.0,0.0,0.0,0.0,0.0,0.0,0.0
commit:21,34,1,148.8,363209021113.8501,363209021113.8501,1575.4143623500888,706008822043.392,21.0,0.0,0.0,0.0,0.0,0.0,0.0
commit:21,35,0,595.2,730050132438.8386,730050132438.8386,3166.582868323678,2824035288173.568,21.0,0.0,0.0,0.0,0.0,0.0,0.0
commit:21,35,1,148.8,365025066219.4193,365025066219.4193,1583.291434161839,706008822043.392,21.0,0.0,0.0,0.0,0.0,0.0,0.0
commit:21,36,0,576.0,710032628807.451,710032628807.451,3079.757209030932,2732937375651.8394,21.0,0.0,0.0,0.0,0.0,0.0,0.0
commit:21,36,1,144.0,355016314403.7255,355016314403.7255,1539.878604515466,683234343912.9598,21.0,0.0,0.0,0.0,0.0,0.0,0.0
commit:22,1,0,595.2,616178562048.0001,616178562048.0001,2672.666426196395,2958513159038.9756,22.0,0.0,0.0,0.0,0.0,0.0,0.0
commit:22,1,1,148.8,308089281024.00006,308089281024.00006,1336.3332130981976,739628289759.7439,22.0,0.0,0.0,0.0,0.0,0.0,0.0
commit:22,2,0,576.0,599283343411.2001,599283343411.2001,2599.38363709101,2863077250682.8794,22.0,0.0,0.0,0.0,0.0,0.0,0.0
commit:22,2,1,144.0,299641671705.60004,299641671705.60004,1299.691818545505,715769312670.7198,22.0,0.0,0.0,0.0,0.0,0.0,0.0
commit:22,3,0,595.2,622355752132.5311,622355752132.5311,2699.459907119013,2958513159038.9756,22.0,0.0,0.0,0.0,0.0,0.0,0.0
commit:22,3,1,148.8,311177876066.26556,311177876066.26556,1349.7299535595066,739628289759.7439,22.0,0.0,0.0,0.0,0.0,0.0,0.0
commit:22,4,0,595.2,625467530893.1937,625467530893.1937,2712.957206654608,2958513159038.9756,22.0,0.0,0.0,0.0,0.0,0.0,0.0
commit:22,4,1,148.8,312733765446.59686,312733765446.59686,1356.478603327304,739628289759.7439,22.0,0.0,0.0,0.0,0.0,0.0,0.0
commit:22,5,0,537.6,567763107075.3055,567763107075.3055,2462.66502565357,2672205433970.6875,22.0,0.0,0.0,0.0,0.0,0.0,0.0
commit:22,5,1,134.4,283881553537.6528,283881553537.6528,1231.332512826785,668051358492.6719,22.0,0.0,0.0,0.0,0.0,0.0,0.0
commit:22,6,0,595.2,631737842890.3978,631737842890.3978,2740.1546026513197,2958513159038.9756,22.0,0.0,0.0,0.0,0.0,0.0,0.0
commit:22,6,1,148.8,315868921445.1989,315868921445.1989,1370.0773013256598,739628289759.7439,22.0,0.0,0.0,0.0,0.0,0.0,0.0
commit:22,7,0,576.0,614415998811.145,614415998811.145,2665.0213312882997,2863077250682.8794,22.0,0.0,0.0,0.0,0.0,0.0,0.0
commit:22,7,1,144.0,307207999405.5725,307207999405.5725,1332.5106656441499,715769312670.7198,22.0,0.0,0.0,0.0,0.0,0.0,0.0
commit:22,8,0,595.2,638071014765.374,638071014765.374,2767.624652542899,2958513159038.9756,22.0,0.0,0.0,0.0,0.0,0.0,0.0
commit:22,8,1,148.8,319035507382.687,319035507382.687,1383.8123262714496,739628289759.7439,22.0,0.0,0.0,0.0,0.0,0.0,0.0
commit:22,9,0,576.0,620575519199.2267,620575519199.2267,2691.738170134465,2863077250682.8794,22.0,0.0,0.0,0.0,0.0,0.0,0.0
commit:22,9,1,144.0,310287759599.61334,310287759599.61334,1345.8690850672324,715769312670.7198,22.0,0.0,0.0,0.0,0.0,0.0,0.0
commit:22,10,0,595.2,644467676688.3967,644467676688.3967,2795.370089684641,2958513159038.9756,22.0,0.0,0.0,0.0,0.0,0.0,0.0
commit:22,10,1,148.8,322233838344.19836,322233838344.19836,1397.6850448423204,739628289759.7439,22.0,0.0,0.0,0.0,0.0,0.0,0.0
commit:22,11,0,595.2,647690015071.8387,647690015071.8387,2809.346940133064,2958513159038.9756,22.0,0.0,0.0,0.0,0.0,0.0,0.0
commit:22,11,1,148.8,323845007535.9194,323845007535.9194,1404.673470066532,739628289759.7439,22.0,0.0,0.0,0.0,0.0,0.0,0.0
commit:22,12,0,576.0,629930772723.0947,629930772723.0947,2732.316459516512,2863077250682.8794,22.0,0.0,0.0,0.0,0.0,0.0,0.0
commit:22,12,1,144.0,314965386361.54736,314965386361.54736,1366.158229758256,715769312670.7198,22.0,0.0,0.0,0.0,0.0,0.0,0.0
commit:22,13,0,595.2,654183107472.9337,654183107472.9337,2837.5106432078974,2958513159038.9756,22.0,0.0,0.0,0.0,0.0,0.0,0.0
commit:22,13,1,148.8,327091553736.46686,327091553736.46686,1418.7553216039487,739628289759.7439,22.0,0.0,0.0,0.0,0.0,0.0,0.0
commit:22,14,0,576.0,636245828719.6436,636245828719.6436,2759.707932023164,2863077250682.8794,22.0,0.0,0.0,0.0,0.0,0.0,0.0
commit:22,14,1,144.0,318122914359.8218,318122914359.8218,1379.853966011582,715769312670.7198,22.0,0.0,0.0,0.0,0.0,0.0,0.0
commit:22,15,0,595.2,660741293125.3497,660741293125.3497,2865.9566874060556,2958513159038.9756,22.0,0.0,0.0,0.0,0.0,0.0,0.0
commit:22,15,1,148.8,330370646562.67487,330370646562.67487,1432.9783437030278,739628289759.7439,22.0,0.0,0.0,0.0,0.0,0.0,0.0
commit:22,16,0,595.2,664044999590.9764,664044999590.9764,2880.2864708430857,2958513159038.9756,22.0,0.0,0.0,0.0,0.0,0.0,0.0
commit:22,16,1,148.8,332022499795.4882,332022499795.4882,1440.1432354215428,739628289759.7439,22.0,0.0,0.0,0.0,0.0,0.0,0.0
commit:22,17,0,556.8000000000001,624309403647.71,624309403647.71,2707.933844926508,2767641342326.7837,22.0,0.0,0.0,0.0,0.0,0.0,0.0
commit:22,17,1,139.20000000000002,312154701823.855,312154701823.855,1353.966922463254,691910335581.6959,22.0,0.0,0.0,0.0,0.0,0.0,0.0
commit:22,18,0,595.2,670702050711.8757,670702050711.8757,2909.1613427132866,2958513159038.9756,22.0,0.0,0.0,0.0,0.0,0.0,0.0
commit:22,18,1,148.8,335351025355.93787,335351025355.93787,1454.5806713566433,739628289759.7439,22.0,0.0,0.0,0.0,0.0,0.0,0.0
commit:22,19,0,576.0,652311833192.3566,652311833192.3566,2829.394015574374,2863077250682.8794,22.0,0.0,0.0,0.0,0.0,0.0,0.0
commit:22,19,1,144.0,326155916596.1783,326155916596.1783,1414.697007787187,715769312670.7198,22.0,0.0,0.0,0.0,0.0,0.0,0.0
commit:22,20,0,595.2,677425838770.2622,677425838770.2622,2938.325685173987,2958513159038.9756,22.0,0.0,0.0,0.0,0.0,0.0,0.0
commit:22,20,1,148.8,338712919385.1311,338712919385.1311,1469.1628425869935,739628289759.7439,22.0,0.0,0.0,0.0,0.0,0.0,0.0
commit:22,21,0,576.0,658851259320.1097,658851259320.1097,2857.7586905805065,2863077250682.8794,22.0,0.0,0.0,0.0,0.0,0.0,0.0
commit:22,21,1,144.0,329425629660.0549,329425629660.0549,1428.8793452902532,715769312670.7198,22.0,0.0,0.0,0.0,0.0,0.0,0.0
commit:22,22,0,595.2,684217032803.934,684217032803.934,2967.782400167856,2958513159038.9756,22.0,0.0,0.0,0.0,0.0,0.0,0.0
commit:22,22,1,148.8,342108516401.967,342108516401.967,1483.891200083928,739628289759.7439,22.0,0.0,0.0,0.0,0.0,0.0,0.0
commit:22,23,0,595.2,687638117967.9535,687638117967.9535,2982.621312168694,2958513159038.9756,22.0,0.0,0.0,0.0,0.0,0.0,0.0
commit:22,23,1,148.8,343819058983.97675,343819058983.97675,1491.310656084347,739628289759.7439,22.0,0.0,0.0,0.0,0.0,0.0,0.0
commit:22,24,0,576.0,668783524410.7677,668783524410.7677,2900.839760060843,2863077250682.8794,22.0,0.0,0.0,0.0,0.0,0.0,0.0
commit:22,24,1,144.0,334391762205.38385,334391762205.38385,1450.4198800304216,715769312670.7198,22.0,0.0,0.0,0.0,0.0,0.0,0.0
commit:22,25,0,595.2,694531690100.5822,694531690100.5822,3012.5220908231854,2958513159038.9756,22.0,0.0,0.0,0.0,0.0,0.0,0.0
commit:22,25,1,148.8,347265845050.2911,347265845050.2911,1506.2610454115927,739628289759.7439,22.0,0.0,0.0,0.0,0.0,0.0,0.0
commit:22,26,0,576.0,675488079242.9854,675488079242.9854,2929.920678655452,2863077250682.8794,22.0,0.0,0.0,0.0,0.0,0.0,0.0
commit:22,26,1,144.0,337744039621.4927,337744039621.4927,1464.960339327726,715769312670.7198,22.0,0.0,0.0,0.0,0.0,0.0,0.0
commit:22,27,0,595.2,701494370293.8403,701494370293.8403,3042.722624783687,2958513159038.9756,22.0,0.0,0.0,0.0,0.0,0.0,0.0
commit:22,27,1,148.8,350747185146.92017,350747185146.92017,1521.3613123918435,739628289759.7439,22.0,0.0,0.0,0.0,0.0,0.0,0.0
commit:22,28,0,595.2,705001842145.3094,705001842145.3094,3057.936237907605,2958513159038.9756,22.0,0.0,0.0,0.0,0.0,0.0,0.0
commit:22,28,1,148.8,352500921072.6547,352500921072.6547,1528.9681189538026,739628289759.7439,22.0,0.0,0.0,0.0,0.0,0.0,0.0
commit:22,29,0,537.6,639959736708.6776,639959736708.6776,2775.8169591845162,2672205433970.6875,22.0,0.0,0.0,0.0,0.0,0.0,0.0
commit:22,29,1,134.4,319979868354.3388,319979868354.3388,1387.9084795922581,668051358492.6719,22.0,0.0,0.0,0.0,0.0,0.0,0.0
commit:22,30,0,595.2,712069485612.816,712069485612.816,3088.5920486926284,2958513159038.9756,22.0,0.0,0.0,0.0,0.0,0.0,0.0
commit:22,30,1,148.8,356034742806.408,356034742806.408,1544.2960243463142,739628289759.7439,22.0,0.0,0.0,0.0,0.0,0.0,0.0
commit:22,31,0,576.0,692544999716.9807,692544999716.9807,3003.9048473575076,2863077250682.8794,22.0,0.0,0.0,0.0,0.0,0.0,0.0
commit:22,31,1,144.0,346272499858.49036,346272499858.49036,1501.9524236787538,715769312670.7198,22.0,0.0,0.0,0.0,0.0,0.0,0.0
commit:22,32,0,595.2,719207982206.0844,719207982206.0844,3119.5551839807713,2958513159038.9756,22.0,0.0,0.0,0.0,0.0,0.0,0.0
commit:22,32,1,148.8,359603991103.0422,359603991103.0422,1559.7775919903856,739628289759.7439,22.0,0.0,0.0,0.0,0.0,0.0,0.0
commit:22,33,0,576.0,699487763339.1433,699487763339.1433,3034.018993452266,2863077250682.8794,22.0,0.0,0.0,0.0,0.0,0.0,0.0
commit:22,33,1,144.0,349743881669.57166,349743881669.57166,1517.009496726133,715769312670.7198,22.0,0.0,0.0,0.0,0.0,0.0,0.0
commit:22,34,0,595.2,726418042227.7002,726418042227.7002,3150.8287247001776,2958513159038.9756,22.0,0.0,0.0,0.0,0.0,0.0,0.0
commit:22,34,1,148.8,363209021113.8501,363209021113.8501,1575.4143623500888,739628289759.7439,22.0,0.0,0.0,0.0,0.0,0.0,0.0
commit:22,35,0,595.2,730050132438.8386,730050132438.8386,3166.582868323678,2958513159038.9756,22.0,0.0,0.0,0.0,0.0,0.0,0.0
commit:22,35,1,148.8,365025066219.4193,365025066219.4193,1583.291434161839,739628289759.7439,22.0,0.0,0.0,0.0,0.0,0.0,0.0
commit:22,36,0,576.0,710032628807.451,710032628807.451,3079.757209030932,2863077250682.8794,22.0,0.0,0.0,0.0,0.0,0.0,0.0
commit:22,36,1,144.0,355016314403.7255,355016314403.7255,1539.878604515466,715769312670.7198,22.0,0.0,0.0,0.0,0.0,0.0,0.0
commit:23,1,0,595.2,616178562048.0001,616178562048.0001,2672.666426196395,3092991029904.384,23.0,0.0,0.0,0.0,0.0,0.0,0.0
commit:23,1,1,148.8,308089281024.00006,308089281024.00006,1336.3332130981976,773247757476.096,23.0,0.0,0.0,0.0,0.0,0.0,0.0
commit:23,2,0,576.0,599283343411.2001,599283343411.2001,2599.38363709101,2993217125713.9194,23.0,0.0,0.0,0.0,0.0,0.0,0.0
commit:23,2,1,144.0,299641671705.60004,299641671705.60004,1299.691818545505,748304281428.4799,23.0,0.0,0.0,0.0,0.0,0.0,0.0
commit:23,3,0,595.2,622355752132.5311,622355752132.5311,2699.459907119013,3092991029904.384,23.0,0.0,0.0,0.0,0.0,0.0,0.0
commit:23,3,1,148.8,311177876066.26556,311177876066.26556,1349.7299535595066,773247757476.096,23.0,0.0,0.0,0.0,0.0,0.0,0.0
commit:23,4,0,595.2,625467530893.1937,625467530893.1937,2712.957206654608,3092991029904.384,23.0,0.0,0.0,0.0,0.0,0.0,0.0
commit:23,4,1,148.8,312733765446.59686,312733765446.59686,1356.478603327304,773247757476.096,23.0,0.0,0.0,0.0,0.0,0.0,0.0
commit:23,5,0,537.6,567763107075.3055,567763107075.3055,2462.66502565357,2793669317332.9917,23.0,0.0,0.0,0.0,0.0,0.0,0.0
commit:23,5,1,134.4,283881553537.6528,283881553537.6528,1231.332512826785,698417329333.2479,23.0,0.0,0.0,0.0,0.0,0.0,0.0
commit:23,6,0,595.2,631737842890.3978,631737842890.3978,2740.1546026513197,3092991029904.384,23.0,0.0,0.0,0.0,0.0,0.0,0.0
commit:23,6,1,148.8,315868921445.1989,315868921445.1989,1370.0773013256598,773247757476.096,23.0,0.0,0.0,0.0,0.0,0.0,0.0
commit:23,7,0,576.0,614415998811.145,614415998811.145,2665.0213312882997,2993217125713.9194,23.0,0.0,0.0,0.0,0.0,0.0,0.0
commit:23,7,1,144.0,307207999405.5725,307207999405.5725,1332.5106656441499,748304281428.4799,23.0,0.0,0.0,0.0,0.0,0.0,0.0
commit:23,8,0,595.2,638071014765.374,638071014765.374,2767.624652542899,3092991029904.384,23.0,0.0,0.0,0.0,0.0,0.0,0.0
commit:23,8,1,148.8,319035507382.687,319035507382.687,1383.8123262714496,773247757476.096,23.0,0.0,0.0,0.0,0.0,0.0,0.0
commit:23,9,0,576.0,620575519199.2267,620575519199.2267,2691.738170134465,2993217125713.9194,23.0,0.0,0.0,0.0,0.0,0.0,0.0
commit:23,9,1,144.0,310287759599.61334,310287759599.61334,1345.8690850672324,748304281428.4799,23.0,0.0,0.0,0.0,0.0,0.0,0.0
commit:23,10,0,595.2,644467676688.3967,644467676688.3967,2795.370089684641,3092991029904.384,23.0,0.0,0.0,0.0,0.0,0.0,0.0
commit:23,10,1,148.8,322233838344.19836,322233838344.19836,1397.6850448423204,773247757476.096,23.0,0.0,0.0,0.0,0.0,0.0,0.0
commit:23,11,0,595.2,647690015071.8387,647690015071.8387,2809.346940133064,3092991029904.384,23.0,0.0,0.0,0.0,0.0,0.0,0.0
commit:23,11,1,148.8,323845007535.9194,323845007535.9194,1404.673470066532,773247757476.096,23.0,0.0,0.0,0.0,0.0,0.0,0.0
commit:23,12,0,576.0,629930772723.0947,629930772723.0947,2732.316459516512,2993217125713.9194,23.0,0.0,0.0,0.0,0.0,0.0,0.0
commit:23,12,1,144.0,314965386361.54736,314965386361.54736,1366.158229758256,748304281428.4799,23.0,0.0,0.0,0.0,0.0,0.0,0.0
commit:23,13,0,595.2,654183107472.9337,654183107472.9337,2837.5106432078974,3092991029904.384,23.0,0.0,0.0,0.0,0.0,0.0,0.0
commit:23,13,1,148.8,327091553736.46686,327091553736.46686,1418.7553216039487,773247757476.096,23.0,0.0,0.0,0.0,0.0,0.0,0.0
commit:23,14,0,576.0,636245828719.6436,636245828719.6436,2759.707932023164,2993217125713.9194,23.0,0.0,0.0,0.0,0.0,0.0,0.0
commit:23,14,1,144.0,318122914359.8218,318122914359.8218,1379.853966011582,748304281428.4799,23.0,0.0,0.0,0.0,0.0,0.0,0.0
commit:23,15,0,595.2,660741293125.3497,660741293125.3497,2865.9566874060556,3092991029904.384,23.0,0.0,0.0,0.0,0.0,0.0,0.0
commit:23,15,1,148.8,330370646562.67487,330370646562.67487,1432.9783437030278,773247757476.096,23.0,0.0,0.0,0.0,0.0,0.0,0.0
commit:23,16,0,595.2,664044999590.9764,664044999590.9764,2880.2864708430857,3092991029904.384,23.0,0.0,0.0,0.0,0.0,0.0,0.0
commit:23,16,1,148.8,332022499795.4882,332022499795.4882,1440.1432354215428,773247757476.096,23.0,0.0,0.0,0.0,0.0,0.0,0.0
commit:23,17,0,556.8000000000001,624309403647.71,624309403647.71,2707.933844926508,2893443221523.456,23.0,0.0,0.0,0.0,0.0,0.0,0.0
commit:23,17,1,139.20000000000002,312154701823.855,312154701823.855,1353.966922463254,723360805380.864,23.0,0.0,0.0,0.0,0.0,0.0,0.0
commit:23,18,0,595.2,670702050711.8757,670702050711.8757,2909.1613427132866,3092991029904.384,23.0,0.0,0.0,0.0,0.0,0.0,0.0
commit:23,18,1,148.8,335351025355.93787,335351025355.93787,1454.5806713566433,773247757476.096,23.0,0.0,0.0,0.0,0.0,0.0,0.0
commit:23,19,0,576.0,652311833192.3566,652311833192.3566,2829.394015574374,2993217125713.9194,23.0,0.0,0.0,0.0,0.0,0.0,0.0
commit:23,19,1,144.0,326155916596.1783,326155916596.1783,1414.697007787187,748304281428.4799,23.0,0.0,0.0,0.0,0.0,0.0,0.0
commit:23,20,0,595.2,677425838770.2622,677425838770.2622,2938.325685173987,3092991029904.384,23.0,0.0,0.0,0.0,0.0,0.0,0.0
commit:23,20,1,148.8,338712919385.1311,338712919385.1311,1469.1628425869935,773247757476.096,23.0,0.0,0.0,0.0,0.0,0.0,0.0
commit:23,21,0,576.0,658851259320.1097,658851259320.1097,2857.7586905805065,2993217125713.9194,23.0,0.0,0.0,0.0,0.0,0.0,0.0
commit:23,21,1,144.0,329425629660.0549,329425629660.0549,1428.8793452902532,748304281428.4799,23.0,0.0,0.0,0.0,0.0,0.0,0.0
commit:23,22,0,595.2,684217032803.934,684217032803.934,2967.782400167856,3092991029904.384,23.0,0.0,0.0,0.0,0.0,0.0,0.0
commit:23,22,1,148.8,342108516401.967,342108516401.967,1483.891200083928,773247757476.096,23.0,0.0,0.0,0.0,0.0,0.0,0.0
commit:23,23,0,595.2,687638117967.9535,687638117967.9535,2982.621312168694,3092991029904.384,23.0,0.0,0.0,0.0,0.0,0.0,0.0
commit:23,23,1,148.8,343819058983.97675,343819058983.97675,1491.310656084347,773247757476.096,23.0,0.0,0.0,0.0,0.0,0.0,0.0
commit:23,24,0,576.0,668783524410.7677,668783524410.7677,2900.839760060843,2993217125713.9194,23.0,0.0,0.0,0.0,0.0,0.0,0.0
commit:23,24,1,144.0,334391762205.38385,334391762205.38385,1450.4198800304216,748304281428.4799,23.0,0.0,0.0,0.0,0.0,0.0,0.0
commit:23,25,0,595.2,694531690100.5822,694531690100.5822,3012.5220908231854,3092991029904.384,23.0,0.0,0.0,0.0,0.0,0.0,0.0
commit:23,25,1,148.8,347265845050.2911,347265845050.2911,1506.2610454115927,773247757476.096,23.0,0.0,0.0,0.0,0.0,0.0,0.0
commit:23,26,0,576.0,675488079242.9854,675488079242.9854,2929.920678655452,2993217125713.9194,23.0,0.0,0.0,0.0,0.0,0.0,0.0
commit:23,26,1,144.0,337744039621.4927,337744039621.4927,1464.960339327726,748304281428.4799,23.0,0.0,0.0,0.0,0.0,0.0,0.0
commit:23,27,0,595.2,701494370293.8403,701494370293.8403,3042.722624783687,3092991029904.384,23.0,0.0,0.0,0.0,0.0,0.0,0.0
commit:23,27,1,148.8,350747185146.92017,350747185146.92017,1521.3613123918435,773247757476.096,23.0,0.0,0.0,0.0,0.0,0.0,0.0
commit:23,28,0,595.2,705001842145.3094,705001842145.3094,3057.936237907605,3092991029904.384,23.0,0.0,0.0,0.0,0.0,0.0,0.0
commit:23,28,1,148.8,352500921072.6547,352500921072.6547,1528.9681189538026,773247757476.096,23.0,0.0,0.0,0.0,0.0,0.0,0.0
commit:23,29,0,537.6,639959736708.6776,639959736708.6776,2775.8169591845162,2793669317332.9917,23.0,0.0,0.0,0.0,0.0,0.0,0.0
commit:23,29,1,134.4,319979868354.3388,319979868354.3388,1387.9084795922581,698417329333.2479,23.0,0.0,0.0,0.0,0.0,0.0,0.0
commit:23,30,0,595.2,712069485612.816,712069485612.816,3088.5920486926284,3092991029904.384,23.0,0.0,0.0,0.0,0.0,0.0,0.0
commit:23,30,1,148.8,356034742806.408,356034742806.408,1544.2960243463142,773247757476.096,23.0,0.0,0.0,0.0,0.0,0.0,0.0
commit:23,31,0,576.0,692544999716.9807,692544999716.9807,3003.9048473575076,2993217125713.9194,23.0,0.0,0.0,0.0,0.0,0.0,0.0
commit:23,31,1,144.0,346272499858.49036,346272499858.49036,1501.9524236787538,748304281428.4799,23.0,0.0,0.0,0.0,0.0,0.0,0.0
commit:23,32,0,595.2,719207982206.0844,719207982206.0844,3119.5551839807713,3092991029904.384,23.0,0.0,0.0,0.0,0.0,0.0,0.0
commit:23,32,1,148.8,359603991103.0422,359603991103.0422,1559.7775919903856,773247757476.096,23.0,0.0,0.0,0.0,0.0,0.0,0.0
commit:23,33,0,576.0,699487763339.1433,699487763339.1433,3034.018993452266,2993217125713.9194,23.0,0.0,0.0,0.0,0.0,0.0,0.0
commit:23,33,1,144.0,349743881669.57166,349743881669.57166,1517.009496726133,748304281428.4799,23.0,0.0,0.0,0.0,0.0,0.0,0.0
commit:23,34,0,595.2,726418042227.7002,726418042227.7002,3150.8287247001776,3092991029904.384,23.0,0.0,0.0,0.0,0.0,0.0,0.0
commit:23,34,1,148.8,363209021113.8501,363209021113.8501,1575.4143623500888,773247757476.096,23.0,0.0,0.0,0.0,0.0,0.0,0.0
commit:23,35,0,595.2,730050132438.8386,730050132438.8386,3166.582868323678,3092991029904.384,23.0,0.0,0.0,0.0,0.0,0.0,0.0
commit:23,35,1,148.8,365025066219.4193,365025066219.4193,1583.291434161839,773247757476.096,23.0,0.0,0.0,0.0,0.0,0.0,0.0
commit:23,36,0,576.0,710032628807.451,710032628807.451,3079.757209030932,2993217125713.9194,23.0,0.0,0.0,0.0,0.0,0.0,0.0
commit:23,36,1,144.0,355016314403.7255,355016314403.7255,1539.878604515466,748304281428.4799,23.0,0.0,0.0,0.0,0.0,0.0,0.0
commit:24,1,0,595.2,616178562048.0001,616178562048.0001,2672.666426196395,3227468900769.7915,24.0,0.0,0.0,0.0,0.0,0.0,0.0
commit:24,1,1,148.8,308089281024.00006,308089281024.00006,1336.3332130981976,806867225192.4479,24.0,0.0,0.0,0.0,0.0,0.0,0.0
commit:24,2,0,576.0,599283343411.2001,599283343411.2001,2599.38363709101,3123357000744.9595,24.0,0.0,0.0,0.0,0.0,0.0,0.0
commit:24,2,1,144.0,299641671705.60004,299641671705.60004,1299.691818545505,780839250186.2399,24.0,0.0,0.0,0.0,0.0,0.0,0.0
commit:24,3,0,595.2,622355752132.5311,622355752132.5311,2699.459907119013,3227468900769.7915,24.0,0.0,0.0,0.0,0.0,0.0,0.0
commit:24,3,1,148.8,311177876066.26556,311177876066.26556,1349.7299535595066,806867225192.4479,24.0,0.0,0.0,0.0,0.0,0.0,0.0
commit:24,4,0,595.2,625467530893.1937,625467530893.1937,2712.957206654608,3227468900769.7915,24.0,0.0,0.0,0.0,0.0,0.0,0.0
commit:24,4,1,148.8,312733765446.59686,312733765446.59686,1356.478603327304,806867225192.4479,24.0,0.0,0.0,0.0,0.0,0.0,0.0
commit:24,5,0,537.6,567763107075.3055,567763107075.3055,2462.66502565357,2915133200695.2954,24.0,0.0,0.0,0.0,0.0,0.0,0.0
commit:24,5,1,134.4,283881553537.6528,283881553537.6528,1231.332512826785,728783300173.8239,24.0,0.0,0.0,0.0,0.0,0.0,0.0
commit:24,6,0,595.2,631737842890.3978,631737842890.3978,2740.1546026513197,3227468900769.7915,24.0,0.0,0.0,0.0,0.0,0.0,0.0
commit:24,6,1,148.8,315868921445.1989,315868921445.1989,1370.0773013256598,806867225192.4479,24.0,0.0,0.0,0.0,0.0,0.0,0.0
commit:24,7,0,576.0,614415998811.145,614415998811.145,2665.0213312882997,3123357000744.9595,24.0,0.0,0.0,0.0,0.0,0.0,0.0
commit:24,7,1,144.0,307207999405.5725,307207999405.5725,1332.5106656441499,780839250186.2399,24.0,0.0,0.0,0.0,0.0,0.0,0.0
commit:24,8,0,595.2,638071014765.374,638071014765.374,2767.624652542899,3227468900769.7915,24.0,0.0,0.0,0.0,0.0,0.0,0.0
commit:24,8,1,148.8,319035507382.687,319035507382.687,1383.8123262714496,806867225192.4479,24.0,0.0,0.0,0.0,0.0,0.0,0.0
commit:24,9,0,576.0,620575519199.2267,620575519199.2267,2691.738170134465,3123357000744.9595,24.0,0.0,0.0,0.0,0.0,0.0,0.0
commit:24,9,1,144.0,310287759599.61334,310287759599.61334,1345.8690850672324,780839250186.2399,24.0,0.0,0.0,0.0,0.0,0.0,0.0
commit:24,10,0,595.2,644467676688.3967,644467676688.3967,2795.370089684641,3227468900769.7915,24.0,0.0,0.0,0.0,0.0,0.0,0.0
commit:24,10,1,148.8,322233838344.19836,322233838344.19836,1397.6850448423204,806867225192.4479,24.0,0.0,0.0,0.0,0.0,0.0,0.0
commit:24,11,0,595.2,647690015071.8387,647690015071.8387,2809.346940133064,3227468900769.7915,24.0,0.0,0.0,0.0,0.0,0.0,0.0
commit:24,11,1,148.8,323845007535.9194,323845007535.9194,1404.673470066532,806867225192.4479,24.0,0.0,0.0,0.0,0.0,0.0,0.0
commit:24,12,0,576.0,629930772723.0947,629930772723.0947,2732.316459516512,3123357000744.9595,24.0,0.0,0.0,0.0,0.0,0.0,0.0
commit:24,12,1,144.0,314965386361.54736,314965386361.54736,1366.158229758256,780839250186.2399,24.0,0.0,0.0,0.0,0.0,0.0,0.0
commit:24,13,0,595.2,654183107472.9337,654183107472.9337,2837.5106432078974,3227468900769.7915,24.0,0.0,0.0,0.0,0.0,0.0,0.0
commit:24,13,1,148.8,327091553736.46686,327091553736.46686,1418.7553216039487,806867225192.4479,24.0,0.0,0.0,0.0,0.0,0.0,0.0
commit:24,14,0,576.0,636245828719.6436,636245828719.6436,2759.707932023164,3123357000744.9595,24.0,0.0,0.0,0.0,0.0,0.0,0.0
commit:24,14,1,144.0,318122914359.8218,318122914359.8218,1379.853966011582,780839250186.2399,24.0,0.0,0.0,0.0,0.0,0.0,0.0
commit:24,15,0,595.2,660741293125.3497,660741293125.3497,2865.9566874060556,3227468900769.7915,24.0,0.0,0.0,0.0,0.0,0.0,0.0
commit:24,15,1,148.8,330370646562.67487,330370646562.67487,1432.9783437030278,806867225192.4479,24.0,0.0,0.0,0.0,0.0,0.0,0.0
commit:24,16,0,595.2,664044999590.9764,664044999590.9764,2880.2864708430857,3227468900769.7915,24.0,0.0,0.0,0.0,0.0,0.0,0.0
commit:24,16,1,148.8,332022499795.4882,332022499795.4882,1440.1432354215428,806867225192.4479,24.0,0.0,0.0,0.0,0.0,0.0,0.0
commit:24,17,0,556.8000000000001,624309403647.71,624309403647.71,2707.933844926508,3019245100720.128,24.0,0.0,0.0,0.0,0.0,0.0,0.0
commit:24,17,1,139.20000000000002,312154701823.855,312154701823.855,1353.966922463254,754811275180.032,24.0,0.0,0.0,0.0,0.0,0.0,0.0
commit:24,18,0,595.2,670702050711.8757,670702050711.8757,2909.1613427132866,3227468900769.7915,24.0,0.0,0.0,0.0,0.0,0.0,0.0
commit:24,18,1,148.8,335351025355.93787,335351025355.93787,1454.5806713566433,806867225192.4479,24.0,0.0,0.0,0.0,0.0,0.0,0.0
commit:24,19,0,576.0,652311833192.3566,652311833192.3566,2829.394015574374,3123357000744.9595,24.0,0.0,0.0,0.0,0.0,0.0,0.0
commit:24,19,1,144.0,326155916596.1783,326155916596.1783,1414.697007787187,780839250186.2399,24.0,0.0,0.0,0.0,0.0,0.0,0.0
commit:24,20,0,595.2,677425838770.2622,677425838770.2622,2938.325685173987,3227468900769.7915,24.0,0.0,0.0,0.0,0.0,0.0,0.0
commit:24,20,1,148.8,338712919385.1311,338712919385.1311,1469.1628425869935,806867225192.4479,24.0,0.0,0.0,0.0,0.0,0.0,0.0
commit:24,21,0,576.0,658851259320.1097,658851259320.1097,2857.7586905805065,3123357000744.9595,24.0,0.0,0.0,0.0,0.0,0.0,0.0
commit:24,21,1,144.0,329425629660.0549,329425629660.0549,1428.8793452902532,780839250186.2399,24.0,0.0,0.0,0.0,0.0,0.0,0.0
commit:24,22,0,595.2,684217032803.934,684217032803.934,2967.782400167856,3227468900769.7915,24.0,0.0,0.0,0.0,0.0,0.0,0.0
commit:24,22,1,148.8,342108516401.967,342108516401.967,1483.891200083928,806867225192.4479,24.0,0.0,0.0,0.0,0.0,0.0,0.0
commit:24,23,0,595.2,687638117967.9535,687638117967.9535,2982.621312168694,3227468900769.7915,24.0,0.0,0.0,0.0,0.0,0.0,0.0
commit:24,23,1,148.8,343819058983.97675,343819058983.97675,1491.310656084347,806867225192.4479,24.0,0.0,0.0,0.0,0.0,0.0,0.0
commit:24,24,0,576.0,668783524410.7677,668783524410.7677,2900.839760060843,3123357000744.9595,24.0,0.0,0.0,0.0,0.0,0.0,0.0
commit:24,24,1,144.0,334391762205.38385,334391762205.38385,1450.4198800304216,780839250186.2399,24.0,0.0,0.0,0.0,0.0,0.0,0.0
commit:24,25,0,595.2,694531690100.5822,694531690100.5822,3012.5220908231854,3227468900769.7915,24.0,0.0,0.0,0.0,0.0,0.0,0.0
commit:24,25,1,148.8,347265845050.2911,347265845050.2911,1506.2610454115927,806867225192.4479,24.0,0.0,0.0,0.0,0.0,0.0,0.0
commit:24,26,0,576.0,675488079242.9854,675488079242.9854,2929.920678655452,3123357000744.9595,24.0,0.0,0.0,0.0,0.0,0.0,0.0
commit:24,26,1,144.0,337744039621.4927,337744039621.4927,1464.960339327726,780839250186.2399,24.0,0.0,0.0,0.0,0.0,0.0,0.0
commit:24,27,0,595.2,701494370293.8403,701494370293.8403,3042.722624783687,3227468900769.7915,24.0,0.0,0.0,0.0,0.0,0.0,0.0
commit:24,27,1,148.8,350747185146.92017,350747185146.92017,1521.3613123918435,806867225192.4479,24.0,0.0,0.0,0.0,0.0,0.0,0.0
commit:24,28,0,595.2,705001842145.3094,705001842145.3094,3057.936237907605,3227468900769.7915,24.0,0.0,0.0,0.0,0.0,0.0,0.0
commit:24,28,1,148.8,352500921072.6547,352500921072.6547,1528.9681189538026,806867225192.4479,24.0,0.0,0.0,0.0,0.0,0.0,0.0
commit:24,29,0,537.6,639959736708.6776,639959736708.6776,2775.8169591845162,2915133200695.2954,24.0,0.0,0.0,0.0,0.0,0.0,0.0
commit:24,29,1,134.4,319979868354.3388,319979868354.3388,1387.9084795922581,728783300173.8239,24.0,0.0,0.0,0.0,0.0,0.0,0.0
commit:24,30,0,595.2,712069485612.816,712069485612.816,3088.5920486926284,3227468900769.7915,24.0,0.0,0.0,0.0,0.0,0.0,0.0
commit:24,30,1,148.8,356034742806.408,356034742806.408,1544.2960243463142,806867225192.4479,24.0,0.0,0.0,0.0,0.0,0.0,0.0
commit:24,31,0,576.0,692544999716.9807,692544999716.9807,3003.9048473575076,3123357000744.9595,24.0,0.0,0.0,0.0,0.0,0.0,0.0
commit:24,31,1,144.0,346272499858.49036,346272499858.49036,1501.9524236787538,780839250186.2399,24.0,0.0,0.0,0.0,0.0,0.0,0.0
commit:24,32,0,595.2,719207982206.0844,719207982206.0844,3119.5551839807713,3227468900769.7915,24.0,0.0,0.0,0.0,0.0,0.0,0.0
commit:24,32,1,148.8,359603991103.0422,359603991103.0422,1559.7775919903856,806867225192.4479,24.0,0.0,0.0,0.0,0.0,0.0,0.0
commit:24,33,0,576.0,699487763339.1433,699487763339.1433,3034.018993452266,3123357000744.9595,24.0,0.0,0.0,0.0,0.0,0.0,0.0
commit:24,33,1,144.0,349743881669.57166,349743881669.57166,1517.009496726133,780839250186.2399,24.0,0.0,0.0,0.0,0.0,0.0,0.0
commit:24,34,0,595.2,726418042227.7002,726418042227.7002,3150.8287247001776,3227468900769.7915,24.0,0.0,0.0,0.0,0.0,0.0,0.0
commit:24,34,1,148.8,363209021113.8501,363209021113.8501,1575.4143623500888,806867225192.4479,24.0,0.0,0.0,0.0,0.0,0.0,0.0
commit:24,35,0,595.2,730050132438.8386,730050132438.8386,3166.582868323678,3227468900769.7915,24.0,0.0,0.0,0.0,0.0,0.0,0.0
commit:24,35,1,148.8,365025066219.4193,365025066219.4193,1583.291434161839,806867225192.4479,24.0,0.0,0.0,0.0,0.0,0.0,0.0
commit:24,36,0,576.0,710032628807.451,710032628807.451,3079.757209030932,3123357000744.9595,24.0,0.0,0.0,0.0,0.0,0.0,0.0
commit:24,36,1,144.0,355016314403.7255,355016314403.7255,1539.878604515466,780839250186.2399,24.0,0.0,0.0,0.0,0.0,0.0,0.0
commit:25,1,0,595.2,616178562048.0001,616178562048.0001,2672.666426196395,3361946771635.1997,25.0,0.0,0.0,0.0,0.0,0.0,0.0
commit:25,1,1,148.8,308089281024.00006,308089281024.00006,1336.3332130981976,840486692908.7999,25.0,0.0,0.0,0.0,0.0,0.0,0.0
commit:25,2,0,576.0,599283343411.2001,599283343411.2001,2599.38363709101,3253496875775.9995,25.0,0.0,0.0,0.0,0.0,0.0,0.0
commit:25,2,1,144.0,299641671705.60004,299641671705.60004,1299.691818545505,813374218943.9999,25.0,0.0,0.0,0.0,0.0,0.0,0.0
commit:25,3,0,595.2,622355752132.5311,622355752132.5311,2699.459907119013,3361946771635.1997,25.0,0.0,0.0,0.0,0.0,0.0,0.0
commit:25,3,1,148.8,311177876066.26556,311177876066.26556,1349.7299535595066,840486692908.7999,25.0,0.0,0.0,0.0,0.0,0.0,0.0
commit:25,4,0,595.2,625467530893.1937,625467530893.1937,2712.957206654608,3361946771635.1997,25.0,0.0,0.0,0.0,0.0,0.0,0.0
commit:25,4,1,148.8,312733765446.59686,312733765446.59686,1356.478603327304,840486692908.7999,25.0,0.0,0.0,0.0,0.0,0.0,0.0
commit:25,5,0,537.6,567763107075.3055,567763107075.3055,2462.66502565357,3036597084057.5996,25.0,0.0,0.0,0.0,0.0,0.0,0.0
commit:25,5,1,134.4,283881553537.6528,283881553537.6528,1231.332512826785,759149271014.3999,25.0,0.0,0.0,0.0,0.0,0.0,0.0
commit:25,6,0,595.2,631737842890.3978,631737842890.3978,2740.1546026513197,3361946771635.1997,25.0,0.0,0.0,0.0,0.0,0.0,0.0
commit:25,6,1,148.8,315868921445.1989,315868921445.1989,1370.0773013256598,840486692908.7999,25.0,0.0,0.0,0.0,0.0,0.0,0.0
commit:25,7,0,576.0,614415998811.145,614415998811.145,2665.0213312882997,3253496875775.9995,25.0,0.0,0.0,0.0,0.0,0.0,0.0
commit:25,7,1,144.0,307207999405.5725,307207999405.5725,1332.5106656441499,813374218943.9999,25.0,0.0,0.0,0.0,0.0,0.0,0.0
commit:25,8,0,595.2,638071014765.374,638071014765.374,2767.624652542899,3361946771635.1997,25.0,0.0,0.0,0.0,0.0,0.0,0.0
commit:25,8,1,148.8,319035507382.687,319035507382.687,1383.8123262714496,840486692908.7999,25.0,0.0,0.0,0.0,0.0,0.0,0.0
commit:25,9,0,576.0,620575519199.2267,620575519199.2267,2691.738170134465,3253496875775.9995,25.0,0.0,0.0,0.0,0.0,0.0,0.0
commit:25,9,1,144.0,310287759599.61334,310287759599.61334,1345.8690850672324,813374218943.9999,25.0,0.0,0.0,0.0,0.0,0.0,0.0
commit:25,10,0,595.2,644467676688.3967,644467676688.3967,2795.370089684641,3361946771635.1997,25.0,0.0,0.0,0.0,0.0,0.0,0.0
commit:25,10,1,148.8,322233838344.19836,322233838344.19836,1397.6850448423204,840486692908.7999,25.0,0.0,0.0,0.0,0.0,0.0,0.0
commit:25,11,0,595.2,647690015071.8387,647690015071.8387,2809.346940133064,3361946771635.1997,25.0,0.0,0.0,0.0,0.0,0.0,0.0
commit:25,11,1,148.8,323845007535.9194,323845007535.9194,1404.673470066532,840486692908.7999,25.0,0.0,0.0,0.0,0.0,0.0,0.0
commit:25,12,0,576.0,629930772723.0947,629930772723.0947,2732.316459516512,3253496875775.9995,25.0,0.0,0.0,0.0,0.0,0.0,0.0
commit:25,12,1,144.0,314965386361.54736,314965386361.54736,1366.158229758256,813374218943.9999,25.0,0.0,0.0,0.0,0.0,0.0,0.0
commit:25,13,0,595.2,654183107472.9337,654183107472.9337,2837.5106432078974,3361946771635.1997,25.0,0.0,0.0,0.0,0.0,0.0,0.0
commit:25,13,1,148.8,327091553736.46686,327091553736.46686,1418.7553216039487,840486692908.7999,25.0,0.0,0.0,0.0,0.0,0.0,0.0
commit:25,14,0,576.0,636245828719.6436,636245828719.6436,2759.707932023164,3253496875775.9995,25.0,0.0,0.0,0.0,0.0,0.0,0.0
commit:25,14,1,144.0,318122914359.8218,318122914359.8218,1379.853966011582,813374218943.9999,25.0,0.0,0.0,0.0,0.0,0.0,0.0
commit:25,15,0,595.2,660741293125.3497,660741293125.3497,2865.9566874060556,3361946771635.1997,25.0,0.0,0.0,0.0,0.0,0.0,0.0
commit:25,15,1,148.8,330370646562.67487,330370646562.67487,1432.9783437030278,840486692908.7999,25.0,0.0,0.0,0.0,0.0,0.0,0.0
commit:25,16,0,595.2,664044999590.9764,664044999590.9764,2880.2864708430857,3361946771635.1997,25.0,0.0,0.0,0.0,0.0,0.0,0.0
commit:25,16,1,148.8,332022499795.4882,332022499795.4882,1440.1432354215428,840486692908.7999,25.0,0.0,0.0,0.0,0.0,0.0,0.0
commit:25,17,0,556.8000000000001,624309403647.71,624309403647.71,2707.933844926508,3145046979916.8,25.0,0.0,0.0,0.0,0.0,0.0,0.0
commit:25,17,1,139.20000000000002,312154701823.855,312154701823.855,1353.966922463254,786261744979.2,25.0,0.0,0.0,0.0,0.0,0.0,0.0
commit:25,18,0,595.2,670702050711.8757,670702050711.8757,2909.1613427132866,3361946771635.1997,25.0,0.0,0.0,0.0,0.0,0.0,0.0
commit:25,18,1,148.8,335351025355.93787,335351025355.93787,1454.5806713566433,840486692908.7999,25.0,0.0,0.0,0.0,0.0,0.0,0.0
commit:25,19,0,576.0,652311833192.3566,652311833192.3566,2829.394015574374,3253496875775.9995,25.0,0.0,0.0,0.0,0.0,0.0,0.0
commit:25,19,1,144.0,326155916596.1783,326155916596.1783,1414.697007787187,813374218943.9999,25.0,0.0,0.0,0.0,0.0,0.0,0.0
commit:25,20,0,595.2,677425838770.2622,677425838770.2622,2938.325685173987,3361946771635.1997,25.0,0.0,0.0,0.0,0.0,0.0,0.0
commit:25,20,1,148.8,338712919385.1311,338712919385.1311,1469.1628425869935,840486692908.7999,25.0,0.0,0.0,0.0,0.0,0.0,0.0
commit:25,21,0,576.0,658851259320.1097,658851259320.1097,2857.7586905805065,3253496875775.9995,25.0,0.0,0.0,0.0,0.0,0.0,0.0
commit:25,21,1,144.0,329425629660.0549,329425629660.0549,1428.8793452902532,813374218943.9999,25.0,0.0,0.0,0.0,0.0,0.0,0.0
commit:25,22,0,595.2,684217032803.934,684217032803.934,2967.782400167856,3361946771635.1997,25.0,0.0,0.0,0.0,0.0,0.0,0.0
commit:25,22,1,148.8,342108516401.967,342108516401.967,1483.891200083928,840486692908.7999,25.0,0.0,0.0,0.0,0.0,0.0,0.0
commit:25,23,0,595.2,687638117967.9535,687638117967.9535,2982.621312168694,3361946771635.1997,25.0,0.0,0.0,0.0,0.0,0.0,0.0
commit:25,23,1,148.8,343819058983.97675,343819058983.97675,1491.310656084347,840486692908.7999,25.0,0.0,0.0,0.0,0.0,0.0,0.0
commit:25,24,0,576.0,668783524410.7677,668783524410.7677,2900.839760060843,3253496875775.9995,25.0,0.0,0.0,0.0,0.0,0.0,0.0
commit:25,24,1,144.0,334391762205.38385,334391762205.38385,1450.4198800304216,813374218943.9999,25.0,0.0,0.0,0.0,0.0,0.0,0.0
commit:25,25,0,595.2,694531690100.5822,694531690100.5822,3012.5220908231854,3361946771635.1997,25.0,0.0,0.0,0.0,0.0,0.0,0.0
commit:25,25,1,148.8,347265845050.2911,347265845050.2911,1506.2610454115927,840486692908.7999,25.0,0.0,0.0,0.0,0.0,0.0,0.0
commit:25,26,0,576.0,675488079242.9854,675488079242.9854,2929.920678655452,3253496875775.9995,25.0,0.0,0.0,0.0,0.0,0.0,0.0
commit:25,26,1,144.0,337744039621.4927,337744039621.4927,1464.960339327726,813374218943.9999,25.0,0.0,0.0,0.0,0.0,0.0,0.0
commit:25,27,0,595.2,701494370293.8403,701494370293.8403,3042.722624783687,3361946771635.1997,25.0,0.0,0.0,0.0,0.0,0.0,0.0
commit:25,27,1,148.8,350747185146.92017,350747185146.92017,1521.3613123918435,840486692908.7999,25.0,0.0,0.0,0.0,0.0,0.0,0.0
commit:25,28,0,595.2,705001842145.3094,705001842145.3094,3057.936237907605,3361946771635.1997,25.0,0.0,0.0,0.0,0.0,0.0,0.0
commit:25,28,1,148.8,352500921072.6547,352500921072.6547,1528.9681189538026,840486692908.7999,25.0,0.0,0.0,0.0,0.0,0.0,0.0
commit:25,29,0,537.6,639959736708.6776,639959736708.6776,2775.8169591845162,3036597084057.5996,25.0,0.0,0.0,0.0,0.0,0.0,0.0
commit:25,29,1,134.4,319979868354.3388,319979868354.3388,1387.9084795922581,759149271014.3999,25.0,0.0,0.0,0.0,0.0,0.0,0.0
commit:25,30,0,595.2,712069485612.816,712069485612.816,3088.5920486926284,3361946771635.1997,25.0,0.0,0.0,0.0,0.0,0.0,0.0
commit:25,30,1,148.8,356034742806.408,356034742806.408,1544.2960243463142,840486692908.7999,25.0,0.0,0.0,0.0,0.0,0.0,0.0
commit:25,31,0,576.0,692544999716.9807,692544999716.9807,3003.9048473575076,3253496875775.9995,25.0,0.0,0.0,0.0,0.0,0.0,0.0
commit:25,31,1,144.0,346272499858.49036,346272499858.49036,1501.9524236787538,813374218943.9999,25.0,0.0,0.0,0.0,0.0,0.0,0.0
commit:25,32,0,595.2,719207982206.0844,719207982206.0844,3119.5551839807713,3361946771635.1997,25.0,0.0,0.0,0.0,0.0,0.0,0.0
commit:25,32,1,148.8,359603991103.0422,359603991103.0422,1559.7775919903856,840486692908.7999,25.0,0.0,0.0,0.0,0.0,0.0,0.0
commit:25,33,0,576.0,699487763339.1433,699487763339.1433,3034.018993452266,3253496875775.9995,25.0,0.0,0.0,0.0,0.0,0.0,0.0
commit:25,33,1,144.0,349743881669.57166,349743881669.57166,1517.009496726133,813374218943.9999,25.0,0.0,0.0,0.0,0.0,0.0,0.0
commit:25,34,0,595.2,726418042227.7002,726418042227.7002,3150.8287247001776,3361946771635.1997,25.0,0.0,0.0,0.0,0.0,0.0,0.0
commit:25,34,1,148.8,363209021113.8501,363209021113.8501,1575.4143623500888,840486692908.7999,25.0,0.0,0.0,0.0,0.0,0.0,0.0
commit:25,35,0,595.2,730050132438.8386,730050132438.8386,3166.582868323678,3361946771635.1997,25.0,0.0,0.0,0.0,0.0,0.0,0.0
commit:25,35,1,148.8,365025066219.4193,365025066219.4193,1583.291434161839,840486692908.7999,25.0,0.0,0.0,0.0,0.0,0.0,0.0
commit:25,36,0,576.0,710032628807.451,710032628807.451,3079.757209030932,3253496875775.9995,25.0,0.0,0.0,0.0,0.0,0.0,0.0
commit:25,36,1,144.0,355016314403.7255,355016314403.7255,1539.878604515466,813374218943.9999,25.0,0.0,0.0,0.0,0.0,0.0,0.0
commit:26,1,0,595.2,616178562048.0001,616178562048.0001,2672.666426196395,3496424642500.608,26.0,0.0,0.0,0.0,0.0,0.0,0.0
commit:26,1,1,148.8,308089281024.00006,308089281024.00006,1336.3332130981976,874106160625.152,26.0,0.0,0.0,0.0,0.0,0.0,0.0
commit:26,2,0,576.0,599283343411.2001,599283343411.2001,2599.38363709101,3383636750807.0396,26.0,0.0,0.0,0.0,0.0,0.0,0.0
commit:26,2,1,144.0,299641671705.60004,299641671705.60004,1299.691818545505,845909187701.7599,26.0,0.0,0.0,0.0,0.0,0.0,0.0
commit:26,3,0,595.2,622355752132.5311,622355752132.5311,2699.459907119013,3496424642500.608,26.0,0.0,0.0,0.0,0.0,0.0,0.0
commit:26,3,1,148.8,311177876066.26556,311177876066.26556,1349.7299535595066,874106160625.152,26.0,0.0,0.0,0.0,0.0,0.0,0.0
commit:26,4,0,595.2,625467530893.1937,625467530893.1937,2712.957206654608,3496424642500.608,26.0,0.0,0.0,0.0,0.0,0.0,0.0
commit:26,4,1,148.8,312733765446.59686,312733765446.59686,1356.478603327304,874106160625.152,26.0,0.0,0.0,0.0,0.0,0.0,0.0
commit:26,5,0,537.6,567763107075.3055,567763107075.3055,2462.66502565357,3158060967419.904,26.0,0.0,0.0,0.0,0.0,0.0,0.0
commit:26,5,1,134.4,283881553537.6528,283881553537.6528,1231.332512826785,789515241854.976,26.0,0.0,0.0,0.0,0.0,0.0,0.0
commit:26,6,0,595.2,631737842890.3978,631737842890.3978,2740.1546026513197,3496424642500.608,26.0,0.0,0.0,0.0,0.0,0.0,0.0
commit:26,6,1,148.8,315868921445.1989,315868921445.1989,1370.0773013256598,874106160625.152,26.0,0.0,0.0,0.0,0.0,0.0,0.0
commit:26,7,0,576.0,614415998811.145,614415998811.145,2665.0213312882997,3383636750807.0396,26.0,0.0,0.0,0.0,0.0,0.0,0.0
commit:26,7,1,144.0,307207999405.5725,307207999405.5725,1332.5106656441499,845909187701.7599,26.0,0.0,0.0,0.0,0.0,0.0,0.0
commit:26,8,0,595.2,638071014765.374,638071014765.374,2767.624652542899,3496424642500.608,26.0,0.0,0.0,0.0,0.0,0.0,0.0
commit:26,8,1,148.8,319035507382.687,319035507382.687,1383.8123262714496,874106160625.152,26.0,0.0,0.0,0.0,0.0,0.0,0.0
commit:26,9,0,576.0,620575519199.2267,620575519199.2267,2691.738170134465,3383636750807.0396,26.0,0.0,0.0,0.0,0.0,0.0,0.0
commit:26,9,1,144.0,310287759599.61334,310287759599.61334,1345.8690850672324,845909187701.7599,26.0,0.0,0.0,0.0,0.0,0.0,0.0
commit:26,10,0,595.2,644467676688.3967,644467676688.3967,2795.370089684641,3496424642500.608,26.0,0.0,0.0,0.0,0.0,0.0,0.0
commit:26,10,1,148.8,322233838344.19836,322233838344.19836,1397.6850448423204,874106160625.152,26.0,0.0,0.0,0.0,0.0,0.0,0.0
commit:26,11,0,595.2,647690015071.8387,647690015071.8387,2809.346940133064,3496424642500.608,26.0,0.0,0.0,0.0,0.0,0.0,0.0
commit:26,11,1,148.8,323845007535.9194,323845007535.9194,1404.673470066532,874106160625.152,26.0,0.0,0.0,0.0,0.0,0.0,0.0
commit:26,12,0,576.0,629930772723.0947,629930772723.0947,2732.316459516512,3383636750807.0396,26.0,0.0,0.0,0.0,0.0,0.0,0.0
commit:26,12,1,144.0,314965386361.54736,314965386361.54736,1366.158229758256,845909187701.7599,26.0,0.0,0.0,0.0,0.0,0.0,0.0
commit:26,13,0,595.2,654183107472.9337,654183107472.9337,2837.5106432078974,3496424642500.608,26.0,0.0,0.0,0.0,0.0,0.0,0.0
commit:26,13,1,148.8,327091553736.46686,327091553736.46686,1418.7553216039487,874106160625.152,26.0,0.0,0.0,0.0,0.0,0.0,0.0
commit:26,14,0,576.0,636245828719.6436,636245828719.6436,2759.707932023164,3383636750807.0396,26.0,0.0,0.0,0.0,0.0,0.0,0.0
commit:26,14,1,144.0,318122914359.8218,318122914359.8218,1379.853966011582,845909187701.7599,26.0,0.0,0.0,0.0,0.0,0.0,0.0
commit:26,15,0,595.2,660741293125.3497,660741293125.3497,2865.9566874060556,3496424642500.608,26.0,0.0,0.0,0.0,0.0,0.0,0.0
commit:26,15,1,148.8,330370646562.67487,330370646562.67487,1432.9783437030278,874106160625.152,26.0,0.0,0.0,0.0,0.0,0.0,0.0
commit:26,16,0,595.2,664044999590.9764,664044999590.9764,2880.2864708430857,3496424642500.608,26.0,0.0,0.0,0.0,0.0,0.0,0.0
commit:26,16,1,148.8,332022499795.4882,332022499795.4882,1440.1432354215428,874106160625.152,26.0,0.0,0.0,0.0,0.0,0.0,0.0
commit:26,17,0,556.8000000000001,624309403647.71,624309403647.71,2707.933844926508,3270848859113.4717,26.0,0.0,0.0,0.0,0.0,0.0,0.0
commit:26,17,1,139.20000000000002,312154701823.855,312154701823.855,1353.966922463254,817712214778.3679,26.0,0.0,0.0,0.0,0.0,0.0,0.0
commit:26,18,0,595.2,670702050711.8757,670702050711.8757,2909.1613427132866,3496424642500.608,26.0,0.0,0.0,0.0,0.0,0.0,0.0
commit:26,18,1,148.8,335351025355.93787,335351025355.93787,1454.5806713566433,874106160625.152,26.0,0.0,0.0,0.0,0.0,0.0,0.0
commit:26,19,0,576.0,652311833192.3566,652311833192.3566,2829.394015574374,3383636750807.0396,26.0,0.0,0.0,0.0,0.0,0.0,0.0
commit:26,19,1,144.0,326155916596.1783,326155916596.1783,1414.697007787187,845909187701.7599,26.0,0.0,0.0,0.0,0.0,0.0,0.0
commit:26,20,0,595.2,677425838770.2622,677425838770.2622,2938.325685173987,3496424642500.608,26.0,0.0,0.0,0.0,0.0,0.0,0.0
commit:26,20,1,148.8,338712919385.1311,338712919385.1311,1469.1628425869935,874106160625.152,26.0,0.0,0.0,0.0,0.0,0.0,0.0
commit:26,21,0,576.0,658851259320.1097,658851259320.1097,2857.7586905805065,3383636750807.0396,26.0,0.0,0.0,0.0,0.0,0.0,0.0
commit:26,21,1,144.0,329425629660.0549,329425629660.0549,1428.8793452902532,845909187701.7599,26.0,0.0,0.0,0.0,0.0,0.0,0.0
commit:26,22,0,595.2,684217032803.934,684217032803.934,2967.782400167856,3496424642500.608,26.0,0.0,0.0,0.0,0.0,0.0,0.0
commit:26,22,1,148.8,342108516401.967,342108516401.967,1483.891200083928,874106160625.152,26.0,0.0,0.0,0.0,0.0,0.0,0.0
commit:26,23,0,595.2,687638117967.9535,687638117967.9535,2982.621312168694,3496424642500.608,26.0,0.0,0.0,0.0,0.0,0.0,0.0
commit:26,23,1,148.8,343819058983.97675,343819058983.97675,1491.310656084347,874106160625.152,26.0,0.0,0.0,0.0,0.0,0.0,0.0
commit:26,24,0,576.0,668783524410.7677,668783524410.7677,2900.839760060843,3383636750807.0396,26.0,0.0,0.0,0.0,0.0,0.0,0.0
commit:26,24,1,144.0,334391762205.38385,334391762205.38385,1450.4198800304216,845909187701.7599,26.0,0.0,0.0,0.0,0.0,0.0,0.0
commit:26,25,0,595.2,694531690100.5822,694531690100.5822,3012.5220908231854,3496424642500.608,26.0,0.0,0.0,0.0,0.0,0.0,0.0
commit:26,25,1,148.8,347265845050.2911,347265845050.2911,1506.2610454115927,874106160625.152,26.0,0.0,0.0,0.0,0.0,0.0,0.0
commit:26,26,0,576.0,675488079242.9854,675488079242.9854,2929.920678655452,3383636750807.0396,26.0,0.0,0.0,0.0,0.0,0.0,0.0
commit:26,26,1,144.0,337744039621.4927,337744039621.4927,1464.960339327726,845909187701.7599,26.0,0.0,0.0,0.0,0.0,0.0,0.0
commit:26,27,0,595.2,701494370293.8403,701494370293.8403,3042.722624783687,3496424642500.608,26.0,0.0,0.0,0.0,0.0,0.0,0.0
commit:26,27,1,148.8,350747185146.92017,350747185146.92017,1521.3613123918435,874106160625.152,26.0,0.0,0.0,0.0,0.0,0.0,0.0
commit:26,28,0,595.2,705001842145.3094,705001842145.3094,3057.936237907605,3496424642500.608,26.0,0.0,0.0,0.0,0.0,0.0,0.0
commit:26,28,1,148.8,352500921072.6547,352500921072.6547,1528.9681189538026,874106160625.152,26.0,0.0,0.0,0.0,0.0,0.0,0.0
commit:26,29,0,537.6,639959736708.6776,639959736708.6776,2775.8169591845162,3158060967419.904,26.0,0.0,0.0,0.0,0.0,0.0,0.0
commit:26,29,1,134.4,319979868354.3388,319979868354.3388,1387.9084795922581,789515241854.976,26.0,0.0,0.0,0.0,0.0,0.0,0.0
commit:26,30,0,595.2,712069485612.816,712069485612.816,3088.5920486926284,3496424642500.608,26.0,0.0,0.0,0.0,0.0,0.0,0.0
commit:26,30,1,148.8,356034742806.408,356034742806.408,1544.2960243463142,874106160625.152,26.0,0.0,0.0,0.0,0.0,0.0,0.0
commit:26,31,0,576.0,692544999716.9807,692544999716.9807,3003.9048473575076,3383636750807.0396,26.0,0.0,0.0,0.0,0.0,0.0,0.0
commit:26,31,1,144.0,346272499858.49036,346272499858.49036,1501.9524236787538,845909187701.7599,26.0,0.0,0.0,0.0,0.0,0.0,0.0
commit:26,32,0,595.2,719207982206.0844,719207982206.0844,3119.5551839807713,3496424642500.608,26.0,0.0,0.0,0.0,0.0,0.0,0.0
commit:26,32,1,148.8,359603991103.0422,359603991103.0422,1559.7775919903856,874106160625.152,26.0,0.0,0.0,0.0,0.0,0.0,0.0
commit:26,33,0,576.0,699487763339.1433,699487763339.1433,3034.018993452266,3383636750807.0396,26.0,0.0,0.0,0.0,0.0,0.0,0.0
commit:26,33,1,144.0,349743881669.57166,349743881669.57166,1517.009496726133,845909187701.7599,26.0,0.0,0.0,0.0,0.0,0.0,0.0
commit:26,34,0,595.2,726418042227.7002,726418042227.7002,3150.8287247001776,3496424642500.608,26.0,0.0,0.0,0.0,0.0,0.0,0.0
commit:26,34,1,148.8,363209021113.8501,363209021113.8501,1575.4143623500888,874106160625.152,26.0,0.0,0.0,0.0,0.0,0.0,0.0
commit:26,35,0,595.2,730050132438.8386,730050132438.8386,3166.582868323678,3496424642500.608,26.0,0.0,0.0,0.0,0.0,0.0,0.0
commit:26,35,1,148.8,365025066219.4193,365025066219.4193,1583.291434161839,874106160625.152,26.0,0.0,0.0,0.0,0.0,0.0,0.0
commit:26,36,0,576.0,710032628807.451,710032628807.451,3079.757209030932,3383636750807.0396,26.0,0.0,0.0,0.0,0.0,0.0,0.0
commit:26,36,1,144.0,355016314403.7255,355016314403.7255,1539.878604515466,845909187701.7599,26.0,0.0,0.0,0.0,0.0,0.0,0.0
commit:27,1,0,595.2,616178562048.0001,616178562048.0001,2672.666426196395,3630902513366.0156,27.0,0.0,0.0,0.0,0.0,0.0,0.0
commit:27,1,1,148.8,308089281024.00006,308089281024.00006,1336.3332130981976,907725628341.5039,27.0,0.0,0.0,0.0,0.0,0.0,0.0
commit:27,2,0,576.0,599283343411.2001,599283343411.2001,2599.38363709101,3513776625838.0796,27.0,0.0,0.0,0.0,0.0,0.0,0.0
commit:27,2,1,144.0,299641671705.60004,299641671705.60004,1299.691818545505,878444156459.5199,27.0,0.0,0.0,0.0,0.0,0.0,0.0
commit:27,3,0,595.2,622355752132.5311,622355752132.5311,2699.459907119013,3630902513366.0156,27.0,0.0,0.0,0.0,0.0,0.0,0.0
commit:27,3,1,148.8,311177876066.26556,311177876066.26556,1349.7299535595066,907725628341.5039,27.0,0.0,0.0,0.0,0.0,0.0,0.0
commit:27,4,0,595.2,625467530893.1937,625467530893.1937,2712.957206654608,3630902513366.0156,27.0,0.0,0.0,0.0,0.0,0.0,0.0
commit:27,4,1,148.8,312733765446.59686,312733765446.59686,1356.478603327304,907725628341.5039,27.0,0.0,0.0,0.0,0.0,0.0,0.0
commit:27,5,0,537.6,567763107075.3055,567763107075.3055,2462.66502565357,3279524850782.2075,27.0,0.0,0.0,0.0,0.0,0.0,0.0
commit:27,5,1,134.4,283881553537.6528,283881553537.6528,1231.332512826785,819881212695.5519,27.0,0.0,0.0,0.0,0.0,0.0,0.0
commit:27,6,0,595.2,631737842890.3978,631737842890.3978,2740.1546026513197,3630902513366.0156,27.0,0.0,0.0,0.0,0.0,0.0,0.0
commit:27,6,1,148.8,315868921445.1989,315868921445.1989,1370.0773013256598,907725628341.5039,27.0,0.0,0.0,0.0,0.0,0.0,0.0
commit:27,7,0,576.0,614415998811.145,614415998811.145,2665.0213312882997,3513776625838.0796,27.0,0.0,0.0,0.0,0.0,0.0,0.0
commit:27,7,1,144.0,307207999405.5725,307207999405.5725,1332.5106656441499,878444156459.5199,27.0,0.0,0.0,0.0,0.0,0.0,0.0
commit:27,8,0,595.2,638071014765.374,638071014765.374,2767.624652542899,3630902513366.0156,27.0,0.0,0.0,0.0,0.0,0.0,0.0
commit:27,8,1,148.8,319035507382.687,319035507382.687,1383.8123262714496,907725628341.5039,27.0,0.0,0.0,0.0,0.0,0.0,0.0
commit:27,9,0,576.0,620575519199.2267,620575519199.2267,2691.738170134465,3513776625838.0796,27.0,0.0,0.0,0.0,0.0,0.0,0.0
commit:27,9,1,144.0,310287759599.61334,310287759599.61334,1345.8690850672324,878444156459.5199,27.0,0.0,0.0,0.0,0.0,0.0,0.0
commit:27,10,0,595.2,644467676688.3967,644467676688.3967,2795.370089684641,3630902513366.0156,27.0,0.0,0.0,0.0,0.0,0.0,0.0
commit:27,10,1,148.8,322233838344.19836,322233838344.19836,1397.6850448423204,907725628341.5039,27.0,0.0,0.0,0.0,0.0,0.0,0.0
commit:27,11,0,595.2,647690015071.8387,647690015071.8387,2809.346940133064,3630902513366.0156,27.0,0.0,0.0,0.0,0.0,0.0,0.0
commit:27,11,1,148.8,323845007535.9194,323845007535.9194,1404.673470066532,907725628341.5039,27.0,0.0,0.0,0.0,0.0,0.0,0.0
commit:27,12,0,576.0,629930772723.0947,629930772723.0947,2732.316459516512,3513776625838.0796,27.0,0.0,0.0,0.0,0.0,0.0,0.0
commit:27,12,1,144.0,314965386361.54736,314965386361.54736,1366.158229758256,878444156459.5199,27.0,0.0,0.0,0.0,0.0,0.0,0.0
commit:27,13,0,595.2,654183107472.9337,654183107472.9337,2837.5106432078974,3630902513366.0156,27.0,0.0,0.0,0.0,0.0,0.0,0.0
commit:27,13,1,148.8,327091553736.46686,327091553736.46686,1418.7553216039487,907725628341.5039,27.0,0.0,0.0,0.0,0.0,0.0,0.0
commit:27,14,0,576.0,636245828719.6436,636245828719.6436,2759.707932023164,3513776625838.0796,27.0,0.0,0.0,0.0,0.0,0.0,0.0
commit:27,14,1,144.0,318122914359.8218,318122914359.8218,1379.853966011582,878444156459.5199,27.0,0.0,0.0,0.0,0.0,0.0,0.0
commit:27,15,0,595.2,660741293125.3497,660741293125.3497,2865.9566874060556,3630902513366.0156,27.0,0.0,0.0,0.0,0.0,0.0,0.0
commit:27,15,1,148.8,330370646562.67487,330370646562.67487,1432.9783437030278,907725628341.5039,27.0,0.0,0.0,0.0,0.0,0.0,0.0
commit:27,16,0,595.2,664044999590.9764,664044999590.9764,2880.2864708430857,3630902513366.0156,27.0,0.0,0.0,0.0,0.0,0.0,0.0
commit:27,16,1,148.8,332022499795.4882,332022499795.4882,1440.1432354215428,907725628341.5039,27.0,0.0,0.0,0.0,0.0,0.0,0.0
commit:27,17,0,556.8000000000001,624309403647.71,624309403647.71,2707.933844926508,3396650738310.144,27.0,0.0,0.0,0.0,0.0,0.0,0.0
commit:27,17,1,139.20000000000002,312154701823.855,312154701823.855,1353.966922463254,849162684577.536,27.0,0.0,0.0,0.0,0.0,0.0,0.0
commit:27,18,0,595.2,670702050711.8757,670702050711.8757,2909.1613427132866,3630902513366.0156,27.0,0.0,0.0,0.0,0.0,0.0,0.0
commit:27,18,1,148.8,335351025355.93787,335351025355.93787,1454.5806713566433,907725628341.5039,27.0,0.0,0.0,0.0,0.0,0.0,0.0
commit:27,19,0,576.0,652311833192.3566,652311833192.3566,2829.394015574374,3513776625838.0796,27.0,0.0,0.0,0.0,0.0,0.0,0.0
commit:27,19,1,144.0,326155916596.1783,326155916596.1783,1414.697007787187,878444156459.5199,27.0,0.0,0.0,0.0,0.0,0.0,0.0
commit:27,20,0,595.2,677425838770.2622,677425838770.2622,2938.325685173987,3630902513366.0156,27.0,0.0,0.0,0.0,0.0,0.0,0.0
commit:27,20,1,148.8,338712919385.1311,338712919385.1311,1469.1628425869935,907725628341.5039,27.0,0.0,0.0,0.0,0.0,0.0,0.0
commit:27,21,0,576.0,658851259320.1097,658851259320.1097,2857.7586905805065,3513776625838.0796,27.0,0.0,0.0,0.0,0.0,0.0,0.0
commit:27,21,1,144.0,329425629660.0549,329425629660.0549,1428.8793452902532,878444156459.5199,27.0,0.0,0.0,0.0,0.0,0.0,0.0
commit:27,22,0,595.2,684217032803.934,684217032803.934,2967.782400167856,3630902513366.0156,27.0,0.0,0.0,0.0,0.0,0.0,0.0
commit:27,22,1,148.8,342108516401.967,342108516401.967,1483.891200083928,907725628341.5039,27.0,0.0,0.0,0.0,0.0,0.0,0.0
commit:27,23,0,595.2,687638117967.9535,687638117967.9535,2982.621312168694,3630902513366.0156,27.0,0.0,0.0,0.0,0.0,0.0,0.0
commit:27,23,1,148.8,343819058983.97675,343819058983.97675,1491.310656084347,907725628341.5039,27.0,0.0,0.0,0.0,0.0,0.0,0.0
commit:27,24,0,576.0,668783524410.7677,668783524410.7677,2900.839760060843,3513776625838.0796,27.0,0.0,0.0,0.0,0.0,0.0,0.0
commit:27,24,1,144.0,334391762205.38385,334391762205.38385,1450.4198800304216,878444156459.5199,27.0,0.0,0.0,0.0,0.0,0.0,0.0
commit:27,25,0,595.2,694531690100.5822,694531690100.5822,3012.5220908231854,3630902513366.0156,27.0,0.0,0.0,0.0,0.0,0.0,0.0
commit:27,25,1,148.8,347265845050.2911,347265845050.2911,1506.2610454115927,907725628341.5039,27.0,0.0,0.0,0.0,0.0,0.0,0.0
commit:27,26,0,576.0,675488079242.9854,675488079242.9854,2929.920678655452,3513776625838.0796,27.0,0.0,0.0,0.0,0.0,0.0,0.0
commit:27,26,1,144.0,337744039621.4927,337744039621.4927,1464.960339327726,878444156459.5199,27.0,0.0,0.0,0.0,0.0,0.0,0.0
commit:27,27,0,595.2,701494370293.8403,701494370293.8403,3042.722624783687,3630902513366.0156,27.0,0.0,0.0,0.0,0.0,0.0,0.0
commit:27,27,1,148.8,350747185146.92017,350747185146.92017,1521.3613123918435,907725628341.5039,27.0,0.0,0.0,0.0,0.0,0.0,0.0
commit:27,28,0,595.2,705001842145.3094,705001842145.3094,3057.936237907605,3630902513366.0156,27.0,0.0,0.0,0.0,0.0,0.0,0.0
commit:27,28,1,148.8,352500921072.6547,352500921072.6547,1528.9681189538026,907725628341.5039,27.0,0.0,0.0,0.0,0.0,0.0,0.0
commit:27,29,0,537.6,639959736708.6776,639959736708.6776,2775.8169591845162,3279524850782.2075,27.0,0.0,0.0,0.0,0.0,0.0,0.0
commit:27,29,1,134.4,319979868354.3388,319979868354.3388,1387.9084795922581,819881212695.5519,27.0,0.0,0.0,0.0,0.0,0.0,0.0
commit:27,30,0,595.2,712069485612.816,712069485612.816,3088.5920486926284,3630902513366.0156,27.0,0.0,0.0,0.0,0.0,0.0,0.0
commit:27,30,1,148.8,356034742806.408,356034742806.408,1544.2960243463142,907725628341.5039,27.0,0.0,0.0,0.0,0.0,0.0,0.0
commit:27,31,0,576.0,692544999716.9807,692544999716.9807,3003.9048473575076,3513776625838.0796,27.0,0.0,0.0,0.0,0.0,0.0,0.0
commit:27,31,1,144.0,346272499858.49036,346272499858.49036,1501.9524236787538,878444156459.5199,27.0,0.0,0.0,0.0,0.0,0.0,0.0
commit:27,32,0,595.2,719207982206.0844,719207982206.0844,3119.5551839807713,3630902513366.0156,27.0,0.0,0.0,0.0,0.0,0.0,0.0
commit:27,32,1,148.8,359603991103.0422,359603991103.0422,1559.7775919903856,907725628341.5039,27.0,0.0,0.0,0.0,0.0,0.0,0.0
commit:27,33,0,576.0,699487763339.1433,699487763339.1433,3034.018993452266,3513776625838.0796,27.0,0.0,0.0,0.0,0.0,0.0,0.0
commit:27,33,1,144.0,349743881669.57166,349743881669.57166,1517.009496726133,878444156459.5199,27.0,0.0,0.0,0.0,0.0,0.0,0.0
commit:27,34,0,595.2,726418042227.7002,726418042227.7002,3150.8287247001776,3630902513366.0156,27.0,0.0,0.0,0.0,0.0,0.0,0.0
commit:27,34,1,148.8,363209021113.8501,363209021113.8501,1575.4143623500888,907725628341.5039,27.0,0.0,0.0,0.0,0.0,0.0,0.0
commit:27,35,0,595.2,730050132438.8386,730050132438.8386,3166.582868323678,3630902513366.0156,27.0,0.0,0.0,0.0,0.0,0.0,0.0
commit:27,35,1,148.8,365025066219.4193,365025066219.4193,1583.291434161839,907725628341.5039,27.0,0.0,0.0,0.0,0.0,0.0,0.0
commit:27,36,0,576.0,710032628807.451,710032628807.451,3079.757209030932,3513776625838.0796,27.0,0.0,0.0,0.0,0.0,0.0,0.0
commit:27,36,1,144.0,355016314403.7255,355016314403.7255,1539.878604515466,878444156459.5199,27.0,0.0,0.0,0.0,0.0,0.0,0.0
commit:28,1,0,595.2,616178562048.0001,616178562048.0001,2672.666426196395,3765380384231.424,28.0,0.0,0.0,0.0,0.0,0.0,0.0
commit:28,1,1,148.8,308089281024.00006,308089281024.00006,1336.3332130981976,941345096057.856,28.0,0.0,0.0,0.0,0.0,0.0,0.0
commit:28,2,0,576.0,599283343411.2001,599283343411.2001,2599.38363709101,3643916500869.119,28.0,0.0,0.0,0.0,0.0,0.0,0.0
commit:28,2,1,144.0,299641671705.60004,299641671705.60004,1299.691818545505,910979125217.2798,28.0,0.0,0.0,0.0,0.0,0.0,0.0
commit:28,3,0,595.2,622355752132.5311,622355752132.5311,2699.459907119013,3765380384231.424,28.0,0.0,0.0,0.0,0.0,0.0,0.0
commit:28,3,1,148.8,311177876066.26556,311177876066.26556,1349.7299535595066,941345096057.856,28.0,0.0,0.0,0.0,0.0,0.0,0.0
commit:28,4,0,595.2,625467530893.1937,625467530893.1937,2712.957206654608,3765380384231.424,28.0,0.0,0.0,0.0,0.0,0.0,0.0
commit:28,4,1,148.8,312733765446.59686,312733765446.59686,1356.478603327304,941345096057.856,28.0,0.0,0.0,0.0,0.0,0.0,0.0
commit:28,5,0,537.6,567763107075.3055,567763107075.3055,2462.66502565357,3400988734144.5117,28.0,0.0,0.0,0.0,0.0,0.0,0.0
commit:28,5,1,134.4,283881553537.6528,283881553537.6528,1231.332512826785,850247183536.1279,28.0,0.0,0.0,0.0,0.0,0.0,0.0
commit:28,6,0,595.2,631737842890.3978,631737842890.3978,2740.1546026513197,3765380384231.424,28.0,0.0,0.0,0.0,0.0,0.0,0.0
commit:28,6,1,148.8,315868921445.1989,315868921445.1989,1370.0773013256598,941345096057.856,28.0,0.0,0.0,0.0,0.0,0.0,0.0
commit:28,7,0,576.0,614415998811.145,614415998811.145,2665.0213312882997,3643916500869.119,28.0,0.0,0.0,0.0,0.0,0.0,0.0
commit:28,7,1,144.0,307207999405.5725,307207999405.5725,1332.5106656441499,910979125217.2798,28.0,0.0,0.0,0.0,0.0,0.0,0.0
commit:28,8,0,595.2,638071014765.374,638071014765.374,2767.624652542899,3765380384231.424,28.0,0.0,0.0,0.0,0.0,0.0,0.0
commit:28,8,1,148.8,319035507382.687,319035507382.687,1383.8123262714496,941345096057.856,28.0,0.0,0.0,0.0,0.0,0.0,0.0
commit:28,9,0,576.0,620575519199.2267,620575519199.2267,2691.738170134465,3643916500869.119,28.0,0.0,0.0,0.0,0.0,0.0,0.0
commit:28,9,1,144.0,310287759599.61334,310287759599.61334,1345.8690850672324,910979125217.2798,28.0,0.0,0.0,0.0,0.0,0.0,0.0
commit:28,10,0,595.2,644467676688.3967,644467676688.3967,2795.370089684641,3765380384231.424,28.0,0.0,0.0,0.0,0.0,0.0,0.0
commit:28,10,1,148.8,322233838344.19836,322233838344.19836,1397.6850448423204,941345096057.856,28.0,0.0,0.0,0.0,0.0,0.0,0.0
commit:28,11,0,595.2,647690015071.8387,647690015071.8387,2809.346940133064,3765380384231.424,28.0,0.0,0.0,0.0,0.0,0.0,0.0
commit:28,11,1,148.8,323845007535.9194,323845007535.9194,1404.673470066532,941345096057.856,28.0,0.0,0.0,0.0,0.0,0.0,0.0
commit:28,12,0,576.0,629930772723.0947,629930772723.0947,2732.316459516512,3643916500869.119,28.0,0.0,0.0,0.0,0.0,0.0,0.0
commit:28,12,1,144.0,314965386361.54736,314965386361.54736,1366.158229758256,910979125217.2798,28.0,0.0,0.0,0.0,0.0,0.0,0.0
commit:28,13,0,595.2,654183107472.9337,654183107472.9337,2837.5106432078974,3765380384231.424,28.0,0.0,0.0,0.0,0.0,0.0,0.0
commit:28,13,1,148.8,327091553736.46686,327091553736.46686,1418.7553216039487,941345096057.856,28.0,0.0,0.0,0.0,0.0,0.0,0.0
commit:28,14,0,576.0,636245828719.6436,636245828719.6436,2759.707932023164,3643916500869.119,28.0,0.0,0.0,0.0,0.0,0.0,0.0
commit:28,14,1,144.0,318122914359.8218,318122914359.8218,1379.853966011582,910979125217.2798,28.0,0.0,0.0,0.0,0.0,0.0,0.0
commit:28,15,0,595.2,660741293125.3497,660741293125.3497,2865.9566874060556,3765380384231.424,28.0,0.0,0.0,0.0,0.0,0.0,0.0
commit:28,15,1,148.8,330370646562.67487,330370646562.67487,1432.9783437030278,941345096057.856,28.0,0.0,0.0,0.0,0.0,0.0,0.0
commit:28,16,0,595.2,664044999590.9764,664044999590.9764,2880.2864708430857,3765380384231.424,28.0,0.0,0.0,0.0,0.0,0.0,0.0
commit:28,16,1,148.8,332022499795.4882,332022499795.4882,1440.1432354215428,941345096057.856,28.0,0.0,0.0,0.0,0.0,0.0,0.0
commit:28,17,0,556.8000000000001,624309403647.71,624309403647.71,2707.933844926508,3522452617506.816,28.0,0.0,0.0,0.0,0.0,0.0,0.0
commit:28,17,1,139.20000000000002,312154701823.855,312154701823.855,1353.966922463254,880613154376.704,28.0,0.0,0.0,0.0,0.0,0.0,0.0
commit:28,18,0,595.2,670702050711.8757,670702050711.8757,2909.1613427132866,3765380384231.424,28.0,0.0,0.0,0.0,0.0,0.0,0.0
commit:28,18,1,148.8,335351025355.93787,335351025355.93787,1454.5806713566433,941345096057.856,28.0,0.0,0.0,0.0,0.0,0.0,0.0
commit:28,19,0,576.0,652311833192.3566,652311833192.3566,2829.394015574374,3643916500869.119,28.0,0.0,0.0,0.0,0.0,0.0,0.0
commit:28,19,1,144.0,326155916596.1783,326155916596.1783,1414.697007787187,910979125217.2798,28.0,0.0,0.0,0.0,0.0,0.0,0.0
commit:28,20,0,595.2,677425838770.2622,677425838770.2622,2938.325685173987,3765380384231.424,28.0,0.0,0.0,0.0,0.0,0.0,0.0
commit:28,20,1,148.8,338712919385.1311,338712919385.1311,1469.1628425869935,941345096057.856,28.0,0.0,0.0,0.0,0.0,0.0,0.0
commit:28,21,0,576.0,658851259320.1097,658851259320.1097,2857.7586905805065,3643916500869.119,28.0,0.0,0.0,0.0,0.0,0.0,0.0
commit:28,21,1,144.0,329425629660.0549,329425629660.0549,1428.8793452902532,910979125217.2798,28.0,0.0,0.0,0.0,0.0,0.0,0.0
commit:28,22,0,595.2,684217032803.934,684217032803.934,2967.782400167856,3765380384231.424,28.0,0.0,0.0,0.0,0.0,0.0,0.0
commit:28,22,1,148.8,342108516401.967,342108516401.967,1483.891200083928,941345096057.856,28.0,0.0,0.0,0.0,0.0,0.0,0.0
commit:28,23,0,595.2,687638117967.9535,687638117967.9535,2982.621312168694,3765380384231.424,28.0,0.0,0.0,0.0,0.0,0.0,0.0
commit:28,23,1,148.8,343819058983.97675,343819058983.97675,1491.310656084347,941345096057.856,28.0,0.0,0.0,0.0,0.0,0.0,0.0
commit:28,24,0,576.0,668783524410.7677,668783524410.7677,2900.839760060843,3643916500869.119,28.0,0.0,0.0,0.0,0.0,0.0,0.0
commit:28,24,1,144.0,334391762205.38385,334391762205.38385,1450.4198800304216,910979125217.2798,28.0,0.0,0.0,0.0,0.0,0.0,0.0
commit:28,25,0,595.2,694531690100.5822,694531690100.5822,3012.5220908231854,3765380384231.424,28.0,0.0,0.0,0.0,0.0,0.0,0.0
commit:28,25,1,148.8,347265845050.2911,347265845050.2911,1506.2610454115927,941345096057.856,28.0,0.0,0.0,0.0,0.0,0.0,0.0
commit:28,26,0,576.0,675488079242.9854,675488079242.9854,2929.920678655452,3643916500869.119,28.0,0.0,0.0,0.0,0.0,0.0,0.0
commit:28,26,1,144.0,337744039621.4927,337744039621.4927,1464.960339327726,910979125217.2798,28.0,0.0,0.0,0.0,0.0,0.0,0.0
commit:28,27,0,595.2,701494370293.8403,701494370293.8403,3042.722624783687,3765380384231.424,28.0,0.0,0.0,0.0,0.0,0.0,0.0
commit:28,27,1,148.8,350747185146.92017,350747185146.92017,1521.3613123918435,941345096057.856,28.0,0.0,0.0,0.0,0.0,0.0,0.0
commit:28,28,0,595.2,705001842145.3094,705001842145.3094,3057.936237907605,3765380384231.424,28.0,0.0,0.0,0.0,0.0,0.0,0.0
commit:28,28,1,148.8,352500921072.6547,352500921072.6547,1528.9681189538026,941345096057.856,28.0,0.0,0.0,0.0,0.0,0.0,0.0
commit:28,29,0,537.6,639959736708.6776,639959736708.6776,2775.8169591845162,3400988734144.5117,28.0,0.0,0.0,0.0,0.0,0.0,0.0
commit:28,29,1,134.4,319979868354.3388,319979868354.3388,1387.9084795922581,850247183536.1279,28.0,0.0,0.0,0.0,0.0,0.0,0.0
commit:28,30,0,595.2,712069485612.816,712069485612.816,3088.5920486926284,3765380384231.424,28.0,0.0,0.0,0.0,0.0,0.0,0.0
commit:28,30,1,148.8,356034742806.408,356034742806.408,1544.2960243463142,941345096057.856,28.0,0.0,0.0,0.0,0.0,0.0,0.0
commit:28,31,0,576.0,692544999716.9807,692544999716.9807,3003.9048473575076,3643916500869.119,28.0,0.0,0.0,0.0,0.0,0.0,0.0
commit:28,31,1,144.0,346272499858.49036,346272499858.49036,1501.9524236787538,910979125217.2798,28.0,0.0,0.0,0.0,0.0,0.0,0.0
commit:28,32,0,595.2,719207982206.0844,719207982206.0844,3119.5551839807713,3765380384231.424,28.0,0.0,0.0,0.0,0.0,0.0,0.0
commit:28,32,1,148.8,359603991103.0422,359603991103.0422,1559.7775919903856,941345096057.856,28.0,0.0,0.0,0.0,0.0,0.0,0.0
commit:28,33,0,576.0,699487763339.1433,699487763339.1433,3034.018993452266,3643916500869.119,28.0,0.0,0.0,0.0,0.0,0.0,0.0
commit:28,33,1,144.0,349743881669.57166,349743881669.57166,1517.009496726133,910979125217.2798,28.0,0.0,0.0,0.0,0.0,0.0,0.0
commit:28,34,0,595.2,726418042227.7002,726418042227.7002,3150.8287247001776,3765380384231.424,28.0,0.0,0.0,0.0,0.0,0.0,0.0
commit:28,34,1,148.8,363209021113.8501,363209021113.8501,1575.4143623500888,941345096057.856,28.0,0.0,0.0,0.0,0.0,0.0,0.0
commit:28,35,0,595.2,730050132438.8386,730050132438.8386,3166.582868323678,3765380384231.424,28.0,0.0,0.0,0.0,0.0,0.0,0.0
commit:28,35,1,148.8,365025066219.4193,365025066219.4193,1583.291434161839,941345096057.856,28.0,0.0,0.0,0.0,0.0,0.0,0.0
commit:28,36,0,576.0,710032628807.451,710032628807.451,3079.757209030932,3643916500869.119,28.0,0.0,0.0,0.0,0.0,0.0,0.0
commit:28,36,1,144.0,355016314403.7255,355016314403.7255,1539.878604515466,910979125217.2798,28.0,0.0,0.0,0.0,0.0,0.0,0.0
commit:29,1,0,595.2,616178562048.0001,616178562048.0001,2672.666426196395,3899858255096.8315,29.0,0.0,0.0,0.0,0.0,0.0,0.0
commit:29,1,1,148.8,308089281024.00006,308089281024.00006,1336.3332130981976,974964563774.2079,29.0,0.0,0.0,0.0,0.0,0.0,0.0
commit:29,2,0,576.0,599283343411.2001,599283343411.2001,2599.38363709101,3774056375900.159,29.0,0.0,0.0,0.0,0.0,0.0,0.0
commit:29,2,1,144.0,299641671705.60004,299641671705.60004,1299.691818545505,943514093975.0398,29.0,0.0,0.0,0.0,0.0,0.0,0.0
commit:29,3,0,595.2,622355752132.5311,622355752132.5311,2699.459907119013,3899858255096.8315,29.0,0.0,0.0,0.0,0.0,0.0,0.0
commit:29,3,1,148.8,311177876066.26556,311177876066.26556,1349.7299535595066,974964563774.2079,29.0,0.0,0.0,0.0,0.0,0.0,0.0
commit:29,4,0,595.2,625467530893.1937,625467530893.1937,2712.957206654608,3899858255096.8315,29.0,0.0,0.0,0.0,0.0,0.0,0.0
commit:29,4,1,148.8,312733765446.59686,312733765446.59686,1356.478603327304,974964563774.2079,29.0,0.0,0.0,0.0,0.0,0.0,0.0
commit:29,5,0,537.6,567763107075.3055,567763107075.3055,2462.66502565357,3522452617506.8154,29.0,0.0,0.0,0.0,0.0,0.0,0.0
commit:29,5,1,134.4,283881553537.6528,283881553537.6528,1231.332512826785,880613154376.7039,29.0,0.0,0.0,0.0,0.0,0.0,0.0
commit:29,6,0,595.2,631737842890.3978,631737842890.3978,2740.1546026513197,3899858255096.8315,29.0,0.0,0.0,0.0,0.0,0.0,0.0
commit:29,6,1,148.8,315868921445.1989,315868921445.1989,1370.0773013256598,974964563774.2079,29.0,0.0,0.0,0.0,0.0,0.0,0.0
commit:29,7,0,576.0,614415998811.145,614415998811.145,2665.0213312882997,3774056375900.159,29.0,0.0,0.0,0.0,0.0,0.0,0.0
commit:29,7,1,144.0,307207999405.5725,307207999405.5725,1332.5106656441499,943514093975.0398,29.0,0.0,0.0,0.0,0.0,0.0,0.0
commit:29,8,0,595.2,638071014765.374,638071014765.374,2767.624652542899,3899858255096.8315,29.0,0.0,0.0,0.0,0.0,0.0,0.0
commit:29,8,1,148.8,319035507382.687,319035507382.687,1383.8123262714496,974964563774.2079,29.0,0.0,0.0,0.0,0.0,0.0,0.0
commit:29,9,0,576.0,620575519199.2267,620575519199.2267,2691.738170134465,3774056375900.159,29.0,0.0,0.0,0.0,0.0,0.0,0.0
commit:29,9,1,144.0,310287759599.61334,310287759599.61334,1345.8690850672324,943514093975.0398,29.0,0.0,0.0,0.0,0.0,0.0,0.0
commit:29,10,0,595.2,644467676688.3967,644467676688.3967,2795.370089684641,3899858255096.8315,29.0,0.0,0.0,0.0,0.0,0.0,0.0
commit:29,10,1,148.8,322233838344.19836,322233838344.19836,1397.6850448423204,974964563774.2079,29.0,0.0,0.0,0.0,0.0,0.0,0.0
commit:29,11,0,595.2,647690015071.8387,647690015071.8387,2809.346940133064,3899858255096.8315,29.0,0.0,0.0,0.0,0.0,0.0,0.0
commit:29,11,1,148.8,323845007535.9194,323845007535.9194,1404.673470066532,974964563774.2079,29.0,0.0,0.0,0.0,0.0,0.0,0.0
commit:29,12,0,576.0,629930772723.0947,629930772723.0947,2732.316459516512,3774056375900.159,29.0,0.0,0.0,0.0,0.0,0.0,0.0
commit:29,12,1,144.0,314965386361.54736,314965386361.54736,1366.158229758256,943514093975.0398,29.0,0.0,0.0,0.0,0.0,0.0,0.0
commit:29,13,0,595.2,654183107472.9337,654183107472.9337,2837.5106432078974,3899858255096.8315,29.0,0.0,0.0,0.0,0.0,0.0,0.0
commit:29,13,1,148.8,327091553736.46686,327091553736.46686,1418.7553216039487,974964563774.2079,29.0,0.0,0.0,0.0,0.0,0.0,0.0
commit:29,14,0,576.0,636245828719.6436,636245828719.6436,2759.707932023164,3774056375900.159,29.0,0.0,0.0,0.0,0.0,0.0,0.0
commit:29,14,1,144.0,318122914359.8218,318122914359.8218,1379.853966011582,943514093975.0398,29.0,0.0,0.0,0.0,0.0,0.0,0.0
commit:29,15,0,595.2,660741293125.3497,660741293125.3497,2865.9566874060556,3899858255096.8315,29.0,0.0,0.0,0.0,0.0,0.0,0.0
commit:29,15,1,148.8,330370646562.67487,330370646562.67487,1432.9783437030278,974964563774.2079,29.0,0.0,0.0,0.0,0.0,0.0,0.0
commit:29,16,0,595.2,664044999590.9764,664044999590.9764,2880.2864708430857,3899858255096.8315,29.0,0.0,0.0,0.0,0.0,0.0,0.0
commit:29,16,1,148.8,332022499795.4882,332022499795.4882,1440.1432354215428,974964563774.2079,29.0,0.0,0.0,0.0,0.0,0.0,0.0
commit:29,17,0,556.8000000000001,624309403647.71,624309403647.71,2707.933844926508,3648254496703.488,29.0,0.0,0.0,0.0,0.0,0.0,0.0
commit:29,17,1,139.20000000000002,312154701823.855,312154701823.855,1353.966922463254,912063624175.872,29.0,0.0,0.0,0.0,0.0,0.0,0.0
commit:29,18,0,595.2,670702050711.8757,670702050711.8757,2909.1613427132866,3899858255096.8315,29.0,0.0,0.0,0.0,0.0,0.0,0.0
commit:29,18,1,148.8,335351025355.93787,335351025355.93787,1454.5806713566433,974964563774.2079,29.0,0.0,0.0,0.0,0.0,0.0,0.0
commit:29,19,0,576.0,652311833192.3566,652311833192.3566,2829.394015574374,3774056375900.159,29.0,0.0,0.0,0.0,0.0,0.0,0.0
commit:29,19,1,144.0,326155916596.1783,326155916596.1783,1414.697007787187,943514093975.0398,29.0,0.0,0.0,0.0,0.0,0.0,0.0
commit:29,20,0,595.2,677425838770.2622,677425838770.2622,2938.325685173987,3899858255096.8315,29.0,0.0,0.0,0.0,0.0,0.0,0.0
commit:29,20,1,148.8,338712919385.1311,338712919385.1311,1469.1628425869935,974964563774.2079,29.0,0.0,0.0,0.0,0.0,0.0,0.0
commit:29,21,0,576.0,658851259320.1097,658851259320.1097,2857.7586905805065,3774056375900.159,29.0,0.0,0.0,0.0,0.0,0.0,0.0
commit:29,21,1,144.0,329425629660.0549,329425629660.0549,1428.8793452902532,943514093975.0398,29.0,0.0,0.0,0.0,0.0,0.0,0.0
commit:29,22,0,595.2,684217032803.934,684217032803.934,2967.782400167856,3899858255096.8315,29.0,0.0,0.0,0.0,0.0,0.0,0.0
commit:29,22,1,148.8,342108516401.967,342108516401.967,1483.891200083928,974964563774.2079,29.0,0.0,0.0,0.0,0.0,0.0,0.0
commit:29,23,0,595.2,687638117967.9535,687638117967.9535,2982.621312168694,3899858255096.8315,29.0,0.0,0.0,0.0,0.0,0.0,0.0
commit:29,23,1,148.8,343819058983.97675,343819058983.97675,1491.310656084347,974964563774.2079,29.0,0.0,0.0,0.0,0.0,0.0,0.0
commit:29,24,0,576.0,668783524410.7677,668783524410.7677,2900.839760060843,3774056375900.159,29.0,0.0,0.0,0.0,0.0,0.0,0.0
commit:29,24,1,144.0,334391762205.38385,334391762205.38385,1450.4198800304216,943514093975.0398,29.0,0.0,0.0,0.0,0.0,0.0,0.0
commit:29,25,0,595.2,694531690100.5822,694531690100.5822,3012.5220908231854,3899858255096.8315,29.0,0.0,0.0,0.0,0.0,0.0,0.0
commit:29,25,1,148.8,347265845050.2911,347265845050.2911,1506.2610454115927,974964563774.2079,29.0,0.0,0.0,0.0,0.0,0.0,0.0
commit:29,26,0,576.0,675488079242.9854,675488079242.9854,2929.920678655452,3774056375900.159,29.0,0.0,0.0,0.0,0.0,0.0,0.0
commit:29,26,1,144.0,337744039621.4927,337744039621.4927,1464.960339327726,943514093975.0398,29.0,0.0,0.0,0.0,0.0,0.0,0.0
commit:29,27,0,595.2,701494370293.8403,701494370293.8403,3042.722624783687,3899858255096.8315,29.0,0.0,0.0,0.0,0.0,0.0,0.0
commit:29,27,1,148.8,350747185146.92017,350747185146.92017,1521.3613123918435,974964563774.2079,29.0,0.0,0.0,0.0,0.0,0.0,0.0
commit:29,28,0,595.2,705001842145.3094,705001842145.3094,3057.936237907605,3899858255096.8315,29.0,0.0,0.0,0.0,0.0,0.0,0.0
commit:29,28,1,148.8,352500921072.6547,352500921072.6547,1528.9681189538026,974964563774.2079,29.0,0.0,0.0,0.0,0.0,0.0,0.0
commit:29,29,0,537.6,639959736708.6776,639959736708.6776,2775.8169591845162,3522452617506.8154,29.0,0.0,0.0,0.0,0.0,0.0,0.0
commit:29,29,1,134.4,319979868354.3388,319979868354.3388,1387.9084795922581,880613154376.7039,29.0,0.0,0.0,0.0,0.0,0.0,0.0
commit:29,30,0,595.2,712069485612.816,712069485612.816,3088.5920486926284,3899858255096.8315,29.0,0.0,0.0,0.0,0.0,0.0,0.0
commit:29,30,1,148.8,356034742806.408,356034742806.408,1544.2960243463142,974964563774.2079,29.0,0.0,0.0,0.0,0.0,0.0,0.0
commit:29,31,0,576.0,692544999716.9807,692544999716.9807,3003.9048473575076,3774056375900.159,29.0,0.0,0.0,0.0,0.0,0.0,0.0
commit:29,31,1,144.0,346272499858.49036,346272499858.49036,1501.9524236787538,943514093975.0398,29.0,0.0,0.0,0.0,0.0,0.0,0.0
commit:29,32,0,595.2,719207982206.0844,719207982206.0844,3119.5551839807713,3899858255096.8315,29.0,0.0,0.0,0.0,0.0,0.0,0.0
commit:29,32,1,148.8,359603991103.0422,359603991103.0422,1559.7775919903856,974964563774.2079,29.0,0.0,0.0,0.0,0.0,0.0,0.0
commit:29,33,0,576.0,699487763339.1433,699487763339.1433,3034.018993452266,3774056375900.159,29.0,0.0,0.0,0.0,0.0,0.0,0.0
commit:29,33,1,144.0,349743881669.57166,349743881669.57166,1517.009496726133,943514093975.0398,29.0,0.0,0.0,0.0,0.0,0.0,0.0
commit:29,34,0,595.2,726418042227.7002,726418042227.7002,3150.8287247001776,3899858255096.8315,29.0,0.0,0.0,0.0,0.0,0.0,0.0
commit:29,34,1,148.8,363209021113.8501,363209021113.8501,1575.4143623500888,974964563774.2079,29.0,0.0,0.0,0.0,0.0,0.0,0.0
commit:29,35,0,595.2,730050132438.8386,730050132438.8386,3166.582868323678,3899858255096.8315,29.0,0.0,0.0,0.0,0.0,0.0,0.0
commit:29,35,1,148.8,365025066219.4193,365025066219.4193,1583.291434161839,974964563774.2079,29.0,0.0,0.0,0.0,0.0,0.0,0.0
commit:29,36,0,576.0,710032628807.451,710032628807.451,3079.757209030932,3774056375900.159,29.0,0.0,0.0,0.0,0.0,0.0,0.0
commit:29,36,1,144.0,355016314403.7255,355016314403.7255,1539.878604515466,943514093975.0398,29.0,0.0,0.0,0.0,0.0,0.0,0.0
commit:30,1,0,595.2,616178562048.0001,616178562048.0001,2672.666426196395,4034336125962.2397,30.0,0.0,0.0,0.0,0.0,0.0,0.0
commit:30,1,1,148.8,308089281024.00006,308089281024.00006,1336.3332130981976,1008584031490.5599,30.0,0.0,0.0,0.0,0.0,0.0,0.0
commit:30,2,0,576.0,599283343411.2001,599283343411.2001,2599.38363709101,3904196250931.199,30.0,0.0,0.0,0.0,0.0,0.0,0.0
commit:30,2,1,144.0,299641671705.60004,299641671705.60004,1299.691818545505,976049062732.7998,30.0,0.0,0.0,0.0,0.0,0.0,0.0
commit:30,3,0,595.2,622355752132.5311,622355752132.5311,2699.459907119013,4034336125962.2397,30.0,0.0,0.0,0.0,0.0,0.0,0.0
commit:30,3,1,148.8,311177876066.26556,311177876066.26556,1349.7299535595066,1008584031490.5599,30.0,0.0,0.0,0.0,0.0,0.0,0.0
commit:30,4,0,595.2,625467530893.1937,625467530893.1937,2712.957206654608,4034336125962.2397,30.0,0.0,0.0,0.0,0.0,0.0,0.0
commit:30,4,1,148.8,312733765446.59686,312733765446.59686,1356.478603327304,1008584031490.5599,30.0,0.0,0.0,0.0,0.0,0.0,0.0
commit:30,5,0,537.6,567763107075.3055,567763107075.3055,2462.66502565357,3643916500869.1196,30.0,0.0,0.0,0.0,0.0,0.0,0.0
commit:30,5,1,134.4,283881553537.6528,283881553537.6528,1231.332512826785,910979125217.2799,30.0,0.0,0.0,0.0,0.0,0.0,0.0
commit:30,6,0,595.2,631737842890.3978,631737842890.3978,2740.1546026513197,4034336125962.2397,30.0,0.0,0.0,0.0,0.0,0.0,0.0
commit:30,6,1,148.8,315868921445.1989,315868921445.1989,1370.0773013256598,1008584031490.5599,30.0,0.0,0.0,0.0,0.0,0.0,0.0
commit:30,7,0,576.0,614415998811.145,614415998811.145,2665.0213312882997,3904196250931.199,30.0,0.0,0.0,0.0,0.0,0.0,0.0
commit:30,7,1,144.0,307207999405.5725,307207999405.5725,1332.5106656441499,976049062732.7998,30.0,0.0,0.0,0.0,0.0,0.0,0.0
commit:30,8,0,595.2,638071014765.374,638071014765.374,2767.624652542899,4034336125962.2397,30.0,0.0,0.0,0.0,0.0,0.0,0.0
commit:30,8,1,148.8,319035507382.687,319035507382.687,1383.8123262714496,1008584031490.5599,30.0,0.0,0.0,0.0,0.0,0.0,0.0
commit:30,9,0,576.0,620575519199.2267,620575519199.2267,2691.738170134465,3904196250931.199,30.0,0.0,0.0,0.0,0.0,0.0,0.0
commit:30,9,1,144.0,310287759599.61334,310287759599.61334,1345.8690850672324,976049062732.7998,30.0,0.0,0.0,0.0,0.0,0.0,0.0
commit:30,10,0,595.2,644467676688.3967,644467676688.3967,2795.370089684641,4034336125962.2397,30.0,0.0,0.0,0.0,0.0,0.0,0.0
commit:30,10,1,148.8,322233838344.19836,322233838344.19836,1397.6850448423204,1008584031490.5599,30.0,0.0,0.0,0.0,0.0,0.0,0.0
commit:30,11,0,595.2,647690015071.8387,647690015071.8387,2809.346940133064,4034336125962.2397,30.0,0.0,0.0,0.0,0.0,0.0,0.0
commit:30,11,1,148.8,323845007535.9194,323845007535.9194,1404.673470066532,1008584031490.5599,30.0,0.0,0.0,0.0,0.0,0.0,0.0
commit:30,12,0,576.0,629930772723.0947,629930772723.0947,2732.316459516512,3904196250931.199,30.0,0.0,0.0,0.0,0.0,0.0,0.0
commit:30,12,1,144.0,314965386361.54736,314965386361.54736,1366.158229758256,976049062732.7998,30.0,0.0,0.0,0.0,0.0,0.0,0.0
commit:30,13,0,595.2,654183107472.9337,654183107472.9337,2837.5106432078974,4034336125962.2397,30.0,0.0,0.0,0.0,0.0,0.0,0.0
commit:30,13,1,148.8,327091553736.46686,327091553736.46686,1418.7553216039487,1008584031490.5599,30.0,0.0,0.0,0.0,0.0,0.0,0.0
commit:30,14,0,576.0,636245828719.6436,636245828719.6436,2759.707932023164,3904196250931.199,30.0,0.0,0.0,0.0,0.0,0.0,0.0
commit:30,14,1,144.0,318122914359.8218,318122914359.8218,1379.853966011582,976049062732.7998,30.0,0.0,0.0,0.0,0.0,0.0,0.0
commit:30,15,0,595.2,660741293125.3497,660741293125.3497,2865.9566874060556,4034336125962.2397,30.0,0.0,0.0,0.0,0.0,0.0,0.0
commit:30,15,1,148.8,330370646562.67487,330370646562.67487,1432.9783437030278,1008584031490.5599,30.0,0.0,0.0,0.0,0.0,0.0,0.0
commit:30,16,0,595.2,664044999590.9764,664044999590.9764,2880.2864708430857,4034336125962.2397,30.0,0.0,0.0,0.0,0.0,0.0,0.0
commit:30,16,1,148.8,332022499795.4882,332022499795.4882,1440.1432354215428,1008584031490.5599,30.0,0.0,0.0,0.0,0.0,0.0,0.0
commit:30,17,0,556.8000000000001,624309403647.71,624309403647.71,2707.933844926508,3774056375900.1597,30.0,0.0,0.0,0.0,0.0,0.0,0.0
commit:30,17,1,139.20000000000002,312154701823.855,312154701823.855,1353.966922463254,943514093975.0399,30.0,0.0,0.0,0.0,0.0,0.0,0.0
commit:30,18,0,595.2,670702050711.8757,670702050711.8757,2909.1613427132866,4034336125962.2397,30.0,0.0,0.0,0.0,0.0,0.0,0.0
commit:30,18,1,148.8,335351025355.93787,335351025355.93787,1454.5806713566433,1008584031490.5599,30.0,0.0,0.0,0.0,0.0,0.0,0.0
commit:30,19,0,576.0,652311833192.3566,652311833192.3566,2829.394015574374,3904196250931.199,30.0,0.0,0.0,0.0,0.0,0.0,0.0
commit:30,19,1,144.0,326155916596.1783,326155916596.1783,1414.697007787187,976049062732.7998,30.0,0.0,0.0,0.0,0.0,0.0,0.0
commit:30,20,0,595.2,677425838770.2622,677425838770.2622,2938.325685173987,4034336125962.2397,30.0,0.0,0.0,0.0,0.0,0.0,0.0
commit:30,20,1,148.8,338712919385.1311,338712919385.1311,1469.1628425869935,1008584031490.5599,30.0,0.0,0.0,0.0,0.0,0.0,0.0
commit:30,21,0,576.0,658851259320.1097,658851259320.1097,2857.7586905805065,3904196250931.199,30.0,0.0,0.0,0.0,0.0,0.0,0.0
commit:30,21,1,144.0,329425629660.0549,329425629660.0549,1428.8793452902532,976049062732.7998,30.0,0.0,0.0,0.0,0.0,0.0,0.0
commit:30,22,0,595.2,684217032803.934,684217032803.934,2967.782400167856,4034336125962.2397,30.0,0.0,0.0,0.0,0.0,0.0,0.0
commit:30,22,1,148.8,342108516401.967,342108516401.967,1483.891200083928,1008584031490.5599,30.0,0.0,0.0,0.0,0.0,0.0,0.0
commit:30,23,0,595.2,687638117967.9535,687638117967.9535,2982.621312168694,4034336125962.2397,30.0,0.0,0.0,0.0,0.0,0.0,0.0
commit:30,23,1,148.8,343819058983.97675,343819058983.97675,1491.310656084347,1008584031490.5599,30.0,0.0,0.0,0.0,0.0,0.0,0.0
commit:30,24,0,576.0,668783524410.7677,668783524410.7677,2900.839760060843,3904196250931.199,30.0,0.0,0.0,0.0,0.0,0.0,0.0
commit:30,24,1,144.0,334391762205.38385,334391762205.38385,1450.4198800304216,976049062732.7998,30.0,0.0,0.0,0.0,0.0,0.0,0.0
commit:30,25,0,595.2,694531690100.5822,694531690100.5822,3012.5220908231854,4034336125962.2397,30.0,0.0,0.0,0.0,0.0,0.0,0.0
commit:30,25,1,148.8,347265845050.2911,347265845050.2911,1506.2610454115927,1008584031490.5599,30.0,0.0,0.0,0.0,0.0,0.0,0.0
commit:30,26,0,576.0,675488079242.9854,675488079242.9854,2929.920678655452,3904196250931.199,30.0,0.0,0.0,0.0,0.0,0.0,0.0
commit:30,26,1,144.0,337744039621.4927,337744039621.4927,1464.960339327726,976049062732.7998,30.0,0.0,0.0,0.0,0.0,0.0,0.0
commit:30,27,0,595.2,701494370293.8403,701494370293.8403,3042.722624783687,4034336125962.2397,30.0,0.0,0.0,0.0,0.0,0.0,0.0
commit:30,27,1,148.8,350747185146.92017,350747185146.92017,1521.3613123918435,1008584031490.5599,30.0,0.0,0.0,0.0,0.0,0.0,0.0
commit:30,28,0,595.2,705001842145.3094,705001842145.3094,3057.936237907605,4034336125962.2397,30.0,0.0,0.0,0.0,0.0,0.0,0.0
commit:30,28,1,148.8,352500921072.6547,352500921072.6547,1528.9681189538026,1008584031490.5599,30.0,0.0,0.0,0.0,0.0,0.0,0.0
commit:30,29,0,537.6,639959736708.6776,639959736708.6776,2775.8169591845162,3643916500869.1196,30.0,0.0,0.0,0.0,0.0,0.0,0.0
commit:30,29,1,134.4,319979868354.3388,319979868354.3388,1387.9084795922581,910979125217.2799,30.0,0.0,0.0,0.0,0.0,0.0,0.0
commit:30,30,0,595.2,712069485612.816,712069485612.816,3088.5920486926284,4034336125962.2397,30.0,0.0,0.0,0.0,0.0,0.0,0.0
commit:30,30,1,148.8,356034742806.408,356034742806.408,1544.2960243463142,1008584031490.5599,30.0,0.0,0.0,0.0,0.0,0.0,0.0
commit:30,31,0,576.0,692544999716.9807,692544999716.9807,3003.9048473575076,3904196250931.199,30.0,0.0,0.0,0.0,0.0,0.0,0.0
commit:30,31,1,144.0,346272499858.49036,346272499858.49036,1501.9524236787538,976049062732.7998,30.0,0.0,0.0,0.0,0.0,0.0,0.0
commit:30,32,0,595.2,719207982206.0844,719207982206.0844,3119.5551839807713,4034336125962.2397,30.0,0.0,0.0,0.0,0.0,0.0,0.0
commit:30,32,1,148.8,359603991103.0422,359603991103.0422,1559.7775919903856,1008584031490.5599,30.0,0.0,0.0,0.0,0.0,0.0,0.0
commit:30,33,0,576.0,699487763339.1433,699487763339.1433,3034.018993452266,3904196250931.199,30.0,0.0,0.0,0.0,0.0,0.0,0.0
commit:30,33,1,144.0,349743881669.57166,349743881669.57166,1517.009496726133,976049062732.7998,30.0,0.0,0.0,0.0,0.0,0.0,0.0
commit:30,34,0,595.2,726418042227.7002,726418042227.7002,3150.8287247001776,4034336125962.2397,30.0,0.0,0.0,0.0,0.0,0.0,0.0
commit:30,34,1,148.8,363209021113.8501,363209021113.8501,1575.4143623500888,1008584031490.5599,30.0,0.0,0.0,0.0,0.0,0.0,0.0
commit:30,35,0,595.2,730050132438.8386,730050132438.8386,3166.582868323678,4034336125962.2397,30.0,0.0,0.0,0.0,0.0,0.0,0.0
commit:30,35,1,148.8,365025066219.4193,365025066219.4193,1583.291434161839,1008584031490.5599,30.0,0.0,0.0,0.0,0.0,0.0,0.0
commit:30,36,0,576.0,710032628807.451,710032628807.451,3079.757209030932,3904196250931.199,30.0,0.0,0.0,0.0,0.0,0.0,0.0
commit:30,36,1,144.0,355016314403.7255,355016314403.7255,1539.878604515466,976049062732.7998,30.0,0.0,0.0,0.0,0.0,0.0,0.0
commit:31,1,0,595.2,616178562048.0001,616178562048.0001,2672.666426196395,4168813996827.6475,31.0,0.0,0.0,0.0,0.0,0.0,0.0
commit:31,1,1,148.8,308089281024.00006,308089281024.00006,1336.3332130981976,1042203499206.9119,31.0,0.0,0.0,0.0,0.0,0.0,0.0
commit:31,2,0,576.0,599283343411.2001,599283343411.2001,2599.38363709101,4034336125962.2393,31.0,0.0,0.0,0.0,0.0,0.0,0.0
commit:31,2,1,144.0,299641671705.60004,299641671705.60004,1299.691818545505,1008584031490.5598,31.0,0.0,0.0,0.0,0.0,0.0,0.0
commit:31,3,0,595.2,622355752132.5311,622355752132.5311,2699.459907119013,4168813996827.6475,31.0,0.0,0.0,0.0,0.0,0.0,0.0
commit:31,3,1,148.8,311177876066.26556,311177876066.26556,1349.7299535595066,1042203499206.9119,31.0,0.0,0.0,0.0,0.0,0.0,0.0
commit:31,4,0,595.2,625467530893.1937,625467530893.1937,2712.957206654608,4168813996827.6475,31.0,0.0,0.0,0.0,0.0,0.0,0.0
commit:31,4,1,148.8,312733765446.59686,312733765446.59686,1356.478603327304,1042203499206.9119,31.0,0.0,0.0,0.0,0.0,0.0,0.0
commit:31,5,0,537.6,567763107075.3055,567763107075.3055,2462.66502565357,3765380384231.4233,31.0,0.0,0.0,0.0,0.0,0.0,0.0
commit:31,5,1,134.4,283881553537.6528,283881553537.6528,1231.332512826785,941345096057.8558,31.0,0.0,0.0,0.0,0.0,0.0,0.0
commit:31,6,0,595.2,631737842890.3978,631737842890.3978,2740.1546026513197,4168813996827.6475,31.0,0.0,0.0,0.0,0.0,0.0,0.0
commit:31,6,1,148.8,315868921445.1989,315868921445.1989,1370.0773013256598,1042203499206.9119,31.0,0.0,0.0,0.0,0.0,0.0,0.0
commit:31,7,0,576.0,614415998811.145,614415998811.145,2665.0213312882997,4034336125962.2393,31.0,0.0,0.0,0.0,0.0,0.0,0.0
commit:31,7,1,144.0,307207999405.5725,307207999405.5725,1332.5106656441499,1008584031490.5598,31.0,0.0,0.0,0.0,0.0,0.0,0.0
commit:31,8,0,595.2,638071014765.374,638071014765.374,2767.624652542899,4168813996827.6475,31.0,0.0,0.0,0.0,0.0,0.0,0.0
commit:31,8,1,148.8,319035507382.687,319035507382.687,1383.8123262714496,1042203499206.9119,31.0,0.0,0.0,0.0,0.0,0.0,0.0
commit:31,9,0,576.0,620575519199.2267,620575519199.2267,2691.738170134465,4034336125962.2393,31.0,0.0,0.0,0.0,0.0,0.0,0.0
commit:31,9,1,144.0,310287759599.61334,310287759599.61334,1345.8690850672324,1008584031490.5598,31.0,0.0,0.0,0.0,0.0,0.0,0.0
commit:31,10,0,595.2,644467676688.3967,644467676688.3967,2795.370089684641,4168813996827.6475,31.0,0.0,0.0,0.0,0.0,0.0,0.0
commit:31,10,1,148.8,322233838344.19836,322233838344.19836,1397.6850448423204,1042203499206.9119,31.0,0.0,0.0,0.0,0.0,0.0,0.0
commit:31,11,0,595.2,647690015071.8387,647690015071.8387,2809.346940133064,4168813996827.6475,31.0,0.0,0.0,0.0,0.0,0.0,0.0
commit:31,11,1,148.8,323845007535.9194,323845007535.9194,1404.673470066532,1042203499206.9119,31.0,0.0,0.0,0.0,0.0,0.0,0.0
commit:31,12,0,576.0,629930772723.0947,629930772723.0947,2732.316459516512,4034336125962.2393,31.0,0.0,0.0,0.0,0.0,0.0,0.0
commit:31,12,1,144.0,314965386361.54736,314965386361.54736,1366.158229758256,1008584031490.5598,31.0,0.0,0.0,0.0,0.0,0.0,0.0
commit:31,13,0,595.2,654183107472.9337,654183107472.9337,2837.5106432078974,4168813996827.6475,31.0,0.0,0.0,0.0,0.0,0.0,0.0
commit:31,13,1,148.8,327091553736.46686,327091553736.46686,1418.7553216039487,1042203499206.9119,31.0,0.0,0.0,0.0,0.0,0.0,0.0
commit:31,14,0,576.0,636245828719.6436,636245828719.6436,2759.707932023164,4034336125962.2393,31.0,0.0,0.0,0.0,0.0,0.0,0.0
commit:31,14,1,144.0,318122914359.8218,318122914359.8218,1379.853966011582,1008584031490.5598,31.0,0.0,0.0,0.0,0.0,0.0,0.0
commit:31,15,0,595.2,660741293125.3497,660741293125.3497,2865.9566874060556,4168813996827.6475,31.0,0.0,0.0,0.0,0.0,0.0,0.0
commit:31,15,1,148.8,330370646562.67487,330370646562.67487,1432.9783437030278,1042203499206.9119,31.0,0.0,0.0,0.0,0.0,0.0,0.0
commit:31,16,0,595.2,664044999590.9764,664044999590.9764,2880.2864708430857,4168813996827.6475,31.0,0.0,0.0,0.0,0.0,0.0,0.0
commit:31,16,1,148.8,332022499795.4882,332022499795.4882,1440.1432354215428,1042203499206.9119,31.0,0.0,0.0,0.0,0.0,0.0,0.0
commit:31,17,0,556.8000000000001,624309403647.71,624309403647.71,2707.933844926508,3899858255096.832,31.0,0.0,0.0,0.0,0.0,0.0,0.0
commit:31,17,1,139.20000000000002,312154701823.855,312154701823.855,1353.966922463254,974964563774.208,31.0,0.0,0.0,0.0,0.0,0.0,0.0
commit:31,18,0,595.2,670702050711.8757,670702050711.8757,2909.1613427132866,4168813996827.6475,31.0,0.0,0.0,0.0,0.0,0.0,0.0
commit:31,18,1,148.8,335351025355.93787,335351025355.93787,1454.5806713566433,1042203499206.9119,31.0,0.0,0.0,0.0,0.0,0.0,0.0
commit:31,19,0,576.0,652311833192.3566,652311833192.3566,2829.394015574374,4034336125962.2393,31.0,0.0,0.0,0.0,0.0,0.0,0.0
commit:31,19,1,144.0,326155916596.1783,326155916596.1783,1414.697007787187,1008584031490.5598,31.0,0.0,0.0,0.0,0.0,0.0,0.0
commit:31,20,0,595.2,677425838770.2622,677425838770.2622,2938.325685173987,4168813996827.6475,31.0,0.0,0.0,0.0,0.0,0.0,0.0
commit:31,20,1,148.8,338712919385.1311,338712919385.1311,1469.1628425869935,1042203499206.9119,31.0,0.0,0.0,0.0,0.0,0.0,0.0
commit:31,21,0,576.0,658851259320.1097,658851259320.1097,2857.7586905805065,4034336125962.2393,31.0,0.0,0.0,0.0,0.0,0.0,0.0
commit:31,21,1,144.0,329425629660.0549,329425629660.0549,1428.8793452902532,1008584031490.5598,31.0,0.0,0.0,0.0,0.0,0.0,0.0
commit:31,22,0,595.2,684217032803.934,684217032803.934,2967.782400167856,4168813996827.6475,31.0,0.0,0.0,0.0,0.0,0.0,0.0
commit:31,22,1,148.8,342108516401.967,342108516401.967,1483.891200083928,1042203499206.9119,31.0,0.0,0.0,0.0,0.0,0.0,0.0
commit:31,23,0,595.2,687638117967.9535,687638117967.9535,2982.621312168694,4168813996827.6475,31.0,0.0,0.0,0.0,0.0,0.0,0.0
commit:31,23,1,148.8,343819058983.97675,343819058983.97675,1491.310656084347,1042203499206.9119,31.0,0.0,0.0,0.0,0.0,0.0,0.0
commit:31,24,0,576.0,668783524410.7677,668783524410.7677,2900.839760060843,4034336125962.2393,31.0,0.0,0.0,0.0,0.0,0.0,0.0
commit:31,24,1,144.0,334391762205.38385,334391762205.38385,1450.4198800304216,1008584031490.5598,31.0,0.0,0.0,0.0,0.0,0.0,0.0
commit:31,25,0,595.2,694531690100.5822,694531690100.5822,3012.5220908231854,4168813996827.6475,31.0,0.0,0.0,0.0,0.0,0.0,0.0
commit:31,25,1,148.8,347265845050.2911,347265845050.2911,1506.2610454115927,1042203499206.9119,31.0,0.0,0.0,0.0,0.0,0.0,0.0
commit:31,26,0,576.0,675488079242.9854,675488079242.9854,2929.920678655452,4034336125962.2393,31.0,0.0,0.0,0.0,0.0,0.0,0.0
commit:31,26,1,144.0,337744039621.4927,337744039621.4927,1464.960339327726,1008584031490.5598,31.0,0.0,0.0,0.0,0.0,0.0,0.0
commit:31,27,0,595.2,701494370293.8403,701494370293.8403,3042.722624783687,4168813996827.6475,31.0,0.0,0.0,0.0,0.0,0.0,0.0
commit:31,27,1,148.8,350747185146.92017,350747185146.92017,1521.3613123918435,1042203499206.9119,31.0,0.0,0.0,0.0,0.0,0.0,0.0
commit:31,28,0,595.2,705001842145.3094,705001842145.3094,3057.936237907605,4168813996827.6475,31.0,0.0,0.0,0.0,0.0,0.0,0.0
commit:31,28,1,148.8,352500921072.6547,352500921072.6547,1528.9681189538026,1042203499206.9119,31.0,0.0,0.0,0.0,0.0,0.0,0.0
commit:31,29,0,537.6,639959736708.6776,639959736708.6776,2775.8169591845162,3765380384231.4233,31.0,0.0,0.0,0.0,0.0,0.0,0.0
commit:31,29,1,134.4,319979868354.3388,319979868354.3388,1387.9084795922581,941345096057.8558,31.0,0.0,0.0,0.0,0.0,0.0,0.0
commit:31,30,0,595.2,712069485612.816,712069485612.816,3088.5920486926284,4168813996827.6475,31.0,0.0,0.0,0.0,0.0,0.0,0.0
commit:31,30,1,148.8,356034742806.408,356034742806.408,1544.2960243463142,1042203499206.9119,31.0,0.0,0.0,0.0,0.0,0.0,0.0
commit:31,31,0,576.0,692544999716.9807,692544999716.9807,3003.9048473575076,4034336125962.2393,31.0,0.0,0.0,0.0,0.0,0.0,0.0
commit:31,31,1,144.0,346272499858.49036,346272499858.49036,1501.9524236787538,1008584031490.5598,31.0,0.0,0.0,0.0,0.0,0.0,0.0
commit:31,32,0,595.2,719207982206.0844,719207982206.0844,3119.5551839807713,4168813996827.6475,31.0,0.0,0.0,0.0,0.0,0.0,0.0
commit:31,32,1,148.8,359603991103.0422,359603991103.0422,1559.7775919903856,1042203499206.9119,31.0,0.0,0.0,0.0,0.0,0.0,0.0
commit:31,33,0,576.0,699487763339.1433,699487763339.1433,3034.018993452266,4034336125962.2393,31.0,0.0,0.0,0.0,0.0,0.0,0.0
commit:31,33,1,144.0,349743881669.57166,349743881669.57166,1517.009496726133,1008584031490.5598,31.0,0.0,0.0,0.0,0.0,0.0,0.0
commit:31,34,0,595.2,726418042227.7002,726418042227.7002,3150.8287247001776,4168813996827.6475,31.0,0.0,0.0,0.0,0.0,0.0,0.0
commit:31,34,1,148.8,363209021113.8501,363209021113.8501,1575.4143623500888,1042203499206.9119,31.0,0.0,0.0,0.0,0.0,0.0,0.0
commit:31,35,0,595.2,730050132438.8386,730050132438.8386,3166.582868323678,4168813996827.6475,31.0,0.0,0.0,0.0,0.0,0.0,0.0
commit:31,35,1,148.8,365025066219.4193,365025066219.4193,1583.291434161839,1042203499206.9119,31.0,0.0,0.0,0.0,0.0,0.0,0.0
commit:31,36,0,576.0,710032628807.451,710032628807.451,3079.757209030932,4034336125962.2393,31.0,0.0,0.0,0.0,0.0,0.0,0.0
commit:31,36,1,144.0,355016314403.7255,355016314403.7255,1539.878604515466,1008584031490.5598,31.0,0.0,0.0,0.0,0.0,0.0,0.0
commit:32,1,0,595.2,616178562048.0001,616178562048.0001,2672.666426196395,4303291867693.0557,32.0,0.0,0.0,0.0,0.0,0.0,0.0
commit:32,1,1,148.8,308089281024.00006,308089281024.00006,1336.3332130981976,1075822966923.2639,32.0,0.0,0.0,0.0,0.0,0.0,0.0
commit:32,2,0,576.0,599283343411.2001,599283343411.2001,2599.38363709101,4164476000993.2793,32.0,0.0,0.0,0.0,0.0,0.0,0.0
commit:32,2,1,144.0,299641671705.60004,299641671705.60004,1299.691818545505,1041119000248.3198,32.0,0.0,0.0,0.0,0.0,0.0,0.0
commit:32,3,0,595.2,622355752132.5311,622355752132.5311,2699.459907119013,4303291867693.0557,32.0,0.0,0.0,0.0,0.0,0.0,0.0
commit:32,3,1,148.8,311177876066.26556,311177876066.26556,1349.7299535595066,1075822966923.2639,32.0,0.0,0.0,0.0,0.0,0.0,0.0
commit:32,4,0,595.2,625467530893.1937,625467530893.1937,2712.957206654608,4303291867693.0557,32.0,0.0,0.0,0.0,0.0,0.0,0.0
commit:32,4,1,148.8,312733765446.59686,312733765446.59686,1356.478603327304,1075822966923.2639,32.0,0.0,0.0,0.0,0.0,0.0,0.0
commit:32,5,0,537.6,567763107075.3055,567763107075.3055,2462.66502565357,3886844267593.7275,32.0,0.0,0.0,0.0,0.0,0.0,0.0
commit:32,5,1,134.4,283881553537.6528,283881553537.6528,1231.332512826785,971711066898.4319,32.0,0.0,0.0,0.0,0.0,0.0,0.0
commit:32,6,0,595.2,631737842890.3978,631737842890.3978,2740.1546026513197,4303291867693.0557,32.0,0.0,0.0,0.0,0.0,0.0,0.0
commit:32,6,1,148.8,315868921445.1989,315868921445.1989,1370.0773013256598,1075822966923.2639,32.0,0.0,0.0,0.0,0.0,0.0,0.0
commit:32,7,0,576.0,614415998811.145,614415998811.145,2665.0213312882997,4164476000993.2793,32.0,0.0,0.0,0.0,0.0,0.0,0.0
commit:32,7,1,144.0,307207999405.5725,307207999405.5725,1332.5106656441499,1041119000248.3198,32.0,0.0,0.0,0.0,0.0,0.0,0.0
commit:32,8,0,595.2,638071014765.374,638071014765.374,2767.624652542899,4303291867693.0557,32.0,0.0,0.0,0.0,0.0,0.0,0.0
commit:32,8,1,148.8,319035507382.687,319035507382.687,1383.8123262714496,1075822966923.2639,32.0,0.0,0.0,0.0,0.0,0.0,0.0
commit:32,9,0,576.0,620575519199.2267,620575519199.2267,2691.738170134465,4164476000993.2793,32.0,0.0,0.0,0.0,0.0,0.0,0.0
commit:32,9,1,144.0,310287759599.61334,310287759599.61334,1345.8690850672324,1041119000248.3198,32.0,0.0,0.0,0.0,0.0,0.0,0.0
commit:32,10,0,595.2,644467676688.3967,644467676688.3967,2795.370089684641,4303291867693.0557,32.0,0.0,0.0,0.0,0.0,0.0,0.0
commit:32,10,1,148.8,322233838344.19836,322233838344.19836,1397.6850448423204,1075822966923.2639,32.0,0.0,0.0,0.0,0.0,0.0,0.0
commit:32,11,0,595.2,647690015071.8387,647690015071.8387,2809.346940133064,4303291867693.0557,32.0,0.0,0.0,0.0,0.0,0.0,0.0
commit:32,11,1,148.8,323845007535.9194,323845007535.9194,1404.673470066532,1075822966923.2639,32.0,0.0,0.0,0.0,0.0,0.0,0.0
commit:32,12,0,576.0,629930772723.0947,629930772723.0947,2732.316459516512,4164476000993.2793,32.0,0.0,0.0,0.0,0.0,0.0,0.0
commit:32,12,1,144.0,314965386361.54736,314965386361.54736,1366.158229758256,1041119000248.3198,32.0,0.0,0.0,0.0,0.0,0.0,0.0
commit:32,13,0,595.2,654183107472.9337,654183107472.9337,2837.5106432078974,4303291867693.0557,32.0,0.0,0.0,0.0,0.0,0.0,0.0
commit:32,13,1,148.8,327091553736.46686,327091553736.46686,1418.7553216039487,1075822966923.2639,32.0,0.0,0.0,0.0,0.0,0.0,0.0
commit:32,14,0,576.0,636245828719.6436,636245828719.6436,2759.707932023164,4164476000993.2793,32.0,0.0,0.0,0.0,0.0,0.0,0.0
commit:32,14,1,144.0,318122914359.8218,318122914359.8218,1379.853966011582,1041119000248.3198,32.0,0.0,0.0,0.0,0.0,0.0,0.0
commit:32,15,0,595.2,660741293125.3497,660741293125.3497,2865.9566874060556,4303291867693.0557,32.0,0.0,0.0,0.0,0.0,0.0,0.0
commit:32,15,1,148.8,330370646562.67487,330370646562.67487,1432.9783437030278,1075822966923.2639,32.0,0.0,0.0,0.0,0.0,0.0,0.0
commit:32,16,0,595.2,664044999590.9764,664044999590.9764,2880.2864708430857,4303291867693.0557,32.0,0.0,0.0,0.0,0.0,0.0,0.0
commit:32,16,1,148.8,332022499795.4882,332022499795.4882,1440.1432354215428,1075822966923.2639,32.0,0.0,0.0,0.0,0.0,0.0,0.0
commit:32,17,0,556.8000000000001,624309403647.71,624309403647.71,2707.933844926508,4025660134293.504,32.0,0.0,0.0,0.0,0.0,0.0,0.0
commit:32,17,1,139.20000000000002,312154701823.855,312154701823.855,1353.966922463254,1006415033573.376,32.0,0.0,0.0,0.0,0.0,0.0,0.0
commit:32,18,0,595.2,670702050711.8757,670702050711.8757,2909.1613427132866,4303291867693.0557,32.0,0.0,0.0,0.0,0.0,0.0,0.0
commit:32,18,1,148.8,335351025355.93787,335351025355.93787,1454.5806713566433,1075822966923.2639,32.0,0.0,0.0,0.0,0.0,0.0,0.0
commit:32,19,0,576.0,652311833192.3566,652311833192.3566,2829.394015574374,4164476000993.2793,32.0,0.0,0.0,0.0,0.0,0.0,0.0
commit:32,19,1,144.0,326155916596.1783,326155916596.1783,1414.697007787187,1041119000248.3198,32.0,0.0,0.0,0.0,0.0,0.0,0.0
commit:32,20,0,595.2,677425838770.2622,677425838770.2622,2938.325685173987,4303291867693.0557,32.0,0.0,0.0,0.0,0.0,0.0,0.0
commit:32,20,1,148.8,338712919385.1311,338712919385.1311,1469.1628425869935,1075822966923.2639,32.0,0.0,0.0,0.0,0.0,0.0,0.0
commit:32,21,0,576.0,658851259320.1097,658851259320.1097,2857.7586905805065,4164476000993.2793,32.0,0.0,0.0,0.0,0.0,0.0,0.0
commit:32,21,1,144.0,329425629660.0549,329425629660.0549,1428.8793452902532,1041119000248.3198,32.0,0.0,0.0,0.0,0.0,0.0,0.0
commit:32,22,0,595.2,684217032803.934,684217032803.934,2967.782400167856,4303291867693.0557,32.0,0.0,0.0,0.0,0.0,0.0,0.0
commit:32,22,1,148.8,342108516401.967,342108516401.967,1483.891200083928,1075822966923.2639,32.0,0.0,0.0,0.0,0.0,0.0,0.0
commit:32,23,0,595.2,687638117967.9535,687638117967.9535,2982.621312168694,4303291867693.0557,32.0,0.0,0.0,0.0,0.0,0.0,0.0
commit:32,23,1,148.8,343819058983.97675,343819058983.97675,1491.310656084347,1075822966923.2639,32.0,0.0,0.0,0.0,0.0,0.0,0.0
commit:32,24,0,576.0,668783524410.7677,668783524410.7677,2900.839760060843,4164476000993.2793,32.0,0.0,0.0,0.0,0.0,0.0,0.0
commit:32,24,1,144.0,334391762205.38385,334391762205.38385,1450.4198800304216,1041119000248.3198,32.0,0.0,0.0,0.0,0.0,0.0,0.0
commit:32,25,0,595.2,694531690100.5822,694531690100.5822,3012.5220908231854,4303291867693.0557,32.0,0.0,0.0,0.0,0.0,0.0,0.0
commit:32,25,1,148.8,347265845050.2911,347265845050.2911,1506.2610454115927,1075822966923.2639,32.0,0.0,0.0,0.0,0.0,0.0,0.0
commit:32,26,0,576.0,675488079242.9854,675488079242.9854,2929.920678655452,4164476000993.2793,32.0,0.0,0.0,0.0,0.0,0.0,0.0
commit:32,26,1,144.0,337744039621.4927,337744039621.4927,1464.960339327726,1041119000248.3198,32.0,0.0,0.0,0.0,0.0,0.0,0.0
commit:32,27,0,595.2,701494370293.8403,701494370293.8403,3042.722624783687,4303291867693.0557,32.0,0.0,0.0,0.0,0.0,0.0,0.0
commit:32,27,1,148.8,350747185146.92017,350747185146.92017,1521.3613123918435,1075822966923.2639,32.0,0.0,0.0,0.0,0.0,0.0,0.0
commit:32,28,0,595.2,705001842145.3094,705001842145.3094,3057.936237907605,4303291867693.0557,32.0,0.0,0.0,0.0,0.0,0.0,0.0
commit:32,28,1,148.8,352500921072.6547,352500921072.6547,1528.9681189538026,1075822966923.2639,32.0,0.0,0.0,0.0,0.0,0.0,0.0
commit:32,29,0,537.6,639959736708.6776,639959736708.6776,2775.8169591845162,3886844267593.7275,32.0,0.0,0.0,0.0,0.0,0.0,0.0
commit:32,29,1,134.4,319979868354.3388,319979868354.3388,1387.9084795922581,971711066898.4319,32.0,0.0,0.0,0.0,0.0,0.0,0.0
commit:32,30,0,595.2,712069485612.816,712069485612.816,3088.5920486926284,4303291867693.0557,32.0,0.0,0.0,0.0,0.0,0.0,0.0
commit:32,30,1,148.8,356034742806.408,356034742806.408,1544.2960243463142,1075822966923.2639,32.0,0.0,0.0,0.0,0.0,0.0,0.0
commit:32,31,0,576.0,692544999716.9807,692544999716.9807,3003.9048473575076,4164476000993.2793,32.0,0.0,0.0,0.0,0.0,0.0,0.0
commit:32,31,1,144.0,346272499858.49036,346272499858.49036,1501.9524236787538,1041119000248.3198,32.0,0.0,0.0,0.0,0.0,0.0,0.0
commit:32,32,0,595.2,719207982206.0844,719207982206.0844,3119.5551839807713,4303291867693.0557,32.0,0.0,0.0,0.0,0.0,0.0,0.0
commit:32,32,1,148.8,359603991103.0422,359603991103.0422,1559.7775919903856,1075822966923.2639,32.0,0.0,0.0,0.0,0.0,0.0,0.0
commit:32,33,0,576.0,699487763339.1433,699487763339.1433,3034.018993452266,4164476000993.2793,32.0,0.0,0.0,0.0,0.0,0.0,0.0
commit:32,33,1,144.0,349743881669.57166,349743881669.57166,1517.009496726133,1041119000248.3198,32.0,0.0,0.0,0.0,0.0,0.0,0.0
commit:32,34,0,595.2,726418042227.7002,726418042227.7002,3150.8287247001776,4303291867693.0557,32.0,0.0,0.0,0.0,0.0,0.0,0.0
commit:32,34,1,148.8,363209021113.8501,363209021113.8501,1575.4143623500888,1075822966923.2639,32.0,0.0,0.0,0.0,0.0,0.0,0.0
commit:32,35,0,595.2,730050132438.8386,730050132438.8386,3166.582868323678,4303291867693.0557,32.0,0.0,0.0,0.0,0.0,0.0,0.0
commit:32,35,1,148.8,365025066219.4193,365025066219.4193,1583.291434161839,1075822966923.2639,32.0,0.0,0.0,0.0,0.0,0.0,0.0
commit:32,36,0,576.0,710032628807.451,710032628807.451,3079.757209030932,4164476000993.2793,32.0,0.0,0.0,0.0,0.0,0.0,0.0
commit:32,36,1,144.0,355016314403.7255,355016314403.7255,1539.878604515466,1041119000248.3198,32.0,0.0,0.0,0.0,0.0,0.0,0.0
own:1,1,0,595.2,616178562048.0001,0.0,0.0,0.0,0.0,537730733635.1999,78447828412.80023,2380.0,2332.3999999999996,4.0,2380.0
own:1,1,1,148.8,308089281024.00006,0.0,0.0,0.0,0.0,133754871559.67998,174334409464.32007,592.0,580.16,4.0,592.0
own:1,2,0,576.0,599283343411.2001,0.0,0.0,0.0,0.0,520559500124.1599,78723843287.04016,2304.0,2257.92,4.0,2304.0
own:1,2,1,144.0,299641671705.60004,0.0,0.0,0.0,0.0,130139875031.03998,169501796674.56006,576.0,564.48,4.0,576.0
own:1,3,0,595.2,622355752132.5311,0.0,0.0,0.0,0.0,537730733635.1999,84625018497.33124,2380.0,2332.3999999999996,4.0,2380.0
own:1,3,1,148.8,311177876066.26556,0.0,0.0,0.0,0.0,133754871559.67998,177423004506.58557,592.0,580.16,4.0,592.0
own:1,4,0,595.2,625467530893.1937,0.0,0.0,0.0,0.0,537730733635.1999,87736797257.99384,2380.0,2332.3999999999996,4.0,2380.0
own:1,4,1,148.8,312733765446.59686,0.0,0.0,0.0,0.0,133754871559.67998,178978893886.91687,592.0,580.16,4.0,592.0
own:1,5,0,537.6,567763107075.3055,0.0,0.0,0.0,0.0,485313283969.9199,82449823105.38562,2148.0,2105.04,4.0,2148.0
own:1,5,1,134.4,283881553537.6528,0.0,0.0,0.0,0.0,121102383709.43997,162779169828.2128,536.0,525.28,4.0,536.0
own:1,6,0,595.2,631737842890.3978,0.0,0.0,0.0,0.0,537730733635.1999,94007109255.19794,2380.0,2332.3999999999996,4.0,2380.0
own:1,6,1,148.8,315868921445.1989,0.0,0.0,0.0,0.0,133754871559.67998,182114049885.51892,592.0,580.16,4.0,592.0
own:1,7,0,576.0,614415998811.145,130139875031.03998,564.48,130139875031.03998,1.0,484276123780.10504,0.0,2143.409521722755,2100.5413312882997,4.0,2144.0
own:1,7,1,144.0,307207999405.5725,32534968757.759995,141.12,32534968757.759995,1.0,130139875031.03998,144533155616.77252,576.0,564.48,4.0,576.0
own:1,8,0,595.2,638071014765.374,134477870865.40799,583.296,134477870865.40799,1.0,503593143899.96606,0.0,2228.9067883090806,2184.328652542899,4.0,2232.0
own:1,8,1,148.8,319035507382.687,33619467716.351997,145.824,33619467716.351997,1.0,133754871559.67998,151661168106.65503,592.0,580.16,4.0,592.0
own:1,9,0,576.0,620575519199.2267,130139875031.03998,564.48,130139875031.03998,1.0,490435644168.1867,0.0,2170.6716021780253,2127.2581701344648,4.0,2172.0
own:1,9,1,144.0,310287759599.61334,32534968757.759995,141.12,32534968757.759995,1.0,130139875031.03998,147612915810.81335,576.0,564.48,4.0,576.0
own:1,10,0,595.2,644467676688.3967,134477870865.40799,583.296,134477870865.40799,1.0,509989805822.9888,0.0,2257.2184588618784,2212.074089684641,4.0,2260.0
own:1,10,1,148.8,322233838344.19836,33619467716.351997,145.824,33619467716.351997,1.0,133754871559.67998,154859499068.16638,592.0,580.16,4.0,592.0
own:1,11,0,595.2,647690015071.8387,134477870865.40799,583.296,134477870865.40799,1.0,513212144206.4308,0.0,2271.480551156188,2226.050940133064,4.0,2272.0
own:1,11,1,148.8,323845007535.9194,33619467716.351997,145.824,33619467716.351997,1.0,133754871559.67998,156470668259.8874,592.0,580.16,4.0,592.0
own:1,12,0,576.0,629930772723.0947,130139875031.03998,564.48,130139875031.03998,1.0,499790897692.05475,0.0,2212.0780199148085,2167.836459516512,4.0,2216.0
own:1,12,1,144.0,314965386361.54736,32534968757.759995,141.12,32534968757.759995,1.0,130139875031.03998,152290542572.74738,576.0,564.48,4.0,576.0
own:1,13,0,595.2,654183107472.9337,134477870865.40799,583.296,134477870865.40799,1.0,519705236607.52576,0.0,2300.219023681528,2254.214643207897,4.0,2304.0
own:1,13,1,148.8,327091553736.46686,33619467716.351997,145.824,33619467716.351997,1.0,133754871559.67998,159717214460.43488,592.0,580.16,4.0,592.0
own:1,14,0,576.0,636245828719.6436,130139875031.03998,564.48,130139875031.03998,1.0,506105953688.6036,0.0,2240.0285020644537,2195.227932023164,4.0,2244.0
own:1,14,1,144.0,318122914359.8218,32534968757.759995,141.12,32534968757.759995,1.0,130139875031.03998,155448070571.0218,576.0,564.48,4.0,576.0
own:1,15,0,595.2,660741293125.3497,134477870865.40799,583.296,134477870865.40799,1.0,526263422259.9418,0.0,2329.2455993939348,2282.660687406056,4.0,2332.0
own:1,15,1,148.8,330370646562.67487,33619467716.351997,145.824,33619467716.351997,1.0,133754871559.67998,162996307286.64288,592.0,580.16,4.0,592.0
own:1,16,0,595.2,664044999590.9764,134477870865.40799,583.296,134477870865.40799,1.0,529567128725.5685,0.0,2343.867827390904,2296.990470843086,4.0,2344.0
own:1,16,1,148.8,332022499795.4882,33619467716.351997,145.824,33619467716.351997,1.0,133754871559.67998,164648160519.45624,592.0,580.16,4.0,592.0
own:1,17,0,556.8000000000001,624309403647.71,125801879196.672,545.6640000000001,125801879196.672,1.0,498507524451.03796,0.0,2206.397800945416,2162.2698449265076,4.0,2208.0
own:1,17,1,139.20000000000002,312154701823.855,31450469799.168,136.41600000000003,31450469799.168,1.0,125621129370.23997,155083102654.44702,556.0,544.88,4.0,556.0
own:1,18,0,595.2,670702050711.8757,134477870865.40799,583.296,134477870865.40799,1.0,536224179846.4678,0.0,2373.331982360497,2325.8653427132867,4.0,2376.0
own:1,18,1,148.8,335351025355.93787,33619467716.351997,145.824,33619467716.351997,1.0,133754871559.67998,167976686079.90588,592.0,580.16,4.0,592.0
own:1,19,0,576.0,652311833192.3566,130139875031.03998,564.48,130139875031.03998,1.0,520559500124.1599,1612458037.1566772,2304.0,2257.92,4.0,2304.0
own:1,19,1,144.0,326155916596.1783,32534968757.759995,141.12,32534968757.759995,1.0,130139875031.03998,163481072807.3783,576.0,564.48,4.0,576.0
own:1,20,0,595.2,677425838770.2622,134477870865.40799,583.296,134477870865.40799,1.0,537730733635.1999,5217234269.654358,2380.0,2332.3999999999996,4.0,2380.0
own:1,20,1,148.8,338712919385.1311,33619467716.351997,145.824,33619467716.351997,1.0,133754871559.67998,171338580109.09912,592.0,580.16,4.0,592.0
own:1,21,0,576.0,658851259320.1097,130139875031.03998,564.48,130139875031.03998,1.0,520559500124.1599,8151884164.909851,2304.0,2257.92,4.0,2304.0
own:1,21,1,144.0,329425629660.0549,32534968757.759995,141.12,32534968757.759995,1.0,130139875031.03998,166750785871.25488,576.0,564.48,4.0,576.0
own:1,22,0,595.2,684217032803.934,134477870865.40799,583.296,134477870865.40799,1.0,537730733635.1999,12008428303.32611,2380.0,2332.3999999999996,4.0,2380.0
own:1,22,1,148.8,342108516401.967,33619467716.351997,145.824,33619467716.351997,1.0,133754871559.67998,174734177125.935,592.0,580.16,4.0,592.0
own:1,23,0,595.2,687638117967.9535,134477870865.40799,583.296,134477870865.40799,1.0,537730733635.1999,15429513467.345642,2380.0,2332.3999999999996,4.0,2380.0
own:1,23,1,148.8,343819058983.97675,33619467716.351997,145.824,33619467716.351997,1.0,133754871559.67998,176444719707.94476,592.0,580.16,4.0,592.0
own:1,24,0,576.0,668783524410.7677,130139875031.03998,564.48,130139875031.03998,1.0,520559500124.1599,18084149255.56781,2304.0,2257.92,4.0,2304.0
own:1,24,1,144.0,334391762205.38385,32534968757.759995,141.12,32534968757.759995,1.0,130139875031.03998,171716918416.58386,576.0,564.48,4.0,576.0
own:1,25,0,595.2,694531690100.5822,134477870865.40799,583.296,134477870865.40799,1.0,537730733635.1999,22323085599.974304,2380.0,2332.3999999999996,4.0,2380.0
own:1,25,1,148.8,347265845050.2911,33619467716.351997,145.824,33619467716.351997,1.0,133754871559.67998,179891505774.2591,592.0,580.16,4.0,592.0
own:1,26,0,576.0,675488079242.9854,130139875031.03998,564.48,130139875031.03998,1.0,520559500124.1599,24788704087.78546,2304.0,2257.92,4.0,2304.0
own:1,26,1,144.0,337744039621.4927,32534968757.759995,141.12,32534968757.759995,1.0,130139875031.03998,175069195832.6927,576.0,564.48,4.0,576.0
own:1,27,0,595.2,701494370293.8403,134477870865.40799,583.296,134477870865.40799,1.0,537730733635.1999,29285765793.232483,2380.0,2332.3999999999996,4.0,2380.0
own:1,27,1,148.8,350747185146.92017,33619467716.351997,145.824,33619467716.351997,1.0,133754871559.67998,183372845870.88818,592.0,580.16,4.0,592.0
own:1,28,0,595.2,705001842145.3094,134477870865.40799,583.296,134477870865.40799,1.0,537730733635.1999,32793237644.7016,2380.0,2332.3999999999996,4.0,2380.0
own:1,28,1,148.8,352500921072.6547,33619467716.351997,145.824,33619467716.351997,1.0,133754871559.67998,185126581796.62274,592.0,580.16,4.0,592.0
own:1,29,0,537.6,639959736708.6776,121463883362.30399,526.848,121463883362.30399,1.0,485313283969.9199,33182569376.453735,2148.0,2105.04,4.0,2148.0
own:1,29,1,134.4,319979868354.3388,30365970840.575996,131.712,30365970840.575996,1.0,121102383709.43997,168511513804.32285,536.0,525.28,4.0,536.0
own:1,30,0,595.2,712069485612.816,134477870865.40799,583.296,134477870865.40799,1.0,537730733635.1999,39860881112.20819,2380.0,2332.3999999999996,4.0,2380.0
own:1,30,1,148.8,356034742806.408,33619467716.351997,145.824,33619467716.351997,1.0,133754871559.67998,188660403530.37604,592.0,580.16,4.0,592.0
own:1,31,0,576.0,692544999716.9807,130139875031.03998,564.48,130139875031.03998,1.0,520559500124.1599,41845624561.78076,2304.0,2257.92,4.0,2304.0
own:1,31,1,144.0,346272499858.49036,32534968757.759995,141.12,32534968757.759995,1.0,130139875031.03998,183597656069.69037,576.0,564.48,4.0,576.0
own:1,32,0,595.2,719207982206.0844,134477870865.40799,583.296,134477870865.40799,1.0,537730733635.1999,46999377705.4765,2380.0,2332.3999999999996,4.0,2380.0
own:1,32,1,148.8,359603991103.0422,33619467716.351997,145.824,33619467716.351997,1.0,133754871559.67998,192229651827.0102,592.0,580.16,4.0,592.0
own:1,33,0,576.0,699487763339.1433,130139875031.03998,564.48,130139875031.03998,1.0,520559500124.1599,48788388183.94336,2304.0,2257.92,4.0,2304.0
own:1,33,1,144.0,349743881669.57166,32534968757.759995,141.12,32534968757.759995,1.0,130139875031.03998,187069037880.77167,576.0,564.48,4.0,576.0
own:1,34,0,595.2,726418042227.7002,134477870865.40799,583.296,134477870865.40799,1.0,537730733635.1999,54209437727.09235,2380.0,2332.3999999999996,4.0,2380.0
own:1,34,1,148.8,363209021113.8501,33619467716.351997,145.824,33619467716.351997,1.0,133754871559.67998,195834681837.8181,592.0,580.16,4.0,592.0
own:1,35,0,595.2,730050132438.8386,134477870865.40799,583.296,134477870865.40799,1.0,537730733635.1999,57841527938.230774,2380.0,2332.3999999999996,4.0,2380.0
own:1,35,1,148.8,365025066219.4193,33619467716.351997,145.824,33619467716.351997,1.0,133754871559.67998,197650726943.38733,592.0,580.16,4.0,592.0
own:1,36,0,576.0,710032628807.451,130139875031.03998,564.48,130139875031.03998,1.0,520559500124.1599,59333253652.25122,2304.0,2257.92,4.0,2304.0
own:1,36,1,144.0,355016314403.7255,32534968757.759995,141.12,32534968757.759995,1.0,130139875031.03998,192341470614.92554,576.0,564.48,4.0,576.0
own:2,1,0,595.2,616178562048.0001,0.0,0.0,0.0,0.0,537730733635.1999,78447828412.80023,2380.0,2332.3999999999996,4.0,2380.0
own:2,1,1,148.8,308089281024.00006,0.0,0.0,0.0,0.0,133754871559.67998,174334409464.32007,592.0,580.16,4.0,592.0
own:2,2,0,576.0,599283343411.2001,0.0,0.0,0.0,0.0,520559500124.1599,78723843287.04016,2304.0,2257.92,4.0,2304.0
own:2,2,1,144.0,299641671705.60004,0.0,0.0,0.0,0.0,130139875031.03998,169501796674.56006,576.0,564.48,4.0,576.0
own:2,3,0,595.2,622355752132.5311,0.0,0.0,0.0,0.0,537730733635.1999,84625018497.33124,2380.0,2332.3999999999996,4.0,2380.0
own:2,3,1,148.8,311177876066.26556,0.0,0.0,0.0,0.0,133754871559.67998,177423004506.58557,592.0,580.16,4.0,592.0
own:2,4,0,595.2,625467530893.1937,0.0,0.0,0.0,0.0,537730733635.1999,87736797257.99384,2380.0,2332.3999999999996,4.0,2380.0
own:2,4,1,148.8,312733765446.59686,0.0,0.0,0.0,0.0,133754871559.67998,178978893886.91687,592.0,580.16,4.0,592.0
own:2,5,0,537.6,567763107075.3055,0.0,0.0,0.0,0.0,485313283969.9199,82449823105.38562,2148.0,2105.04,4.0,2148.0
own:2,5,1,134.4,283881553537.6528,0.0,0.0,0.0,0.0,121102383709.43997,162779169828.2128,536.0,525.28,4.0,536.0
own:2,6,0,595.2,631737842890.3978,0.0,0.0,0.0,0.0,537730733635.1999,94007109255.19794,2380.0,2332.3999999999996,4.0,2380.0
own:2,6,1,148.8,315868921445.1989,0.0,0.0,0.0,0.0,133754871559.67998,182114049885.51892,592.0,580.16,4.0,592.0
own:2,7,0,576.0,614415998811.145,260279750062.07996,1128.96,260279750062.07996,2.0,354136248749.06506,0.0,1567.409521722755,1536.0613312883,3.0,1569.0
own:2,7,1,144.0,307207999405.5725,65069937515.51999,282.24,65069937515.51999,2.0,130139875031.03998,111998186859.01254,576.0,564.48,4.0,576.0
own:2,8,0,595.2,638071014765.374,268955741730.81598,1166.592,268955741730.81598,2.0,369115273034.55804,0.0,1633.7067883090806,1601.0326525428989,3.0,1635.0
own:2,8,1,148.8,319035507382.687,67238935432.703995,291.648,67238935432.703995,2.0,133754871559.67998,118041700390.30305,592.0,580.16,4.0,592.0
own:2,9,0,576.0,620575519199.2267,260279750062.07996,1128.96,260279750062.07996,2.0,360295769137.1467,0.0,1594.6716021780253,1562.7781701344647,3.0,1596.0
own:2,9,1,144.0,310287759599.61334,65069937515.51999,282.24,65069937515.51999,2.0,130139875031.03998,115077947053.05338,576.0,564.48,4.0,576.0
own:2,10,0,595.2,644467676688.3967,268955741730.81598,1166.592,268955741730.81598,2.0,375511934957.58075,0.0,1662.0184588618783,1628.7780896846407,3.0,1665.0
own:2,10,1,148.8,322233838344.19836,67238935432.703995,291.648,67238935432.703995,2.0,133754871559.67998,121240031351.8144,592.0,580.16,4.0,592.0
own:2,11,0,595.2,647690015071.8387,268955741730.81598,1166.592,268955741730.81598,2.0,378734273341.02277,0.0,1676.2805511561878,1642.754940133064,3.0,1677.0
own:2,11,1,148.8,323845007535.9194,67238935432.703995,291.648,67238935432.703995,2.0,133754871559.67998,122851200543.53542,592.0,580.16,4.0,592.0
own:2,12,0,576.0,629930772723.0947,260279750062.07996,1128.96,260279750062.07996,2.0,369651022661.0148,0.0,1636.0780199148085,1603.3564595165121,3.0,1638.0
own:2,12,1,144.0,314965386361.54736,65069937515.51999,282.24,65069937515.51999,2.0,130139875031.03998,119755573814.9874,576.0,564.48,4.0,576.0
own:2,13,0,595.2,654183107472.9337,268955741730.81598,1166.592,268955741730.81598,2.0,385227365742.11774,0.0,1705.0190236815279,1670.918643207897,3.0,1707.0
own:2,13,1,148.8,327091553736.46686,67238935432.703995,291.648,67238935432.703995,2.0,133754871559.67998,126097746744.0829,592.0,580.16,4.0,592.0
own:2,14,0,576.0,636245828719.6436,260279750062.07996,1128.96,260279750062.07996,2.0,375966078657.5636,0.0,1664.0285020644535,1630.7479320231644,3.0,1665.0
own:2,14,1,144.0,318122914359.8218,65069937515.51999,282.24,65069937515.51999,2.0,130139875031.03998,122913101813.26181,576.0,564.48,4.0,576.0
own:2,15,0,595.2,660741293125.3497,268955741730.81598,1166.592,268955741730.81598,2.0,391785551394.53375,0.0,1734.0455993939345,1699.3646874060557,3.0,1737.0
own:2,15,1,148.8,330370646562.67487,67238935432.703995,291.648,67238935432.703995,2.0,133754871559.67998,129376839570.29091,592.0,580.16,4.0,592.0
own:2,16,0,595.2,664044999590.9764,268955741730.81598,1166.592,268955741730.81598,2.0,395089257860.16046,0.0,1748.667827390904,1713.6944708430858,3.0,1749.0
own:2,16,1,148.8,332022499795.4882,67238935432.703995,291.648,67238935432.703995,2.0,133754871559.67998,131028692803.10426,592.0,580.16,4.0,592.0
own:2,17,0,556.8000000000001,624309403647.71,251603758393.344,1091.3280000000002,251603758393.344,2.0,372705645254.36597,0.0,1649.5978009454159,1616.6058449265076,3.0,1650.0
own:2,17,1,139.20000000000002,312154701823.855,62900939598.336,272.83200000000005,62900939598.336,2.0,125621129370.23997,123632632855.279,556.0,544.88,4.0,556.0
own:2,18,0,595.2,670702050711.8757,268955741730.81598,1166.592,268955741730.81598,2.0,401746308981.05975,0.0,1778.1319823604967,1742.5693427132867,3.0,1779.0
own:2,18,1,148.8,335351025355.93787,67238935432.703995,291.648,67238935432.703995,2.0,133754871559.67998,134357218363.55391,592.0,580.16,4.0,592.0
own:2,19,0,576.0,652311833192.3566,260279750062.07996,1128.96,260279750062.07996,2.0,392032083130.2766,0.0,1735.136750586096,1700.4340155743741,4.0,1736.0
own:2,19,1,144.0,326155916596.1783,65069937515.51999,282.24,65069937515.51999,2.0,130139875031.03998,130946104049.61832,576.0,564.48,4.0,576.0
own:2,20,0,595.2,677425838770.2622,268955741730.81598,1166.592,268955741730.81598,2.0,408470097039.4462,0.0,1807.8915154836602,1771.733685173987,4.0,1808.0
own:2,20,1,148.8,338712919385.1311,67238935432.703995,291.648,67238935432.703995,2.0,133754871559.67998,137719112392.74713,592.0,580.16,4.0,592.0
own:2,21,0,576.0,658851259320.1097,260279750062.07996,1128.96,260279750062.07996,2.0,398571509258.0298,0.0,1764.0802965107207,1728.7986905805062,4.0,1768.0
own:2,21,1,144.0,329425629660.0549,65069937515.51999,282.24,65069937515.51999,2.0,130139875031.03998,134215817113.4949,576.0,564.48,4.0,576.0
own:2,22,0,595.2,684217032803.934,268955741730.81598,1166.592,268955741730.81598,2.0,415261291073.118,0.0,1837.9493879263835,1801.1904001678556,4.0,1840.0
own:2,22,1,148.8,342108516401.967,67238935432.703995,291.648,67238935432.703995,2.0,133754871559.67998,141114709409.583,592.0,580.16,4.0,592.0
own:2,23,0,595.2,687638117967.9535,268955741730.81598,1166.592,268955741730.81598,2.0,418682376237.1375,0.0,1853.0911348660147,1816.0293121686943,4.0,1856.0
own:2,23,1,148.8,343819058983.97675,67238935432.703995,291.648,67238935432.703995,2.0,133754871559.67998,142825251991.59277,592.0,580.16,4.0,592.0
own:2,24,0,576.0,668783524410.7677,260279750062.07996,1128.96,260279750062.07996,2.0,408503774348.68774,0.0,1808.0405714906565,1771.8797600608434,4.0,1812.0
own:2,24,1,144.0,334391762205.38385,65069937515.51999,282.24,65069937515.51999,2.0,130139875031.03998,139181949658.82388,576.0,564.48,4.0,576.0
own:2,25,0,595.2,694531690100.5822,268955741730.81598,1166.592,268955741730.81598,2.0,425575948369.7662,0.0,1883.6021334930463,1845.9300908231853,4.0,1884.0
own:2,25,1,148.8,347265845050.2911,67238935432.703995,291.648,67238935432.703995,2.0,133754871559.67998,146272038057.9071,592.0,580.16,4.0,592.0
own:2,26,0,576.0,675488079242.9854,260279750062.07996,1128.96,260279750062.07996,2.0,415208329180.9054,0.0,1837.714978219849,1800.960678655452,4.0,1840.0
own:2,26,1,144.0,337744039621.4927,65069937515.51999,282.24,65069937515.51999,2.0,130139875031.03998,142534227074.9327,576.0,564.48,4.0,576.0
own:2,27,0,595.2,701494370293.8403,268955741730.81598,1166.592,268955741730.81598,2.0,432538628563.02435,0.0,1914.4190048813134,1876.130624783687,4.0,1916.0
own:2,27,1,148.8,350747185146.92017,67238935432.703995,291.648,67238935432.703995,2.0,133754871559.67998,149753378154.5362,592.0,580.16,4.0,592.0
own:2,28,0,595.2,705001842145.3094,268955741730.81598,1166.592,268955741730.81598,2.0,436046100414.49347,0.0,1929.9430999057195,1891.344237907605,4.0,1932.0
own:2,28,1,148.8,352500921072.6547,67238935432.703995,291.648,67238935432.703995,2.0,133754871559.67998,151507114080.27075,592.0,580.16,4.0,592.0
own:2,29,0,537.6,639959736708.6776,242927766724.60797,1053.696,242927766724.60797,2.0,397031969984.06964,0.0,1757.2662848821594,1722.120959184516,4.0,1760.0
own:2,29,1,134.4,319979868354.3388,60731941681.15199,263.424,60731941681.15199,2.0,121102383709.43997,138145542963.74686,536.0,525.28,4.0,536.0
own:2,30,0,595.2,712069485612.816,268955741730.81598,1166.592,268955741730.81598,2.0,443113743882.00006,0.0,1961.2245394822737,1922.0000486926283,4.0,1964.0
own:2,30,1,148.8,356034742806.408,67238935432.703995,291.648,67238935432.703995,2.0,133754871559.67998,155040935814.02405,592.0,580.16,4.0,592.0
own:2,31,0,576.0,692544999716.9807,260279750062.07996,1128.96,260279750062.07996,2.0,432265249654.90076,0.0,1913.2090279158242,1874.9448473575076,4.0,1916.0
own:2,31,1,144.0,346272499858.49036,65069937515.51999,282.24,65069937515.51999,2.0,130139875031.03998,151062687311.93036,576.0,564.48,4.0,576.0
own:2,32,0,595.2,719207982206.0844,268955741730.81598,1166.592,268955741730.81598,2.0,450252240475.2684,0.0,1992.8195754905828,1952.963183980771,4.0,1996.0
own:2,32,1,148.8,359603991103.0422,67238935432.703995,291.648,67238935432.703995,2.0,133754871559.67998,158610184110.6582,592.0,580.16,4.0,592.0
own:2,33,0,576.0,699487763339.1433,260279750062.07996,1128.96,260279750062.07996,2.0,439208013277.06335,0.0,1943.9377484206798,1905.0589934522661,4.0,1944.0
own:2,33,1,144.0,349743881669.57166,65069937515.51999,282.24,65069937515.51999,2.0,130139875031.03998,154534069123.01166,576.0,564.48,4.0,576.0
own:2,34,0,595.2,726418042227.7002,268955741730.81598,1166.592,268955741730.81598,2.0,457462300496.8842,0.0,2024.7313517348753,1984.2367247001775,4.0,2028.0
own:2,34,1,148.8,363209021113.8501,67238935432.703995,291.648,67238935432.703995,2.0,133754871559.67998,162215214121.46613,592.0,580.16,4.0,592.0
own:2,35,0,595.2,730050132438.8386,268955741730.81598,1166.592,268955741730.81598,2.0,461094390708.02264,0.0,2040.8070084935493,1999.9908683236781,4.0,2044.0
own:2,35,1,148.8,365025066219.4193,67238935432.703995,291.648,67238935432.703995,2.0,133754871559.67998,164031259227.03534,592.0,580.16,4.0,592.0
own:2,36,0,576.0,710032628807.451,260279750062.07996,1128.96,260279750062.07996,2.0,449752878745.3711,0.0,1990.6093969703388,1950.797209030932,4.0,1992.0
own:2,36,1,144.0,355016314403.7255,65069937515.51999,282.24,65069937515.51999,2.0,130139875031.03998,159806501857.1656,576.0,564.48,4.0,576.0
own:3,1,0,595.2,616178562048.0001,0.0,0.0,0.0,0.0,537730733635.1999,78447828412.80023,2380.0,2332.3999999999996,4.0,2380.0
own:3,1,1,148.8,308089281024.00006,0.0,0.0,0.0,0.0,133754871559.67998,174334409464.32007,592.0,580.16,4.0,592.0
own:3,2,0,576.0,599283343411.2001,0.0,0.0,0.0,0.0,520559500124.1599,78723843287.04016,2304.0,2257.92,4.0,2304.0
own:3,2,1,144.0,299641671705.60004,0.0,0.0,0.0,0.0,130139875031.03998,169501796674.56006,576.0,564.48,4.0,576.0
own:3,3,0,595.2,622355752132.5311,0.0,0.0,0.0,0.0,537730733635.1999,84625018497.33124,2380.0,2332.3999999999996,4.0,2380.0
own:3,3,1,148.8,311177876066.26556,0.0,0.0,0.0,0.0,133754871559.67998,177423004506.58557,592.0,580.16,4.0,592.0
own:3,4,0,595.2,625467530893.1937,0.0,0.0,0.0,0.0,537730733635.1999,87736797257.99384,2380.0,2332.3999999999996,4.0,2380.0
own:3,4,1,148.8,312733765446.59686,0.0,0.0,0.0,0.0,133754871559.67998,178978893886.91687,592.0,580.16,4.0,592.0
own:3,5,0,537.6,567763107075.3055,0.0,0.0,0.0,0.0,485313283969.9199,82449823105.38562,2148.0,2105.04,4.0,2148.0
own:3,5,1,134.4,283881553537.6528,0.0,0.0,0.0,0.0,121102383709.43997,162779169828.2128,536.0,525.28,4.0,536.0
own:3,6,0,595.2,631737842890.3978,0.0,0.0,0.0,0.0,537730733635.1999,94007109255.19794,2380.0,2332.3999999999996,4.0,2380.0
own:3,6,1,148.8,315868921445.1989,0.0,0.0,0.0,0.0,133754871559.67998,182114049885.51892,592.0,580.16,4.0,592.0
own:3,7,0,576.0,614415998811.145,390419625093.11993,1693.4399999999998,390419625093.11993,3.0,223996373718.0251,0.0,991.409521722755,971.5813312882999,2.0,992.0
own:3,7,1,144.0,307207999405.5725,97604906273.27998,423.35999999999996,97604906273.27998,3.0,130139875031.03998,79463218101.25256,576.0,564.48,4.0,576.0
own:3,8,0,595.2,638071014765.374,403433612596.22394,1749.888,403433612596.22394,3.0,234637402169.1501,0.0,1038.5067883090808,1017.736652542899,2.0,1040.0
own:3,8,1,148.8,319035507382.687,100858403149.05598,437.472,100858403149.05598,3.0,133754871559.67998,84422232673.95107,592.0,580.16,4.0,592.0
own:3,9,0,576.0,620575519199.2267,390419625093.11993,1693.4399999999998,390419625093.11993,3.0,230155894106.10675,0.0,1018.6716021780253,998.2981701344648,2.0,1020.0
own:3,9,1,144.0,310287759599.61334,97604906273.27998,423.35999999999996,97604906273.27998,3.0,130139875031.03998,82542978295.2934,576.0,564.48,4.0,576.0
own:3,10,0,595.2,644467676688.3967,403433612596.22394,1749.888,403433612596.22394,3.0,241034064092.1728,0.0,1066.8184588618785,1045.4820896846409,2.0,1068.0
own:3,10,1,148.8,322233838344.19836,100858403149.05598,437.472,100858403149.05598,3.0,133754871559.67998,87620563635.46242,592.0,580.16,4.0,592.0
own:3,11,0,595.2,647690015071.8387,403433612596.22394,1749.888,403433612596.22394,3.0,244256402475.6148,0.0,1081.080551156188,1059.4589401330643,2.0,1082.0
own:3,11,1,148.8,323845007535.9194,100858403149.05598,437.472,100858403149.05598,3.0,133754871559.67998,89231732827.18343,592.0,580.16,4.0,592.0
own:3,12,0,576.0,629930772723.0947,390419625093.11993,1693.4399999999998,390419625093.11993,3.0,239511147629.9748,0.0,1060.0780199148085,1038.8764595165123,2.0,1062.0
own:3,12,1,144.0,314965386361.54736,97604906273.27998,423.35999999999996,97604906273.27998,3.0,130139875031.03998,87220605057.22742,576.0,564.48,4.0,576.0
own:3,13,0,595.2,654183107472.9337,403433612596.22394,1749.888,403433612596.22394,3.0,250749494876.70978,0.0,1109.8190236815278,1087.6226432078972,2.0,1110.0
own:3,13,1,148.8,327091553736.46686,100858403149.05598,437.472,100858403149.05598,3.0,133754871559.67998,92478279027.73091,592.0,580.16,4.0,592.0
own:3,14,0,576.0,636245828719.6436,390419625093.11993,1693.4399999999998,390419625093.11993,3.0,245826203626.52362,0.0,1088.0285020644535,1066.2679320231643,2.0,1090.0
own:3,14,1,144.0,318122914359.8218,97604906273.27998,423.35999999999996,97604906273.27998,3.0,130139875031.03998,90378133055.50183,576.0,564.48,4.0,576.0
own:3,15,0,595.2,660741293125.3497,403433612596.22394,1749.888,403433612596.22394,3.0,257307680529.1258,0.0,1138.8455993939344,1116.0686874060557,2.0,1140.0
own:3,15,1,148.8,330370646562.67487,100858403149.05598,437.472,100858403149.05598,3.0,133754871559.67998,95757371853.93892,592.0,580.16,4.0,592.0
own:3,16,0,595.2,664044999590.9764,403433612596.22394,1749.888,403433612596.22394,3.0,260611386994.7525,0.0,1153.467827390904,1130.398470843086,2.0,1154.0
own:3,16,1,148.8,332022499795.4882,100858403149.05598,437.472,100858403149.05598,3.0,133754871559.67998,97409225086.75227,592.0,580.16,4.0,592.0
own:3,17,0,556.8000000000001,624309403647.71,377405637590.016,1636.9920000000002,377405637590.016,3.0,246903766057.69397,0.0,1092.797800945416,1070.9418449265074,2.0,1094.0
own:3,17,1,139.20000000000002,312154701823.855,94351409397.504,409.24800000000005,94351409397.504,3.0,125621129370.23997,92182163056.11101,556.0,544.88,4.0,556.0
own:3,18,0,595.2,670702050711.8757,403433612596.22394,1749.888,403433612596.22394,3.0,267268438115.6518,0.0,1182.9319823604967,1159.2733427132869,2.0,1184.0
own:3,18,1,148.8,335351025355.93787,100858403149.05598,437.472,100858403149.05598,3.0,133754871559.67998,100737750647.20192,592.0,580.16,4.0,592.0
own:3,19,0,576.0,652311833192.3566,390419625093.11993,1693.4399999999998,390419625093.11993,3.0,261892208099.23663,0.0,1159.136750586096,1135.9540155743741,3.0,1161.0
own:3,19,1,144.0,326155916596.1783,97604906273.27998,423.35999999999996,97604906273.27998,3.0,130139875031.03998,98411135291.85834,576.0,564.48,4.0,576.0
own:3,20,0,595.2,677425838770.2622,403433612596.22394,1749.888,403433612596.22394,3.0,273992226174.03827,0.0,1212.6915154836604,1188.4376851739871,3.0,1215.0
own:3,20,1,148.8,338712919385.1311,100858403149.05598,437.472,100858403149.05598,3.0,133754871559.67998,104099644676.39516,592.0,580.16,4.0,592.0
own:3,21,0,576.0,658851259320.1097,390419625093.11993,1693.4399999999998,390419625093.11993,3.0,268431634226.9898,0.0,1188.0802965107207,1164.3186905805064,3.0,1191.0
own:3,21,1,144.0,329425629660.0549,97604906273.27998,423.35999999999996,97604906273.27998,3.0,130139875031.03998,101680848355.73492,576.0,564.48,4.0,576.0
own:3,22,0,595.2,684217032803.934,403433612596.22394,1749.888,403433612596.22394,3.0,280783420207.71,0.0,1242.7493879263834,1217.8944001678558,3.0,1245.0
own:3,22,1,148.8,342108516401.967,100858403149.05598,437.472,100858403149.05598,3.0,133754871559.67998,107495241693.23103,592.0,580.16,4.0,592.0
own:3,23,0,595.2,687638117967.9535,403433612596.22394,1749.888,403433612596.22394,3.0,284204505371.72955,0.0,1257.891134866015,1232.7333121686945,3.0,1260.0
own:3,23,1,148.8,343819058983.97675,100858403149.05598,437.472,100858403149.05598,3.0,133754871559.67998,109205784275.2408,592.0,580.16,4.0,592.0
own:3,24,0,576.0,668783524410.7677,390419625093.11993,1693.4399999999998,390419625093.11993,3.0,278363899317.64777,0.0,1232.0405714906565,1207.3997600608434,3.0,1233.0
own:3,24,1,144.0,334391762205.38385,97604906273.27998,423.35999999999996,97604906273.27998,3.0,130139875031.03998,106646980901.0639,576.0,564.48,4.0,576.0
own:3,25,0,595.2,694531690100.5822,403433612596.22394,1749.888,403433612596.22394,3.0,291098077504.3582,0.0,1288.4021334930462,1262.6340908231853,3.0,1290.0
own:3,25,1,148.8,347265845050.2911,100858403149.05598,437.472,100858403149.05598,3.0,133754871559.67998,112652570341.55513,592.0,580.16,4.0,592.0
own:3,26,0,576.0,675488079242.9854,390419625093.11993,1693.4399999999998,390419625093.11993,3.0,285068454149.8654,0.0,1261.714978219849,1236.480678655452,3.0,1263.0
own:3,26,1,144.0,337744039621.4927,97604906273.27998,423.35999999999996,97604906273.27998,3.0,130139875031.03998,109999258317.17273,576.0,564.48,4.0,576.0
own:3,27,0,595.2,701494370293.8403,403433612596.22394,1749.888,403433612596.22394,3.0,298060757697.6164,0.0,1319.2190048813134,1292.834624783687,3.0,1320.0
own:3,27,1,148.8,350747185146.92017,100858403149.05598,437.472,100858403149.05598,3.0,133754871559.67998,116133910438.18422,592.0,580.16,4.0,592.0
own:3,28,0,595.2,705001842145.3094,403433612596.22394,1749.888,403433612596.22394,3.0,301568229549.0855,0.0,1334.7430999057196,1308.0482379076052,3.0,1335.0
own:3,28,1,148.8,352500921072.6547,100858403149.05598,437.472,100858403149.05598,3.0,133754871559.67998,117887646363.91878,592.0,580.16,4.0,592.0
own:3,29,0,537.6,639959736708.6776,364391650086.9119,1580.5439999999999,364391650086.9119,3.0,275568086621.7657,0.0,1219.6662848821595,1195.2729591845161,3.0,1221.0
own:3,29,1,134.4,319979868354.3388,91097912521.72798,395.13599999999997,91097912521.72798,3.0,121102383709.43997,107779572123.17087,536.0,525.28,4.0,536.0
own:3,30,0,595.2,712069485612.816,403433612596.22394,1749.888,403433612596.22394,3.0,308635873016.5921,0.0,1366.024539482274,1338.7040486926282,3.0,1368.0
own:3,30,1,148.8,356034742806.408,100858403149.05598,437.472,100858403149.05598,3.0,133754871559.67998,121421468097.67207,592.0,580.16,4.0,592.0
own:3,31,0,576.0,692544999716.9807,390419625093.11993,1693.4399999999998,390419625093.11993,3.0,302125374623.8608,0.0,1337.2090279158242,1310.4648473575076,3.0,1338.0
own:3,31,1,144.0,346272499858.49036,97604906273.27998,423.35999999999996,97604906273.27998,3.0,130139875031.03998,118527718554.17041,576.0,564.48,4.0,576.0
own:3,32,0,595.2,719207982206.0844,403433612596.22394,1749.888,403433612596.22394,3.0,315774369609.8604,0.0,1397.6195754905827,1369.6671839807711,3.0,1398.0
own:3,32,1,148.8,359603991103.0422,100858403149.05598,437.472,100858403149.05598,3.0,133754871559.67998,124990716394.30623,592.0,580.16,4.0,592.0
own:3,33,0,576.0,699487763339.1433,390419625093.11993,1693.4399999999998,390419625093.11993,3.0,309068138246.0234,0.0,1367.9377484206798,1340.578993452266,3.0,1368.0
own:3,33,1,144.0,349743881669.57166,97604906273.27998,423.35999999999996,97604906273.27998,3.0,130139875031.03998,121999100365.25171,576.0,564.48,4.0,576.0
own:3,34,0,595.2,726418042227.7002,403433612596.22394,1749.888,403433612596.22394,3.0,322984429631.47626,0.0,1429.5313517348752,1400.9407247001777,3.0,1431.0
own:3,34,1,148.8,363209021113.8501,100858403149.05598,437.472,100858403149.05598,3.0,133754871559.67998,128595746405.11415,592.0,580.16,4.0,592.0
own:3,35,0,595.2,730050132438.8386,403433612596.22394,1749.888,403433612596.22394,3.0,326616519842.6147,0.0,1445.6070084935493,1416.6948683236783,3.0,1446.0
own:3,35,1,148.8,365025066219.4193,100858403149.05598,437.472,100858403149.05598,3.0,133754871559.67998,130411791510.68336,592.0,580.16,4.0,592.0
own:3,36,0,576.0,710032628807.451,390419625093.11993,1693.4399999999998,390419625093.11993,3.0,319613003714.3311,0.0,1414.6093969703388,1386.317209030932,3.0,1416.0
own:3,36,1,144.0,355016314403.7255,97604906273.27998,423.35999999999996,97604906273.27998,3.0,130139875031.03998,127271533099.40558,576.0,564.48,4.0,576.0
own:4,1,0,595.2,616178562048.0001,0.0,0.0,0.0,0.0,537730733635.1999,78447828412.80023,2380.0,2332.3999999999996,4.0,2380.0
own:4,1,1,148.8,308089281024.00006,0.0,0.0,0.0,0.0,133754871559.67998,174334409464.32007,592.0,580.16,4.0,592.0
own:4,2,0,576.0,599283343411.2001,0.0,0.0,0.0,0.0,520559500124.1599,78723843287.04016,2304.0,2257.92,4.0,2304.0
own:4,2,1,144.0,299641671705.60004,0.0,0.0,0.0,0.0,130139875031.03998,169501796674.56006,576.0,564.48,4.0,576.0
own:4,3,0,595.2,622355752132.5311,0.0,0.0,0.0,0.0,537730733635.1999,84625018497.33124,2380.0,2332.3999999999996,4.0,2380.0
own:4,3,1,148.8,311177876066.26556,0.0,0.0,0.0,0.0,133754871559.67998,177423004506.58557,592.0,580.16,4.0,592.0
own:4,4,0,595.2,625467530893.1937,0.0,0.0,0.0,0.0,537730733635.1999,87736797257.99384,2380.0,2332.3999999999996,4.0,2380.0
own:4,4,1,148.8,312733765446.59686,0.0,0.0,0.0,0.0,133754871559.67998,178978893886.91687,592.0,580.16,4.0,592.0
own:4,5,0,537.6,567763107075.3055,0.0,0.0,0.0,0.0,485313283969.9199,82449823105.38562,2148.0,2105.04,4.0,2148.0
own:4,5,1,134.4,283881553537.6528,0.0,0.0,0.0,0.0,121102383709.43997,162779169828.2128,536.0,525.28,4.0,536.0
own:4,6,0,595.2,631737842890.3978,0.0,0.0,0.0,0.0,537730733635.1999,94007109255.19794,2380.0,2332.3999999999996,4.0,2380.0
own:4,6,1,148.8,315868921445.1989,0.0,0.0,0.0,0.0,133754871559.67998,182114049885.51892,592.0,580.16,4.0,592.0
own:4,7,0,576.0,614415998811.145,520559500124.1599,2257.92,520559500124.1599,4.0,93856498686.9851,0.0,415.409521722755,407.1013312882999,1.0,416.0
own:4,7,1,144.0,307207999405.5725,130139875031.03998,564.48,130139875031.03998,4.0,130139875031.03998,46928249343.49255,576.0,564.48,4.0,576.0
own:4,8,0,595.2,638071014765.374,537911483461.63196,2333.184,537911483461.63196,4.0,100159531303.74207,0.0,443.3067883090805,434.4406525428989,1.0,444.0
own:4,8,1,148.8,319035507382.687,134477870865.40799,583.296,134477870865.40799,4.0,133754871559.67998,50802764957.599045,592.0,580.16,4.0,592.0
own:4,9,0,576.0,620575519199.2267,520559500124.1599,2257.92,520559500124.1599,4.0,100016019075.06677,0.0,442.67160217802535,433.8181701344648,1.0,443.0
own:4,9,1,144.0,310287759599.61334,130139875031.03998,564.48,130139875031.03998,4.0,130139875031.03998,50008009537.53339,576.0,564.48,4.0,576.0
own:4,10,0,595.2,644467676688.3967,537911483461.63196,2333.184,537911483461.63196,4.0,106556193226.76477,0.0,471.61845886187825,462.1860896846407,1.0,472.0
own:4,10,1,148.8,322233838344.19836,134477870865.40799,583.296,134477870865.40799,4.0,133754871559.67998,54001095919.1104,592.0,580.16,4.0,592.0
own:4,11,0,595.2,647690015071.8387,537911483461.63196,2333.184,537911483461.63196,4.0,109778531610.20679,0.0,485.88055115618783,476.162940133064,1.0,486.0
own:4,11,1,148.8,323845007535.9194,134477870865.40799,583.296,134477870865.40799,4.0,133754871559.67998,55612265110.831406,592.0,580.16,4.0,592.0
own:4,12,0,576.0,629930772723.0947,520559500124.1599,2257.92,520559500124.1599,4.0,109371272598.93481,0.0,484.07801991480846,474.39645951651227,1.0,485.0
own:4,12,1,144.0,314965386361.54736,130139875031.03998,564.48,130139875031.03998,4.0,130139875031.03998,54685636299.46741,576.0,564.48,4.0,576.0
own:4,13,0,595.2,654183107472.9337,537911483461.63196,2333.184,537911483461.63196,4.0,116271624011.30176,0.0,514.6190236815277,504.32664320789706,1.0,515.0
own:4,13,1,148.8,327091553736.46686,134477870865.40799,583.296,134477870865.40799,4.0,133754871559.67998,58858811311.37889,592.0,580.16,4.0,592.0
own:4,14,0,576.0,636245828719.6436,520559500124.1599,2257.92,520559500124.1599,4.0,115686328595.48364,0.0,512.0285020644535,501.78793202316444,1.0,513.0
own:4,14,1,144.0,318122914359.8218,130139875031.03998,564.48,130139875031.03998,4.0,130139875031.03998,57843164297.74182,576.0,564.48,4.0,576.0
own:4,15,0,595.2,660741293125.3497,537911483461.63196,2333.184,537911483461.63196,4.0,122829809663.71777,0.0,543.6455993939344,532.7726874060556,1.0,544.0
own:4,15,1,148.8,330370646562.67487,134477870865.40799,583.296,134477870865.40799,4.0,133754871559.67998,62137904137.5869,592.0,580.16,4.0,592.0
own:4,16,0,595.2,664044999590.9764,537911483461.63196,2333.184,537911483461.63196,4.0,126133516129.34448,0.0,558.2678273909038,547.1024708430857,1.0,559.0
own:4,16,1,148.8,332022499795.4882,134477870865.40799,583.296,134477870865.40799,4.0,133754871559.67998,63789757370.40025,592.0,580.16,4.0,592.0
own:4,17,0,556.8000000000001,624309403647.71,503207516786.688,2182.6560000000004,503207516786.688,4.0,121101886861.02197,0.0,535.9978009454159,525.2778449265074,1.0,536.0
own:4,17,1,139.20000000000002,312154701823.855,125801879196.672,545.6640000000001,125801879196.672,4.0,125621129370.23997,60731693256.94301,556.0,544.88,4.0,556.0
own:4,18,0,595.2,670702050711.8757,537911483461.63196,2333.184,537911483461.63196,4.0,132790567250.24377,0.0,587.7319823604965,575.9773427132866,1.0,588.0
own:4,18,1,148.8,335351025355.93787,134477870865.40799,583.296,134477870865.40799,4.0,133754871559.67998,67118282930.8499,592.0,580.16,4.0,592.0
own:4,19,0,576.0,652311833192.3566,520559500124.1599,2257.92,520559500124.1599,4.0,131752333068.19666,0.0,583.1367505860961,571.4740155743741,2.0,584.0
own:4,19,1,144.0,326155916596.1783,130139875031.03998,564.48,130139875031.03998,4.0,130139875031.03998,65876166534.09833,576.0,564.48,4.0,576.0
own:4,20,0,595.2,677425838770.2622,537911483461.63196,2333.184,537911483461.63196,4.0,139514355308.63025,0.0,617.4915154836601,605.141685173987,2.0,618.0
own:4,20,1,148.8,338712919385.1311,134477870865.40799,583.296,134477870865.40799,4.0,133754871559.67998,70480176960.04314,592.0,580.16,4.0,592.0
own:4,21,0,576.0,658851259320.1097,520559500124.1599,2257.92,520559500124.1599,4.0,138291759195.94983,0.0,612.0802965107208,599.8386905805064,2.0,614.0
own:4,21,1,144.0,329425629660.0549,130139875031.03998,564.48,130139875031.03998,4.0,130139875031.03998,69145879597.97491,576.0,564.48,4.0,576.0
own:4,22,0,595.2,684217032803.934,537911483461.63196,2333.184,537911483461.63196,4.0,146305549342.302,0.0,647.5493879263834,634.5984001678556,2.0,648.0
own:4,22,1,148.8,342108516401.967,134477870865.40799,583.296,134477870865.40799,4.0,133754871559.67998,73875773976.87901,592.0,580.16,4.0,592.0
own:4,23,0,595.2,687638117967.9535,537911483461.63196,2333.184,537911483461.63196,4.0,149726634506.32153,0.0,662.6911348660146,649.4373121686943,2.0,664.0
own:4,23,1,148.8,343819058983.97675,134477870865.40799,583.296,134477870865.40799,4.0,133754871559.67998,75586316558.88878,592.0,580.16,4.0,592.0
own:4,24,0,576.0,668783524410.7677,520559500124.1599,2257.92,520559500124.1599,4.0,148224024286.6078,0.0,656.0405714906565,642.9197600608434,2.0,658.0
own:4,24,1,144.0,334391762205.38385,130139875031.03998,564.48,130139875031.03998,4.0,130139875031.03998,74112012143.3039,576.0,564.48,4.0,576.0
own:4,25,0,595.2,694531690100.5822,537911483461.63196,2333.184,537911483461.63196,4.0,156620206638.9502,0.0,693.2021334930461,679.3380908231852,2.0,694.0
own:4,25,1,148.8,347265845050.2911,134477870865.40799,583.296,134477870865.40799,4.0,133754871559.67998,79033102625.20311,592.0,580.16,4.0,592.0
own:4,26,0,576.0,675488079242.9854,520559500124.1599,2257.92,520559500124.1599,4.0,154928579118.82544,0.0,685.7149782198491,672.000678655452,2.0,686.0
own:4,26,1,144.0,337744039621.4927,130139875031.03998,564.48,130139875031.03998,4.0,130139875031.03998,77464289559.41272,576.0,564.48,4.0,576.0
own:4,27,0,595.2,701494370293.8403,537911483461.63196,2333.184,537911483461.63196,4.0,163582886832.20837,0.0,724.0190048813132,709.5386247836869,2.0,726.0
own:4,27,1,148.8,350747185146.92017,134477870865.40799,583.296,134477870865.40799,4.0,133754871559.67998,82514442721.8322,592.0,580.16,4.0,592.0
own:4,28,0,595.2,705001842145.3094,537911483461.63196,2333.184,537911483461.63196,4.0,167090358683.6775,0.0,739.5430999057194,724.7522379076049,2.0,740.0
own:4,28,1,148.8,352500921072.6547,134477870865.40799,583.296,134477870865.40799,4.0,133754871559.67998,84268178647.56676,592.0,580.16,4.0,592.0
own:4,29,0,537.6,639959736708.6776,485855533449.21594,2107.392,485855533449.21594,4.0,154104203259.46167,0.0,682.0662848821593,668.4249591845161,2.0,684.0
own:4,29,1,134.4,319979868354.3388,121463883362.30399,526.848,121463883362.30399,4.0,121102383709.43997,77413601282.59485,536.0,525.28,4.0,536.0
own:4,30,0,595.2,712069485612.816,537911483461.63196,2333.184,537911483461.63196,4.0,174158002151.18408,0.0,770.8245394822736,755.4080486926281,2.0,772.0
own:4,30,1,148.8,356034742806.408,134477870865.40799,583.296,134477870865.40799,4.0,133754871559.67998,87802000381.32005,592.0,580.16,4.0,592.0
own:4,31,0,576.0,692544999716.9807,520559500124.1599,2257.92,520559500124.1599,4.0,171985499592.8208,0.0,761.2090279158242,745.9848473575076,2.0,762.0
own:4,31,1,144.0,346272499858.49036,130139875031.03998,564.48,130139875031.03998,4.0,130139875031.03998,85992749796.4104,576.0,564.48,4.0,576.0
own:4,32,0,595.2,719207982206.0844,537911483461.63196,2333.184,537911483461.63196,4.0,181296498744.4524,0.0,802.4195754905827,786.371183980771,2.0,804.0
own:4,32,1,148.8,359603991103.0422,134477870865.40799,583.296,134477870865.40799,4.0,133754871559.67998,91371248677.95421,592.0,580.16,4.0,592.0
own:4,33,0,576.0,699487763339.1433,520559500124.1599,2257.92,520559500124.1599,4.0,178928263214.9834,0.0,791.9377484206798,776.0989934522661,2.0,792.0
own:4,33,1,144.0,349743881669.57166,130139875031.03998,564.48,130139875031.03998,4.0,130139875031.03998,89464131607.4917,576.0,564.48,4.0,576.0
own:4,34,0,595.2,726418042227.7002,537911483461.63196,2333.184,537911483461.63196,4.0,188506558766.06824,0.0,834.331351734875,817.6447247001776,2.0,836.0
own:4,34,1,148.8,363209021113.8501,134477870865.40799,583.296,134477870865.40799,4.0,133754871559.67998,94976278688.76213,592.0,580.16,4.0,592.0
own:4,35,0,595.2,730050132438.8386,537911483461.63196,2333.184,537911483461.63196,4.0,192138648977.20667,0.0,850.4070084935491,833.3988683236781,2.0,852.0
own:4,35,1,148.8,365025066219.4193,134477870865.40799,583.296,134477870865.40799,4.0,133754871559.67998,96792323794.33134,592.0,580.16,4.0,592.0
own:4,36,0,576.0,710032628807.451,520559500124.1599,2257.92,520559500124.1599,4.0,189473128683.29114,0.0,838.6093969703388,821.8372090309321,2.0,840.0
own:4,36,1,144.0,355016314403.7255,130139875031.03998,564.48,130139875031.03998,4.0,130139875031.03998,94736564341.64557,576.0,564.48,4.0,576.0
own:5,1,0,595.2,616178562048.0001,0.0,0.0,0.0,0.0,537730733635.1999,78447828412.80023,2380.0,2332.3999999999996,4.0,2380.0
own:5,1,1,148.8,308089281024.00006,0.0,0.0,0.0,0.0,133754871559.67998,174334409464.32007,592.0,580.16,4.0,592.0
own:5,2,0,576.0,599283343411.2001,0.0,0.0,0.0,0.0,520559500124.1599,78723843287.04016,2304.0,2257.92,4.0,2304.0
own:5,2,1,144.0,299641671705.60004,0.0,0.0,0.0,0.0,130139875031.03998,169501796674.56006,576.0,564.48,4.0,576.0
own:5,3,0,595.2,622355752132.5311,0.0,0.0,0.0,0.0,537730733635.1999,84625018497.33124,2380.0,2332.3999999999996,4.0,2380.0
own:5,3,1,148.8,311177876066.26556,0.0,0.0,0.0,0.0,133754871559.67998,177423004506.58557,592.0,580.16,4.0,592.0
own:5,4,0,595.2,625467530893.1937,0.0,0.0,0.0,0.0,537730733635.1999,87736797257.99384,2380.0,2332.3999999999996,4.0,2380.0
own:5,4,1,148.8,312733765446.59686,0.0,0.0,0.0,0.0,133754871559.67998,178978893886.91687,592.0,580.16,4.0,592.0
own:5,5,0,537.6,567763107075.3055,0.0,0.0,0.0,0.0,485313283969.9199,82449823105.38562,2148.0,2105.04,4.0,2148.0
own:5,5,1,134.4,283881553537.6528,0.0,0.0,0.0,0.0,121102383709.43997,162779169828.2128,536.0,525.28,4.0,536.0
own:5,6,0,595.2,631737842890.3978,0.0,0.0,0.0,0.0,537730733635.1999,94007109255.19794,2380.0,2332.3999999999996,4.0,2380.0
own:5,6,1,148.8,315868921445.1989,0.0,0.0,0.0,0.0,133754871559.67998,182114049885.51892,592.0,580.16,4.0,592.0
own:5,7,0,576.0,614415998811.145,614415998811.145,2665.0213312882997,650699375155.2,5.0,0.0,0.0,0.0,0.0,0.0,0.0
own:5,7,1,144.0,307207999405.5725,162674843788.8,705.6,162674843788.8,5.0,130139875031.03998,14393280585.732544,576.0,564.48,4.0,576.0
own:5,8,0,595.2,638071014765.374,638071014765.374,2767.624652542899,672389354327.0399,5.0,0.0,0.0,0.0,0.0,0.0,0.0
own:5,8,1,148.8,319035507382.687,168097338581.75998,729.12,168097338581.75998,5.0,133754871559.67998,17183297241.247055,592.0,580.16,4.0,592.0
own:5,9,0,576.0,620575519199.2267,620575519199.2267,2691.738170134465,650699375155.2,5.0,0.0,0.0,0.0,0.0,0.0,0.0
own:5,9,1,144.0,310287759599.61334,162674843788.8,705.6,162674843788.8,5.0,130139875031.03998,17473040779.773376,576.0,564.48,4.0,576.0
own:5,10,0,595.2,644467676688.3967,644467676688.3967,2795.370089684641,672389354327.0399,5.0,0.0,0.0,0.0,0.0,0.0,0.0
own:5,10,1,148.8,322233838344.19836,168097338581.75998,729.12,168097338581.75998,5.0,133754871559.67998,20381628202.758408,592.0,580.16,4.0,592.0
own:5,11,0,595.2,647690015071.8387,647690015071.8387,2809.346940133064,672389354327.0399,5.0,0.0,0.0,0.0,0.0,0.0,0.0
own:5,11,1,148.8,323845007535.9194,168097338581.75998,729.12,168097338581.75998,5.0,133754871559.67998,21992797394.479416,592.0,580.16,4.0,592.0
own:5,12,0,576.0,629930772723.0947,629930772723.0947,2732.316459516512,650699375155.2,5.0,0.0,0.0,0.0,0.0,0.0,0.0
own:5,12,1,144.0,314965386361.54736,162674843788.8,705.6,162674843788.8,5.0,130139875031.03998,22150667541.707397,576.0,564.48,4.0,576.0
own:5,13,0,595.2,654183107472.9337,654183107472.9337,2837.5106432078974,672389354327.0399,5.0,0.0,0.0,0.0,0.0,0.0,0.0
own:5,13,1,148.8,327091553736.46686,168097338581.75998,729.12,168097338581.75998,5.0,133754871559.67998,25239343595.0269,592.0,580.16,4.0,592.0
own:5,14,0,576.0,636245828719.6436,636245828719.6436,2759.707932023164,650699375155.2,5.0,0.0,0.0,0.0,0.0,0.0,0.0
own:5,14,1,144.0,318122914359.8218,162674843788.8,705.6,162674843788.8,5.0,130139875031.03998,25308195539.98181,576.0,564.48,4.0,576.0
own:5,15,0,595.2,660741293125.3497,660741293125.3497,2865.9566874060556,672389354327.0399,5.0,0.0,0.0,0.0,0.0,0.0,0.0
own:5,15,1,148.8,330370646562.67487,168097338581.75998,729.12,168097338581.75998,5.0,133754871559.67998,28518436421.23491,592.0,580.16,4.0,592.0
own:5,16,0,595.2,664044999590.9764,664044999590.9764,2880.2864708430857,672389354327.0399,5.0,0.0,0.0,0.0,0.0,0.0,0.0
own:5,16,1,148.8,332022499795.4882,168097338581.75998,729.12,168097338581.75998,5.0,133754871559.67998,30170289654.048264,592.0,580.16,4.0,592.0
own:5,17,0,556.8000000000001,624309403647.71,624309403647.71,2707.933844926508,629009395983.36,5.0,0.0,0.0,0.0,0.0,0.0,0.0
own:5,17,1,139.20000000000002,312154701823.855,157252348995.84,682.08,157252348995.84,5.0,125621129370.23997,29281223457.77501,556.0,544.88,4.0,556.0
own:5,18,0,595.2,670702050711.8757,670702050711.8757,2909.1613427132866,672389354327.0399,5.0,0.0,0.0,0.0,0.0,0.0,0.0
own:5,18,1,148.8,335351025355.93787,168097338581.75998,729.12,168097338581.75998,5.0,133754871559.67998,33498815214.49791,592.0,580.16,4.0,592.0
own:5,19,0,576.0,652311833192.3566,650699375155.2,2822.4,650699375155.2,5.0,1612458037.1566162,0.0,7.136750586095817,6.9940155743739005,1.0,8.0
own:5,19,1,144.0,326155916596.1783,162674843788.8,705.6,162674843788.8,5.0,130139875031.03998,33341197776.338318,576.0,564.48,4.0,576.0
own:5,20,0,595.2,677425838770.2622,672389354327.0399,2916.48,672389354327.0399,5.0,5036484443.22229,0.0,22.291515483660262,21.845685173987054,1.0,23.0
own:5,20,1,148.8,338712919385.1311,168097338581.75998,729.12,168097338581.75998,5.0,133754871559.67998,36860709243.69115,592.0,580.16,4.0,592.0
own:5,21,0,576.0,658851259320.1097,650699375155.2,2822.4,650699375155.2,5.0,8151884164.90979,0.0,36.080296510720544,35.35869058050613,1.0,37.0
own:5,21,1,144.0,329425629660.0549,162674843788.8,705.6,162674843788.8,5.0,130139875031.03998,36610910840.214905,576.0,564.48,4.0,576.0
own:5,22,0,595.2,684217032803.934,672389354327.0399,2916.48,672389354327.0399,5.0,11827678476.894043,0.0,52.3493879263834,51.30240016785573,1.0,53.0
own:5,22,1,148.8,342108516401.967,168097338581.75998,729.12,168097338581.75998,5.0,133754871559.67998,40256306260.52702,592.0,580.16,4.0,592.0
own:5,23,0,595.2,687638117967.9535,672389354327.0399,2916.48,672389354327.0399,5.0,15248763640.913574,0.0,67.4911348660147,66.14131216869441,1.0,68.0
own:5,23,1,148.8,343819058983.97675,168097338581.75998,729.12,168097338581.75998,5.0,133754871559.67998,41966848842.53679,592.0,580.16,4.0,592.0
own:5,24,0,576.0,668783524410.7677,650699375155.2,2822.4,650699375155.2,5.0,18084149255.56775,0.0,80.04057149065623,78.4397600608431,1.0,81.0
own:5,24,1,144.0,334391762205.38385,162674843788.8,705.6,162674843788.8,5.0,130139875031.03998,41577043385.543884,576.0,564.48,4.0,576.0
own:5,25,0,595.2,694531690100.5822,672389354327.0399,2916.48,672389354327.0399,5.0,22142335773.542236,0.0,98.00213349304619,96.04209082318526,1.0,99.0
own:5,25,1,148.8,347265845050.2911,168097338581.75998,729.12,168097338581.75998,5.0,133754871559.67998,45413634908.85112,592.0,580.16,4.0,592.0
own:5,26,0,576.0,675488079242.9854,650699375155.2,2822.4,650699375155.2,5.0,24788704087.7854,0.0,109.71497821984876,107.52067865545177,1.0,110.0
own:5,26,1,144.0,337744039621.4927,162674843788.8,705.6,162674843788.8,5.0,130139875031.03998,44929320801.65271,576.0,564.48,4.0,576.0
own:5,27,0,595.2,701494370293.8403,672389354327.0399,2916.48,672389354327.0399,5.0,29105015966.800415,0.0,128.81900488131328,126.242624783687,1.0,129.0
own:5,27,1,148.8,350747185146.92017,168097338581.75998,729.12,168097338581.75998,5.0,133754871559.67998,48894975005.48021,592.0,580.16,4.0,592.0
own:5,28,0,595.2,705001842145.3094,672389354327.0399,2916.48,672389354327.0399,5.0,32612487818.26953,0.0,144.34309990571947,141.45623790760507,1.0,145.0
own:5,28,1,148.8,352500921072.6547,168097338581.75998,729.12,168097338581.75998,5.0,133754871559.67998,50648710931.21477,592.0,580.16,4.0,592.0
own:5,29,0,537.6,639959736708.6776,607319416811.5199,2634.24,607319416811.5199,5.0,32640319897.157715,0.0,144.46628488215939,141.5769591845162,1.0,145.0
own:5,29,1,134.4,319979868354.3388,151829854202.87997,658.56,151829854202.87997,5.0,121102383709.43997,47047630442.01886,536.0,525.28,4.0,536.0
own:5,30,0,595.2,712069485612.816,672389354327.0399,2916.48,672389354327.0399,5.0,39680131285.77612,0.0,175.62453948227372,172.11204869262824,1.0,176.0
own:5,30,1,148.8,356034742806.408,168097338581.75998,729.12,168097338581.75998,5.0,133754871559.67998,54182532664.96806,592.0,580.16,4.0,592.0
own:5,31,0,576.0,692544999716.9807,650699375155.2,2822.4,650699375155.2,5.0,41845624561.78076,0.0,185.20902791582392,181.50484735750743,1.0,186.0
own:5,31,1,144.0,346272499858.49036,162674843788.8,705.6,162674843788.8,5.0,130139875031.03998,53457781038.65039,576.0,564.48,4.0,576.0
own:5,32,0,595.2,719207982206.0844,672389354327.0399,2916.48,672389354327.0399,5.0,46818627879.04443,0.0,207.21957549058274,203.07518398077107,1.0,208.0
own:5,32,1,148.8,359603991103.0422,168097338581.75998,729.12,168097338581.75998,5.0,133754871559.67998,57751780961.60222,592.0,580.16,4.0,592.0
own:5,33,0,576.0,699487763339.1433,650699375155.2,2822.4,650699375155.2,5.0,48788388183.94336,0.0,215.93774842067947,211.61899345226587,1.0,216.0
own:5,33,1,144.0,349743881669.57166,162674843788.8,705.6,162674843788.8,5.0,130139875031.03998,56929162849.73169,576.0,564.48,4.0,576.0
own:5,34,0,595.2,726418042227.7002,672389354327.0399,2916.48,672389354327.0399,5.0,54028687900.66028,0.0,239.13135173487518,234.34872470017766,1.0,240.0
own:5,34,1,148.8,363209021113.8501,168097338581.75998,729.12,168097338581.75998,5.0,133754871559.67998,61356810972.41014,592.0,580.16,4.0,592.0
own:5,35,0,595.2,730050132438.8386,672389354327.0399,2916.48,672389354327.0399,5.0,57660778111.798706,0.0,255.20700849354924,250.10286832367822,1.0,256.0
own:5,35,1,148.8,365025066219.4193,168097338581.75998,729.12,168097338581.75998,5.0,133754871559.67998,63172856077.979355,592.0,580.16,4.0,592.0
own:5,36,0,576.0,710032628807.451,650699375155.2,2822.4,650699375155.2,5.0,59333253652.2511,0.0,262.6093969703386,257.3572090309318,1.0,263.0
own:5,36,1,144.0,355016314403.7255,162674843788.8,705.6,162674843788.8,5.0,130139875031.03998,62201595583.88556,576.0,564.48,4.0,576.0
own:6,1,0,595.2,616178562048.0001,0.0,0.0,0.0,0.0,537730733635.1999,78447828412.80023,2380.0,2332.3999999999996,4.0,2380.0
own:6,1,1,148.8,308089281024.00006,0.0,0.0,0.0,0.0,133754871559.67998,174334409464.32007,592.0,580.16,4.0,592.0
own:6,2,0,576.0,599283343411.2001,0.0,0.0,0.0,0.0,520559500124.1599,78723843287.04016,2304.0,2257.92,4.0,2304.0
own:6,2,1,144.0,299641671705.60004,0.0,0.0,0.0,0.0,130139875031.03998,169501796674.56006,576.0,564.48,4.0,576.0
own:6,3,0,595.2,622355752132.5311,0.0,0.0,0.0,0.0,537730733635.1999,84625018497.33124,2380.0,2332.3999999999996,4.0,2380.0
own:6,3,1,148.8,311177876066.26556,0.0,0.0,0.0,0.0,133754871559.67998,177423004506.58557,592.0,580.16,4.0,592.0
own:6,4,0,595.2,625467530893.1937,0.0,0.0,0.0,0.0,537730733635.1999,87736797257.99384,2380.0,2332.3999999999996,4.0,2380.0
own:6,4,1,148.8,312733765446.59686,0.0,0.0,0.0,0.0,133754871559.67998,178978893886.91687,592.0,580.16,4.0,592.0
own:6,5,0,537.6,567763107075.3055,0.0,0.0,0.0,0.0,485313283969.9199,82449823105.38562,2148.0,2105.04,4.0,2148.0
own:6,5,1,134.4,283881553537.6528,0.0,0.0,0.0,0.0,121102383709.43997,162779169828.2128,536.0,525.28,4.0,536.0
own:6,6,0,595.2,631737842890.3978,0.0,0.0,0.0,0.0,537730733635.1999,94007109255.19794,2380.0,2332.3999999999996,4.0,2380.0
own:6,6,1,148.8,315868921445.1989,0.0,0.0,0.0,0.0,133754871559.67998,182114049885.51892,592.0,580.16,4.0,592.0
own:6,7,0,576.0,614415998811.145,614415998811.145,2665.0213312882997,780839250186.2399,6.0,0.0,0.0,0.0,0.0,0.0,0.0
own:6,7,1,144.0,307207999405.5725,195209812546.55997,846.7199999999999,195209812546.55997,6.0,111998186859.01254,0.0,495.7047608613775,485.79066564414995,4.0,496.0
own:6,8,0,595.2,638071014765.374,638071014765.374,2767.624652542899,806867225192.4479,6.0,0.0,0.0,0.0,0.0,0.0,0.0
own:6,8,1,148.8,319035507382.687,201716806298.11197,874.944,201716806298.11197,6.0,117318701084.57504,0.0,519.2533941545404,508.8683262714495,4.0,520.0
own:6,9,0,576.0,620575519199.2267,620575519199.2267,2691.738170134465,780839250186.2399,6.0,0.0,0.0,0.0,0.0,0.0,0.0
own:6,9,1,144.0,310287759599.61334,195209812546.55997,846.7199999999999,195209812546.55997,6.0,115077947053.05338,0.0,509.33580108901265,499.1490850672324,4.0,512.0
own:6,10,0,595.2,644467676688.3967,644467676688.3967,2795.370089684641,806867225192.4479,6.0,0.0,0.0,0.0,0.0,0.0,0.0
own:6,10,1,148.8,322233838344.19836,201716806298.11197,874.944,201716806298.11197,6.0,120517032046.0864,0.0,533.4092294309393,522.7410448423204,4.0,536.0
own:6,11,0,595.2,647690015071.8387,647690015071.8387,2809.346940133064,806867225192.4479,6.0,0.0,0.0,0.0,0.0,0.0,0.0
own:6,11,1,148.8,323845007535.9194,201716806298.11197,874.944,201716806298.11197,6.0,122128201237.8074,0.0,540.540275578094,529.7294700665321,4.0,544.0
own:6,12,0,576.0,629930772723.0947,629930772723.0947,2732.316459516512,780839250186.2399,6.0,0.0,0.0,0.0,0.0,0.0,0.0
own:6,12,1,144.0,314965386361.54736,195209812546.55997,846.7199999999999,195209812546.55997,6.0,119755573814.9874,0.0,530.0390099574042,519.4382297582562,4.0,532.0
own:6,13,0,595.2,654183107472.9337,654183107472.9337,2837.5106432078974,806867225192.4479,6.0,0.0,0.0,0.0,0.0,0.0,0.0
own:6,13,1,148.8,327091553736.46686,201716806298.11197,874.944,201716806298.11197,6.0,125374747438.35489,0.0,554.9095118407639,543.8113216039486,4.0,556.0
own:6,14,0,576.0,636245828719.6436,636245828719.6436,2759.707932023164,780839250186.2399,6.0,0.0,0.0,0.0,0.0,0.0,0.0
own:6,14,1,144.0,318122914359.8218,195209812546.55997,846.7199999999999,195209812546.55997,6.0,122913101813.26181,0.0,544.0142510322268,533.1339660115822,4.0,548.0
own:6,15,0,595.2,660741293125.3497,660741293125.3497,2865.9566874060556,806867225192.4479,6.0,0.0,0.0,0.0,0.0,0.0,0.0
own:6,15,1,148.8,330370646562.67487,201716806298.11197,874.944,201716806298.11197,6.0,128653840264.5629,0.0,569.4227996969672,558.0343437030278,4.0,572.0
own:6,16,0,595.2,664044999590.9764,664044999590.9764,2880.2864708430857,806867225192.4479,6.0,0.0,0.0,0.0,0.0,0.0,0.0
own:6,16,1,148.8,332022499795.4882,201716806298.11197,874.944,201716806298.11197,6.0,130305693497.37625,0.0,576.733913695452,565.199235421543,4.0,580.0
own:6,17,0,556.8000000000001,624309403647.71,624309403647.71,2707.933844926508,754811275180.032,6.0,0.0,0.0,0.0,0.0,0.0,0.0
own:6,17,1,139.20000000000002,312154701823.855,188702818795.008,818.4960000000001,188702818795.008,6.0,123451883028.84698,0.0,546.398900472708,535.4709224632537,4.0,548.0
own:6,18,0,595.2,670702050711.8757,670702050711.8757,2909.1613427132866,806867225192.4479,6.0,0.0,0.0,0.0,0.0,0.0,0.0
own:6,18,1,148.8,335351025355.93787,201716806298.11197,874.944,201716806298.11197,6.0,133634219057.8259,0.0,591.4659911802484,579.6366713566434,4.0,592.0
own:6,19,0,576.0,652311833192.3566,652311833192.3566,2829.394015574374,780839250186.2399,6.0,0.0,0.0,0.0,0.0,0.0,0.0
own:6,19,1,144.0,326155916596.1783,195209812546.55997,846.7199999999999,195209812546.55997,6.0,130139875031.03998,806229018.5783386,576.0,564.48,4.0,576.0
own:6,20,0,595.2,677425838770.2622,677425838770.2622,2938.325685173987,806867225192.4479,6.0,0.0,0.0,0.0,0.0,0.0,0.0
own:6,20,1,148.8,338712919385.1311,201716806298.11197,874.944,201716806298.11197,6.0,133754871559.67998,3241241527.339157,592.0,580.16,4.0,592.0
own:6,21,0,576.0,658851259320.1097,658851259320.1097,2857.7586905805065,780839250186.2399,6.0,0.0,0.0,0.0,0.0,0.0,0.0
own:6,21,1,144.0,329425629660.0549,195209812546.55997,846.7199999999999,195209812546.55997,6.0,130139875031.03998,4075942082.4549255,576.0,564.48,4.0,576.0
own:6,22,0,595.2,684217032803.934,684217032803.934,2967.782400167856,806867225192.4479,6.0,0.0,0.0,0.0,0.0,0.0,0.0
own:6,22,1,148.8,342108516401.967,201716806298.11197,874.944,201716806298.11197,6.0,133754871559.67998,6636838544.175034,592.0,580.16,4.0,592.0
own:6,23,0,595.2,687638117967.9535,687638117967.9535,2982.621312168694,806867225192.4479,6.0,0.0,0.0,0.0,0.0,0.0,0.0
own:6,23,1,148.8,343819058983.97675,201716806298.11197,874.944,201716806298.11197,6.0,133754871559.67998,8347381126.184799,592.0,580.16,4.0,592.0
own:6,24,0,576.0,668783524410.7677,668783524410.7677,2900.839760060843,780839250186.2399,6.0,0.0,0.0,0.0,0.0,0.0,0.0
own:6,24,1,144.0,334391762205.38385,195209812546.55997,846.7199999999999,195209812546.55997,6.0,130139875031.03998,9042074627.783905,576.0,564.48,4.0,576.0
own:6,25,0,595.2,694531690100.5822,694531690100.5822,3012.5220908231854,806867225192.4479,6.0,0.0,0.0,0.0,0.0,0.0,0.0
own:6,25,1,148.8,347265845050.2911,201716806298.11197,874.944,201716806298.11197,6.0,133754871559.67998,11794167192.49913,592.0,580.16,4.0,592.0
own:6,26,0,576.0,675488079242.9854,675488079242.9854,2929.920678655452,780839250186.2399,6.0,0.0,0.0,0.0,0.0,0.0,0.0
own:6,26,1,144.0,337744039621.4927,195209812546.55997,846.7199999999999,195209812546.55997,6.0,130139875031.03998,12394352043.89273,576.0,564.48,4.0,576.0
own:6,27,0,595.2,701494370293.8403,701494370293.8403,3042.722624783687,806867225192.4479,6.0,0.0,0.0,0.0,0.0,0.0,0.0
own:6,27,1,148.8,350747185146.92017,201716806298.11197,874.944,201716806298.11197,6.0,133754871559.67998,15275507289.12822,592.0,580.16,4.0,592.0
own:6,28,0,595.2,705001842145.3094,705001842145.3094,3057.936237907605,806867225192.4479,6.0,0.0,0.0,0.0,0.0,0.0,0.0
own:6,28,1,148.8,352500921072.6547,201716806298.11197,874.944,201716806298.11197,6.0,133754871559.67998,17029243214.862778,592.0,580.16,4.0,592.0
own:6,29,0,537.6,639959736708.6776,639959736708.6776,2775.8169591845162,728783300173.8239,6.0,0.0,0.0,0.0,0.0,0.0,0.0
own:6,29,1,134.4,319979868354.3388,182195825043.45596,790.2719999999999,182195825043.45596,6.0,121102383709.43997,16681659601.442871,536.0,525.28,4.0,536.0
own:6,30,0,595.2,712069485612.816,712069485612.816,3088.5920486926284,806867225192.4479,6.0,0.0,0.0,0.0,0.0,0.0,0.0
own:6,30,1,148.8,356034742806.408,201716806298.11197,874.944,201716806298.11197,6.0,133754871559.67998,20563064948.616074,592.0,580.16,4.0,592.0
own:6,31,0,576.0,692544999716.9807,692544999716.9807,3003.9048473575076,780839250186.2399,6.0,0.0,0.0,0.0,0.0,0.0,0.0
own:6,31,1,144.0,346272499858.49036,195209812546.55997,846.7199999999999,195209812546.55997,6.0,130139875031.03998,20922812280.89041,576.0,564.48,4.0,576.0
own:6,32,0,595.2,719207982206.0844,719207982206.0844,3119.5551839807713,806867225192.4479,6.0,0.0,0.0,0.0,0.0,0.0,0.0
own:6,32,1,148.8,359603991103.0422,201716806298.11197,874.944,201716806298.11197,6.0,133754871559.67998,24132313245.25023,592.0,580.16,4.0,592.0
own:6,33,0,576.0,699487763339.1433,699487763339.1433,3034.018993452266,780839250186.2399,6.0,0.0,0.0,0.0,0.0,0.0,0.0
own:6,33,1,144.0,349743881669.57166,195209812546.55997,846.7199999999999,195209812546.55997,6.0,130139875031.03998,24394194091.97171,576.0,564.48,4.0,576.0
own:6,34,0,595.2,726418042227.7002,726418042227.7002,3150.8287247001776,806867225192.4479,6.0,0.0,0.0,0.0,0.0,0.0,0.0
own:6,34,1,148.8,363209021113.8501,201716806298.11197,874.944,201716806298.11197,6.0,133754871559.67998,27737343256.05815,592.0,580.16,4.0,592.0
own:6,35,0,595.2,730050132438.8386,730050132438.8386,3166.582868323678,806867225192.4479,6.0,0.0,0.0,0.0,0.0,0.0,0.0
own:6,35,1,148.8,365025066219.4193,201716806298.11197,874.944,201716806298.11197,6.0,133754871559.67998,29553388361.627365,592.0,580.16,4.0,592.0
own:6,36,0,576.0,710032628807.451,710032628807.451,3079.757209030932,780839250186.2399,6.0,0.0,0.0,0.0,0.0,0.0,0.0
own:6,36,1,144.0,355016314403.7255,195209812546.55997,846.7199999999999,195209812546.55997,6.0,130139875031.03998,29666626826.12558,576.0,564.48,4.0,576.0
own:7,1,0,595.2,616178562048.0001,0.0,0.0,0.0,0.0,537730733635.1999,78447828412.80023,2380.0,2332.3999999999996,4.0,2380.0
own:7,1,1,148.8,308089281024.00006,0.0,0.0,0.0,0.0,133754871559.67998,174334409464.32007,592.0,580.16,4.0,592.0
own:7,2,0,576.0,599283343411.2001,0.0,0.0,0.0,0.0,520559500124.1599,78723843287.04016,2304.0,2257.92,4.0,2304.0
own:7,2,1,144.0,299641671705.60004,0.0,0.0,0.0,0.0,130139875031.03998,169501796674.56006,576.0,564.48,4.0,576.0
own:7,3,0,595.2,622355752132.5311,0.0,0.0,0.0,0.0,537730733635.1999,84625018497.33124,2380.0,2332.3999999999996,4.0,2380.0
own:7,3,1,148.8,311177876066.26556,0.0,0.0,0.0,0.0,133754871559.67998,177423004506.58557,592.0,580.16,4.0,592.0
own:7,4,0,595.2,625467530893.1937,0.0,0.0,0.0,0.0,537730733635.1999,87736797257.99384,2380.0,2332.3999999999996,4.0,2380.0
own:7,4,1,148.8,312733765446.59686,0.0,0.0,0.0,0.0,133754871559.67998,178978893886.91687,592.0,580.16,4.0,592.0
own:7,5,0,537.6,567763107075.3055,0.0,0.0,0.0,0.0,485313283969.9199,82449823105.38562,2148.0,2105.04,4.0,2148.0
own:7,5,1,134.4,283881553537.6528,0.0,0.0,0.0,0.0,121102383709.43997,162779169828.2128,536.0,525.28,4.0,536.0
own:7,6,0,595.2,631737842890.3978,0.0,0.0,0.0,0.0,537730733635.1999,94007109255.19794,2380.0,2332.3999999999996,4.0,2380.0
own:7,6,1,148.8,315868921445.1989,0.0,0.0,0.0,0.0,133754871559.67998,182114049885.51892,592.0,580.16,4.0,592.0
own:7,7,0,576.0,614415998811.145,614415998811.145,2665.0213312882997,910979125217.2798,7.0,0.0,0.0,0.0,0.0,0.0,0.0
own:7,7,1,144.0,307207999405.5725,227744781304.31995,987.8399999999999,227744781304.31995,7.0,79463218101.25256,0.0,351.70476086137757,344.67066564415,3.0,354.0
own:7,8,0,595.2,638071014765.374,638071014765.374,2767.624652542899,941345096057.856,7.0,0.0,0.0,0.0,0.0,0.0,0.0
own:7,8,1,148.8,319035507382.687,235336274014.464,1020.768,235336274014.464,7.0,83699233368.22302,0.0,370.4533941545402,363.0443262714494,3.0,372.0
own:7,9,0,576.0,620575519199.2267,620575519199.2267,2691.738170134465,910979125217.2798,7.0,0.0,0.0,0.0,0.0,0.0,0.0
own:7,9,1,144.0,310287759599.61334,227744781304.31995,987.8399999999999,227744781304.31995,7.0,82542978295.2934,0.0,365.3358010890127,358.0290850672325,3.0,366.0
own:7,10,0,595.2,644467676688.3967,644467676688.3967,2795.370089684641,941345096057.856,7.0,0.0,0.0,0.0,0.0,0.0,0.0
own:7,10,1,148.8,322233838344.19836,235336274014.464,1020.768,235336274014.464,7.0,86897564329.73438,0.0,384.60922943093914,376.9170448423203,3.0,387.0
own:7,11,0,595.2,647690015071.8387,647690015071.8387,2809.346940133064,941345096057.856,7.0,0.0,0.0,0.0,0.0,0.0,0.0
own:7,11,1,148.8,323845007535.9194,235336274014.464,1020.768,235336274014.464,7.0,88508733521.45538,0.0,391.7402755780939,383.905470066532,3.0,393.0
own:7,12,0,576.0,629930772723.0947,629930772723.0947,2732.316459516512,910979125217.2798,7.0,0.0,0.0,0.0,0.0,0.0,0.0
own:7,12,1,144.0,314965386361.54736,227744781304.31995,987.8399999999999,227744781304.31995,7.0,87220605057.22742,0.0,386.0390099574043,378.31822975825617,3.0,387.0
own:7,13,0,595.2,654183107472.9337,654183107472.9337,2837.5106432078974,941345096057.856,7.0,0.0,0.0,0.0,0.0,0.0,0.0
own:7,13,1,148.8,327091553736.46686,235336274014.464,1020.768,235336274014.464,7.0,91755279722.00287,0.0,406.1095118407638,397.98732160394854,3.0,408.0
own:7,14,0,576.0,636245828719.6436,636245828719.6436,2759.707932023164,910979125217.2798,7.0,0.0,0.0,0.0,0.0,0.0,0.0
own:7,14,1,144.0,318122914359.8218,227744781304.31995,987.8399999999999,227744781304.31995,7.0,90378133055.50183,0.0,400.0142510322268,392.0139660115823,3.0,402.0
own:7,15,0,595.2,660741293125.3497,660741293125.3497,2865.9566874060556,941345096057.856,7.0,0.0,0.0,0.0,0.0,0.0,0.0
own:7,15,1,148.8,330370646562.67487,235336274014.464,1020.768,235336274014.464,7.0,95034372548.21088,0.0,420.62279969696715,412.2103437030278,3.0,423.0
own:7,16,0,595.2,664044999590.9764,664044999590.9764,2880.2864708430857,941345096057.856,7.0,0.0,0.0,0.0,0.0,0.0,0.0
own:7,16,1,148.8,332022499795.4882,235336274014.464,1020.768,235336274014.464,7.0,96686225781.02423,0.0,427.9339136954519,419.37523542154287,3.0,429.0
own:7,17,0,556.8000000000001,624309403647.71,624309403647.71,2707.933844926508,880613154376.704,7.0,0.0,0.0,0.0,0.0,0.0,0.0
own:7,17,1,139.20000000000002,312154701823.855,220153288594.176,954.9120000000001,220153288594.176,7.0,92001413229.67899,0.0,407.1989004727079,399.0549224632538,3.0,408.0
own:7,18,0,595.2,670702050711.8757,670702050711.8757,2909.1613427132866,941345096057.856,7.0,0.0,0.0,0.0,0.0,0.0,0.0
own:7,18,1,148.8,335351025355.93787,235336274014.464,1020.768,235336274014.464,7.0,100014751341.47388,0.0,442.6659911802483,433.81267135664325,3.0,444.0
own:7,19,0,576.0,652311833192.3566,652311833192.3566,2829.394015574374,910979125217.2798,7.0,0.0,0.0,0.0,0.0,0.0,0.0
own:7,19,1,144.0,326155916596.1783,227744781304.31995,987.8399999999999,227744781304.31995,7.0,98411135291.85834,0.0,435.5683752930481,426.8570077871871,4.0,436.0
own:7,20,0,595.2,677425838770.2622,677425838770.2622,2938.325685173987,941345096057.856,7.0,0.0,0.0,0.0,0.0,0.0,0.0
own:7,20,1,148.8,338712919385.1311,235336274014.464,1020.768,235336274014.464,7.0,103376645370.66711,0.0,457.5457577418301,448.39484258699343,4.0,460.0
own:7,21,0,576.0,658851259320.1097,658851259320.1097,2857.7586905805065,910979125217.2798,7.0,0.0,0.0,0.0,0.0,0.0,0.0
own:7,21,1,144.0,329425629660.0549,227744781304.31995,987.8399999999999,227744781304.31995,7.0,101680848355.73492,0.0,450.04014825536046,441.03934529025327,4.0,452.0
own:7,22,0,595.2,684217032803.934,684217032803.934,2967.782400167856,941345096057.856,7.0,0.0,0.0,0.0,0.0,0.0,0.0
own:7,22,1,148.8,342108516401.967,235336274014.464,1020.768,235336274014.464,7.0,106772242387.50299,0.0,472.57469396319163,463.12320008392777,4.0,476.0
own:7,23,0,595.2,687638117967.9535,687638117967.9535,2982.621312168694,941345096057.856,7.0,0.0,0.0,0.0,0.0,0.0,0.0
own:7,23,1,148.8,343819058983.97675,235336274014.464,1020.768,235336274014.464,7.0,108482784969.51276,0.0,480.1455674330073,470.54265608434713,4.0,484.0
own:7,24,0,576.0,668783524410.7677,668783524410.7677,2900.839760060843,910979125217.2798,7.0,0.0,0.0,0.0,0.0,0.0,0.0
own:7,24,1,144.0,334391762205.38385,227744781304.31995,987.8399999999999,227744781304.31995,7.0,106646980901.0639,0.0,472.0202857453283,462.57988003042175,4.0,476.0
own:7,25,0,595.2,694531690100.5822,694531690100.5822,3012.5220908231854,941345096057.856,7.0,0.0,0.0,0.0,0.0,0.0,0.0
own:7,25,1,148.8,347265845050.2911,235336274014.464,1020.768,235336274014.464,7.0,111929571035.82709,0.0,495.40106674652304,485.49304541159256,4.0,496.0
own:7,26,0,576.0,675488079242.9854,675488079242.9854,2929.920678655452,910979125217.2798,7.0,0.0,0.0,0.0,0.0,0.0,0.0
own:7,26,1,144.0,337744039621.4927,227744781304.31995,987.8399999999999,227744781304.31995,7.0,109999258317.17273,0.0,486.8574891099246,477.1203393277261,4.0,488.0
own:7,27,0,595.2,701494370293.8403,701494370293.8403,3042.722624783687,941345096057.856,7.0,0.0,0.0,0.0,0.0,0.0,0.0
own:7,27,1,148.8,350747185146.92017,235336274014.464,1020.768,235336274014.464,7.0,115410911132.45618,0.0,510.80950244065656,500.5933123918434,4.0,512.0
own:7,28,0,595.2,705001842145.3094,705001842145.3094,3057.936237907605,941345096057.856,7.0,0.0,0.0,0.0,0.0,0.0,0.0
own:7,28,1,148.8,352500921072.6547,235336274014.464,1020.768,235336274014.464,7.0,117164647058.19073,0.0,518.5715499528596,508.2001189538025,4.0,520.0
own:7,29,0,537.6,639959736708.6776,639959736708.6776,2775.8169591845162,850247183536.1279,7.0,0.0,0.0,0.0,0.0,0.0,0.0
own:7,29,1,134.4,319979868354.3388,212561795884.03198,921.984,212561795884.03198,7.0,107418072470.30682,0.0,475.4331424410796,465.924479592258,4.0,476.0
own:7,30,0,595.2,712069485612.816,712069485612.816,3088.5920486926284,941345096057.856,7.0,0.0,0.0,0.0,0.0,0.0,0.0
own:7,30,1,148.8,356034742806.408,235336274014.464,1020.768,235336274014.464,7.0,120698468791.94403,0.0,534.2122697411368,523.528024346314,4.0,536.0
own:7,31,0,576.0,692544999716.9807,692544999716.9807,3003.9048473575076,910979125217.2798,7.0,0.0,0.0,0.0,0.0,0.0,0.0
own:7,31,1,144.0,346272499858.49036,227744781304.31995,987.8399999999999,227744781304.31995,7.0,118527718554.17041,0.0,524.6045139579121,514.1124236787539,4.0,528.0
own:7,32,0,595.2,719207982206.0844,719207982206.0844,3119.5551839807713,941345096057.856,7.0,0.0,0.0,0.0,0.0,0.0,0.0
own:7,32,1,148.8,359603991103.0422,235336274014.464,1020.768,235336274014.464,7.0,124267717088.57819,0.0,550.0097877452913,539.0095919903855,4.0,552.0
own:7,33,0,576.0,699487763339.1433,699487763339.1433,3034.018993452266,910979125217.2798,7.0,0.0,0.0,0.0,0.0,0.0,0.0
own:7,33,1,144.0,349743881669.57166,227744781304.31995,987.8399999999999,227744781304.31995,7.0,121999100365.25171,0.0,539.9688742103399,529.1694967261332,4.0,540.0
own:7,34,0,595.2,726418042227.7002,726418042227.7002,3150.8287247001776,941345096057.856,7.0,0.0,0.0,0.0,0.0,0.0,0.0
own:7,34,1,148.8,363209021113.8501,235336274014.464,1020.768,235336274014.464,7.0,127872747099.38611,0.0,565.9656758674375,554.6463623500888,4.0,568.0
own:7,35,0,595.2,730050132438.8386,730050132438.8386,3166.582868323678,941345096057.856,7.0,0.0,0.0,0.0,0.0,0.0,0.0
own:7,35,1,148.8,365025066219.4193,235336274014.464,1020.768,235336274014.464,7.0,129688792204.95532,0.0,574.0035042467746,562.5234341618391,4.0,576.0
own:7,36,0,576.0,710032628807.451,710032628807.451,3079.757209030932,910979125217.2798,7.0,0.0,0.0,0.0,0.0,0.0,0.0
own:7,36,1,144.0,355016314403.7255,227744781304.31995,987.8399999999999,227744781304.31995,7.0,127271533099.40558,0.0,563.3046984851695,552.0386045154661,4.0,564.0
own:8,1,0,595.2,616178562048.0001,0.0,0.0,0.0,0.0,537730733635.1999,78447828412.80023,2380.0,2332.3999999999996,4.0,2380.0
own:8,1,1,148.8,308089281024.00006,0.0,0.0,0.0,0.0,133754871559.67998,174334409464.32007,592.0,580.16,4.0,592.0
own:8,2,0,576.0,599283343411.2001,0.0,0.0,0.0,0.0,520559500124.1599,78723843287.04016,2304.0,2257.92,4.0,2304.0
own:8,2,1,144.0,299641671705.60004,0.0,0.0,0.0,0.0,130139875031.03998,169501796674.56006,576.0,564.48,4.0,576.0
own:8,3,0,595.2,622355752132.5311,0.0,0.0,0.0,0.0,537730733635.1999,84625018497.33124,2380.0,2332.3999999999996,4.0,2380.0
own:8,3,1,148.8,311177876066.26556,0.0,0.0,0.0,0.0,133754871559.67998,177423004506.58557,592.0,580.16,4.0,592.0
own:8,4,0,595.2,625467530893.1937,0.0,0.0,0.0,0.0,537730733635.1999,87736797257.99384,2380.0,2332.3999999999996,4.0,2380.0
own:8,4,1,148.8,312733765446.59686,0.0,0.0,0.0,0.0,133754871559.67998,178978893886.91687,592.0,580.16,4.0,592.0
own:8,5,0,537.6,567763107075.3055,0.0,0.0,0.0,0.0,485313283969.9199,82449823105.38562,2148.0,2105.04,4.0,2148.0
own:8,5,1,134.4,283881553537.6528,0.0,0.0,0.0,0.0,121102383709.43997,162779169828.2128,536.0,525.28,4.0,536.0
own:8,6,0,595.2,631737842890.3978,0.0,0.0,0.0,0.0,537730733635.1999,94007109255.19794,2380.0,2332.3999999999996,4.0,2380.0
own:8,6,1,148.8,315868921445.1989,0.0,0.0,0.0,0.0,133754871559.67998,182114049885.51892,592.0,580.16,4.0,592.0
own:8,7,0,576.0,614415998811.145,614415998811.145,2665.0213312882997,1041119000248.3198,8.0,0.0,0.0,0.0,0.0,0.0,0.0
own:8,7,1,144.0,307207999405.5725,260279750062.07996,1128.96,260279750062.07996,8.0,46928249343.49255,0.0,207.7047608613775,203.55066564414994,2.0,208.0
own:8,8,0,595.2,638071014765.374,638071014765.374,2767.624652542899,1075822966923.2639,8.0,0.0,0.0,0.0,0.0,0.0,0.0
own:8,8,1,148.8,319035507382.687,268955741730.81598,1166.592,268955741730.81598,8.0,50079765651.87103,0.0,221.65339415454025,217.22032627144944,2.0,222.0
own:8,9,0,576.0,620575519199.2267,620575519199.2267,2691.738170134465,1041119000248.3198,8.0,0.0,0.0,0.0,0.0,0.0,0.0
own:8,9,1,144.0,310287759599.61334,260279750062.07996,1128.96,260279750062.07996,8.0,50008009537.53339,0.0,221.33580108901268,216.9090850672324,2.0,222.0
own:8,10,0,595.2,644467676688.3967,644467676688.3967,2795.370089684641,1075822966923.2639,8.0,0.0,0.0,0.0,0.0,0.0,0.0
own:8,10,1,148.8,322233838344.19836,268955741730.81598,1166.592,268955741730.81598,8.0,53278096613.382385,0.0,235.80922943093913,231.09304484232035,2.0,236.0
own:8,11,0,595.2,647690015071.8387,647690015071.8387,2809.346940133064,1075822966923.2639,8.0,0.0,0.0,0.0,0.0,0.0,0.0
own:8,11,1,148.8,323845007535.9194,268955741730.81598,1166.592,268955741730.81598,8.0,54889265805.10339,0.0,242.94027557809392,238.081470066532,2.0,244.0
own:8,12,0,576.0,629930772723.0947,629930772723.0947,2732.316459516512,1041119000248.3198,8.0,0.0,0.0,0.0,0.0,0.0,0.0
own:8,12,1,144.0,314965386361.54736,260279750062.07996,1128.96,260279750062.07996,8.0,54685636299.46741,0.0,242.03900995740423,237.19822975825613,2.0,244.0
own:8,13,0,595.2,654183107472.9337,654183107472.9337,2837.5106432078974,1075822966923.2639,8.0,0.0,0.0,0.0,0.0,0.0,0.0
own:8,13,1,148.8,327091553736.46686,268955741730.81598,1166.592,268955741730.81598,8.0,58135812005.65088,0.0,257.30951184076383,252.16332160394853,2.0,258.0
own:8,14,0,576.0,636245828719.6436,636245828719.6436,2759.707932023164,1041119000248.3198,8.0,0.0,0.0,0.0,0.0,0.0,0.0
own:8,14,1,144.0,318122914359.8218,260279750062.07996,1128.96,260279750062.07996,8.0,57843164297.74182,0.0,256.01425103222675,250.89396601158222,2.0,258.0
own:8,15,0,595.2,660741293125.3497,660741293125.3497,2865.9566874060556,1075822966923.2639,8.0,0.0,0.0,0.0,0.0,0.0,0.0
own:8,15,1,148.8,330370646562.67487,268955741730.81598,1166.592,268955741730.81598,8.0,61414904831.85889,0.0,271.8227996969672,266.3863437030278,2.0,272.0
own:8,16,0,595.2,664044999590.9764,664044999590.9764,2880.2864708430857,1075822966923.2639,8.0,0.0,0.0,0.0,0.0,0.0,0.0
own:8,16,1,148.8,332022499795.4882,268955741730.81598,1166.592,268955741730.81598,8.0,63066758064.67224,0.0,279.1339136954519,273.55123542154286,2.0,280.0
own:8,17,0,556.8000000000001,624309403647.71,624309403647.71,2707.933844926508,1006415033573.376,8.0,0.0,0.0,0.0,0.0,0.0,0.0
own:8,17,1,139.20000000000002,312154701823.855,251603758393.344,1091.3280000000002,251603758393.344,8.0,60550943430.51099,0.0,267.99890047270793,262.6389224632537,2.0,268.0
own:8,18,0,595.2,670702050711.8757,670702050711.8757,2909.1613427132866,1075822966923.2639,8.0,0.0,0.0,0.0,0.0,0.0,0.0
own:8,18,1,148.8,335351025355.93787,268955741730.81598,1166.592,268955741730.81598,8.0,66395283625.12189,0.0,293.8659911802483,287.9886713566433,2.0,294.0
own:8,19,0,576.0,652311833192.3566,652311833192.3566,2829.394015574374,1041119000248.3198,8.0,0.0,0.0,0.0,0.0,0.0,0.0
own:8,19,1,144.0,326155916596.1783,260279750062.07996,1128.96,260279750062.07996,8.0,65876166534.09833,0.0,291.56837529304806,285.73700778718705,3.0,294.0
own:8,20,0,595.2,677425838770.2622,677425838770.2622,2938.325685173987,1075822966923.2639,8.0,0.0,0.0,0.0,0.0,0.0,0.0
own:8,20,1,148.8,338712919385.1311,268955741730.81598,1166.592,268955741730.81598,8.0,69757177654.31512,0.0,308.74575774183006,302.5708425869935,3.0,309.0
own:8,21,0,576.0,658851259320.1097,658851259320.1097,2857.7586905805065,1041119000248.3198,8.0,0.0,0.0,0.0,0.0,0.0,0.0
own:8,21,1,144.0,329425629660.0549,260279750062.07996,1128.96,260279750062.07996,8.0,69145879597.97491,0.0,306.0401482553604,299.9193452902532,3.0,309.0
own:8,22,0,595.2,684217032803.934,684217032803.934,2967.782400167856,1075822966923.2639,8.0,0.0,0.0,0.0,0.0,0.0,0.0
own:8,22,1,148.8,342108516401.967,268955741730.81598,1166.592,268955741730.81598,8.0,73152774671.151,0.0,323.7746939631917,317.2992000839278,3.0,324.0
own:8,23,0,595.2,687638117967.9535,687638117967.9535,2982.621312168694,1075822966923.2639,8.0,0.0,0.0,0.0,0.0,0.0,0.0
own:8,23,1,148.8,343819058983.97675,268955741730.81598,1166.592,268955741730.81598,8.0,74863317253.16077,0.0,331.3455674330073,324.7186560843472,3.0,333.0
own:8,24,0,576.0,668783524410.7677,668783524410.7677,2900.839760060843,1041119000248.3198,8.0,0.0,0.0,0.0,0.0,0.0,0.0
own:8,24,1,144.0,334391762205.38385,260279750062.07996,1128.96,260279750062.07996,8.0,74112012143.3039,0.0,328.02028574532824,321.4598800304217,3.0,330.0
own:8,25,0,595.2,694531690100.5822,694531690100.5822,3012.5220908231854,1075822966923.2639,8.0,0.0,0.0,0.0,0.0,0.0,0.0
own:8,25,1,148.8,347265845050.2911,268955741730.81598,1166.592,268955741730.81598,8.0,78310103319.4751,0.0,346.60106674652303,339.6690454115926,3.0,348.0
own:8,26,0,576.0,675488079242.9854,675488079242.9854,2929.920678655452,1041119000248.3198,8.0,0.0,0.0,0.0,0.0,0.0,0.0
own:8,26,1,144.0,337744039621.4927,260279750062.07996,1128.96,260279750062.07996,8.0,77464289559.41272,0.0,342.85748910992453,336.000339327726,3.0,345.0
own:8,27,0,595.2,701494370293.8403,701494370293.8403,3042.722624783687,1075822966923.2639,8.0,0.0,0.0,0.0,0.0,0.0,0.0
own:8,27,1,148.8,350747185146.92017,268955741730.81598,1166.592,268955741730.81598,8.0,81791443416.10419,0.0,362.0095024406566,354.76931239184347,3.0,363.0
own:8,28,0,595.2,705001842145.3094,705001842145.3094,3057.936237907605,1075822966923.2639,8.0,0.0,0.0,0.0,0.0,0.0,0.0
own:8,28,1,148.8,352500921072.6547,268955741730.81598,1166.592,268955741730.81598,8.0,83545179341.83875,0.0,369.7715499528597,362.37611895380246,3.0,372.0
own:8,29,0,537.6,639959736708.6776,639959736708.6776,2775.8169591845162,971711066898.4319,8.0,0.0,0.0,0.0,0.0,0.0,0.0
own:8,29,1,134.4,319979868354.3388,242927766724.60797,1053.696,242927766724.60797,8.0,77052101629.73083,0.0,341.03314244107963,334.21247959225803,3.0,342.0
own:8,30,0,595.2,712069485612.816,712069485612.816,3088.5920486926284,1075822966923.2639,8.0,0.0,0.0,0.0,0.0,0.0,0.0
own:8,30,1,148.8,356034742806.408,268955741730.81598,1166.592,268955741730.81598,8.0,87079001075.59204,0.0,385.4122697411368,377.70402434631404,3.0,387.0
own:8,31,0,576.0,692544999716.9807,692544999716.9807,3003.9048473575076,1041119000248.3198,8.0,0.0,0.0,0.0,0.0,0.0,0.0
own:8,31,1,144.0,346272499858.49036,260279750062.07996,1128.96,260279750062.07996,8.0,85992749796.4104,0.0,380.6045139579121,372.9924236787538,3.0,381.0
own:8,32,0,595.2,719207982206.0844,719207982206.0844,3119.5551839807713,1075822966923.2639,8.0,0.0,0.0,0.0,0.0,0.0,0.0
own:8,32,1,148.8,359603991103.0422,268955741730.81598,1166.592,268955741730.81598,8.0,90648249372.2262,0.0,401.20978774529135,393.1855919903855,3.0,402.0
own:8,33,0,576.0,699487763339.1433,699487763339.1433,3034.018993452266,1041119000248.3198,8.0,0.0,0.0,0.0,0.0,0.0,0.0
own:8,33,1,144.0,349743881669.57166,260279750062.07996,1128.96,260279750062.07996,8.0,89464131607.4917,0.0,395.9688742103399,388.04949672613304,3.0,396.0
own:8,34,0,595.2,726418042227.7002,726418042227.7002,3150.8287247001776,1075822966923.2639,8.0,0.0,0.0,0.0,0.0,0.0,0.0
own:8,34,1,148.8,363209021113.8501,268955741730.81598,1166.592,268955741730.81598,8.0,94253279383.03412,0.0,417.1656758674375,408.8223623500888,3.0,420.0
own:8,35,0,595.2,730050132438.8386,730050132438.8386,3166.582868323678,1075822966923.2639,8.0,0.0,0.0,0.0,0.0,0.0,0.0
own:8,35,1,148.8,365025066219.4193,268955741730.81598,1166.592,268955741730.81598,8.0,96069324488.60333,0.0,425.20350424677457,416.69943416183906,3.0,426.0
own:8,36,0,576.0,710032628807.451,710032628807.451,3079.757209030932,1041119000248.3198,8.0,0.0,0.0,0.0,0.0,0.0,0.0
own:8,36,1,144.0,355016314403.7255,260279750062.07996,1128.96,260279750062.07996,8.0,94736564341.64557,0.0,419.3046984851694,410.91860451546603,3.0,420.0
own:9,1,0,595.2,616178562048.0001,0.0,0.0,0.0,0.0,537730733635.1999,78447828412.80023,2380.0,2332.3999999999996,4.0,2380.0
own:9,1,1,148.8,308089281024.00006,0.0,0.0,0.0,0.0,133754871559.67998,174334409464.32007,592.0,580.16,4.0,592.0
own:9,2,0,576.0,599283343411.2001,0.0,0.0,0.0,0.0,520559500124.1599,78723843287.04016,2304.0,2257.92,4.0,2304.0
own:9,2,1,144.0,299641671705.60004,0.0,0.0,0.0,0.0,130139875031.03998,169501796674.56006,576.0,564.48,4.0,576.0
own:9,3,0,595.2,622355752132.5311,0.0,0.0,0.0,0.0,537730733635.1999,84625018497.33124,2380.0,2332.3999999999996,4.0,2380.0
own:9,3,1,148.8,311177876066.26556,0.0,0.0,0.0,0.0,133754871559.67998,177423004506.58557,592.0,580.16,4.0,592.0
own:9,4,0,595.2,625467530893.1937,0.0,0.0,0.0,0.0,537730733635.1999,87736797257.99384,2380.0,2332.3999999999996,4.0,2380.0
own:9,4,1,148.8,312733765446.59686,0.0,0.0,0.0,0.0,133754871559.67998,178978893886.91687,592.0,580.16,4.0,592.0
own:9,5,0,537.6,567763107075.3055,0.0,0.0,0.0,0.0,485313283969.9199,82449823105.38562,2148.0,2105.04,4.0,2148.0
own:9,5,1,134.4,283881553537.6528,0.0,0.0,0.0,0.0,121102383709.43997,162779169828.2128,536.0,525.28,4.0,536.0
own:9,6,0,595.2,631737842890.3978,0.0,0.0,0.0,0.0,537730733635.1999,94007109255.19794,2380.0,2332.3999999999996,4.0,2380.0
own:9,6,1,148.8,315868921445.1989,0.0,0.0,0.0,0.0,133754871559.67998,182114049885.51892,592.0,580.16,4.0,592.0
own:9,7,0,576.0,614415998811.145,614415998811.145,2665.0213312882997,1171258875279.3599,9.0,0.0,0.0,0.0,0.0,0.0,0.0
own:9,7,1,144.0,307207999405.5725,292814718819.83997,1270.08,292814718819.83997,9.0,14393280585.732544,0.0,63.70476086137743,62.430665644149876,1.0,64.0
own:9,8,0,595.2,638071014765.374,638071014765.374,2767.624652542899,1210300837788.6719,9.0,0.0,0.0,0.0,0.0,0.0,0.0
own:9,8,1,148.8,319035507382.687,302575209447.16797,1312.416,302575209447.16797,9.0,16460297935.519043,0.0,72.85339415454027,71.39632627144945,1.0,73.0
own:9,9,0,576.0,620575519199.2267,620575519199.2267,2691.738170134465,1171258875279.3599,9.0,0.0,0.0,0.0,0.0,0.0,0.0
own:9,9,1,144.0,310287759599.61334,292814718819.83997,1270.08,292814718819.83997,9.0,17473040779.773376,0.0,77.33580108901259,75.78908506723234,1.0,78.0
own:9,10,0,595.2,644467676688.3967,644467676688.3967,2795.370089684641,1210300837788.6719,9.0,0.0,0.0,0.0,0.0,0.0,0.0
own:9,10,1,148.8,322233838344.19836,302575209447.16797,1312.416,302575209447.16797,9.0,19658628897.030396,0.0,87.00922943093916,85.26904484232037,1.0,88.0
own:9,11,0,595.2,647690015071.8387,647690015071.8387,2809.346940133064,1210300837788.6719,9.0,0.0,0.0,0.0,0.0,0.0,0.0
own:9,11,1,148.8,323845007535.9194,302575209447.16797,1312.416,302575209447.16797,9.0,21269798088.751404,0.0,94.14027557809393,92.25747006653205,1.0,95.0
own:9,12,0,576.0,629930772723.0947,629930772723.0947,2732.316459516512,1171258875279.3599,9.0,0.0,0.0,0.0,0.0,0.0,0.0
own:9,12,1,144.0,314965386361.54736,292814718819.83997,1270.08,292814718819.83997,9.0,22150667541.707397,0.0,98.03900995740416,96.07822975825607,1.0,99.0
own:9,13,0,595.2,654183107472.9337,654183107472.9337,2837.5106432078974,1210300837788.6719,9.0,0.0,0.0,0.0,0.0,0.0,0.0
own:9,13,1,148.8,327091553736.46686,302575209447.16797,1312.416,302575209447.16797,9.0,24516344289.29889,0.0,108.50951184076385,106.33932160394856,1.0,109.0
own:9,14,0,576.0,636245828719.6436,636245828719.6436,2759.707932023164,1171258875279.3599,9.0,0.0,0.0,0.0,0.0,0.0,0.0
own:9,14,1,144.0,318122914359.8218,292814718819.83997,1270.08,292814718819.83997,9.0,25308195539.98181,0.0,112.0142510322267,109.77396601158216,1.0,113.0
own:9,15,0,595.2,660741293125.3497,660741293125.3497,2865.9566874060556,1210300837788.6719,9.0,0.0,0.0,0.0,0.0,0.0,0.0
own:9,15,1,148.8,330370646562.67487,302575209447.16797,1312.416,302575209447.16797,9.0,27795437115.506897,0.0,123.02279969696718,120.56234370302784,1.0,124.0
own:9,16,0,595.2,664044999590.9764,664044999590.9764,2880.2864708430857,1210300837788.6719,9.0,0.0,0.0,0.0,0.0,0.0,0.0
own:9,16,1,148.8,332022499795.4882,302575209447.16797,1312.416,302575209447.16797,9.0,29447290348.32025,0.0,130.33391369545194,127.72723542154289,1.0,131.0
own:9,17,0,556.8000000000001,624309403647.71,624309403647.71,2707.933844926508,1132216912770.0479,9.0,0.0,0.0,0.0,0.0,0.0,0.0
own:9,17,1,139.20000000000002,312154701823.855,283054228192.51196,1227.744,283054228192.51196,9.0,29100473631.343018,0.0,128.79890047270803,126.22292246325385,1.0,129.0
own:9,18,0,595.2,670702050711.8757,670702050711.8757,2909.1613427132866,1210300837788.6719,9.0,0.0,0.0,0.0,0.0,0.0,0.0
own:9,18,1,148.8,335351025355.93787,302575209447.16797,1312.416,302575209447.16797,9.0,32775815908.769897,0.0,145.0659911802483,142.1646713566433,1.0,146.0
own:9,19,0,576.0,652311833192.3566,652311833192.3566,2829.394015574374,1171258875279.3599,9.0,0.0,0.0,0.0,0.0,0.0,0.0
own:9,19,1,144.0,326155916596.1783,292814718819.83997,1270.08,292814718819.83997,9.0,33341197776.338318,0.0,147.56837529304798,144.61700778718702,2.0,148.0
own:9,20,0,595.2,677425838770.2622,677425838770.2622,2938.325685173987,1210300837788.6719,9.0,0.0,0.0,0.0,0.0,0.0,0.0
own:9,20,1,148.8,338712919385.1311,302575209447.16797,1312.416,302575209447.16797,9.0,36137709937.963135,0.0,159.9457577418301,156.7468425869935,2.0,160.0
own:9,21,0,576.0,658851259320.1097,658851259320.1097,2857.7586905805065,1171258875279.3599,9.0,0.0,0.0,0.0,0.0,0.0,0.0
own:9,21,1,144.0,329425629660.0549,292814718819.83997,1270.08,292814718819.83997,9.0,36610910840.214905,0.0,162.04014825536035,158.79934529025311,2.0,164.0
own:9,22,0,595.2,684217032803.934,684217032803.934,2967.782400167856,1210300837788.6719,9.0,0.0,0.0,0.0,0.0,0.0,0.0
own:9,22,1,148.8,342108516401.967,302575209447.16797,1312.416,302575209447.16797,9.0,39533306954.79901,0.0,174.97469396319167,171.47520008392783,2.0,176.0
own:9,23,0,595.2,687638117967.9535,687638117967.9535,2982.621312168694,1210300837788.6719,9.0,0.0,0.0,0.0,0.0,0.0,0.0
own:9,23,1,148.8,343819058983.97675,302575209447.16797,1312.416,302575209447.16797,9.0,41243849536.80878,0.0,182.54556743300734,178.8946560843472,2.0,184.0
own:9,24,0,576.0,668783524410.7677,668783524410.7677,2900.839760060843,1171258875279.3599,9.0,0.0,0.0,0.0,0.0,0.0,0.0
own:9,24,1,144.0,334391762205.38385,292814718819.83997,1270.08,292814718819.83997,9.0,41577043385.543884,0.0,184.02028574532818,180.33988003042163,2.0,186.0
own:9,25,0,595.2,694531690100.5822,694531690100.5822,3012.5220908231854,1210300837788.6719,9.0,0.0,0.0,0.0,0.0,0.0,0.0
own:9,25,1,148.8,347265845050.2911,302575209447.16797,1312.416,302575209447.16797,9.0,44690635603.12311,0.0,197.80106674652308,193.8450454115926,2.0,198.0
own:9,26,0,576.0,675488079242.9854,675488079242.9854,2929.920678655452,1171258875279.3599,9.0,0.0,0.0,0.0,0.0,0.0,0.0
own:9,26,1,144.0,337744039621.4927,292814718819.83997,1270.08,292814718819.83997,9.0,44929320801.65271,0.0,198.85748910992444,194.88033932772595,2.0,200.0
own:9,27,0,595.2,701494370293.8403,701494370293.8403,3042.722624783687,1210300837788.6719,9.0,0.0,0.0,0.0,0.0,0.0,0.0
own:9,27,1,148.8,350747185146.92017,302575209447.16797,1312.416,302575209447.16797,9.0,48171975699.7522,0.0,213.20950244065662,208.9453123918435,2.0,214.0
own:9,28,0,595.2,705001842145.3094,705001842145.3094,3057.936237907605,1210300837788.6719,9.0,0.0,0.0,0.0,0.0,0.0,0.0
own:9,28,1,148.8,352500921072.6547,302575209447.16797,1312.416,302575209447.16797,9.0,49925711625.486755,0.0,220.9715499528597,216.5521189538025,2.0,222.0
own:9,29,0,537.6,639959736708.6776,639959736708.6776,2775.8169591845162,1093174950260.7358,9.0,0.0,0.0,0.0,0.0,0.0,0.0
own:9,29,1,134.4,319979868354.3388,273293737565.18396,1185.408,273293737565.18396,9.0,46686130789.15485,0.0,206.63314244107968,202.50047959225807,2.0,208.0
own:9,30,0,595.2,712069485612.816,712069485612.816,3088.5920486926284,1210300837788.6719,9.0,0.0,0.0,0.0,0.0,0.0,0.0
own:9,30,1,148.8,356034742806.408,302575209447.16797,1312.416,302575209447.16797,9.0,53459533359.24005,0.0,236.61226974113683,231.8800243463141,2.0,238.0
own:9,31,0,576.0,692544999716.9807,692544999716.9807,3003.9048473575076,1171258875279.3599,9.0,0.0,0.0,0.0,0.0,0.0,0.0
own:9,31,1,144.0,346272499858.49036,292814718819.83997,1270.08,292814718819.83997,9.0,53457781038.65039,0.0,236.60451395791202,231.87242367875376,2.0,238.0
own:9,32,0,595.2,719207982206.0844,719207982206.0844,3119.5551839807713,1210300837788.6719,9.0,0.0,0.0,0.0,0.0,0.0,0.0
own:9,32,1,148.8,359603991103.0422,302575209447.16797,1312.416,302575209447.16797,9.0,57028781655.87421,0.0,252.40978774529137,247.3615919903855,2.0,254.0
own:9,33,0,576.0,699487763339.1433,699487763339.1433,3034.018993452266,1171258875279.3599,9.0,0.0,0.0,0.0,0.0,0.0,0.0
own:9,33,1,144.0,349743881669.57166,292814718819.83997,1270.08,292814718819.83997,9.0,56929162849.73169,0.0,251.9688742103398,246.92949672613298,2.0,252.0
own:9,34,0,595.2,726418042227.7002,726418042227.7002,3150.8287247001776,1210300837788.6719,9.0,0.0,0.0,0.0,0.0,0.0,0.0
own:9,34,1,148.8,363209021113.8501,302575209447.16797,1312.416,302575209447.16797,9.0,60633811666.68213,0.0,268.3656758674376,262.9983623500888,2.0,270.0
own:9,35,0,595.2,730050132438.8386,730050132438.8386,3166.582868323678,1210300837788.6719,9.0,0.0,0.0,0.0,0.0,0.0,0.0
own:9,35,1,148.8,365025066219.4193,302575209447.16797,1312.416,302575209447.16797,9.0,62449856772.25134,0.0,276.4035042467746,270.8754341618391,2.0,278.0
own:9,36,0,576.0,710032628807.451,710032628807.451,3079.757209030932,1171258875279.3599,9.0,0.0,0.0,0.0,0.0,0.0,0.0
own:9,36,1,144.0,355016314403.7255,292814718819.83997,1270.08,292814718819.83997,9.0,62201595583.88556,0.0,275.30469848516935,269.79860451546597,2.0,276.0
own:10,1,0,595.2,616178562048.0001,0.0,0.0,0.0,0.0,537730733635.1999,78447828412.80023,2380.0,2332.3999999999996,4.0,2380.0
own:10,1,1,148.8,308089281024.00006,0.0,0.0,0.0,0.0,133754871559.67998,174334409464.32007,592.0,580.16,4.0,592.0
own:10,2,0,576.0,599283343411.2001,0.0,0.0,0.0,0.0,520559500124.1599,78723843287.04016,2304.0,2257.92,4.0,2304.0
own:10,2,1,144.0,299641671705.60004,0.0,0.0,0.0,0.0,130139875031.03998,169501796674.56006,576.0,564.48,4.0,576.0
own:10,3,0,595.2,622355752132.5311,0.0,0.0,0.0,0.0,537730733635.1999,84625018497.33124,2380.0,2332.3999999999996,4.0,2380.0
own:10,3,1,148.8,311177876066.26556,0.0,0.0,0.0,0.0,133754871559.67998,177423004506.58557,592.0,580.16,4.0,592.0
own:10,4,0,595.2,625467530893.1937,0.0,0.0,0.0,0.0,537730733635.1999,87736797257.99384,2380.0,2332.3999999999996,4.0,2380.0
own:10,4,1,148.8,312733765446.59686,0.0,0.0,0.0,0.0,133754871559.67998,178978893886.91687,592.0,580.16,4.0,592.0
own:10,5,0,537.6,567763107075.3055,0.0,0.0,0.0,0.0,485313283969.9199,82449823105.38562,2148.0,2105.04,4.0,2148.0
own:10,5,1,134.4,283881553537.6528,0.0,0.0,0.0,0.0,121102383709.43997,162779169828.2128,536.0,525.28,4.0,536.0
own:10,6,0,595.2,631737842890.3978,0.0,0.0,0.0,0.0,537730733635.1999,94007109255.19794,2380.0,2332.3999999999996,4.0,2380.0
own:10,6,1,148.8,315868921445.1989,0.0,0.0,0.0,0.0,133754871559.67998,182114049885.51892,592.0,580.16,4.0,592.0
own:10,7,0,576.0,614415998811.145,614415998811.145,2665.0213312882997,1301398750310.4,10.0,0.0,0.0,0.0,0.0,0.0,0.0
own:10,7,1,144.0,307207999405.5725,307207999405.5725,1332.5106656441499,325349687577.6,10.0,0.0,0.0,0.0,0.0,0.0,0.0
own:10,8,0,595.2,638071014765.374,638071014765.374,2767.624652542899,1344778708654.0798,10.0,0.0,0.0,0.0,0.0,0.0,0.0
own:10,8,1,148.8,319035507382.687,319035507382.687,1383.8123262714496,336194677163.51996,10.0,0.0,0.0,0.0,0.0,0.0,0.0
own:10,9,0,576.0,620575519199.2267,620575519199.2267,2691.738170134465,1301398750310.4,10.0,0.0,0.0,0.0,0.0,0.0,0.0
own:10,9,1,144.0,310287759599.61334,310287759599.61334,1345.8690850672324,325349687577.6,10.0,0.0,0.0,0.0,0.0,0.0,0.0
own:10,10,0,595.2,644467676688.3967,644467676688.3967,2795.370089684641,1344778708654.0798,10.0,0.0,0.0,0.0,0.0,0.0,0.0
own:10,10,1,148.8,322233838344.19836,322233838344.19836,1397.6850448423204,336194677163.51996,10.0,0.0,0.0,0.0,0.0,0.0,0.0
own:10,11,0,595.2,647690015071.8387,647690015071.8387,2809.346940133064,1344778708654.0798,10.0,0.0,0.0,0.0,0.0,0.0,0.0
own:10,11,1,148.8,323845007535.9194,323845007535.9194,1404.673470066532,336194677163.51996,10.0,0.0,0.0,0.0,0.0,0.0,0.0
own:10,12,0,576.0,629930772723.0947,629930772723.0947,2732.316459516512,1301398750310.4,10.0,0.0,0.0,0.0,0.0,0.0,0.0
own:10,12,1,144.0,314965386361.54736,314965386361.54736,1366.158229758256,325349687577.6,10.0,0.0,0.0,0.0,0.0,0.0,0.0
own:10,13,0,595.2,654183107472.9337,654183107472.9337,2837.5106432078974,1344778708654.0798,10.0,0.0,0.0,0.0,0.0,0.0,0.0
own:10,13,1,148.8,327091553736.46686,327091553736.46686,1418.7553216039487,336194677163.51996,10.0,0.0,0.0,0.0,0.0,0.0,0.0
own:10,14,0,576.0,636245828719.6436,636245828719.6436,2759.707932023164,1301398750310.4,10.0,0.0,0.0,0.0,0.0,0.0,0.0
own:10,14,1,144.0,318122914359.8218,318122914359.8218,1379.853966011582,325349687577.6,10.0,0.0,0.0,0.0,0.0,0.0,0.0
own:10,15,0,595.2,660741293125.3497,660741293125.3497,2865.9566874060556,1344778708654.0798,10.0,0.0,0.0,0.0,0.0,0.0,0.0
own:10,15,1,148.8,330370646562.67487,330370646562.67487,1432.9783437030278,336194677163.51996,10.0,0.0,0.0,0.0,0.0,0.0,0.0
own:10,16,0,595.2,664044999590.9764,664044999590.9764,2880.2864708430857,1344778708654.0798,10.0,0.0,0.0,0.0,0.0,0.0,0.0
own:10,16,1,148.8,332022499795.4882,332022499795.4882,1440.1432354215428,336194677163.51996,10.0,0.0,0.0,0.0,0.0,0.0,0.0
own:10,17,0,556.8000000000001,624309403647.71,624309403647.71,2707.933844926508,1258018791966.72,10.0,0.0,0.0,0.0,0.0,0.0,0.0
own:10,17,1,139.20000000000002,312154701823.855,312154701823.855,1353.966922463254,314504697991.68,10.0,0.0,0.0,0.0,0.0,0.0,0.0
own:10,18,0,595.2,670702050711.8757,670702050711.8757,2909.1613427132866,1344778708654.0798,10.0,0.0,0.0,0.0,0.0,0.0,0.0
own:10,18,1,148.8,335351025355.93787,335351025355.93787,1454.5806713566433,336194677163.51996,10.0,0.0,0.0,0.0,0.0,0.0,0.0
own:10,19,0,576.0,652311833192.3566,652311833192.3566,2829.394015574374,1301398750310.4,10.0,0.0,0.0,0.0,0.0,0.0,0.0
own:10,19,1,144.0,326155916596.1783,325349687577.6,1411.2,325349687577.6,10.0,806229018.5783081,0.0,3.5683752930479087,3.4970077871869503,1.0,4.0
own:10,20,0,595.2,677425838770.2622,677425838770.2622,2938.325685173987,1344778708654.0798,10.0,0.0,0.0,0.0,0.0,0.0,0.0
own:10,20,1,148.8,338712919385.1311,336194677163.51996,1458.24,336194677163.51996,10.0,2518242221.611145,0.0,11.145757741830131,10.922842586993527,1.0,12.0
own:10,21,0,576.0,658851259320.1097,658851259320.1097,2857.7586905805065,1301398750310.4,10.0,0.0,0.0,0.0,0.0,0.0,0.0
own:10,21,1,144.0,329425629660.0549,325349687577.6,1411.2,325349687577.6,10.0,4075942082.454895,0.0,18.040148255360272,17.679345290253064,1.0,19.0
own:10,22,0,595.2,684217032803.934,684217032803.934,2967.782400167856,1344778708654.0798,10.0,0.0,0.0,0.0,0.0,0.0,0.0
own:10,22,1,148.8,342108516401.967,336194677163.51996,1458.24,336194677163.51996,10.0,5913839238.4470215,0.0,26.1746939631917,25.651200083927865,1.0,27.0
own:10,23,0,595.2,687638117967.9535,687638117967.9535,2982.621312168694,1344778708654.0798,10.0,0.0,0.0,0.0,0.0,0.0,0.0
own:10,23,1,148.8,343819058983.97675,336194677163.51996,1458.24,336194677163.51996,10.0,7624381820.456787,0.0,33.74556743300735,33.070656084347206,1.0,34.0
own:10,24,0,576.0,668783524410.7677,668783524410.7677,2900.839760060843,1301398750310.4,10.0,0.0,0.0,0.0,0.0,0.0,0.0
own:10,24,1,144.0,334391762205.38385,325349687577.6,1411.2,325349687577.6,10.0,9042074627.783875,0.0,40.02028574532812,39.21988003042155,1.0,41.0
own:10,25,0,595.2,694531690100.5822,694531690100.5822,3012.5220908231854,1344778708654.0798,10.0,0.0,0.0,0.0,0.0,0.0,0.0
own:10,25,1,148.8,347265845050.2911,336194677163.51996,1458.24,336194677163.51996,10.0,11071167886.771118,0.0,49.001066746523094,48.02104541159263,1.0,50.0
own:10,26,0,576.0,675488079242.9854,675488079242.9854,2929.920678655452,1301398750310.4,10.0,0.0,0.0,0.0,0.0,0.0,0.0
own:10,26,1,144.0,337744039621.4927,325349687577.6,1411.2,325349687577.6,10.0,12394352043.8927,0.0,54.85748910992438,53.76033932772589,1.0,55.0
own:10,27,0,595.2,701494370293.8403,701494370293.8403,3042.722624783687,1344778708654.0798,10.0,0.0,0.0,0.0,0.0,0.0,0.0
own:10,27,1,148.8,350747185146.92017,336194677163.51996,1458.24,336194677163.51996,10.0,14552507983.400208,0.0,64.40950244065664,63.1213123918435,1.0,65.0
own:10,28,0,595.2,705001842145.3094,705001842145.3094,3057.936237907605,1344778708654.0798,10.0,0.0,0.0,0.0,0.0,0.0,0.0
own:10,28,1,148.8,352500921072.6547,336194677163.51996,1458.24,336194677163.51996,10.0,16306243909.134766,0.0,72.17154995285973,70.72811895380254,1.0,73.0
own:10,29,0,537.6,639959736708.6776,639959736708.6776,2775.8169591845162,1214638833623.0398,10.0,0.0,0.0,0.0,0.0,0.0,0.0
own:10,29,1,134.4,319979868354.3388,303659708405.75995,1317.12,303659708405.75995,10.0,16320159948.578857,0.0,72.23314244107969,70.7884795922581,1.0,73.0
own:10,30,0,595.2,712069485612.816,712069485612.816,3088.5920486926284,1344778708654.0798,10.0,0.0,0.0,0.0,0.0,0.0,0.0
own:10,30,1,148.8,356034742806.408,336194677163.51996,1458.24,336194677163.51996,10.0,19840065642.88806,0.0,87.81226974113686,86.05602434631412,1.0,88.0
own:10,31,0,576.0,692544999716.9807,692544999716.9807,3003.9048473575076,1301398750310.4,10.0,0.0,0.0,0.0,0.0,0.0,0.0
own:10,31,1,144.0,346272499858.49036,325349687577.6,1411.2,325349687577.6,10.0,20922812280.89038,0.0,92.60451395791196,90.75242367875371,1.0,93.0
own:10,32,0,595.2,719207982206.0844,719207982206.0844,3119.5551839807713,1344778708654.0798,10.0,0.0,0.0,0.0,0.0,0.0,0.0
own:10,32,1,148.8,359603991103.0422,336194677163.51996,1458.24,336194677163.51996,10.0,23409313939.522217,0.0,103.60978774529137,101.53759199038554,1.0,104.0
own:10,33,0,576.0,699487763339.1433,699487763339.1433,3034.018993452266,1301398750310.4,10.0,0.0,0.0,0.0,0.0,0.0,0.0
own:10,33,1,144.0,349743881669.57166,325349687577.6,1411.2,325349687577.6,10.0,24394194091.97168,0.0,107.96887421033973,105.80949672613293,1.0,108.0
own:10,34,0,595.2,726418042227.7002,726418042227.7002,3150.8287247001776,1344778708654.0798,10.0,0.0,0.0,0.0,0.0,0.0,0.0
own:10,34,1,148.8,363209021113.8501,336194677163.51996,1458.24,336194677163.51996,10.0,27014343950.33014,0.0,119.56567586743759,117.17436235008883,1.0,120.0
own:10,35,0,595.2,730050132438.8386,730050132438.8386,3166.582868323678,1344778708654.0798,10.0,0.0,0.0,0.0,0.0,0.0,0.0
own:10,35,1,148.8,365025066219.4193,336194677163.51996,1458.24,336194677163.51996,10.0,28830389055.899353,0.0,127.60350424677462,125.05143416183911,1.0,128.0
own:10,36,0,576.0,710032628807.451,710032628807.451,3079.757209030932,1301398750310.4,10.0,0.0,0.0,0.0,0.0,0.0,0.0
own:10,36,1,144.0,355016314403.7255,325349687577.6,1411.2,325349687577.6,10.0,29666626826.12555,0.0,131.3046984851693,128.6786045154659,1.0,132.0
own:11,1,0,595.2,616178562048.0001,0.0,0.0,0.0,0.0,537730733635.1999,78447828412.80023,2380.0,2332.3999999999996,4.0,2380.0
own:11,1,1,148.8,308089281024.00006,0.0,0.0,0.0,0.0,133754871559.67998,174334409464.32007,592.0,580.16,4.0,592.0
own:11,2,0,576.0,599283343411.2001,0.0,0.0,0.0,0.0,520559500124.1599,78723843287.04016,2304.0,2257.92,4.0,2304.0
own:11,2,1,144.0,299641671705.60004,0.0,0.0,0.0,0.0,130139875031.03998,169501796674.56006,576.0,564.48,4.0,576.0
own:11,3,0,595.2,622355752132.5311,0.0,0.0,0.0,0.0,537730733635.1999,84625018497.33124,2380.0,2332.3999999999996,4.0,2380.0
own:11,3,1,148.8,311177876066.26556,0.0,0.0,0.0,0.0,133754871559.67998,177423004506.58557,592.0,580.16,4.0,592.0
own:11,4,0,595.2,625467530893.1937,0.0,0.0,0.0,0.0,537730733635.1999,87736797257.99384,2380.0,2332.3999999999996,4.0,2380.0
own:11,4,1,148.8,312733765446.59686,0.0,0.0,0.0,0.0,133754871559.67998,178978893886.91687,592.0,580.16,4.0,592.0
own:11,5,0,537.6,567763107075.3055,0.0,0.0,0.0,0.0,485313283969.9199,82449823105.38562,2148.0,2105.04,4.0,2148.0
own:11,5,1,134.4,283881553537.6528,0.0,0.0,0.0,0.0,121102383709.43997,162779169828.2128,536.0,525.28,4.0,536.0
own:11,6,0,595.2,631737842890.3978,0.0,0.0,0.0,0.0,537730733635.1999,94007109255.19794,2380.0,2332.3999999999996,4.0,2380.0
own:11,6,1,148.8,315868921445.1989,0.0,0.0,0.0,0.0,133754871559.67998,182114049885.51892,592.0,580.16,4.0,592.0
own:11,7,0,576.0,614415998811.145,614415998811.145,2665.0213312882997,1431538625341.4397,11.0,0.0,0.0,0.0,0.0,0.0,0.0
own:11,7,1,144.0,307207999405.5725,307207999405.5725,1332.5106656441499,357884656335.3599,11.0,0.0,0.0,0.0,0.0,0.0,0.0
own:11,8,0,595.2,638071014765.374,638071014765.374,2767.624652542899,1479256579519.4878,11.0,0.0,0.0,0.0,0.0,0.0,0.0
own:11,8,1,148.8,319035507382.687,319035507382.687,1383.8123262714496,369814144879.87195,11.0,0.0,0.0,0.0,0.0,0.0,0.0
own:11,9,0,576.0,620575519199.2267,620575519199.2267,2691.738170134465,1431538625341.4397,11.0,0.0,0.0,0.0,0.0,0.0,0.0
own:11,9,1,144.0,310287759599.61334,310287759599.61334,1345.8690850672324,357884656335.3599,11.0,0.0,0.0,0.0,0.0,0.0,0.0
own:11,10,0,595.2,644467676688.3967,644467676688.3967,2795.370089684641,1479256579519.4878,11.0,0.0,0.0,0.0,0.0,0.0,0.0
own:11,10,1,148.8,322233838344.19836,322233838344.19836,1397.6850448423204,369814144879.87195,11.0,0.0,0.0,0.0,0.0,0.0,0.0
own:11,11,0,595.2,647690015071.8387,647690015071.8387,2809.346940133064,1479256579519.4878,11.0,0.0,0.0,0.0,0.0,0.0,0.0
own:11,11,1,148.8,323845007535.9194,323845007535.9194,1404.673470066532,369814144879.87195,11.0,0.0,0.0,0.0,0.0,0.0,0.0
own:11,12,0,576.0,629930772723.0947,629930772723.0947,2732.316459516512,1431538625341.4397,11.0,0.0,0.0,0.0,0.0,0.0,0.0
own:11,12,1,144.0,314965386361.54736,314965386361.54736,1366.158229758256,357884656335.3599,11.0,0.0,0.0,0.0,0.0,0.0,0.0
own:11,13,0,595.2,654183107472.9337,654183107472.9337,2837.5106432078974,1479256579519.4878,11.0,0.0,0.0,0.0,0.0,0.0,0.0
own:11,13,1,148.8,327091553736.46686,327091553736.46686,1418.7553216039487,369814144879.87195,11.0,0.0,0.0,0.0,0.0,0.0,0.0
own:11,14,0,576.0,636245828719.6436,636245828719.6436,2759.707932023164,1431538625341.4397,11.0,0.0,0.0,0.0,0.0,0.0,0.0
own:11,14,1,144.0,318122914359.8218,318122914359.8218,1379.853966011582,357884656335.3599,11.0,0.0,0.0,0.0,0.0,0.0,0.0
own:11,15,0,595.2,660741293125.3497,660741293125.3497,2865.9566874060556,1479256579519.4878,11.0,0.0,0.0,0.0,0.0,0.0,0.0
own:11,15,1,148.8,330370646562.67487,330370646562.67487,1432.9783437030278,369814144879.87195,11.0,0.0,0.0,0.0,0.0,0.0,0.0
own:11,16,0,595.2,664044999590.9764,664044999590.9764,2880.2864708430857,1479256579519.4878,11.0,0.0,0.0,0.0,0.0,0.0,0.0
own:11,16,1,148.8,332022499795.4882,332022499795.4882,1440.1432354215428,369814144879.87195,11.0,0.0,0.0,0.0,0.0,0.0,0.0
own:11,17,0,556.8000000000001,624309403647.71,624309403647.71,2707.933844926508,1383820671163.3918,11.0,0.0,0.0,0.0,0.0,0.0,0.0
own:11,17,1,139.20000000000002,312154701823.855,312154701823.855,1353.966922463254,345955167790.84796,11.0,0.0,0.0,0.0,0.0,0.0,0.0
own:11,18,0,595.2,670702050711.8757,670702050711.8757,2909.1613427132866,1479256579519.4878,11.0,0.0,0.0,0.0,0.0,0.0,0.0
own:11,18,1,148.8,335351025355.93787,335351025355.93787,1454.5806713566433,369814144879.87195,11.0,0.0,0.0,0.0,0.0,0.0,0.0
own:11,19,0,576.0,652311833192.3566,652311833192.3566,2829.394015574374,1431538625341.4397,11.0,0.0,0.0,0.0,0.0,0.0,0.0
own:11,19,1,144.0,326155916596.1783,326155916596.1783,1414.697007787187,357884656335.3599,11.0,0.0,0.0,0.0,0.0,0.0,0.0
own:11,20,0,595.2,677425838770.2622,677425838770.2622,2938.325685173987,1479256579519.4878,11.0,0.0,0.0,0.0,0.0,0.0,0.0
own:11,20,1,148.8,338712919385.1311,338712919385.1311,1469.1628425869935,369814144879.87195,11.0,0.0,0.0,0.0,0.0,0.0,0.0
own:11,21,0,576.0,658851259320.1097,658851259320.1097,2857.7586905805065,1431538625341.4397,11.0,0.0,0.0,0.0,0.0,0.0,0.0
own:11,21,1,144.0,329425629660.0549,329425629660.0549,1428.8793452902532,357884656335.3599,11.0,0.0,0.0,0.0,0.0,0.0,0.0
own:11,22,0,595.2,684217032803.934,684217032803.934,2967.782400167856,1479256579519.4878,11.0,0.0,0.0,0.0,0.0,0.0,0.0
own:11,22,1,148.8,342108516401.967,342108516401.967,1483.891200083928,369814144879.87195,11.0,0.0,0.0,0.0,0.0,0.0,0.0
own:11,23,0,595.2,687638117967.9535,687638117967.9535,2982.621312168694,1479256579519.4878,11.0,0.0,0.0,0.0,0.0,0.0,0.0
own:11,23,1,148.8,343819058983.97675,343819058983.97675,1491.310656084347,369814144879.87195,11.0,0.0,0.0,0.0,0.0,0.0,0.0
own:11,24,0,576.0,668783524410.7677,668783524410.7677,2900.839760060843,1431538625341.4397,11.0,0.0,0.0,0.0,0.0,0.0,0.0
own:11,24,1,144.0,334391762205.38385,334391762205.38385,1450.4198800304216,357884656335.3599,11.0,0.0,0.0,0.0,0.0,0.0,0.0
own:11,25,0,595.2,694531690100.5822,694531690100.5822,3012.5220908231854,1479256579519.4878,11.0,0.0,0.0,0.0,0.0,0.0,0.0
own:11,25,1,148.8,347265845050.2911,347265845050.2911,1506.2610454115927,369814144879.87195,11.0,0.0,0.0,0.0,0.0,0.0,0.0
own:11,26,0,576.0,675488079242.9854,675488079242.9854,2929.920678655452,1431538625341.4397,11.0,0.0,0.0,0.0,0.0,0.0,0.0
own:11,26,1,144.0,337744039621.4927,337744039621.4927,1464.960339327726,357884656335.3599,11.0,0.0,0.0,0.0,0.0,0.0,0.0
own:11,27,0,595.2,701494370293.8403,701494370293.8403,3042.722624783687,1479256579519.4878,11.0,0.0,0.0,0.0,0.0,0.0,0.0
own:11,27,1,148.8,350747185146.92017,350747185146.92017,1521.3613123918435,369814144879.87195,11.0,0.0,0.0,0.0,0.0,0.0,0.0
own:11,28,0,595.2,705001842145.3094,705001842145.3094,3057.936237907605,1479256579519.4878,11.0,0.0,0.0,0.0,0.0,0.0,0.0
own:11,28,1,148.8,352500921072.6547,352500921072.6547,1528.9681189538026,369814144879.87195,11.0,0.0,0.0,0.0,0.0,0.0,0.0
own:11,29,0,537.6,639959736708.6776,639959736708.6776,2775.8169591845162,1336102716985.3438,11.0,0.0,0.0,0.0,0.0,0.0,0.0
own:11,29,1,134.4,319979868354.3388,319979868354.3388,1387.9084795922581,334025679246.33594,11.0,0.0,0.0,0.0,0.0,0.0,0.0
own:11,30,0,595.2,712069485612.816,712069485612.816,3088.5920486926284,1479256579519.4878,11.0,0.0,0.0,0.0,0.0,0.0,0.0
own:11,30,1,148.8,356034742806.408,356034742806.408,1544.2960243463142,369814144879.87195,11.0,0.0,0.0,0.0,0.0,0.0,0.0
own:11,31,0,576.0,692544999716.9807,692544999716.9807,3003.9048473575076,1431538625341.4397,11.0,0.0,0.0,0.0,0.0,0.0,0.0
own:11,31,1,144.0,346272499858.49036,346272499858.49036,1501.9524236787538,357884656335.3599,11.0,0.0,0.0,0.0,0.0,0.0,0.0
own:11,32,0,595.2,719207982206.0844,719207982206.0844,3119.5551839807713,1479256579519.4878,11.0,0.0,0.0,0.0,0.0,0.0,0.0
own:11,32,1,148.8,359603991103.0422,359603991103.0422,1559.7775919903856,369814144879.87195,11.0,0.0,0.0,0.0,0.0,0.0,0.0
own:11,33,0,576.0,699487763339.1433,699487763339.1433,3034.018993452266,1431538625341.4397,11.0,0.0,0.0,0.0,0.0,0.0,0.0
own:11,33,1,144.0,349743881669.57166,349743881669.57166,1517.009496726133,357884656335.3599,11.0,0.0,0.0,0.0,0.0,0.0,0.0
own:11,34,0,595.2,726418042227.7002,726418042227.7002,3150.8287247001776,1479256579519.4878,11.0,0.0,0.0,0.0,0.0,0.0,0.0
own:11,34,1,148.8,363209021113.8501,363209021113.8501,1575.4143623500888,369814144879.87195,11.0,0.0,0.0,0.0,0.0,0.0,0.0
own:11,35,0,595.2,730050132438.8386,730050132438.8386,3166.582868323678,1479256579519.4878,11.0,0.0,0.0,0.0,0.0,0.0,0.0
own:11,35,1,148.8,365025066219.4193,365025066219.4193,1583.291434161839,369814144879.87195,11.0,0.0,0.0,0.0,0.0,0.0,0.0
own:11,36,0,576.0,710032628807.451,710032628807.451,3079.757209030932,1431538625341.4397,11.0,0.0,0.0,0.0,0.0,0.0,0.0
own:11,36,1,144.0,355016314403.7255,355016314403.7255,1539.878604515466,357884656335.3599,11.0,0.0,0.0,0.0,0.0,0.0,0.0
own:12,1,0,595.2,616178562048.0001,0.0,0.0,0.0,0.0,537730733635.1999,78447828412.80023,2380.0,2332.3999999999996,4.0,2380.0
own:12,1,1,148.8,308089281024.00006,0.0,0.0,0.0,0.0,133754871559.67998,174334409464.32007,592.0,580.16,4.0,592.0
own:12,2,0,576.0,599283343411.2001,0.0,0.0,0.0,0.0,520559500124.1599,78723843287.04016,2304.0,2257.92,4.0,2304.0
own:12,2,1,144.0,299641671705.60004,0.0,0.0,0.0,0.0,130139875031.03998,169501796674.56006,576.0,564.48,4.0,576.0
own:12,3,0,595.2,622355752132.5311,0.0,0.0,0.0,0.0,537730733635.1999,84625018497.33124,2380.0,2332.3999999999996,4.0,2380.0
own:12,3,1,148.8,311177876066.26556,0.0,0.0,0.0,0.0,133754871559.67998,177423004506.58557,592.0,580.16,4.0,592.0
own:12,4,0,595.2,625467530893.1937,0.0,0.0,0.0,0.0,537730733635.1999,87736797257.99384,2380.0,2332.3999999999996,4.0,2380.0
own:12,4,1,148.8,312733765446.59686,0.0,0.0,0.0,0.0,133754871559.67998,178978893886.91687,592.0,580.16,4.0,592.0
own:12,5,0,537.6,567763107075.3055,0.0,0.0,0.0,0.0,485313283969.9199,82449823105.38562,2148.0,2105.04,4.0,2148.0
own:12,5,1,134.4,283881553537.6528,0.0,0.0,0.0,0.0,121102383709.43997,162779169828.2128,536.0,525.28,4.0,536.0
own:12,6,0,595.2,631737842890.3978,0.0,0.0,0.0,0.0,537730733635.1999,94007109255.19794,2380.0,2332.3999999999996,4.0,2380.0
own:12,6,1,148.8,315868921445.1989,0.0,0.0,0.0,0.0,133754871559.67998,182114049885.51892,592.0,580.16,4.0,592.0
own:12,7,0,576.0,614415998811.145,614415998811.145,2665.0213312882997,1561678500372.4797,12.0,0.0,0.0,0.0,0.0,0.0,0.0
own:12,7,1,144.0,307207999405.5725,307207999405.5725,1332.5106656441499,390419625093.11993,12.0,0.0,0.0,0.0,0.0,0.0,0.0
own:12,8,0,595.2,638071014765.374,638071014765.374,2767.624652542899,1613734450384.8958,12.0,0.0,0.0,0.0,0.0,0.0,0.0
own:12,8,1,148.8,319035507382.687,319035507382.687,1383.8123262714496,403433612596.22394,12.0,0.0,0.0,0.0,0.0,0.0,0.0
own:12,9,0,576.0,620575519199.2267,620575519199.2267,2691.738170134465,1561678500372.4797,12.0,0.0,0.0,0.0,0.0,0.0,0.0
own:12,9,1,144.0,310287759599.61334,310287759599.61334,1345.8690850672324,390419625093.11993,12.0,0.0,0.0,0.0,0.0,0.0,0.0
own:12,10,0,595.2,644467676688.3967,644467676688.3967,2795.370089684641,1613734450384.8958,12.0,0.0,0.0,0.0,0.0,0.0,0.0
own:12,10,1,148.8,322233838344.19836,322233838344.19836,1397.6850448423204,403433612596.22394,12.0,0.0,0.0,0.0,0.0,0.0,0.0
own:12,11,0,595.2,647690015071.8387,647690015071.8387,2809.346940133064,1613734450384.8958,12.0,0.0,0.0,0.0,0.0,0.0,0.0
own:12,11,1,148.8,323845007535.9194,323845007535.9194,1404.673470066532,403433612596.22394,12.0,0.0,0.0,0.0,0.0,0.0,0.0
own:12,12,0,576.0,629930772723.0947,629930772723.0947,2732.316459516512,1561678500372.4797,12.0,0.0,0.0,0.0,0.0,0.0,0.0
own:12,12,1,144.0,314965386361.54736,314965386361.54736,1366.158229758256,390419625093.11993,12.0,0.0,0.0,0.0,0.0,0.0,0.0
own:12,13,0,595.2,654183107472.9337,654183107472.9337,2837.5106432078974,1613734450384.8958,12.0,0.0,0.0,0.0,0.0,0.0,0.0
own:12,13,1,148.8,327091553736.46686,327091553736.46686,1418.7553216039487,403433612596.22394,12.0,0.0,0.0,0.0,0.0,0.0,0.0
own:12,14,0,576.0,636245828719.6436,636245828719.6436,2759.707932023164,1561678500372.4797,12.0,0.0,0.0,0.0,0.0,0.0,0.0
own:12,14,1,144.0,318122914359.8218,318122914359.8218,1379.853966011582,390419625093.11993,12.0,0.0,0.0,0.0,0.0,0.0,0.0
own:12,15,0,595.2,660741293125.3497,660741293125.3497,2865.9566874060556,1613734450384.8958,12.0,0.0,0.0,0.0,0.0,0.0,0.0
own:12,15,1,148.8,330370646562.67487,330370646562.67487,1432.9783437030278,403433612596.22394,12.0,0.0,0.0,0.0,0.0,0.0,0.0
own:12,16,0,595.2,664044999590.9764,664044999590.9764,2880.2864708430857,1613734450384.8958,12.0,0.0,0.0,0.0,0.0,0.0,0.0
own:12,16,1,148.8,332022499795.4882,332022499795.4882,1440.1432354215428,403433612596.22394,12.0,0.0,0.0,0.0,0.0,0.0,0.0
own:12,17,0,556.8000000000001,624309403647.71,624309403647.71,2707.933844926508,1509622550360.064,12.0,0.0,0.0,0.0,0.0,0.0,0.0
own:12,17,1,139.20000000000002,312154701823.855,312154701823.855,1353.966922463254,377405637590.016,12.0,0.0,0.0,0.0,0.0,0.0,0.0
own:12,18,0,595.2,670702050711.8757,670702050711.8757,2909.1613427132866,1613734450384.8958,12.0,0.0,0.0,0.0,0.0,0.0,0.0
own:12,18,1,148.8,335351025355.93787,335351025355.93787,1454.5806713566433,403433612596.22394,12.0,0.0,0.0,0.0,0.0,0.0,0.0
own:12,19,0,576.0,652311833192.3566,652311833192.3566,2829.394015574374,1561678500372.4797,12.0,0.0,0.0,0.0,0.0,0.0,0.0
own:12,19,1,144.0,326155916596.1783,326155916596.1783,1414.697007787187,390419625093.11993,12.0,0.0,0.0,0.0,0.0,0.0,0.0
own:12,20,0,595.2,677425838770.2622,677425838770.2622,2938.325685173987,1613734450384.8958,12.0,0.0,0.0,0.0,0.0,0.0,0.0
own:12,20,1,148.8,338712919385.1311,338712919385.1311,1469.1628425869935,403433612596.22394,12.0,0.0,0.0,0.0,0.0,0.0,0.0
own:12,21,0,576.0,658851259320.1097,658851259320.1097,2857.7586905805065,1561678500372.4797,12.0,0.0,0.0,0.0,0.0,0.0,0.0
own:12,21,1,144.0,329425629660.0549,329425629660.0549,1428.8793452902532,390419625093.11993,12.0,0.0,0.0,0.0,0.0,0.0,0.0
own:12,22,0,595.2,684217032803.934,684217032803.934,2967.782400167856,1613734450384.8958,12.0,0.0,0.0,0.0,0.0,0.0,0.0
own:12,22,1,148.8,342108516401.967,342108516401.967,1483.891200083928,403433612596.22394,12.0,0.0,0.0,0.0,0.0,0.0,0.0
own:12,23,0,595.2,687638117967.9535,687638117967.9535,2982.621312168694,1613734450384.8958,12.0,0.0,0.0,0.0,0.0,0.0,0.0
own:12,23,1,148.8,343819058983.97675,343819058983.97675,1491.310656084347,403433612596.22394,12.0,0.0,0.0,0.0,0.0,0.0,0.0
own:12,24,0,576.0,668783524410.7677,668783524410.7677,2900.839760060843,1561678500372.4797,12.0,0.0,0.0,0.0,0.0,0.0,0.0
own:12,24,1,144.0,334391762205.38385,334391762205.38385,1450.4198800304216,390419625093.11993,12.0,0.0,0.0,0.0,0.0,0.0,0.0
own:12,25,0,595.2,694531690100.5822,694531690100.5822,3012.5220908231854,1613734450384.8958,12.0,0.0,0.0,0.0,0.0,0.0,0.0
own:12,25,1,148.8,347265845050.2911,347265845050.2911,1506.2610454115927,403433612596.22394,12.0,0.0,0.0,0.0,0.0,0.0,0.0
own:12,26,0,576.0,675488079242.9854,675488079242.9854,2929.920678655452,1561678500372.4797,12.0,0.0,0.0,0.0,0.0,0.0,0.0
own:12,26,1,144.0,337744039621.4927,337744039621.4927,1464.960339327726,390419625093.11993,12.0,0.0,0.0,0.0,0.0,0.0,0.0
own:12,27,0,595.2,701494370293.8403,701494370293.8403,3042.722624783687,1613734450384.8958,12.0,0.0,0.0,0.0,0.0,0.0,0.0
own:12,27,1,148.8,350747185146.92017,350747185146.92017,1521.3613123918435,403433612596.22394,12.0,0.0,0.0,0.0,0.0,0.0,0.0
own:12,28,0,595.2,705001842145.3094,705001842145.3094,3057.936237907605,1613734450384.8958,12.0,0.0,0.0,0.0,0.0,0.0,0.0
own:12,28,1,148.8,352500921072.6547,352500921072.6547,1528.9681189538026,403433612596.22394,12.0,0.0,0.0,0.0,0.0,0.0,0.0
own:12,29,0,537.6,639959736708.6776,639959736708.6776,2775.8169591845162,1457566600347.6477,12.0,0.0,0.0,0.0,0.0,0.0,0.0
own:12,29,1,134.4,319979868354.3388,319979868354.3388,1387.9084795922581,364391650086.9119,12.0,0.0,0.0,0.0,0.0,0.0,0.0
own:12,30,0,595.2,712069485612.816,712069485612.816,3088.5920486926284,1613734450384.8958,12.0,0.0,0.0,0.0,0.0,0.0,0.0
own:12,30,1,148.8,356034742806.408,356034742806.408,1544.2960243463142,403433612596.22394,12.0,0.0,0.0,0.0,0.0,0.0,0.0
own:12,31,0,576.0,692544999716.9807,692544999716.9807,3003.9048473575076,1561678500372.4797,12.0,0.0,0.0,0.0,0.0,0.0,0.0
own:12,31,1,144.0,346272499858.49036,346272499858.49036,1501.9524236787538,390419625093.11993,12.0,0.0,0.0,0.0,0.0,0.0,0.0
own:12,32,0,595.2,719207982206.0844,719207982206.0844,3119.5551839807713,1613734450384.8958,12.0,0.0,0.0,0.0,0.0,0.0,0.0
own:12,32,1,148.8,359603991103.0422,359603991103.0422,1559.7775919903856,403433612596.22394,12.0,0.0,0.0,0.0,0.0,0.0,0.0
own:12,33,0,576.0,699487763339.1433,699487763339.1433,3034.018993452266,1561678500372.4797,12.0,0.0,0.0,0.0,0.0,0.0,0.0
own:12,33,1,144.0,349743881669.57166,349743881669.57166,1517.009496726133,390419625093.11993,12.0,0.0,0.0,0.0,0.0,0.0,0.0
own:12,34,0,595.2,726418042227.7002,726418042227.7002,3150.8287247001776,1613734450384.8958,12.0,0.0,0.0,0.0,0.0,0.0,0.0
own:12,34,1,148.8,363209021113.8501,363209021113.8501,1575.4143623500888,403433612596.22394,12.0,0.0,0.0,0.0,0.0,0.0,0.0
own:12,35,0,595.2,730050132438.8386,730050132438.8386,3166.582868323678,1613734450384.8958,12.0,0.0,0.0,0.0,0.0,0.0,0.0
own:12,35,1,148.8,365025066219.4193,365025066219.4193,1583.291434161839,403433612596.22394,12.0,0.0,0.0,0.0,0.0,0.0,0.0
own:12,36,0,576.0,710032628807.451,710032628807.451,3079.757209030932,1561678500372.4797,12.0,0.0,0.0,0.0,0.0,0.0,0.0
own:12,36,1,144.0,355016314403.7255,355016314403.7255,1539.878604515466,390419625093.11993,12.0,0.0,0.0,0.0,0.0,0.0,0.0
own:13,1,0,595.2,616178562048.0001,0.0,0.0,0.0,0.0,537730733635.1999,78447828412.80023,2380.0,2332.3999999999996,4.0,2380.0
own:13,1,1,148.8,308089281024.00006,0.0,0.0,0.0,0.0,133754871559.67998,174334409464.32007,592.0,580.16,4.0,592.0
own:13,2,0,576.0,599283343411.2001,0.0,0.0,0.0,0.0,520559500124.1599,78723843287.04016,2304.0,2257.92,4.0,2304.0
own:13,2,1,144.0,299641671705.60004,0.0,0.0,0.0,0.0,130139875031.03998,169501796674.56006,576.0,564.48,4.0,576.0
own:13,3,0,595.2,622355752132.5311,0.0,0.0,0.0,0.0,537730733635.1999,84625018497.33124,2380.0,2332.3999999999996,4.0,2380.0
own:13,3,1,148.8,311177876066.26556,0.0,0.0,0.0,0.0,133754871559.67998,177423004506.58557,592.0,580.16,4.0,592.0
own:13,4,0,595.2,625467530893.1937,0.0,0.0,0.0,0.0,537730733635.1999,87736797257.99384,2380.0,2332.3999999999996,4.0,2380.0
own:13,4,1,148.8,312733765446.59686,0.0,0.0,0.0,0.0,133754871559.67998,178978893886.91687,592.0,580.16,4.0,592.0
own:13,5,0,537.6,567763107075.3055,0.0,0.0,0.0,0.0,485313283969.9199,82449823105.38562,2148.0,2105.04,4.0,2148.0
own:13,5,1,134.4,283881553537.6528,0.0,0.0,0.0,0.0,121102383709.43997,162779169828.2128,536.0,525.28,4.0,536.0
own:13,6,0,595.2,631737842890.3978,0.0,0.0,0.0,0.0,537730733635.1999,94007109255.19794,2380.0,2332.3999999999996,4.0,2380.0
own:13,6,1,148.8,315868921445.1989,0.0,0.0,0.0,0.0,133754871559.67998,182114049885.51892,592.0,580.16,4.0,592.0
own:13,7,0,576.0,614415998811.145,614415998811.145,2665.0213312882997,1691818375403.5198,13.0,0.0,0.0,0.0,0.0,0.0,0.0
own:13,7,1,144.0,307207999405.5725,307207999405.5725,1332.5106656441499,422954593850.87994,13.0,0.0,0.0,0.0,0.0,0.0,0.0
own:13,8,0,595.2,638071014765.374,638071014765.374,2767.624652542899,1748212321250.304,13.0,0.0,0.0,0.0,0.0,0.0,0.0
own:13,8,1,148.8,319035507382.687,319035507382.687,1383.8123262714496,437053080312.576,13.0,0.0,0.0,0.0,0.0,0.0,0.0
own:13,9,0,576.0,620575519199.2267,620575519199.2267,2691.738170134465,1691818375403.5198,13.0,0.0,0.0,0.0,0.0,0.0,0.0
own:13,9,1,144.0,310287759599.61334,310287759599.61334,1345.8690850672324,422954593850.87994,13.0,0.0,0.0,0.0,0.0,0.0,0.0
own:13,10,0,595.2,644467676688.3967,644467676688.3967,2795.370089684641,1748212321250.304,13.0,0.0,0.0,0.0,0.0,0.0,0.0
own:13,10,1,148.8,322233838344.19836,322233838344.19836,1397.6850448423204,437053080312.576,13.0,0.0,0.0,0.0,0.0,0.0,0.0
own:13,11,0,595.2,647690015071.8387,647690015071.8387,2809.346940133064,1748212321250.304,13.0,0.0,0.0,0.0,0.0,0.0,0.0
own:13,11,1,148.8,323845007535.9194,323845007535.9194,1404.673470066532,437053080312.576,13.0,0.0,0.0,0.0,0.0,0.0,0.0
own:13,12,0,576.0,629930772723.0947,629930772723.0947,2732.316459516512,1691818375403.5198,13.0,0.0,0.0,0.0,0.0,0.0,0.0
own:13,12,1,144.0,314965386361.54736,314965386361.54736,1366.158229758256,422954593850.87994,13.0,0.0,0.0,0.0,0.0,0.0,0.0
own:13,13,0,595.2,654183107472.9337,654183107472.9337,2837.5106432078974,1748212321250.304,13.0,0.0,0.0,0.0,0.0,0.0,0.0
own:13,13,1,148.8,327091553736.46686,327091553736.46686,1418.7553216039487,437053080312.576,13.0,0.0,0.0,0.0,0.0,0.0,0.0
own:13,14,0,576.0,636245828719.6436,636245828719.6436,2759.707932023164,1691818375403.5198,13.0,0.0,0.0,0.0,0.0,0.0,0.0
own:13,14,1,144.0,318122914359.8218,318122914359.8218,1379.853966011582,422954593850.87994,13.0,0.0,0.0,0.0,0.0,0.0,0.0
own:13,15,0,595.2,660741293125.3497,660741293125.3497,2865.9566874060556,1748212321250.304,13.0,0.0,0.0,0.0,0.0,0.0,0.0
own:13,15,1,148.8,330370646562.67487,330370646562.67487,1432.9783437030278,437053080312.576,13.0,0.0,0.0,0.0,0.0,0.0,0.0
own:13,16,0,595.2,664044999590.9764,664044999590.9764,2880.2864708430857,1748212321250.304,13.0,0.0,0.0,0.0,0.0,0.0,0.0
own:13,16,1,148.8,332022499795.4882,332022499795.4882,1440.1432354215428,437053080312.576,13.0,0.0,0.0,0.0,0.0,0.0,0.0
own:13,17,0,556.8000000000001,624309403647.71,624309403647.71,2707.933844926508,1635424429556.7358,13.0,0.0,0.0,0.0,0.0,0.0,0.0
own:13,17,1,139.20000000000002,312154701823.855,312154701823.855,1353.966922463254,408856107389.18396,13.0,0.0,0.0,0.0,0.0,0.0,0.0
own:13,18,0,595.2,670702050711.8757,670702050711.8757,2909.1613427132866,1748212321250.304,13.0,0.0,0.0,0.0,0.0,0.0,0.0
own:13,18,1,148.8,335351025355.93787,335351025355.93787,1454.5806713566433,437053080312.576,13.0,0.0,0.0,0.0,0.0,0.0,0.0
own:13,19,0,576.0,652311833192.3566,652311833192.3566,2829.394015574374,1691818375403.5198,13.0,0.0,0.0,0.0,0.0,0.0,0.0
own:13,19,1,144.0,326155916596.1783,326155916596.1783,1414.697007787187,422954593850.87994,13.0,0.0,0.0,0.0,0.0,0.0,0.0
own:13,20,0,595.2,677425838770.2622,677425838770.2622,2938.325685173987,1748212321250.304,13.0,0.0,0.0,0.0,0.0,0.0,0.0
own:13,20,1,148.8,338712919385.1311,338712919385.1311,1469.1628425869935,437053080312.576,13.0,0.0,0.0,0.0,0.0,0.0,0.0
own:13,21,0,576.0,658851259320.1097,658851259320.1097,2857.7586905805065,1691818375403.5198,13.0,0.0,0.0,0.0,0.0,0.0,0.0
own:13,21,1,144.0,329425629660.0549,329425629660.0549,1428.8793452902532,422954593850.87994,13.0,0.0,0.0,0.0,0.0,0.0,0.0
own:13,22,0,595.2,684217032803.934,684217032803.934,2967.782400167856,1748212321250.304,13.0,0.0,0.0,0.0,0.0,0.0,0.0
own:13,22,1,148.8,342108516401.967,342108516401.967,1483.891200083928,437053080312.576,13.0,0.0,0.0,0.0,0.0,0.0,0.0
own:13,23,0,595.2,687638117967.9535,687638117967.9535,2982.621312168694,1748212321250.304,13.0,0.0,0.0,0.0,0.0,0.0,0.0
own:13,23,1,148.8,343819058983.97675,343819058983.97675,1491.310656084347,437053080312.576,13.0,0.0,0.0,0.0,0.0,0.0,0.0
own:13,24,0,576.0,668783524410.7677,668783524410.7677,2900.839760060843,1691818375403.5198,13.0,0.0,0.0,0.0,0.0,0.0,0.0
own:13,24,1,144.0,334391762205.38385,334391762205.38385,1450.4198800304216,422954593850.87994,13.0,0.0,0.0,0.0,0.0,0.0,0.0
own:13,25,0,595.2,694531690100.5822,694531690100.5822,3012.5220908231854,1748212321250.304,13.0,0.0,0.0,0.0,0.0,0.0,0.0
own:13,25,1,148.8,347265845050.2911,347265845050.2911,1506.2610454115927,437053080312.576,13.0,0.0,0.0,0.0,0.0,0.0,0.0
own:13,26,0,576.0,675488079242.9854,675488079242.9854,2929.920678655452,1691818375403.5198,13.0,0.0,0.0,0.0,0.0,0.0,0.0
own:13,26,1,144.0,337744039621.4927,337744039621.4927,1464.960339327726,422954593850.87994,13.0,0.0,0.0,0.0,0.0,0.0,0.0
own:13,27,0,595.2,701494370293.8403,701494370293.8403,3042.722624783687,1748212321250.304,13.0,0.0,0.0,0.0,0.0,0.0,0.0
own:13,27,1,148.8,350747185146.92017,350747185146.92017,1521.3613123918435,437053080312.576,13.0,0.0,0.0,0.0,0.0,0.0,0.0
own:13,28,0,595.2,705001842145.3094,705001842145.3094,3057.936237907605,1748212321250.304,13.0,0.0,0.0,0.0,0.0,0.0,0.0
own:13,28,1,148.8,352500921072.6547,352500921072.6547,1528.9681189538026,437053080312.576,13.0,0.0,0.0,0.0,0.0,0.0,0.0
own:13,29,0,537.6,639959736708.6776,639959736708.6776,2775.8169591845162,1579030483709.952,13.0,0.0,0.0,0.0,0.0,0.0,0.0
own:13,29,1,134.4,319979868354.3388,319979868354.3388,1387.9084795922581,394757620927.488,13.0,0.0,0.0,0.0,0.0,0.0,0.0
own:13,30,0,595.2,712069485612.816,712069485612.816,3088.5920486926284,1748212321250.304,13.0,0.0,0.0,0.0,0.0,0.0,0.0
own:13,30,1,148.8,356034742806.408,356034742806.408,1544.2960243463142,437053080312.576,13.0,0.0,0.0,0.0,0.0,0.0,0.0
own:13,31,0,576.0,692544999716.9807,692544999716.9807,3003.9048473575076,1691818375403.5198,13.0,0.0,0.0,0.0,0.0,0.0,0.0
own:13,31,1,144.0,346272499858.49036,346272499858.49036,1501.9524236787538,422954593850.87994,13.0,0.0,0.0,0.0,0.0,0.0,0.0
own:13,32,0,595.2,719207982206.0844,719207982206.0844,3119.5551839807713,1748212321250.304,13.0,0.0,0.0,0.0,0.0,0.0,0.0
own:13,32,1,148.8,359603991103.0422,359603991103.0422,1559.7775919903856,437053080312.576,13.0,0.0,0.0,0.0,0.0,0.0,0.0
own:13,33,0,576.0,699487763339.1433,699487763339.1433,3034.018993452266,1691818375403.5198,13.0,0.0,0.0,0.0,0.0,0.0,0.0
own:13,33,1,144.0,349743881669.57166,349743881669.57166,1517.009496726133,422954593850.87994,13.0,0.0,0.0,0.0,0.0,0.0,0.0
own:13,34,0,595.2,726418042227.7002,726418042227.7002,3150.8287247001776,1748212321250.304,13.0,0.0,0.0,0.0,0.0,0.0,0.0
own:13,34,1,148.8,363209021113.8501,363209021113.8501,1575.4143623500888,437053080312.576,13.0,0.0,0.0,0.0,0.0,0.0,0.0
own:13,35,0,595.2,730050132438.8386,730050132438.8386,3166.582868323678,1748212321250.304,13.0,0.0,0.0,0.0,0.0,0.0,0.0
own:13,35,1,148.8,365025066219.4193,365025066219.4193,1583.291434161839,437053080312.576,13.0,0.0,0.0,0.0,0.0,0.0,0.0
own:13,36,0,576.0,710032628807.451,710032628807.451,3079.757209030932,1691818375403.5198,13.0,0.0,0.0,0.0,0.0,0.0,0.0
own:13,36,1,144.0,355016314403.7255,355016314403.7255,1539.878604515466,422954593850.87994,13.0,0.0,0.0,0.0,0.0,0.0,0.0
own:14,1,0,595.2,616178562048.0001,0.0,0.0,0.0,0.0,537730733635.1999,78447828412.80023,2380.0,2332.3999999999996,4.0,2380.0
own:14,1,1,148.8,308089281024.00006,0.0,0.0,0.0,0.0,133754871559.67998,174334409464.32007,592.0,580.16,4.0,592.0
own:14,2,0,576.0,599283343411.2001,0.0,0.0,0.0,0.0,520559500124.1599,78723843287.04016,2304.0,2257.92,4.0,2304.0
own:14,2,1,144.0,299641671705.60004,0.0,0.0,0.0,0.0,130139875031.03998,169501796674.56006,576.0,564.48,4.0,576.0
own:14,3,0,595.2,622355752132.5311,0.0,0.0,0.0,0.0,537730733635.1999,84625018497.33124,2380.0,2332.3999999999996,4.0,2380.0
own:14,3,1,148.8,311177876066.26556,0.0,0.0,0.0,0.0,133754871559.67998,177423004506.58557,592.0,580.16,4.0,592.0
own:14,4,0,595.2,625467530893.1937,0.0,0.0,0.0,0.0,537730733635.1999,87736797257.99384,2380.0,2332.3999999999996,4.0,2380.0
own:14,4,1,148.8,312733765446.59686,0.0,0.0,0.0,0.0,133754871559.67998,178978893886.91687,592.0,580.16,4.0,592.0
own:14,5,0,537.6,567763107075.3055,0.0,0.0,0.0,0.0,485313283969.9199,82449823105.38562,2148.0,2105.04,4.0,2148.0
own:14,5,1,134.4,283881553537.6528,0.0,0.0,0.0,0.0,121102383709.43997,162779169828.2128,536.0,525.28,4.0,536.0
own:14,6,0,595.2,631737842890.3978,0.0,0.0,0.0,0.0,537730733635.1999,94007109255.19794,2380.0,2332.3999999999996,4.0,2380.0
own:14,6,1,148.8,315868921445.1989,0.0,0.0,0.0,0.0,133754871559.67998,182114049885.51892,592.0,580.16,4.0,592.0
own:14,7,0,576.0,614415998811.145,614415998811.145,2665.0213312882997,1821958250434.5596,14.0,0.0,0.0,0.0,0.0,0.0,0.0
own:14,7,1,144.0,307207999405.5725,307207999405.5725,1332.5106656441499,455489562608.6399,14.0,0.0,0.0,0.0,0.0,0.0,0.0
own:14,8,0,595.2,638071014765.374,638071014765.374,2767.624652542899,1882690192115.712,14.0,0.0,0.0,0.0,0.0,0.0,0.0
own:14,8,1,148.8,319035507382.687,319035507382.687,1383.8123262714496,470672548028.928,14.0,0.0,0.0,0.0,0.0,0.0,0.0
own:14,9,0,576.0,620575519199.2267,620575519199.2267,2691.738170134465,1821958250434.5596,14.0,0.0,0.0,0.0,0.0,0.0,0.0
own:14,9,1,144.0,310287759599.61334,310287759599.61334,1345.8690850672324,455489562608.6399,14.0,0.0,0.0,0.0,0.0,0.0,0.0
own:14,10,0,595.2,644467676688.3967,644467676688.3967,2795.370089684641,1882690192115.712,14.0,0.0,0.0,0.0,0.0,0.0,0.0
own:14,10,1,148.8,322233838344.19836,322233838344.19836,1397.6850448423204,470672548028.928,14.0,0.0,0.0,0.0,0.0,0.0,0.0
own:14,11,0,595.2,647690015071.8387,647690015071.8387,2809.346940133064,1882690192115.712,14.0,0.0,0.0,0.0,0.0,0.0,0.0
own:14,11,1,148.8,323845007535.9194,323845007535.9194,1404.673470066532,470672548028.928,14.0,0.0,0.0,0.0,0.0,0.0,0.0
own:14,12,0,576.0,629930772723.0947,629930772723.0947,2732.316459516512,1821958250434.5596,14.0,0.0,0.0,0.0,0.0,0.0,0.0
own:14,12,1,144.0,314965386361.54736,314965386361.54736,1366.158229758256,455489562608.6399,14.0,0.0,0.0,0.0,0.0,0.0,0.0
own:14,13,0,595.2,654183107472.9337,654183107472.9337,2837.5106432078974,1882690192115.712,14.0,0.0,0.0,0.0,0.0,0.0,0.0
own:14,13,1,148.8,327091553736.46686,327091553736.46686,1418.7553216039487,470672548028.928,14.0,0.0,0.0,0.0,0.0,0.0,0.0
own:14,14,0,576.0,636245828719.6436,636245828719.6436,2759.707932023164,1821958250434.5596,14.0,0.0,0.0,0.0,0.0,0.0,0.0
own:14,14,1,144.0,318122914359.8218,318122914359.8218,1379.853966011582,455489562608.6399,14.0,0.0,0.0,0.0,0.0,0.0,0.0
own:14,15,0,595.2,660741293125.3497,660741293125.3497,2865.9566874060556,1882690192115.712,14.0,0.0,0.0,0.0,0.0,0.0,0.0
own:14,15,1,148.8,330370646562.67487,330370646562.67487,1432.9783437030278,470672548028.928,14.0,0.0,0.0,0.0,0.0,0.0,0.0
own:14,16,0,595.2,664044999590.9764,664044999590.9764,2880.2864708430857,1882690192115.712,14.0,0.0,0.0,0.0,0.0,0.0,0.0
own:14,16,1,148.8,332022499795.4882,332022499795.4882,1440.1432354215428,470672548028.928,14.0,0.0,0.0,0.0,0.0,0.0,0.0
own:14,17,0,556.8000000000001,624309403647.71,624309403647.71,2707.933844926508,1761226308753.408,14.0,0.0,0.0,0.0,0.0,0.0,0.0
own:14,17,1,139.20000000000002,312154701823.855,312154701823.855,1353.966922463254,440306577188.352,14.0,0.0,0.0,0.0,0.0,0.0,0.0
own:14,18,0,595.2,670702050711.8757,670702050711.8757,2909.1613427132866,1882690192115.712,14.0,0.0,0.0,0.0,0.0,0.0,0.0
own:14,18,1,148.8,335351025355.93787,335351025355.93787,1454.5806713566433,470672548028.928,14.0,0.0,0.0,0.0,0.0,0.0,0.0
own:14,19,0,576.0,652311833192.3566,652311833192.3566,2829.394015574374,1821958250434.5596,14.0,0.0,0.0,0.0,0.0,0.0,0.0
own:14,19,1,144.0,326155916596.1783,326155916596.1783,1414.697007787187,455489562608.6399,14.0,0.0,0.0,0.0,0.0,0.0,0.0
own:14,20,0,595.2,677425838770.2622,677425838770.2622,2938.325685173987,1882690192115.712,14.0,0.0,0.0,0.0,0.0,0.0,0.0
own:14,20,1,148.8,338712919385.1311,338712919385.1311,1469.1628425869935,470672548028.928,14.0,0.0,0.0,0.0,0.0,0.0,0.0
own:14,21,0,576.0,658851259320.1097,658851259320.1097,2857.7586905805065,1821958250434.5596,14.0,0.0,0.0,0.0,0.0,0.0,0.0
own:14,21,1,144.0,329425629660.0549,329425629660.0549,1428.8793452902532,455489562608.6399,14.0,0.0,0.0,0.0,0.0,0.0,0.0
own:14,22,0,595.2,684217032803.934,684217032803.934,2967.782400167856,1882690192115.712,14.0,0.0,0.0,0.0,0.0,0.0,0.0
own:14,22,1,148.8,342108516401.967,342108516401.967,1483.891200083928,470672548028.928,14.0,0.0,0.0,0.0,0.0,0.0,0.0
own:14,23,0,595.2,687638117967.9535,687638117967.9535,2982.621312168694,1882690192115.712,14.0,0.0,0.0,0.0,0.0,0.0,0.0
own:14,23,1,148.8,343819058983.97675,343819058983.97675,1491.310656084347,470672548028.928,14.0,0.0,0.0,0.0,0.0,0.0,0.0
own:14,24,0,576.0,668783524410.7677,668783524410.7677,2900.839760060843,1821958250434.5596,14.0,0.0,0.0,0.0,0.0,0.0,0.0
own:14,24,1,144.0,334391762205.38385,334391762205.38385,1450.4198800304216,455489562608.6399,14.0,0.0,0.0,0.0,0.0,0.0,0.0
own:14,25,0,595.2,694531690100.5822,694531690100.5822,3012.5220908231854,1882690192115.712,14.0,0.0,0.0,0.0,0.0,0.0,0.0
own:14,25,1,148.8,347265845050.2911,347265845050.2911,1506.2610454115927,470672548028.928,14.0,0.0,0.0,0.0,0.0,0.0,0.0
own:14,26,0,576.0,675488079242.9854,675488079242.9854,2929.920678655452,1821958250434.5596,14.0,0.0,0.0,0.0,0.0,0.0,0.0
own:14,26,1,144.0,337744039621.4927,337744039621.4927,1464.960339327726,455489562608.6399,14.0,0.0,0.0,0.0,0.0,0.0,0.0
own:14,27,0,595.2,701494370293.8403,701494370293.8403,3042.722624783687,1882690192115.712,14.0,0.0,0.0,0.0,0.0,0.0,0.0
own:14,27,1,148.8,350747185146.92017,350747185146.92017,1521.3613123918435,470672548028.928,14.0,0.0,0.0,0.0,0.0,0.0,0.0
own:14,28,0,595.2,705001842145.3094,705001842145.3094,3057.936237907605,1882690192115.712,14.0,0.0,0.0,0.0,0.0,0.0,0.0
own:14,28,1,148.8,352500921072.6547,352500921072.6547,1528.9681189538026,470672548028.928,14.0,0.0,0.0,0.0,0.0,0.0,0.0
own:14,29,0,537.6,639959736708.6776,639959736708.6776,2775.8169591845162,1700494367072.2559,14.0,0.0,0.0,0.0,0.0,0.0,0.0
own:14,29,1,134.4,319979868354.3388,319979868354.3388,1387.9084795922581,425123591768.06396,14.0,0.0,0.0,0.0,0.0,0.0,0.0
own:14,30,0,595.2,712069485612.816,712069485612.816,3088.5920486926284,1882690192115.712,14.0,0.0,0.0,0.0,0.0,0.0,0.0
own:14,30,1,148.8,356034742806.408,356034742806.408,1544.2960243463142,470672548028.928,14.0,0.0,0.0,0.0,0.0,0.0,0.0
own:14,31,0,576.0,692544999716.9807,692544999716.9807,3003.9048473575076,1821958250434.5596,14.0,0.0,0.0,0.0,0.0,0.0,0.0
own:14,31,1,144.0,346272499858.49036,346272499858.49036,1501.9524236787538,455489562608.6399,14.0,0.0,0.0,0.0,0.0,0.0,0.0
own:14,32,0,595.2,719207982206.0844,719207982206.0844,3119.5551839807713,1882690192115.712,14.0,0.0,0.0,0.0,0.0,0.0,0.0
own:14,32,1,148.8,359603991103.0422,359603991103.0422,1559.7775919903856,470672548028.928,14.0,0.0,0.0,0.0,0.0,0.0,0.0
own:14,33,0,576.0,699487763339.1433,699487763339.1433,3034.018993452266,1821958250434.5596,14.0,0.0,0.0,0.0,0.0,0.0,0.0
own:14,33,1,144.0,349743881669.57166,349743881669.57166,1517.009496726133,455489562608.6399,14.0,0.0,0.0,0.0,0.0,0.0,0.0
own:14,34,0,595.2,726418042227.7002,726418042227.7002,3150.8287247001776,1882690192115.712,14.0,0.0,0.0,0.0,0.0,0.0,0.0
own:14,34,1,148.8,363209021113.8501,363209021113.8501,1575.4143623500888,470672548028.928,14.0,0.0,0.0,0.0,0.0,0.0,0.0
own:14,35,0,595.2,730050132438.8386,730050132438.8386,3166.582868323678,1882690192115.712,14.0,0.0,0.0,0.0,0.0,0.0,0.0
own:14,35,1,148.8,365025066219.4193,365025066219.4193,1583.291434161839,470672548028.928,14.0,0.0,0.0,0.0,0.0,0.0,0.0
own:14,36,0,576.0,710032628807.451,710032628807.451,3079.757209030932,1821958250434.5596,14.0,0.0,0.0,0.0,0.0,0.0,0.0
own:14,36,1,144.0,355016314403.7255,355016314403.7255,1539.878604515466,455489562608.6399,14.0,0.0,0.0,0.0,0.0,0.0,0.0
own:15,1,0,595.2,616178562048.0001,0.0,0.0,0.0,0.0,537730733635.1999,78447828412.80023,2380.0,2332.3999999999996,4.0,2380.0
own:15,1,1,148.8,308089281024.00006,0.0,0.0,0.0,0.0,133754871559.67998,174334409464.32007,592.0,580.16,4.0,592.0
own:15,2,0,576.0,599283343411.2001,0.0,0.0,0.0,0.0,520559500124.1599,78723843287.04016,2304.0,2257.92,4.0,2304.0
own:15,2,1,144.0,299641671705.60004,0.0,0.0,0.0,0.0,130139875031.03998,169501796674.56006,576.0,564.48,4.0,576.0
own:15,3,0,595.2,622355752132.5311,0.0,0.0,0.0,0.0,537730733635.1999,84625018497.33124,2380.0,2332.3999999999996,4.0,2380.0
own:15,3,1,148.8,311177876066.26556,0.0,0.0,0.0,0.0,133754871559.67998,177423004506.58557,592.0,580.16,4.0,592.0
own:15,4,0,595.2,625467530893.1937,0.0,0.0,0.0,0.0,537730733635.1999,87736797257.99384,2380.0,2332.3999999999996,4.0,2380.0
own:15,4,1,148.8,312733765446.59686,0.0,0.0,0.0,0.0,133754871559.67998,178978893886.91687,592.0,580.16,4.0,592.0
own:15,5,0,537.6,567763107075.3055,0.0,0.0,0.0,0.0,485313283969.9199,82449823105.38562,2148.0,2105.04,4.0,2148.0
own:15,5,1,134.4,283881553537.6528,0.0,0.0,0.0,0.0,121102383709.43997,162779169828.2128,536.0,525.28,4.0,536.0
own:15,6,0,595.2,631737842890.3978,0.0,0.0,0.0,0.0,537730733635.1999,94007109255.19794,2380.0,2332.3999999999996,4.0,2380.0
own:15,6,1,148.8,315868921445.1989,0.0,0.0,0.0,0.0,133754871559.67998,182114049885.51892,592.0,580.16,4.0,592.0
own:15,7,0,576.0,614415998811.145,614415998811.145,2665.0213312882997,1952098125465.5996,15.0,0.0,0.0,0.0,0.0,0.0,0.0
own:15,7,1,144.0,307207999405.5725,307207999405.5725,1332.5106656441499,488024531366.3999,15.0,0.0,0.0,0.0,0.0,0.0,0.0
own:15,8,0,595.2,638071014765.374,638071014765.374,2767.624652542899,2017168062981.1199,15.0,0.0,0.0,0.0,0.0,0.0,0.0
own:15,8,1,148.8,319035507382.687,319035507382.687,1383.8123262714496,504292015745.27997,15.0,0.0,0.0,0.0,0.0,0.0,0.0
own:15,9,0,576.0,620575519199.2267,620575519199.2267,2691.738170134465,1952098125465.5996,15.0,0.0,0.0,0.0,0.0,0.0,0.0
own:15,9,1,144.0,310287759599.61334,310287759599.61334,1345.8690850672324,488024531366.3999,15.0,0.0,0.0,0.0,0.0,0.0,0.0
own:15,10,0,595.2,644467676688.3967,644467676688.3967,2795.370089684641,2017168062981.1199,15.0,0.0,0.0,0.0,0.0,0.0,0.0
own:15,10,1,148.8,322233838344.19836,322233838344.19836,1397.6850448423204,504292015745.27997,15.0,0.0,0.0,0.0,0.0,0.0,0.0
own:15,11,0,595.2,647690015071.8387,647690015071.8387,2809.346940133064,2017168062981.1199,15.0,0.0,0.0,0.0,0.0,0.0,0.0
own:15,11,1,148.8,323845007535.9194,323845007535.9194,1404.673470066532,504292015745.27997,15.0,0.0,0.0,0.0,0.0,0.0,0.0
own:15,12,0,576.0,629930772723.0947,629930772723.0947,2732.316459516512,1952098125465.5996,15.0,0.0,0.0,0.0,0.0,0.0,0.0
own:15,12,1,144.0,314965386361.54736,314965386361.54736,1366.158229758256,488024531366.3999,15.0,0.0,0.0,0.0,0.0,0.0,0.0
own:15,13,0,595.2,654183107472.9337,654183107472.9337,2837.5106432078974,2017168062981.1199,15.0,0.0,0.0,0.0,0.0,0.0,0.0
own:15,13,1,148.8,327091553736.46686,327091553736.46686,1418.7553216039487,504292015745.27997,15.0,0.0,0.0,0.0,0.0,0.0,0.0
own:15,14,0,576.0,636245828719.6436,636245828719.6436,2759.707932023164,1952098125465.5996,15.0,0.0,0.0,0.0,0.0,0.0,0.0
own:15,14,1,144.0,318122914359.8218,318122914359.8218,1379.853966011582,488024531366.3999,15.0,0.0,0.0,0.0,0.0,0.0,0.0
own:15,15,0,595.2,660741293125.3497,660741293125.3497,2865.9566874060556,2017168062981.1199,15.0,0.0,0.0,0.0,0.0,0.0,0.0
own:15,15,1,148.8,330370646562.67487,330370646562.67487,1432.9783437030278,504292015745.27997,15.0,0.0,0.0,0.0,0.0,0.0,0.0
own:15,16,0,595.2,664044999590.9764,664044999590.9764,2880.2864708430857,2017168062981.1199,15.0,0.0,0.0,0.0,0.0,0.0,0.0
own:15,16,1,148.8,332022499795.4882,332022499795.4882,1440.1432354215428,504292015745.27997,15.0,0.0,0.0,0.0,0.0,0.0,0.0
own:15,17,0,556.8000000000001,624309403647.71,624309403647.71,2707.933844926508,1887028187950.0798,15.0,0.0,0.0,0.0,0.0,0.0,0.0
own:15,17,1,139.20000000000002,312154701823.855,312154701823.855,1353.966922463254,471757046987.51996,15.0,0.0,0.0,0.0,0.0,0.0,0.0
own:15,18,0,595.2,670702050711.8757,670702050711.8757,2909.1613427132866,2017168062981.1199,15.0,0.0,0.0,0.0,0.0,0.0,0.0
own:15,18,1,148.8,335351025355.93787,335351025355.93787,1454.5806713566433,504292015745.27997,15.0,0.0,0.0,0.0,0.0,0.0,0.0
own:15,19,0,576.0,652311833192.3566,652311833192.3566,2829.394015574374,1952098125465.5996,15.0,0.0,0.0,0.0,0.0,0.0,0.0
own:15,19,1,144.0,326155916596.1783,326155916596.1783,1414.697007787187,488024531366.3999,15.0,0.0,0.0,0.0,0.0,0.0,0.0
own:15,20,0,595.2,677425838770.2622,677425838770.2622,2938.325685173987,2017168062981.1199,15.0,0.0,0.0,0.0,0.0,0.0,0.0
own:15,20,1,148.8,338712919385.1311,338712919385.1311,1469.1628425869935,504292015745.27997,15.0,0.0,0.0,0.0,0.0,0.0,0.0
own:15,21,0,576.0,658851259320.1097,658851259320.1097,2857.7586905805065,1952098125465.5996,15.0,0.0,0.0,0.0,0.0,0.0,0.0
own:15,21,1,144.0,329425629660.0549,329425629660.0549,1428.8793452902532,488024531366.3999,15.0,0.0,0.0,0.0,0.0,0.0,0.0
own:15,22,0,595.2,684217032803.934,684217032803.934,2967.782400167856,2017168062981.1199,15.0,0.0,0.0,0.0,0.0,0.0,0.0
own:15,22,1,148.8,342108516401.967,342108516401.967,1483.891200083928,504292015745.27997,15.0,0.0,0.0,0.0,0.0,0.0,0.0
own:15,23,0,595.2,687638117967.9535,687638117967.9535,2982.621312168694,2017168062981.1199,15.0,0.0,0.0,0.0,0.0,0.0,0.0
own:15,23,1,148.8,343819058983.97675,343819058983.97675,1491.310656084347,504292015745.27997,15.0,0.0,0.0,0.0,0.0,0.0,0.0
own:15,24,0,576.0,668783524410.7677,668783524410.7677,2900.839760060843,1952098125465.5996,15.0,0.0,0.0,0.0,0.0,0.0,0.0
own:15,24,1,144.0,334391762205.38385,334391762205.38385,1450.4198800304216,488024531366.3999,15.0,0.0,0.0,0.0,0.0,0.0,0.0
own:15,25,0,595.2,694531690100.5822,694531690100.5822,3012.5220908231854,2017168062981.1199,15.0,0.0,0.0,0.0,0.0,0.0,0.0
own:15,25,1,148.8,347265845050.2911,347265845050.2911,1506.2610454115927,504292015745.27997,15.0,0.0,0.0,0.0,0.0,0.0,0.0
own:15,26,0,576.0,675488079242.9854,675488079242.9854,2929.920678655452,1952098125465.5996,15.0,0.0,0.0,0.0,0.0,0.0,0.0
own:15,26,1,144.0,337744039621.4927,337744039621.4927,1464.960339327726,488024531366.3999,15.0,0.0,0.0,0.0,0.0,0.0,0.0
own:15,27,0,595.2,701494370293.8403,701494370293.8403,3042.722624783687,2017168062981.1199,15.0,0.0,0.0,0.0,0.0,0.0,0.0
own:15,27,1,148.8,350747185146.92017,350747185146.92017,1521.3613123918435,504292015745.27997,15.0,0.0,0.0,0.0,0.0,0.0,0.0
own:15,28,0,595.2,705001842145.3094,705001842145.3094,3057.936237907605,2017168062981.1199,15.0,0.0,0.0,0.0,0.0,0.0,0.0
own:15,28,1,148.8,352500921072.6547,352500921072.6547,1528.9681189538026,504292015745.27997,15.0,0.0,0.0,0.0,0.0,0.0,0.0
own:15,29,0,537.6,639959736708.6776,639959736708.6776,2775.8169591845162,1821958250434.5598,15.0,0.0,0.0,0.0,0.0,0.0,0.0
own:15,29,1,134.4,319979868354.3388,319979868354.3388,1387.9084795922581,455489562608.63995,15.0,0.0,0.0,0.0,0.0,0.0,0.0
own:15,30,0,595.2,712069485612.816,712069485612.816,3088.5920486926284,2017168062981.1199,15.0,0.0,0.0,0.0,0.0,0.0,0.0
own:15,30,1,148.8,356034742806.408,356034742806.408,1544.2960243463142,504292015745.27997,15.0,0.0,0.0,0.0,0.0,0.0,0.0
own:15,31,0,576.0,692544999716.9807,692544999716.9807,3003.9048473575076,1952098125465.5996,15.0,0.0,0.0,0.0,0.0,0.0,0.0
own:15,31,1,144.0,346272499858.49036,346272499858.49036,1501.9524236787538,488024531366.3999,15.0,0.0,0.0,0.0,0.0,0.0,0.0
own:15,32,0,595.2,719207982206.0844,719207982206.0844,3119.5551839807713,2017168062981.1199,15.0,0.0,0.0,0.0,0.0,0.0,0.0
own:15,32,1,148.8,359603991103.0422,359603991103.0422,1559.7775919903856,504292015745.27997,15.0,0.0,0.0,0.0,0.0,0.0,0.0
own:15,33,0,576.0,699487763339.1433,699487763339.1433,3034.018993452266,1952098125465.5996,15.0,0.0,0.0,0.0,0.0,0.0,0.0
own:15,33,1,144.0,349743881669.57166,349743881669.57166,1517.009496726133,488024531366.3999,15.0,0.0,0.0,0.0,0.0,0.0,0.0
own:15,34,0,595.2,726418042227.7002,726418042227.7002,3150.8287247001776,2017168062981.1199,15.0,0.0,0.0,0.0,0.0,0.0,0.0
own:15,34,1,148.8,363209021113.8501,363209021113.8501,1575.4143623500888,504292015745.27997,15.0,0.0,0.0,0.0,0.0,0.0,0.0
own:15,35,0,595.2,730050132438.8386,730050132438.8386,3166.582868323678,2017168062981.1199,15.0,0.0,0.0,0.0,0.0,0.0,0.0
own:15,35,1,148.8,365025066219.4193,365025066219.4193,1583.291434161839,504292015745.27997,15.0,0.0,0.0,0.0,0.0,0.0,0.0
own:15,36,0,576.0,710032628807.451,710032628807.451,3079.757209030932,1952098125465.5996,15.0,0.0,0.0,0.0,0.0,0.0,0.0
own:15,36,1,144.0,355016314403.7255,355016314403.7255,1539.878604515466,488024531366.3999,15.0,0.0,0.0,0.0,0.0,0.0,0.0
own:16,1,0,595.2,616178562048.0001,0.0,0.0,0.0,0.0,537730733635.1999,78447828412.80023,2380.0,2332.3999999999996,4.0,2380.0
own:16,1,1,148.8,308089281024.00006,0.0,0.0,0.0,0.0,133754871559.67998,174334409464.32007,592.0,580.16,4.0,592.0
own:16,2,0,576.0,599283343411.2001,0.0,0.0,0.0,0.0,520559500124.1599,78723843287.04016,2304.0,2257.92,4.0,2304.0
own:16,2,1,144.0,299641671705.60004,0.0,0.0,0.0,0.0,130139875031.03998,169501796674.56006,576.0,564.48,4.0,576.0
own:16,3,0,595.2,622355752132.5311,0.0,0.0,0.0,0.0,537730733635.1999,84625018497.33124,2380.0,2332.3999999999996,4.0,2380.0
own:16,3,1,148.8,311177876066.26556,0.0,0.0,0.0,0.0,133754871559.67998,177423004506.58557,592.0,580.16,4.0,592.0
own:16,4,0,595.2,625467530893.1937,0.0,0.0,0.0,0.0,537730733635.1999,87736797257.99384,2380.0,2332.3999999999996,4.0,2380.0
own:16,4,1,148.8,312733765446.59686,0.0,0.0,0.0,0.0,133754871559.67998,178978893886.91687,592.0,580.16,4.0,592.0
own:16,5,0,537.6,567763107075.3055,0.0,0.0,0.0,0.0,485313283969.9199,82449823105.38562,2148.0,2105.04,4.0,2148.0
own:16,5,1,134.4,283881553537.6528,0.0,0.0,0.0,0.0,121102383709.43997,162779169828.2128,536.0,525.28,4.0,536.0
own:16,6,0,595.2,631737842890.3978,0.0,0.0,0.0,0.0,537730733635.1999,94007109255.19794,2380.0,2332.3999999999996,4.0,2380.0
own:16,6,1,148.8,315868921445.1989,0.0,0.0,0.0,0.0,133754871559.67998,182114049885.51892,592.0,580.16,4.0,592.0
own:16,7,0,576.0,614415998811.145,614415998811.145,2665.0213312882997,2082238000496.6396,16.0,0.0,0.0,0.0,0.0,0.0,0.0
own:16,7,1,144.0,307207999405.5725,307207999405.5725,1332.5106656441499,520559500124.1599,16.0,0.0,0.0,0.0,0.0,0.0,0.0
own:16,8,0,595.2,638071014765.374,638071014765.374,2767.624652542899,2151645933846.5278,16.0,0.0,0.0,0.0,0.0,0.0,0.0
own:16,8,1,148.8,319035507382.687,319035507382.687,1383.8123262714496,537911483461.63196,16.0,0.0,0.0,0.0,0.0,0.0,0.0
own:16,9,0,576.0,620575519199.2267,620575519199.2267,2691.738170134465,2082238000496.6396,16.0,0.0,0.0,0.0,0.0,0.0,0.0
own:16,9,1,144.0,310287759599.61334,310287759599.61334,1345.8690850672324,520559500124.1599,16.0,0.0,0.0,0.0,0.0,0.0,0.0
own:16,10,0,595.2,644467676688.3967,644467676688.3967,2795.370089684641,2151645933846.5278,16.0,0.0,0.0,0.0,0.0,0.0,0.0
own:16,10,1,148.8,322233838344.19836,322233838344.19836,1397.6850448423204,537911483461.63196,16.0,0.0,0.0,0.0,0.0,0.0,0.0
own:16,11,0,595.2,647690015071.8387,647690015071.8387,2809.346940133064,2151645933846.5278,16.0,0.0,0.0,0.0,0.0,0.0,0.0
own:16,11,1,148.8,323845007535.9194,323845007535.9194,1404.673470066532,537911483461.63196,16.0,0.0,0.0,0.0,0.0,0.0,0.0
own:16,12,0,576.0,629930772723.0947,629930772723.0947,2732.316459516512,2082238000496.6396,16.0,0.0,0.0,0.0,0.0,0.0,0.0
own:16,12,1,144.0,314965386361.54736,314965386361.54736,1366.158229758256,520559500124.1599,16.0,0.0,0.0,0.0,0.0,0.0,0.0
own:16,13,0,595.2,654183107472.9337,654183107472.9337,2837.5106432078974,2151645933846.5278,16.0,0.0,0.0,0.0,0.0,0.0,0.0
own:16,13,1,148.8,327091553736.46686,327091553736.46686,1418.7553216039487,537911483461.63196,16.0,0.0,0.0,0.0,0.0,0.0,0.0
own:16,14,0,576.0,636245828719.6436,636245828719.6436,2759.707932023164,2082238000496.6396,16.0,0.0,0.0,0.0,0.0,0.0,0.0
own:16,14,1,144.0,318122914359.8218,318122914359.8218,1379.853966011582,520559500124.1599,16.0,0.0,0.0,0.0,0.0,0.0,0.0
own:16,15,0,595.2,660741293125.3497,660741293125.3497,2865.9566874060556,2151645933846.5278,16.0,0.0,0.0,0.0,0.0,0.0,0.0
own:16,15,1,148.8,330370646562.67487,330370646562.67487,1432.9783437030278,537911483461.63196,16.0,0.0,0.0,0.0,0.0,0.0,0.0
own:16,16,0,595.2,664044999590.9764,664044999590.9764,2880.2864708430857,2151645933846.5278,16.0,0.0,0.0,0.0,0.0,0.0,0.0
own:16,16,1,148.8,332022499795.4882,332022499795.4882,1440.1432354215428,537911483461.63196,16.0,0.0,0.0,0.0,0.0,0.0,0.0
own:16,17,0,556.8000000000001,624309403647.71,624309403647.71,2707.933844926508,2012830067146.752,16.0,0.0,0.0,0.0,0.0,0.0,0.0
own:16,17,1,139.20000000000002,312154701823.855,312154701823.855,1353.966922463254,503207516786.688,16.0,0.0,0.0,0.0,0.0,0.0,0.0
own:16,18,0,595.2,670702050711.8757,670702050711.8757,2909.1613427132866,2151645933846.5278,16.0,0.0,0.0,0.0,0.0,0.0,0.0
own:16,18,1,148.8,335351025355.93787,335351025355.93787,1454.5806713566433,537911483461.63196,16.0,0.0,0.0,0.0,0.0,0.0,0.0
own:16,19,0,576.0,652311833192.3566,652311833192.3566,2829.394015574374,2082238000496.6396,16.0,0.0,0.0,0.0,0.0,0.0,0.0
own:16,19,1,144.0,326155916596.1783,326155916596.1783,1414.697007787187,520559500124.1599,16.0,0.0,0.0,0.0,0.0,0.0,0.0
own:16,20,0,595.2,677425838770.2622,677425838770.2622,2938.325685173987,2151645933846.5278,16.0,0.0,0.0,0.0,0.0,0.0,0.0
own:16,20,1,148.8,338712919385.1311,338712919385.1311,1469.1628425869935,537911483461.63196,16.0,0.0,0.0,0.0,0.0,0.0,0.0
own:16,21,0,576.0,658851259320.1097,658851259320.1097,2857.7586905805065,2082238000496.6396,16.0,0.0,0.0,0.0,0.0,0.0,0.0
own:16,21,1,144.0,329425629660.0549,329425629660.0549,1428.8793452902532,520559500124.1599,16.0,0.0,0.0,0.0,0.0,0.0,0.0
own:16,22,0,595.2,684217032803.934,684217032803.934,2967.782400167856,2151645933846.5278,16.0,0.0,0.0,0.0,0.0,0.0,0.0
own:16,22,1,148.8,342108516401.967,342108516401.967,1483.891200083928,537911483461.63196,16.0,0.0,0.0,0.0,0.0,0.0,0.0
own:16,23,0,595.2,687638117967.9535,687638117967.9535,2982.621312168694,2151645933846.5278,16.0,0.0,0.0,0.0,0.0,0.0,0.0
own:16,23,1,148.8,343819058983.97675,343819058983.97675,1491.310656084347,537911483461.63196,16.0,0.0,0.0,0.0,0.0,0.0,0.0
own:16,24,0,576.0,668783524410.7677,668783524410.7677,2900.839760060843,2082238000496.6396,16.0,0.0,0.0,0.0,0.0,0.0,0.0
own:16,24,1,144.0,334391762205.38385,334391762205.38385,1450.4198800304216,520559500124.1599,16.0,0.0,0.0,0.0,0.0,0.0,0.0
own:16,25,0,595.2,694531690100.5822,694531690100.5822,3012.5220908231854,2151645933846.5278,16.0,0.0,0.0,0.0,0.0,0.0,0.0
own:16,25,1,148.8,347265845050.2911,347265845050.2911,1506.2610454115927,537911483461.63196,16.0,0.0,0.0,0.0,0.0,0.0,0.0
own:16,26,0,576.0,675488079242.9854,675488079242.9854,2929.920678655452,2082238000496.6396,16.0,0.0,0.0,0.0,0.0,0.0,0.0
own:16,26,1,144.0,337744039621.4927,337744039621.4927,1464.960339327726,520559500124.1599,16.0,0.0,0.0,0.0,0.0,0.0,0.0
own:16,27,0,595.2,701494370293.8403,701494370293.8403,3042.722624783687,2151645933846.5278,16.0,0.0,0.0,0.0,0.0,0.0,0.0
own:16,27,1,148.8,350747185146.92017,350747185146.92017,1521.3613123918435,537911483461.63196,16.0,0.0,0.0,0.0,0.0,0.0,0.0
own:16,28,0,595.2,705001842145.3094,705001842145.3094,3057.936237907605,2151645933846.5278,16.0,0.0,0.0,0.0,0.0,0.0,0.0
own:16,28,1,148.8,352500921072.6547,352500921072.6547,1528.9681189538026,537911483461.63196,16.0,0.0,0.0,0.0,0.0,0.0,0.0
own:16,29,0,537.6,639959736708.6776,639959736708.6776,2775.8169591845162,1943422133796.8638,16.0,0.0,0.0,0.0,0.0,0.0,0.0
own:16,29,1,134.4,319979868354.3388,319979868354.3388,1387.9084795922581,485855533449.21594,16.0,0.0,0.0,0.0,0.0,0.0,0.0
own:16,30,0,595.2,712069485612.816,712069485612.816,3088.5920486926284,2151645933846.5278,16.0,0.0,0.0,0.0,0.0,0.0,0.0
own:16,30,1,148.8,356034742806.408,356034742806.408,1544.2960243463142,537911483461.63196,16.0,0.0,0.0,0.0,0.0,0.0,0.0
own:16,31,0,576.0,692544999716.9807,692544999716.9807,3003.9048473575076,2082238000496.6396,16.0,0.0,0.0,0.0,0.0,0.0,0.0
own:16,31,1,144.0,346272499858.49036,346272499858.49036,1501.9524236787538,520559500124.1599,16.0,0.0,0.0,0.0,0.0,0.0,0.0
own:16,32,0,595.2,719207982206.0844,719207982206.0844,3119.5551839807713,2151645933846.5278,16.0,0.0,0.0,0.0,0.0,0.0,0.0
own:16,32,1,148.8,359603991103.0422,359603991103.0422,1559.7775919903856,537911483461.63196,16.0,0.0,0.0,0.0,0.0,0.0,0.0
own:16,33,0,576.0,699487763339.1433,699487763339.1433,3034.018993452266,2082238000496.6396,16.0,0.0,0.0,0.0,0.0,0.0,0.0
own:16,33,1,144.0,349743881669.57166,349743881669.57166,1517.009496726133,520559500124.1599,16.0,0.0,0.0,0.0,0.0,0.0,0.0
own:16,34,0,595.2,726418042227.7002,726418042227.7002,3150.8287247001776,2151645933846.5278,16.0,0.0,0.0,0.0,0.0,0.0,0.0
own:16,34,1,148.8,363209021113.8501,363209021113.8501,1575.4143623500888,537911483461.63196,16.0,0.0,0.0,0.0,0.0,0.0,0.0
own:16,35,0,595.2,730050132438.8386,730050132438.8386,3166.582868323678,2151645933846.5278,16.0,0.0,0.0,0.0,0.0,0.0,0.0
own:16,35,1,148.8,365025066219.4193,365025066219.4193,1583.291434161839,537911483461.63196,16.0,0.0,0.0,0.0,0.0,0.0,0.0
own:16,36,0,576.0,710032628807.451,710032628807.451,3079.757209030932,2082238000496.6396,16.0,0.0,0.0,0.0,0.0,0.0,0.0
own:16,36,1,144.0,355016314403.7255,355016314403.7255,1539.878604515466,520559500124.1599,16.0,0.0,0.0,0.0,0.0,0.0,0.0
own:17,1,0,595.2,616178562048.0001,0.0,0.0,0.0,0.0,537730733635.1999,78447828412.80023,2380.0,2332.3999999999996,4.0,2380.0
own:17,1,1,148.8,308089281024.00006,0.0,0.0,0.0,0.0,133754871559.67998,174334409464.32007,592.0,580.16,4.0,592.0
own:17,2,0,576.0,599283343411.2001,0.0,0.0,0.0,0.0,520559500124.1599,78723843287.04016,2304.0,2257.92,4.0,2304.0
own:17,2,1,144.0,299641671705.60004,0.0,0.0,0.0,0.0,130139875031.03998,169501796674.56006,576.0,564.48,4.0,576.0
own:17,3,0,595.2,622355752132.5311,0.0,0.0,0.0,0.0,537730733635.1999,84625018497.33124,2380.0,2332.3999999999996,4.0,2380.0
own:17,3,1,148.8,311177876066.26556,0.0,0.0,0.0,0.0,133754871559.67998,177423004506.58557,592.0,580.16,4.0,592.0
own:17,4,0,595.2,625467530893.1937,0.0,0.0,0.0,0.0,537730733635.1999,87736797257.99384,2380.0,2332.3999999999996,4.0,2380.0
own:17,4,1,148.8,312733765446.59686,0.0,0.0,0.0,0.0,133754871559.67998,178978893886.91687,592.0,580.16,4.0,592.0
own:17,5,0,537.6,567763107075.3055,0.0,0.0,0.0,0.0,485313283969.9199,82449823105.38562,2148.0,2105.04,4.0,2148.0
own:17,5,1,134.4,283881553537.6528,0.0,0.0,0.0,0.0,121102383709.43997,162779169828.2128,536.0,525.28,4.0,536.0
own:17,6,0,595.2,631737842890.3978,0.0,0.0,0.0,0.0,537730733635.1999,94007109255.19794,2380.0,2332.3999999999996,4.0,2380.0
own:17,6,1,148.8,315868921445.1989,0.0,0.0,0.0,0.0,133754871559.67998,182114049885.51892,592.0,580.16,4.0,592.0
own:17,7,0,576.0,614415998811.145,614415998811.145,2665.0213312882997,2212377875527.6797,17.0,0.0,0.0,0.0,0.0,0.0,0.0
own:17,7,1,144.0,307207999405.5725,307207999405.5725,1332.5106656441499,553094468881.9199,17.0,0.0,0.0,0.0,0.0,0.0,0.0
own:17,8,0,595.2,638071014765.374,638071014765.374,2767.624652542899,2286123804711.9355,17.0,0.0,0.0,0.0,0.0,0.0,0.0
own:17,8,1,148.8,319035507382.687,319035507382.687,1383.8123262714496,571530951177.9839,17.0,0.0,0.0,0.0,0.0,0.0,0.0
own:17,9,0,576.0,620575519199.2267,620575519199.2267,2691.738170134465,2212377875527.6797,17.0,0.0,0.0,0.0,0.0,0.0,0.0
own:17,9,1,144.0,310287759599.61334,310287759599.61334,1345.8690850672324,553094468881.9199,17.0,0.0,0.0,0.0,0.0,0.0,0.0
own:17,10,0,595.2,644467676688.3967,644467676688.3967,2795.370089684641,2286123804711.9355,17.0,0.0,0.0,0.0,0.0,0.0,0.0
own:17,10,1,148.8,322233838344.19836,322233838344.19836,1397.6850448423204,571530951177.9839,17.0,0.0,0.0,0.0,0.0,0.0,0.0
own:17,11,0,595.2,647690015071.8387,647690015071.8387,2809.346940133064,2286123804711.9355,17.0,0.0,0.0,0.0,0.0,0.0,0.0
own:17,11,1,148.8,323845007535.9194,323845007535.9194,1404.673470066532,571530951177.9839,17.0,0.0,0.0,0.0,0.0,0.0,0.0
own:17,12,0,576.0,629930772723.0947,629930772723.0947,2732.316459516512,2212377875527.6797,17.0,0.0,0.0,0.0,0.0,0.0,0.0
own:17,12,1,144.0,314965386361.54736,314965386361.54736,1366.158229758256,553094468881.9199,17.0,0.0,0.0,0.0,0.0,0.0,0.0
own:17,13,0,595.2,654183107472.9337,654183107472.9337,2837.5106432078974,2286123804711.9355,17.0,0.0,0.0,0.0,0.0,0.0,0.0
own:17,13,1,148.8,327091553736.46686,327091553736.46686,1418.7553216039487,571530951177.9839,17.0,0.0,0.0,0.0,0.0,0.0,0.0
own:17,14,0,576.0,636245828719.6436,636245828719.6436,2759.707932023164,2212377875527.6797,17.0,0.0,0.0,0.0,0.0,0.0,0.0
own:17,14,1,144.0,318122914359.8218,318122914359.8218,1379.853966011582,553094468881.9199,17.0,0.0,0.0,0.0,0.0,0.0,0.0
own:17,15,0,595.2,660741293125.3497,660741293125.3497,2865.9566874060556,2286123804711.9355,17.0,0.0,0.0,0.0,0.0,0.0,0.0
own:17,15,1,148.8,330370646562.67487,330370646562.67487,1432.9783437030278,571530951177.9839,17.0,0.0,0.0,0.0,0.0,0.0,0.0
own:17,16,0,595.2,664044999590.9764,664044999590.9764,2880.2864708430857,2286123804711.9355,17.0,0.0,0.0,0.0,0.0,0.0,0.0
own:17,16,1,148.8,332022499795.4882,332022499795.4882,1440.1432354215428,571530951177.9839,17.0,0.0,0.0,0.0,0.0,0.0,0.0
own:17,17,0,556.8000000000001,624309403647.71,624309403647.71,2707.933844926508,2138631946343.4238,17.0,0.0,0.0,0.0,0.0,0.0,0.0
own:17,17,1,139.20000000000002,312154701823.855,312154701823.855,1353.966922463254,534657986585.85596,17.0,0.0,0.0,0.0,0.0,0.0,0.0
own:17,18,0,595.2,670702050711.8757,670702050711.8757,2909.1613427132866,2286123804711.9355,17.0,0.0,0.0,0.0,0.0,0.0,0.0
own:17,18,1,148.8,335351025355.93787,335351025355.93787,1454.5806713566433,571530951177.9839,17.0,0.0,0.0,0.0,0.0,0.0,0.0
own:17,19,0,576.0,652311833192.3566,652311833192.3566,2829.394015574374,2212377875527.6797,17.0,0.0,0.0,0.0,0.0,0.0,0.0
own:17,19,1,144.0,326155916596.1783,326155916596.1783,1414.697007787187,553094468881.9199,17.0,0.0,0.0,0.0,0.0,0.0,0.0
own:17,20,0,595.2,677425838770.2622,677425838770.2622,2938.325685173987,2286123804711.9355,17.0,0.0,0.0,0.0,0.0,0.0,0.0
own:17,20,1,148.8,338712919385.1311,338712919385.1311,1469.1628425869935,571530951177.9839,17.0,0.0,0.0,0.0,0.0,0.0,0.0
own:17,21,0,576.0,658851259320.1097,658851259320.1097,2857.7586905805065,2212377875527.6797,17.0,0.0,0.0,0.0,0.0,0.0,0.0
own:17,21,1,144.0,329425629660.0549,329425629660.0549,1428.8793452902532,553094468881.9199,17.0,0.0,0.0,0.0,0.0,0.0,0.0
own:17,22,0,595.2,684217032803.934,684217032803.934,2967.782400167856,2286123804711.9355,17.0,0.0,0.0,0.0,0.0,0.0,0.0
own:17,22,1,148.8,342108516401.967,342108516401.967,1483.891200083928,571530951177.9839,17.0,0.0,0.0,0.0,0.0,0.0,0.0
own:17,23,0,595.2,687638117967.9535,687638117967.9535,2982.621312168694,2286123804711.9355,17.0,0.0,0.0,0.0,0.0,0.0,0.0
own:17,23,1,148.8,343819058983.97675,343819058983.97675,1491.310656084347,571530951177.9839,17.0,0.0,0.0,0.0,0.0,0.0,0.0
own:17,24,0,576.0,668783524410.7677,668783524410.7677,2900.839760060843,2212377875527.6797,17.0,0.0,0.0,0.0,0.0,0.0,0.0
own:17,24,1,144.0,334391762205.38385,334391762205.38385,1450.4198800304216,553094468881.9199,17.0,0.0,0.0,0.0,0.0,0.0,0.0
own:17,25,0,595.2,694531690100.5822,694531690100.5822,3012.5220908231854,2286123804711.9355,17.0,0.0,0.0,0.0,0.0,0.0,0.0
own:17,25,1,148.8,347265845050.2911,347265845050.2911,1506.2610454115927,571530951177.9839,17.0,0.0,0.0,0.0,0.0,0.0,0.0
own:17,26,0,576.0,675488079242.9854,675488079242.9854,2929.920678655452,2212377875527.6797,17.0,0.0,0.0,0.0,0.0,0.0,0.0
own:17,26,1,144.0,337744039621.4927,337744039621.4927,1464.960339327726,553094468881.9199,17.0,0.0,0.0,0.0,0.0,0.0,0.0
own:17,27,0,595.2,701494370293.8403,701494370293.8403,3042.722624783687,2286123804711.9355,17.0,0.0,0.0,0.0,0.0,0.0,0.0
own:17,27,1,148.8,350747185146.92017,350747185146.92017,1521.3613123918435,571530951177.9839,17.0,0.0,0.0,0.0,0.0,0.0,0.0
own:17,28,0,595.2,705001842145.3094,705001842145.3094,3057.936237907605,2286123804711.9355,17.0,0.0,0.0,0.0,0.0,0.0,0.0
own:17,28,1,148.8,352500921072.6547,352500921072.6547,1528.9681189538026,571530951177.9839,17.0,0.0,0.0,0.0,0.0,0.0,0.0
own:17,29,0,537.6,639959736708.6776,639959736708.6776,2775.8169591845162,2064886017159.1677,17.0,0.0,0.0,0.0,0.0,0.0,0.0
own:17,29,1,134.4,319979868354.3388,319979868354.3388,1387.9084795922581,516221504289.79193,17.0,0.0,0.0,0.0,0.0,0.0,0.0
own:17,30,0,595.2,712069485612.816,712069485612.816,3088.5920486926284,2286123804711.9355,17.0,0.0,0.0,0.0,0.0,0.0,0.0
own:17,30,1,148.8,356034742806.408,356034742806.408,1544.2960243463142,571530951177.9839,17.0,0.0,0.0,0.0,0.0,0.0,0.0
own:17,31,0,576.0,692544999716.9807,692544999716.9807,3003.9048473575076,2212377875527.6797,17.0,0.0,0.0,0.0,0.0,0.0,0.0
own:17,31,1,144.0,346272499858.49036,346272499858.49036,1501.9524236787538,553094468881.9199,17.0,0.0,0.0,0.0,0.0,0.0,0.0
own:17,32,0,595.2,719207982206.0844,719207982206.0844,3119.5551839807713,2286123804711.9355,17.0,0.0,0.0,0.0,0.0,0.0,0.0
own:17,32,1,148.8,359603991103.0422,359603991103.0422,1559.7775919903856,571530951177.9839,17.0,0.0,0.0,0.0,0.0,0.0,0.0
own:17,33,0,576.0,699487763339.1433,699487763339.1433,3034.018993452266,2212377875527.6797,17.0,0.0,0.0,0.0,0.0,0.0,0.0
own:17,33,1,144.0,349743881669.57166,349743881669.57166,1517.009496726133,553094468881.9199,17.0,0.0,0.0,0.0,0.0,0.0,0.0
own:17,34,0,595.2,726418042227.7002,726418042227.7002,3150.8287247001776,2286123804711.9355,17.0,0.0,0.0,0.0,0.0,0.0,0.0
own:17,34,1,148.8,363209021113.8501,363209021113.8501,1575.4143623500888,571530951177.9839,17.0,0.0,0.0,0.0,0.0,0.0,0.0
own:17,35,0,595.2,730050132438.8386,730050132438.8386,3166.582868323678,2286123804711.9355,17.0,0.0,0.0,0.0,0.0,0.0,0.0
own:17,35,1,148.8,365025066219.4193,365025066219.4193,1583.291434161839,571530951177.9839,17.0,0.0,0.0,0.0,0.0,0.0,0.0
own:17,36,0,576.0,710032628807.451,710032628807.451,3079.757209030932,2212377875527.6797,17.0,0.0,0.0,0.0,0.0,0.0,0.0
own:17,36,1,144.0,355016314403.7255,355016314403.7255,1539.878604515466,553094468881.9199,17.0,0.0,0.0,0.0,0.0,0.0,0.0
own:18,1,0,595.2,616178562048.0001,0.0,0.0,0.0,0.0,537730733635.1999,78447828412.80023,2380.0,2332.3999999999996,4.0,2380.0
own:18,1,1,148.8,308089281024.00006,0.0,0.0,0.0,0.0,133754871559.67998,174334409464.32007,592.0,580.16,4.0,592.0
own:18,2,0,576.0,599283343411.2001,0.0,0.0,0.0,0.0,520559500124.1599,78723843287.04016,2304.0,2257.92,4.0,2304.0
own:18,2,1,144.0,299641671705.60004,0.0,0.0,0.0,0.0,130139875031.03998,169501796674.56006,576.0,564.48,4.0,576.0
own:18,3,0,595.2,622355752132.5311,0.0,0.0,0.0,0.0,537730733635.1999,84625018497.33124,2380.0,2332.3999999999996,4.0,2380.0
own:18,3,1,148.8,311177876066.26556,0.0,0.0,0.0,0.0,133754871559.67998,177423004506.58557,592.0,580.16,4.0,592.0
own:18,4,0,595.2,625467530893.1937,0.0,0.0,0.0,0.0,537730733635.1999,87736797257.99384,2380.0,2332.3999999999996,4.0,2380.0
own:18,4,1,148.8,312733765446.59686,0.0,0.0,0.0,0.0,133754871559.67998,178978893886.91687,592.0,580.16,4.0,592.0
own:18,5,0,537.6,567763107075.3055,0.0,0.0,0.0,0.0,485313283969.9199,82449823105.38562,2148.0,2105.04,4.0,2148.0
own:18,5,1,134.4,283881553537.6528,0.0,0.0,0.0,0.0,121102383709.43997,162779169828.2128,536.0,525.28,4.0,536.0
own:18,6,0,595.2,631737842890.3978,0.0,0.0,0.0,0.0,537730733635.1999,94007109255.19794,2380.0,2332.3999999999996,4.0,2380.0
own:18,6,1,148.8,315868921445.1989,0.0,0.0,0.0,0.0,133754871559.67998,182114049885.51892,592.0,580.16,4.0,592.0
own:18,7,0,576.0,614415998811.145,614415998811.145,2665.0213312882997,2342517750558.7197,18.0,0.0,0.0,0.0,0.0,0.0,0.0
own:18,7,1,144.0,307207999405.5725,307207999405.5725,1332.5106656441499,585629437639.6799,18.0,0.0,0.0,0.0,0.0,0.0,0.0
own:18,8,0,595.2,638071014765.374,638071014765.374,2767.624652542899,2420601675577.3438,18.0,0.0,0.0,0.0,0.0,0.0,0.0
own:18,8,1,148.8,319035507382.687,319035507382.687,1383.8123262714496,605150418894.3359,18.0,0.0,0.0,0.0,0.0,0.0,0.0
own:18,9,0,576.0,620575519199.2267,620575519199.2267,2691.738170134465,2342517750558.7197,18.0,0.0,0.0,0.0,0.0,0.0,0.0
own:18,9,1,144.0,310287759599.61334,310287759599.61334,1345.8690850672324,585629437639.6799,18.0,0.0,0.0,0.0,0.0,0.0,0.0
own:18,10,0,595.2,644467676688.3967,644467676688.3967,2795.370089684641,2420601675577.3438,18.0,0.0,0.0,0.0,0.0,0.0,0.0
own:18,10,1,148.8,322233838344.19836,322233838344.19836,1397.6850448423204,605150418894.3359,18.0,0.0,0.0,0.0,0.0,0.0,0.0
own:18,11,0,595.2,647690015071.8387,647690015071.8387,2809.346940133064,2420601675577.3438,18.0,0.0,0.0,0.0,0.0,0.0,0.0
own:18,11,1,148.8,323845007535.9194,323845007535.9194,1404.673470066532,605150418894.3359,18.0,0.0,0.0,0.0,0.0,0.0,0.0
own:18,12,0,576.0,629930772723.0947,629930772723.0947,2732.316459516512,2342517750558.7197,18.0,0.0,0.0,0.0,0.0,0.0,0.0
own:18,12,1,144.0,314965386361.54736,314965386361.54736,1366.158229758256,585629437639.6799,18.0,0.0,0.0,0.0,0.0,0.0,0.0
own:18,13,0,595.2,654183107472.9337,654183107472.9337,2837.5106432078974,2420601675577.3438,18.0,0.0,0.0,0.0,0.0,0.0,0.0
own:18,13,1,148.8,327091553736.46686,327091553736.46686,1418.7553216039487,605150418894.3359,18.0,0.0,0.0,0.0,0.0,0.0,0.0
own:18,14,0,576.0,636245828719.6436,636245828719.6436,2759.707932023164,2342517750558.7197,18.0,0.0,0.0,0.0,0.0,0.0,0.0
own:18,14,1,144.0,318122914359.8218,318122914359.8218,1379.853966011582,585629437639.6799,18.0,0.0,0.0,0.0,0.0,0.0,0.0
own:18,15,0,595.2,660741293125.3497,660741293125.3497,2865.9566874060556,2420601675577.3438,18.0,0.0,0.0,0.0,0.0,0.0,0.0
own:18,15,1,148.8,330370646562.67487,330370646562.67487,1432.9783437030278,605150418894.3359,18.0,0.0,0.0,0.0,0.0,0.0,0.0
own:18,16,0,595.2,664044999590.9764,664044999590.9764,2880.2864708430857,2420601675577.3438,18.0,0.0,0.0,0.0,0.0,0.0,0.0
own:18,16,1,148.8,332022499795.4882,332022499795.4882,1440.1432354215428,605150418894.3359,18.0,0.0,0.0,0.0,0.0,0.0,0.0
own:18,17,0,556.8000000000001,624309403647.71,624309403647.71,2707.933844926508,2264433825540.0957,18.0,0.0,0.0,0.0,0.0,0.0,0.0
own:18,17,1,139.20000000000002,312154701823.855,312154701823.855,1353.966922463254,566108456385.0239,18.0,0.0,0.0,0.0,0.0,0.0,0.0
own:18,18,0,595.2,670702050711.8757,670702050711.8757,2909.1613427132866,2420601675577.3438,18.0,0.0,0.0,0.0,0.0,0.0,0.0
own:18,18,1,148.8,335351025355.93787,335351025355.93787,1454.5806713566433,605150418894.3359,18.0,0.0,0.0,0.0,0.0,0.0,0.0
own:18,19,0,576.0,652311833192.3566,652311833192.3566,2829.394015574374,2342517750558.7197,18.0,0.0,0.0,0.0,0.0,0.0,0.0
own:18,19,1,144.0,326155916596.1783,326155916596.1783,1414.697007787187,585629437639.6799,18.0,0.0,0.0,0.0,0.0,0.0,0.0
own:18,20,0,595.2,677425838770.2622,677425838770.2622,2938.325685173987,2420601675577.3438,18.0,0.0,0.0,0.0,0.0,0.0,0.0
own:18,20,1,148.8,338712919385.1311,338712919385.1311,1469.1628425869935,605150418894.3359,18.0,0.0,0.0,0.0,0.0,0.0,0.0
own:18,21,0,576.0,658851259320.1097,658851259320.1097,2857.7586905805065,2342517750558.7197,18.0,0.0,0.0,0.0,0.0,0.0,0.0
own:18,21,1,144.0,329425629660.0549,329425629660.0549,1428.8793452902532,585629437639.6799,18.0,0.0,0.0,0.0,0.0,0.0,0.0
own:18,22,0,595.2,684217032803.934,684217032803.934,2967.782400167856,2420601675577.3438,18.0,0.0,0.0,0.0,0.0,0.0,0.0
own:18,22,1,148.8,342108516401.967,342108516401.967,1483.891200083928,605150418894.3359,18.0,0.0,0.0,0.0,0.0,0.0,0.0
own:18,23,0,595.2,687638117967.9535,687638117967.9535,2982.621312168694,2420601675577.3438,18.0,0.0,0.0,0.0,0.0,0.0,0.0
own:18,23,1,148.8,343819058983.97675,343819058983.97675,1491.310656084347,605150418894.3359,18.0,0.0,0.0,0.0,0.0,0.0,0.0
own:18,24,0,576.0,668783524410.7677,668783524410.7677,2900.839760060843,2342517750558.7197,18.0,0.0,0.0,0.0,0.0,0.0,0.0
own:18,24,1,144.0,334391762205.38385,334391762205.38385,1450.4198800304216,585629437639.6799,18.0,0.0,0.0,0.0,0.0,0.0,0.0
own:18,25,0,595.2,694531690100.5822,694531690100.5822,3012.5220908231854,2420601675577.3438,18.0,0.0,0.0,0.0,0.0,0.0,0.0
own:18,25,1,148.8,347265845050.2911,347265845050.2911,1506.2610454115927,605150418894.3359,18.0,0.0,0.0,0.0,0.0,0.0,0.0
own:18,26,0,576.0,675488079242.9854,675488079242.9854,2929.920678655452,2342517750558.7197,18.0,0.0,0.0,0.0,0.0,0.0,0.0
own:18,26,1,144.0,337744039621.4927,337744039621.4927,1464.960339327726,585629437639.6799,18.0,0.0,0.0,0.0,0.0,0.0,0.0
own:18,27,0,595.2,701494370293.8403,701494370293.8403,3042.722624783687,2420601675577.3438,18.0,0.0,0.0,0.0,0.0,0.0,0.0
own:18,27,1,148.8,350747185146.92017,350747185146.92017,1521.3613123918435,605150418894.3359,18.0,0.0,0.0,0.0,0.0,0.0,0.0
own:18,28,0,595.2,705001842145.3094,705001842145.3094,3057.936237907605,2420601675577.3438,18.0,0.0,0.0,0.0,0.0,0.0,0.0
own:18,28,1,148.8,352500921072.6547,352500921072.6547,1528.9681189538026,605150418894.3359,18.0,0.0,0.0,0.0,0.0,0.0,0.0
own:18,29,0,537.6,639959736708.6776,639959736708.6776,2775.8169591845162,2186349900521.4717,18.0,0.0,0.0,0.0,0.0,0.0,0.0
own:18,29,1,134.4,319979868354.3388,319979868354.3388,1387.9084795922581,546587475130.3679,18.0,0.0,0.0,0.0,0.0,0.0,0.0
own:18,30,0,595.2,712069485612.816,712069485612.816,3088.5920486926284,2420601675577.3438,18.0,0.0,0.0,0.0,0.0,0.0,0.0
own:18,30,1,148.8,356034742806.408,356034742806.408,1544.2960243463142,605150418894.3359,18.0,0.0,0.0,0.0,0.0,0.0,0.0
own:18,31,0,576.0,692544999716.9807,692544999716.9807,3003.9048473575076,2342517750558.7197,18.0,0.0,0.0,0.0,0.0,0.0,0.0
own:18,31,1,144.0,346272499858.49036,346272499858.49036,1501.9524236787538,585629437639.6799,18.0,0.0,0.0,0.0,0.0,0.0,0.0
own:18,32,0,595.2,719207982206.0844,719207982206.0844,3119.5551839807713,2420601675577.3438,18.0,0.0,0.0,0.0,0.0,0.0,0.0
own:18,32,1,148.8,359603991103.0422,359603991103.0422,1559.7775919903856,605150418894.3359,18.0,0.0,0.0,0.0,0.0,0.0,0.0
own:18,33,0,576.0,699487763339.1433,699487763339.1433,3034.018993452266,2342517750558.7197,18.0,0.0,0.0,0.0,0.0,0.0,0.0
own:18,33,1,144.0,349743881669.57166,349743881669.57166,1517.009496726133,585629437639.6799,18.0,0.0,0.0,0.0,0.0,0.0,0.0
own:18,34,0,595.2,726418042227.7002,726418042227.7002,3150.8287247001776,2420601675577.3438,18.0,0.0,0.0,0.0,0.0,0.0,0.0
own:18,34,1,148.8,363209021113.8501,363209021113.8501,1575.4143623500888,605150418894.3359,18.0,0.0,0.0,0.0,0.0,0.0,0.0
own:18,35,0,595.2,730050132438.8386,730050132438.8386,3166.582868323678,2420601675577.3438,18.0,0.0,0.0,0.0,0.0,0.0,0.0
own:18,35,1,148.8,365025066219.4193,365025066219.4193,1583.291434161839,605150418894.3359,18.0,0.0,0.0,0.0,0.0,0.0,0.0
own:18,36,0,576.0,710032628807.451,710032628807.451,3079.757209030932,2342517750558.7197,18.0,0.0,0.0,0.0,0.0,0.0,0.0
own:18,36,1,144.0,355016314403.7255,355016314403.7255,1539.878604515466,585629437639.6799,18.0,0.0,0.0,0.0,0.0,0.0,0.0
own:19,1,0,595.2,616178562048.0001,0.0,0.0,0.0,0.0,537730733635.1999,78447828412.80023,2380.0,2332.3999999999996,4.0,2380.0
own:19,1,1,148.8,308089281024.00006,0.0,0.0,0.0,0.0,133754871559.67998,174334409464.32007,592.0,580.16,4.0,592.0
own:19,2,0,576.0,599283343411.2001,0.0,0.0,0.0,0.0,520559500124.1599,78723843287.04016,2304.0,2257.92,4.0,2304.0
own:19,2,1,144.0,299641671705.60004,0.0,0.0,0.0,0.0,130139875031.03998,169501796674.56006,576.0,564.48,4.0,576.0
own:19,3,0,595.2,622355752132.5311,0.0,0.0,0.0,0.0,537730733635.1999,84625018497.33124,2380.0,2332.3999999999996,4.0,2380.0
own:19,3,1,148.8,311177876066.26556,0.0,0.0,0.0,0.0,133754871559.67998,177423004506.58557,592.0,580.16,4.0,592.0
own:19,4,0,595.2,625467530893.1937,0.0,0.0,0.0,0.0,537730733635.1999,87736797257.99384,2380.0,2332.3999999999996,4.0,2380.0
own:19,4,1,148.8,312733765446.59686,0.0,0.0,0.0,0.0,133754871559.67998,178978893886.91687,592.0,580.16,4.0,592.0
own:19,5,0,537.6,567763107075.3055,0.0,0.0,0.0,0.0,485313283969.9199,82449823105.38562,2148.0,2105.04,4.0,2148.0
own:19,5,1,134.4,283881553537.6528,0.0,0.0,0.0,0.0,121102383709.43997,162779169828.2128,536.0,525.28,4.0,536.0
own:19,6,0,595.2,631737842890.3978,0.0,0.0,0.0,0.0,537730733635.1999,94007109255.19794,2380.0,2332.3999999999996,4.0,2380.0
own:19,6,1,148.8,315868921445.1989,0.0,0.0,0.0,0.0,133754871559.67998,182114049885.51892,592.0,580.16,4.0,592.0
own:19,7,0,576.0,614415998811.145,614415998811.145,2665.0213312882997,2472657625589.76,19.0,0.0,0.0,0.0,0.0,0.0,0.0
own:19,7,1,144.0,307207999405.5725,307207999405.5725,1332.5106656441499,618164406397.44,19.0,0.0,0.0,0.0,0.0,0.0,0.0
own:19,8,0,595.2,638071014765.374,638071014765.374,2767.624652542899,2555079546442.752,19.0,0.0,0.0,0.0,0.0,0.0,0.0
own:19,8,1,148.8,319035507382.687,319035507382.687,1383.8123262714496,638769886610.688,19.0,0.0,0.0,0.0,0.0,0.0,0.0
own:19,9,0,576.0,620575519199.2267,620575519199.2267,2691.738170134465,2472657625589.76,19.0,0.0,0.0,0.0,0.0,0.0,0.0
own:19,9,1,144.0,310287759599.61334,310287759599.61334,1345.8690850672324,618164406397.44,19.0,0.0,0.0,0.0,0.0,0.0,0.0
own:19,10,0,595.2,644467676688.3967,644467676688.3967,2795.370089684641,2555079546442.752,19.0,0.0,0.0,0.0,0.0,0.0,0.0
own:19,10,1,148.8,322233838344.19836,322233838344.19836,1397.6850448423204,638769886610.688,19.0,0.0,0.0,0.0,0.0,0.0,0.0
own:19,11,0,595.2,647690015071.8387,647690015071.8387,2809.346940133064,2555079546442.752,19.0,0.0,0.0,0.0,0.0,0.0,0.0
own:19,11,1,148.8,323845007535.9194,323845007535.9194,1404.673470066532,638769886610.688,19.0,0.0,0.0,0.0,0.0,0.0,0.0
own:19,12,0,576.0,629930772723.0947,629930772723.0947,2732.316459516512,2472657625589.76,19.0,0.0,0.0,0.0,0.0,0.0,0.0
own:19,12,1,144.0,314965386361.54736,314965386361.54736,1366.158229758256,618164406397.44,19.0,0.0,0.0,0.0,0.0,0.0,0.0
own:19,13,0,595.2,654183107472.9337,654183107472.9337,2837.5106432078974,2555079546442.752,19.0,0.0,0.0,0.0,0.0,0.0,0.0
own:19,13,1,148.8,327091553736.46686,327091553736.46686,1418.7553216039487,638769886610.688,19.0,0.0,0.0,0.0,0.0,0.0,0.0
own:19,14,0,576.0,636245828719.6436,636245828719.6436,2759.707932023164,2472657625589.76,19.0,0.0,0.0,0.0,0.0,0.0,0.0
own:19,14,1,144.0,318122914359.8218,318122914359.8218,1379.853966011582,618164406397.44,19.0,0.0,0.0,0.0,0.0,0.0,0.0
own:19,15,0,595.2,660741293125.3497,660741293125.3497,2865.9566874060556,2555079546442.752,19.0,0.0,0.0,0.0,0.0,0.0,0.0
own:19,15,1,148.8,330370646562.67487,330370646562.67487,1432.9783437030278,638769886610.688,19.0,0.0,0.0,0.0,0.0,0.0,0.0
own:19,16,0,595.2,664044999590.9764,664044999590.9764,2880.2864708430857,2555079546442.752,19.0,0.0,0.0,0.0,0.0,0.0,0.0
own:19,16,1,148.8,332022499795.4882,332022499795.4882,1440.1432354215428,638769886610.688,19.0,0.0,0.0,0.0,0.0,0.0,0.0
own:19,17,0,556.8000000000001,624309403647.71,624309403647.71,2707.933844926508,2390235704736.768,19.0,0.0,0.0,0.0,0.0,0.0,0.0
own:19,17,1,139.20000000000002,312154701823.855,312154701823.855,1353.966922463254,597558926184.192,19.0,0.0,0.0,0.0,0.0,0.0,0.0
own:19,18,0,595.2,670702050711.8757,670702050711.8757,2909.1613427132866,2555079546442.752,19.0,0.0,0.0,0.0,0.0,0.0,0.0
own:19,18,1,148.8,335351025355.93787,335351025355.93787,1454.5806713566433,638769886610.688,19.0,0.0,0.0,0.0,0.0,0.0,0.0
own:19,19,0,576.0,652311833192.3566,652311833192.3566,2829.394015574374,2472657625589.76,19.0,0.0,0.0,0.0,0.0,0.0,0.0
own:19,19,1,144.0,326155916596.1783,326155916596.1783,1414.697007787187,618164406397.44,19.0,0.0,0.0,0.0,0.0,0.0,0.0
own:19,20,0,595.2,677425838770.2622,677425838770.2622,2938.325685173987,2555079546442.752,19.0,0.0,0.0,0.0,0.0,0.0,0.0
own:19,20,1,148.8,338712919385.1311,338712919385.1311,1469.1628425869935,638769886610.688,19.0,0.0,0.0,0.0,0.0,0.0,0.0
own:19,21,0,576.0,658851259320.1097,658851259320.1097,2857.7586905805065,2472657625589.76,19.0,0.0,0.0,0.0,0.0,0.0,0.0
own:19,21,1,144.0,329425629660.0549,329425629660.0549,1428.8793452902532,618164406397.44,19.0,0.0,0.0,0.0,0.0,0.0,0.0
own:19,22,0,595.2,684217032803.934,684217032803.934,2967.782400167856,2555079546442.752,19.0,0.0,0.0,0.0,0.0,0.0,0.0
own:19,22,1,148.8,342108516401.967,342108516401.967,1483.891200083928,638769886610.688,19.0,0.0,0.0,0.0,0.0,0.0,0.0
own:19,23,0,595.2,687638117967.9535,687638117967.9535,2982.621312168694,2555079546442.752,19.0,0.0,0.0,0.0,0.0,0.0,0.0
own:19,23,1,148.8,343819058983.97675,343819058983.97675,1491.310656084347,638769886610.688,19.0,0.0,0.0,0.0,0.0,0.0,0.0
own:19,24,0,576.0,668783524410.7677,668783524410.7677,2900.839760060843,2472657625589.76,19.0,0.0,0.0,0.0,0.0,0.0,0.0
own:19,24,1,144.0,334391762205.38385,334391762205.38385,1450.4198800304216,618164406397.44,19.0,0.0,0.0,0.0,0.0,0.0,0.0
own:19,25,0,595.2,694531690100.5822,694531690100.5822,3012.5220908231854,2555079546442.752,19.0,0.0,0.0,0.0,0.0,0.0,0.0
own:19,25,1,148.8,347265845050.2911,347265845050.2911,1506.2610454115927,638769886610.688,19.0,0.0,0.0,0.0,0.0,0.0,0.0
own:19,26,0,576.0,675488079242.9854,675488079242.9854,2929.920678655452,2472657625589.76,19.0,0.0,0.0,0.0,0.0,0.0,0.0
own:19,26,1,144.0,337744039621.4927,337744039621.4927,1464.960339327726,618164406397.44,19.0,0.0,0.0,0.0,0.0,0.0,0.0
own:19,27,0,595.2,701494370293.8403,701494370293.8403,3042.722624783687,2555079546442.752,19.0,0.0,0.0,0.0,0.0,0.0,0.0
own:19,27,1,148.8,350747185146.92017,350747185146.92017,1521.3613123918435,638769886610.688,19.0,0.0,0.0,0.0,0.0,0.0,0.0
own:19,28,0,595.2,705001842145.3094,705001842145.3094,3057.936237907605,2555079546442.752,19.0,0.0,0.0,0.0,0.0,0.0,0.0
own:19,28,1,148.8,352500921072.6547,352500921072.6547,1528.9681189538026,638769886610.688,19.0,0.0,0.0,0.0,0.0,0.0,0.0
own:19,29,0,537.6,639959736708.6776,639959736708.6776,2775.8169591845162,2307813783883.776,19.0,0.0,0.0,0.0,0.0,0.0,0.0
own:19,29,1,134.4,319979868354.3388,319979868354.3388,1387.9084795922581,576953445970.944,19.0,0.0,0.0,0.0,0.0,0.0,0.0
own:19,30,0,595.2,712069485612.816,712069485612.816,3088.5920486926284,2555079546442.752,19.0,0.0,0.0,0.0,0.0,0.0,0.0
own:19,30,1,148.8,356034742806.408,356034742806.408,1544.2960243463142,638769886610.688,19.0,0.0,0.0,0.0,0.0,0.0,0.0
own:19,31,0,576.0,692544999716.9807,692544999716.9807,3003.9048473575076,2472657625589.76,19.0,0.0,0.0,0.0,0.0,0.0,0.0
own:19,31,1,144.0,346272499858.49036,346272499858.49036,1501.9524236787538,618164406397.44,19.0,0.0,0.0,0.0,0.0,0.0,0.0
own:19,32,0,595.2,719207982206.0844,719207982206.0844,3119.5551839807713,2555079546442.752,19.0,0.0,0.0,0.0,0.0,0.0,0.0
own:19,32,1,148.8,359603991103.0422,359603991103.0422,1559.7775919903856,638769886610.688,19.0,0.0,0.0,0.0,0.0,0.0,0.0
own:19,33,0,576.0,699487763339.1433,699487763339.1433,3034.018993452266,2472657625589.76,19.0,0.0,0.0,0.0,0.0,0.0,0.0
own:19,33,1,144.0,349743881669.57166,349743881669.57166,1517.009496726133,618164406397.44,19.0,0.0,0.0,0.0,0.0,0.0,0.0
own:19,34,0,595.2,726418042227.7002,726418042227.7002,3150.8287247001776,2555079546442.752,19.0,0.0,0.0,0.0,0.0,0.0,0.0
own:19,34,1,148.8,363209021113.8501,363209021113.8501,1575.4143623500888,638769886610.688,19.0,0.0,0.0,0.0,0.0,0.0,0.0
own:19,35,0,595.2,730050132438.8386,730050132438.8386,3166.582868323678,2555079546442.752,19.0,0.0,0.0,0.0,0.0,0.0,0.0
own:19,35,1,148.8,365025066219.4193,365025066219.4193,1583.291434161839,638769886610.688,19.0,0.0,0.0,0.0,0.0,0.0,0.0
own:19,36,0,576.0,710032628807.451,710032628807.451,3079.757209030932,2472657625589.76,19.0,0.0,0.0,0.0,0.0,0.0,0.0
own:19,36,1,144.0,355016314403.7255,355016314403.7255,1539.878604515466,618164406397.44,19.0,0.0,0.0,0.0,0.0,0.0,0.0
own:20,1,0,595.2,616178562048.0001,0.0,0.0,0.0,0.0,537730733635.1999,78447828412.80023,2380.0,2332.3999999999996,4.0,2380.0
own:20,1,1,148.8,308089281024.00006,0.0,0.0,0.0,0.0,133754871559.67998,174334409464.32007,592.0,580.16,4.0,592.0
own:20,2,0,576.0,599283343411.2001,0.0,0.0,0.0,0.0,520559500124.1599,78723843287.04016,2304.0,2257.92,4.0,2304.0
own:20,2,1,144.0,299641671705.60004,0.0,0.0,0.0,0.0,130139875031.03998,169501796674.56006,576.0,564.48,4.0,576.0
own:20,3,0,595.2,622355752132.5311,0.0,0.0,0.0,0.0,537730733635.1999,84625018497.33124,2380.0,2332.3999999999996,4.0,2380.0
own:20,3,1,148.8,311177876066.26556,0.0,0.0,0.0,0.0,133754871559.67998,177423004506.58557,592.0,580.16,4.0,592.0
own:20,4,0,595.2,625467530893.1937,0.0,0.0,0.0,0.0,537730733635.1999,87736797257.99384,2380.0,2332.3999999999996,4.0,2380.0
own:20,4,1,148.8,312733765446.59686,0.0,0.0,0.0,0.0,133754871559.67998,178978893886.91687,592.0,580.16,4.0,592.0
own:20,5,0,537.6,567763107075.3055,0.0,0.0,0.0,0.0,485313283969.9199,82449823105.38562,2148.0,2105.04,4.0,2148.0
own:20,5,1,134.4,283881553537.6528,0.0,0.0,0.0,0.0,121102383709.43997,162779169828.2128,536.0,525.28,4.0,536.0
own:20,6,0,595.2,631737842890.3978,0.0,0.0,0.0,0.0,537730733635.1999,94007109255.19794,2380.0,2332.3999999999996,4.0,2380.0
own:20,6,1,148.8,315868921445.1989,0.0,0.0,0.0,0.0,133754871559.67998,182114049885.51892,592.0,580.16,4.0,592.0
own:20,7,0,576.0,614415998811.145,614415998811.145,2665.0213312882997,2602797500620.8,20.0,0.0,0.0,0.0,0.0,0.0,0.0
own:20,7,1,144.0,307207999405.5725,307207999405.5725,1332.5106656441499,650699375155.2,20.0,0.0,0.0,0.0,0.0,0.0,0.0
own:20,8,0,595.2,638071014765.374,638071014765.374,2767.624652542899,2689557417308.1597,20.0,0.0,0.0,0.0,0.0,0.0,0.0
own:20,8,1,148.8,319035507382.687,319035507382.687,1383.8123262714496,672389354327.0399,20.0,0.0,0.0,0.0,0.0,0.0,0.0
own:20,9,0,576.0,620575519199.2267,620575519199.2267,2691.738170134465,2602797500620.8,20.0,0.0,0.0,0.0,0.0,0.0,0.0
own:20,9,1,144.0,310287759599.61334,310287759599.61334,1345.8690850672324,650699375155.2,20.0,0.0,0.0,0.0,0.0,0.0,0.0
own:20,10,0,595.2,644467676688.3967,644467676688.3967,2795.370089684641,2689557417308.1597,20.0,0.0,0.0,0.0,0.0,0.0,0.0
own:20,10,1,148.8,322233838344.19836,322233838344.19836,1397.6850448423204,672389354327.0399,20.0,0.0,0.0,0.0,0.0,0.0,0.0
own:20,11,0,595.2,647690015071.8387,647690015071.8387,2809.346940133064,2689557417308.1597,20.0,0.0,0.0,0.0,0.0,0.0,0.0
own:20,11,1,148.8,323845007535.9194,323845007535.9194,1404.673470066532,672389354327.0399,20.0,0.0,0.0,0.0,0.0,0.0,0.0
own:20,12,0,576.0,629930772723.0947,629930772723.0947,2732.316459516512,2602797500620.8,20.0,0.0,0.0,0.0,0.0,0.0,0.0
own:20,12,1,144.0,314965386361.54736,314965386361.54736,1366.158229758256,650699375155.2,20.0,0.0,0.0,0.0,0.0,0.0,0.0
own:20,13,0,595.2,654183107472.9337,654183107472.9337,2837.5106432078974,2689557417308.1597,20.0,0.0,0.0,0.0,0.0,0.0,0.0
own:20,13,1,148.8,327091553736.46686,327091553736.46686,1418.7553216039487,672389354327.0399,20.0,0.0,0.0,0.0,0.0,0.0,0.0
own:20,14,0,576.0,636245828719.6436,636245828719.6436,2759.707932023164,2602797500620.8,20.0,0.0,0.0,0.0,0.0,0.0,0.0
own:20,14,1,144.0,318122914359.8218,318122914359.8218,1379.853966011582,650699375155.2,20.0,0.0,0.0,0.0,0.0,0.0,0.0
own:20,15,0,595.2,660741293125.3497,660741293125.3497,2865.9566874060556,2689557417308.1597,20.0,0.0,0.0,0.0,0.0,0.0,0.0
own:20,15,1,148.8,330370646562.67487,330370646562.67487,1432.9783437030278,672389354327.0399,20.0,0.0,0.0,0.0,0.0,0.0,0.0
own:20,16,0,595.2,664044999590.9764,664044999590.9764,2880.2864708430857,2689557417308.1597,20.0,0.0,0.0,0.0,0.0,0.0,0.0
own:20,16,1,148.8,332022499795.4882,332022499795.4882,1440.1432354215428,672389354327.0399,20.0,0.0,0.0,0.0,0.0,0.0,0.0
own:20,17,0,556.8000000000001,624309403647.71,624309403647.71,2707.933844926508,2516037583933.44,20.0,0.0,0.0,0.0,0.0,0.0,0.0
own:20,17,1,139.20000000000002,312154701823.855,312154701823.855,1353.966922463254,629009395983.36,20.0,0.0,0.0,0.0,0.0,0.0,0.0
own:20,18,0,595.2,670702050711.8757,670702050711.8757,2909.1613427132866,2689557417308.1597,20.0,0.0,0.0,0.0,0.0,0.0,0.0
own:20,18,1,148.8,335351025355.93787,335351025355.93787,1454.5806713566433,672389354327.0399,20.0,0.0,0.0,0.0,0.0,0.0,0.0
own:20,19,0,576.0,652311833192.3566,652311833192.3566,2829.394015574374,2602797500620.8,20.0,0.0,0.0,0.0,0.0,0.0,0.0
own:20,19,1,144.0,326155916596.1783,326155916596.1783,1414.697007787187,650699375155.2,20.0,0.0,0.0,0.0,0.0,0.0,0.0
own:20,20,0,595.2,677425838770.2622,677425838770.2622,2938.325685173987,2689557417308.1597,20.0,0.0,0.0,0.0,0.0,0.0,0.0
own:20,20,1,148.8,338712919385.1311,338712919385.1311,1469.1628425869935,672389354327.0399,20.0,0.0,0.0,0.0,0.0,0.0,0.0
own:20,21,0,576.0,658851259320.1097,658851259320.1097,2857.7586905805065,2602797500620.8,20.0,0.0,0.0,0.0,0.0,0.0,0.0
own:20,21,1,144.0,329425629660.0549,329425629660.0549,1428.8793452902532,650699375155.2,20.0,0.0,0.0,0.0,0.0,0.0,0.0
own:20,22,0,595.2,684217032803.934,684217032803.934,2967.782400167856,2689557417308.1597,20.0,0.0,0.0,0.0,0.0,0.0,0.0
own:20,22,1,148.8,342108516401.967,342108516401.967,1483.891200083928,672389354327.0399,20.0,0.0,0.0,0.0,0.0,0.0,0.0
own:20,23,0,595.2,687638117967.9535,687638117967.9535,2982.621312168694,2689557417308.1597,20.0,0.0,0.0,0.0,0.0,0.0,0.0
own:20,23,1,148.8,343819058983.97675,343819058983.97675,1491.310656084347,672389354327.0399,20.0,0.0,0.0,0.0,0.0,0.0,0.0
own:20,24,0,576.0,668783524410.7677,668783524410.7677,2900.839760060843,2602797500620.8,20.0,0.0,0.0,0.0,0.0,0.0,0.0
own:20,24,1,144.0,334391762205.38385,334391762205.38385,1450.4198800304216,650699375155.2,20.0,0.0,0.0,0.0,0.0,0.0,0.0
own:20,25,0,595.2,694531690100.5822,694531690100.5822,3012.5220908231854,2689557417308.1597,20.0,0.0,0.0,0.0,0.0,0.0,0.0
own:20,25,1,148.8,347265845050.2911,347265845050.2911,1506.2610454115927,672389354327.0399,20.0,0.0,0.0,0.0,0.0,0.0,0.0
own:20,26,0,576.0,675488079242.9854,675488079242.9854,2929.920678655452,2602797500620.8,20.0,0.0,0.0,0.0,0.0,0.0,0.0
own:20,26,1,144.0,337744039621.4927,337744039621.4927,1464.960339327726,650699375155.2,20.0,0.0,0.0,0.0,0.0,0.0,0.0
own:20,27,0,595.2,701494370293.8403,701494370293.8403,3042.722624783687,2689557417308.1597,20.0,0.0,0.0,0.0,0.0,0.0,0.0
own:20,27,1,148.8,350747185146.92017,350747185146.92017,1521.3613123918435,672389354327.0399,20.0,0.0,0.0,0.0,0.0,0.0,0.0
own:20,28,0,595.2,705001842145.3094,705001842145.3094,3057.936237907605,2689557417308.1597,20.0,0.0,0.0,0.0,0.0,0.0,0.0
own:20,28,1,148.8,352500921072.6547,352500921072.6547,1528.9681189538026,672389354327.0399,20.0,0.0,0.0,0.0,0.0,0.0,0.0
own:20,29,0,537.6,639959736708.6776,639959736708.6776,2775.8169591845162,2429277667246.0796,20.0,0.0,0.0,0.0,0.0,0.0,0.0
own:20,29,1,134.4,319979868354.3388,319979868354.3388,1387.9084795922581,607319416811.5199,20.0,0.0,0.0,0.0,0.0,0.0,0.0
own:20,30,0,595.2,712069485612.816,712069485612.816,3088.5920486926284,2689557417308.1597,20.0,0.0,0.0,0.0,0.0,0.0,0.0
own:20,30,1,148.8,356034742806.408,356034742806.408,1544.2960243463142,672389354327.0399,20.0,0.0,0.0,0.0,0.0,0.0,0.0
own:20,31,0,576.0,692544999716.9807,692544999716.9807,3003.9048473575076,2602797500620.8,20.0,0.0,0.0,0.0,0.0,0.0,0.0
own:20,31,1,144.0,346272499858.49036,346272499858.49036,1501.9524236787538,650699375155.2,20.0,0.0,0.0,0.0,0.0,0.0,0.0
own:20,32,0,595.2,719207982206.0844,719207982206.0844,3119.5551839807713,2689557417308.1597,20.0,0.0,0.0,0.0,0.0,0.0,0.0
own:20,32,1,148.8,359603991103.0422,359603991103.0422,1559.7775919903856,672389354327.0399,20.0,0.0,0.0,0.0,0.0,0.0,0.0
own:20,33,0,576.0,699487763339.1433,699487763339.1433,3034.018993452266,2602797500620.8,20.0,0.0,0.0,0.0,0.0,0.0,0.0
own:20,33,1,144.0,349743881669.57166,349743881669.57166,1517.009496726133,650699375155.2,20.0,0.0,0.0,0.0,0.0,0.0,0.0
own:20,34,0,595.2,726418042227.7002,726418042227.7002,3150.8287247001776,2689557417308.1597,20.0,0.0,0.0,0.0,0.0,0.0,0.0
own:20,34,1,148.8,363209021113.8501,363209021113.8501,1575.4143623500888,672389354327.0399,20.0,0.0,0.0,0.0,0.0,0.0,0.0
own:20,35,0,595.2,730050132438.8386,730050132438.8386,3166.582868323678,2689557417308.1597,20.0,0.0,0.0,0.0,0.0,0.0,0.0
own:20,35,1,148.8,365025066219.4193,365025066219.4193,1583.291434161839,672389354327.0399,20.0,0.0,0.0,0.0,0.0,0.0,0.0
own:20,36,0,576.0,710032628807.451,710032628807.451,3079.757209030932,2602797500620.8,20.0,0.0,0.0,0.0,0.0,0.0,0.0
own:20,36,1,144.0,355016314403.7255,355016314403.7255,1539.878604515466,650699375155.2,20.0,0.0,0.0,0.0,0.0,0.0,0.0
own:21,1,0,595.2,616178562048.0001,0.0,0.0,0.0,0.0,537730733635.1999,78447828412.80023,2380.0,2332.3999999999996,4.0,2380.0
own:21,1,1,148.8,308089281024.00006,0.0,0.0,0.0,0.0,133754871559.67998,174334409464.32007,592.0,580.16,4.0,592.0
own:21,2,0,576.0,599283343411.2001,0.0,0.0,0.0,0.0,520559500124.1599,78723843287.04016,2304.0,2257.92,4.0,2304.0
own:21,2,1,144.0,299641671705.60004,0.0,0.0,0.0,0.0,130139875031.03998,169501796674.56006,576.0,564.48,4.0,576.0
own:21,3,0,595.2,622355752132.5311,0.0,0.0,0.0,0.0,537730733635.1999,84625018497.33124,2380.0,2332.3999999999996,4.0,2380.0
own:21,3,1,148.8,311177876066.26556,0.0,0.0,0.0,0.0,133754871559.67998,177423004506.58557,592.0,580.16,4.0,592.0
own:21,4,0,595.2,625467530893.1937,0.0,0.0,0.0,0.0,537730733635.1999,87736797257.99384,2380.0,2332.3999999999996,4.0,2380.0
own:21,4,1,148.8,312733765446.59686,0.0,0.0,0.0,0.0,133754871559.67998,178978893886.91687,592.0,580.16,4.0,592.0
own:21,5,0,537.6,567763107075.3055,0.0,0.0,0.0,0.0,485313283969.9199,82449823105.38562,2148.0,2105.04,4.0,2148.0
own:21,5,1,134.4,283881553537.6528,0.0,0.0,0.0,0.0,121102383709.43997,162779169828.2128,536.0,525.28,4.0,536.0
own:21,6,0,595.2,631737842890.3978,0.0,0.0,0.0,0.0,537730733635.1999,94007109255.19794,2380.0,2332.3999999999996,4.0,2380.0
own:21,6,1,148.8,315868921445.1989,0.0,0.0,0.0,0.0,133754871559.67998,182114049885.51892,592.0,580.16,4.0,592.0
own:21,7,0,576.0,614415998811.145,614415998811.145,2665.0213312882997,2732937375651.8394,21.0,0.0,0.0,0.0,0.0,0.0,0.0
own:21,7,1,144.0,307207999405.5725,307207999405.5725,1332.5106656441499,683234343912.9598,21.0,0.0,0.0,0.0,0.0,0.0,0.0
own:21,8,0,595.2,638071014765.374,638071014765.374,2767.624652542899,2824035288173.568,21.0,0.0,0.0,0.0,0.0,0.0,0.0
own:21,8,1,148.8,319035507382.687,319035507382.687,1383.8123262714496,706008822043.392,21.0,0.0,0.0,0.0,0.0,0.0,0.0
own:21,9,0,576.0,620575519199.2267,620575519199.2267,2691.738170134465,2732937375651.8394,21.0,0.0,0.0,0.0,0.0,0.0,0.0
own:21,9,1,144.0,310287759599.61334,310287759599.61334,1345.8690850672324,683234343912.9598,21.0,0.0,0.0,0.0,0.0,0.0,0.0
own:21,10,0,595.2,644467676688.3967,644467676688.3967,2795.370089684641,2824035288173.568,21.0,0.0,0.0,0.0,0.0,0.0,0.0
own:21,10,1,148.8,322233838344.19836,322233838344.19836,1397.6850448423204,706008822043.392,21.0,0.0,0.0,0.0,0.0,0.0,0.0
own:21,11,0,595.2,647690015071.8387,647690015071.8387,2809.346940133064,2824035288173.568,21.0,0.0,0.0,0.0,0.0,0.0,0.0
own:21,11,1,148.8,323845007535.9194,323845007535.9194,1404.673470066532,706008822043.392,21.0,0.0,0.0,0.0,0.0,0.0,0.0
own:21,12,0,576.0,629930772723.0947,629930772723.0947,2732.316459516512,2732937375651.8394,21.0,0.0,0.0,0.0,0.0,0.0,0.0
own:21,12,1,144.0,314965386361.54736,314965386361.54736,1366.158229758256,683234343912.9598,21.0,0.0,0.0,0.0,0.0,0.0,0.0
own:21,13,0,595.2,654183107472.9337,654183107472.9337,2837.5106432078974,2824035288173.568,21.0,0.0,0.0,0.0,0.0,0.0,0.0
own:21,13,1,148.8,327091553736.46686,327091553736.46686,1418.7553216039487,706008822043.392,21.0,0.0,0.0,0.0,0.0,0.0,0.0
own:21,14,0,576.0,636245828719.6436,636245828719.6436,2759.707932023164,2732937375651.8394,21.0,0.0,0.0,0.0,0.0,0.0,0.0
own:21,14,1,144.0,318122914359.8218,318122914359.8218,1379.853966011582,683234343912.9598,21.0,0.0,0.0,0.0,0.0,0.0,0.0
own:21,15,0,595.2,660741293125.3497,660741293125.3497,2865.9566874060556,2824035288173.568,21.0,0.0,0.0,0.0,0.0,0.0,0.0
own:21,15,1,148.8,330370646562.67487,330370646562.67487,1432.9783437030278,706008822043.392,21.0,0.0,0.0,0.0,0.0,0.0,0.0
own:21,16,0,595.2,664044999590.9764,664044999590.9764,2880.2864708430857,2824035288173.568,21.0,0.0,0.0,0.0,0.0,0.0,0.0
own:21,16,1,148.8,332022499795.4882,332022499795.4882,1440.1432354215428,706008822043.392,21.0,0.0,0.0,0.0,0.0,0.0,0.0
own:21,17,0,556.8000000000001,624309403647.71,624309403647.71,2707.933844926508,2641839463130.112,21.0,0.0,0.0,0.0,0.0,0.0,0.0
own:21,17,1,139.20000000000002,312154701823.855,312154701823.855,1353.966922463254,660459865782.528,21.0,0.0,0.0,0.0,0.0,0.0,0.0
own:21,18,0,595.2,670702050711.8757,670702050711.8757,2909.1613427132866,2824035288173.568,21.0,0.0,0.0,0.0,0.0,0.0,0.0
own:21,18,1,148.8,335351025355.93787,335351025355.93787,1454.5806713566433,706008822043.392,21.0,0.0,0.0,0.0,0.0,0.0,0.0
own:21,19,0,576.0,652311833192.3566,652311833192.3566,2829.394015574374,2732937375651.8394,21.0,0.0,0.0,0.0,0.0,0.0,0.0
own:21,19,1,144.0,326155916596.1783,326155916596.1783,1414.697007787187,683234343912.9598,21.0,0.0,0.0,0.0,0.0,0.0,0.0
own:21,20,0,595.2,677425838770.2622,677425838770.2622,2938.325685173987,2824035288173.568,21.0,0.0,0.0,0.0,0.0,0.0,0.0
own:21,20,1,148.8,338712919385.1311,338712919385.1311,1469.1628425869935,706008822043.392,21.0,0.0,0.0,0.0,0.0,0.0,0.0
own:21,21,0,576.0,658851259320.1097,658851259320.1097,2857.7586905805065,2732937375651.8394,21.0,0.0,0.0,0.0,0.0,0.0,0.0
own:21,21,1,144.0,329425629660.0549,329425629660.0549,1428.8793452902532,683234343912.9598,21.0,0.0,0.0,0.0,0.0,0.0,0.0
own:21,22,0,595.2,684217032803.934,684217032803.934,2967.782400167856,2824035288173.568,21.0,0.0,0.0,0.0,0.0,0.0,0.0
own:21,22,1,148.8,342108516401.967,342108516401.967,1483.891200083928,706008822043.392,21.0,0.0,0.0,0.0,0.0,0.0,0.0
own:21,23,0,595.2,687638117967.9535,687638117967.9535,2982.621312168694,2824035288173.568,21.0,0.0,0.0,0.0,0.0,0.0,0.0
own:21,23,1,148.8,343819058983.97675,343819058983.97675,1491.310656084347,706008822043.392,21.0,0.0,0.0,0.0,0.0,0.0,0.0
own:21,24,0,576.0,668783524410.7677,668783524410.7677,2900.839760060843,2732937375651.8394,21.0,0.0,0.0,0.0,0.0,0.0,0.0
own:21,24,1,144.0,334391762205.38385,334391762205.38385,1450.4198800304216,683234343912.9598,21.0,0.0,0.0,0.0,0.0,0.0,0.0
own:21,25,0,595.2,694531690100.5822,694531690100.5822,3012.5220908231854,2824035288173.568,21.0,0.0,0.0,0.0,0.0,0.0,0.0
own:21,25,1,148.8,347265845050.2911,347265845050.2911,1506.2610454115927,706008822043.392,21.0,0.0,0.0,0.0,0.0,0.0,0.0
own:21,26,0,576.0,675488079242.9854,675488079242.9854,2929.920678655452,2732937375651.8394,21.0,0.0,0.0,0.0,0.0,0.0,0.0
own:21,26,1,144.0,337744039621.4927,337744039621.4927,1464.960339327726,683234343912.9598,21.0,0.0,0.0,0.0,0.0,0.0,0.0
own:21,27,0,595.2,701494370293.8403,701494370293.8403,3042.722624783687,2824035288173.568,21.0,0.0,0.0,0.0,0.0,0.0,0.0
own:21,27,1,148.8,350747185146.92017,350747185146.92017,1521.3613123918435,706008822043.392,21.0,0.0,0.0,0.0,0.0,0.0,0.0
own:21,28,0,595.2,705001842145.3094,705001842145.3094,3057.936237907605,2824035288173.568,21.0,0.0,0.0,0.0,0.0,0.0,0.0
own:21,28,1,148.8,352500921072.6547,352500921072.6547,1528.9681189538026,706008822043.392,21.0,0.0,0.0,0.0,0.0,0.0,0.0
own:21,29,0,537.6,639959736708.6776,639959736708.6776,2775.8169591845162,2550741550608.384,21.0,0.0,0.0,0.0,0.0,0.0,0.0
own:21,29,1,134.4,319979868354.3388,319979868354.3388,1387.9084795922581,637685387652.096,21.0,0.0,0.0,0.0,0.0,0.0,0.0
own:21,30,0,595.2,712069485612.816,712069485612.816,3088.5920486926284,2824035288173.568,21.0,0.0,0.0,0.0,0.0,0.0,0.0
own:21,30,1,148.8,356034742806.408,356034742806.408,1544.2960243463142,706008822043.392,21.0,0.0,0.0,0.0,0.0,0.0,0.0
own:21,31,0,576.0,692544999716.9807,692544999716.9807,3003.9048473575076,2732937375651.8394,21.0,0.0,0.0,0.0,0.0,0.0,0.0
own:21,31,1,144.0,346272499858.49036,346272499858.49036,1501.9524236787538,683234343912.9598,21.0,0.0,0.0,0.0,0.0,0.0,0.0
own:21,32,0,595.2,719207982206.0844,719207982206.0844,3119.5551839807713,2824035288173.568,21.0,0.0,0.0,0.0,0.0,0.0,0.0
own:21,32,1,148.8,359603991103.0422,359603991103.0422,1559.7775919903856,706008822043.392,21.0,0.0,0.0,0.0,0.0,0.0,0.0
own:21,33,0,576.0,699487763339.1433,699487763339.1433,3034.018993452266,2732937375651.8394,21.0,0.0,0.0,0.0,0.0,0.0,0.0
own:21,33,1,144.0,349743881669.57166,349743881669.57166,1517.009496726133,683234343912.9598,21.0,0.0,0.0,0.0,0.0,0.0,0.0
own:21,34,0,595.2,726418042227.7002,726418042227.7002,3150.8287247001776,2824035288173.568,21.0,0.0,0.0,0.0,0.0,0.0,0.0
own:21,34,1,148.8,363209021113.8501,363209021113.8501,1575.4143623500888,706008822043.392,21.0,0.0,0.0,0.0,0.0,0.0,0.0
own:21,35,0,595.2,730050132438.8386,730050132438.8386,3166.582868323678,2824035288173.568,21.0,0.0,0.0,0.0,0.0,0.0,0.0
own:21,35,1,148.8,365025066219.4193,365025066219.4193,1583.291434161839,706008822043.392,21.0,0.0,0.0,0.0,0.0,0.0,0.0
own:21,36,0,576.0,710032628807.451,710032628807.451,3079.757209030932,2732937375651.8394,21.0,0.0,0.0,0.0,0.0,0.0,0.0
own:21,36,1,144.0,355016314403.7255,355016314403.7255,1539.878604515466,683234343912.9598,21.0,0.0,0.0,0.0,0.0,0.0,0.0
own:22,1,0,595.2,616178562048.0001,0.0,0.0,0.0,0.0,537730733635.1999,78447828412.80023,2380.0,2332.3999999999996,4.0,2380.0
own:22,1,1,148.8,308089281024.00006,0.0,0.0,0.0,0.0,133754871559.67998,174334409464.32007,592.0,580.16,4.0,592.0
own:22,2,0,576.0,599283343411.2001,0.0,0.0,0.0,0.0,520559500124.1599,78723843287.04016,2304.0,2257.92,4.0,2304.0
own:22,2,1,144.0,299641671705.60004,0.0,0.0,0.0,0.0,130139875031.03998,169501796674.56006,576.0,564.48,4.0,576.0
own:22,3,0,595.2,622355752132.5311,0.0,0.0,0.0,0.0,537730733635.1999,84625018497.33124,2380.0,2332.3999999999996,4.0,2380.0
own:22,3,1,148.8,311177876066.26556,0.0,0.0,0.0,0.0,133754871559.67998,177423004506.58557,592.0,580.16,4.0,592.0
own:22,4,0,595.2,625467530893.1937,0.0,0.0,0.0,0.0,537730733635.1999,87736797257.99384,2380.0,2332.3999999999996,4.0,2380.0
own:22,4,1,148.8,312733765446.59686,0.0,0.0,0.0,0.0,133754871559.67998,178978893886.91687,592.0,580.16,4.0,592.0
own:22,5,0,537.6,567763107075.3055,0.0,0.0,0.0,0.0,485313283969.9199,82449823105.38562,2148.0,2105.04,4.0,2148.0
own:22,5,1,134.4,283881553537.6528,0.0,0.0,0.0,0.0,121102383709.43997,162779169828.2128,536.0,525.28,4.0,536.0
own:22,6,0,595.2,631737842890.3978,0.0,0.0,0.0,0.0,537730733635.1999,94007109255.19794,2380.0,2332.3999999999996,4.0,2380.0
own:22,6,1,148.8,315868921445.1989,0.0,0.0,0.0,0.0,133754871559.67998,182114049885.51892,592.0,580.16,4.0,592.0
own:22,7,0,576.0,614415998811.145,614415998811.145,2665.0213312882997,2863077250682.8794,22.0,0.0,0.0,0.0,0.0,0.0,0.0
own:22,7,1,144.0,307207999405.5725,307207999405.5725,1332.5106656441499,715769312670.7198,22.0,0.0,0.0,0.0,0.0,0.0,0.0
own:22,8,0,595.2,638071014765.374,638071014765.374,2767.624652542899,2958513159038.9756,22.0,0.0,0.0,0.0,0.0,0.0,0.0
own:22,8,1,148.8,319035507382.687,319035507382.687,1383.8123262714496,739628289759.7439,22.0,0.0,0.0,0.0,0.0,0.0,0.0
own:22,9,0,576.0,620575519199.2267,620575519199.2267,2691.738170134465,2863077250682.8794,22.0,0.0,0.0,0.0,0.0,0.0,0.0
own:22,9,1,144.0,310287759599.61334,310287759599.61334,1345.8690850672324,715769312670.7198,22.0,0.0,0.0,0.0,0.0,0.0,0.0
own:22,10,0,595.2,644467676688.3967,644467676688.3967,2795.370089684641,2958513159038.9756,22.0,0.0,0.0,0.0,0.0,0.0,0.0
own:22,10,1,148.8,322233838344.19836,322233838344.19836,1397.6850448423204,739628289759.7439,22.0,0.0,0.0,0.0,0.0,0.0,0.0
own:22,11,0,595.2,647690015071.8387,647690015071.8387,2809.346940133064,2958513159038.9756,22.0,0.0,0.0,0.0,0.0,0.0,0.0
own:22,11,1,148.8,323845007535.9194,323845007535.9194,1404.673470066532,739628289759.7439,22.0,0.0,0.0,0.0,0.0,0.0,0.0
own:22,12,0,576.0,629930772723.0947,629930772723.0947,2732.316459516512,2863077250682.8794,22.0,0.0,0.0,0.0,0.0,0.0,0.0
own:22,12,1,144.0,314965386361.54736,314965386361.54736,1366.158229758256,715769312670.7198,22.0,0.0,0.0,0.0,0.0,0.0,0.0
own:22,13,0,595.2,654183107472.9337,654183107472.9337,2837.5106432078974,2958513159038.9756,22.0,0.0,0.0,0.0,0.0,0.0,0.0
own:22,13,1,148.8,327091553736.46686,327091553736.46686,1418.7553216039487,739628289759.7439,22.0,0.0,0.0,0.0,0.0,0.0,0.0
own:22,14,0,576.0,636245828719.6436,636245828719.6436,2759.707932023164,2863077250682.8794,22.0,0.0,0.0,0.0,0.0,0.0,0.0
own:22,14,1,144.0,318122914359.8218,318122914359.8218,1379.853966011582,715769312670.7198,22.0,0.0,0.0,0.0,0.0,0.0,0.0
own:22,15,0,595.2,660741293125.3497,660741293125.3497,2865.9566874060556,2958513159038.9756,22.0,0.0,0.0,0.0,0.0,0.0,0.0
own:22,15,1,148.8,330370646562.67487,330370646562.67487,1432.9783437030278,739628289759.7439,22.0,0.0,0.0,0.0,0.0,0.0,0.0
own:22,16,0,595.2,664044999590.9764,664044999590.9764,2880.2864708430857,2958513159038.9756,22.0,0.0,0.0,0.0,0.0,0.0,0.0
own:22,16,1,148.8,332022499795.4882,332022499795.4882,1440.1432354215428,739628289759.7439,22.0,0.0,0.0,0.0,0.0,0.0,0.0
own:22,17,0,556.8000000000001,624309403647.71,624309403647.71,2707.933844926508,2767641342326.7837,22.0,0.0,0.0,0.0,0.0,0.0,0.0
own:22,17,1,139.20000000000002,312154701823.855,312154701823.855,1353.966922463254,691910335581.6959,22.0,0.0,0.0,0.0,0.0,0.0,0.0
own:22,18,0,595.2,670702050711.8757,670702050711.8757,2909.1613427132866,2958513159038.9756,22.0,0.0,0.0,0.0,0.0,0.0,0.0
own:22,18,1,148.8,335351025355.93787,335351025355.93787,1454.5806713566433,739628289759.7439,22.0,0.0,0.0,0.0,0.0,0.0,0.0
own:22,19,0,576.0,652311833192.3566,652311833192.3566,2829.394015574374,2863077250682.8794,22.0,0.0,0.0,0.0,0.0,0.0,0.0
own:22,19,1,144.0,326155916596.1783,326155916596.1783,1414.697007787187,715769312670.7198,22.0,0.0,0.0,0.0,0.0,0.0,0.0
own:22,20,0,595.2,677425838770.2622,677425838770.2622,2938.325685173987,2958513159038.9756,22.0,0.0,0.0,0.0,0.0,0.0,0.0
own:22,20,1,148.8,338712919385.1311,338712919385.1311,1469.1628425869935,739628289759.7439,22.0,0.0,0.0,0.0,0.0,0.0,0.0
own:22,21,0,576.0,658851259320.1097,658851259320.1097,2857.7586905805065,2863077250682.8794,22.0,0.0,0.0,0.0,0.0,0.0,0.0
own:22,21,1,144.0,329425629660.0549,329425629660.0549,1428.8793452902532,715769312670.7198,22.0,0.0,0.0,0.0,0.0,0.0,0.0
own:22,22,0,595.2,684217032803.934,684217032803.934,2967.782400167856,2958513159038.9756,22.0,0.0,0.0,0.0,0.0,0.0,0.0
own:22,22,1,148.8,342108516401.967,342108516401.967,1483.891200083928,739628289759.7439,22.0,0.0,0.0,0.0,0.0,0.0,0.0
own:22,23,0,595.2,687638117967.9535,687638117967.9535,2982.621312168694,2958513159038.9756,22.0,0.0,0.0,0.0,0.0,0.0,0.0
own:22,23,1,148.8,343819058983.97675,343819058983.97675,1491.310656084347,739628289759.7439,22.0,0.0,0.0,0.0,0.0,0.0,0.0
own:22,24,0,576.0,668783524410.7677,668783524410.7677,2900.839760060843,2863077250682.8794,22.0,0.0,0.0,0.0,0.0,0.0,0.0
own:22,24,1,144.0,334391762205.38385,334391762205.38385,1450.4198800304216,715769312670.7198,22.0,0.0,0.0,0.0,0.0,0.0,0.0
own:22,25,0,595.2,694531690100.5822,694531690100.5822,3012.5220908231854,2958513159038.9756,22.0,0.0,0.0,0.0,0.0,0.0,0.0
own:22,25,1,148.8,347265845050.2911,347265845050.2911,1506.2610454115927,739628289759.7439,22.0,0.0,0.0,0.0,0.0,0.0,0.0
own:22,26,0,576.0,675488079242.9854,675488079242.9854,2929.920678655452,2863077250682.8794,22.0,0.0,0.0,0.0,0.0,0.0,0.0
own:22,26,1,144.0,337744039621.4927,337744039621.4927,1464.960339327726,715769312670.7198,22.0,0.0,0.0,0.0,0.0,0.0,0.0
own:22,27,0,595.2,701494370293.8403,701494370293.8403,3042.722624783687,2958513159038.9756,22.0,0.0,0.0,0.0,0.0,0.0,0.0
own:22,27,1,148.8,350747185146.92017,350747185146.92017,1521.3613123918435,739628289759.7439,22.0,0.0,0.0,0.0,0.0,0.0,0.0
own:22,28,0,595.2,705001842145.3094,705001842145.3094,3057.936237907605,2958513159038.9756,22.0,0.0,0.0,0.0,0.0,0.0,0.0
own:22,28,1,148.8,352500921072.6547,352500921072.6547,1528.9681189538026,739628289759.7439,22.0,0.0,0.0,0.0,0.0,0.0,0.0
own:22,29,0,537.6,639959736708.6776,639959736708.6776,2775.8169591845162,2672205433970.6875,22.0,0.0,0.0,0.0,0.0,0.0,0.0
own:22,29,1,134.4,319979868354.3388,319979868354.3388,1387.9084795922581,668051358492.6719,22.0,0.0,0.0,0.0,0.0,0.0,0.0
own:22,30,0,595.2,712069485612.816,712069485612.816,3088.5920486926284,2958513159038.9756,22.0,0.0,0.0,0.0,0.0,0.0,0.0
own:22,30,1,148.8,356034742806.408,356034742806.408,1544.2960243463142,739628289759.7439,22.0,0.0,0.0,0.0,0.0,0.0,0.0
own:22,31,0,576.0,692544999716.9807,692544999716.9807,3003.9048473575076,2863077250682.8794,22.0,0.0,0.0,0.0,0.0,0.0,0.0
own:22,31,1,144.0,346272499858.49036,346272499858.49036,1501.9524236787538,715769312670.7198,22.0,0.0,0.0,0.0,0.0,0.0,0.0
own:22,32,0,595.2,719207982206.0844,719207982206.0844,3119.5551839807713,2958513159038.9756,22.0,0.0,0.0,0.0,0.0,0.0,0.0
own:22,32,1,148.8,359603991103.0422,359603991103.0422,1559.7775919903856,739628289759.7439,22.0,0.0,0.0,0.0,0.0,0.0,0.0
own:22,33,0,576.0,699487763339.1433,699487763339.1433,3034.018993452266,2863077250682.8794,22.0,0.0,0.0,0.0,0.0,0.0,0.0
own:22,33,1,144.0,349743881669.57166,349743881669.57166,1517.009496726133,715769312670.7198,22.0,0.0,0.0,0.0,0.0,0.0,0.0
own:22,34,0,595.2,726418042227.7002,726418042227.7002,3150.8287247001776,2958513159038.9756,22.0,0.0,0.0,0.0,0.0,0.0,0.0
own:22,34,1,148.8,363209021113.8501,363209021113.8501,1575.4143623500888,739628289759.7439,22.0,0.0,0.0,0.0,0.0,0.0,0.0
own:22,35,0,595.2,730050132438.8386,730050132438.8386,3166.582868323678,2958513159038.9756,22.0,0.0,0.0,0.0,0.0,0.0,0.0
own:22,35,1,148.8,365025066219.4193,365025066219.4193,1583.291434161839,739628289759.7439,22.0,0.0,0.0,0.0,0.0,0.0,0.0
own:22,36,0,576.0,710032628807.451,710032628807.451,3079.757209030932,2863077250682.8794,22.0,0.0,0.0,0.0,0.0,0.0,0.0
own:22,36,1,144.0,355016314403.7255,355016314403.7255,1539.878604515466,715769312670.7198,22.0,0.0,0.0,0.0,0.0,0.0,0.0
own:23,1,0,595.2,616178562048.0001,0.0,0.0,0.0,0.0,537730733635.1999,78447828412.80023,2380.0,2332.3999999999996,4.0,2380.0
own:23,1,1,148.8,308089281024.00006,0.0,0.0,0.0,0.0,133754871559.67998,174334409464.32007,592.0,580.16,4.0,592.0
own:23,2,0,576.0,599283343411.2001,0.0,0.0,0.0,0.0,520559500124.1599,78723843287.04016,2304.0,2257.92,4.0,2304.0
own:23,2,1,144.0,299641671705.60004,0.0,0.0,0.0,0.0,130139875031.03998,169501796674.56006,576.0,564.48,4.0,576.0
own:23,3,0,595.2,622355752132.5311,0.0,0.0,0.0,0.0,537730733635.1999,84625018497.33124,2380.0,2332.3999999999996,4.0,2380.0
own:23,3,1,148.8,311177876066.26556,0.0,0.0,0.0,0.0,133754871559.67998,177423004506.58557,592.0,580.16,4.0,592.0
own:23,4,0,595.2,625467530893.1937,0.0,0.0,0.0,0.0,537730733635.1999,87736797257.99384,2380.0,2332.3999999999996,4.0,2380.0
own:23,4,1,148.8,312733765446.59686,0.0,0.0,0.0,0.0,133754871559.67998,178978893886.91687,592.0,580.16,4.0,592.0
own:23,5,0,537.6,567763107075.3055,0.0,0.0,0.0,0.0,485313283969.9199,82449823105.38562,2148.0,2105.04,4.0,2148.0
own:23,5,1,134.4,283881553537.6528,0.0,0.0,0.0,0.0,121102383709.43997,162779169828.2128,536.0,525.28,4.0,536.0
own:23,6,0,595.2,631737842890.3978,0.0,0.0,0.0,0.0,537730733635.1999,94007109255.19794,2380.0,2332.3999999999996,4.0,2380.0
own:23,6,1,148.8,315868921445.1989,0.0,0.0,0.0,0.0,133754871559.67998,182114049885.51892,592.0,580.16,4.0,592.0
own:23,7,0,576.0,614415998811.145,614415998811.145,2665.0213312882997,2993217125713.9194,23.0,0.0,0.0,0.0,0.0,0.0,0.0
own:23,7,1,144.0,307207999405.5725,307207999405.5725,1332.5106656441499,748304281428.4799,23.0,0.0,0.0,0.0,0.0,0.0,0.0
own:23,8,0,595.2,638071014765.374,638071014765.374,2767.624652542899,3092991029904.384,23.0,0.0,0.0,0.0,0.0,0.0,0.0
own:23,8,1,148.8,319035507382.687,319035507382.687,1383.8123262714496,773247757476.096,23.0,0.0,0.0,0.0,0.0,0.0,0.0
own:23,9,0,576.0,620575519199.2267,620575519199.2267,2691.738170134465,2993217125713.9194,23.0,0.0,0.0,0.0,0.0,0.0,0.0
own:23,9,1,144.0,310287759599.61334,310287759599.61334,1345.8690850672324,748304281428.4799,23.0,0.0,0.0,0.0,0.0,0.0,0.0
own:23,10,0,595.2,644467676688.3967,644467676688.3967,2795.370089684641,3092991029904.384,23.0,0.0,0.0,0.0,0.0,0.0,0.0
own:23,10,1,148.8,322233838344.19836,322233838344.19836,1397.6850448423204,773247757476.096,23.0,0.0,0.0,0.0,0.0,0.0,0.0
own:23,11,0,595.2,647690015071.8387,647690015071.8387,2809.346940133064,3092991029904.384,23.0,0.0,0.0,0.0,0.0,0.0,0.0
own:23,11,1,148.8,323845007535.9194,323845007535.9194,1404.673470066532,773247757476.096,23.0,0.0,0.0,0.0,0.0,0.0,0.0
own:23,12,0,576.0,629930772723.0947,629930772723.0947,2732.316459516512,2993217125713.9194,23.0,0.0,0.0,0.0,0.0,0.0,0.0
own:23,12,1,144.0,314965386361.54736,314965386361.54736,1366.158229758256,748304281428.4799,23.0,0.0,0.0,0.0,0.0,0.0,0.0
own:23,13,0,595.2,654183107472.9337,654183107472.9337,2837.5106432078974,3092991029904.384,23.0,0.0,0.0,0.0,0.0,0.0,0.0
own:23,13,1,148.8,327091553736.46686,327091553736.46686,1418.7553216039487,773247757476.096,23.0,0.0,0.0,0.0,0.0,0.0,0.0
own:23,14,0,576.0,636245828719.6436,636245828719.6436,2759.707932023164,2993217125713.9194,23.0,0.0,0.0,0.0,0.0,0.0,0.0
own:23,14,1,144.0,318122914359.8218,318122914359.8218,1379.853966011582,748304281428.4799,23.0,0.0,0.0,0.0,0.0,0.0,0.0
own:23,15,0,595.2,660741293125.3497,660741293125.3497,2865.9566874060556,3092991029904.384,23.0,0.0,0.0,0.0,0.0,0.0,0.0
own:23,15,1,148.8,330370646562.67487,330370646562.67487,1432.9783437030278,773247757476.096,23.0,0.0,0.0,0.0,0.0,0.0,0.0
own:23,16,0,595.2,664044999590.9764,664044999590.9764,2880.2864708430857,3092991029904.384,23.0,0.0,0.0,0.0,0.0,0.0,0.0
own:23,16,1,148.8,332022499795.4882,332022499795.4882,1440.1432354215428,773247757476.096,23.0,0.0,0.0,0.0,0.0,0.0,0.0
own:23,17,0,556.8000000000001,624309403647.71,624309403647.71,2707.933844926508,2893443221523.456,23.0,0.0,0.0,0.0,0.0,0.0,0.0
own:23,17,1,139.20000000000002,312154701823.855,312154701823.855,1353.966922463254,723360805380.864,23.0,0.0,0.0,0.0,0.0,0.0,0.0
own:23,18,0,595.2,670702050711.8757,670702050711.8757,2909.1613427132866,3092991029904.384,23.0,0.0,0.0,0.0,0.0,0.0,0.0
own:23,18,1,148.8,335351025355.93787,335351025355.93787,1454.5806713566433,773247757476.096,23.0,0.0,0.0,0.0,0.0,0.0,0.0
own:23,19,0,576.0,652311833192.3566,652311833192.3566,2829.394015574374,2993217125713.9194,23.0,0.0,0.0,0.0,0.0,0.0,0.0
own:23,19,1,144.0,326155916596.1783,326155916596.1783,1414.697007787187,748304281428.4799,23.0,0.0,0.0,0.0,0.0,0.0,0.0
own:23,20,0,595.2,677425838770.2622,677425838770.2622,2938.325685173987,3092991029904.384,23.0,0.0,0.0,0.0,0.0,0.0,0.0
own:23,20,1,148.8,338712919385.1311,338712919385.1311,1469.1628425869935,773247757476.096,23.0,0.0,0.0,0.0,0.0,0.0,0.0
own:23,21,0,576.0,658851259320.1097,658851259320.1097,2857.7586905805065,2993217125713.9194,23.0,0.0,0.0,0.0,0.0,0.0,0.0
own:23,21,1,144.0,329425629660.0549,329425629660.0549,1428.8793452902532,748304281428.4799,23.0,0.0,0.0,0.0,0.0,0.0,0.0
own:23,22,0,595.2,684217032803.934,684217032803.934,2967.782400167856,3092991029904.384,23.0,0.0,0.0,0.0,0.0,0.0,0.0
own:23,22,1,148.8,342108516401.967,342108516401.967,1483.891200083928,773247757476.096,23.0,0.0,0.0,0.0,0.0,0.0,0.0
own:23,23,0,595.2,687638117967.9535,687638117967.9535,2982.621312168694,3092991029904.384,23.0,0.0,0.0,0.0,0.0,0.0,0.0
own:23,23,1,148.8,343819058983.97675,343819058983.97675,1491.310656084347,773247757476.096,23.0,0.0,0.0,0.0,0.0,0.0,0.0
own:23,24,0,576.0,668783524410.7677,668783524410.7677,2900.839760060843,2993217125713.9194,23.0,0.0,0.0,0.0,0.0,0.0,0.0
own:23,24,1,144.0,334391762205.38385,334391762205.38385,1450.4198800304216,748304281428.4799,23.0,0.0,0.0,0.0,0.0,0.0,0.0
own:23,25,0,595.2,694531690100.5822,694531690100.5822,3012.5220908231854,3092991029904.384,23.0,0.0,0.0,0.0,0.0,0.0,0.0
own:23,25,1,148.8,347265845050.2911,347265845050.2911,1506.2610454115927,773247757476.096,23.0,0.0,0.0,0.0,0.0,0.0,0.0
own:23,26,0,576.0,675488079242.9854,675488079242.9854,2929.920678655452,2993217125713.9194,23.0,0.0,0.0,0.0,0.0,0.0,0.0
own:23,26,1,144.0,337744039621.4927,337744039621.4927,1464.960339327726,748304281428.4799,23.0,0.0,0.0,0.0,0.0,0.0,0.0
own:23,27,0,595.2,701494370293.8403,701494370293.8403,3042.722624783687,3092991029904.384,23.0,0.0,0.0,0.0,0.0,0.0,0.0
own:23,27,1,148.8,350747185146.92017,350747185146.92017,1521.3613123918435,773247757476.096,23.0,0.0,0.0,0.0,0.0,0.0,0.0
own:23,28,0,595.2,705001842145.3094,705001842145.3094,3057.936237907605,3092991029904.384,23.0,0.0,0.0,0.0,0.0,0.0,0.0
own:23,28,1,148.8,352500921072.6547,352500921072.6547,1528.9681189538026,773247757476.096,23.0,0.0,0.0,0.0,0.0,0.0,0.0
own:23,29,0,537.6,639959736708.6776,639959736708.6776,2775.8169591845162,2793669317332.9917,23.0,0.0,0.0,0.0,0.0,0.0,0.0
own:23,29,1,134.4,319979868354.3388,319979868354.3388,1387.9084795922581,698417329333.2479,23.0,0.0,0.0,0.0,0.0,0.0,0.0
own:23,30,0,595.2,712069485612.816,712069485612.816,3088.5920486926284,3092991029904.384,23.0,0.0,0.0,0.0,0.0,0.0,0.0
own:23,30,1,148.8,356034742806.408,356034742806.408,1544.2960243463142,773247757476.096,23.0,0.0,0.0,0.0,0.0,0.0,0.0
own:23,31,0,576.0,692544999716.9807,692544999716.9807,3003.9048473575076,2993217125713.9194,23.0,0.0,0.0,0.0,0.0,0.0,0.0
own:23,31,1,144.0,346272499858.49036,346272499858.49036,1501.9524236787538,748304281428.4799,23.0,0.0,0.0,0.0,0.0,0.0,0.0
own:23,32,0,595.2,719207982206.0844,719207982206.0844,3119.5551839807713,3092991029904.384,23.0,0.0,0.0,0.0,0.0,0.0,0.0
own:23,32,1,148.8,359603991103.0422,359603991103.0422,1559.7775919903856,773247757476.096,23.0,0.0,0.0,0.0,0.0,0.0,0.0
own:23,33,0,576.0,699487763339.1433,699487763339.1433,3034.018993452266,2993217125713.9194,23.0,0.0,0.0,0.0,0.0,0.0,0.0
own:23,33,1,144.0,349743881669.57166,349743881669.57166,1517.009496726133,748304281428.4799,23.0,0.0,0.0,0.0,0.0,0.0,0.0
own:23,34,0,595.2,726418042227.7002,726418042227.7002,3150.8287247001776,3092991029904.384,23.0,0.0,0.0,0.0,0.0,0.0,0.0
own:23,34,1,148.8,363209021113.8501,363209021113.8501,1575.4143623500888,773247757476.096,23.0,0.0,0.0,0.0,0.0,0.0,0.0
own:23,35,0,595.2,730050132438.8386,730050132438.8386,3166.582868323678,3092991029904.384,23.0,0.0,0.0,0.0,0.0,0.0,0.0
own:23,35,1,148.8,365025066219.4193,365025066219.4193,1583.291434161839,773247757476.096,23.0,0.0,0.0,0.0,0.0,0.0,0.0
own:23,36,0,576.0,710032628807.451,710032628807.451,3079.757209030932,2993217125713.9194,23.0,0.0,0.0,0.0,0.0,0.0,0.0
own:23,36,1,144.0,355016314403.7255,355016314403.7255,1539.878604515466,748304281428.4799,23.0,0.0,0.0,0.0,0.0,0.0,0.0
own:24,1,0,595.2,616178562048.0001,0.0,0.0,0.0,0.0,537730733635.1999,78447828412.80023,2380.0,2332.3999999999996,4.0,2380.0
own:24,1,1,148.8,308089281024.00006,0.0,0.0,0.0,0.0,133754871559.67998,174334409464.32007,592.0,580.16,4.0,592.0
own:24,2,0,576.0,599283343411.2001,0.0,0.0,0.0,0.0,520559500124.1599,78723843287.04016,2304.0,2257.92,4.0,2304.0
own:24,2,1,144.0,299641671705.60004,0.0,0.0,0.0,0.0,130139875031.03998,169501796674.56006,576.0,564.48,4.0,576.0
own:24,3,0,595.2,622355752132.5311,0.0,0.0,0.0,0.0,537730733635.1999,84625018497.33124,2380.0,2332.3999999999996,4.0,2380.0
own:24,3,1,148.8,311177876066.26556,0.0,0.0,0.0,0.0,133754871559.67998,177423004506.58557,592.0,580.16,4.0,592.0
own:24,4,0,595.2,625467530893.1937,0.0,0.0,0.0,0.0,537730733635.1999,87736797257.99384,2380.0,2332.3999999999996,4.0,2380.0
own:24,4,1,148.8,312733765446.59686,0.0,0.0,0.0,0.0,133754871559.67998,178978893886.91687,592.0,580.16,4.0,592.0
own:24,5,0,537.6,567763107075.3055,0.0,0.0,0.0,0.0,485313283969.9199,82449823105.38562,2148.0,2105.04,4.0,2148.0
own:24,5,1,134.4,283881553537.6528,0.0,0.0,0.0,0.0,121102383709.43997,162779169828.2128,536.0,525.28,4.0,536.0
own:24,6,0,595.2,631737842890.3978,0.0,0.0,0.0,0.0,537730733635.1999,94007109255.19794,2380.0,2332.3999999999996,4.0,2380.0
own:24,6,1,148.8,315868921445.1989,0.0,0.0,0.0,0.0,133754871559.67998,182114049885.51892,592.0,580.16,4.0,592.0
own:24,7,0,576.0,614415998811.145,614415998811.145,2665.0213312882997,3123357000744.9595,24.0,0.0,0.0,0.0,0.0,0.0,0.0
own:24,7,1,144.0,307207999405.5725,307207999405.5725,1332.5106656441499,780839250186.2399,24.0,0.0,0.0,0.0,0.0,0.0,0.0
own:24,8,0,595.2,638071014765.374,638071014765.374,2767.624652542899,3227468900769.7915,24.0,0.0,0.0,0.0,0.0,0.0,0.0
own:24,8,1,148.8,319035507382.687,319035507382.687,1383.8123262714496,806867225192.4479,24.0,0.0,0.0,0.0,0.0,0.0,0.0
own:24,9,0,576.0,620575519199.2267,620575519199.2267,2691.738170134465,3123357000744.9595,24.0,0.0,0.0,0.0,0.0,0.0,0.0
own:24,9,1,144.0,310287759599.61334,310287759599.61334,1345.8690850672324,780839250186.2399,24.0,0.0,0.0,0.0,0.0,0.0,0.0
own:24,10,0,595.2,644467676688.3967,644467676688.3967,2795.370089684641,3227468900769.7915,24.0,0.0,0.0,0.0,0.0,0.0,0.0
own:24,10,1,148.8,322233838344.19836,322233838344.19836,1397.6850448423204,806867225192.4479,24.0,0.0,0.0,0.0,0.0,0.0,0.0
own:24,11,0,595.2,647690015071.8387,647690015071.8387,2809.346940133064,3227468900769.7915,24.0,0.0,0.0,0.0,0.0,0.0,0.0
own:24,11,1,148.8,323845007535.9194,323845007535.9194,1404.673470066532,806867225192.4479,24.0,0.0,0.0,0.0,0.0,0.0,0.0
own:24,12,0,576.0,629930772723.0947,629930772723.0947,2732.316459516512,3123357000744.9595,24.0,0.0,0.0,0.0,0.0,0.0,0.0
own:24,12,1,144.0,314965386361.54736,314965386361.54736,1366.158229758256,780839250186.2399,24.0,0.0,0.0,0.0,0.0,0.0,0.0
own:24,13,0,595.2,654183107472.9337,654183107472.9337,2837.5106432078974,3227468900769.7915,24.0,0.0,0.0,0.0,0.0,0.0,0.0
own:24,13,1,148.8,327091553736.46686,327091553736.46686,1418.7553216039487,806867225192.4479,24.0,0.0,0.0,0.0,0.0,0.0,0.0
own:24,14,0,576.0,636245828719.6436,636245828719.6436,2759.707932023164,3123357000744.9595,24.0,0.0,0.0,0.0,0.0,0.0,0.0
own:24,14,1,144.0,318122914359.8218,318122914359.8218,1379.853966011582,780839250186.2399,24.0,0.0,0.0,0.0,0.0,0.0,0.0
own:24,15,0,595.2,660741293125.3497,660741293125.3497,2865.9566874060556,3227468900769.7915,24.0,0.0,0.0,0.0,0.0,0.0,0.0
own:24,15,1,148.8,330370646562.67487,330370646562.67487,1432.9783437030278,806867225192.4479,24.0,0.0,0.0,0.0,0.0,0.0,0.0
own:24,16,0,595.2,664044999590.9764,664044999590.9764,2880.2864708430857,3227468900769.7915,24.0,0.0,0.0,0.0,0.0,0.0,0.0
own:24,16,1,148.8,332022499795.4882,332022499795.4882,1440.1432354215428,806867225192.4479,24.0,0.0,0.0,0.0,0.0,0.0,0.0
own:24,17,0,556.8000000000001,624309403647.71,624309403647.71,2707.933844926508,3019245100720.128,24.0,0.0,0.0,0.0,0.0,0.0,0.0
own:24,17,1,139.20000000000002,312154701823.855,312154701823.855,1353.966922463254,754811275180.032,24.0,0.0,0.0,0.0,0.0,0.0,0.0
own:24,18,0,595.2,670702050711.8757,670702050711.8757,2909.1613427132866,3227468900769.7915,24.0,0.0,0.0,0.0,0.0,0.0,0.0
own:24,18,1,148.8,335351025355.93787,335351025355.93787,1454.5806713566433,806867225192.4479,24.0,0.0,0.0,0.0,0.0,0.0,0.0
own:24,19,0,576.0,652311833192.3566,652311833192.3566,2829.394015574374,3123357000744.9595,24.0,0.0,0.0,0.0,0.0,0.0,0.0
own:24,19,1,144.0,326155916596.1783,326155916596.1783,1414.697007787187,780839250186.2399,24.0,0.0,0.0,0.0,0.0,0.0,0.0
own:24,20,0,595.2,677425838770.2622,677425838770.2622,2938.325685173987,3227468900769.7915,24.0,0.0,0.0,0.0,0.0,0.0,0.0
own:24,20,1,148.8,338712919385.1311,338712919385.1311,1469.1628425869935,806867225192.4479,24.0,0.0,0.0,0.0,0.0,0.0,0.0
own:24,21,0,576.0,658851259320.1097,658851259320.1097,2857.7586905805065,3123357000744.9595,24.0,0.0,0.0,0.0,0.0,0.0,0.0
own:24,21,1,144.0,329425629660.0549,329425629660.0549,1428.8793452902532,780839250186.2399,24.0,0.0,0.0,0.0,0.0,0.0,0.0
own:24,22,0,595.2,684217032803.934,684217032803.934,2967.782400167856,3227468900769.7915,24.0,0.0,0.0,0.0,0.0,0.0,0.0
own:24,22,1,148.8,342108516401.967,342108516401.967,1483.891200083928,806867225192.4479,24.0,0.0,0.0,0.0,0.0,0.0,0.0
own:24,23,0,595.2,687638117967.9535,687638117967.9535,2982.621312168694,3227468900769.7915,24.0,0.0,0.0,0.0,0.0,0.0,0.0
own:24,23,1,148.8,343819058983.97675,343819058983.97675,1491.310656084347,806867225192.4479,24.0,0.0,0.0,0.0,0.0,0.0,0.0
own:24,24,0,576.0,668783524410.7677,668783524410.7677,2900.839760060843,3123357000744.9595,24.0,0.0,0.0,0.0,0.0,0.0,0.0
own:24,24,1,144.0,334391762205.38385,334391762205.38385,1450.4198800304216,780839250186.2399,24.0,0.0,0.0,0.0,0.0,0.0,0.0
own:24,25,0,595.2,694531690100.5822,694531690100.5822,3012.5220908231854,3227468900769.7915,24.0,0.0,0.0,0.0,0.0,0.0,0.0
own:24,25,1,148.8,347265845050.2911,347265845050.2911,1506.2610454115927,806867225192.4479,24.0,0.0,0.0,0.0,0.0,0.0,0.0
own:24,26,0,576.0,675488079242.9854,675488079242.9854,2929.920678655452,3123357000744.9595,24.0,0.0,0.0,0.0,0.0,0.0,0.0
own:24,26,1,144.0,337744039621.4927,337744039621.4927,1464.960339327726,780839250186.2399,24.0,0.0,0.0,0.0,0.0,0.0,0.0
own:24,27,0,595.2,701494370293.8403,701494370293.8403,3042.722624783687,3227468900769.7915,24.0,0.0,0.0,0.0,0.0,0.0,0.0
own:24,27,1,148.8,350747185146.92017,350747185146.92017,1521.3613123918435,806867225192.4479,24.0,0.0,0.0,0.0,0.0,0.0,0.0
own:24,28,0,595.2,705001842145.3094,705001842145.3094,3057.936237907605,3227468900769.7915,24.0,0.0,0.0,0.0,0.0,0.0,0.0
own:24,28,1,148.8,352500921072.6547,352500921072.6547,1528.9681189538026,806867225192.4479,24.0,0.0,0.0,0.0,0.0,0.0,0.0
own:24,29,0,537.6,639959736708.6776,639959736708.6776,2775.8169591845162,2915133200695.2954,24.0,0.0,0.0,0.0,0.0,0.0,0.0
own:24,29,1,134.4,319979868354.3388,319979868354.3388,1387.9084795922581,728783300173.8239,24.0,0.0,0.0,0.0,0.0,0.0,0.0
own:24,30,0,595.2,712069485612.816,712069485612.816,3088.5920486926284,3227468900769.7915,24.0,0.0,0.0,0.0,0.0,0.0,0.0
own:24,30,1,148.8,356034742806.408,356034742806.408,1544.2960243463142,806867225192.4479,24.0,0.0,0.0,0.0,0.0,0.0,0.0
own:24,31,0,576.0,692544999716.9807,692544999716.9807,3003.9048473575076,3123357000744.9595,24.0,0.0,0.0,0.0,0.0,0.0,0.0
own:24,31,1,144.0,346272499858.49036,346272499858.49036,1501.9524236787538,780839250186.2399,24.0,0.0,0.0,0.0,0.0,0.0,0.0
own:24,32,0,595.2,719207982206.0844,719207982206.0844,3119.5551839807713,3227468900769.7915,24.0,0.0,0.0,0.0,0.0,0.0,0.0
own:24,32,1,148.8,359603991103.0422,359603991103.0422,1559.7775919903856,806867225192.4479,24.0,0.0,0.0,0.0,0.0,0.0,0.0
own:24,33,0,576.0,699487763339.1433,699487763339.1433,3034.018993452266,3123357000744.9595,24.0,0.0,0.0,0.0,0.0,0.0,0.0
own:24,33,1,144.0,349743881669.57166,349743881669.57166,1517.009496726133,780839250186.2399,24.0,0.0,0.0,0.0,0.0,0.0,0.0
own:24,34,0,595.2,726418042227.7002,726418042227.7002,3150.8287247001776,3227468900769.7915,24.0,0.0,0.0,0.0,0.0,0.0,0.0
own:24,34,1,148.8,363209021113.8501,363209021113.8501,1575.4143623500888,806867225192.4479,24.0,0.0,0.0,0.0,0.0,0.0,0.0
own:24,35,0,595.2,730050132438.8386,730050132438.8386,3166.582868323678,3227468900769.7915,24.0,0.0,0.0,0.0,0.0,0.0,0.0
own:24,35,1,148.8,365025066219.4193,365025066219.4193,1583.291434161839,806867225192.4479,24.0,0.0,0.0,0.0,0.0,0.0,0.0
own:24,36,0,576.0,710032628807.451,710032628807.451,3079.757209030932,3123357000744.9595,24.0,0.0,0.0,0.0,0.0,0.0,0.0
own:24,36,1,144.0,355016314403.7255,355016314403.7255,1539.878604515466,780839250186.2399,24.0,0.0,0.0,0.0,0.0,0.0,0.0
own:25,1,0,595.2,616178562048.0001,0.0,0.0,0.0,0.0,537730733635.1999,78447828412.80023,2380.0,2332.3999999999996,4.0,2380.0
own:25,1,1,148.8,308089281024.00006,0.0,0.0,0.0,0.0,133754871559.67998,174334409464.32007,592.0,580.16,4.0,592.0
own:25,2,0,576.0,599283343411.2001,0.0,0.0,0.0,0.0,520559500124.1599,78723843287.04016,2304.0,2257.92,4.0,2304.0
own:25,2,1,144.0,299641671705.60004,0.0,0.0,0.0,0.0,130139875031.03998,169501796674.56006,576.0,564.48,4.0,576.0
own:25,3,0,595.2,622355752132.5311,0.0,0.0,0.0,0.0,537730733635.1999,84625018497.33124,2380.0,2332.3999999999996,4.0,2380.0
own:25,3,1,148.8,311177876066.26556,0.0,0.0,0.0,0.0,133754871559.67998,177423004506.58557,592.0,580.16,4.0,592.0
own:25,4,0,595.2,625467530893.1937,0.0,0.0,0.0,0.0,537730733635.1999,87736797257.99384,2380.0,2332.3999999999996,4.0,2380.0
own:25,4,1,148.8,312733765446.59686,0.0,0.0,0.0,0.0,133754871559.67998,178978893886.91687,592.0,580.16,4.0,592.0
own:25,5,0,537.6,567763107075.3055,0.0,0.0,0.0,0.0,485313283969.9199,82449823105.38562,2148.0,2105.04,4.0,2148.0
own:25,5,1,134.4,283881553537.6528,0.0,0.0,0.0,0.0,121102383709.43997,162779169828.2128,536.0,525.28,4.0,536.0
own:25,6,0,595.2,631737842890.3978,0.0,0.0,0.0,0.0,537730733635.1999,94007109255.19794,2380.0,2332.3999999999996,4.0,2380.0
own:25,6,1,148.8,315868921445.1989,0.0,0.0,0.0,0.0,133754871559.67998,182114049885.51892,592.0,580.16,4.0,592.0
own:25,7,0,576.0,614415998811.145,614415998811.145,2665.0213312882997,3253496875775.9995,25.0,0.0,0.0,0.0,0.0,0.0,0.0
own:25,7,1,144.0,307207999405.5725,307207999405.5725,1332.5106656441499,813374218943.9999,25.0,0.0,0.0,0.0,0.0,0.0,0.0
own:25,8,0,595.2,638071014765.374,638071014765.374,2767.624652542899,3361946771635.1997,25.0,0.0,0.0,0.0,0.0,0.0,0.0
own:25,8,1,148.8,319035507382.687,319035507382.687,1383.8123262714496,840486692908.7999,25.0,0.0,0.0,0.0,0.0,0.0,0.0
own:25,9,0,576.0,620575519199.2267,620575519199.2267,2691.738170134465,3253496875775.9995,25.0,0.0,0.0,0.0,0.0,0.0,0.0
own:25,9,1,144.0,310287759599.61334,310287759599.61334,1345.8690850672324,813374218943.9999,25.0,0.0,0.0,0.0,0.0,0.0,0.0
own:25,10,0,595.2,644467676688.3967,644467676688.3967,2795.370089684641,3361946771635.1997,25.0,0.0,0.0,0.0,0.0,0.0,0.0
own:25,10,1,148.8,322233838344.19836,322233838344.19836,1397.6850448423204,840486692908.7999,25.0,0.0,0.0,0.0,0.0,0.0,0.0
own:25,11,0,595.2,647690015071.8387,647690015071.8387,2809.346940133064,3361946771635.1997,25.0,0.0,0.0,0.0,0.0,0.0,0.0
own:25,11,1,148.8,323845007535.9194,323845007535.9194,1404.673470066532,840486692908.7999,25.0,0.0,0.0,0.0,0.0,0.0,0.0
own:25,12,0,576.0,629930772723.0947,629930772723.0947,2732.316459516512,3253496875775.9995,25.0,0.0,0.0,0.0,0.0,0.0,0.0
own:25,12,1,144.0,314965386361.54736,314965386361.54736,1366.158229758256,813374218943.9999,25.0,0.0,0.0,0.0,0.0,0.0,0.0
own:25,13,0,595.2,654183107472.9337,654183107472.9337,2837.5106432078974,3361946771635.1997,25.0,0.0,0.0,0.0,0.0,0.0,0.0
own:25,13,1,148.8,327091553736.46686,327091553736.46686,1418.7553216039487,840486692908.7999,25.0,0.0,0.0,0.0,0.0,0.0,0.0
own:25,14,0,576.0,636245828719.6436,636245828719.6436,2759.707932023164,3253496875775.9995,25.0,0.0,0.0,0.0,0.0,0.0,0.0
own:25,14,1,144.0,318122914359.8218,318122914359.8218,1379.853966011582,813374218943.9999,25.0,0.0,0.0,0.0,0.0,0.0,0.0
own:25,15,0,595.2,660741293125.3497,660741293125.3497,2865.9566874060556,3361946771635.1997,25.0,0.0,0.0,0.0,0.0,0.0,0.0
own:25,15,1,148.8,330370646562.67487,330370646562.67487,1432.9783437030278,840486692908.7999,25.0,0.0,0.0,0.0,0.0,0.0,0.0
own:25,16,0,595.2,664044999590.9764,664044999590.9764,2880.2864708430857,3361946771635.1997,25.0,0.0,0.0,0.0,0.0,0.0,0.0
own:25,16,1,148.8,332022499795.4882,332022499795.4882,1440.1432354215428,840486692908.7999,25.0,0.0,0.0,0.0,0.0,0.0,0.0
own:25,17,0,556.8000000000001,624309403647.71,624309403647.71,2707.933844926508,3145046979916.8,25.0,0.0,0.0,0.0,0.0,0.0,0.0
own:25,17,1,139.20000000000002,312154701823.855,312154701823.855,1353.966922463254,786261744979.2,25.0,0.0,0.0,0.0,0.0,0.0,0.0
own:25,18,0,595.2,670702050711.8757,670702050711.8757,2909.1613427132866,3361946771635.1997,25.0,0.0,0.0,0.0,0.0,0.0,0.0
own:25,18,1,148.8,335351025355.93787,335351025355.93787,1454.5806713566433,840486692908.7999,25.0,0.0,0.0,0.0,0.0,0.0,0.0
own:25,19,0,576.0,652311833192.3566,652311833192.3566,2829.394015574374,3253496875775.9995,25.0,0.0,0.0,0.0,0.0,0.0,0.0
own:25,19,1,144.0,326155916596.1783,326155916596.1783,1414.697007787187,813374218943.9999,25.0,0.0,0.0,0.0,0.0,0.0,0.0
own:25,20,0,595.2,677425838770.2622,677425838770.2622,2938.325685173987,3361946771635.1997,25.0,0.0,0.0,0.0,0.0,0.0,0.0
own:25,20,1,148.8,338712919385.1311,338712919385.1311,1469.1628425869935,840486692908.7999,25.0,0.0,0.0,0.0,0.0,0.0,0.0
own:25,21,0,576.0,658851259320.1097,658851259320.1097,2857.7586905805065,3253496875775.9995,25.0,0.0,0.0,0.0,0.0,0.0,0.0
own:25,21,1,144.0,329425629660.0549,329425629660.0549,1428.8793452902532,813374218943.9999,25.0,0.0,0.0,0.0,0.0,0.0,0.0
own:25,22,0,595.2,684217032803.934,684217032803.934,2967.782400167856,3361946771635.1997,25.0,0.0,0.0,0.0,0.0,0.0,0.0
own:25,22,1,148.8,342108516401.967,342108516401.967,1483.891200083928,840486692908.7999,25.0,0.0,0.0,0.0,0.0,0.0,0.0
own:25,23,0,595.2,687638117967.9535,687638117967.9535,2982.621312168694,3361946771635.1997,25.0,0.0,0.0,0.0,0.0,0.0,0.0
own:25,23,1,148.8,343819058983.97675,343819058983.97675,1491.310656084347,840486692908.7999,25.0,0.0,0.0,0.0,0.0,0.0,0.0
own:25,24,0,576.0,668783524410.7677,668783524410.7677,2900.839760060843,3253496875775.9995,25.0,0.0,0.0,0.0,0.0,0.0,0.0
own:25,24,1,144.0,334391762205.38385,334391762205.38385,1450.4198800304216,813374218943.9999,25.0,0.0,0.0,0.0,0.0,0.0,0.0
own:25,25,0,595.2,694531690100.5822,694531690100.5822,3012.5220908231854,3361946771635.1997,25.0,0.0,0.0,0.0,0.0,0.0,0.0
own:25,25,1,148.8,347265845050.2911,347265845050.2911,1506.2610454115927,840486692908.7999,25.0,0.0,0.0,0.0,0.0,0.0,0.0
own:25,26,0,576.0,675488079242.9854,675488079242.9854,2929.920678655452,3253496875775.9995,25.0,0.0,0.0,0.0,0.0,0.0,0.0
own:25,26,1,144.0,337744039621.4927,337744039621.4927,1464.960339327726,813374218943.9999,25.0,0.0,0.0,0.0,0.0,0.0,0.0
own:25,27,0,595.2,701494370293.8403,701494370293.8403,3042.722624783687,3361946771635.1997,25.0,0.0,0.0,0.0,0.0,0.0,0.0
own:25,27,1,148.8,350747185146.92017,350747185146.92017,1521.3613123918435,840486692908.7999,25.0,0.0,0.0,0.0,0.0,0.0,0.0
own:25,28,0,595.2,705001842145.3094,705001842145.3094,3057.936237907605,3361946771635.1997,25.0,0.0,0.0,0.0,0.0,0.0,0.0
own:25,28,1,148.8,352500921072.6547,352500921072.6547,1528.9681189538026,840486692908.7999,25.0,0.0,0.0,0.0,0.0,0.0,0.0
own:25,29,0,537.6,639959736708.6776,639959736708.6776,2775.8169591845162,3036597084057.5996,25.0,0.0,0.0,0.0,0.0,0.0,0.0
own:25,29,1,134.4,319979868354.3388,319979868354.3388,1387.9084795922581,759149271014.3999,25.0,0.0,0.0,0.0,0.0,0.0,0.0
own:25,30,0,595.2,712069485612.816,712069485612.816,3088.5920486926284,3361946771635.1997,25.0,0.0,0.0,0.0,0.0,0.0,0.0
own:25,30,1,148.8,356034742806.408,356034742806.408,1544.2960243463142,840486692908.7999,25.0,0.0,0.0,0.0,0.0,0.0,0.0
own:25,31,0,576.0,692544999716.9807,692544999716.9807,3003.9048473575076,3253496875775.9995,25.0,0.0,0.0,0.0,0.0,0.0,0.0
own:25,31,1,144.0,346272499858.49036,346272499858.49036,1501.9524236787538,813374218943.9999,25.0,0.0,0.0,0.0,0.0,0.0,0.0
own:25,32,0,595.2,719207982206.0844,719207982206.0844,3119.5551839807713,3361946771635.1997,25.0,0.0,0.0,0.0,0.0,0.0,0.0
own:25,32,1,148.8,359603991103.0422,359603991103.0422,1559.7775919903856,840486692908.7999,25.0,0.0,0.0,0.0,0.0,0.0,0.0
own:25,33,0,576.0,699487763339.1433,699487763339.1433,3034.018993452266,3253496875775.9995,25.0,0.0,0.0,0.0,0.0,0.0,0.0
own:25,33,1,144.0,349743881669.57166,349743881669.57166,1517.009496726133,813374218943.9999,25.0,0.0,0.0,0.0,0.0,0.0,0.0
own:25,34,0,595.2,726418042227.7002,726418042227.7002,3150.8287247001776,3361946771635.1997,25.0,0.0,0.0,0.0,0.0,0.0,0.0
own:25,34,1,148.8,363209021113.8501,363209021113.8501,1575.4143623500888,840486692908.7999,25.0,0.0,0.0,0.0,0.0,0.0,0.0
own:25,35,0,595.2,730050132438.8386,730050132438.8386,3166.582868323678,3361946771635.1997,25.0,0.0,0.0,0.0,0.0,0.0,0.0
own:25,35,1,148.8,365025066219.4193,365025066219.4193,1583.291434161839,840486692908.7999,25.0,0.0,0.0,0.0,0.0,0.0,0.0
own:25,36,0,576.0,710032628807.451,710032628807.451,3079.757209030932,3253496875775.9995,25.0,0.0,0.0,0.0,0.0,0.0,0.0
own:25,36,1,144.0,355016314403.7255,355016314403.7255,1539.878604515466,813374218943.9999,25.0,0.0,0.0,0.0,0.0,0.0,0.0
own:26,1,0,595.2,616178562048.0001,0.0,0.0,0.0,0.0,537730733635.1999,78447828412.80023,2380.0,2332.3999999999996,4.0,2380.0
own:26,1,1,148.8,308089281024.00006,0.0,0.0,0.0,0.0,133754871559.67998,174334409464.32007,592.0,580.16,4.0,592.0
own:26,2,0,576.0,599283343411.2001,0.0,0.0,0.0,0.0,520559500124.1599,78723843287.04016,2304.0,2257.92,4.0,2304.0
own:26,2,1,144.0,299641671705.60004,0.0,0.0,0.0,0.0,130139875031.03998,169501796674.56006,576.0,564.48,4.0,576.0
own:26,3,0,595.2,622355752132.5311,0.0,0.0,0.0,0.0,537730733635.1999,84625018497.33124,2380.0,2332.3999999999996,4.0,2380.0
own:26,3,1,148.8,311177876066.26556,0.0,0.0,0.0,0.0,133754871559.67998,177423004506.58557,592.0,580.16,4.0,592.0
own:26,4,0,595.2,625467530893.1937,0.0,0.0,0.0,0.0,537730733635.1999,87736797257.99384,2380.0,2332.3999999999996,4.0,2380.0
own:26,4,1,148.8,312733765446.59686,0.0,0.0,0.0,0.0,133754871559.67998,178978893886.91687,592.0,580.16,4.0,592.0
own:26,5,0,537.6,567763107075.3055,0.0,0.0,0.0,0.0,485313283969.9199,82449823105.38562,2148.0,2105.04,4.0,2148.0
own:26,5,1,134.4,283881553537.6528,0.0,0.0,0.0,0.0,121102383709.43997,162779169828.2128,536.0,525.28,4.0,536.0
own:26,6,0,595.2,631737842890.3978,0.0,0.0,0.0,0.0,537730733635.1999,94007109255.19794,2380.0,2332.3999999999996,4.0,2380.0
own:26,6,1,148.8,315868921445.1989,0.0,0.0,0.0,0.0,133754871559.67998,182114049885.51892,592.0,580.16,4.0,592.0
own:26,7,0,576.0,614415998811.145,614415998811.145,2665.0213312882997,3383636750807.0396,26.0,0.0,0.0,0.0,0.0,0.0,0.0
own:26,7,1,144.0,307207999405.5725,307207999405.5725,1332.5106656441499,845909187701.7599,26.0,0.0,0.0,0.0,0.0,0.0,0.0
own:26,8,0,595.2,638071014765.374,638071014765.374,2767.624652542899,3496424642500.608,26.0,0.0,0.0,0.0,0.0,0.0,0.0
own:26,8,1,148.8,319035507382.687,319035507382.687,1383.8123262714496,874106160625.152,26.0,0.0,0.0,0.0,0.0,0.0,0.0
own:26,9,0,576.0,620575519199.2267,620575519199.2267,2691.738170134465,3383636750807.0396,26.0,0.0,0.0,0.0,0.0,0.0,0.0
own:26,9,1,144.0,310287759599.61334,310287759599.61334,1345.8690850672324,845909187701.7599,26.0,0.0,0.0,0.0,0.0,0.0,0.0
own:26,10,0,595.2,644467676688.3967,644467676688.3967,2795.370089684641,3496424642500.608,26.0,0.0,0.0,0.0,0.0,0.0,0.0
own:26,10,1,148.8,322233838344.19836,322233838344.19836,1397.6850448423204,874106160625.152,26.0,0.0,0.0,0.0,0.0,0.0,0.0
own:26,11,0,595.2,647690015071.8387,647690015071.8387,2809.346940133064,3496424642500.608,26.0,0.0,0.0,0.0,0.0,0.0,0.0
own:26,11,1,148.8,323845007535.9194,323845007535.9194,1404.673470066532,874106160625.152,26.0,0.0,0.0,0.0,0.0,0.0,0.0
own:26,12,0,576.0,629930772723.0947,629930772723.0947,2732.316459516512,3383636750807.0396,26.0,0.0,0.0,0.0,0.0,0.0,0.0
own:26,12,1,144.0,314965386361.54736,314965386361.54736,1366.158229758256,845909187701.7599,26.0,0.0,0.0,0.0,0.0,0.0,0.0
own:26,13,0,595.2,654183107472.9337,654183107472.9337,2837.5106432078974,3496424642500.608,26.0,0.0,0.0,0.0,0.0,0.0,0.0
own:26,13,1,148.8,327091553736.46686,327091553736.46686,1418.7553216039487,874106160625.152,26.0,0.0,0.0,0.0,0.0,0.0,0.0
own:26,14,0,576.0,636245828719.6436,636245828719.6436,2759.707932023164,3383636750807.0396,26.0,0.0,0.0,0.0,0.0,0.0,0.0
own:26,14,1,144.0,318122914359.8218,318122914359.8218,1379.853966011582,845909187701.7599,26.0,0.0,0.0,0.0,0.0,0.0,0.0
own:26,15,0,595.2,660741293125.3497,660741293125.3497,2865.9566874060556,3496424642500.608,26.0,0.0,0.0,0.0,0.0,0.0,0.0
own:26,15,1,148.8,330370646562.67487,330370646562.67487,1432.9783437030278,874106160625.152,26.0,0.0,0.0,0.0,0.0,0.0,0.0
own:26,16,0,595.2,664044999590.9764,664044999590.9764,2880.2864708430857,3496424642500.608,26.0,0.0,0.0,0.0,0.0,0.0,0.0
own:26,16,1,148.8,332022499795.4882,332022499795.4882,1440.1432354215428,874106160625.152,26.0,0.0,0.0,0.0,0.0,0.0,0.0
own:26,17,0,556.8000000000001,624309403647.71,624309403647.71,2707.933844926508,3270848859113.4717,26.0,0.0,0.0,0.0,0.0,0.0,0.0
own:26,17,1,139.20000000000002,312154701823.855,312154701823.855,1353.966922463254,817712214778.3679,26.0,0.0,0.0,0.0,0.0,0.0,0.0
own:26,18,0,595.2,670702050711.8757,670702050711.8757,2909.1613427132866,3496424642500.608,26.0,0.0,0.0,0.0,0.0,0.0,0.0
own:26,18,1,148.8,335351025355.93787,335351025355.93787,1454.5806713566433,874106160625.152,26.0,0.0,0.0,0.0,0.0,0.0,0.0
own:26,19,0,576.0,652311833192.3566,652311833192.3566,2829.394015574374,3383636750807.0396,26.0,0.0,0.0,0.0,0.0,0.0,0.0
own:26,19,1,144.0,326155916596.1783,326155916596.1783,1414.697007787187,845909187701.7599,26.0,0.0,0.0,0.0,0.0,0.0,0.0
own:26,20,0,595.2,677425838770.2622,677425838770.2622,2938.325685173987,3496424642500.608,26.0,0.0,0.0,0.0,0.0,0.0,0.0
own:26,20,1,148.8,338712919385.1311,338712919385.1311,1469.1628425869935,874106160625.152,26.0,0.0,0.0,0.0,0.0,0.0,0.0
own:26,21,0,576.0,658851259320.1097,658851259320.1097,2857.7586905805065,3383636750807.0396,26.0,0.0,0.0,0.0,0.0,0.0,0.0
own:26,21,1,144.0,329425629660.0549,329425629660.0549,1428.8793452902532,845909187701.7599,26.0,0.0,0.0,0.0,0.0,0.0,0.0
own:26,22,0,595.2,684217032803.934,684217032803.934,2967.782400167856,3496424642500.608,26.0,0.0,0.0,0.0,0.0,0.0,0.0
own:26,22,1,148.8,342108516401.967,342108516401.967,1483.891200083928,874106160625.152,26.0,0.0,0.0,0.0,0.0,0.0,0.0
own:26,23,0,595.2,687638117967.9535,687638117967.9535,2982.621312168694,3496424642500.608,26.0,0.0,0.0,0.0,0.0,0.0,0.0
own:26,23,1,148.8,343819058983.97675,343819058983.97675,1491.310656084347,874106160625.152,26.0,0.0,0.0,0.0,0.0,0.0,0.0
own:26,24,0,576.0,668783524410.7677,668783524410.7677,2900.839760060843,3383636750807.0396,26.0,0.0,0.0,0.0,0.0,0.0,0.0
own:26,24,1,144.0,334391762205.38385,334391762205.38385,1450.4198800304216,845909187701.7599,26.0,0.0,0.0,0.0,0.0,0.0,0.0
own:26,25,0,595.2,694531690100.5822,694531690100.5822,3012.5220908231854,3496424642500.608,26.0,0.0,0.0,0.0,0.0,0.0,0.0
own:26,25,1,148.8,347265845050.2911,347265845050.2911,1506.2610454115927,874106160625.152,26.0,0.0,0.0,0.0,0.0,0.0,0.0
own:26,26,0,576.0,675488079242.9854,675488079242.9854,2929.920678655452,3383636750807.0396,26.0,0.0,0.0,0.0,0.0,0.0,0.0
own:26,26,1,144.0,337744039621.4927,337744039621.4927,1464.960339327726,845909187701.7599,26.0,0.0,0.0,0.0,0.0,0.0,0.0
own:26,27,0,595.2,701494370293.8403,701494370293.8403,3042.722624783687,3496424642500.608,26.0,0.0,0.0,0.0,0.0,0.0,0.0
own:26,27,1,148.8,350747185146.92017,350747185146.92017,1521.3613123918435,874106160625.152,26.0,0.0,0.0,0.0,0.0,0.0,0.0
own:26,28,0,595.2,705001842145.3094,705001842145.3094,3057.936237907605,3496424642500.608,26.0,0.0,0.0,0.0,0.0,0.0,0.0
own:26,28,1,148.8,352500921072.6547,352500921072.6547,1528.9681189538026,874106160625.152,26.0,0.0,0.0,0.0,0.0,0.0,0.0
own:26,29,0,537.6,639959736708.6776,639959736708.6776,2775.8169591845162,3158060967419.904,26.0,0.0,0.0,0.0,0.0,0.0,0.0
own:26,29,1,134.4,319979868354.3388,319979868354.3388,1387.9084795922581,789515241854.976,26.0,0.0,0.0,0.0,0.0,0.0,0.0
own:26,30,0,595.2,712069485612.816,712069485612.816,3088.5920486926284,3496424642500.608,26.0,0.0,0.0,0.0,0.0,0.0,0.0
own:26,30,1,148.8,356034742806.408,356034742806.408,1544.2960243463142,874106160625.152,26.0,0.0,0.0,0.0,0.0,0.0,0.0
own:26,31,0,576.0,692544999716.9807,692544999716.9807,3003.9048473575076,3383636750807.0396,26.0,0.0,0.0,0.0,0.0,0.0,0.0
own:26,31,1,144.0,346272499858.49036,346272499858.49036,1501.9524236787538,845909187701.7599,26.0,0.0,0.0,0.0,0.0,0.0,0.0
own:26,32,0,595.2,719207982206.0844,719207982206.0844,3119.5551839807713,3496424642500.608,26.0,0.0,0.0,0.0,0.0,0.0,0.0
own:26,32,1,148.8,359603991103.0422,359603991103.0422,1559.7775919903856,874106160625.152,26.0,0.0,0.0,0.0,0.0,0.0,0.0
own:26,33,0,576.0,699487763339.1433,699487763339.1433,3034.018993452266,3383636750807.0396,26.0,0.0,0.0,0.0,0.0,0.0,0.0
own:26,33,1,144.0,349743881669.57166,349743881669.57166,1517.009496726133,845909187701.7599,26.0,0.0,0.0,0.0,0.0,0.0,0.0
own:26,34,0,595.2,726418042227.7002,726418042227.7002,3150.8287247001776,3496424642500.608,26.0,0.0,0.0,0.0,0.0,0.0,0.0
own:26,34,1,148.8,363209021113.8501,363209021113.8501,1575.4143623500888,874106160625.152,26.0,0.0,0.0,0.0,0.0,0.0,0.0
own:26,35,0,595.2,730050132438.8386,730050132438.8386,3166.582868323678,3496424642500.608,26.0,0.0,0.0,0.0,0.0,0.0,0.0
own:26,35,1,148.8,365025066219.4193,365025066219.4193,1583.291434161839,874106160625.152,26.0,0.0,0.0,0.0,0.0,0.0,0.0
own:26,36,0,576.0,710032628807.451,710032628807.451,3079.757209030932,3383636750807.0396,26.0,0.0,0.0,0.0,0.0,0.0,0.0
own:26,36,1,144.0,355016314403.7255,355016314403.7255,1539.878604515466,845909187701.7599,26.0,0.0,0.0,0.0,0.0,0.0,0.0
own:27,1,0,595.2,616178562048.0001,0.0,0.0,0.0,0.0,537730733635.1999,78447828412.80023,2380.0,2332.3999999999996,4.0,2380.0
own:27,1,1,148.8,308089281024.00006,0.0,0.0,0.0,0.0,133754871559.67998,174334409464.32007,592.0,580.16,4.0,592.0
own:27,2,0,576.0,599283343411.2001,0.0,0.0,0.0,0.0,520559500124.1599,78723843287.04016,2304.0,2257.92,4.0,2304.0
own:27,2,1,144.0,299641671705.60004,0.0,0.0,0.0,0.0,130139875031.03998,169501796674.56006,576.0,564.48,4.0,576.0
own:27,3,0,595.2,622355752132.5311,0.0,0.0,0.0,0.0,537730733635.1999,84625018497.33124,2380.0,2332.3999999999996,4.0,2380.0
own:27,3,1,148.8,311177876066.26556,0.0,0.0,0.0,0.0,133754871559.67998,177423004506.58557,592.0,580.16,4.0,592.0
own:27,4,0,595.2,625467530893.1937,0.0,0.0,0.0,0.0,537730733635.1999,87736797257.99384,2380.0,2332.3999999999996,4.0,2380.0
own:27,4,1,148.8,312733765446.59686,0.0,0.0,0.0,0.0,133754871559.67998,178978893886.91687,592.0,580.16,4.0,592.0
own:27,5,0,537.6,567763107075.3055,0.0,0.0,0.0,0.0,485313283969.9199,82449823105.38562,2148.0,2105.04,4.0,2148.0
own:27,5,1,134.4,283881553537.6528,0.0,0.0,0.0,0.0,121102383709.43997,162779169828.2128,536.0,525.28,4.0,536.0
own:27,6,0,595.2,631737842890.3978,0.0,0.0,0.0,0.0,537730733635.1999,94007109255.19794,2380.0,2332.3999999999996,4.0,2380.0
own:27,6,1,148.8,315868921445.1989,0.0,0.0,0.0,0.0,133754871559.67998,182114049885.51892,592.0,580.16,4.0,592.0
own:27,7,0,576.0,614415998811.145,614415998811.145,2665.0213312882997,3513776625838.0796,27.0,0.0,0.0,0.0,0.0,0.0,0.0
own:27,7,1,144.0,307207999405.5725,307207999405.5725,1332.5106656441499,878444156459.5199,27.0,0.0,0.0,0.0,0.0,0.0,0.0
own:27,8,0,595.2,638071014765.374,638071014765.374,2767.624652542899,3630902513366.0156,27.0,0.0,0.0,0.0,0.0,0.0,0.0
own:27,8,1,148.8,319035507382.687,319035507382.687,1383.8123262714496,907725628341.5039,27.0,0.0,0.0,0.0,0.0,0.0,0.0
own:27,9,0,576.0,620575519199.2267,620575519199.2267,2691.738170134465,3513776625838.0796,27.0,0.0,0.0,0.0,0.0,0.0,0.0
own:27,9,1,144.0,310287759599.61334,310287759599.61334,1345.8690850672324,878444156459.5199,27.0,0.0,0.0,0.0,0.0,0.0,0.0
own:27,10,0,595.2,644467676688.3967,644467676688.3967,2795.370089684641,3630902513366.0156,27.0,0.0,0.0,0.0,0.0,0.0,0.0
own:27,10,1,148.8,322233838344.19836,322233838344.19836,1397.6850448423204,907725628341.5039,27.0,0.0,0.0,0.0,0.0,0.0,0.0
own:27,11,0,595.2,647690015071.8387,647690015071.8387,2809.346940133064,3630902513366.0156,27.0,0.0,0.0,0.0,0.0,0.0,0.0
own:27,11,1,148.8,323845007535.9194,323845007535.9194,1404.673470066532,907725628341.5039,27.0,0.0,0.0,0.0,0.0,0.0,0.0
own:27,12,0,576.0,629930772723.0947,629930772723.0947,2732.316459516512,3513776625838.0796,27.0,0.0,0.0,0.0,0.0,0.0,0.0
own:27,12,1,144.0,314965386361.54736,314965386361.54736,1366.158229758256,878444156459.5199,27.0,0.0,0.0,0.0,0.0,0.0,0.0
own:27,13,0,595.2,654183107472.9337,654183107472.9337,2837.5106432078974,3630902513366.0156,27.0,0.0,0.0,0.0,0.0,0.0,0.0
own:27,13,1,148.8,327091553736.46686,327091553736.46686,1418.7553216039487,907725628341.5039,27.0,0.0,0.0,0.0,0.0,0.0,0.0
own:27,14,0,576.0,636245828719.6436,636245828719.6436,2759.707932023164,3513776625838.0796,27.0,0.0,0.0,0.0,0.0,0.0,0.0
own:27,14,1,144.0,318122914359.8218,318122914359.8218,1379.853966011582,878444156459.5199,27.0,0.0,0.0,0.0,0.0,0.0,0.0
own:27,15,0,595.2,660741293125.3497,660741293125.3497,2865.9566874060556,3630902513366.0156,27.0,0.0,0.0,0.0,0.0,0.0,0.0
own:27,15,1,148.8,330370646562.67487,330370646562.67487,1432.9783437030278,907725628341.5039,27.0,0.0,0.0,0.0,0.0,0.0,0.0
own:27,16,0,595.2,664044999590.9764,664044999590.9764,2880.2864708430857,3630902513366.0156,27.0,0.0,0.0,0.0,0.0,0.0,0.0
own:27,16,1,148.8,332022499795.4882,332022499795.4882,1440.1432354215428,907725628341.5039,27.0,0.0,0.0,0.0,0.0,0.0,0.0
own:27,17,0,556.8000000000001,624309403647.71,624309403647.71,2707.933844926508,3396650738310.144,27.0,0.0,0.0,0.0,0.0,0.0,0.0
own:27,17,1,139.20000000000002,312154701823.855,312154701823.855,1353.966922463254,849162684577.536,27.0,0.0,0.0,0.0,0.0,0.0,0.0
own:27,18,0,595.2,670702050711.8757,670702050711.8757,2909.1613427132866,3630902513366.0156,27.0,0.0,0.0,0.0,0.0,0.0,0.0
own:27,18,1,148.8,335351025355.93787,335351025355.93787,1454.5806713566433,907725628341.5039,27.0,0.0,0.0,0.0,0.0,0.0,0.0
own:27,19,0,576.0,652311833192.3566,652311833192.3566,2829.394015574374,3513776625838.0796,27.0,0.0,0.0,0.0,0.0,0.0,0.0
own:27,19,1,144.0,326155916596.1783,326155916596.1783,1414.697007787187,878444156459.5199,27.0,0.0,0.0,0.0,0.0,0.0,0.0
own:27,20,0,595.2,677425838770.2622,677425838770.2622,2938.325685173987,3630902513366.0156,27.0,0.0,0.0,0.0,0.0,0.0,0.0
own:27,20,1,148.8,338712919385.1311,338712919385.1311,1469.1628425869935,907725628341.5039,27.0,0.0,0.0,0.0,0.0,0.0,0.0
own:27,21,0,576.0,658851259320.1097,658851259320.1097,2857.7586905805065,3513776625838.0796,27.0,0.0,0.0,0.0,0.0,0.0,0.0
own:27,21,1,144.0,329425629660.0549,329425629660.0549,1428.8793452902532,878444156459.5199,27.0,0.0,0.0,0.0,0.0,0.0,0.0
own:27,22,0,595.2,684217032803.934,684217032803.934,2967.782400167856,3630902513366.0156,27.0,0.0,0.0,0.0,0.0,0.0,0.0
own:27,22,1,148.8,342108516401.967,342108516401.967,1483.891200083928,907725628341.5039,27.0,0.0,0.0,0.0,0.0,0.0,0.0
own:27,23,0,595.2,687638117967.9535,687638117967.9535,2982.621312168694,3630902513366.0156,27.0,0.0,0.0,0.0,0.0,0.0,0.0
own:27,23,1,148.8,343819058983.97675,343819058983.97675,1491.310656084347,907725628341.5039,27.0,0.0,0.0,0.0,0.0,0.0,0.0
own:27,24,0,576.0,668783524410.7677,668783524410.7677,2900.839760060843,3513776625838.0796,27.0,0.0,0.0,0.0,0.0,0.0,0.0
own:27,24,1,144.0,334391762205.38385,334391762205.38385,1450.4198800304216,878444156459.5199,27.0,0.0,0.0,0.0,0.0,0.0,0.0
own:27,25,0,595.2,694531690100.5822,694531690100.5822,3012.5220908231854,3630902513366.0156,27.0,0.0,0.0,0.0,0.0,0.0,0.0
own:27,25,1,148.8,347265845050.2911,347265845050.2911,1506.2610454115927,907725628341.5039,27.0,0.0,0.0,0.0,0.0,0.0,0.0
own:27,26,0,576.0,675488079242.9854,675488079242.9854,2929.920678655452,3513776625838.0796,27.0,0.0,0.0,0.0,0.0,0.0,0.0
own:27,26,1,144.0,337744039621.4927,337744039621.4927,1464.960339327726,878444156459.5199,27.0,0.0,0.0,0.0,0.0,0.0,0.0
own:27,27,0,595.2,701494370293.8403,701494370293.8403,3042.722624783687,3630902513366.0156,27.0,0.0,0.0,0.0,0.0,0.0,0.0
own:27,27,1,148.8,350747185146.92017,350747185146.92017,1521.3613123918435,907725628341.5039,27.0,0.0,0.0,0.0,0.0,0.0,0.0
own:27,28,0,595.2,705001842145.3094,705001842145.3094,3057.936237907605,3630902513366.0156,27.0,0.0,0.0,0.0,0.0,0.0,0.0
own:27,28,1,148.8,352500921072.6547,352500921072.6547,1528.9681189538026,907725628341.5039,27.0,0.0,0.0,0.0,0.0,0.0,0.0
own:27,29,0,537.6,639959736708.6776,639959736708.6776,2775.8169591845162,3279524850782.2075,27.0,0.0,0.0,0.0,0.0,0.0,0.0
own:27,29,1,134.4,319979868354.3388,319979868354.3388,1387.9084795922581,819881212695.5519,27.0,0.0,0.0,0.0,0.0,0.0,0.0
own:27,30,0,595.2,712069485612.816,712069485612.816,3088.5920486926284,3630902513366.0156,27.0,0.0,0.0,0.0,0.0,0.0,0.0
own:27,30,1,148.8,356034742806.408,356034742806.408,1544.2960243463142,907725628341.5039,27.0,0.0,0.0,0.0,0.0,0.0,0.0
own:27,31,0,576.0,692544999716.9807,692544999716.9807,3003.9048473575076,3513776625838.0796,27.0,0.0,0.0,0.0,0.0,0.0,0.0
own:27,31,1,144.0,346272499858.49036,346272499858.49036,1501.9524236787538,878444156459.5199,27.0,0.0,0.0,0.0,0.0,0.0,0.0
own:27,32,0,595.2,719207982206.0844,719207982206.0844,3119.5551839807713,3630902513366.0156,27.0,0.0,0.0,0.0,0.0,0.0,0.0
own:27,32,1,148.8,359603991103.0422,359603991103.0422,1559.7775919903856,907725628341.5039,27.0,0.0,0.0,0.0,0.0,0.0,0.0
own:27,33,0,576.0,699487763339.1433,699487763339.1433,3034.018993452266,3513776625838.0796,27.0,0.0,0.0,0.0,0.0,0.0,0.0
own:27,33,1,144.0,349743881669.57166,349743881669.57166,1517.009496726133,878444156459.5199,27.0,0.0,0.0,0.0,0.0,0.0,0.0
own:27,34,0,595.2,726418042227.7002,726418042227.7002,3150.8287247001776,3630902513366.0156,27.0,0.0,0.0,0.0,0.0,0.0,0.0
own:27,34,1,148.8,363209021113.8501,363209021113.8501,1575.4143623500888,907725628341.5039,27.0,0.0,0.0,0.0,0.0,0.0,0.0
own:27,35,0,595.2,730050132438.8386,730050132438.8386,3166.582868323678,3630902513366.0156,27.0,0.0,0.0,0.0,0.0,0.0,0.0
own:27,35,1,148.8,365025066219.4193,365025066219.4193,1583.291434161839,907725628341.5039,27.0,0.0,0.0,0.0,0.0,0.0,0.0
own:27,36,0,576.0,710032628807.451,710032628807.451,3079.757209030932,3513776625838.0796,27.0,0.0,0.0,0.0,0.0,0.0,0.0
own:27,36,1,144.0,355016314403.7255,355016314403.7255,1539.878604515466,878444156459.5199,27.0,0.0,0.0,0.0,0.0,0.0,0.0
own:28,1,0,595.2,616178562048.0001,0.0,0.0,0.0,0.0,537730733635.1999,78447828412.80023,2380.0,2332.3999999999996,4.0,2380.0
own:28,1,1,148.8,308089281024.00006,0.0,0.0,0.0,0.0,133754871559.67998,174334409464.32007,592.0,580.16,4.0,592.0
own:28,2,0,576.0,599283343411.2001,0.0,0.0,0.0,0.0,520559500124.1599,78723843287.04016,2304.0,2257.92,4.0,2304.0
own:28,2,1,144.0,299641671705.60004,0.0,0.0,0.0,0.0,130139875031.03998,169501796674.56006,576.0,564.48,4.0,576.0
own:28,3,0,595.2,622355752132.5311,0.0,0.0,0.0,0.0,537730733635.1999,84625018497.33124,2380.0,2332.3999999999996,4.0,2380.0
own:28,3,1,148.8,311177876066.26556,0.0,0.0,0.0,0.0,133754871559.67998,177423004506.58557,592.0,580.16,4.0,592.0
own:28,4,0,595.2,625467530893.1937,0.0,0.0,0.0,0.0,537730733635.1999,87736797257.99384,2380.0,2332.3999999999996,4.0,2380.0
own:28,4,1,148.8,312733765446.59686,0.0,0.0,0.0,0.0,133754871559.67998,178978893886.91687,592.0,580.16,4.0,592.0
own:28,5,0,537.6,567763107075.3055,0.0,0.0,0.0,0.0,485313283969.9199,82449823105.38562,2148.0,2105.04,4.0,2148.0
own:28,5,1,134.4,283881553537.6528,0.0,0.0,0.0,0.0,121102383709.43997,162779169828.2128,536.0,525.28,4.0,536.0
own:28,6,0,595.2,631737842890.3978,0.0,0.0,0.0,0.0,537730733635.1999,94007109255.19794,2380.0,2332.3999999999996,4.0,2380.0
own:28,6,1,148.8,315868921445.1989,0.0,0.0,0.0,0.0,133754871559.67998,182114049885.51892,592.0,580.16,4.0,592.0
own:28,7,0,576.0,614415998811.145,614415998811.145,2665.0213312882997,3643916500869.119,28.0,0.0,0.0,0.0,0.0,0.0,0.0
own:28,7,1,144.0,307207999405.5725,307207999405.5725,1332.5106656441499,910979125217.2798,28.0,0.0,0.0,0.0,0.0,0.0,0.0
own:28,8,0,595.2,638071014765.374,638071014765.374,2767.624652542899,3765380384231.424,28.0,0.0,0.0,0.0,0.0,0.0,0.0
own:28,8,1,148.8,319035507382.687,319035507382.687,1383.8123262714496,941345096057.856,28.0,0.0,0.0,0.0,0.0,0.0,0.0
own:28,9,0,576.0,620575519199.2267,620575519199.2267,2691.738170134465,3643916500869.119,28.0,0.0,0.0,0.0,0.0,0.0,0.0
own:28,9,1,144.0,310287759599.61334,310287759599.61334,1345.8690850672324,910979125217.2798,28.0,0.0,0.0,0.0,0.0,0.0,0.0
own:28,10,0,595.2,644467676688.3967,644467676688.3967,2795.370089684641,3765380384231.424,28.0,0.0,0.0,0.0,0.0,0.0,0.0
own:28,10,1,148.8,322233838344.19836,322233838344.19836,1397.6850448423204,941345096057.856,28.0,0.0,0.0,0.0,0.0,0.0,0.0
own:28,11,0,595.2,647690015071.8387,647690015071.8387,2809.346940133064,3765380384231.424,28.0,0.0,0.0,0.0,0.0,0.0,0.0
own:28,11,1,148.8,323845007535.9194,323845007535.9194,1404.673470066532,941345096057.856,28.0,0.0,0.0,0.0,0.0,0.0,0.0
own:28,12,0,576.0,629930772723.0947,629930772723.0947,2732.316459516512,3643916500869.119,28.0,0.0,0.0,0.0,0.0,0.0,0.0
own:28,12,1,144.0,314965386361.54736,314965386361.54736,1366.158229758256,910979125217.2798,28.0,0.0,0.0,0.0,0.0,0.0,0.0
own:28,13,0,595.2,654183107472.9337,654183107472.9337,2837.5106432078974,3765380384231.424,28.0,0.0,0.0,0.0,0.0,0.0,0.0
own:28,13,1,148.8,327091553736.46686,327091553736.46686,1418.7553216039487,941345096057.856,28.0,0.0,0.0,0.0,0.0,0.0,0.0
own:28,14,0,576.0,636245828719.6436,636245828719.6436,2759.707932023164,3643916500869.119,28.0,0.0,0.0,0.0,0.0,0.0,0.0
own:28,14,1,144.0,318122914359.8218,318122914359.8218,1379.853966011582,910979125217.2798,28.0,0.0,0.0,0.0,0.0,0.0,0.0
own:28,15,0,595.2,660741293125.3497,660741293125.3497,2865.9566874060556,3765380384231.424,28.0,0.0,0.0,0.0,0.0,0.0,0.0
own:28,15,1,148.8,330370646562.67487,330370646562.67487,1432.9783437030278,941345096057.856,28.0,0.0,0.0,0.0,0.0,0.0,0.0
own:28,16,0,595.2,664044999590.9764,664044999590.9764,2880.2864708430857,3765380384231.424,28.0,0.0,0.0,0.0,0.0,0.0,0.0
own:28,16,1,148.8,332022499795.4882,332022499795.4882,1440.1432354215428,941345096057.856,28.0,0.0,0.0,0.0,0.0,0.0,0.0
own:28,17,0,556.8000000000001,624309403647.71,624309403647.71,2707.933844926508,3522452617506.816,28.0,0.0,0.0,0.0,0.0,0.0,0.0
own:28,17,1,139.20000000000002,312154701823.855,312154701823.855,1353.966922463254,880613154376.704,28.0,0.0,0.0,0.0,0.0,0.0,0.0
own:28,18,0,595.2,670702050711.8757,670702050711.8757,2909.1613427132866,3765380384231.424,28.0,0.0,0.0,0.0,0.0,0.0,0.0
own:28,18,1,148.8,335351025355.93787,335351025355.93787,1454.5806713566433,941345096057.856,28.0,0.0,0.0,0.0,0.0,0.0,0.0
own:28,19,0,576.0,652311833192.3566,652311833192.3566,2829.394015574374,3643916500869.119,28.0,0.0,0.0,0.0,0.0,0.0,0.0
own:28,19,1,144.0,326155916596.1783,326155916596.1783,1414.697007787187,910979125217.2798,28.0,0.0,0.0,0.0,0.0,0.0,0.0
own:28,20,0,595.2,677425838770.2622,677425838770.2622,2938.325685173987,3765380384231.424,28.0,0.0,0.0,0.0,0.0,0.0,0.0
own:28,20,1,148.8,338712919385.1311,338712919385.1311,1469.1628425869935,941345096057.856,28.0,0.0,0.0,0.0,0.0,0.0,0.0
own:28,21,0,576.0,658851259320.1097,658851259320.1097,2857.7586905805065,3643916500869.119,28.0,0.0,0.0,0.0,0.0,0.0,0.0
own:28,21,1,144.0,329425629660.0549,329425629660.0549,1428.8793452902532,910979125217.2798,28.0,0.0,0.0,0.0,0.0,0.0,0.0
own:28,22,0,595.2,684217032803.934,684217032803.934,2967.782400167856,3765380384231.424,28.0,0.0,0.0,0.0,0.0,0.0,0.0
own:28,22,1,148.8,342108516401.967,342108516401.967,1483.891200083928,941345096057.856,28.0,0.0,0.0,0.0,0.0,0.0,0.0
own:28,23,0,595.2,687638117967.9535,687638117967.9535,2982.621312168694,3765380384231.424,28.0,0.0,0.0,0.0,0.0,0.0,0.0
own:28,23,1,148.8,343819058983.97675,343819058983.97675,1491.310656084347,941345096057.856,28.0,0.0,0.0,0.0,0.0,0.0,0.0
own:28,24,0,576.0,668783524410.7677,668783524410.7677,2900.839760060843,3643916500869.119,28.0,0.0,0.0,0.0,0.0,0.0,0.0
own:28,24,1,144.0,334391762205.38385,334391762205.38385,1450.4198800304216,910979125217.2798,28.0,0.0,0.0,0.0,0.0,0.0,0.0
own:28,25,0,595.2,694531690100.5822,694531690100.5822,3012.5220908231854,3765380384231.424,28.0,0.0,0.0,0.0,0.0,0.0,0.0
own:28,25,1,148.8,347265845050.2911,347265845050.2911,1506.2610454115927,941345096057.856,28.0,0.0,0.0,0.0,0.0,0.0,0.0
own:28,26,0,576.0,675488079242.9854,675488079242.9854,2929.920678655452,3643916500869.119,28.0,0.0,0.0,0.0,0.0,0.0,0.0
own:28,26,1,144.0,337744039621.4927,337744039621.4927,1464.960339327726,910979125217.2798,28.0,0.0,0.0,0.0,0.0,0.0,0.0
own:28,27,0,595.2,701494370293.8403,701494370293.8403,3042.722624783687,3765380384231.424,28.0,0.0,0.0,0.0,0.0,0.0,0.0
own:28,27,1,148.8,350747185146.92017,350747185146.92017,1521.3613123918435,941345096057.856,28.0,0.0,0.0,0.0,0.0,0.0,0.0
own:28,28,0,595.2,705001842145.3094,705001842145.3094,3057.936237907605,3765380384231.424,28.0,0.0,0.0,0.0,0.0,0.0,0.0
own:28,28,1,148.8,352500921072.6547,352500921072.6547,1528.9681189538026,941345096057.856,28.0,0.0,0.0,0.0,0.0,0.0,0.0
own:28,29,0,537.6,639959736708.6776,639959736708.6776,2775.8169591845162,3400988734144.5117,28.0,0.0,0.0,0.0,0.0,0.0,0.0
own:28,29,1,134.4,319979868354.3388,319979868354.3388,1387.9084795922581,850247183536.1279,28.0,0.0,0.0,0.0,0.0,0.0,0.0
own:28,30,0,595.2,712069485612.816,712069485612.816,3088.5920486926284,3765380384231.424,28.0,0.0,0.0,0.0,0.0,0.0,0.0
own:28,30,1,148.8,356034742806.408,356034742806.408,1544.2960243463142,941345096057.856,28.0,0.0,0.0,0.0,0.0,0.0,0.0
own:28,31,0,576.0,692544999716.9807,692544999716.9807,3003.9048473575076,3643916500869.119,28.0,0.0,0.0,0.0,0.0,0.0,0.0
own:28,31,1,144.0,346272499858.49036,346272499858.49036,1501.9524236787538,910979125217.2798,28.0,0.0,0.0,0.0,0.0,0.0,0.0
own:28,32,0,595.2,719207982206.0844,719207982206.0844,3119.5551839807713,3765380384231.424,28.0,0.0,0.0,0.0,0.0,0.0,0.0
own:28,32,1,148.8,359603991103.0422,359603991103.0422,1559.7775919903856,941345096057.856,28.0,0.0,0.0,0.0,0.0,0.0,0.0
own:28,33,0,576.0,699487763339.1433,699487763339.1433,3034.018993452266,3643916500869.119,28.0,0.0,0.0,0.0,0.0,0.0,0.0
own:28,33,1,144.0,349743881669.57166,349743881669.57166,1517.009496726133,910979125217.2798,28.0,0.0,0.0,0.0,0.0,0.0,0.0
own:28,34,0,595.2,726418042227.7002,726418042227.7002,3150.8287247001776,3765380384231.424,28.0,0.0,0.0,0.0,0.0,0.0,0.0
own:28,34,1,148.8,363209021113.8501,363209021113.8501,1575.4143623500888,941345096057.856,28.0,0.0,0.0,0.0,0.0,0.0,0.0
own:28,35,0,595.2,730050132438.8386,730050132438.8386,3166.582868323678,3765380384231.424,28.0,0.0,0.0,0.0,0.0,0.0,0.0
own:28,35,1,148.8,365025066219.4193,365025066219.4193,1583.291434161839,941345096057.856,28.0,0.0,0.0,0.0,0.0,0.0,0.0
own:28,36,0,576.0,710032628807.451,710032628807.451,3079.757209030932,3643916500869.119,28.0,0.0,0.0,0.0,0.0,0.0,0.0
own:28,36,1,144.0,355016314403.7255,355016314403.7255,1539.878604515466,910979125217.2798,28.0,0.0,0.0,0.0,0.0,0.0,0.0
own:29,1,0,595.2,616178562048.0001,0.0,0.0,0.0,0.0,537730733635.1999,78447828412.80023,2380.0,2332.3999999999996,4.0,2380.0
own:29,1,1,148.8,308089281024.00006,0.0,0.0,0.0,0.0,133754871559.67998,174334409464.32007,592.0,580.16,4.0,592.0
own:29,2,0,576.0,599283343411.2001,0.0,0.0,0.0,0.0,520559500124.1599,78723843287.04016,2304.0,2257.92,4.0,2304.0
own:29,2,1,144.0,299641671705.60004,0.0,0.0,0.0,0.0,130139875031.03998,169501796674.56006,576.0,564.48,4.0,576.0
own:29,3,0,595.2,622355752132.5311,0.0,0.0,0.0,0.0,537730733635.1999,84625018497.33124,2380.0,2332.3999999999996,4.0,2380.0
own:29,3,1,148.8,311177876066.26556,0.0,0.0,0.0,0.0,133754871559.67998,177423004506.58557,592.0,580.16,4.0,592.0
own:29,4,0,595.2,625467530893.1937,0.0,0.0,0.0,0.0,537730733635.1999,87736797257.99384,2380.0,2332.3999999999996,4.0,2380.0
own:29,4,1,148.8,312733765446.59686,0.0,0.0,0.0,0.0,133754871559.67998,178978893886.91687,592.0,580.16,4.0,592.0
own:29,5,0,537.6,567763107075.3055,0.0,0.0,0.0,0.0,485313283969.9199,82449823105.38562,2148.0,2105.04,4.0,2148.0
own:29,5,1,134.4,283881553537.6528,0.0,0.0,0.0,0.0,121102383709.43997,162779169828.2128,536.0,525.28,4.0,536.0
own:29,6,0,595.2,631737842890.3978,0.0,0.0,0.0,0.0,537730733635.1999,94007109255.19794,2380.0,2332.3999999999996,4.0,2380.0
own:29,6,1,148.8,315868921445.1989,0.0,0.0,0.0,0.0,133754871559.67998,182114049885.51892,592.0,580.16,4.0,592.0
own:29,7,0,576.0,614415998811.145,614415998811.145,2665.0213312882997,3774056375900.159,29.0,0.0,0.0,0.0,0.0,0.0,0.0
own:29,7,1,144.0,307207999405.5725,307207999405.5725,1332.5106656441499,943514093975.0398,29.0,0.0,0.0,0.0,0.0,0.0,0.0
own:29,8,0,595.2,638071014765.374,638071014765.374,2767.624652542899,3899858255096.8315,29.0,0.0,0.0,0.0,0.0,0.0,0.0
own:29,8,1,148.8,319035507382.687,319035507382.687,1383.8123262714496,974964563774.2079,29.0,0.0,0.0,0.0,0.0,0.0,0.0
own:29,9,0,576.0,620575519199.2267,620575519199.2267,2691.738170134465,3774056375900.159,29.0,0.0,0.0,0.0,0.0,0.0,0.0
own:29,9,1,144.0,310287759599.61334,310287759599.61334,1345.8690850672324,943514093975.0398,29.0,0.0,0.0,0.0,0.0,0.0,0.0
own:29,10,0,595.2,644467676688.3967,644467676688.3967,2795.370089684641,3899858255096.8315,29.0,0.0,0.0,0.0,0.0,0.0,0.0
own:29,10,1,148.8,322233838344.19836,322233838344.19836,1397.6850448423204,974964563774.2079,29.0,0.0,0.0,0.0,0.0,0.0,0.0
own:29,11,0,595.2,647690015071.8387,647690015071.8387,2809.346940133064,3899858255096.8315,29.0,0.0,0.0,0.0,0.0,0.0,0.0
own:29,11,1,148.8,323845007535.9194,323845007535.9194,1404.673470066532,974964563774.2079,29.0,0.0,0.0,0.0,0.0,0.0,0.0
own:29,12,0,576.0,629930772723.0947,629930772723.0947,2732.316459516512,3774056375900.159,29.0,0.0,0.0,0.0,0.0,0.0,0.0
own:29,12,1,144.0,314965386361.54736,314965386361.54736,1366.158229758256,943514093975.0398,29.0,0.0,0.0,0.0,0.0,0.0,0.0
own:29,13,0,595.2,654183107472.9337,654183107472.9337,2837.5106432078974,3899858255096.8315,29.0,0.0,0.0,0.0,0.0,0.0,0.0
own:29,13,1,148.8,327091553736.46686,327091553736.46686,1418.7553216039487,974964563774.2079,29.0,0.0,0.0,0.0,0.0,0.0,0.0
own:29,14,0,576.0,636245828719.6436,636245828719.6436,2759.707932023164,3774056375900.159,29.0,0.0,0.0,0.0,0.0,0.0,0.0
own:29,14,1,144.0,318122914359.8218,318122914359.8218,1379.853966011582,943514093975.0398,29.0,0.0,0.0,0.0,0.0,0.0,0.0
own:29,15,0,595.2,660741293125.3497,660741293125.3497,2865.9566874060556,3899858255096.8315,29.0,0.0,0.0,0.0,0.0,0.0,0.0
own:29,15,1,148.8,330370646562.67487,330370646562.67487,1432.9783437030278,974964563774.2079,29.0,0.0,0.0,0.0,0.0,0.0,0.0
own:29,16,0,595.2,664044999590.9764,664044999590.9764,2880.2864708430857,3899858255096.8315,29.0,0.0,0.0,0.0,0.0,0.0,0.0
own:29,16,1,148.8,332022499795.4882,332022499795.4882,1440.1432354215428,974964563774.2079,29.0,0.0,0.0,0.0,0.0,0.0,0.0
own:29,17,0,556.8000000000001,624309403647.71,624309403647.71,2707.933844926508,3648254496703.488,29.0,0.0,0.0,0.0,0.0,0.0,0.0
own:29,17,1,139.20000000000002,312154701823.855,312154701823.855,1353.966922463254,912063624175.872,29.0,0.0,0.0,0.0,0.0,0.0,0.0
own:29,18,0,595.2,670702050711.8757,670702050711.8757,2909.1613427132866,3899858255096.8315,29.0,0.0,0.0,0.0,0.0,0.0,0.0
own:29,18,1,148.8,335351025355.93787,335351025355.93787,1454.5806713566433,974964563774.2079,29.0,0.0,0.0,0.0,0.0,0.0,0.0
own:29,19,0,576.0,652311833192.3566,652311833192.3566,2829.394015574374,3774056375900.159,29.0,0.0,0.0,0.0,0.0,0.0,0.0
own:29,19,1,144.0,326155916596.1783,326155916596.1783,1414.697007787187,943514093975.0398,29.0,0.0,0.0,0.0,0.0,0.0,0.0
own:29,20,0,595.2,677425838770.2622,677425838770.2622,2938.325685173987,3899858255096.8315,29.0,0.0,0.0,0.0,0.0,0.0,0.0
own:29,20,1,148.8,338712919385.1311,338712919385.1311,1469.1628425869935,974964563774.2079,29.0,0.0,0.0,0.0,0.0,0.0,0.0
own:29,21,0,576.0,658851259320.1097,658851259320.1097,2857.7586905805065,3774056375900.159,29.0,0.0,0.0,0.0,0.0,0.0,0.0
own:29,21,1,144.0,329425629660.0549,329425629660.0549,1428.8793452902532,943514093975.0398,29.0,0.0,0.0,0.0,0.0,0.0,0.0
own:29,22,0,595.2,684217032803.934,684217032803.934,2967.782400167856,3899858255096.8315,29.0,0.0,0.0,0.0,0.0,0.0,0.0
own:29,22,1,148.8,342108516401.967,342108516401.967,1483.891200083928,974964563774.2079,29.0,0.0,0.0,0.0,0.0,0.0,0.0
own:29,23,0,595.2,687638117967.9535,687638117967.9535,2982.621312168694,3899858255096.8315,29.0,0.0,0.0,0.0,0.0,0.0,0.0
own:29,23,1,148.8,343819058983.97675,343819058983.97675,1491.310656084347,974964563774.2079,29.0,0.0,0.0,0.0,0.0,0.0,0.0
own:29,24,0,576.0,668783524410.7677,668783524410.7677,2900.839760060843,3774056375900.159,29.0,0.0,0.0,0.0,0.0,0.0,0.0
own:29,24,1,144.0,334391762205.38385,334391762205.38385,1450.4198800304216,943514093975.0398,29.0,0.0,0.0,0.0,0.0,0.0,0.0
own:29,25,0,595.2,694531690100.5822,694531690100.5822,3012.5220908231854,3899858255096.8315,29.0,0.0,0.0,0.0,0.0,0.0,0.0
own:29,25,1,148.8,347265845050.2911,347265845050.2911,1506.2610454115927,974964563774.2079,29.0,0.0,0.0,0.0,0.0,0.0,0.0
own:29,26,0,576.0,675488079242.9854,675488079242.9854,2929.920678655452,3774056375900.159,29.0,0.0,0.0,0.0,0.0,0.0,0.0
own:29,26,1,144.0,337744039621.4927,337744039621.4927,1464.960339327726,943514093975.0398,29.0,0.0,0.0,0.0,0.0,0.0,0.0
own:29,27,0,595.2,701494370293.8403,701494370293.8403,3042.722624783687,3899858255096.8315,29.0,0.0,0.0,0.0,0.0,0.0,0.0
own:29,27,1,148.8,350747185146.92017,350747185146.92017,1521.3613123918435,974964563774.2079,29.0,0.0,0.0,0.0,0.0,0.0,0.0
own:29,28,0,595.2,705001842145.3094,705001842145.3094,3057.936237907605,3899858255096.8315,29.0,0.0,0.0,0.0,0.0,0.0,0.0
own:29,28,1,148.8,352500921072.6547,352500921072.6547,1528.9681189538026,974964563774.2079,29.0,0.0,0.0,0.0,0.0,0.0,0.0
own:29,29,0,537.6,639959736708.6776,639959736708.6776,2775.8169591845162,3522452617506.8154,29.0,0.0,0.0,0.0,0.0,0.0,0.0
own:29,29,1,134.4,319979868354.3388,319979868354.3388,1387.9084795922581,880613154376.7039,29.0,0.0,0.0,0.0,0.0,0.0,0.0
own:29,30,0,595.2,712069485612.816,712069485612.816,3088.5920486926284,3899858255096.8315,29.0,0.0,0.0,0.0,0.0,0.0,0.0
own:29,30,1,148.8,356034742806.408,356034742806.408,1544.2960243463142,974964563774.2079,29.0,0.0,0.0,0.0,0.0,0.0,0.0
own:29,31,0,576.0,692544999716.9807,692544999716.9807,3003.9048473575076,3774056375900.159,29.0,0.0,0.0,0.0,0.0,0.0,0.0
own:29,31,1,144.0,346272499858.49036,346272499858.49036,1501.9524236787538,943514093975.0398,29.0,0.0,0.0,0.0,0.0,0.0,0.0
own:29,32,0,595.2,719207982206.0844,719207982206.0844,3119.5551839807713,3899858255096.8315,29.0,0.0,0.0,0.0,0.0,0.0,0.0
own:29,32,1,148.8,359603991103.0422,359603991103.0422,1559.7775919903856,974964563774.2079,29.0,0.0,0.0,0.0,0.0,0.0,0.0
own:29,33,0,576.0,699487763339.1433,699487763339.1433,3034.018993452266,3774056375900.159,29.0,0.0,0.0,0.0,0.0,0.0,0.0
own:29,33,1,144.0,349743881669.57166,349743881669.57166,1517.009496726133,943514093975.0398,29.0,0.0,0.0,0.0,0.0,0.0,0.0
own:29,34,0,595.2,726418042227.7002,726418042227.7002,3150.8287247001776,3899858255096.8315,29.0,0.0,0.0,0.0,0.0,0.0,0.0
own:29,34,1,148.8,363209021113.8501,363209021113.8501,1575.4143623500888,974964563774.2079,29.0,0.0,0.0,0.0,0.0,0.0,0.0
own:29,35,0,595.2,730050132438.8386,730050132438.8386,3166.582868323678,3899858255096.8315,29.0,0.0,0.0,0.0,0.0,0.0,0.0
own:29,35,1,148.8,365025066219.4193,365025066219.4193,1583.291434161839,974964563774.2079,29.0,0.0,0.0,0.0,0.0,0.0,0.0
own:29,36,0,576.0,710032628807.451,710032628807.451,3079.757209030932,3774056375900.159,29.0,0.0,0.0,0.0,0.0,0.0,0.0
own:29,36,1,144.0,355016314403.7255,355016314403.7255,1539.878604515466,943514093975.0398,29.0,0.0,0.0,0.0,0.0,0.0,0.0
own:30,1,0,595.2,616178562048.0001,0.0,0.0,0.0,0.0,537730733635.1999,78447828412.80023,2380.0,2332.3999999999996,4.0,2380.0
own:30,1,1,148.8,308089281024.00006,0.0,0.0,0.0,0.0,133754871559.67998,174334409464.32007,592.0,580.16,4.0,592.0
own:30,2,0,576.0,599283343411.2001,0.0,0.0,0.0,0.0,520559500124.1599,78723843287.04016,2304.0,2257.92,4.0,2304.0
own:30,2,1,144.0,299641671705.60004,0.0,0.0,0.0,0.0,130139875031.03998,169501796674.56006,576.0,564.48,4.0,576.0
own:30,3,0,595.2,622355752132.5311,0.0,0.0,0.0,0.0,537730733635.1999,84625018497.33124,2380.0,2332.3999999999996,4.0,2380.0
own:30,3,1,148.8,311177876066.26556,0.0,0.0,0.0,0.0,133754871559.67998,177423004506.58557,592.0,580.16,4.0,592.0
own:30,4,0,595.2,625467530893.1937,0.0,0.0,0.0,0.0,537730733635.1999,87736797257.99384,2380.0,2332.3999999999996,4.0,2380.0
own:30,4,1,148.8,312733765446.59686,0.0,0.0,0.0,0.0,133754871559.67998,178978893886.91687,592.0,580.16,4.0,592.0
own:30,5,0,537.6,567763107075.3055,0.0,0.0,0.0,0.0,485313283969.9199,82449823105.38562,2148.0,2105.04,4.0,2148.0
own:30,5,1,134.4,283881553537.6528,0.0,0.0,0.0,0.0,121102383709.43997,162779169828.2128,536.0,525.28,4.0,536.0
own:30,6,0,595.2,631737842890.3978,0.0,0.0,0.0,0.0,537730733635.1999,94007109255.19794,2380.0,2332.3999999999996,4.0,2380.0
own:30,6,1,148.8,315868921445.1989,0.0,0.0,0.0,0.0,133754871559.67998,182114049885.51892,592.0,580.16,4.0,592.0
own:30,7,0,576.0,614415998811.145,614415998811.145,2665.0213312882997,3904196250931.199,30.0,0.0,0.0,0.0,0.0,0.0,0.0
own:30,7,1,144.0,307207999405.5725,307207999405.5725,1332.5106656441499,976049062732.7998,30.0,0.0,0.0,0.0,0.0,0.0,0.0
own:30,8,0,595.2,638071014765.374,638071014765.374,2767.624652542899,4034336125962.2397,30.0,0.0,0.0,0.0,0.0,0.0,0.0
own:30,8,1,148.8,319035507382.687,319035507382.687,1383.8123262714496,1008584031490.5599,30.0,0.0,0.0,0.0,0.0,0.0,0.0
own:30,9,0,576.0,620575519199.2267,620575519199.2267,2691.738170134465,3904196250931.199,30.0,0.0,0.0,0.0,0.0,0.0,0.0
own:30,9,1,144.0,310287759599.61334,310287759599.61334,1345.8690850672324,976049062732.7998,30.0,0.0,0.0,0.0,0.0,0.0,0.0
own:30,10,0,595.2,644467676688.3967,644467676688.3967,2795.370089684641,4034336125962.2397,30.0,0.0,0.0,0.0,0.0,0.0,0.0
own:30,10,1,148.8,322233838344.19836,322233838344.19836,1397.6850448423204,1008584031490.5599,30.0,0.0,0.0,0.0,0.0,0.0,0.0
own:30,11,0,595.2,647690015071.8387,647690015071.8387,2809.346940133064,4034336125962.2397,30.0,0.0,0.0,0.0,0.0,0.0,0.0
own:30,11,1,148.8,323845007535.9194,323845007535.9194,1404.673470066532,1008584031490.5599,30.0,0.0,0.0,0.0,0.0,0.0,0.0
own:30,12,0,576.0,629930772723.0947,629930772723.0947,2732.316459516512,3904196250931.199,30.0,0.0,0.0,0.0,0.0,0.0,0.0
own:30,12,1,144.0,314965386361.54736,314965386361.54736,1366.158229758256,976049062732.7998,30.0,0.0,0.0,0.0,0.0,0.0,0.0
own:30,13,0,595.2,654183107472.9337,654183107472.9337,2837.5106432078974,4034336125962.2397,30.0,0.0,0.0,0.0,0.0,0.0,0.0
own:30,13,1,148.8,327091553736.46686,327091553736.46686,1418.7553216039487,1008584031490.5599,30.0,0.0,0.0,0.0,0.0,0.0,0.0
own:30,14,0,576.0,636245828719.6436,636245828719.6436,2759.707932023164,3904196250931.199,30.0,0.0,0.0,0.0,0.0,0.0,0.0
own:30,14,1,144.0,318122914359.8218,318122914359.8218,1379.853966011582,976049062732.7998,30.0,0.0,0.0,0.0,0.0,0.0,0.0
own:30,15,0,595.2,660741293125.3497,660741293125.3497,2865.9566874060556,4034336125962.2397,30.0,0.0,0.0,0.0,0.0,0.0,0.0
own:30,15,1,148.8,330370646562.67487,330370646562.67487,1432.9783437030278,1008584031490.5599,30.0,0.0,0.0,0.0,0.0,0.0,0.0
own:30,16,0,595.2,664044999590.9764,664044999590.9764,2880.2864708430857,4034336125962.2397,30.0,0.0,0.0,0.0,0.0,0.0,0.0
own:30,16,1,148.8,332022499795.4882,332022499795.4882,1440.1432354215428,1008584031490.5599,30.0,0.0,0.0,0.0,0.0,0.0,0.0
own:30,17,0,556.8000000000001,624309403647.71,624309403647.71,2707.933844926508,3774056375900.1597,30.0,0.0,0.0,0.0,0.0,0.0,0.0
own:30,17,1,139.20000000000002,312154701823.855,312154701823.855,1353.966922463254,943514093975.0399,30.0,0.0,0.0,0.0,0.0,0.0,0.0
own:30,18,0,595.2,670702050711.8757,670702050711.8757,2909.1613427132866,4034336125962.2397,30.0,0.0,0.0,0.0,0.0,0.0,0.0
own:30,18,1,148.8,335351025355.93787,335351025355.93787,1454.5806713566433,1008584031490.5599,30.0,0.0,0.0,0.0,0.0,0.0,0.0
own:30,19,0,576.0,652311833192.3566,652311833192.3566,2829.394015574374,3904196250931.199,30.0,0.0,0.0,0.0,0.0,0.0,0.0
own:30,19,1,144.0,326155916596.1783,326155916596.1783,1414.697007787187,976049062732.7998,30.0,0.0,0.0,0.0,0.0,0.0,0.0
own:30,20,0,595.2,677425838770.2622,677425838770.2622,2938.325685173987,4034336125962.2397,30.0,0.0,0.0,0.0,0.0,0.0,0.0
own:30,20,1,148.8,338712919385.1311,338712919385.1311,1469.1628425869935,1008584031490.5599,30.0,0.0,0.0,0.0,0.0,0.0,0.0
own:30,21,0,576.0,658851259320.1097,658851259320.1097,2857.7586905805065,3904196250931.199,30.0,0.0,0.0,0.0,0.0,0.0,0.0
own:30,21,1,144.0,329425629660.0549,329425629660.0549,1428.8793452902532,976049062732.7998,30.0,0.0,0.0,0.0,0.0,0.0,0.0
own:30,22,0,595.2,684217032803.934,684217032803.934,2967.782400167856,4034336125962.2397,30.0,0.0,0.0,0.0,0.0,0.0,0.0
own:30,22,1,148.8,342108516401.967,342108516401.967,1483.891200083928,1008584031490.5599,30.0,0.0,0.0,0.0,0.0,0.0,0.0
own:30,23,0,595.2,687638117967.9535,687638117967.9535,2982.621312168694,4034336125962.2397,30.0,0.0,0.0,0.0,0.0,0.0,0.0
own:30,23,1,148.8,343819058983.97675,343819058983.97675,1491.310656084347,1008584031490.5599,30.0,0.0,0.0,0.0,0.0,0.0,0.0
own:30,24,0,576.0,668783524410.7677,668783524410.7677,2900.839760060843,3904196250931.199,30.0,0.0,0.0,0.0,0.0,0.0,0.0
own:30,24,1,144.0,334391762205.38385,334391762205.38385,1450.4198800304216,976049062732.7998,30.0,0.0,0.0,0.0,0.0,0.0,0.0
own:30,25,0,595.2,694531690100.5822,694531690100.5822,3012.5220908231854,4034336125962.2397,30.0,0.0,0.0,0.0,0.0,0.0,0.0
own:30,25,1,148.8,347265845050.2911,347265845050.2911,1506.2610454115927,1008584031490.5599,30.0,0.0,0.0,0.0,0.0,0.0,0.0
own:30,26,0,576.0,675488079242.9854,675488079242.9854,2929.920678655452,3904196250931.199,30.0,0.0,0.0,0.0,0.0,0.0,0.0
own:30,26,1,144.0,337744039621.4927,337744039621.4927,1464.960339327726,976049062732.7998,30.0,0.0,0.0,0.0,0.0,0.0,0.0
own:30,27,0,595.2,701494370293.8403,701494370293.8403,3042.722624783687,4034336125962.2397,30.0,0.0,0.0,0.0,0.0,0.0,0.0
own:30,27,1,148.8,350747185146.92017,350747185146.92017,1521.3613123918435,1008584031490.5599,30.0,0.0,0.0,0.0,0.0,0.0,0.0
own:30,28,0,595.2,705001842145.3094,705001842145.3094,3057.936237907605,4034336125962.2397,30.0,0.0,0.0,0.0,0.0,0.0,0.0
own:30,28,1,148.8,352500921072.6547,352500921072.6547,1528.9681189538026,1008584031490.5599,30.0,0.0,0.0,0.0,0.0,0.0,0.0
own:30,29,0,537.6,639959736708.6776,639959736708.6776,2775.8169591845162,3643916500869.1196,30.0,0.0,0.0,0.0,0.0,0.0,0.0
own:30,29,1,134.4,319979868354.3388,319979868354.3388,1387.9084795922581,910979125217.2799,30.0,0.0,0.0,0.0,0.0,0.0,0.0
own:30,30,0,595.2,712069485612.816,712069485612.816,3088.5920486926284,4034336125962.2397,30.0,0.0,0.0,0.0,0.0,0.0,0.0
own:30,30,1,148.8,356034742806.408,356034742806.408,1544.2960243463142,1008584031490.5599,30.0,0.0,0.0,0.0,0.0,0.0,0.0
own:30,31,0,576.0,692544999716.9807,692544999716.9807,3003.9048473575076,3904196250931.199,30.0,0.0,0.0,0.0,0.0,0.0,0.0
own:30,31,1,144.0,346272499858.49036,346272499858.49036,1501.9524236787538,976049062732.7998,30.0,0.0,0.0,0.0,0.0,0.0,0.0
own:30,32,0,595.2,719207982206.0844,719207982206.0844,3119.5551839807713,4034336125962.2397,30.0,0.0,0.0,0.0,0.0,0.0,0.0
own:30,32,1,148.8,359603991103.0422,359603991103.0422,1559.7775919903856,1008584031490.5599,30.0,0.0,0.0,0.0,0.0,0.0,0.0
own:30,33,0,576.0,699487763339.1433,699487763339.1433,3034.018993452266,3904196250931.199,30.0,0.0,0.0,0.0,0.0,0.0,0.0
own:30,33,1,144.0,349743881669.57166,349743881669.57166,1517.009496726133,976049062732.7998,30.0,0.0,0.0,0.0,0.0,0.0,0.0
own:30,34,0,595.2,726418042227.7002,726418042227.7002,3150.8287247001776,4034336125962.2397,30.0,0.0,0.0,0.0,0.0,0.0,0.0
own:30,34,1,148.8,363209021113.8501,363209021113.8501,1575.4143623500888,1008584031490.5599,30.0,0.0,0.0,0.0,0.0,0.0,0.0
own:30,35,0,595.2,730050132438.8386,730050132438.8386,3166.582868323678,4034336125962.2397,30.0,0.0,0.0,0.0,0.0,0.0,0.0
own:30,35,1,148.8,365025066219.4193,365025066219.4193,1583.291434161839,1008584031490.5599,30.0,0.0,0.0,0.0,0.0,0.0,0.0
own:30,36,0,576.0,710032628807.451,710032628807.451,3079.757209030932,3904196250931.199,30.0,0.0,0.0,0.0,0.0,0.0,0.0
own:30,36,1,144.0,355016314403.7255,355016314403.7255,1539.878604515466,976049062732.7998,30.0,0.0,0.0,0.0,0.0,0.0,0.0
own:31,1,0,595.2,616178562048.0001,0.0,0.0,0.0,0.0,537730733635.1999,78447828412.80023,2380.0,2332.3999999999996,4.0,2380.0
own:31,1,1,148.8,308089281024.00006,0.0,0.0,0.0,0.0,133754871559.67998,174334409464.32007,592.0,580.16,4.0,592.0
own:31,2,0,576.0,599283343411.2001,0.0,0.0,0.0,0.0,520559500124.1599,78723843287.04016,2304.0,2257.92,4.0,2304.0
own:31,2,1,144.0,299641671705.60004,0.0,0.0,0.0,0.0,130139875031.03998,169501796674.56006,576.0,564.48,4.0,576.0
own:31,3,0,595.2,622355752132.5311,0.0,0.0,0.0,0.0,537730733635.1999,84625018497.33124,2380.0,2332.3999999999996,4.0,2380.0
own:31,3,1,148.8,311177876066.26556,0.0,0.0,0.0,0.0,133754871559.67998,177423004506.58557,592.0,580.16,4.0,592.0
own:31,4,0,595.2,625467530893.1937,0.0,0.0,0.0,0.0,537730733635.1999,87736797257.99384,2380.0,2332.3999999999996,4.0,2380.0
own:31,4,1,148.8,312733765446.59686,0.0,0.0,0.0,0.0,133754871559.67998,178978893886.91687,592.0,580.16,4.0,592.0
own:31,5,0,537.6,567763107075.3055,0.0,0.0,0.0,0.0,485313283969.9199,82449823105.38562,2148.0,2105.04,4.0,2148.0
own:31,5,1,134.4,283881553537.6528,0.0,0.0,0.0,0.0,121102383709.43997,162779169828.2128,536.0,525.28,4.0,536.0
own:31,6,0,595.2,631737842890.3978,0.0,0.0,0.0,0.0,537730733635.1999,94007109255.19794,2380.0,2332.3999999999996,4.0,2380.0
own:31,6,1,148.8,315868921445.1989,0.0,0.0,0.0,0.0,133754871559.67998,182114049885.51892,592.0,580.16,4.0,592.0
own:31,7,0,576.0,614415998811.145,614415998811.145,2665.0213312882997,4034336125962.2393,31.0,0.0,0.0,0.0,0.0,0.0,0.0
own:31,7,1,144.0,307207999405.5725,307207999405.5725,1332.5106656441499,1008584031490.5598,31.0,0.0,0.0,0.0,0.0,0.0,0.0
own:31,8,0,595.2,638071014765.374,638071014765.374,2767.624652542899,4168813996827.6475,31.0,0.0,0.0,0.0,0.0,0.0,0.0
own:31,8,1,148.8,319035507382.687,319035507382.687,1383.8123262714496,1042203499206.9119,31.0,0.0,0.0,0.0,0.0,0.0,0.0
own:31,9,0,576.0,620575519199.2267,620575519199.2267,2691.738170134465,4034336125962.2393,31.0,0.0,0.0,0.0,0.0,0.0,0.0
own:31,9,1,144.0,310287759599.61334,310287759599.61334,1345.8690850672324,1008584031490.5598,31.0,0.0,0.0,0.0,0.0,0.0,0.0
own:31,10,0,595.2,644467676688.3967,644467676688.3967,2795.370089684641,4168813996827.6475,31.0,0.0,0.0,0.0,0.0,0.0,0.0
own:31,10,1,148.8,322233838344.19836,322233838344.19836,1397.6850448423204,1042203499206.9119,31.0,0.0,0.0,0.0,0.0,0.0,0.0
own:31,11,0,595.2,647690015071.8387,647690015071.8387,2809.346940133064,4168813996827.6475,31.0,0.0,0.0,0.0,0.0,0.0,0.0
own:31,11,1,148.8,323845007535.9194,323845007535.9194,1404.673470066532,1042203499206.9119,31.0,0.0,0.0,0.0,0.0,0.0,0.0
own:31,12,0,576.0,629930772723.0947,629930772723.0947,2732.316459516512,4034336125962.2393,31.0,0.0,0.0,0.0,0.0,0.0,0.0
own:31,12,1,144.0,314965386361.54736,314965386361.54736,1366.158229758256,1008584031490.5598,31.0,0.0,0.0,0.0,0.0,0.0,0.0
own:31,13,0,595.2,654183107472.9337,654183107472.9337,2837.5106432078974,4168813996827.6475,31.0,0.0,0.0,0.0,0.0,0.0,0.0
own:31,13,1,148.8,327091553736.46686,327091553736.46686,1418.7553216039487,1042203499206.9119,31.0,0.0,0.0,0.0,0.0,0.0,0.0
own:31,14,0,576.0,636245828719.6436,636245828719.6436,2759.707932023164,4034336125962.2393,31.0,0.0,0.0,0.0,0.0,0.0,0.0
own:31,14,1,144.0,318122914359.8218,318122914359.8218,1379.853966011582,1008584031490.5598,31.0,0.0,0.0,0.0,0.0,0.0,0.0
own:31,15,0,595.2,660741293125.3497,660741293125.3497,2865.9566874060556,4168813996827.6475,31.0,0.0,0.0,0.0,0.0,0.0,0.0
own:31,15,1,148.8,330370646562.67487,330370646562.67487,1432.9783437030278,1042203499206.9119,31.0,0.0,0.0,0.0,0.0,0.0,0.0
own:31,16,0,595.2,664044999590.9764,664044999590.9764,2880.2864708430857,4168813996827.6475,31.0,0.0,0.0,0.0,0.0,0.0,0.0
own:31,16,1,148.8,332022499795.4882,332022499795.4882,1440.1432354215428,1042203499206.9119,31.0,0.0,0.0,0.0,0.0,0.0,0.0
own:31,17,0,556.8000000000001,624309403647.71,624309403647.71,2707.933844926508,3899858255096.832,31.0,0.0,0.0,0.0,0.0,0.0,0.0
own:31,17,1,139.20000000000002,312154701823.855,312154701823.855,1353.966922463254,974964563774.208,31.0,0.0,0.0,0.0,0.0,0.0,0.0
own:31,18,0,595.2,670702050711.8757,670702050711.8757,2909.1613427132866,4168813996827.6475,31.0,0.0,0.0,0.0,0.0,0.0,0.0
own:31,18,1,148.8,335351025355.93787,335351025355.93787,1454.5806713566433,1042203499206.9119,31.0,0.0,0.0,0.0,0.0,0.0,0.0
own:31,19,0,576.0,652311833192.3566,652311833192.3566,2829.394015574374,4034336125962.2393,31.0,0.0,0.0,0.0,0.0,0.0,0.0
own:31,19,1,144.0,326155916596.1783,326155916596.1783,1414.697007787187,1008584031490.5598,31.0,0.0,0.0,0.0,0.0,0.0,0.0
own:31,20,0,595.2,677425838770.2622,677425838770.2622,2938.325685173987,4168813996827.6475,31.0,0.0,0.0,0.0,0.0,0.0,0.0
own:31,20,1,148.8,338712919385.1311,338712919385.1311,1469.1628425869935,1042203499206.9119,31.0,0.0,0.0,0.0,0.0,0.0,0.0
own:31,21,0,576.0,658851259320.1097,658851259320.1097,2857.7586905805065,4034336125962.2393,31.0,0.0,0.0,0.0,0.0,0.0,0.0
own:31,21,1,144.0,329425629660.0549,329425629660.0549,1428.8793452902532,1008584031490.5598,31.0,0.0,0.0,0.0,0.0,0.0,0.0
own:31,22,0,595.2,684217032803.934,684217032803.934,2967.782400167856,4168813996827.6475,31.0,0.0,0.0,0.0,0.0,0.0,0.0
own:31,22,1,148.8,342108516401.967,342108516401.967,1483.891200083928,1042203499206.9119,31.0,0.0,0.0,0.0,0.0,0.0,0.0
own:31,23,0,595.2,687638117967.9535,687638117967.9535,2982.621312168694,4168813996827.6475,31.0,0.0,0.0,0.0,0.0,0.0,0.0
own:31,23,1,148.8,343819058983.97675,343819058983.97675,1491.310656084347,1042203499206.9119,31.0,0.0,0.0,0.0,0.0,0.0,0.0
own:31,24,0,576.0,668783524410.7677,668783524410.7677,2900.839760060843,4034336125962.2393,31.0,0.0,0.0,0.0,0.0,0.0,0.0
own:31,24,1,144.0,334391762205.38385,334391762205.38385,1450.4198800304216,1008584031490.5598,31.0,0.0,0.0,0.0,0.0,0.0,0.0
own:31,25,0,595.2,694531690100.5822,694531690100.5822,3012.5220908231854,4168813996827.6475,31.0,0.0,0.0,0.0,0.0,0.0,0.0
own:31,25,1,148.8,347265845050.2911,347265845050.2911,1506.2610454115927,1042203499206.9119,31.0,0.0,0.0,0.0,0.0,0.0,0.0
own:31,26,0,576.0,675488079242.9854,675488079242.9854,2929.920678655452,4034336125962.2393,31.0,0.0,0.0,0.0,0.0,0.0,0.0
own:31,26,1,144.0,337744039621.4927,337744039621.4927,1464.960339327726,1008584031490.5598,31.0,0.0,0.0,0.0,0.0,0.0,0.0
own:31,27,0,595.2,701494370293.8403,701494370293.8403,3042.722624783687,4168813996827.6475,31.0,0.0,0.0,0.0,0.0,0.0,0.0
own:31,27,1,148.8,350747185146.92017,350747185146.92017,1521.3613123918435,1042203499206.9119,31.0,0.0,0.0,0.0,0.0,0.0,0.0
own:31,28,0,595.2,705001842145.3094,705001842145.3094,3057.936237907605,4168813996827.6475,31.0,0.0,0.0,0.0,0.0,0.0,0.0
own:31,28,1,148.8,352500921072.6547,352500921072.6547,1528.9681189538026,1042203499206.9119,31.0,0.0,0.0,0.0,0.0,0.0,0.0
own:31,29,0,537.6,639959736708.6776,639959736708.6776,2775.8169591845162,3765380384231.4233,31.0,0.0,0.0,0.0,0.0,0.0,0.0
own:31,29,1,134.4,319979868354.3388,319979868354.3388,1387.9084795922581,941345096057.8558,31.0,0.0,0.0,0.0,0.0,0.0,0.0
own:31,30,0,595.2,712069485612.816,712069485612.816,3088.5920486926284,4168813996827.6475,31.0,0.0,0.0,0.0,0.0,0.0,0.0
own:31,30,1,148.8,356034742806.408,356034742806.408,1544.2960243463142,1042203499206.9119,31.0,0.0,0.0,0.0,0.0,0.0,0.0
own:31,31,0,576.0,692544999716.9807,692544999716.9807,3003.9048473575076,4034336125962.2393,31.0,0.0,0.0,0.0,0.0,0.0,0.0
own:31,31,1,144.0,346272499858.49036,346272499858.49036,1501.9524236787538,1008584031490.5598,31.0,0.0,0.0,0.0,0.0,0.0,0.0
own:31,32,0,595.2,719207982206.0844,719207982206.0844,3119.5551839807713,4168813996827.6475,31.0,0.0,0.0,0.0,0.0,0.0,0.0
own:31,32,1,148.8,359603991103.0422,359603991103.0422,1559.7775919903856,1042203499206.9119,31.0,0.0,0.0,0.0,0.0,0.0,0.0
own:31,33,0,576.0,699487763339.1433,699487763339.1433,3034.018993452266,4034336125962.2393,31.0,0.0,0.0,0.0,0.0,0.0,0.0
own:31,33,1,144.0,349743881669.57166,349743881669.57166,1517.009496726133,1008584031490.5598,31.0,0.0,0.0,0.0,0.0,0.0,0.0
own:31,34,0,595.2,726418042227.7002,726418042227.7002,3150.8287247001776,4168813996827.6475,31.0,0.0,0.0,0.0,0.0,0.0,0.0
own:31,34,1,148.8,363209021113.8501,363209021113.8501,1575.4143623500888,1042203499206.9119,31.0,0.0,0.0,0.0,0.0,0.0,0.0
own:31,35,0,595.2,730050132438.8386,730050132438.8386,3166.582868323678,4168813996827.6475,31.0,0.0,0.0,0.0,0.0,0.0,0.0
own:31,35,1,148.8,365025066219.4193,365025066219.4193,1583.291434161839,1042203499206.9119,31.0,0.0,0.0,0.0,0.0,0.0,0.0
own:31,36,0,576.0,710032628807.451,710032628807.451,3079.757209030932,4034336125962.2393,31.0,0.0,0.0,0.0,0.0,0.0,0.0
own:31,36,1,144.0,355016314403.7255,355016314403.7255,1539.878604515466,1008584031490.5598,31.0,0.0,0.0,0.0,0.0,0.0,0.0
own:32,1,0,595.2,616178562048.0001,0.0,0.0,0.0,0.0,537730733635.1999,78447828412.80023,2380.0,2332.3999999999996,4.0,2380.0
own:32,1,1,148.8,308089281024.00006,0.0,0.0,0.0,0.0,133754871559.67998,174334409464.32007,592.0,580.16,4.0,592.0
own:32,2,0,576.0,599283343411.2001,0.0,0.0,0.0,0.0,520559500124.1599,78723843287.04016,2304.0,2257.92,4.0,2304.0
own:32,2,1,144.0,299641671705.60004,0.0,0.0,0.0,0.0,130139875031.03998,169501796674.56006,576.0,564.48,4.0,576.0
own:32,3,0,595.2,622355752132.5311,0.0,0.0,0.0,0.0,537730733635.1999,84625018497.33124,2380.0,2332.3999999999996,4.0,2380.0
own:32,3,1,148.8,311177876066.26556,0.0,0.0,0.0,0.0,133754871559.67998,177423004506.58557,592.0,580.16,4.0,592.0
own:32,4,0,595.2,625467530893.1937,0.0,0.0,0.0,0.0,537730733635.1999,87736797257.99384,2380.0,2332.3999999999996,4.0,2380.0
own:32,4,1,148.8,312733765446.59686,0.0,0.0,0.0,0.0,133754871559.67998,178978893886.91687,592.0,580.16,4.0,592.0
own:32,5,0,537.6,567763107075.3055,0.0,0.0,0.0,0.0,485313283969.9199,82449823105.38562,2148.0,2105.04,4.0,2148.0
own:32,5,1,134.4,283881553537.6528,0.0,0.0,0.0,0.0,121102383709.43997,162779169828.2128,536.0,525.28,4.0,536.0
own:32,6,0,595.2,631737842890.3978,0.0,0.0,0.0,0.0,537730733635.1999,94007109255.19794,2380.0,2332.3999999999996,4.0,2380.0
own:32,6,1,148.8,315868921445.1989,0.0,0.0,0.0,0.0,133754871559.67998,182114049885.51892,592.0,580.16,4.0,592.0
own:32,7,0,576.0,614415998811.145,614415998811.145,2665.0213312882997,4164476000993.2793,32.0,0.0,0.0,0.0,0.0,0.0,0.0
own:32,7,1,144.0,307207999405.5725,307207999405.5725,1332.5106656441499,1041119000248.3198,32.0,0.0,0.0,0.0,0.0,0.0,0.0
own:32,8,0,595.2,638071014765.374,638071014765.374,2767.624652542899,4303291867693.0557,32.0,0.0,0.0,0.0,0.0,0.0,0.0
own:32,8,1,148.8,319035507382.687,319035507382.687,1383.8123262714496,1075822966923.2639,32.0,0.0,0.0,0.0,0.0,0.0,0.0
own:32,9,0,576.0,620575519199.2267,620575519199.2267,2691.738170134465,4164476000993.2793,32.0,0.0,0.0,0.0,0.0,0.0,0.0
own:32,9,1,144.0,310287759599.61334,310287759599.61334,1345.8690850672324,1041119000248.3198,32.0,0.0,0.0,0.0,0.0,0.0,0.0
own:32,10,0,595.2,644467676688.3967,644467676688.3967,2795.370089684641,4303291867693.0557,32.0,0.0,0.0,0.0,0.0,0.0,0.0
own:32,10,1,148.8,322233838344.19836,322233838344.19836,1397.6850448423204,1075822966923.2639,32.0,0.0,0.0,0.0,0.0,0.0,0.0
own:32,11,0,595.2,647690015071.8387,647690015071.8387,2809.346940133064,4303291867693.0557,32.0,0.0,0.0,0.0,0.0,0.0,0.0
own:32,11,1,148.8,323845007535.9194,323845007535.9194,1404.673470066532,1075822966923.2639,32.0,0.0,0.0,0.0,0.0,0.0,0.0
own:32,12,0,576.0,629930772723.0947,629930772723.0947,2732.316459516512,4164476000993.2793,32.0,0.0,0.0,0.0,0.0,0.0,0.0
own:32,12,1,144.0,314965386361.54736,314965386361.54736,1366.158229758256,1041119000248.3198,32.0,0.0,0.0,0.0,0.0,0.0,0.0
own:32,13,0,595.2,654183107472.9337,654183107472.9337,2837.5106432078974,4303291867693.0557,32.0,0.0,0.0,0.0,0.0,0.0,0.0
own:32,13,1,148.8,327091553736.46686,327091553736.46686,1418.7553216039487,1075822966923.2639,32.0,0.0,0.0,0.0,0.0,0.0,0.0
own:32,14,0,576.0,636245828719.6436,636245828719.6436,2759.707932023164,4164476000993.2793,32.0,0.0,0.0,0.0,0.0,0.0,0.0
own:32,14,1,144.0,318122914359.8218,318122914359.8218,1379.853966011582,1041119000248.3198,32.0,0.0,0.0,0.0,0.0,0.0,0.0
own:32,15,0,595.2,660741293125.3497,660741293125.3497,2865.9566874060556,4303291867693.0557,32.0,0.0,0.0,0.0,0.0,0.0,0.0
own:32,15,1,148.8,330370646562.67487,330370646562.67487,1432.9783437030278,1075822966923.2639,32.0,0.0,0.0,0.0,0.0,0.0,0.0
own:32,16,0,595.2,664044999590.9764,664044999590.9764,2880.2864708430857,4303291867693.0557,32.0,0.0,0.0,0.0,0.0,0.0,0.0
own:32,16,1,148.8,332022499795.4882,332022499795.4882,1440.1432354215428,1075822966923.2639,32.0,0.0,0.0,0.0,0.0,0.0,0.0
own:32,17,0,556.8000000000001,624309403647.71,624309403647.71,2707.933844926508,4025660134293.504,32.0,0.0,0.0,0.0,0.0,0.0,0.0
own:32,17,1,139.20000000000002,312154701823.855,312154701823.855,1353.966922463254,1006415033573.376,32.0,0.0,0.0,0.0,0.0,0.0,0.0
own:32,18,0,595.2,670702050711.8757,670702050711.8757,2909.1613427132866,4303291867693.0557,32.0,0.0,0.0,0.0,0.0,0.0,0.0
own:32,18,1,148.8,335351025355.93787,335351025355.93787,1454.5806713566433,1075822966923.2639,32.0,0.0,0.0,0.0,0.0,0.0,0.0
own:32,19,0,576.0,652311833192.3566,652311833192.3566,2829.394015574374,4164476000993.2793,32.0,0.0,0.0,0.0,0.0,0.0,0.0
own:32,19,1,144.0,326155916596.1783,326155916596.1783,1414.697007787187,1041119000248.3198,32.0,0.0,0.0,0.0,0.0,0.0,0.0
own:32,20,0,595.2,677425838770.2622,677425838770.2622,2938.325685173987,4303291867693.0557,32.0,0.0,0.0,0.0,0.0,0.0,0.0
own:32,20,1,148.8,338712919385.1311,338712919385.1311,1469.1628425869935,1075822966923.2639,32.0,0.0,0.0,0.0,0.0,0.0,0.0
own:32,21,0,576.0,658851259320.1097,658851259320.1097,2857.7586905805065,4164476000993.2793,32.0,0.0,0.0,0.0,0.0,0.0,0.0
own:32,21,1,144.0,329425629660.0549,329425629660.0549,1428.8793452902532,1041119000248.3198,32.0,0.0,0.0,0.0,0.0,0.0,0.0
own:32,22,0,595.2,684217032803.934,684217032803.934,2967.782400167856,4303291867693.0557,32.0,0.0,0.0,0.0,0.0,0.0,0.0
own:32,22,1,148.8,342108516401.967,342108516401.967,1483.891200083928,1075822966923.2639,32.0,0.0,0.0,0.0,0.0,0.0,0.0
own:32,23,0,595.2,687638117967.9535,687638117967.9535,2982.621312168694,4303291867693.0557,32.0,0.0,0.0,0.0,0.0,0.0,0.0
own:32,23,1,148.8,343819058983.97675,343819058983.97675,1491.310656084347,1075822966923.2639,32.0,0.0,0.0,0.0,0.0,0.0,0.0
own:32,24,0,576.0,668783524410.7677,668783524410.7677,2900.839760060843,4164476000993.2793,32.0,0.0,0.0,0.0,0.0,0.0,0.0
own:32,24,1,144.0,334391762205.38385,334391762205.38385,1450.4198800304216,1041119000248.3198,32.0,0.0,0.0,0.0,0.0,0.0,0.0
own:32,25,0,595.2,694531690100.5822,694531690100.5822,3012.5220908231854,4303291867693.0557,32.0,0.0,0.0,0.0,0.0,0.0,0.0
own:32,25,1,148.8,347265845050.2911,347265845050.2911,1506.2610454115927,1075822966923.2639,32.0,0.0,0.0,0.0,0.0,0.0,0.0
own:32,26,0,576.0,675488079242.9854,675488079242.9854,2929.920678655452,4164476000993.2793,32.0,0.0,0.0,0.0,0.0,0.0,0.0
own:32,26,1,144.0,337744039621.4927,337744039621.4927,1464.960339327726,1041119000248.3198,32.0,0.0,0.0,0.0,0.0,0.0,0.0
own:32,27,0,595.2,701494370293.8403,701494370293.8403,3042.722624783687,4303291867693.0557,32.0,0.0,0.0,0.0,0.0,0.0,0.0
own:32,27,1,148.8,350747185146.92017,350747185146.92017,1521.3613123918435,1075822966923.2639,32.0,0.0,0.0,0.0,0.0,0.0,0.0
own:32,28,0,595.2,705001842145.3094,705001842145.3094,3057.936237907605,4303291867693.0557,32.0,0.0,0.0,0.0,0.0,0.0,0.0
own:32,28,1,148.8,352500921072.6547,352500921072.6547,1528.9681189538026,1075822966923.2639,32.0,0.0,0.0,0.0,0.0,0.0,0.0
own:32,29,0,537.6,639959736708.6776,639959736708.6776,2775.8169591845162,3886844267593.7275,32.0,0.0,0.0,0.0,0.0,0.0,0.0
own:32,29,1,134.4,319979868354.3388,319979868354.3388,1387.9084795922581,971711066898.4319,32.0,0.0,0.0,0.0,0.0,0.0,0.0
own:32,30,0,595.2,712069485612.816,712069485612.816,3088.5920486926284,4303291867693.0557,32.0,0.0,0.0,0.0,0.0,0.0,0.0
own:32,30,1,148.8,356034742806.408,356034742806.408,1544.2960243463142,1075822966923.2639,32.0,0.0,0.0,0.0,0.0,0.0,0.0
own:32,31,0,576.0,692544999716.9807,692544999716.9807,3003.9048473575076,4164476000993.2793,32.0,0.0,0.0,0.0,0.0,0.0,0.0
own:32,31,1,144.0,346272499858.49036,346272499858.49036,1501.9524236787538,1041119000248.3198,32.0,0.0,0.0,0.0,0.0,0.0,0.0
own:32,32,0,595.2,719207982206.0844,719207982206.0844,3119.5551839807713,4303291867693.0557,32.0,0.0,0.0,0.0,0.0,0.0,0.0
own:32,32,1,148.8,359603991103.0422,359603991103.0422,1559.7775919903856,1075822966923.2639,32.0,0.0,0.0,0.0,0.0,0.0,0.0
own:32,33,0,576.0,699487763339.1433,699487763339.1433,3034.018993452266,4164476000993.2793,32.0,0.0,0.0,0.0,0.0,0.0,0.0
own:32,33,1,144.0,349743881669.57166,349743881669.57166,1517.009496726133,1041119000248.3198,32.0,0.0,0.0,0.0,0.0,0.0,0.0
own:32,34,0,595.2,726418042227.7002,726418042227.7002,3150.8287247001776,4303291867693.0557,32.0,0.0,0.0,0.0,0.0,0.0,0.0
own:32,34,1,148.8,363209021113.8501,363209021113.8501,1575.4143623500888,1075822966923.2639,32.0,0.0,0.0,0.0,0.0,0.0,0.0
own:32,35,0,595.2,730050132438.8386,730050132438.8386,3166.582868323678,4303291867693.0557,32.0,0.0,0.0,0.0,0.0,0.0,0.0
own:32,35,1,148.8,365025066219.4193,365025066219.4193,1583.291434161839,1075822966923.2639,32.0,0.0,0.0,0.0,0.0,0.0,0.0
own:32,36,0,576.0,710032628807.451,710032628807.451,3079.757209030932,4164476000993.2793,32.0,0.0,0.0,0.0,0.0,0.0,0.0
own:32,36,1,144.0,355016314403.7255,355016314403.7255,1539.878604515466,1041119000248.3198,32.0,0.0,0.0,0.0,0.0,0.0,0.0
