policy_id,period,category,flow_kind,cash_usd,pv_usd
on_demand:0,0,on_demand,capital,0.0,0.0
on_demand:0,1,on_demand,operating,204473.6,202855.99778680265
on_demand:0,2,on_demand,operating,198144.0,195021.34402646002
on_demand:0,3,on_demand,operating,204473.6,199659.08295083806
on_demand:0,4,on_demand,operating,204473.6,198079.56865429203
on_demand:0,5,on_demand,operating,184659.19999999998,177469.61108979152
on_demand:0,6,on_demand,operating,204473.6,194957.92808836754
on_demand:0,7,on_demand,operating,198144.0,187428.31160637704
on_demand:0,8,on_demand,operating,204473.6,191885.48310525366
on_demand:0,9,on_demand,operating,198144.0,184474.52982722572
on_demand:0,10,on_demand,operating,204473.6,188861.45840577135
on_demand:0,11,on_demand,operating,204473.6,187367.36472763953
on_demand:0,12,on_demand,operating,198144.0,180130.9090909091
on_demand:0,13,on_demand,operating,204473.6,184414.54344254787
on_demand:0,14,on_demand,operating,198144.0,177292.13093314547
on_demand:0,15,on_demand,operating,204473.6,181508.25722803458
on_demand:0,16,on_demand,operating,204473.6,180072.3351402655
on_demand:0,17,on_demand,operating,191264.0,167106.59762553193
on_demand:0,18,on_demand,operating,204473.6,177234.48008033412
on_demand:0,19,on_demand,operating,198144.0,170389.3741876155
on_demand:0,20,on_demand,operating,204473.6,174441.3482775033
on_demand:0,21,on_demand,operating,198144.0,167704.11802475064
on_demand:0,22,on_demand,operating,204473.6,171692.23491433758
on_demand:0,23,on_demand,operating,204473.6,170333.96793421774
on_demand:0,24,on_demand,operating,198144.0,163755.37190082643
on_demand:0,25,on_demand,operating,204473.6,167649.58494777075
on_demand:0,26,on_demand,operating,198144.0,161174.6644846777
on_demand:0,27,on_demand,operating,204473.6,165007.50657094052
on_demand:0,28,on_demand,operating,204473.6,163702.12285478678
on_demand:0,29,on_demand,operating,184659.19999999998,146669.10007420785
on_demand:0,30,on_demand,operating,204473.6,161122.25461848555
on_demand:0,31,on_demand,operating,198144.0,154899.43107965044
on_demand:0,32,on_demand,operating,204473.6,158583.04388863937
on_demand:0,33,on_demand,operating,198144.0,152458.28911340964
on_demand:0,34,on_demand,operating,204473.6,156083.84992212505
on_demand:0,35,on_demand,operating,204473.6,154849.06175837974
on_demand:0,36,on_demand,operating,198144.0,148868.51990984217
on_demand:0,0,variable_service,capital,0.0,0.0
on_demand:0,1,variable_service,operating,0.0,0.0
on_demand:0,2,variable_service,operating,0.0,0.0
on_demand:0,3,variable_service,operating,0.0,0.0
on_demand:0,4,variable_service,operating,0.0,0.0
on_demand:0,5,variable_service,operating,0.0,0.0
on_demand:0,6,variable_service,operating,0.0,0.0
on_demand:0,7,variable_service,operating,0.0,0.0
on_demand:0,8,variable_service,operating,0.0,0.0
on_demand:0,9,variable_service,operating,0.0,0.0
on_demand:0,10,variable_service,operating,0.0,0.0
on_demand:0,11,variable_service,operating,0.0,0.0
on_demand:0,12,variable_service,operating,0.0,0.0
on_demand:0,13,variable_service,operating,0.0,0.0
on_demand:0,14,variable_service,operating,0.0,0.0
on_demand:0,15,variable_service,operating,0.0,0.0
on_demand:0,16,variable_service,operating,0.0,0.0
on_demand:0,17,variable_service,operating,0.0,0.0
on_demand:0,18,variable_service,operating,0.0,0.0
on_demand:0,19,variable_service,operating,0.0,0.0
on_demand:0,20,variable_service,operating,0.0,0.0
on_demand:0,21,variable_service,operating,0.0,0.0
on_demand:0,22,variable_service,operating,0.0,0.0
on_demand:0,23,variable_service,operating,0.0,0.0
on_demand:0,24,variable_service,operating,0.0,0.0
on_demand:0,25,variable_service,operating,0.0,0.0
on_demand:0,26,variable_service,operating,0.0,0.0
on_demand:0,27,variable_service,operating,0.0,0.0
on_demand:0,28,variable_service,operating,0.0,0.0
on_demand:0,29,variable_service,operating,0.0,0.0
on_demand:0,30,variable_service,operating,0.0,0.0
on_demand:0,31,variable_service,operating,0.0,0.0
on_demand:0,32,variable_service,operating,0.0,0.0
on_demand:0,33,variable_service,operating,0.0,0.0
on_demand:0,34,variable_service,operating,0.0,0.0
on_demand:0,35,variable_service,operating,0.0,0.0
on_demand:0,36,variable_service,operating,0.0,0.0
commit:1,0,on_demand,capital,0.0,0.0
commit:1,1,on_demand,operating,187686.4,186201.6022753693
commit:1,2,on_demand,operating,182732.8,179853.01726884645
commit:1,3,on_demand,operating,189337.6,184879.47384949742
commit:1,4,on_demand,operating,190438.4,184483.259096595
commit:1,5,on_demand,operating,172825.6,166096.74480534886
commit:1,6,on_demand,operating,192364.8,183412.6402877105
commit:1,7,on_demand,operating,187136.0,177015.62762824498
commit:1,8,on_demand,operating,194291.19999999998,182329.94760741462
commit:1,9,on_demand,operating,189062.4,176019.4472101445
commit:1,10,on_demand,operating,196217.6,181235.82751455583
commit:1,11,on_demand,operating,197043.19999999998,180558.59104305503
commit:1,12,on_demand,operating,192089.6,174626.9090909091
commit:1,13,on_demand,operating,199244.8,179698.69374482456
commit:1,14,on_demand,operating,194016.0,173598.54487203827
commit:1,15,on_demand,operating,201171.19999999998,178576.76451371907
commit:1,16,on_demand,operating,201996.8,177891.1090080146
commit:1,17,on_demand,operating,190163.19999999998,166144.83303488136
commit:1,18,on_demand,operating,204198.4,176995.9410761883
commit:1,19,on_demand,operating,198144.0,170389.3741876155
commit:1,20,on_demand,operating,204473.6,174441.3482775033
commit:1,21,on_demand,operating,198144.0,167704.11802475064
commit:1,22,on_demand,operating,204473.6,171692.23491433758
commit:1,23,on_demand,operating,204473.6,170333.96793421774
commit:1,24,on_demand,operating,198144.0,163755.37190082643
commit:1,25,on_demand,operating,204473.6,167649.58494777075
commit:1,26,on_demand,operating,198144.0,161174.6644846777
commit:1,27,on_demand,operating,204473.6,165007.50657094052
commit:1,28,on_demand,operating,204473.6,163702.12285478678
commit:1,29,on_demand,operating,184659.19999999998,146669.10007420785
commit:1,30,on_demand,operating,204473.6,161122.25461848555
commit:1,31,on_demand,operating,198144.0,154899.43107965044
commit:1,32,on_demand,operating,204473.6,158583.04388863937
commit:1,33,on_demand,operating,198144.0,152458.28911340964
commit:1,34,on_demand,operating,204473.6,156083.84992212505
commit:1,35,on_demand,operating,204473.6,154849.06175837974
commit:1,36,on_demand,operating,198144.0,148868.51990984217
commit:1,0,variable_service,capital,0.0,0.0
commit:1,1,variable_service,operating,0.0,0.0
commit:1,2,variable_service,operating,0.0,0.0
commit:1,3,variable_service,operating,0.0,0.0
commit:1,4,variable_service,operating,0.0,0.0
commit:1,5,variable_service,operating,0.0,0.0
commit:1,6,variable_service,operating,0.0,0.0
commit:1,7,variable_service,operating,0.0,0.0
commit:1,8,variable_service,operating,0.0,0.0
commit:1,9,variable_service,operating,0.0,0.0
commit:1,10,variable_service,operating,0.0,0.0
commit:1,11,variable_service,operating,0.0,0.0
commit:1,12,variable_service,operating,0.0,0.0
commit:1,13,variable_service,operating,0.0,0.0
commit:1,14,variable_service,operating,0.0,0.0
commit:1,15,variable_service,operating,0.0,0.0
commit:1,16,variable_service,operating,0.0,0.0
commit:1,17,variable_service,operating,0.0,0.0
commit:1,18,variable_service,operating,0.0,0.0
commit:1,19,variable_service,operating,0.0,0.0
commit:1,20,variable_service,operating,0.0,0.0
commit:1,21,variable_service,operating,0.0,0.0
commit:1,22,variable_service,operating,0.0,0.0
commit:1,23,variable_service,operating,0.0,0.0
commit:1,24,variable_service,operating,0.0,0.0
commit:1,25,variable_service,operating,0.0,0.0
commit:1,26,variable_service,operating,0.0,0.0
commit:1,27,variable_service,operating,0.0,0.0
commit:1,28,variable_service,operating,0.0,0.0
commit:1,29,variable_service,operating,0.0,0.0
commit:1,30,variable_service,operating,0.0,0.0
commit:1,31,variable_service,operating,0.0,0.0
commit:1,32,variable_service,operating,0.0,0.0
commit:1,33,variable_service,operating,0.0,0.0
commit:1,34,variable_service,operating,0.0,0.0
commit:1,35,variable_service,operating,0.0,0.0
commit:1,36,variable_service,operating,0.0,0.0
commit:1,0,commitment,capital,0.0,0.0
commit:1,1,commitment,operating,29760.0,29524.56695698245
commit:1,2,commitment,operating,28800.0,28346.125585241283
commit:1,3,commitment,operating,29760.0,29059.273708767003
commit:1,4,commitment,operating,29760.0,28829.384151067577
commit:1,5,commitment,operating,26880.0,25833.444237241343
commit:1,6,commitment,operating,29760.0,28375.046655948827
commit:1,7,commitment,operating,28800.0,27242.48715208969
commit:1,8,commitment,operating,29760.0,27927.869305437715
commit:1,9,commitment,operating,28800.0,26813.158405120015
commit:1,10,commitment,operating,29760.0,27487.739259032733
commit:1,11,commitment,operating,29760.0,27270.28219924016
commit:1,12,commitment,operating,28800.0,26181.81818181818
commit:1,13,commitment,operating,29760.0,26840.51541543859
commit:1,14,commitment,operating,28800.0,25769.20507749207
commit:1,15,commitment,operating,29760.0,26417.521553424547
commit:1,16,commitment,operating,29760.0,26208.53104642507
commit:1,17,commitment,operating,27840.0,24323.697496103858
commit:1,18,commitment,operating,29760.0,25795.496959953474
commit:1,19,commitment,operating,28800.0,24765.897410990627
commit:1,20,commitment,operating,29760.0,25388.972095852463
commit:1,21,commitment,operating,28800.0,24375.598550109105
commit:1,22,commitment,operating,29760.0,24988.853871847936
commit:1,23,commitment,operating,29760.0,24791.165635672867
commit:1,24,commitment,operating,28800.0,23801.652892561982
commit:1,25,commitment,operating,29760.0,24400.468559489622
commit:1,26,commitment,operating,28800.0,23426.550070447338
commit:1,27,commitment,operating,29760.0,24015.9286849314
commit:1,28,commitment,operating,29760.0,23825.937314931874
commit:1,29,commitment,operating,26880.0,21349.953915075486
commit:1,30,commitment,operating,29760.0,23450.451781775886
commit:1,31,commitment,operating,28800.0,22514.452191809658
commit:1,32,commitment,operating,29760.0,23080.88372350224
commit:1,33,commitment,operating,28800.0,22159.63504555373
commit:1,34,commitment,operating,29760.0,22717.139883498123
commit:1,35,commitment,operating,29760.0,22537.423305157154
commit:1,36,commitment,operating,28800.0,21637.866265965433
commit:1,0,commit_setup,capital,0.0,0.0
commit:1,1,commit_setup,operating,0.0,0.0
commit:1,2,commit_setup,operating,0.0,0.0
commit:1,3,commit_setup,operating,0.0,0.0
commit:1,4,commit_setup,operating,0.0,0.0
commit:1,5,commit_setup,operating,0.0,0.0
commit:1,6,commit_setup,operating,0.0,0.0
commit:1,7,commit_setup,operating,0.0,0.0
commit:1,8,commit_setup,operating,0.0,0.0
commit:1,9,commit_setup,operating,0.0,0.0
commit:1,10,commit_setup,operating,0.0,0.0
commit:1,11,commit_setup,operating,0.0,0.0
commit:1,12,commit_setup,operating,0.0,0.0
commit:1,13,commit_setup,operating,0.0,0.0
commit:1,14,commit_setup,operating,0.0,0.0
commit:1,15,commit_setup,operating,0.0,0.0
commit:1,16,commit_setup,operating,0.0,0.0
commit:1,17,commit_setup,operating,0.0,0.0
commit:1,18,commit_setup,operating,0.0,0.0
commit:1,19,commit_setup,operating,0.0,0.0
commit:1,20,commit_setup,operating,0.0,0.0
commit:1,21,commit_setup,operating,0.0,0.0
commit:1,22,commit_setup,operating,0.0,0.0
commit:1,23,commit_setup,operating,0.0,0.0
commit:1,24,commit_setup,operating,0.0,0.0
commit:1,25,commit_setup,operating,0.0,0.0
commit:1,26,commit_setup,operating,0.0,0.0
commit:1,27,commit_setup,operating,0.0,0.0
commit:1,28,commit_setup,operating,0.0,0.0
commit:1,29,commit_setup,operating,0.0,0.0
commit:1,30,commit_setup,operating,0.0,0.0
commit:1,31,commit_setup,operating,0.0,0.0
commit:1,32,commit_setup,operating,0.0,0.0
commit:1,33,commit_setup,operating,0.0,0.0
commit:1,34,commit_setup,operating,0.0,0.0
commit:1,35,commit_setup,operating,0.0,0.0
commit:1,36,commit_setup,operating,0.0,0.0
commit:1,0,commit_fees,capital,0.0,0.0
commit:1,1,commit_fees,operating,0.0,0.0
commit:1,2,commit_fees,operating,0.0,0.0
commit:1,3,commit_fees,operating,0.0,0.0
commit:1,4,commit_fees,operating,0.0,0.0
commit:1,5,commit_fees,operating,0.0,0.0
commit:1,6,commit_fees,operating,0.0,0.0
commit:1,7,commit_fees,operating,0.0,0.0
commit:1,8,commit_fees,operating,0.0,0.0
commit:1,9,commit_fees,operating,0.0,0.0
commit:1,10,commit_fees,operating,0.0,0.0
commit:1,11,commit_fees,operating,0.0,0.0
commit:1,12,commit_fees,operating,0.0,0.0
commit:1,13,commit_fees,operating,0.0,0.0
commit:1,14,commit_fees,operating,0.0,0.0
commit:1,15,commit_fees,operating,0.0,0.0
commit:1,16,commit_fees,operating,0.0,0.0
commit:1,17,commit_fees,operating,0.0,0.0
commit:1,18,commit_fees,operating,0.0,0.0
commit:1,19,commit_fees,operating,0.0,0.0
commit:1,20,commit_fees,operating,0.0,0.0
commit:1,21,commit_fees,operating,0.0,0.0
commit:1,22,commit_fees,operating,0.0,0.0
commit:1,23,commit_fees,operating,0.0,0.0
commit:1,24,commit_fees,operating,0.0,0.0
commit:1,25,commit_fees,operating,0.0,0.0
commit:1,26,commit_fees,operating,0.0,0.0
commit:1,27,commit_fees,operating,0.0,0.0
commit:1,28,commit_fees,operating,0.0,0.0
commit:1,29,commit_fees,operating,0.0,0.0
commit:1,30,commit_fees,operating,0.0,0.0
commit:1,31,commit_fees,operating,0.0,0.0
commit:1,32,commit_fees,operating,0.0,0.0
commit:1,33,commit_fees,operating,0.0,0.0
commit:1,34,commit_fees,operating,0.0,0.0
commit:1,35,commit_fees,operating,0.0,0.0
commit:1,36,commit_fees,operating,0.0,0.0
commit:2,0,on_demand,capital,0.0,0.0
commit:2,1,on_demand,operating,146612.8,145452.93784780498
commit:2,2,on_demand,operating,143035.19999999998,140781.03271910083
commit:2,3,on_demand,operating,148470.4,144974.5292758777
commit:2,4,on_demand,operating,149296.0,144627.41049118902
commit:2,5,on_demand,operating,135948.8,130655.71963987632
commit:2,6,on_demand,operating,151360.0,144316.09750821284
commit:2,7,on_demand,operating,147576.0,139595.04458183292
commit:2,8,on_demand,operating,153217.6,143784.98347086133
commit:2,9,on_demand,operating,149433.6,139124.5412446994
commit:2,10,on_demand,operating,155281.6,143425.40767894548
commit:2,11,on_demand,operating,156107.19999999998,143047.2915770572
commit:2,12,on_demand,operating,152323.19999999998,138475.63636363635
commit:2,13,on_demand,operating,158171.19999999998,142654.4533561297
commit:2,14,on_demand,operating,154180.8,137955.4393823538
commit:2,15,on_demand,operating,160235.19999999998,142238.46940918322
commit:2,16,on_demand,operating,161060.8,141840.28821109066
commit:2,17,on_demand,operating,151772.8,132603.29293594367
commit:2,18,on_demand,operating,163124.8,141393.9947074267
commit:2,19,on_demand,operating,159065.6,136784.80316728022
commit:2,20,on_demand,operating,165120.0,140867.84517698787
commit:2,21,on_demand,operating,161267.19999999998,136492.51828125535
commit:2,22,on_demand,operating,167321.6,140496.47217754676
commit:2,23,on_demand,operating,168422.4,140302.00319749833
commit:2,24,on_demand,operating,164294.4,135780.49586776856
commit:2,25,on_demand,operating,170348.8,139670.38099955596
commit:2,26,on_demand,operating,166220.8,135207.63520659073
commit:2,27,on_demand,operating,172550.4,139245.90392998612
commit:2,28,on_demand,operating,173651.19999999998,139025.62519699926
commit:2,29,on_demand,operating,157964.8,125466.5625075936
commit:2,30,on_demand,operating,175852.8,138569.47604470022
commit:2,31,on_demand,operating,171449.6,134031.035503642
commit:2,32,on_demand,operating,178054.4,138093.17549925932
commit:2,33,on_demand,operating,173376.0,133401.00297423344
commit:2,34,on_demand,operating,180256.0,137597.47200402681
commit:2,35,on_demand,operating,181356.8,137342.57294585768
commit:2,36,on_demand,operating,176678.4,132741.09691960926
commit:2,0,variable_service,capital,0.0,0.0
commit:2,1,variable_service,operating,0.0,0.0
commit:2,2,variable_service,operating,0.0,0.0
commit:2,3,variable_service,operating,0.0,0.0
commit:2,4,variable_service,operating,0.0,0.0
commit:2,5,variable_service,operating,0.0,0.0
commit:2,6,variable_service,operating,0.0,0.0
commit:2,7,variable_service,operating,0.0,0.0
commit:2,8,variable_service,operating,0.0,0.0
commit:2,9,variable_service,operating,0.0,0.0
commit:2,10,variable_service,operating,0.0,0.0
commit:2,11,variable_service,operating,0.0,0.0
commit:2,12,variable_service,operating,0.0,0.0
commit:2,13,variable_service,operating,0.0,0.0
commit:2,14,variable_service,operating,0.0,0.0
commit:2,15,variable_service,operating,0.0,0.0
commit:2,16,variable_service,operating,0.0,0.0
commit:2,17,variable_service,operating,0.0,0.0
commit:2,18,variable_service,operating,0.0,0.0
commit:2,19,variable_service,operating,0.0,0.0
commit:2,20,variable_service,operating,0.0,0.0
commit:2,21,variable_service,operating,0.0,0.0
commit:2,22,variable_service,operating,0.0,0.0
commit:2,23,variable_service,operating,0.0,0.0
commit:2,24,variable_service,operating,0.0,0.0
commit:2,25,variable_service,operating,0.0,0.0
commit:2,26,variable_service,operating,0.0,0.0
commit:2,27,variable_service,operating,0.0,0.0
commit:2,28,variable_service,operating,0.0,0.0
commit:2,29,variable_service,operating,0.0,0.0
commit:2,30,variable_service,operating,0.0,0.0
commit:2,31,variable_service,operating,0.0,0.0
commit:2,32,variable_service,operating,0.0,0.0
commit:2,33,variable_service,operating,0.0,0.0
commit:2,34,variable_service,operating,0.0,0.0
commit:2,35,variable_service,operating,0.0,0.0
commit:2,36,variable_service,operating,0.0,0.0
commit:2,0,commitment,capital,0.0,0.0
commit:2,1,commitment,operating,59520.0,59049.1339139649
commit:2,2,commitment,operating,57600.0,56692.25117048257
commit:2,3,commitment,operating,59520.0,58118.547417534006
commit:2,4,commitment,operating,59520.0,57658.768302135155
commit:2,5,commitment,operating,53760.0,51666.88847448269
commit:2,6,commitment,operating,59520.0,56750.09331189765
commit:2,7,commitment,operating,57600.0,54484.97430417938
commit:2,8,commitment,operating,59520.0,55855.73861087543
commit:2,9,commitment,operating,57600.0,53626.31681024003
commit:2,10,commitment,operating,59520.0,54975.478518065465
commit:2,11,commitment,operating,59520.0,54540.56439848032
commit:2,12,commitment,operating,57600.0,52363.63636363636
commit:2,13,commitment,operating,59520.0,53681.03083087718
commit:2,14,commitment,operating,57600.0,51538.41015498414
commit:2,15,commitment,operating,59520.0,52835.043106849094
commit:2,16,commitment,operating,59520.0,52417.06209285014
commit:2,17,commitment,operating,55680.0,48647.394992207715
commit:2,18,commitment,operating,59520.0,51590.99391990695
commit:2,19,commitment,operating,57600.0,49531.79482198125
commit:2,20,commitment,operating,59520.0,50777.944191704926
commit:2,21,commitment,operating,57600.0,48751.19710021821
commit:2,22,commitment,operating,59520.0,49977.70774369587
commit:2,23,commitment,operating,59520.0,49582.331271345734
commit:2,24,commitment,operating,57600.0,47603.305785123965
commit:2,25,commitment,operating,59520.0,48800.937118979244
commit:2,26,commitment,operating,57600.0,46853.100140894676
commit:2,27,commitment,operating,59520.0,48031.8573698628
commit:2,28,commitment,operating,59520.0,47651.87462986375
commit:2,29,commitment,operating,53760.0,42699.90783015097
commit:2,30,commitment,operating,59520.0,46900.90356355177
commit:2,31,commitment,operating,57600.0,45028.904383619316
commit:2,32,commitment,operating,59520.0,46161.76744700448
commit:2,33,commitment,operating,57600.0,44319.27009110746
commit:2,34,commitment,operating,59520.0,45434.279766996246
commit:2,35,commitment,operating,59520.0,45074.84661031431
commit:2,36,commitment,operating,57600.0,43275.732531930866
commit:2,0,commit_setup,capital,0.0,0.0
commit:2,1,commit_setup,operating,0.0,0.0
commit:2,2,commit_setup,operating,0.0,0.0
commit:2,3,commit_setup,operating,0.0,0.0
commit:2,4,commit_setup,operating,0.0,0.0
commit:2,5,commit_setup,operating,0.0,0.0
commit:2,6,commit_setup,operating,0.0,0.0
commit:2,7,commit_setup,operating,0.0,0.0
commit:2,8,commit_setup,operating,0.0,0.0
commit:2,9,commit_setup,operating,0.0,0.0
commit:2,10,commit_setup,operating,0.0,0.0
commit:2,11,commit_setup,operating,0.0,0.0
commit:2,12,commit_setup,operating,0.0,0.0
commit:2,13,commit_setup,operating,0.0,0.0
commit:2,14,commit_setup,operating,0.0,0.0
commit:2,15,commit_setup,operating,0.0,0.0
commit:2,16,commit_setup,operating,0.0,0.0
commit:2,17,commit_setup,operating,0.0,0.0
commit:2,18,commit_setup,operating,0.0,0.0
commit:2,19,commit_setup,operating,0.0,0.0
commit:2,20,commit_setup,operating,0.0,0.0
commit:2,21,commit_setup,operating,0.0,0.0
commit:2,22,commit_setup,operating,0.0,0.0
commit:2,23,commit_setup,operating,0.0,0.0
commit:2,24,commit_setup,operating,0.0,0.0
commit:2,25,commit_setup,operating,0.0,0.0
commit:2,26,commit_setup,operating,0.0,0.0
commit:2,27,commit_setup,operating,0.0,0.0
commit:2,28,commit_setup,operating,0.0,0.0
commit:2,29,commit_setup,operating,0.0,0.0
commit:2,30,commit_setup,operating,0.0,0.0
commit:2,31,commit_setup,operating,0.0,0.0
commit:2,32,commit_setup,operating,0.0,0.0
commit:2,33,commit_setup,operating,0.0,0.0
commit:2,34,commit_setup,operating,0.0,0.0
commit:2,35,commit_setup,operating,0.0,0.0
commit:2,36,commit_setup,operating,0.0,0.0
commit:2,0,commit_fees,capital,0.0,0.0
commit:2,1,commit_fees,operating,0.0,0.0
commit:2,2,commit_fees,operating,0.0,0.0
commit:2,3,commit_fees,operating,0.0,0.0
commit:2,4,commit_fees,operating,0.0,0.0
commit:2,5,commit_fees,operating,0.0,0.0
commit:2,6,commit_fees,operating,0.0,0.0
commit:2,7,commit_fees,operating,0.0,0.0
commit:2,8,commit_fees,operating,0.0,0.0
commit:2,9,commit_fees,operating,0.0,0.0
commit:2,10,commit_fees,operating,0.0,0.0
commit:2,11,commit_fees,operating,0.0,0.0
commit:2,12,commit_fees,operating,0.0,0.0
commit:2,13,commit_fees,operating,0.0,0.0
commit:2,14,commit_fees,operating,0.0,0.0
commit:2,15,commit_fees,operating,0.0,0.0
commit:2,16,commit_fees,operating,0.0,0.0
commit:2,17,commit_fees,operating,0.0,0.0
commit:2,18,commit_fees,operating,0.0,0.0
commit:2,19,commit_fees,operating,0.0,0.0
commit:2,20,commit_fees,operating,0.0,0.0
commit:2,21,commit_fees,operating,0.0,0.0
commit:2,22,commit_fees,operating,0.0,0.0
commit:2,23,commit_fees,operating,0.0,0.0
commit:2,24,commit_fees,operating,0.0,0.0
commit:2,25,commit_fees,operating,0.0,0.0
commit:2,26,commit_fees,operating,0.0,0.0
commit:2,27,commit_fees,operating,0.0,0.0
commit:2,28,commit_fees,operating,0.0,0.0
commit:2,29,commit_fees,operating,0.0,0.0
commit:2,30,commit_fees,operating,0.0,0.0
commit:2,31,commit_fees,operating,0.0,0.0
commit:2,32,commit_fees,operating,0.0,0.0
commit:2,33,commit_fees,operating,0.0,0.0
commit:2,34,commit_fees,operating,0.0,0.0
commit:2,35,commit_fees,operating,0.0,0.0
commit:2,36,commit_fees,operating,0.0,0.0
commit:3,0,on_demand,capital,0.0,0.0
commit:3,1,on_demand,operating,105539.2,104704.27342024066
commit:3,2,on_demand,operating,103337.59999999999,101709.04816935518
commit:3,3,on_demand,operating,107465.59999999999,104935.22461951851
commit:3,4,on_demand,operating,108428.79999999999,105038.15619083587
commit:3,5,on_demand,operating,98934.4,95082.45184318935
commit:3,6,on_demand,operating,110355.2,105219.55472871517
commit:3,7,on_demand,operating,107878.4,102044.30298569417
commit:3,8,on_demand,operating,112281.59999999999,105369.14819238693
commit:3,9,on_demand,operating,109804.79999999999,102229.63527925423
commit:3,10,on_demand,operating,114208.0,105487.8939951482
commit:3,11,on_demand,operating,115171.2,105535.99211105942
commit:3,12,on_demand,operating,112694.4,102449.45454545453
commit:3,13,on_demand,operating,117097.59999999999,105610.21296743487
commit:3,14,on_demand,operating,114620.79999999999,102558.57296340982
commit:3,15,on_demand,operating,119161.59999999999,105778.02877488421
commit:3,16,on_demand,operating,120124.79999999999,105789.46741416672
commit:3,17,on_demand,operating,113520.0,99181.97341083728
commit:3,18,on_demand,operating,122188.79999999999,105911.317840738
commit:3,19,on_demand,operating,119505.59999999999,102766.0913069056
commit:3,20,on_demand,operating,124321.59999999999,106061.74843117378
commit:3,21,on_demand,operating,121569.59999999999,102893.46407976888
commit:3,22,on_demand,operating,126385.59999999999,106123.3632360828
commit:3,23,on_demand,operating,127417.59999999999,106143.50895497012
commit:3,24,on_demand,operating,124459.2,102858.8429752066
commit:3,25,on_demand,operating,129481.59999999999,106163.0278841536
commit:3,26,on_demand,operating,126523.2,102916.7388844869
commit:3,27,on_demand,operating,131545.6,106155.56950324302
commit:3,28,on_demand,operating,132577.6,106141.98880927797
commit:3,29,on_demand,operating,120881.59999999999,96012.52191892071
commit:3,30,on_demand,operating,134848.0,106258.28366495008
commit:3,31,on_demand,operating,131683.19999999998,102943.580238351
commit:3,32,on_demand,operating,136912.0,106184.474205381
commit:3,33,on_demand,operating,133747.19999999998,102909.3451515515
commit:3,34,on_demand,operating,139182.4,106244.15490997946
commit:3,35,on_demand,operating,140214.4,106185.19107119042
commit:3,36,on_demand,operating,137049.6,102967.39293764085
commit:3,0,variable_service,capital,0.0,0.0
commit:3,1,variable_service,operating,0.0,0.0
commit:3,2,variable_service,operating,0.0,0.0
commit:3,3,variable_service,operating,0.0,0.0
commit:3,4,variable_service,operating,0.0,0.0
commit:3,5,variable_service,operating,0.0,0.0
commit:3,6,variable_service,operating,0.0,0.0
commit:3,7,variable_service,operating,0.0,0.0
commit:3,8,variable_service,operating,0.0,0.0
commit:3,9,variable_service,operating,0.0,0.0
commit:3,10,variable_service,operating,0.0,0.0
commit:3,11,variable_service,operating,0.0,0.0
commit:3,12,variable_service,operating,0.0,0.0
commit:3,13,variable_service,operating,0.0,0.0
commit:3,14,variable_service,operating,0.0,0.0
commit:3,15,variable_service,operating,0.0,0.0
commit:3,16,variable_service,operating,0.0,0.0
commit:3,17,variable_service,operating,0.0,0.0
commit:3,18,variable_service,operating,0.0,0.0
commit:3,19,variable_service,operating,0.0,0.0
commit:3,20,variable_service,operating,0.0,0.0
commit:3,21,variable_service,operating,0.0,0.0
commit:3,22,variable_service,operating,0.0,0.0
commit:3,23,variable_service,operating,0.0,0.0
commit:3,24,variable_service,operating,0.0,0.0
commit:3,25,variable_service,operating,0.0,0.0
commit:3,26,variable_service,operating,0.0,0.0
commit:3,27,variable_service,operating,0.0,0.0
commit:3,28,variable_service,operating,0.0,0.0
commit:3,29,variable_service,operating,0.0,0.0
commit:3,30,variable_service,operating,0.0,0.0
commit:3,31,variable_service,operating,0.0,0.0
commit:3,32,variable_service,operating,0.0,0.0
commit:3,33,variable_service,operating,0.0,0.0
commit:3,34,variable_service,operating,0.0,0.0
commit:3,35,variable_service,operating,0.0,0.0
commit:3,36,variable_service,operating,0.0,0.0
commit:3,0,commitment,capital,0.0,0.0
commit:3,1,commitment,operating,89280.0,88573.70087094734
commit:3,2,commitment,operating,86400.0,85038.37675572385
commit:3,3,commitment,operating,89280.0,87177.821126301
commit:3,4,commitment,operating,89280.0,86488.15245320273
commit:3,5,commitment,operating,80640.0,77500.33271172403
commit:3,6,commitment,operating,89280.0,85125.13996784648
commit:3,7,commitment,operating,86400.0,81727.46145626907
commit:3,8,commitment,operating,89280.0,83783.60791631314
commit:3,9,commitment,operating,86400.0,80439.47521536004
commit:3,10,commitment,operating,89280.0,82463.2177770982
commit:3,11,commitment,operating,89280.0,81810.84659772048
commit:3,12,commitment,operating,86400.0,78545.45454545454
commit:3,13,commitment,operating,89280.0,80521.54624631577
commit:3,14,commitment,operating,86400.0,77307.61523247622
commit:3,15,commitment,operating,89280.0,79252.56466027364
commit:3,16,commitment,operating,89280.0,78625.59313927521
commit:3,17,commitment,operating,83520.0,72971.09248831158
commit:3,18,commitment,operating,89280.0,77386.49087986043
commit:3,19,commitment,operating,86400.0,74297.69223297188
commit:3,20,commitment,operating,89280.0,76166.9162875574
commit:3,21,commitment,operating,86400.0,73126.79565032732
commit:3,22,commitment,operating,89280.0,74966.5616155438
commit:3,23,commitment,operating,89280.0,74373.4969070186
commit:3,24,commitment,operating,86400.0,71404.95867768594
commit:3,25,commitment,operating,89280.0,73201.40567846887
commit:3,26,commitment,operating,86400.0,70279.65021134201
commit:3,27,commitment,operating,89280.0,72047.7860547942
commit:3,28,commitment,operating,89280.0,71477.81194479563
commit:3,29,commitment,operating,80640.0,64049.86174522646
commit:3,30,commitment,operating,89280.0,70351.35534532765
commit:3,31,commitment,operating,86400.0,67543.35657542897
commit:3,32,commitment,operating,89280.0,69242.65117050672
commit:3,33,commitment,operating,86400.0,66478.90513666118
commit:3,34,commitment,operating,89280.0,68151.41965049437
commit:3,35,commitment,operating,89280.0,67612.26991547145
commit:3,36,commitment,operating,86400.0,64913.5987978963
commit:3,0,commit_setup,capital,0.0,0.0
commit:3,1,commit_setup,operating,0.0,0.0
commit:3,2,commit_setup,operating,0.0,0.0
commit:3,3,commit_setup,operating,0.0,0.0
commit:3,4,commit_setup,operating,0.0,0.0
commit:3,5,commit_setup,operating,0.0,0.0
commit:3,6,commit_setup,operating,0.0,0.0
commit:3,7,commit_setup,operating,0.0,0.0
commit:3,8,commit_setup,operating,0.0,0.0
commit:3,9,commit_setup,operating,0.0,0.0
commit:3,10,commit_setup,operating,0.0,0.0
commit:3,11,commit_setup,operating,0.0,0.0
commit:3,12,commit_setup,operating,0.0,0.0
commit:3,13,commit_setup,operating,0.0,0.0
commit:3,14,commit_setup,operating,0.0,0.0
commit:3,15,commit_setup,operating,0.0,0.0
commit:3,16,commit_setup,operating,0.0,0.0
commit:3,17,commit_setup,operating,0.0,0.0
commit:3,18,commit_setup,operating,0.0,0.0
commit:3,19,commit_setup,operating,0.0,0.0
commit:3,20,commit_setup,operating,0.0,0.0
commit:3,21,commit_setup,operating,0.0,0.0
commit:3,22,commit_setup,operating,0.0,0.0
commit:3,23,commit_setup,operating,0.0,0.0
commit:3,24,commit_setup,operating,0.0,0.0
commit:3,25,commit_setup,operating,0.0,0.0
commit:3,26,commit_setup,operating,0.0,0.0
commit:3,27,commit_setup,operating,0.0,0.0
commit:3,28,commit_setup,operating,0.0,0.0
commit:3,29,commit_setup,operating,0.0,0.0
commit:3,30,commit_setup,operating,0.0,0.0
commit:3,31,commit_setup,operating,0.0,0.0
commit:3,32,commit_setup,operating,0.0,0.0
commit:3,33,commit_setup,operating,0.0,0.0
commit:3,34,commit_setup,operating,0.0,0.0
commit:3,35,commit_setup,operating,0.0,0.0
commit:3,36,commit_setup,operating,0.0,0.0
commit:3,0,commit_fees,capital,0.0,0.0
commit:3,1,commit_fees,operating,0.0,0.0
commit:3,2,commit_fees,operating,0.0,0.0
commit:3,3,commit_fees,operating,0.0,0.0
commit:3,4,commit_fees,operating,0.0,0.0
commit:3,5,commit_fees,operating,0.0,0.0
commit:3,6,commit_fees,operating,0.0,0.0
commit:3,7,commit_fees,operating,0.0,0.0
commit:3,8,commit_fees,operating,0.0,0.0
commit:3,9,commit_fees,operating,0.0,0.0
commit:3,10,commit_fees,operating,0.0,0.0
commit:3,11,commit_fees,operating,0.0,0.0
commit:3,12,commit_fees,operating,0.0,0.0
commit:3,13,commit_fees,operating,0.0,0.0
commit:3,14,commit_fees,operating,0.0,0.0
commit:3,15,commit_fees,operating,0.0,0.0
commit:3,16,commit_fees,operating,0.0,0.0
commit:3,17,commit_fees,operating,0.0,0.0
commit:3,18,commit_fees,operating,0.0,0.0
commit:3,19,commit_fees,operating,0.0,0.0
commit:3,20,commit_fees,operating,0.0,0.0
commit:3,21,commit_fees,operating,0.0,0.0
commit:3,22,commit_fees,operating,0.0,0.0
commit:3,23,commit_fees,operating,0.0,0.0
commit:3,24,commit_fees,operating,0.0,0.0
commit:3,25,commit_fees,operating,0.0,0.0
commit:3,26,commit_fees,operating,0.0,0.0
commit:3,27,commit_fees,operating,0.0,0.0
commit:3,28,commit_fees,operating,0.0,0.0
commit:3,29,commit_fees,operating,0.0,0.0
commit:3,30,commit_fees,operating,0.0,0.0
commit:3,31,commit_fees,operating,0.0,0.0
commit:3,32,commit_fees,operating,0.0,0.0
commit:3,33,commit_fees,operating,0.0,0.0
commit:3,34,commit_fees,operating,0.0,0.0
commit:3,35,commit_fees,operating,0.0,0.0
commit:3,36,commit_fees,operating,0.0,0.0
commit:4,0,on_demand,capital,0.0,0.0
commit:4,1,on_demand,operating,64603.2,64092.12043129464
commit:4,2,on_demand,operating,63640.0,62637.06361960956
commit:4,3,on_demand,operating,66460.8,64895.919963159344
commit:4,4,on_demand,operating,67424.0,65315.604737956324
commit:4,5,on_demand,operating,61851.2,59443.06273089515
commit:4,6,on_demand,operating,69350.4,66123.01194921751
commit:4,7,on_demand,operating,68249.59999999999,64558.64066441875
commit:4,8,on_demand,operating,71276.8,66888.74848487308
commit:4,9,on_demand,operating,70107.2,65270.6756576191
commit:4,10,on_demand,operating,73203.2,67613.92723544438
commit:4,11,on_demand,operating,74166.4,67961.6484442784
commit:4,12,on_demand,operating,72996.8,66360.72727272728
commit:4,13,on_demand,operating,76161.59999999999,68690.07388657484
commit:4,14,on_demand,operating,74923.2,67038.58700909563
commit:4,15,on_demand,operating,78156.8,69378.6609054668
commit:4,16,on_demand,operating,79188.8,69738.64661724279
commit:4,17,on_demand,operating,75129.59999999999,65640.43331189959
commit:4,18,on_demand,operating,81184.0,70369.00622301287
commit:4,19,on_demand,operating,79808.0,68629.05349223402
commit:4,20,on_demand,operating,83248.0,71020.87194339804
commit:4,21,on_demand,operating,81872.0,69294.40987828239
commit:4,22,on_demand,operating,85312.0,71634.71443263075
commit:4,23,on_demand,operating,86412.8,71985.01471244195
commit:4,24,on_demand,operating,84899.2,70164.62809917354
commit:4,25,on_demand,operating,88476.8,72542.85539799233
commit:4,26,on_demand,operating,86825.59999999999,70625.84256238307
commit:4,27,on_demand,operating,90678.4,73176.27646719366
commit:4,28,on_demand,operating,91641.59999999999,73368.51535752893
commit:4,29,on_demand,operating,83936.0,66667.77276100358
commit:4,30,on_demand,operating,93843.2,73947.09128519996
commit:4,31,on_demand,operating,92054.4,71963.69402242092
commit:4,32,on_demand,operating,96044.8,74489.20904055874
commit:4,33,on_demand,operating,94118.4,72417.68732886958
commit:4,34,on_demand,operating,98246.4,74995.87405410316
commit:4,35,on_demand,operating,99347.2,75236.21977762462
commit:4,36,on_demand,operating,97420.8,73193.6889556724
commit:4,0,variable_service,capital,0.0,0.0
commit:4,1,variable_service,operating,0.0,0.0
commit:4,2,variable_service,operating,0.0,0.0
commit:4,3,variable_service,operating,0.0,0.0
commit:4,4,variable_service,operating,0.0,0.0
commit:4,5,variable_service,operating,0.0,0.0
commit:4,6,variable_service,operating,0.0,0.0
commit:4,7,variable_service,operating,0.0,0.0
commit:4,8,variable_service,operating,0.0,0.0
commit:4,9,variable_service,operating,0.0,0.0
commit:4,10,variable_service,operating,0.0,0.0
commit:4,11,variable_service,operating,0.0,0.0
commit:4,12,variable_service,operating,0.0,0.0
commit:4,13,variable_service,operating,0.0,0.0
commit:4,14,variable_service,operating,0.0,0.0
commit:4,15,variable_service,operating,0.0,0.0
commit:4,16,variable_service,operating,0.0,0.0
commit:4,17,variable_service,operating,0.0,0.0
commit:4,18,variable_service,operating,0.0,0.0
commit:4,19,variable_service,operating,0.0,0.0
commit:4,20,variable_service,operating,0.0,0.0
commit:4,21,variable_service,operating,0.0,0.0
commit:4,22,variable_service,operating,0.0,0.0
commit:4,23,variable_service,operating,0.0,0.0
commit:4,24,variable_service,operating,0.0,0.0
commit:4,25,variable_service,operating,0.0,0.0
commit:4,26,variable_service,operating,0.0,0.0
commit:4,27,variable_service,operating,0.0,0.0
commit:4,28,variable_service,operating,0.0,0.0
commit:4,29,variable_service,operating,0.0,0.0
commit:4,30,variable_service,operating,0.0,0.0
commit:4,31,variable_service,operating,0.0,0.0
commit:4,32,variable_service,operating,0.0,0.0
commit:4,33,variable_service,operating,0.0,0.0
commit:4,34,variable_service,operating,0.0,0.0
commit:4,35,variable_service,operating,0.0,0.0
commit:4,36,variable_service,operating,0.0,0.0
commit:4,0,commitment,capital,0.0,0.0
commit:4,1,commitment,operating,119040.0,118098.2678279298
commit:4,2,commitment,operating,115200.0,113384.50234096513
commit:4,3,commitment,operating,119040.0,116237.09483506801
commit:4,4,commitment,operating,119040.0,115317.53660427031
commit:4,5,commitment,operating,107520.0,103333.77694896537
commit:4,6,commitment,operating,119040.0,113500.1866237953
commit:4,7,commitment,operating,115200.0,108969.94860835875
commit:4,8,commitment,operating,119040.0,111711.47722175086
commit:4,9,commitment,operating,115200.0,107252.63362048006
commit:4,10,commitment,operating,119040.0,109950.95703613093
commit:4,11,commitment,operating,119040.0,109081.12879696063
commit:4,12,commitment,operating,115200.0,104727.27272727272
commit:4,13,commitment,operating,119040.0,107362.06166175436
commit:4,14,commitment,operating,115200.0,103076.82030996829
commit:4,15,commitment,operating,119040.0,105670.08621369819
commit:4,16,commitment,operating,119040.0,104834.12418570028
commit:4,17,commitment,operating,111360.0,97294.78998441543
commit:4,18,commitment,operating,119040.0,103181.9878398139
commit:4,19,commitment,operating,115200.0,99063.5896439625
commit:4,20,commitment,operating,119040.0,101555.88838340985
commit:4,21,commitment,operating,115200.0,97502.39420043642
commit:4,22,commitment,operating,119040.0,99955.41548739174
commit:4,23,commitment,operating,119040.0,99164.66254269147
commit:4,24,commitment,operating,115200.0,95206.61157024793
commit:4,25,commitment,operating,119040.0,97601.87423795849
commit:4,26,commitment,operating,115200.0,93706.20028178935
commit:4,27,commitment,operating,119040.0,96063.7147397256
commit:4,28,commitment,operating,119040.0,95303.7492597275
commit:4,29,commitment,operating,107520.0,85399.81566030195
commit:4,30,commitment,operating,119040.0,93801.80712710354
commit:4,31,commitment,operating,115200.0,90057.80876723863
commit:4,32,commitment,operating,119040.0,92323.53489400896
commit:4,33,commitment,operating,115200.0,88638.54018221491
commit:4,34,commitment,operating,119040.0,90868.55953399249
commit:4,35,commitment,operating,119040.0,90149.69322062861
commit:4,36,commitment,operating,115200.0,86551.46506386173
commit:4,0,commit_setup,capital,0.0,0.0
commit:4,1,commit_setup,operating,0.0,0.0
commit:4,2,commit_setup,operating,0.0,0.0
commit:4,3,commit_setup,operating,0.0,0.0
commit:4,4,commit_setup,operating,0.0,0.0
commit:4,5,commit_setup,operating,0.0,0.0
commit:4,6,commit_setup,operating,0.0,0.0
commit:4,7,commit_setup,operating,0.0,0.0
commit:4,8,commit_setup,operating,0.0,0.0
commit:4,9,commit_setup,operating,0.0,0.0
commit:4,10,commit_setup,operating,0.0,0.0
commit:4,11,commit_setup,operating,0.0,0.0
commit:4,12,commit_setup,operating,0.0,0.0
commit:4,13,commit_setup,operating,0.0,0.0
commit:4,14,commit_setup,operating,0.0,0.0
commit:4,15,commit_setup,operating,0.0,0.0
commit:4,16,commit_setup,operating,0.0,0.0
commit:4,17,commit_setup,operating,0.0,0.0
commit:4,18,commit_setup,operating,0.0,0.0
commit:4,19,commit_setup,operating,0.0,0.0
commit:4,20,commit_setup,operating,0.0,0.0
commit:4,21,commit_setup,operating,0.0,0.0
commit:4,22,commit_setup,operating,0.0,0.0
commit:4,23,commit_setup,operating,0.0,0.0
commit:4,24,commit_setup,operating,0.0,0.0
commit:4,25,commit_setup,operating,0.0,0.0
commit:4,26,commit_setup,operating,0.0,0.0
commit:4,27,commit_setup,operating,0.0,0.0
commit:4,28,commit_setup,operating,0.0,0.0
commit:4,29,commit_setup,operating,0.0,0.0
commit:4,30,commit_setup,operating,0.0,0.0
commit:4,31,commit_setup,operating,0.0,0.0
commit:4,32,commit_setup,operating,0.0,0.0
commit:4,33,commit_setup,operating,0.0,0.0
commit:4,34,commit_setup,operating,0.0,0.0
commit:4,35,commit_setup,operating,0.0,0.0
commit:4,36,commit_setup,operating,0.0,0.0
commit:4,0,commit_fees,capital,0.0,0.0
commit:4,1,commit_fees,operating,0.0,0.0
commit:4,2,commit_fees,operating,0.0,0.0
commit:4,3,commit_fees,operating,0.0,0.0
commit:4,4,commit_fees,operating,0.0,0.0
commit:4,5,commit_fees,operating,0.0,0.0
commit:4,6,commit_fees,operating,0.0,0.0
commit:4,7,commit_fees,operating,0.0,0.0
commit:4,8,commit_fees,operating,0.0,0.0
commit:4,9,commit_fees,operating,0.0,0.0
commit:4,10,commit_fees,operating,0.0,0.0
commit:4,11,commit_fees,operating,0.0,0.0
commit:4,12,commit_fees,operating,0.0,0.0
commit:4,13,commit_fees,operating,0.0,0.0
commit:4,14,commit_fees,operating,0.0,0.0
commit:4,15,commit_fees,operating,0.0,0.0
commit:4,16,commit_fees,operating,0.0,0.0
commit:4,17,commit_fees,operating,0.0,0.0
commit:4,18,commit_fees,operating,0.0,0.0
commit:4,19,commit_fees,operating,0.0,0.0
commit:4,20,commit_fees,operating,0.0,0.0
commit:4,21,commit_fees,operating,0.0,0.0
commit:4,22,commit_fees,operating,0.0,0.0
commit:4,23,commit_fees,operating,0.0,0.0
commit:4,24,commit_fees,operating,0.0,0.0
commit:4,25,commit_fees,operating,0.0,0.0
commit:4,26,commit_fees,operating,0.0,0.0
commit:4,27,commit_fees,operating,0.0,0.0
commit:4,28,commit_fees,operating,0.0,0.0
commit:4,29,commit_fees,operating,0.0,0.0
commit:4,30,commit_fees,operating,0.0,0.0
commit:4,31,commit_fees,operating,0.0,0.0
commit:4,32,commit_fees,operating,0.0,0.0
commit:4,33,commit_fees,operating,0.0,0.0
commit:4,34,commit_fees,operating,0.0,0.0
commit:4,35,commit_fees,operating,0.0,0.0
commit:4,36,commit_fees,operating,0.0,0.0
commit:5,0,on_demand,capital,0.0,0.0
commit:5,1,on_demand,operating,40729.6,40407.38583101856
commit:5,2,on_demand,operating,39628.799999999996,39004.268805292006
commit:5,3,on_demand,operating,40729.6,39770.584490880254
commit:5,4,on_demand,operating,40729.6,39455.95714782667
commit:5,5,on_demand,operating,36876.799999999996,35441.02516547252
commit:5,6,on_demand,operating,40729.6,38834.14987493727
commit:5,7,on_demand,operating,39628.799999999996,37485.662321275406
commit:5,8,on_demand,operating,40729.6,38222.141991356046
commit:5,9,on_demand,operating,39628.799999999996,36894.90596544514
commit:5,10,on_demand,operating,40729.6,37619.77906332996
commit:5,11,on_demand,operating,40729.6,37322.16686364825
commit:5,12,on_demand,operating,39628.799999999996,36026.181818181816
commit:5,13,on_demand,operating,40729.6,36733.987119107784
commit:5,14,on_demand,operating,39628.799999999996,35458.42618662909
commit:5,15,on_demand,operating,40729.6,36155.07680989114
commit:5,16,on_demand,operating,40729.6,35869.0519525697
commit:5,17,on_demand,operating,38252.799999999996,33421.31952510638
commit:5,18,on_demand,operating,40729.6,35303.772613579335
commit:5,19,on_demand,operating,40179.2,34551.17865471092
commit:5,20,on_demand,operating,42312.0,36097.385326603144
commit:5,21,on_demand,operating,42174.4,35695.35567679589
commit:5,22,on_demand,operating,44376.0,37261.6054911668
commit:5,23,on_demand,operating,45408.0,37826.52046991376
commit:5,24,on_demand,operating,45201.6,37356.69421487603
commit:5,25,on_demand,operating,47540.799999999996,38979.09259721049
commit:5,26,on_demand,operating,47196.799999999996,38390.90966544753
commit:5,27,on_demand,operating,49604.799999999996,40030.42134510366
commit:5,28,on_demand,operating,50705.6,40595.04190577989
commit:5,29,on_demand,operating,46852.799999999996,37213.73217233068
commit:5,30,on_demand,operating,52838.399999999994,41635.89890544982
commit:5,31,on_demand,operating,52425.6,40983.80780649084
commit:5,32,on_demand,operating,55040.0,42687.225811208446
commit:5,33,on_demand,operating,54489.6,41926.02950618765
commit:5,34,on_demand,operating,57241.6,43695.07507914134
commit:5,35,on_demand,operating,58342.399999999994,44183.04319350808
commit:5,36,on_demand,operating,57723.2,43368.29451540194
commit:5,0,variable_service,capital,0.0,0.0
commit:5,1,variable_service,operating,0.0,0.0
commit:5,2,variable_service,operating,0.0,0.0
commit:5,3,variable_service,operating,0.0,0.0
commit:5,4,variable_service,operating,0.0,0.0
commit:5,5,variable_service,operating,0.0,0.0
commit:5,6,variable_service,operating,0.0,0.0
commit:5,7,variable_service,operating,0.0,0.0
commit:5,8,variable_service,operating,0.0,0.0
commit:5,9,variable_service,operating,0.0,0.0
commit:5,10,variable_service,operating,0.0,0.0
commit:5,11,variable_service,operating,0.0,0.0
commit:5,12,variable_service,operating,0.0,0.0
commit:5,13,variable_service,operating,0.0,0.0
commit:5,14,variable_service,operating,0.0,0.0
commit:5,15,variable_service,operating,0.0,0.0
commit:5,16,variable_service,operating,0.0,0.0
commit:5,17,variable_service,operating,0.0,0.0
commit:5,18,variable_service,operating,0.0,0.0
commit:5,19,variable_service,operating,0.0,0.0
commit:5,20,variable_service,operating,0.0,0.0
commit:5,21,variable_service,operating,0.0,0.0
commit:5,22,variable_service,operating,0.0,0.0
commit:5,23,variable_service,operating,0.0,0.0
commit:5,24,variable_service,operating,0.0,0.0
commit:5,25,variable_service,operating,0.0,0.0
commit:5,26,variable_service,operating,0.0,0.0
commit:5,27,variable_service,operating,0.0,0.0
commit:5,28,variable_service,operating,0.0,0.0
commit:5,29,variable_service,operating,0.0,0.0
commit:5,30,variable_service,operating,0.0,0.0
commit:5,31,variable_service,operating,0.0,0.0
commit:5,32,variable_service,operating,0.0,0.0
commit:5,33,variable_service,operating,0.0,0.0
commit:5,34,variable_service,operating,0.0,0.0
commit:5,35,variable_service,operating,0.0,0.0
commit:5,36,variable_service,operating,0.0,0.0
commit:5,0,commitment,capital,0.0,0.0
commit:5,1,commitment,operating,148800.0,147622.83478491227
commit:5,2,commitment,operating,144000.0,141730.62792620642
commit:5,3,commitment,operating,148800.0,145296.368543835
commit:5,4,commitment,operating,148800.0,144146.92075533787
commit:5,5,commitment,operating,134400.0,129167.2211862067
commit:5,6,commitment,operating,148800.0,141875.23327974413
commit:5,7,commitment,operating,144000.0,136212.43576044845
commit:5,8,commitment,operating,148800.0,139639.34652718858
commit:5,9,commitment,operating,144000.0,134065.79202560007
commit:5,10,commitment,operating,148800.0,137438.69629516365
commit:5,11,commitment,operating,148800.0,136351.41099620078
commit:5,12,commitment,operating,144000.0,130909.09090909091
commit:5,13,commitment,operating,148800.0,134202.57707719295
commit:5,14,commitment,operating,144000.0,128846.02538746037
commit:5,15,commitment,operating,148800.0,132087.60776712274
commit:5,16,commitment,operating,148800.0,131042.65523212534
commit:5,17,commitment,operating,139200.0,121618.4874805193
commit:5,18,commitment,operating,148800.0,128977.48479976738
commit:5,19,commitment,operating,144000.0,123829.48705495313
commit:5,20,commitment,operating,148800.0,126944.86047926232
commit:5,21,commitment,operating,144000.0,121877.99275054553
commit:5,22,commitment,operating,148800.0,124944.26935923968
commit:5,23,commitment,operating,148800.0,123955.82817836435
commit:5,24,commitment,operating,144000.0,119008.26446280991
commit:5,25,commitment,operating,148800.0,122002.34279744812
commit:5,26,commitment,operating,144000.0,117132.7503522367
commit:5,27,commitment,operating,148800.0,120079.643424657
commit:5,28,commitment,operating,148800.0,119129.68657465938
commit:5,29,commitment,operating,134400.0,106749.76957537743
commit:5,30,commitment,operating,148800.0,117252.25890887942
commit:5,31,commitment,operating,144000.0,112572.26095904829
commit:5,32,commitment,operating,148800.0,115404.4186175112
commit:5,33,commitment,operating,144000.0,110798.17522776865
commit:5,34,commitment,operating,148800.0,113585.69941749061
commit:5,35,commitment,operating,148800.0,112687.11652578576
commit:5,36,commitment,operating,144000.0,108189.33132982717
commit:5,0,commit_setup,capital,0.0,0.0
commit:5,1,commit_setup,operating,0.0,0.0
commit:5,2,commit_setup,operating,0.0,0.0
commit:5,3,commit_setup,operating,0.0,0.0
commit:5,4,commit_setup,operating,0.0,0.0
commit:5,5,commit_setup,operating,0.0,0.0
commit:5,6,commit_setup,operating,0.0,0.0
commit:5,7,commit_setup,operating,0.0,0.0
commit:5,8,commit_setup,operating,0.0,0.0
commit:5,9,commit_setup,operating,0.0,0.0
commit:5,10,commit_setup,operating,0.0,0.0
commit:5,11,commit_setup,operating,0.0,0.0
commit:5,12,commit_setup,operating,0.0,0.0
commit:5,13,commit_setup,operating,0.0,0.0
commit:5,14,commit_setup,operating,0.0,0.0
commit:5,15,commit_setup,operating,0.0,0.0
commit:5,16,commit_setup,operating,0.0,0.0
commit:5,17,commit_setup,operating,0.0,0.0
commit:5,18,commit_setup,operating,0.0,0.0
commit:5,19,commit_setup,operating,0.0,0.0
commit:5,20,commit_setup,operating,0.0,0.0
commit:5,21,commit_setup,operating,0.0,0.0
commit:5,22,commit_setup,operating,0.0,0.0
commit:5,23,commit_setup,operating,0.0,0.0
commit:5,24,commit_setup,operating,0.0,0.0
commit:5,25,commit_setup,operating,0.0,0.0
commit:5,26,commit_setup,operating,0.0,0.0
commit:5,27,commit_setup,operating,0.0,0.0
commit:5,28,commit_setup,operating,0.0,0.0
commit:5,29,commit_setup,operating,0.0,0.0
commit:5,30,commit_setup,operating,0.0,0.0
commit:5,31,commit_setup,operating,0.0,0.0
commit:5,32,commit_setup,operating,0.0,0.0
commit:5,33,commit_setup,operating,0.0,0.0
commit:5,34,commit_setup,operating,0.0,0.0
commit:5,35,commit_setup,operating,0.0,0.0
commit:5,36,commit_setup,operating,0.0,0.0
commit:5,0,commit_fees,capital,0.0,0.0
commit:5,1,commit_fees,operating,0.0,0.0
commit:5,2,commit_fees,operating,0.0,0.0
commit:5,3,commit_fees,operating,0.0,0.0
commit:5,4,commit_fees,operating,0.0,0.0
commit:5,5,commit_fees,operating,0.0,0.0
commit:5,6,commit_fees,operating,0.0,0.0
commit:5,7,commit_fees,operating,0.0,0.0
commit:5,8,commit_fees,operating,0.0,0.0
commit:5,9,commit_fees,operating,0.0,0.0
commit:5,10,commit_fees,operating,0.0,0.0
commit:5,11,commit_fees,operating,0.0,0.0
commit:5,12,commit_fees,operating,0.0,0.0
commit:5,13,commit_fees,operating,0.0,0.0
commit:5,14,commit_fees,operating,0.0,0.0
commit:5,15,commit_fees,operating,0.0,0.0
commit:5,16,commit_fees,operating,0.0,0.0
commit:5,17,commit_fees,operating,0.0,0.0
commit:5,18,commit_fees,operating,0.0,0.0
commit:5,19,commit_fees,operating,0.0,0.0
commit:5,20,commit_fees,operating,0.0,0.0
commit:5,21,commit_fees,operating,0.0,0.0
commit:5,22,commit_fees,operating,0.0,0.0
commit:5,23,commit_fees,operating,0.0,0.0
commit:5,24,commit_fees,operating,0.0,0.0
commit:5,25,commit_fees,operating,0.0,0.0
commit:5,26,commit_fees,operating,0.0,0.0
commit:5,27,commit_fees,operating,0.0,0.0
commit:5,28,commit_fees,operating,0.0,0.0
commit:5,29,commit_fees,operating,0.0,0.0
commit:5,30,commit_fees,operating,0.0,0.0
commit:5,31,commit_fees,operating,0.0,0.0
commit:5,32,commit_fees,operating,0.0,0.0
commit:5,33,commit_fees,operating,0.0,0.0
commit:5,34,commit_fees,operating,0.0,0.0
commit:5,35,commit_fees,operating,0.0,0.0
commit:5,36,commit_fees,operating,0.0,0.0
commit:6,0,on_demand,capital,0.0,0.0
commit:6,1,on_demand,operating,32473.6,32216.699513920204
commit:6,2,on_demand,operating,31923.199999999997,31420.105426485225
commit:6,3,on_demand,operating,33574.4,32783.86018842832
commit:6,4,on_demand,operating,33849.6,32791.099521504606
commit:6,5,on_demand,operating,31097.6,29886.834654465638
commit:6,6,on_demand,operating,34950.4,33323.89887916915
commit:6,7,on_demand,operating,34124.799999999996,32279.320332209376
commit:6,8,on_demand,operating,35776.0,33573.503100515445
commit:6,9,on_demand,operating,35225.6,32795.47196928457
commit:6,10,on_demand,operating,36876.799999999996,34061.15131409604
commit:6,11,on_demand,operating,37427.2,34296.04522605515
commit:6,12,on_demand,operating,36601.6,33274.181818181816
commit:6,13,on_demand,operating,38252.799999999996,34500.16357808095
commit:6,14,on_demand,operating,37702.4,33734.752691445734
commit:6,15,on_demand,operating,39353.6,34933.621512259684
commit:6,16,on_demand,operating,39904.0,35141.97657515275
commit:6,17,on_demand,operating,37702.4,32940.43722978111
commit:6,18,on_demand,operating,40729.6,35303.772613579335
commit:6,19,on_demand,operating,39628.799999999996,34077.87483752309
commit:6,20,on_demand,operating,40729.6,34747.401810323674
commit:6,21,on_demand,operating,39628.799999999996,33540.82360495012
commit:6,22,on_demand,operating,40729.6,34199.799148481776
commit:6,23,on_demand,operating,40729.6,33929.24260331658
commit:6,24,on_demand,operating,39628.799999999996,32751.074380165282
commit:6,25,on_demand,operating,40729.6,33394.533744643435
commit:6,26,on_demand,operating,39628.799999999996,32234.932896935537
commit:6,27,on_demand,operating,40729.6,32868.25164535557
commit:6,28,on_demand,operating,40729.6,32608.229047790635
commit:6,29,on_demand,operating,36876.799999999996,29290.10344253927
commit:6,30,on_demand,operating,40729.6,32094.338739617575
commit:6,31,on_demand,operating,39628.799999999996,30979.886215930084
commit:6,32,on_demand,operating,40729.6,31588.547100294247
commit:6,33,on_demand,operating,39628.799999999996,30491.657822681926
commit:6,34,on_demand,operating,40729.6,31090.726498619795
commit:6,35,on_demand,operating,40729.6,30844.766003015076
commit:6,36,on_demand,operating,39628.799999999996,29773.703981968432
commit:6,0,variable_service,capital,0.0,0.0
commit:6,1,variable_service,operating,0.0,0.0
commit:6,2,variable_service,operating,0.0,0.0
commit:6,3,variable_service,operating,0.0,0.0
commit:6,4,variable_service,operating,0.0,0.0
commit:6,5,variable_service,operating,0.0,0.0
commit:6,6,variable_service,operating,0.0,0.0
commit:6,7,variable_service,operating,0.0,0.0
commit:6,8,variable_service,operating,0.0,0.0
commit:6,9,variable_service,operating,0.0,0.0
commit:6,10,variable_service,operating,0.0,0.0
commit:6,11,variable_service,operating,0.0,0.0
commit:6,12,variable_service,operating,0.0,0.0
commit:6,13,variable_service,operating,0.0,0.0
commit:6,14,variable_service,operating,0.0,0.0
commit:6,15,variable_service,operating,0.0,0.0
commit:6,16,variable_service,operating,0.0,0.0
commit:6,17,variable_service,operating,0.0,0.0
commit:6,18,variable_service,operating,0.0,0.0
commit:6,19,variable_service,operating,0.0,0.0
commit:6,20,variable_service,operating,0.0,0.0
commit:6,21,variable_service,operating,0.0,0.0
commit:6,22,variable_service,operating,0.0,0.0
commit:6,23,variable_service,operating,0.0,0.0
commit:6,24,variable_service,operating,0.0,0.0
commit:6,25,variable_service,operating,0.0,0.0
commit:6,26,variable_service,operating,0.0,0.0
commit:6,27,variable_service,operating,0.0,0.0
commit:6,28,variable_service,operating,0.0,0.0
commit:6,29,variable_service,operating,0.0,0.0
commit:6,30,variable_service,operating,0.0,0.0
commit:6,31,variable_service,operating,0.0,0.0
commit:6,32,variable_service,operating,0.0,0.0
commit:6,33,variable_service,operating,0.0,0.0
commit:6,34,variable_service,operating,0.0,0.0
commit:6,35,variable_service,operating,0.0,0.0
commit:6,36,variable_service,operating,0.0,0.0
commit:6,0,commitment,capital,0.0,0.0
commit:6,1,commitment,operating,178560.0,177147.4017418947
commit:6,2,commitment,operating,172800.0,170076.7535114477
commit:6,3,commitment,operating,178560.0,174355.642252602
commit:6,4,commitment,operating,178560.0,172976.30490640545
commit:6,5,commitment,operating,161280.0,155000.66542344805
commit:6,6,commitment,operating,178560.0,170250.27993569296
commit:6,7,commitment,operating,172800.0,163454.92291253814
commit:6,8,commitment,operating,178560.0,167567.21583262627
commit:6,9,commitment,operating,172800.0,160878.95043072008
commit:6,10,commitment,operating,178560.0,164926.4355541964
commit:6,11,commitment,operating,178560.0,163621.69319544095
commit:6,12,commitment,operating,172800.0,157090.9090909091
commit:6,13,commitment,operating,178560.0,161043.09249263155
commit:6,14,commitment,operating,172800.0,154615.23046495244
commit:6,15,commitment,operating,178560.0,158505.12932054728
commit:6,16,commitment,operating,178560.0,157251.18627855042
commit:6,17,commitment,operating,167040.0,145942.18497662316
commit:6,18,commitment,operating,178560.0,154772.98175972086
commit:6,19,commitment,operating,172800.0,148595.38446594376
commit:6,20,commitment,operating,178560.0,152333.8325751148
commit:6,21,commitment,operating,172800.0,146253.59130065463
commit:6,22,commitment,operating,178560.0,149933.1232310876
commit:6,23,commitment,operating,178560.0,148746.9938140372
commit:6,24,commitment,operating,172800.0,142809.91735537187
commit:6,25,commitment,operating,178560.0,146402.81135693775
commit:6,26,commitment,operating,172800.0,140559.30042268403
commit:6,27,commitment,operating,178560.0,144095.5721095884
commit:6,28,commitment,operating,178560.0,142955.62388959125
commit:6,29,commitment,operating,161280.0,128099.72349045292
commit:6,30,commitment,operating,178560.0,140702.7106906553
commit:6,31,commitment,operating,172800.0,135086.71315085795
commit:6,32,commitment,operating,178560.0,138485.30234101345
commit:6,33,commitment,operating,172800.0,132957.81027332236
commit:6,34,commitment,operating,178560.0,136302.83930098874
commit:6,35,commitment,operating,178560.0,135224.5398309429
commit:6,36,commitment,operating,172800.0,129827.1975957926
commit:6,0,commit_setup,capital,0.0,0.0
commit:6,1,commit_setup,operating,0.0,0.0
commit:6,2,commit_setup,operating,0.0,0.0
commit:6,3,commit_setup,operating,0.0,0.0
commit:6,4,commit_setup,operating,0.0,0.0
commit:6,5,commit_setup,operating,0.0,0.0
commit:6,6,commit_setup,operating,0.0,0.0
commit:6,7,commit_setup,operating,0.0,0.0
commit:6,8,commit_setup,operating,0.0,0.0
commit:6,9,commit_setup,operating,0.0,0.0
commit:6,10,commit_setup,operating,0.0,0.0
commit:6,11,commit_setup,operating,0.0,0.0
commit:6,12,commit_setup,operating,0.0,0.0
commit:6,13,commit_setup,operating,0.0,0.0
commit:6,14,commit_setup,operating,0.0,0.0
commit:6,15,commit_setup,operating,0.0,0.0
commit:6,16,commit_setup,operating,0.0,0.0
commit:6,17,commit_setup,operating,0.0,0.0
commit:6,18,commit_setup,operating,0.0,0.0
commit:6,19,commit_setup,operating,0.0,0.0
commit:6,20,commit_setup,operating,0.0,0.0
commit:6,21,commit_setup,operating,0.0,0.0
commit:6,22,commit_setup,operating,0.0,0.0
commit:6,23,commit_setup,operating,0.0,0.0
commit:6,24,commit_setup,operating,0.0,0.0
commit:6,25,commit_setup,operating,0.0,0.0
commit:6,26,commit_setup,operating,0.0,0.0
commit:6,27,commit_setup,operating,0.0,0.0
commit:6,28,commit_setup,operating,0.0,0.0
commit:6,29,commit_setup,operating,0.0,0.0
commit:6,30,commit_setup,operating,0.0,0.0
commit:6,31,commit_setup,operating,0.0,0.0
commit:6,32,commit_setup,operating,0.0,0.0
commit:6,33,commit_setup,operating,0.0,0.0
commit:6,34,commit_setup,operating,0.0,0.0
commit:6,35,commit_setup,operating,0.0,0.0
commit:6,36,commit_setup,operating,0.0,0.0
commit:6,0,commit_fees,capital,0.0,0.0
commit:6,1,commit_fees,operating,0.0,0.0
commit:6,2,commit_fees,operating,0.0,0.0
commit:6,3,commit_fees,operating,0.0,0.0
commit:6,4,commit_fees,operating,0.0,0.0
commit:6,5,commit_fees,operating,0.0,0.0
commit:6,6,commit_fees,operating,0.0,0.0
commit:6,7,commit_fees,operating,0.0,0.0
commit:6,8,commit_fees,operating,0.0,0.0
commit:6,9,commit_fees,operating,0.0,0.0
commit:6,10,commit_fees,operating,0.0,0.0
commit:6,11,commit_fees,operating,0.0,0.0
commit:6,12,commit_fees,operating,0.0,0.0
commit:6,13,commit_fees,operating,0.0,0.0
commit:6,14,commit_fees,operating,0.0,0.0
commit:6,15,commit_fees,operating,0.0,0.0
commit:6,16,commit_fees,operating,0.0,0.0
commit:6,17,commit_fees,operating,0.0,0.0
commit:6,18,commit_fees,operating,0.0,0.0
commit:6,19,commit_fees,operating,0.0,0.0
commit:6,20,commit_fees,operating,0.0,0.0
commit:6,21,commit_fees,operating,0.0,0.0
commit:6,22,commit_fees,operating,0.0,0.0
commit:6,23,commit_fees,operating,0.0,0.0
commit:6,24,commit_fees,operating,0.0,0.0
commit:6,25,commit_fees,operating,0.0,0.0
commit:6,26,commit_fees,operating,0.0,0.0
commit:6,27,commit_fees,operating,0.0,0.0
commit:6,28,commit_fees,operating,0.0,0.0
commit:6,29,commit_fees,operating,0.0,0.0
commit:6,30,commit_fees,operating,0.0,0.0
commit:6,31,commit_fees,operating,0.0,0.0
commit:6,32,commit_fees,operating,0.0,0.0
commit:6,33,commit_fees,operating,0.0,0.0
commit:6,34,commit_fees,operating,0.0,0.0
commit:6,35,commit_fees,operating,0.0,0.0
commit:6,36,commit_fees,operating,0.0,0.0
commit:7,0,on_demand,capital,0.0,0.0
commit:7,1,on_demand,operating,22291.2,22114.853056165564
commit:7,2,on_demand,operating,22084.8,21736.753969615856
commit:7,3,on_demand,operating,23116.8,22572.493900229336
commit:7,4,on_demand,operating,23736.0,22993.758810811156
commit:7,5,on_demand,operating,21878.399999999998,21026.578363097506
commit:7,6,on_demand,operating,24561.6,23418.566732014537
commit:7,7,on_demand,operating,24355.2,23038.06330161718
commit:7,8,on_demand,operating,25593.6,24017.967602676432
commit:7,9,on_demand,operating,25180.8,23443.638165543267
commit:7,10,on_demand,operating,26625.6,24592.65962417009
commit:7,11,on_demand,operating,27038.399999999998,24776.370907793516
commit:7,12,on_demand,operating,26625.6,24205.090909090908
commit:7,13,on_demand,operating,28070.399999999998,25316.66679830401
commit:7,14,on_demand,operating,27657.6,24747.02660941822
commit:7,15,on_demand,operating,29102.399999999998,25833.779544905323
commit:7,16,on_demand,operating,29515.199999999997,25992.944742656084
commit:7,17,on_demand,operating,28070.399999999998,24524.997061588856
commit:7,18,on_demand,operating,30547.199999999997,26477.8294601845
commit:7,19,on_demand,operating,29996.8,25795.058036736234
commit:7,20,on_demand,operating,31648.0,26999.67032558934
commit:7,21,on_demand,operating,31097.6,26320.22963444003
commit:7,22,on_demand,operating,32748.8,27498.487153171158
commit:7,23,on_demand,operating,33299.2,27739.448344603425
commit:7,24,on_demand,operating,32748.8,27065.123966942145
commit:7,25,on_demand,operating,34124.799999999996,27979.203948214763
commit:7,26,on_demand,operating,33574.4,27310.151482125944
commit:7,27,on_demand,operating,35225.6,28426.59601760482
commit:7,28,on_demand,operating,35776.0,28642.363352789074
commit:7,29,on_demand,operating,32748.8,26011.36051986697
commit:7,30,on_demand,operating,36876.799999999996,29058.387777761858
commit:7,31,on_demand,operating,36326.4,28398.22903126925
commit:7,32,on_demand,operating,37977.6,29454.185809733826
commit:7,33,on_demand,operating,37152.0,28585.929208764308
commit:7,34,on_demand,operating,39078.4,29830.291640567644
commit:7,35,on_demand,operating,39628.799999999996,30011.123678609263
commit:7,36,on_demand,operating,38803.2,29153.418482344092
commit:7,0,variable_service,capital,0.0,0.0
commit:7,1,variable_service,operating,0.0,0.0
commit:7,2,variable_service,operating,0.0,0.0
commit:7,3,variable_service,operating,0.0,0.0
commit:7,4,variable_service,operating,0.0,0.0
commit:7,5,variable_service,operating,0.0,0.0
commit:7,6,variable_service,operating,0.0,0.0
commit:7,7,variable_service,operating,0.0,0.0
commit:7,8,variable_service,operating,0.0,0.0
commit:7,9,variable_service,operating,0.0,0.0
commit:7,10,variable_service,operating,0.0,0.0
commit:7,11,variable_service,operating,0.0,0.0
commit:7,12,variable_service,operating,0.0,0.0
commit:7,13,variable_service,operating,0.0,0.0
commit:7,14,variable_service,operating,0.0,0.0
commit:7,15,variable_service,operating,0.0,0.0
commit:7,16,variable_service,operating,0.0,0.0
commit:7,17,variable_service,operating,0.0,0.0
commit:7,18,variable_service,operating,0.0,0.0
commit:7,19,variable_service,operating,0.0,0.0
commit:7,20,variable_service,operating,0.0,0.0
commit:7,21,variable_service,operating,0.0,0.0
commit:7,22,variable_service,operating,0.0,0.0
commit:7,23,variable_service,operating,0.0,0.0
commit:7,24,variable_service,operating,0.0,0.0
commit:7,25,variable_service,operating,0.0,0.0
commit:7,26,variable_service,operating,0.0,0.0
commit:7,27,variable_service,operating,0.0,0.0
commit:7,28,variable_service,operating,0.0,0.0
commit:7,29,variable_service,operating,0.0,0.0
commit:7,30,variable_service,operating,0.0,0.0
commit:7,31,variable_service,operating,0.0,0.0
commit:7,32,variable_service,operating,0.0,0.0
commit:7,33,variable_service,operating,0.0,0.0
commit:7,34,variable_service,operating,0.0,0.0
commit:7,35,variable_service,operating,0.0,0.0
commit:7,36,variable_service,operating,0.0,0.0
commit:7,0,commitment,capital,0.0,0.0
commit:7,1,commitment,operating,208320.0,206671.96869887714
commit:7,2,commitment,operating,201600.0,198422.879096689
commit:7,3,commitment,operating,208320.0,203414.915961369
commit:7,4,commitment,operating,208320.0,201805.68905747304
commit:7,5,commitment,operating,188160.0,180834.1096606894
commit:7,6,commitment,operating,208320.0,198625.3265916418
commit:7,7,commitment,operating,201600.0,190697.41006462782
commit:7,8,commitment,operating,208320.0,195495.085138064
commit:7,9,commitment,operating,201600.0,187692.1088358401
commit:7,10,commitment,operating,208320.0,192414.17481322912
commit:7,11,commitment,operating,208320.0,190891.9753946811
commit:7,12,commitment,operating,201600.0,183272.72727272726
commit:7,13,commitment,operating,208320.0,187883.60790807015
commit:7,14,commitment,operating,201600.0,180384.4355424445
commit:7,15,commitment,operating,208320.0,184922.6508739718
commit:7,16,commitment,operating,208320.0,183459.71732497547
commit:7,17,commitment,operating,194880.0,170265.882472727
commit:7,18,commitment,operating,208320.0,180568.4787196743
commit:7,19,commitment,operating,201600.0,173361.28187693437
commit:7,20,commitment,operating,208320.0,177722.80467096725
commit:7,21,commitment,operating,201600.0,170629.18985076374
commit:7,22,commitment,operating,208320.0,174921.97710293555
commit:7,23,commitment,operating,208320.0,173538.15944971007
commit:7,24,commitment,operating,201600.0,166611.57024793388
commit:7,25,commitment,operating,208320.0,170803.27991642736
commit:7,26,commitment,operating,201600.0,163985.85049313138
commit:7,27,commitment,operating,208320.0,168111.50079451982
commit:7,28,commitment,operating,208320.0,166781.56120452314
commit:7,29,commitment,operating,188160.0,149449.6774055284
commit:7,30,commitment,operating,208320.0,164153.1624724312
commit:7,31,commitment,operating,201600.0,157601.1653426676
commit:7,32,commitment,operating,208320.0,161566.18606451567
commit:7,33,commitment,operating,201600.0,155117.4453188761
commit:7,34,commitment,operating,208320.0,159019.97918448687
commit:7,35,commitment,operating,208320.0,157761.96313610006
commit:7,36,commitment,operating,201600.0,151465.06386175804
commit:7,0,commit_setup,capital,0.0,0.0
commit:7,1,commit_setup,operating,0.0,0.0
commit:7,2,commit_setup,operating,0.0,0.0
commit:7,3,commit_setup,operating,0.0,0.0
commit:7,4,commit_setup,operating,0.0,0.0
commit:7,5,commit_setup,operating,0.0,0.0
commit:7,6,commit_setup,operating,0.0,0.0
commit:7,7,commit_setup,operating,0.0,0.0
commit:7,8,commit_setup,operating,0.0,0.0
commit:7,9,commit_setup,operating,0.0,0.0
commit:7,10,commit_setup,operating,0.0,0.0
commit:7,11,commit_setup,operating,0.0,0.0
commit:7,12,commit_setup,operating,0.0,0.0
commit:7,13,commit_setup,operating,0.0,0.0
commit:7,14,commit_setup,operating,0.0,0.0
commit:7,15,commit_setup,operating,0.0,0.0
commit:7,16,commit_setup,operating,0.0,0.0
commit:7,17,commit_setup,operating,0.0,0.0
commit:7,18,commit_setup,operating,0.0,0.0
commit:7,19,commit_setup,operating,0.0,0.0
commit:7,20,commit_setup,operating,0.0,0.0
commit:7,21,commit_setup,operating,0.0,0.0
commit:7,22,commit_setup,operating,0.0,0.0
commit:7,23,commit_setup,operating,0.0,0.0
commit:7,24,commit_setup,operating,0.0,0.0
commit:7,25,commit_setup,operating,0.0,0.0
commit:7,26,commit_setup,operating,0.0,0.0
commit:7,27,commit_setup,operating,0.0,0.0
commit:7,28,commit_setup,operating,0.0,0.0
commit:7,29,commit_setup,operating,0.0,0.0
commit:7,30,commit_setup,operating,0.0,0.0
commit:7,31,commit_setup,operating,0.0,0.0
commit:7,32,commit_setup,operating,0.0,0.0
commit:7,33,commit_setup,operating,0.0,0.0
commit:7,34,commit_setup,operating,0.0,0.0
commit:7,35,commit_setup,operating,0.0,0.0
commit:7,36,commit_setup,operating,0.0,0.0
commit:7,0,commit_fees,capital,0.0,0.0
commit:7,1,commit_fees,operating,0.0,0.0
commit:7,2,commit_fees,operating,0.0,0.0
commit:7,3,commit_fees,operating,0.0,0.0
commit:7,4,commit_fees,operating,0.0,0.0
commit:7,5,commit_fees,operating,0.0,0.0
commit:7,6,commit_fees,operating,0.0,0.0
commit:7,7,commit_fees,operating,0.0,0.0
commit:7,8,commit_fees,operating,0.0,0.0
commit:7,9,commit_fees,operating,0.0,0.0
commit:7,10,commit_fees,operating,0.0,0.0
commit:7,11,commit_fees,operating,0.0,0.0
commit:7,12,commit_fees,operating,0.0,0.0
commit:7,13,commit_fees,operating,0.0,0.0
commit:7,14,commit_fees,operating,0.0,0.0
commit:7,15,commit_fees,operating,0.0,0.0
commit:7,16,commit_fees,operating,0.0,0.0
commit:7,17,commit_fees,operating,0.0,0.0
commit:7,18,commit_fees,operating,0.0,0.0
commit:7,19,commit_fees,operating,0.0,0.0
commit:7,20,commit_fees,operating,0.0,0.0
commit:7,21,commit_fees,operating,0.0,0.0
commit:7,22,commit_fees,operating,0.0,0.0
commit:7,23,commit_fees,operating,0.0,0.0
commit:7,24,commit_fees,operating,0.0,0.0
commit:7,25,commit_fees,operating,0.0,0.0
commit:7,26,commit_fees,operating,0.0,0.0
commit:7,27,commit_fees,operating,0.0,0.0
commit:7,28,commit_fees,operating,0.0,0.0
commit:7,29,commit_fees,operating,0.0,0.0
commit:7,30,commit_fees,operating,0.0,0.0
commit:7,31,commit_fees,operating,0.0,0.0
commit:7,32,commit_fees,operating,0.0,0.0
commit:7,33,commit_fees,operating,0.0,0.0
commit:7,34,commit_fees,operating,0.0,0.0
commit:7,35,commit_fees,operating,0.0,0.0
commit:7,36,commit_fees,operating,0.0,0.0
commit:8,0,on_demand,capital,0.0,0.0
commit:8,1,on_demand,operating,11971.199999999999,11876.495159792617
commit:8,2,on_demand,operating,12108.8,11917.971023839224
commit:8,3,on_demand,operating,12934.4,12629.84777750927
commit:8,4,on_demand,operating,13347.199999999999,12929.823795064822
commit:8,5,on_demand,operating,12521.6,12034.079440514926
commit:8,6,on_demand,operating,14310.4,13644.431037140122
commit:8,7,on_demand,operating,14310.4,13536.489171571675
commit:8,8,on_demand,operating,15273.599999999999,14333.303246758516
commit:8,9,on_demand,operating,15273.599999999999,14219.91167418198
commit:8,10,on_demand,operating,16236.8,14997.074086057213
commit:8,11,on_demand,operating,16787.2,15382.784991098266
commit:8,12,on_demand,operating,16787.2,15261.09090909091
commit:8,13,on_demand,operating,17750.399999999998,16009.068710692241
commit:8,14,on_demand,operating,17750.399999999998,15882.420062760946
commit:8,15,on_demand,operating,18713.6,16611.79204778782
commit:8,16,on_demand,operating,19264.0,16965.092139728917
commit:8,17,on_demand,operating,18438.399999999998,16109.5568933966
commit:8,18,on_demand,operating,20227.2,17532.616804716767
commit:8,19,on_demand,operating,20227.2,17393.915281652415
commit:8,20,on_demand,operating,21259.2,18136.73506653719
commit:8,21,on_demand,operating,21259.2,17993.254329738873
commit:8,22,on_demand,operating,22291.2,18717.45764207449
commit:8,23,on_demand,operating,22910.399999999998,19085.19896436558
commit:8,24,on_demand,operating,22704.0,18763.63636363636
commit:8,25,on_demand,operating,23942.399999999998,19630.57051205391
commit:8,26,on_demand,operating,23736.0,19307.38168306035
commit:8,27,on_demand,operating,24974.399999999998,20154.012410919044
commit:8,28,on_demand,operating,25593.6,20490.30609084141
commit:8,29,on_demand,operating,23529.6,18688.834659232147
commit:8,30,on_demand,operating,26625.6,20980.589682824328
commit:8,31,on_demand,operating,26212.8,20491.90390324542
commit:8,32,on_demand,operating,27657.6,21450.330970132243
commit:8,33,on_demand,operating,27244.8,20963.014753093827
commit:8,34,on_demand,operating,28896.0,22057.610015912695
commit:8,35,on_demand,operating,29308.8,22195.72688730477
commit:8,36,on_demand,operating,28896.0,21709.992486851985
commit:8,0,variable_service,capital,0.0,0.0
commit:8,1,variable_service,operating,0.0,0.0
commit:8,2,variable_service,operating,0.0,0.0
commit:8,3,variable_service,operating,0.0,0.0
commit:8,4,variable_service,operating,0.0,0.0
commit:8,5,variable_service,operating,0.0,0.0
commit:8,6,variable_service,operating,0.0,0.0
commit:8,7,variable_service,operating,0.0,0.0
commit:8,8,variable_service,operating,0.0,0.0
commit:8,9,variable_service,operating,0.0,0.0
commit:8,10,variable_service,operating,0.0,0.0
commit:8,11,variable_service,operating,0.0,0.0
commit:8,12,variable_service,operating,0.0,0.0
commit:8,13,variable_service,operating,0.0,0.0
commit:8,14,variable_service,operating,0.0,0.0
commit:8,15,variable_service,operating,0.0,0.0
commit:8,16,variable_service,operating,0.0,0.0
commit:8,17,variable_service,operating,0.0,0.0
commit:8,18,variable_service,operating,0.0,0.0
commit:8,19,variable_service,operating,0.0,0.0
commit:8,20,variable_service,operating,0.0,0.0
commit:8,21,variable_service,operating,0.0,0.0
commit:8,22,variable_service,operating,0.0,0.0
commit:8,23,variable_service,operating,0.0,0.0
commit:8,24,variable_service,operating,0.0,0.0
commit:8,25,variable_service,operating,0.0,0.0
commit:8,26,variable_service,operating,0.0,0.0
commit:8,27,variable_service,operating,0.0,0.0
commit:8,28,variable_service,operating,0.0,0.0
commit:8,29,variable_service,operating,0.0,0.0
commit:8,30,variable_service,operating,0.0,0.0
commit:8,31,variable_service,operating,0.0,0.0
commit:8,32,variable_service,operating,0.0,0.0
commit:8,33,variable_service,operating,0.0,0.0
commit:8,34,variable_service,operating,0.0,0.0
commit:8,35,variable_service,operating,0.0,0.0
commit:8,36,variable_service,operating,0.0,0.0
commit:8,0,commitment,capital,0.0,0.0
commit:8,1,commitment,operating,238080.0,236196.5356558596
commit:8,2,commitment,operating,230400.0,226769.00468193027
commit:8,3,commitment,operating,238080.0,232474.18967013602
commit:8,4,commitment,operating,238080.0,230635.07320854062
commit:8,5,commitment,operating,215040.0,206667.55389793075
commit:8,6,commitment,operating,238080.0,227000.3732475906
commit:8,7,commitment,operating,230400.0,217939.8972167175
commit:8,8,commitment,operating,238080.0,223422.95444350172
commit:8,9,commitment,operating,230400.0,214505.26724096012
commit:8,10,commitment,operating,238080.0,219901.91407226186
commit:8,11,commitment,operating,238080.0,218162.25759392127
commit:8,12,commitment,operating,230400.0,209454.54545454544
commit:8,13,commitment,operating,238080.0,214724.1233235087
commit:8,14,commitment,operating,230400.0,206153.64061993657
commit:8,15,commitment,operating,238080.0,211340.17242739638
commit:8,16,commitment,operating,238080.0,209668.24837140055
commit:8,17,commitment,operating,222720.0,194589.57996883086
commit:8,18,commitment,operating,238080.0,206363.9756796278
commit:8,19,commitment,operating,230400.0,198127.179287925
commit:8,20,commitment,operating,238080.0,203111.7767668197
commit:8,21,commitment,operating,230400.0,195004.78840087284
commit:8,22,commitment,operating,238080.0,199910.8309747835
commit:8,23,commitment,operating,238080.0,198329.32508538294
commit:8,24,commitment,operating,230400.0,190413.22314049586
commit:8,25,commitment,operating,238080.0,195203.74847591697
commit:8,26,commitment,operating,230400.0,187412.4005635787
commit:8,27,commitment,operating,238080.0,192127.4294794512
commit:8,28,commitment,operating,238080.0,190607.498519455
commit:8,29,commitment,operating,215040.0,170799.6313206039
commit:8,30,commitment,operating,238080.0,187603.6142542071
commit:8,31,commitment,operating,230400.0,180115.61753447726
commit:8,32,commitment,operating,238080.0,184647.06978801792
commit:8,33,commitment,operating,230400.0,177277.08036442983
commit:8,34,commitment,operating,238080.0,181737.11906798498
commit:8,35,commitment,operating,238080.0,180299.38644125723
commit:8,36,commitment,operating,230400.0,173102.93012772346
commit:8,0,commit_setup,capital,0.0,0.0
commit:8,1,commit_setup,operating,0.0,0.0
commit:8,2,commit_setup,operating,0.0,0.0
commit:8,3,commit_setup,operating,0.0,0.0
commit:8,4,commit_setup,operating,0.0,0.0
commit:8,5,commit_setup,operating,0.0,0.0
commit:8,6,commit_setup,operating,0.0,0.0
commit:8,7,commit_setup,operating,0.0,0.0
commit:8,8,commit_setup,operating,0.0,0.0
commit:8,9,commit_setup,operating,0.0,0.0
commit:8,10,commit_setup,operating,0.0,0.0
commit:8,11,commit_setup,operating,0.0,0.0
commit:8,12,commit_setup,operating,0.0,0.0
commit:8,13,commit_setup,operating,0.0,0.0
commit:8,14,commit_setup,operating,0.0,0.0
commit:8,15,commit_setup,operating,0.0,0.0
commit:8,16,commit_setup,operating,0.0,0.0
commit:8,17,commit_setup,operating,0.0,0.0
commit:8,18,commit_setup,operating,0.0,0.0
commit:8,19,commit_setup,operating,0.0,0.0
commit:8,20,commit_setup,operating,0.0,0.0
commit:8,21,commit_setup,operating,0.0,0.0
commit:8,22,commit_setup,operating,0.0,0.0
commit:8,23,commit_setup,operating,0.0,0.0
commit:8,24,commit_setup,operating,0.0,0.0
commit:8,25,commit_setup,operating,0.0,0.0
commit:8,26,commit_setup,operating,0.0,0.0
commit:8,27,commit_setup,operating,0.0,0.0
commit:8,28,commit_setup,operating,0.0,0.0
commit:8,29,commit_setup,operating,0.0,0.0
commit:8,30,commit_setup,operating,0.0,0.0
commit:8,31,commit_setup,operating,0.0,0.0
commit:8,32,commit_setup,operating,0.0,0.0
commit:8,33,commit_setup,operating,0.0,0.0
commit:8,34,commit_setup,operating,0.0,0.0
commit:8,35,commit_setup,operating,0.0,0.0
commit:8,36,commit_setup,operating,0.0,0.0
commit:8,0,commit_fees,capital,0.0,0.0
commit:8,1,commit_fees,operating,0.0,0.0
commit:8,2,commit_fees,operating,0.0,0.0
commit:8,3,commit_fees,operating,0.0,0.0
commit:8,4,commit_fees,operating,0.0,0.0
commit:8,5,commit_fees,operating,0.0,0.0
commit:8,6,commit_fees,operating,0.0,0.0
commit:8,7,commit_fees,operating,0.0,0.0
commit:8,8,commit_fees,operating,0.0,0.0
commit:8,9,commit_fees,operating,0.0,0.0
commit:8,10,commit_fees,operating,0.0,0.0
commit:8,11,commit_fees,operating,0.0,0.0
commit:8,12,commit_fees,operating,0.0,0.0
commit:8,13,commit_fees,operating,0.0,0.0
commit:8,14,commit_fees,operating,0.0,0.0
commit:8,15,commit_fees,operating,0.0,0.0
commit:8,16,commit_fees,operating,0.0,0.0
commit:8,17,commit_fees,operating,0.0,0.0
commit:8,18,commit_fees,operating,0.0,0.0
commit:8,19,commit_fees,operating,0.0,0.0
commit:8,20,commit_fees,operating,0.0,0.0
commit:8,21,commit_fees,operating,0.0,0.0
commit:8,22,commit_fees,operating,0.0,0.0
commit:8,23,commit_fees,operating,0.0,0.0
commit:8,24,commit_fees,operating,0.0,0.0
commit:8,25,commit_fees,operating,0.0,0.0
commit:8,26,commit_fees,operating,0.0,0.0
commit:8,27,commit_fees,operating,0.0,0.0
commit:8,28,commit_fees,operating,0.0,0.0
commit:8,29,commit_fees,operating,0.0,0.0
commit:8,30,commit_fees,operating,0.0,0.0
commit:8,31,commit_fees,operating,0.0,0.0
commit:8,32,commit_fees,operating,0.0,0.0
commit:8,33,commit_fees,operating,0.0,0.0
commit:8,34,commit_fees,operating,0.0,0.0
commit:8,35,commit_fees,operating,0.0,0.0
commit:8,36,commit_fees,operating,0.0,0.0
commit:9,0,on_demand,capital,0.0,0.0
commit:9,1,on_demand,operating,1720.0,1706.3929827288243
commit:9,2,on_demand,operating,2132.7999999999997,2099.18807806259
commit:9,3,on_demand,operating,2683.2,2620.021613419476
commit:9,4,on_demand,operating,3096.0,2999.1859318449333
commit:9,5,on_demand,operating,3233.6,3107.7018335395687
commit:9,6,on_demand,operating,4059.2,3870.295342265708
commit:9,7,on_demand,operating,4403.2,4165.0735912528235
commit:9,8,on_demand,operating,5022.4,4713.203319880053
commit:9,9,on_demand,operating,5366.4,4996.185182820696
commit:9,10,on_demand,operating,6054.4,5592.129320224723
commit:9,11,on_demand,operating,6536.0,5989.199074403014
commit:9,12,on_demand,operating,6811.2,6192.0
commit:9,13,on_demand,operating,7499.2,6763.521276997885
commit:9,14,on_demand,operating,7774.4,6956.253748418554
commit:9,15,on_demand,operating,8531.199999999999,7573.022845315036
commit:9,16,on_demand,operating,9012.8,7937.239536801741
commit:9,17,on_demand,operating,8875.199999999999,7754.227012120005
commit:9,18,on_demand,operating,10044.8,8706.673651321931
commit:9,19,on_demand,operating,10182.4,8756.120617974686
commit:9,20,on_demand,operating,11008.0,9391.189678465858
commit:9,21,on_demand,operating,11283.199999999999,9549.817831964965
commit:9,22,on_demand,operating,12108.8,10167.507854954041
commit:9,23,on_demand,operating,12659.199999999999,10545.575403733534
commit:9,24,on_demand,operating,12796.8,10575.867768595039
commit:9,25,on_demand,operating,13622.4,11169.11770513412
commit:9,26,on_demand,operating,13760.0,11192.685033658174
commit:9,27,on_demand,operating,14723.199999999999,11881.428804233265
commit:9,28,on_demand,operating,15273.599999999999,12228.085892921488
commit:9,29,on_demand,operating,14310.4,11366.30879859733
commit:9,30,on_demand,operating,16374.4,12902.791587886795
commit:9,31,on_demand,operating,16374.4,12800.716873943335
commit:9,32,on_demand,operating,17475.2,13553.19419505868
commit:9,33,on_demand,operating,17337.6,13340.100297423343
commit:9,34,on_demand,operating,18576.0,14179.892153086732
commit:9,35,on_demand,operating,19126.399999999998,14484.535386550999
commit:9,36,on_demand,operating,18988.8,14266.566491359876
commit:9,0,variable_service,capital,0.0,0.0
commit:9,1,variable_service,operating,0.0,0.0
commit:9,2,variable_service,operating,0.0,0.0
commit:9,3,variable_service,operating,0.0,0.0
commit:9,4,variable_service,operating,0.0,0.0
commit:9,5,variable_service,operating,0.0,0.0
commit:9,6,variable_service,operating,0.0,0.0
commit:9,7,variable_service,operating,0.0,0.0
commit:9,8,variable_service,operating,0.0,0.0
commit:9,9,variable_service,operating,0.0,0.0
commit:9,10,variable_service,operating,0.0,0.0
commit:9,11,variable_service,operating,0.0,0.0
commit:9,12,variable_service,operating,0.0,0.0
commit:9,13,variable_service,operating,0.0,0.0
commit:9,14,variable_service,operating,0.0,0.0
commit:9,15,variable_service,operating,0.0,0.0
commit:9,16,variable_service,operating,0.0,0.0
commit:9,17,variable_service,operating,0.0,0.0
commit:9,18,variable_service,operating,0.0,0.0
commit:9,19,variable_service,operating,0.0,0.0
commit:9,20,variable_service,operating,0.0,0.0
commit:9,21,variable_service,operating,0.0,0.0
commit:9,22,variable_service,operating,0.0,0.0
commit:9,23,variable_service,operating,0.0,0.0
commit:9,24,variable_service,operating,0.0,0.0
commit:9,25,variable_service,operating,0.0,0.0
commit:9,26,variable_service,operating,0.0,0.0
commit:9,27,variable_service,operating,0.0,0.0
commit:9,28,variable_service,operating,0.0,0.0
commit:9,29,variable_service,operating,0.0,0.0
commit:9,30,variable_service,operating,0.0,0.0
commit:9,31,variable_service,operating,0.0,0.0
commit:9,32,variable_service,operating,0.0,0.0
commit:9,33,variable_service,operating,0.0,0.0
commit:9,34,variable_service,operating,0.0,0.0
commit:9,35,variable_service,operating,0.0,0.0
commit:9,36,variable_service,operating,0.0,0.0
commit:9,0,commitment,capital,0.0,0.0
commit:9,1,commitment,operating,267840.0,265721.10261284205
commit:9,2,commitment,operating,259200.0,255115.13026717157
commit:9,3,commitment,operating,267840.0,261533.46337890302
commit:9,4,commitment,operating,267840.0,259464.45735960818
commit:9,5,commitment,operating,241920.0,232500.9981351721
commit:9,6,commitment,operating,267840.0,255375.4199035394
commit:9,7,commitment,operating,259200.0,245182.3843688072
commit:9,8,commitment,operating,267840.0,251350.82374893944
commit:9,9,commitment,operating,259200.0,241318.42564608014
commit:9,10,commitment,operating,267840.0,247389.6533312946
commit:9,11,commitment,operating,267840.0,245432.5397931614
commit:9,12,commitment,operating,259200.0,235636.36363636362
commit:9,13,commitment,operating,267840.0,241564.6387389473
commit:9,14,commitment,operating,259200.0,231922.84569742865
commit:9,15,commitment,operating,267840.0,237757.6939808209
commit:9,16,commitment,operating,267840.0,235876.7794178256
commit:9,17,commitment,operating,250560.0,218913.27746493474
commit:9,18,commitment,operating,267840.0,232159.47263958128
commit:9,19,commitment,operating,259200.0,222893.07669891563
commit:9,20,commitment,operating,267840.0,228500.7488626722
commit:9,21,commitment,operating,259200.0,219380.38695098195
commit:9,22,commitment,operating,267840.0,224899.68484663143
commit:9,23,commitment,operating,267840.0,223120.4907210558
commit:9,24,commitment,operating,259200.0,214214.87603305784
commit:9,25,commitment,operating,267840.0,219604.21703540662
commit:9,26,commitment,operating,259200.0,210838.95063402606
commit:9,27,commitment,operating,267840.0,216143.3581643826
commit:9,28,commitment,operating,267840.0,214433.43583438688
commit:9,29,commitment,operating,241920.0,192149.58523567938
commit:9,30,commitment,operating,267840.0,211054.06603598298
commit:9,31,commitment,operating,259200.0,202630.06972628692
commit:9,32,commitment,operating,267840.0,207727.95351152014
commit:9,33,commitment,operating,259200.0,199436.71540998356
commit:9,34,commitment,operating,267840.0,204454.25895148312
commit:9,35,commitment,operating,267840.0,202836.80974641436
commit:9,36,commitment,operating,259200.0,194740.79639368888
commit:9,0,commit_setup,capital,0.0,0.0
commit:9,1,commit_setup,operating,0.0,0.0
commit:9,2,commit_setup,operating,0.0,0.0
commit:9,3,commit_setup,operating,0.0,0.0
commit:9,4,commit_setup,operating,0.0,0.0
commit:9,5,commit_setup,operating,0.0,0.0
commit:9,6,commit_setup,operating,0.0,0.0
commit:9,7,commit_setup,operating,0.0,0.0
commit:9,8,commit_setup,operating,0.0,0.0
commit:9,9,commit_setup,operating,0.0,0.0
commit:9,10,commit_setup,operating,0.0,0.0
commit:9,11,commit_setup,operating,0.0,0.0
commit:9,12,commit_setup,operating,0.0,0.0
commit:9,13,commit_setup,operating,0.0,0.0
commit:9,14,commit_setup,operating,0.0,0.0
commit:9,15,commit_setup,operating,0.0,0.0
commit:9,16,commit_setup,operating,0.0,0.0
commit:9,17,commit_setup,operating,0.0,0.0
commit:9,18,commit_setup,operating,0.0,0.0
commit:9,19,commit_setup,operating,0.0,0.0
commit:9,20,commit_setup,operating,0.0,0.0
commit:9,21,commit_setup,operating,0.0,0.0
commit:9,22,commit_setup,operating,0.0,0.0
commit:9,23,commit_setup,operating,0.0,0.0
commit:9,24,commit_setup,operating,0.0,0.0
commit:9,25,commit_setup,operating,0.0,0.0
commit:9,26,commit_setup,operating,0.0,0.0
commit:9,27,commit_setup,operating,0.0,0.0
commit:9,28,commit_setup,operating,0.0,0.0
commit:9,29,commit_setup,operating,0.0,0.0
commit:9,30,commit_setup,operating,0.0,0.0
commit:9,31,commit_setup,operating,0.0,0.0
commit:9,32,commit_setup,operating,0.0,0.0
commit:9,33,commit_setup,operating,0.0,0.0
commit:9,34,commit_setup,operating,0.0,0.0
commit:9,35,commit_setup,operating,0.0,0.0
commit:9,36,commit_setup,operating,0.0,0.0
commit:9,0,commit_fees,capital,0.0,0.0
commit:9,1,commit_fees,operating,0.0,0.0
commit:9,2,commit_fees,operating,0.0,0.0
commit:9,3,commit_fees,operating,0.0,0.0
commit:9,4,commit_fees,operating,0.0,0.0
commit:9,5,commit_fees,operating,0.0,0.0
commit:9,6,commit_fees,operating,0.0,0.0
commit:9,7,commit_fees,operating,0.0,0.0
commit:9,8,commit_fees,operating,0.0,0.0
commit:9,9,commit_fees,operating,0.0,0.0
commit:9,10,commit_fees,operating,0.0,0.0
commit:9,11,commit_fees,operating,0.0,0.0
commit:9,12,commit_fees,operating,0.0,0.0
commit:9,13,commit_fees,operating,0.0,0.0
commit:9,14,commit_fees,operating,0.0,0.0
commit:9,15,commit_fees,operating,0.0,0.0
commit:9,16,commit_fees,operating,0.0,0.0
commit:9,17,commit_fees,operating,0.0,0.0
commit:9,18,commit_fees,operating,0.0,0.0
commit:9,19,commit_fees,operating,0.0,0.0
commit:9,20,commit_fees,operating,0.0,0.0
commit:9,21,commit_fees,operating,0.0,0.0
commit:9,22,commit_fees,operating,0.0,0.0
commit:9,23,commit_fees,operating,0.0,0.0
commit:9,24,commit_fees,operating,0.0,0.0
commit:9,25,commit_fees,operating,0.0,0.0
commit:9,26,commit_fees,operating,0.0,0.0
commit:9,27,commit_fees,operating,0.0,0.0
commit:9,28,commit_fees,operating,0.0,0.0
commit:9,29,commit_fees,operating,0.0,0.0
commit:9,30,commit_fees,operating,0.0,0.0
commit:9,31,commit_fees,operating,0.0,0.0
commit:9,32,commit_fees,operating,0.0,0.0
commit:9,33,commit_fees,operating,0.0,0.0
commit:9,34,commit_fees,operating,0.0,0.0
commit:9,35,commit_fees,operating,0.0,0.0
commit:9,36,commit_fees,operating,0.0,0.0
commit:10,0,on_demand,capital,0.0,0.0
commit:10,1,on_demand,operating,0.0,0.0
commit:10,2,on_demand,operating,0.0,0.0
commit:10,3,on_demand,operating,0.0,0.0
commit:10,4,on_demand,operating,0.0,0.0
commit:10,5,on_demand,operating,0.0,0.0
commit:10,6,on_demand,operating,0.0,0.0
commit:10,7,on_demand,operating,0.0,0.0
commit:10,8,on_demand,operating,0.0,0.0
commit:10,9,on_demand,operating,0.0,0.0
commit:10,10,on_demand,operating,0.0,0.0
commit:10,11,on_demand,operating,0.0,0.0
commit:10,12,on_demand,operating,0.0,0.0
commit:10,13,on_demand,operating,0.0,0.0
commit:10,14,on_demand,operating,0.0,0.0
commit:10,15,on_demand,operating,0.0,0.0
commit:10,16,on_demand,operating,0.0,0.0
commit:10,17,on_demand,operating,0.0,0.0
commit:10,18,on_demand,operating,0.0,0.0
commit:10,19,on_demand,operating,275.2,236.6519085939104
commit:10,20,on_demand,operating,825.5999999999999,704.3392258849392
commit:10,21,on_demand,operating,1307.2,1106.3813341910632
commit:10,22,on_demand,operating,1857.6,1559.7881368395404
commit:10,23,on_demand,operating,2339.2,1948.6389332985877
commit:10,24,on_demand,operating,2820.7999999999997,2331.239669421487
commit:10,25,on_demand,operating,3440.0,2820.4842689732627
commit:10,26,on_demand,operating,3784.0,3077.9883842559975
commit:10,27,on_demand,operating,4472.0,3608.8451975474873
commit:10,28,on_demand,operating,5022.4,4020.9471629876966
commit:10,29,on_demand,operating,5022.4,3989.13722258464
commit:10,30,on_demand,operating,6054.4,4770.780082916126
commit:10,31,on_demand,operating,6398.4,5001.960795280378
commit:10,32,on_demand,operating,7155.2,5549.339355457098
commit:10,33,on_demand,operating,7430.4,5717.185841752862
commit:10,34,on_demand,operating,8256.0,6302.174290260769
commit:10,35,on_demand,operating,8806.4,6669.138595246503
commit:10,36,on_demand,operating,9081.6,6823.140495867767
commit:10,0,variable_service,capital,0.0,0.0
commit:10,1,variable_service,operating,0.0,0.0
commit:10,2,variable_service,operating,0.0,0.0
commit:10,3,variable_service,operating,0.0,0.0
commit:10,4,variable_service,operating,0.0,0.0
commit:10,5,variable_service,operating,0.0,0.0
commit:10,6,variable_service,operating,0.0,0.0
commit:10,7,variable_service,operating,0.0,0.0
commit:10,8,variable_service,operating,0.0,0.0
commit:10,9,variable_service,operating,0.0,0.0
commit:10,10,variable_service,operating,0.0,0.0
commit:10,11,variable_service,operating,0.0,0.0
commit:10,12,variable_service,operating,0.0,0.0
commit:10,13,variable_service,operating,0.0,0.0
commit:10,14,variable_service,operating,0.0,0.0
commit:10,15,variable_service,operating,0.0,0.0
commit:10,16,variable_service,operating,0.0,0.0
commit:10,17,variable_service,operating,0.0,0.0
commit:10,18,variable_service,operating,0.0,0.0
commit:10,19,variable_service,operating,0.0,0.0
commit:10,20,variable_service,operating,0.0,0.0
commit:10,21,variable_service,operating,0.0,0.0
commit:10,22,variable_service,operating,0.0,0.0
commit:10,23,variable_service,operating,0.0,0.0
commit:10,24,variable_service,operating,0.0,0.0
commit:10,25,variable_service,operating,0.0,0.0
commit:10,26,variable_service,operating,0.0,0.0
commit:10,27,variable_service,operating,0.0,0.0
commit:10,28,variable_service,operating,0.0,0.0
commit:10,29,variable_service,operating,0.0,0.0
commit:10,30,variable_service,operating,0.0,0.0
commit:10,31,variable_service,operating,0.0,0.0
commit:10,32,variable_service,operating,0.0,0.0
commit:10,33,variable_service,operating,0.0,0.0
commit:10,34,variable_service,operating,0.0,0.0
commit:10,35,variable_service,operating,0.0,0.0
commit:10,36,variable_service,operating,0.0,0.0
commit:10,0,commitment,capital,0.0,0.0
commit:10,1,commitment,operating,297600.0,295245.66956982453
commit:10,2,commitment,operating,288000.0,283461.25585241284
commit:10,3,commitment,operating,297600.0,290592.73708767
commit:10,4,commitment,operating,297600.0,288293.84151067573
commit:10,5,commitment,operating,268800.0,258334.4423724134
commit:10,6,commitment,operating,297600.0,283750.46655948827
commit:10,7,commitment,operating,288000.0,272424.8715208969
commit:10,8,commitment,operating,297600.0,279278.69305437716
commit:10,9,commitment,operating,288000.0,268131.58405120013
commit:10,10,commitment,operating,297600.0,274877.3925903273
commit:10,11,commitment,operating,297600.0,272702.82199240156
commit:10,12,commitment,operating,288000.0,261818.18181818182
commit:10,13,commitment,operating,297600.0,268405.1541543859
commit:10,14,commitment,operating,288000.0,257692.05077492073
commit:10,15,commitment,operating,297600.0,264175.2155342455
commit:10,16,commitment,operating,297600.0,262085.31046425068
commit:10,17,commitment,operating,278400.0,243236.9749610386
commit:10,18,commitment,operating,297600.0,257954.96959953476
commit:10,19,commitment,operating,288000.0,247658.97410990627
commit:10,20,commitment,operating,297600.0,253889.72095852465
commit:10,21,commitment,operating,288000.0,243755.98550109105
commit:10,22,commitment,operating,297600.0,249888.53871847937
commit:10,23,commitment,operating,297600.0,247911.6563567287
commit:10,24,commitment,operating,288000.0,238016.52892561982
commit:10,25,commitment,operating,297600.0,244004.68559489623
commit:10,26,commitment,operating,288000.0,234265.5007044734
commit:10,27,commitment,operating,297600.0,240159.286849314
commit:10,28,commitment,operating,297600.0,238259.37314931877
commit:10,29,commitment,operating,268800.0,213499.53915075486
commit:10,30,commitment,operating,297600.0,234504.51781775884
commit:10,31,commitment,operating,288000.0,225144.52191809658
commit:10,32,commitment,operating,297600.0,230808.8372350224
commit:10,33,commitment,operating,288000.0,221596.3504555373
commit:10,34,commitment,operating,297600.0,227171.39883498123
commit:10,35,commitment,operating,297600.0,225374.23305157153
commit:10,36,commitment,operating,288000.0,216378.66265965434
commit:10,0,commit_setup,capital,0.0,0.0
commit:10,1,commit_setup,operating,0.0,0.0
commit:10,2,commit_setup,operating,0.0,0.0
commit:10,3,commit_setup,operating,0.0,0.0
commit:10,4,commit_setup,operating,0.0,0.0
commit:10,5,commit_setup,operating,0.0,0.0
commit:10,6,commit_setup,operating,0.0,0.0
commit:10,7,commit_setup,operating,0.0,0.0
commit:10,8,commit_setup,operating,0.0,0.0
commit:10,9,commit_setup,operating,0.0,0.0
commit:10,10,commit_setup,operating,0.0,0.0
commit:10,11,commit_setup,operating,0.0,0.0
commit:10,12,commit_setup,operating,0.0,0.0
commit:10,13,commit_setup,operating,0.0,0.0
commit:10,14,commit_setup,operating,0.0,0.0
commit:10,15,commit_setup,operating,0.0,0.0
commit:10,16,commit_setup,operating,0.0,0.0
commit:10,17,commit_setup,operating,0.0,0.0
commit:10,18,commit_setup,operating,0.0,0.0
commit:10,19,commit_setup,operating,0.0,0.0
commit:10,20,commit_setup,operating,0.0,0.0
commit:10,21,commit_setup,operating,0.0,0.0
commit:10,22,commit_setup,operating,0.0,0.0
commit:10,23,commit_setup,operating,0.0,0.0
commit:10,24,commit_setup,operating,0.0,0.0
commit:10,25,commit_setup,operating,0.0,0.0
commit:10,26,commit_setup,operating,0.0,0.0
commit:10,27,commit_setup,operating,0.0,0.0
commit:10,28,commit_setup,operating,0.0,0.0
commit:10,29,commit_setup,operating,0.0,0.0
commit:10,30,commit_setup,operating,0.0,0.0
commit:10,31,commit_setup,operating,0.0,0.0
commit:10,32,commit_setup,operating,0.0,0.0
commit:10,33,commit_setup,operating,0.0,0.0
commit:10,34,commit_setup,operating,0.0,0.0
commit:10,35,commit_setup,operating,0.0,0.0
commit:10,36,commit_setup,operating,0.0,0.0
commit:10,0,commit_fees,capital,0.0,0.0
commit:10,1,commit_fees,operating,0.0,0.0
commit:10,2,commit_fees,operating,0.0,0.0
commit:10,3,commit_fees,operating,0.0,0.0
commit:10,4,commit_fees,operating,0.0,0.0
commit:10,5,commit_fees,operating,0.0,0.0
commit:10,6,commit_fees,operating,0.0,0.0
commit:10,7,commit_fees,operating,0.0,0.0
commit:10,8,commit_fees,operating,0.0,0.0
commit:10,9,commit_fees,operating,0.0,0.0
commit:10,10,commit_fees,operating,0.0,0.0
commit:10,11,commit_fees,operating,0.0,0.0
commit:10,12,commit_fees,operating,0.0,0.0
commit:10,13,commit_fees,operating,0.0,0.0
commit:10,14,commit_fees,operating,0.0,0.0
commit:10,15,commit_fees,operating,0.0,0.0
commit:10,16,commit_fees,operating,0.0,0.0
commit:10,17,commit_fees,operating,0.0,0.0
commit:10,18,commit_fees,operating,0.0,0.0
commit:10,19,commit_fees,operating,0.0,0.0
commit:10,20,commit_fees,operating,0.0,0.0
commit:10,21,commit_fees,operating,0.0,0.0
commit:10,22,commit_fees,operating,0.0,0.0
commit:10,23,commit_fees,operating,0.0,0.0
commit:10,24,commit_fees,operating,0.0,0.0
commit:10,25,commit_fees,operating,0.0,0.0
commit:10,26,commit_fees,operating,0.0,0.0
commit:10,27,commit_fees,operating,0.0,0.0
commit:10,28,commit_fees,operating,0.0,0.0
commit:10,29,commit_fees,operating,0.0,0.0
commit:10,30,commit_fees,operating,0.0,0.0
commit:10,31,commit_fees,operating,0.0,0.0
commit:10,32,commit_fees,operating,0.0,0.0
commit:10,33,commit_fees,operating,0.0,0.0
commit:10,34,commit_fees,operating,0.0,0.0
commit:10,35,commit_fees,operating,0.0,0.0
commit:10,36,commit_fees,operating,0.0,0.0
commit:11,0,on_demand,capital,0.0,0.0
commit:11,1,on_demand,operating,0.0,0.0
commit:11,2,on_demand,operating,0.0,0.0
commit:11,3,on_demand,operating,0.0,0.0
commit:11,4,on_demand,operating,0.0,0.0
commit:11,5,on_demand,operating,0.0,0.0
commit:11,6,on_demand,operating,0.0,0.0
commit:11,7,on_demand,operating,0.0,0.0
commit:11,8,on_demand,operating,0.0,0.0
commit:11,9,on_demand,operating,0.0,0.0
commit:11,10,on_demand,operating,0.0,0.0
commit:11,11,on_demand,operating,0.0,0.0
commit:11,12,on_demand,operating,0.0,0.0
commit:11,13,on_demand,operating,0.0,0.0
commit:11,14,on_demand,operating,0.0,0.0
commit:11,15,on_demand,operating,0.0,0.0
commit:11,16,on_demand,operating,0.0,0.0
commit:11,17,on_demand,operating,0.0,0.0
commit:11,18,on_demand,operating,0.0,0.0
commit:11,19,on_demand,operating,0.0,0.0
commit:11,20,on_demand,operating,0.0,0.0
commit:11,21,on_demand,operating,0.0,0.0
commit:11,22,on_demand,operating,0.0,0.0
commit:11,23,on_demand,operating,0.0,0.0
commit:11,24,on_demand,operating,0.0,0.0
commit:11,25,on_demand,operating,0.0,0.0
commit:11,26,on_demand,operating,0.0,0.0
commit:11,27,on_demand,operating,0.0,0.0
commit:11,28,on_demand,operating,0.0,0.0
commit:11,29,on_demand,operating,0.0,0.0
commit:11,30,on_demand,operating,0.0,0.0
commit:11,31,on_demand,operating,0.0,0.0
commit:11,32,on_demand,operating,0.0,0.0
commit:11,33,on_demand,operating,0.0,0.0
commit:11,34,on_demand,operating,0.0,0.0
commit:11,35,on_demand,operating,0.0,0.0
commit:11,36,on_demand,operating,0.0,0.0
commit:11,0,variable_service,capital,0.0,0.0
commit:11,1,variable_service,operating,0.0,0.0
commit:11,2,variable_service,operating,0.0,0.0
commit:11,3,variable_service,operating,0.0,0.0
commit:11,4,variable_service,operating,0.0,0.0
commit:11,5,variable_service,operating,0.0,0.0
commit:11,6,variable_service,operating,0.0,0.0
commit:11,7,variable_service,operating,0.0,0.0
commit:11,8,variable_service,operating,0.0,0.0
commit:11,9,variable_service,operating,0.0,0.0
commit:11,10,variable_service,operating,0.0,0.0
commit:11,11,variable_service,operating,0.0,0.0
commit:11,12,variable_service,operating,0.0,0.0
commit:11,13,variable_service,operating,0.0,0.0
commit:11,14,variable_service,operating,0.0,0.0
commit:11,15,variable_service,operating,0.0,0.0
commit:11,16,variable_service,operating,0.0,0.0
commit:11,17,variable_service,operating,0.0,0.0
commit:11,18,variable_service,operating,0.0,0.0
commit:11,19,variable_service,operating,0.0,0.0
commit:11,20,variable_service,operating,0.0,0.0
commit:11,21,variable_service,operating,0.0,0.0
commit:11,22,variable_service,operating,0.0,0.0
commit:11,23,variable_service,operating,0.0,0.0
commit:11,24,variable_service,operating,0.0,0.0
commit:11,25,variable_service,operating,0.0,0.0
commit:11,26,variable_service,operating,0.0,0.0
commit:11,27,variable_service,operating,0.0,0.0
commit:11,28,variable_service,operating,0.0,0.0
commit:11,29,variable_service,operating,0.0,0.0
commit:11,30,variable_service,operating,0.0,0.0
commit:11,31,variable_service,operating,0.0,0.0
commit:11,32,variable_service,operating,0.0,0.0
commit:11,33,variable_service,operating,0.0,0.0
commit:11,34,variable_service,operating,0.0,0.0
commit:11,35,variable_service,operating,0.0,0.0
commit:11,36,variable_service,operating,0.0,0.0
commit:11,0,commitment,capital,0.0,0.0
commit:11,1,commitment,operating,327360.0,324770.23652680696
commit:11,2,commitment,operating,316800.0,311807.38143765414
commit:11,3,commitment,operating,327360.0,319652.01079643704
commit:11,4,commitment,operating,327360.0,317123.2256617433
commit:11,5,commitment,operating,295680.0,284167.88660965476
commit:11,6,commitment,operating,327360.0,312125.51321543707
commit:11,7,commitment,operating,316800.0,299667.35867298656
commit:11,8,commitment,operating,327360.0,307206.5623598149
commit:11,9,commitment,operating,316800.0,294944.74245632015
commit:11,10,commitment,operating,327360.0,302365.13184936007
commit:11,11,commitment,operating,327360.0,299973.10419164173
commit:11,12,commitment,operating,316800.0,288000.0
commit:11,13,commitment,operating,327360.0,295245.6695698245
commit:11,14,commitment,operating,316800.0,283461.2558524128
commit:11,15,commitment,operating,327360.0,290592.73708767
commit:11,16,commitment,operating,327360.0,288293.84151067573
commit:11,17,commitment,operating,306240.0,267560.67245714244
commit:11,18,commitment,operating,327360.0,283750.4665594882
commit:11,19,commitment,operating,316800.0,272424.8715208969
commit:11,20,commitment,operating,327360.0,279278.6930543771
commit:11,21,commitment,operating,316800.0,268131.58405120013
commit:11,22,commitment,operating,327360.0,274877.3925903273
commit:11,23,commitment,operating,327360.0,272702.82199240156
commit:11,24,commitment,operating,316800.0,261818.1818181818
commit:11,25,commitment,operating,327360.0,268405.15415438585
commit:11,26,commitment,operating,316800.0,257692.05077492073
commit:11,27,commitment,operating,327360.0,264175.2155342454
commit:11,28,commitment,operating,327360.0,262085.31046425065
commit:11,29,commitment,operating,295680.0,234849.49306583035
commit:11,30,commitment,operating,327360.0,257954.96959953473
commit:11,31,commitment,operating,316800.0,247658.9741099062
commit:11,32,commitment,operating,327360.0,253889.72095852465
commit:11,33,commitment,operating,316800.0,243755.985501091
commit:11,34,commitment,operating,327360.0,249888.53871847937
commit:11,35,commitment,operating,327360.0,247911.65635672866
commit:11,36,commitment,operating,316800.0,238016.52892561976
commit:11,0,commit_setup,capital,0.0,0.0
commit:11,1,commit_setup,operating,0.0,0.0
commit:11,2,commit_setup,operating,0.0,0.0
commit:11,3,commit_setup,operating,0.0,0.0
commit:11,4,commit_setup,operating,0.0,0.0
commit:11,5,commit_setup,operating,0.0,0.0
commit:11,6,commit_setup,operating,0.0,0.0
commit:11,7,commit_setup,operating,0.0,0.0
commit:11,8,commit_setup,operating,0.0,0.0
commit:11,9,commit_setup,operating,0.0,0.0
commit:11,10,commit_setup,operating,0.0,0.0
commit:11,11,commit_setup,operating,0.0,0.0
commit:11,12,commit_setup,operating,0.0,0.0
commit:11,13,commit_setup,operating,0.0,0.0
commit:11,14,commit_setup,operating,0.0,0.0
commit:11,15,commit_setup,operating,0.0,0.0
commit:11,16,commit_setup,operating,0.0,0.0
commit:11,17,commit_setup,operating,0.0,0.0
commit:11,18,commit_setup,operating,0.0,0.0
commit:11,19,commit_setup,operating,0.0,0.0
commit:11,20,commit_setup,operating,0.0,0.0
commit:11,21,commit_setup,operating,0.0,0.0
commit:11,22,commit_setup,operating,0.0,0.0
commit:11,23,commit_setup,operating,0.0,0.0
commit:11,24,commit_setup,operating,0.0,0.0
commit:11,25,commit_setup,operating,0.0,0.0
commit:11,26,commit_setup,operating,0.0,0.0
commit:11,27,commit_setup,operating,0.0,0.0
commit:11,28,commit_setup,operating,0.0,0.0
commit:11,29,commit_setup,operating,0.0,0.0
commit:11,30,commit_setup,operating,0.0,0.0
commit:11,31,commit_setup,operating,0.0,0.0
commit:11,32,commit_setup,operating,0.0,0.0
commit:11,33,commit_setup,operating,0.0,0.0
commit:11,34,commit_setup,operating,0.0,0.0
commit:11,35,commit_setup,operating,0.0,0.0
commit:11,36,commit_setup,operating,0.0,0.0
commit:11,0,commit_fees,capital,0.0,0.0
commit:11,1,commit_fees,operating,0.0,0.0
commit:11,2,commit_fees,operating,0.0,0.0
commit:11,3,commit_fees,operating,0.0,0.0
commit:11,4,commit_fees,operating,0.0,0.0
commit:11,5,commit_fees,operating,0.0,0.0
commit:11,6,commit_fees,operating,0.0,0.0
commit:11,7,commit_fees,operating,0.0,0.0
commit:11,8,commit_fees,operating,0.0,0.0
commit:11,9,commit_fees,operating,0.0,0.0
commit:11,10,commit_fees,operating,0.0,0.0
commit:11,11,commit_fees,operating,0.0,0.0
commit:11,12,commit_fees,operating,0.0,0.0
commit:11,13,commit_fees,operating,0.0,0.0
commit:11,14,commit_fees,operating,0.0,0.0
commit:11,15,commit_fees,operating,0.0,0.0
commit:11,16,commit_fees,operating,0.0,0.0
commit:11,17,commit_fees,operating,0.0,0.0
commit:11,18,commit_fees,operating,0.0,0.0
commit:11,19,commit_fees,operating,0.0,0.0
commit:11,20,commit_fees,operating,0.0,0.0
commit:11,21,commit_fees,operating,0.0,0.0
commit:11,22,commit_fees,operating,0.0,0.0
commit:11,23,commit_fees,operating,0.0,0.0
commit:11,24,commit_fees,operating,0.0,0.0
commit:11,25,commit_fees,operating,0.0,0.0
commit:11,26,commit_fees,operating,0.0,0.0
commit:11,27,commit_fees,operating,0.0,0.0
commit:11,28,commit_fees,operating,0.0,0.0
commit:11,29,commit_fees,operating,0.0,0.0
commit:11,30,commit_fees,operating,0.0,0.0
commit:11,31,commit_fees,operating,0.0,0.0
commit:11,32,commit_fees,operating,0.0,0.0
commit:11,33,commit_fees,operating,0.0,0.0
commit:11,34,commit_fees,operating,0.0,0.0
commit:11,35,commit_fees,operating,0.0,0.0
commit:11,36,commit_fees,operating,0.0,0.0
commit:12,0,on_demand,capital,0.0,0.0
commit:12,1,on_demand,operating,0.0,0.0
commit:12,2,on_demand,operating,0.0,0.0
commit:12,3,on_demand,operating,0.0,0.0
commit:12,4,on_demand,operating,0.0,0.0
commit:12,5,on_demand,operating,0.0,0.0
commit:12,6,on_demand,operating,0.0,0.0
commit:12,7,on_demand,operating,0.0,0.0
commit:12,8,on_demand,operating,0.0,0.0
commit:12,9,on_demand,operating,0.0,0.0
commit:12,10,on_demand,operating,0.0,0.0
commit:12,11,on_demand,operating,0.0,0.0
commit:12,12,on_demand,operating,0.0,0.0
commit:12,13,on_demand,operating,0.0,0.0
commit:12,14,on_demand,operating,0.0,0.0
commit:12,15,on_demand,operating,0.0,0.0
commit:12,16,on_demand,operating,0.0,0.0
commit:12,17,on_demand,operating,0.0,0.0
commit:12,18,on_demand,operating,0.0,0.0
commit:12,19,on_demand,operating,0.0,0.0
commit:12,20,on_demand,operating,0.0,0.0
commit:12,21,on_demand,operating,0.0,0.0
commit:12,22,on_demand,operating,0.0,0.0
commit:12,23,on_demand,operating,0.0,0.0
commit:12,24,on_demand,operating,0.0,0.0
commit:12,25,on_demand,operating,0.0,0.0
commit:12,26,on_demand,operating,0.0,0.0
commit:12,27,on_demand,operating,0.0,0.0
commit:12,28,on_demand,operating,0.0,0.0
commit:12,29,on_demand,operating,0.0,0.0
commit:12,30,on_demand,operating,0.0,0.0
commit:12,31,on_demand,operating,0.0,0.0
commit:12,32,on_demand,operating,0.0,0.0
commit:12,33,on_demand,operating,0.0,0.0
commit:12,34,on_demand,operating,0.0,0.0
commit:12,35,on_demand,operating,0.0,0.0
commit:12,36,on_demand,operating,0.0,0.0
commit:12,0,variable_service,capital,0.0,0.0
commit:12,1,variable_service,operating,0.0,0.0
commit:12,2,variable_service,operating,0.0,0.0
commit:12,3,variable_service,operating,0.0,0.0
commit:12,4,variable_service,operating,0.0,0.0
commit:12,5,variable_service,operating,0.0,0.0
commit:12,6,variable_service,operating,0.0,0.0
commit:12,7,variable_service,operating,0.0,0.0
commit:12,8,variable_service,operating,0.0,0.0
commit:12,9,variable_service,operating,0.0,0.0
commit:12,10,variable_service,operating,0.0,0.0
commit:12,11,variable_service,operating,0.0,0.0
commit:12,12,variable_service,operating,0.0,0.0
commit:12,13,variable_service,operating,0.0,0.0
commit:12,14,variable_service,operating,0.0,0.0
commit:12,15,variable_service,operating,0.0,0.0
commit:12,16,variable_service,operating,0.0,0.0
commit:12,17,variable_service,operating,0.0,0.0
commit:12,18,variable_service,operating,0.0,0.0
commit:12,19,variable_service,operating,0.0,0.0
commit:12,20,variable_service,operating,0.0,0.0
commit:12,21,variable_service,operating,0.0,0.0
commit:12,22,variable_service,operating,0.0,0.0
commit:12,23,variable_service,operating,0.0,0.0
commit:12,24,variable_service,operating,0.0,0.0
commit:12,25,variable_service,operating,0.0,0.0
commit:12,26,variable_service,operating,0.0,0.0
commit:12,27,variable_service,operating,0.0,0.0
commit:12,28,variable_service,operating,0.0,0.0
commit:12,29,variable_service,operating,0.0,0.0
commit:12,30,variable_service,operating,0.0,0.0
commit:12,31,variable_service,operating,0.0,0.0
commit:12,32,variable_service,operating,0.0,0.0
commit:12,33,variable_service,operating,0.0,0.0
commit:12,34,variable_service,operating,0.0,0.0
commit:12,35,variable_service,operating,0.0,0.0
commit:12,36,variable_service,operating,0.0,0.0
commit:12,0,commitment,capital,0.0,0.0
commit:12,1,commitment,operating,357120.0,354294.8034837894
commit:12,2,commitment,operating,345600.0,340153.5070228954
commit:12,3,commitment,operating,357120.0,348711.284505204
commit:12,4,commitment,operating,357120.0,345952.6098128109
commit:12,5,commitment,operating,322560.0,310001.3308468961
commit:12,6,commitment,operating,357120.0,340500.5598713859
commit:12,7,commitment,operating,345600.0,326909.8458250763
commit:12,8,commitment,operating,357120.0,335134.43166525254
commit:12,9,commitment,operating,345600.0,321757.90086144017
commit:12,10,commitment,operating,357120.0,329852.8711083928
commit:12,11,commitment,operating,357120.0,327243.3863908819
commit:12,12,commitment,operating,345600.0,314181.8181818182
commit:12,13,commitment,operating,357120.0,322086.1849852631
commit:12,14,commitment,operating,345600.0,309230.4609299049
commit:12,15,commitment,operating,357120.0,317010.25864109455
commit:12,16,commitment,operating,357120.0,314502.37255710084
commit:12,17,commitment,operating,334080.0,291884.3699532463
commit:12,18,commitment,operating,357120.0,309545.9635194417
commit:12,19,commitment,operating,345600.0,297190.7689318875
commit:12,20,commitment,operating,357120.0,304667.6651502296
commit:12,21,commitment,operating,345600.0,292507.18260130927
commit:12,22,commitment,operating,357120.0,299866.2464621752
commit:12,23,commitment,operating,357120.0,297493.9876280744
commit:12,24,commitment,operating,345600.0,285619.83471074374
commit:12,25,commitment,operating,357120.0,292805.6227138755
commit:12,26,commitment,operating,345600.0,281118.60084536806
commit:12,27,commitment,operating,357120.0,288191.1442191768
commit:12,28,commitment,operating,357120.0,285911.2477791825
commit:12,29,commitment,operating,322560.0,256199.44698090584
commit:12,30,commitment,operating,357120.0,281405.4213813106
commit:12,31,commitment,operating,345600.0,270173.4263017159
commit:12,32,commitment,operating,357120.0,276970.6046820269
commit:12,33,commitment,operating,345600.0,265915.6205466447
commit:12,34,commitment,operating,357120.0,272605.6786019775
commit:12,35,commitment,operating,357120.0,270449.0796618858
commit:12,36,commitment,operating,345600.0,259654.3951915852
commit:12,0,commit_setup,capital,0.0,0.0
commit:12,1,commit_setup,operating,0.0,0.0
commit:12,2,commit_setup,operating,0.0,0.0
commit:12,3,commit_setup,operating,0.0,0.0
commit:12,4,commit_setup,operating,0.0,0.0
commit:12,5,commit_setup,operating,0.0,0.0
commit:12,6,commit_setup,operating,0.0,0.0
commit:12,7,commit_setup,operating,0.0,0.0
commit:12,8,commit_setup,operating,0.0,0.0
commit:12,9,commit_setup,operating,0.0,0.0
commit:12,10,commit_setup,operating,0.0,0.0
commit:12,11,commit_setup,operating,0.0,0.0
commit:12,12,commit_setup,operating,0.0,0.0
commit:12,13,commit_setup,operating,0.0,0.0
commit:12,14,commit_setup,operating,0.0,0.0
commit:12,15,commit_setup,operating,0.0,0.0
commit:12,16,commit_setup,operating,0.0,0.0
commit:12,17,commit_setup,operating,0.0,0.0
commit:12,18,commit_setup,operating,0.0,0.0
commit:12,19,commit_setup,operating,0.0,0.0
commit:12,20,commit_setup,operating,0.0,0.0
commit:12,21,commit_setup,operating,0.0,0.0
commit:12,22,commit_setup,operating,0.0,0.0
commit:12,23,commit_setup,operating,0.0,0.0
commit:12,24,commit_setup,operating,0.0,0.0
commit:12,25,commit_setup,operating,0.0,0.0
commit:12,26,commit_setup,operating,0.0,0.0
commit:12,27,commit_setup,operating,0.0,0.0
commit:12,28,commit_setup,operating,0.0,0.0
commit:12,29,commit_setup,operating,0.0,0.0
commit:12,30,commit_setup,operating,0.0,0.0
commit:12,31,commit_setup,operating,0.0,0.0
commit:12,32,commit_setup,operating,0.0,0.0
commit:12,33,commit_setup,operating,0.0,0.0
commit:12,34,commit_setup,operating,0.0,0.0
commit:12,35,commit_setup,operating,0.0,0.0
commit:12,36,commit_setup,operating,0.0,0.0
commit:12,0,commit_fees,capital,0.0,0.0
commit:12,1,commit_fees,operating,0.0,0.0
commit:12,2,commit_fees,operating,0.0,0.0
commit:12,3,commit_fees,operating,0.0,0.0
commit:12,4,commit_fees,operating,0.0,0.0
commit:12,5,commit_fees,operating,0.0,0.0
commit:12,6,commit_fees,operating,0.0,0.0
commit:12,7,commit_fees,operating,0.0,0.0
commit:12,8,commit_fees,operating,0.0,0.0
commit:12,9,commit_fees,operating,0.0,0.0
commit:12,10,commit_fees,operating,0.0,0.0
commit:12,11,commit_fees,operating,0.0,0.0
commit:12,12,commit_fees,operating,0.0,0.0
commit:12,13,commit_fees,operating,0.0,0.0
commit:12,14,commit_fees,operating,0.0,0.0
commit:12,15,commit_fees,operating,0.0,0.0
commit:12,16,commit_fees,operating,0.0,0.0
commit:12,17,commit_fees,operating,0.0,0.0
commit:12,18,commit_fees,operating,0.0,0.0
commit:12,19,commit_fees,operating,0.0,0.0
commit:12,20,commit_fees,operating,0.0,0.0
commit:12,21,commit_fees,operating,0.0,0.0
commit:12,22,commit_fees,operating,0.0,0.0
commit:12,23,commit_fees,operating,0.0,0.0
commit:12,24,commit_fees,operating,0.0,0.0
commit:12,25,commit_fees,operating,0.0,0.0
commit:12,26,commit_fees,operating,0.0,0.0
commit:12,27,commit_fees,operating,0.0,0.0
commit:12,28,commit_fees,operating,0.0,0.0
commit:12,29,commit_fees,operating,0.0,0.0
commit:12,30,commit_fees,operating,0.0,0.0
commit:12,31,commit_fees,operating,0.0,0.0
commit:12,32,commit_fees,operating,0.0,0.0
commit:12,33,commit_fees,operating,0.0,0.0
commit:12,34,commit_fees,operating,0.0,0.0
commit:12,35,commit_fees,operating,0.0,0.0
commit:12,36,commit_fees,operating,0.0,0.0
commit:13,0,on_demand,capital,0.0,0.0
commit:13,1,on_demand,operating,0.0,0.0
commit:13,2,on_demand,operating,0.0,0.0
commit:13,3,on_demand,operating,0.0,0.0
commit:13,4,on_demand,operating,0.0,0.0
commit:13,5,on_demand,operating,0.0,0.0
commit:13,6,on_demand,operating,0.0,0.0
commit:13,7,on_demand,operating,0.0,0.0
commit:13,8,on_demand,operating,0.0,0.0
commit:13,9,on_demand,operating,0.0,0.0
commit:13,10,on_demand,operating,0.0,0.0
commit:13,11,on_demand,operating,0.0,0.0
commit:13,12,on_demand,operating,0.0,0.0
commit:13,13,on_demand,operating,0.0,0.0
commit:13,14,on_demand,operating,0.0,0.0
commit:13,15,on_demand,operating,0.0,0.0
commit:13,16,on_demand,operating,0.0,0.0
commit:13,17,on_demand,operating,0.0,0.0
commit:13,18,on_demand,operating,0.0,0.0
commit:13,19,on_demand,operating,0.0,0.0
commit:13,20,on_demand,operating,0.0,0.0
commit:13,21,on_demand,operating,0.0,0.0
commit:13,22,on_demand,operating,0.0,0.0
commit:13,23,on_demand,operating,0.0,0.0
commit:13,24,on_demand,operating,0.0,0.0
commit:13,25,on_demand,operating,0.0,0.0
commit:13,26,on_demand,operating,0.0,0.0
commit:13,27,on_demand,operating,0.0,0.0
commit:13,28,on_demand,operating,0.0,0.0
commit:13,29,on_demand,operating,0.0,0.0
commit:13,30,on_demand,operating,0.0,0.0
commit:13,31,on_demand,operating,0.0,0.0
commit:13,32,on_demand,operating,0.0,0.0
commit:13,33,on_demand,operating,0.0,0.0
commit:13,34,on_demand,operating,0.0,0.0
commit:13,35,on_demand,operating,0.0,0.0
commit:13,36,on_demand,operating,0.0,0.0
commit:13,0,variable_service,capital,0.0,0.0
commit:13,1,variable_service,operating,0.0,0.0
commit:13,2,variable_service,operating,0.0,0.0
commit:13,3,variable_service,operating,0.0,0.0
commit:13,4,variable_service,operating,0.0,0.0
commit:13,5,variable_service,operating,0.0,0.0
commit:13,6,variable_service,operating,0.0,0.0
commit:13,7,variable_service,operating,0.0,0.0
commit:13,8,variable_service,operating,0.0,0.0
commit:13,9,variable_service,operating,0.0,0.0
commit:13,10,variable_service,operating,0.0,0.0
commit:13,11,variable_service,operating,0.0,0.0
commit:13,12,variable_service,operating,0.0,0.0
commit:13,13,variable_service,operating,0.0,0.0
commit:13,14,variable_service,operating,0.0,0.0
commit:13,15,variable_service,operating,0.0,0.0
commit:13,16,variable_service,operating,0.0,0.0
commit:13,17,variable_service,operating,0.0,0.0
commit:13,18,variable_service,operating,0.0,0.0
commit:13,19,variable_service,operating,0.0,0.0
commit:13,20,variable_service,operating,0.0,0.0
commit:13,21,variable_service,operating,0.0,0.0
commit:13,22,variable_service,operating,0.0,0.0
commit:13,23,variable_service,operating,0.0,0.0
commit:13,24,variable_service,operating,0.0,0.0
commit:13,25,variable_service,operating,0.0,0.0
commit:13,26,variable_service,operating,0.0,0.0
commit:13,27,variable_service,operating,0.0,0.0
commit:13,28,variable_service,operating,0.0,0.0
commit:13,29,variable_service,operating,0.0,0.0
commit:13,30,variable_service,operating,0.0,0.0
commit:13,31,variable_service,operating,0.0,0.0
commit:13,32,variable_service,operating,0.0,0.0
commit:13,33,variable_service,operating,0.0,0.0
commit:13,34,variable_service,operating,0.0,0.0
commit:13,35,variable_service,operating,0.0,0.0
commit:13,36,variable_service,operating,0.0,0.0
commit:13,0,commitment,capital,0.0,0.0
commit:13,1,commitment,operating,386880.0,383819.37044077186
commit:13,2,commitment,operating,374400.0,368499.6326081367
commit:13,3,commitment,operating,386880.0,377770.55821397103
commit:13,4,commitment,operating,386880.0,374781.9939638785
commit:13,5,commitment,operating,349440.0,335834.77508413745
commit:13,6,commitment,operating,386880.0,368875.6065273347
commit:13,7,commitment,operating,374400.0,354152.33297716593
commit:13,8,commitment,operating,386880.0,363062.30097069027
commit:13,9,commitment,operating,374400.0,348571.0592665602
commit:13,10,commitment,operating,386880.0,357340.61036742554
commit:13,11,commitment,operating,386880.0,354513.6685901221
commit:13,12,commitment,operating,374400.0,340363.63636363635
commit:13,13,commitment,operating,386880.0,348926.70040070167
commit:13,14,commitment,operating,374400.0,334999.66600739694
commit:13,15,commitment,operating,386880.0,343427.7801945191
commit:13,16,commitment,operating,386880.0,340710.9036035259
commit:13,17,commitment,operating,361920.0,316208.06744935014
commit:13,18,commitment,operating,386880.0,335341.4604793952
commit:13,19,commitment,operating,374400.0,321956.66634287813
commit:13,20,commitment,operating,386880.0,330056.637246082
commit:13,21,commitment,operating,374400.0,316882.78115141834
commit:13,22,commitment,operating,386880.0,324855.1003340232
commit:13,23,commitment,operating,386880.0,322285.1532637473
commit:13,24,commitment,operating,374400.0,309421.4876033058
commit:13,25,commitment,operating,386880.0,317206.0912733651
commit:13,26,commitment,operating,374400.0,304545.15091581544
commit:13,27,commitment,operating,386880.0,312207.0729041082
commit:13,28,commitment,operating,386880.0,309737.1850941144
commit:13,29,commitment,operating,349440.0,277549.40089598135
commit:13,30,commitment,operating,386880.0,304855.8731630865
commit:13,31,commitment,operating,374400.0,292687.87849352555
commit:13,32,commitment,operating,386880.0,300051.4884055291
commit:13,33,commitment,operating,374400.0,288075.25559219846
commit:13,34,commitment,operating,386880.0,295322.8184854756
commit:13,35,commitment,operating,386880.0,292986.50296704296
commit:13,36,commitment,operating,374400.0,281292.26145755063
commit:13,0,commit_setup,capital,0.0,0.0
commit:13,1,commit_setup,operating,0.0,0.0
commit:13,2,commit_setup,operating,0.0,0.0
commit:13,3,commit_setup,operating,0.0,0.0
commit:13,4,commit_setup,operating,0.0,0.0
commit:13,5,commit_setup,operating,0.0,0.0
commit:13,6,commit_setup,operating,0.0,0.0
commit:13,7,commit_setup,operating,0.0,0.0
commit:13,8,commit_setup,operating,0.0,0.0
commit:13,9,commit_setup,operating,0.0,0.0
commit:13,10,commit_setup,operating,0.0,0.0
commit:13,11,commit_setup,operating,0.0,0.0
commit:13,12,commit_setup,operating,0.0,0.0
commit:13,13,commit_setup,operating,0.0,0.0
commit:13,14,commit_setup,operating,0.0,0.0
commit:13,15,commit_setup,operating,0.0,0.0
commit:13,16,commit_setup,operating,0.0,0.0
commit:13,17,commit_setup,operating,0.0,0.0
commit:13,18,commit_setup,operating,0.0,0.0
commit:13,19,commit_setup,operating,0.0,0.0
commit:13,20,commit_setup,operating,0.0,0.0
commit:13,21,commit_setup,operating,0.0,0.0
commit:13,22,commit_setup,operating,0.0,0.0
commit:13,23,commit_setup,operating,0.0,0.0
commit:13,24,commit_setup,operating,0.0,0.0
commit:13,25,commit_setup,operating,0.0,0.0
commit:13,26,commit_setup,operating,0.0,0.0
commit:13,27,commit_setup,operating,0.0,0.0
commit:13,28,commit_setup,operating,0.0,0.0
commit:13,29,commit_setup,operating,0.0,0.0
commit:13,30,commit_setup,operating,0.0,0.0
commit:13,31,commit_setup,operating,0.0,0.0
commit:13,32,commit_setup,operating,0.0,0.0
commit:13,33,commit_setup,operating,0.0,0.0
commit:13,34,commit_setup,operating,0.0,0.0
commit:13,35,commit_setup,operating,0.0,0.0
commit:13,36,commit_setup,operating,0.0,0.0
commit:13,0,commit_fees,capital,0.0,0.0
commit:13,1,commit_fees,operating,0.0,0.0
commit:13,2,commit_fees,operating,0.0,0.0
commit:13,3,commit_fees,operating,0.0,0.0
commit:13,4,commit_fees,operating,0.0,0.0
commit:13,5,commit_fees,operating,0.0,0.0
commit:13,6,commit_fees,operating,0.0,0.0
commit:13,7,commit_fees,operating,0.0,0.0
commit:13,8,commit_fees,operating,0.0,0.0
commit:13,9,commit_fees,operating,0.0,0.0
commit:13,10,commit_fees,operating,0.0,0.0
commit:13,11,commit_fees,operating,0.0,0.0
commit:13,12,commit_fees,operating,0.0,0.0
commit:13,13,commit_fees,operating,0.0,0.0
commit:13,14,commit_fees,operating,0.0,0.0
commit:13,15,commit_fees,operating,0.0,0.0
commit:13,16,commit_fees,operating,0.0,0.0
commit:13,17,commit_fees,operating,0.0,0.0
commit:13,18,commit_fees,operating,0.0,0.0
commit:13,19,commit_fees,operating,0.0,0.0
commit:13,20,commit_fees,operating,0.0,0.0
commit:13,21,commit_fees,operating,0.0,0.0
commit:13,22,commit_fees,operating,0.0,0.0
commit:13,23,commit_fees,operating,0.0,0.0
commit:13,24,commit_fees,operating,0.0,0.0
commit:13,25,commit_fees,operating,0.0,0.0
commit:13,26,commit_fees,operating,0.0,0.0
commit:13,27,commit_fees,operating,0.0,0.0
commit:13,28,commit_fees,operating,0.0,0.0
commit:13,29,commit_fees,operating,0.0,0.0
commit:13,30,commit_fees,operating,0.0,0.0
commit:13,31,commit_fees,operating,0.0,0.0
commit:13,32,commit_fees,operating,0.0,0.0
commit:13,33,commit_fees,operating,0.0,0.0
commit:13,34,commit_fees,operating,0.0,0.0
commit:13,35,commit_fees,operating,0.0,0.0
commit:13,36,commit_fees,operating,0.0,0.0
commit:14,0,on_demand,capital,0.0,0.0
commit:14,1,on_demand,operating,0.0,0.0
commit:14,2,on_demand,operating,0.0,0.0
commit:14,3,on_demand,operating,0.0,0.0
commit:14,4,on_demand,operating,0.0,0.0
commit:14,5,on_demand,operating,0.0,0.0
commit:14,6,on_demand,operating,0.0,0.0
commit:14,7,on_demand,operating,0.0,0.0
commit:14,8,on_demand,operating,0.0,0.0
commit:14,9,on_demand,operating,0.0,0.0
commit:14,10,on_demand,operating,0.0,0.0
commit:14,11,on_demand,operating,0.0,0.0
commit:14,12,on_demand,operating,0.0,0.0
commit:14,13,on_demand,operating,0.0,0.0
commit:14,14,on_demand,operating,0.0,0.0
commit:14,15,on_demand,operating,0.0,0.0
commit:14,16,on_demand,operating,0.0,0.0
commit:14,17,on_demand,operating,0.0,0.0
commit:14,18,on_demand,operating,0.0,0.0
commit:14,19,on_demand,operating,0.0,0.0
commit:14,20,on_demand,operating,0.0,0.0
commit:14,21,on_demand,operating,0.0,0.0
commit:14,22,on_demand,operating,0.0,0.0
commit:14,23,on_demand,operating,0.0,0.0
commit:14,24,on_demand,operating,0.0,0.0
commit:14,25,on_demand,operating,0.0,0.0
commit:14,26,on_demand,operating,0.0,0.0
commit:14,27,on_demand,operating,0.0,0.0
commit:14,28,on_demand,operating,0.0,0.0
commit:14,29,on_demand,operating,0.0,0.0
commit:14,30,on_demand,operating,0.0,0.0
commit:14,31,on_demand,operating,0.0,0.0
commit:14,32,on_demand,operating,0.0,0.0
commit:14,33,on_demand,operating,0.0,0.0
commit:14,34,on_demand,operating,0.0,0.0
commit:14,35,on_demand,operating,0.0,0.0
commit:14,36,on_demand,operating,0.0,0.0
commit:14,0,variable_service,capital,0.0,0.0
commit:14,1,variable_service,operating,0.0,0.0
commit:14,2,variable_service,operating,0.0,0.0
commit:14,3,variable_service,operating,0.0,0.0
commit:14,4,variable_service,operating,0.0,0.0
commit:14,5,variable_service,operating,0.0,0.0
commit:14,6,variable_service,operating,0.0,0.0
commit:14,7,variable_service,operating,0.0,0.0
commit:14,8,variable_service,operating,0.0,0.0
commit:14,9,variable_service,operating,0.0,0.0
commit:14,10,variable_service,operating,0.0,0.0
commit:14,11,variable_service,operating,0.0,0.0
commit:14,12,variable_service,operating,0.0,0.0
commit:14,13,variable_service,operating,0.0,0.0
commit:14,14,variable_service,operating,0.0,0.0
commit:14,15,variable_service,operating,0.0,0.0
commit:14,16,variable_service,operating,0.0,0.0
commit:14,17,variable_service,operating,0.0,0.0
commit:14,18,variable_service,operating,0.0,0.0
commit:14,19,variable_service,operating,0.0,0.0
commit:14,20,variable_service,operating,0.0,0.0
commit:14,21,variable_service,operating,0.0,0.0
commit:14,22,variable_service,operating,0.0,0.0
commit:14,23,variable_service,operating,0.0,0.0
commit:14,24,variable_service,operating,0.0,0.0
commit:14,25,variable_service,operating,0.0,0.0
commit:14,26,variable_service,operating,0.0,0.0
commit:14,27,variable_service,operating,0.0,0.0
commit:14,28,variable_service,operating,0.0,0.0
commit:14,29,variable_service,operating,0.0,0.0
commit:14,30,variable_service,operating,0.0,0.0
commit:14,31,variable_service,operating,0.0,0.0
commit:14,32,variable_service,operating,0.0,0.0
commit:14,33,variable_service,operating,0.0,0.0
commit:14,34,variable_service,operating,0.0,0.0
commit:14,35,variable_service,operating,0.0,0.0
commit:14,36,variable_service,operating,0.0,0.0
commit:14,0,commitment,capital,0.0,0.0
commit:14,1,commitment,operating,416640.0,413343.9373977543
commit:14,2,commitment,operating,403200.0,396845.758193378
commit:14,3,commitment,operating,416640.0,406829.831922738
commit:14,4,commitment,operating,416640.0,403611.37811494607
commit:14,5,commitment,operating,376320.0,361668.2193213788
commit:14,6,commitment,operating,416640.0,397250.6531832836
commit:14,7,commitment,operating,403200.0,381394.82012925565
commit:14,8,commitment,operating,416640.0,390990.170276128
commit:14,9,commitment,operating,403200.0,375384.2176716802
commit:14,10,commitment,operating,416640.0,384828.34962645825
commit:14,11,commitment,operating,416640.0,381783.9507893622
commit:14,12,commitment,operating,403200.0,366545.45454545453
commit:14,13,commitment,operating,416640.0,375767.2158161403
commit:14,14,commitment,operating,403200.0,360768.871084889
commit:14,15,commitment,operating,416640.0,369845.3017479436
commit:14,16,commitment,operating,416640.0,366919.43464995094
commit:14,17,commitment,operating,389760.0,340531.764945454
commit:14,18,commitment,operating,416640.0,361136.9574393486
commit:14,19,commitment,operating,403200.0,346722.56375386874
commit:14,20,commitment,operating,416640.0,355445.6093419345
commit:14,21,commitment,operating,403200.0,341258.3797015275
commit:14,22,commitment,operating,416640.0,349843.9542058711
commit:14,23,commitment,operating,416640.0,347076.31889942015
commit:14,24,commitment,operating,403200.0,333223.14049586776
commit:14,25,commitment,operating,416640.0,341606.5598328547
commit:14,26,commitment,operating,403200.0,327971.70098626276
commit:14,27,commitment,operating,416640.0,336223.00158903963
commit:14,28,commitment,operating,416640.0,333563.1224090463
commit:14,29,commitment,operating,376320.0,298899.3548110568
commit:14,30,commitment,operating,416640.0,328306.3249448624
commit:14,31,commitment,operating,403200.0,315202.3306853352
commit:14,32,commitment,operating,416640.0,323132.37212903134
commit:14,33,commitment,operating,403200.0,310234.8906377522
commit:14,34,commitment,operating,416640.0,318039.95836897375
commit:14,35,commitment,operating,416640.0,315523.92627220013
commit:14,36,commitment,operating,403200.0,302930.1277235161
commit:14,0,commit_setup,capital,0.0,0.0
commit:14,1,commit_setup,operating,0.0,0.0
commit:14,2,commit_setup,operating,0.0,0.0
commit:14,3,commit_setup,operating,0.0,0.0
commit:14,4,commit_setup,operating,0.0,0.0
commit:14,5,commit_setup,operating,0.0,0.0
commit:14,6,commit_setup,operating,0.0,0.0
commit:14,7,commit_setup,operating,0.0,0.0
commit:14,8,commit_setup,operating,0.0,0.0
commit:14,9,commit_setup,operating,0.0,0.0
commit:14,10,commit_setup,operating,0.0,0.0
commit:14,11,commit_setup,operating,0.0,0.0
commit:14,12,commit_setup,operating,0.0,0.0
commit:14,13,commit_setup,operating,0.0,0.0
commit:14,14,commit_setup,operating,0.0,0.0
commit:14,15,commit_setup,operating,0.0,0.0
commit:14,16,commit_setup,operating,0.0,0.0
commit:14,17,commit_setup,operating,0.0,0.0
commit:14,18,commit_setup,operating,0.0,0.0
commit:14,19,commit_setup,operating,0.0,0.0
commit:14,20,commit_setup,operating,0.0,0.0
commit:14,21,commit_setup,operating,0.0,0.0
commit:14,22,commit_setup,operating,0.0,0.0
commit:14,23,commit_setup,operating,0.0,0.0
commit:14,24,commit_setup,operating,0.0,0.0
commit:14,25,commit_setup,operating,0.0,0.0
commit:14,26,commit_setup,operating,0.0,0.0
commit:14,27,commit_setup,operating,0.0,0.0
commit:14,28,commit_setup,operating,0.0,0.0
commit:14,29,commit_setup,operating,0.0,0.0
commit:14,30,commit_setup,operating,0.0,0.0
commit:14,31,commit_setup,operating,0.0,0.0
commit:14,32,commit_setup,operating,0.0,0.0
commit:14,33,commit_setup,operating,0.0,0.0
commit:14,34,commit_setup,operating,0.0,0.0
commit:14,35,commit_setup,operating,0.0,0.0
commit:14,36,commit_setup,operating,0.0,0.0
commit:14,0,commit_fees,capital,0.0,0.0
commit:14,1,commit_fees,operating,0.0,0.0
commit:14,2,commit_fees,operating,0.0,0.0
commit:14,3,commit_fees,operating,0.0,0.0
commit:14,4,commit_fees,operating,0.0,0.0
commit:14,5,commit_fees,operating,0.0,0.0
commit:14,6,commit_fees,operating,0.0,0.0
commit:14,7,commit_fees,operating,0.0,0.0
commit:14,8,commit_fees,operating,0.0,0.0
commit:14,9,commit_fees,operating,0.0,0.0
commit:14,10,commit_fees,operating,0.0,0.0
commit:14,11,commit_fees,operating,0.0,0.0
commit:14,12,commit_fees,operating,0.0,0.0
commit:14,13,commit_fees,operating,0.0,0.0
commit:14,14,commit_fees,operating,0.0,0.0
commit:14,15,commit_fees,operating,0.0,0.0
commit:14,16,commit_fees,operating,0.0,0.0
commit:14,17,commit_fees,operating,0.0,0.0
commit:14,18,commit_fees,operating,0.0,0.0
commit:14,19,commit_fees,operating,0.0,0.0
commit:14,20,commit_fees,operating,0.0,0.0
commit:14,21,commit_fees,operating,0.0,0.0
commit:14,22,commit_fees,operating,0.0,0.0
commit:14,23,commit_fees,operating,0.0,0.0
commit:14,24,commit_fees,operating,0.0,0.0
commit:14,25,commit_fees,operating,0.0,0.0
commit:14,26,commit_fees,operating,0.0,0.0
commit:14,27,commit_fees,operating,0.0,0.0
commit:14,28,commit_fees,operating,0.0,0.0
commit:14,29,commit_fees,operating,0.0,0.0
commit:14,30,commit_fees,operating,0.0,0.0
commit:14,31,commit_fees,operating,0.0,0.0
commit:14,32,commit_fees,operating,0.0,0.0
commit:14,33,commit_fees,operating,0.0,0.0
commit:14,34,commit_fees,operating,0.0,0.0
commit:14,35,commit_fees,operating,0.0,0.0
commit:14,36,commit_fees,operating,0.0,0.0
commit:15,0,on_demand,capital,0.0,0.0
commit:15,1,on_demand,operating,0.0,0.0
commit:15,2,on_demand,operating,0.0,0.0
commit:15,3,on_demand,operating,0.0,0.0
commit:15,4,on_demand,operating,0.0,0.0
commit:15,5,on_demand,operating,0.0,0.0
commit:15,6,on_demand,operating,0.0,0.0
commit:15,7,on_demand,operating,0.0,0.0
commit:15,8,on_demand,operating,0.0,0.0
commit:15,9,on_demand,operating,0.0,0.0
commit:15,10,on_demand,operating,0.0,0.0
commit:15,11,on_demand,operating,0.0,0.0
commit:15,12,on_demand,operating,0.0,0.0
commit:15,13,on_demand,operating,0.0,0.0
commit:15,14,on_demand,operating,0.0,0.0
commit:15,15,on_demand,operating,0.0,0.0
commit:15,16,on_demand,operating,0.0,0.0
commit:15,17,on_demand,operating,0.0,0.0
commit:15,18,on_demand,operating,0.0,0.0
commit:15,19,on_demand,operating,0.0,0.0
commit:15,20,on_demand,operating,0.0,0.0
commit:15,21,on_demand,operating,0.0,0.0
commit:15,22,on_demand,operating,0.0,0.0
commit:15,23,on_demand,operating,0.0,0.0
commit:15,24,on_demand,operating,0.0,0.0
commit:15,25,on_demand,operating,0.0,0.0
commit:15,26,on_demand,operating,0.0,0.0
commit:15,27,on_demand,operating,0.0,0.0
commit:15,28,on_demand,operating,0.0,0.0
commit:15,29,on_demand,operating,0.0,0.0
commit:15,30,on_demand,operating,0.0,0.0
commit:15,31,on_demand,operating,0.0,0.0
commit:15,32,on_demand,operating,0.0,0.0
commit:15,33,on_demand,operating,0.0,0.0
commit:15,34,on_demand,operating,0.0,0.0
commit:15,35,on_demand,operating,0.0,0.0
commit:15,36,on_demand,operating,0.0,0.0
commit:15,0,variable_service,capital,0.0,0.0
commit:15,1,variable_service,operating,0.0,0.0
commit:15,2,variable_service,operating,0.0,0.0
commit:15,3,variable_service,operating,0.0,0.0
commit:15,4,variable_service,operating,0.0,0.0
commit:15,5,variable_service,operating,0.0,0.0
commit:15,6,variable_service,operating,0.0,0.0
commit:15,7,variable_service,operating,0.0,0.0
commit:15,8,variable_service,operating,0.0,0.0
commit:15,9,variable_service,operating,0.0,0.0
commit:15,10,variable_service,operating,0.0,0.0
commit:15,11,variable_service,operating,0.0,0.0
commit:15,12,variable_service,operating,0.0,0.0
commit:15,13,variable_service,operating,0.0,0.0
commit:15,14,variable_service,operating,0.0,0.0
commit:15,15,variable_service,operating,0.0,0.0
commit:15,16,variable_service,operating,0.0,0.0
commit:15,17,variable_service,operating,0.0,0.0
commit:15,18,variable_service,operating,0.0,0.0
commit:15,19,variable_service,operating,0.0,0.0
commit:15,20,variable_service,operating,0.0,0.0
commit:15,21,variable_service,operating,0.0,0.0
commit:15,22,variable_service,operating,0.0,0.0
commit:15,23,variable_service,operating,0.0,0.0
commit:15,24,variable_service,operating,0.0,0.0
commit:15,25,variable_service,operating,0.0,0.0
commit:15,26,variable_service,operating,0.0,0.0
commit:15,27,variable_service,operating,0.0,0.0
commit:15,28,variable_service,operating,0.0,0.0
commit:15,29,variable_service,operating,0.0,0.0
commit:15,30,variable_service,operating,0.0,0.0
commit:15,31,variable_service,operating,0.0,0.0
commit:15,32,variable_service,operating,0.0,0.0
commit:15,33,variable_service,operating,0.0,0.0
commit:15,34,variable_service,operating,0.0,0.0
commit:15,35,variable_service,operating,0.0,0.0
commit:15,36,variable_service,operating,0.0,0.0
commit:15,0,commitment,capital,0.0,0.0
commit:15,1,commitment,operating,446400.0,442868.50435473677
commit:15,2,commitment,operating,432000.0,425191.8837786193
commit:15,3,commitment,operating,446400.0,435889.105631505
commit:15,4,commitment,operating,446400.0,432440.76226601365
commit:15,5,commitment,operating,403200.0,387501.66355862014
commit:15,6,commitment,operating,446400.0,425625.6998392324
commit:15,7,commitment,operating,432000.0,408637.3072813453
commit:15,8,commitment,operating,446400.0,418918.0395815657
commit:15,9,commitment,operating,432000.0,402197.3760768002
commit:15,10,commitment,operating,446400.0,412316.088885491
commit:15,11,commitment,operating,446400.0,409054.23298860237
commit:15,12,commitment,operating,432000.0,392727.2727272727
commit:15,13,commitment,operating,446400.0,402607.73123157886
commit:15,14,commitment,operating,432000.0,386538.0761623811
commit:15,15,commitment,operating,446400.0,396262.82330136816
commit:15,16,commitment,operating,446400.0,393127.96569637605
commit:15,17,commitment,operating,417600.0,364855.4624415579
commit:15,18,commitment,operating,446400.0,386932.45439930214
commit:15,19,commitment,operating,432000.0,371488.46116485936
commit:15,20,commitment,operating,446400.0,380834.581437787
commit:15,21,commitment,operating,432000.0,365633.97825163655
commit:15,22,commitment,operating,446400.0,374832.80807771906
commit:15,23,commitment,operating,446400.0,371867.484535093
commit:15,24,commitment,operating,432000.0,357024.79338842974
commit:15,25,commitment,operating,446400.0,366007.02839234436
commit:15,26,commitment,operating,432000.0,351398.2510567101
commit:15,27,commitment,operating,446400.0,360238.930273971
commit:15,28,commitment,operating,446400.0,357389.05972397816
commit:15,29,commitment,operating,403200.0,320249.3087261323
commit:15,30,commitment,operating,446400.0,351756.77672663826
commit:15,31,commitment,operating,432000.0,337716.78287714487
commit:15,32,commitment,operating,446400.0,346213.2558525336
commit:15,33,commitment,operating,432000.0,332394.5256833059
commit:15,34,commitment,operating,446400.0,340757.0982524718
commit:15,35,commitment,operating,446400.0,338061.3495773573
commit:15,36,commitment,operating,432000.0,324567.9939894815
commit:15,0,commit_setup,capital,0.0,0.0
commit:15,1,commit_setup,operating,0.0,0.0
commit:15,2,commit_setup,operating,0.0,0.0
commit:15,3,commit_setup,operating,0.0,0.0
commit:15,4,commit_setup,operating,0.0,0.0
commit:15,5,commit_setup,operating,0.0,0.0
commit:15,6,commit_setup,operating,0.0,0.0
commit:15,7,commit_setup,operating,0.0,0.0
commit:15,8,commit_setup,operating,0.0,0.0
commit:15,9,commit_setup,operating,0.0,0.0
commit:15,10,commit_setup,operating,0.0,0.0
commit:15,11,commit_setup,operating,0.0,0.0
commit:15,12,commit_setup,operating,0.0,0.0
commit:15,13,commit_setup,operating,0.0,0.0
commit:15,14,commit_setup,operating,0.0,0.0
commit:15,15,commit_setup,operating,0.0,0.0
commit:15,16,commit_setup,operating,0.0,0.0
commit:15,17,commit_setup,operating,0.0,0.0
commit:15,18,commit_setup,operating,0.0,0.0
commit:15,19,commit_setup,operating,0.0,0.0
commit:15,20,commit_setup,operating,0.0,0.0
commit:15,21,commit_setup,operating,0.0,0.0
commit:15,22,commit_setup,operating,0.0,0.0
commit:15,23,commit_setup,operating,0.0,0.0
commit:15,24,commit_setup,operating,0.0,0.0
commit:15,25,commit_setup,operating,0.0,0.0
commit:15,26,commit_setup,operating,0.0,0.0
commit:15,27,commit_setup,operating,0.0,0.0
commit:15,28,commit_setup,operating,0.0,0.0
commit:15,29,commit_setup,operating,0.0,0.0
commit:15,30,commit_setup,operating,0.0,0.0
commit:15,31,commit_setup,operating,0.0,0.0
commit:15,32,commit_setup,operating,0.0,0.0
commit:15,33,commit_setup,operating,0.0,0.0
commit:15,34,commit_setup,operating,0.0,0.0
commit:15,35,commit_setup,operating,0.0,0.0
commit:15,36,commit_setup,operating,0.0,0.0
commit:15,0,commit_fees,capital,0.0,0.0
commit:15,1,commit_fees,operating,0.0,0.0
commit:15,2,commit_fees,operating,0.0,0.0
commit:15,3,commit_fees,operating,0.0,0.0
commit:15,4,commit_fees,operating,0.0,0.0
commit:15,5,commit_fees,operating,0.0,0.0
commit:15,6,commit_fees,operating,0.0,0.0
commit:15,7,commit_fees,operating,0.0,0.0
commit:15,8,commit_fees,operating,0.0,0.0
commit:15,9,commit_fees,operating,0.0,0.0
commit:15,10,commit_fees,operating,0.0,0.0
commit:15,11,commit_fees,operating,0.0,0.0
commit:15,12,commit_fees,operating,0.0,0.0
commit:15,13,commit_fees,operating,0.0,0.0
commit:15,14,commit_fees,operating,0.0,0.0
commit:15,15,commit_fees,operating,0.0,0.0
commit:15,16,commit_fees,operating,0.0,0.0
commit:15,17,commit_fees,operating,0.0,0.0
commit:15,18,commit_fees,operating,0.0,0.0
commit:15,19,commit_fees,operating,0.0,0.0
commit:15,20,commit_fees,operating,0.0,0.0
commit:15,21,commit_fees,operating,0.0,0.0
commit:15,22,commit_fees,operating,0.0,0.0
commit:15,23,commit_fees,operating,0.0,0.0
commit:15,24,commit_fees,operating,0.0,0.0
commit:15,25,commit_fees,operating,0.0,0.0
commit:15,26,commit_fees,operating,0.0,0.0
commit:15,27,commit_fees,operating,0.0,0.0
commit:15,28,commit_fees,operating,0.0,0.0
commit:15,29,commit_fees,operating,0.0,0.0
commit:15,30,commit_fees,operating,0.0,0.0
commit:15,31,commit_fees,operating,0.0,0.0
commit:15,32,commit_fees,operating,0.0,0.0
commit:15,33,commit_fees,operating,0.0,0.0
commit:15,34,commit_fees,operating,0.0,0.0
commit:15,35,commit_fees,operating,0.0,0.0
commit:15,36,commit_fees,operating,0.0,0.0
commit:16,0,on_demand,capital,0.0,0.0
commit:16,1,on_demand,operating,0.0,0.0
commit:16,2,on_demand,operating,0.0,0.0
commit:16,3,on_demand,operating,0.0,0.0
commit:16,4,on_demand,operating,0.0,0.0
commit:16,5,on_demand,operating,0.0,0.0
commit:16,6,on_demand,operating,0.0,0.0
commit:16,7,on_demand,operating,0.0,0.0
commit:16,8,on_demand,operating,0.0,0.0
commit:16,9,on_demand,operating,0.0,0.0
commit:16,10,on_demand,operating,0.0,0.0
commit:16,11,on_demand,operating,0.0,0.0
commit:16,12,on_demand,operating,0.0,0.0
commit:16,13,on_demand,operating,0.0,0.0
commit:16,14,on_demand,operating,0.0,0.0
commit:16,15,on_demand,operating,0.0,0.0
commit:16,16,on_demand,operating,0.0,0.0
commit:16,17,on_demand,operating,0.0,0.0
commit:16,18,on_demand,operating,0.0,0.0
commit:16,19,on_demand,operating,0.0,0.0
commit:16,20,on_demand,operating,0.0,0.0
commit:16,21,on_demand,operating,0.0,0.0
commit:16,22,on_demand,operating,0.0,0.0
commit:16,23,on_demand,operating,0.0,0.0
commit:16,24,on_demand,operating,0.0,0.0
commit:16,25,on_demand,operating,0.0,0.0
commit:16,26,on_demand,operating,0.0,0.0
commit:16,27,on_demand,operating,0.0,0.0
commit:16,28,on_demand,operating,0.0,0.0
commit:16,29,on_demand,operating,0.0,0.0
commit:16,30,on_demand,operating,0.0,0.0
commit:16,31,on_demand,operating,0.0,0.0
commit:16,32,on_demand,operating,0.0,0.0
commit:16,33,on_demand,operating,0.0,0.0
commit:16,34,on_demand,operating,0.0,0.0
commit:16,35,on_demand,operating,0.0,0.0
commit:16,36,on_demand,operating,0.0,0.0
commit:16,0,variable_service,capital,0.0,0.0
commit:16,1,variable_service,operating,0.0,0.0
commit:16,2,variable_service,operating,0.0,0.0
commit:16,3,variable_service,operating,0.0,0.0
commit:16,4,variable_service,operating,0.0,0.0
commit:16,5,variable_service,operating,0.0,0.0
commit:16,6,variable_service,operating,0.0,0.0
commit:16,7,variable_service,operating,0.0,0.0
commit:16,8,variable_service,operating,0.0,0.0
commit:16,9,variable_service,operating,0.0,0.0
commit:16,10,variable_service,operating,0.0,0.0
commit:16,11,variable_service,operating,0.0,0.0
commit:16,12,variable_service,operating,0.0,0.0
commit:16,13,variable_service,operating,0.0,0.0
commit:16,14,variable_service,operating,0.0,0.0
commit:16,15,variable_service,operating,0.0,0.0
commit:16,16,variable_service,operating,0.0,0.0
commit:16,17,variable_service,operating,0.0,0.0
commit:16,18,variable_service,operating,0.0,0.0
commit:16,19,variable_service,operating,0.0,0.0
commit:16,20,variable_service,operating,0.0,0.0
commit:16,21,variable_service,operating,0.0,0.0
commit:16,22,variable_service,operating,0.0,0.0
commit:16,23,variable_service,operating,0.0,0.0
commit:16,24,variable_service,operating,0.0,0.0
commit:16,25,variable_service,operating,0.0,0.0
commit:16,26,variable_service,operating,0.0,0.0
commit:16,27,variable_service,operating,0.0,0.0
commit:16,28,variable_service,operating,0.0,0.0
commit:16,29,variable_service,operating,0.0,0.0
commit:16,30,variable_service,operating,0.0,0.0
commit:16,31,variable_service,operating,0.0,0.0
commit:16,32,variable_service,operating,0.0,0.0
commit:16,33,variable_service,operating,0.0,0.0
commit:16,34,variable_service,operating,0.0,0.0
commit:16,35,variable_service,operating,0.0,0.0
commit:16,36,variable_service,operating,0.0,0.0
commit:16,0,commitment,capital,0.0,0.0
commit:16,1,commitment,operating,476160.0,472393.0713117192
commit:16,2,commitment,operating,460800.0,453538.00936386053
commit:16,3,commitment,operating,476160.0,464948.37934027205
commit:16,4,commitment,operating,476160.0,461270.14641708124
commit:16,5,commitment,operating,430080.0,413335.1077958615
commit:16,6,commitment,operating,476160.0,454000.7464951812
commit:16,7,commitment,operating,460800.0,435879.794433435
commit:16,8,commitment,operating,476160.0,446845.90888700343
commit:16,9,commitment,operating,460800.0,429010.53448192024
commit:16,10,commitment,operating,476160.0,439803.8281445237
commit:16,11,commitment,operating,476160.0,436324.51518784254
commit:16,12,commitment,operating,460800.0,418909.0909090909
commit:16,13,commitment,operating,476160.0,429448.2466470174
commit:16,14,commitment,operating,460800.0,412307.28123987315
commit:16,15,commitment,operating,476160.0,422680.34485479275
commit:16,16,commitment,operating,476160.0,419336.4967428011
commit:16,17,commitment,operating,445440.0,389179.1599376617
commit:16,18,commitment,operating,476160.0,412727.9513592556
commit:16,19,commitment,operating,460800.0,396254.35857585
commit:16,20,commitment,operating,476160.0,406223.5535336394
commit:16,21,commitment,operating,460800.0,390009.5768017457
commit:16,22,commitment,operating,476160.0,399821.661949567
commit:16,23,commitment,operating,476160.0,396658.6501707659
commit:16,24,commitment,operating,460800.0,380826.4462809917
commit:16,25,commitment,operating,476160.0,390407.49695183395
commit:16,26,commitment,operating,460800.0,374824.8011271574
commit:16,27,commitment,operating,476160.0,384254.8589589024
commit:16,28,commitment,operating,476160.0,381214.99703891
commit:16,29,commitment,operating,430080.0,341599.2626412078
commit:16,30,commitment,operating,476160.0,375207.2285084142
commit:16,31,commitment,operating,460800.0,360231.2350689545
commit:16,32,commitment,operating,476160.0,369294.13957603584
commit:16,33,commitment,operating,460800.0,354554.16072885966
commit:16,34,commitment,operating,476160.0,363474.23813596996
commit:16,35,commitment,operating,476160.0,360598.77288251446
commit:16,36,commitment,operating,460800.0,346205.8602554469
commit:16,0,commit_setup,capital,0.0,0.0
commit:16,1,commit_setup,operating,0.0,0.0
commit:16,2,commit_setup,operating,0.0,0.0
commit:16,3,commit_setup,operating,0.0,0.0
commit:16,4,commit_setup,operating,0.0,0.0
commit:16,5,commit_setup,operating,0.0,0.0
commit:16,6,commit_setup,operating,0.0,0.0
commit:16,7,commit_setup,operating,0.0,0.0
commit:16,8,commit_setup,operating,0.0,0.0
commit:16,9,commit_setup,operating,0.0,0.0
commit:16,10,commit_setup,operating,0.0,0.0
commit:16,11,commit_setup,operating,0.0,0.0
commit:16,12,commit_setup,operating,0.0,0.0
commit:16,13,commit_setup,operating,0.0,0.0
commit:16,14,commit_setup,operating,0.0,0.0
commit:16,15,commit_setup,operating,0.0,0.0
commit:16,16,commit_setup,operating,0.0,0.0
commit:16,17,commit_setup,operating,0.0,0.0
commit:16,18,commit_setup,operating,0.0,0.0
commit:16,19,commit_setup,operating,0.0,0.0
commit:16,20,commit_setup,operating,0.0,0.0
commit:16,21,commit_setup,operating,0.0,0.0
commit:16,22,commit_setup,operating,0.0,0.0
commit:16,23,commit_setup,operating,0.0,0.0
commit:16,24,commit_setup,operating,0.0,0.0
commit:16,25,commit_setup,operating,0.0,0.0
commit:16,26,commit_setup,operating,0.0,0.0
commit:16,27,commit_setup,operating,0.0,0.0
commit:16,28,commit_setup,operating,0.0,0.0
commit:16,29,commit_setup,operating,0.0,0.0
commit:16,30,commit_setup,operating,0.0,0.0
commit:16,31,commit_setup,operating,0.0,0.0
commit:16,32,commit_setup,operating,0.0,0.0
commit:16,33,commit_setup,operating,0.0,0.0
commit:16,34,commit_setup,operating,0.0,0.0
commit:16,35,commit_setup,operating,0.0,0.0
commit:16,36,commit_setup,operating,0.0,0.0
commit:16,0,commit_fees,capital,0.0,0.0
commit:16,1,commit_fees,operating,0.0,0.0
commit:16,2,commit_fees,operating,0.0,0.0
commit:16,3,commit_fees,operating,0.0,0.0
commit:16,4,commit_fees,operating,0.0,0.0
commit:16,5,commit_fees,operating,0.0,0.0
commit:16,6,commit_fees,operating,0.0,0.0
commit:16,7,commit_fees,operating,0.0,0.0
commit:16,8,commit_fees,operating,0.0,0.0
commit:16,9,commit_fees,operating,0.0,0.0
commit:16,10,commit_fees,operating,0.0,0.0
commit:16,11,commit_fees,operating,0.0,0.0
commit:16,12,commit_fees,operating,0.0,0.0
commit:16,13,commit_fees,operating,0.0,0.0
commit:16,14,commit_fees,operating,0.0,0.0
commit:16,15,commit_fees,operating,0.0,0.0
commit:16,16,commit_fees,operating,0.0,0.0
commit:16,17,commit_fees,operating,0.0,0.0
commit:16,18,commit_fees,operating,0.0,0.0
commit:16,19,commit_fees,operating,0.0,0.0
commit:16,20,commit_fees,operating,0.0,0.0
commit:16,21,commit_fees,operating,0.0,0.0
commit:16,22,commit_fees,operating,0.0,0.0
commit:16,23,commit_fees,operating,0.0,0.0
commit:16,24,commit_fees,operating,0.0,0.0
commit:16,25,commit_fees,operating,0.0,0.0
commit:16,26,commit_fees,operating,0.0,0.0
commit:16,27,commit_fees,operating,0.0,0.0
commit:16,28,commit_fees,operating,0.0,0.0
commit:16,29,commit_fees,operating,0.0,0.0
commit:16,30,commit_fees,operating,0.0,0.0
commit:16,31,commit_fees,operating,0.0,0.0
commit:16,32,commit_fees,operating,0.0,0.0
commit:16,33,commit_fees,operating,0.0,0.0
commit:16,34,commit_fees,operating,0.0,0.0
commit:16,35,commit_fees,operating,0.0,0.0
commit:16,36,commit_fees,operating,0.0,0.0
commit:17,0,on_demand,capital,0.0,0.0
commit:17,1,on_demand,operating,0.0,0.0
commit:17,2,on_demand,operating,0.0,0.0
commit:17,3,on_demand,operating,0.0,0.0
commit:17,4,on_demand,operating,0.0,0.0
commit:17,5,on_demand,operating,0.0,0.0
commit:17,6,on_demand,operating,0.0,0.0
commit:17,7,on_demand,operating,0.0,0.0
commit:17,8,on_demand,operating,0.0,0.0
commit:17,9,on_demand,operating,0.0,0.0
commit:17,10,on_demand,operating,0.0,0.0
commit:17,11,on_demand,operating,0.0,0.0
commit:17,12,on_demand,operating,0.0,0.0
commit:17,13,on_demand,operating,0.0,0.0
commit:17,14,on_demand,operating,0.0,0.0
commit:17,15,on_demand,operating,0.0,0.0
commit:17,16,on_demand,operating,0.0,0.0
commit:17,17,on_demand,operating,0.0,0.0
commit:17,18,on_demand,operating,0.0,0.0
commit:17,19,on_demand,operating,0.0,0.0
commit:17,20,on_demand,operating,0.0,0.0
commit:17,21,on_demand,operating,0.0,0.0
commit:17,22,on_demand,operating,0.0,0.0
commit:17,23,on_demand,operating,0.0,0.0
commit:17,24,on_demand,operating,0.0,0.0
commit:17,25,on_demand,operating,0.0,0.0
commit:17,26,on_demand,operating,0.0,0.0
commit:17,27,on_demand,operating,0.0,0.0
commit:17,28,on_demand,operating,0.0,0.0
commit:17,29,on_demand,operating,0.0,0.0
commit:17,30,on_demand,operating,0.0,0.0
commit:17,31,on_demand,operating,0.0,0.0
commit:17,32,on_demand,operating,0.0,0.0
commit:17,33,on_demand,operating,0.0,0.0
commit:17,34,on_demand,operating,0.0,0.0
commit:17,35,on_demand,operating,0.0,0.0
commit:17,36,on_demand,operating,0.0,0.0
commit:17,0,variable_service,capital,0.0,0.0
commit:17,1,variable_service,operating,0.0,0.0
commit:17,2,variable_service,operating,0.0,0.0
commit:17,3,variable_service,operating,0.0,0.0
commit:17,4,variable_service,operating,0.0,0.0
commit:17,5,variable_service,operating,0.0,0.0
commit:17,6,variable_service,operating,0.0,0.0
commit:17,7,variable_service,operating,0.0,0.0
commit:17,8,variable_service,operating,0.0,0.0
commit:17,9,variable_service,operating,0.0,0.0
commit:17,10,variable_service,operating,0.0,0.0
commit:17,11,variable_service,operating,0.0,0.0
commit:17,12,variable_service,operating,0.0,0.0
commit:17,13,variable_service,operating,0.0,0.0
commit:17,14,variable_service,operating,0.0,0.0
commit:17,15,variable_service,operating,0.0,0.0
commit:17,16,variable_service,operating,0.0,0.0
commit:17,17,variable_service,operating,0.0,0.0
commit:17,18,variable_service,operating,0.0,0.0
commit:17,19,variable_service,operating,0.0,0.0
commit:17,20,variable_service,operating,0.0,0.0
commit:17,21,variable_service,operating,0.0,0.0
commit:17,22,variable_service,operating,0.0,0.0
commit:17,23,variable_service,operating,0.0,0.0
commit:17,24,variable_service,operating,0.0,0.0
commit:17,25,variable_service,operating,0.0,0.0
commit:17,26,variable_service,operating,0.0,0.0
commit:17,27,variable_service,operating,0.0,0.0
commit:17,28,variable_service,operating,0.0,0.0
commit:17,29,variable_service,operating,0.0,0.0
commit:17,30,variable_service,operating,0.0,0.0
commit:17,31,variable_service,operating,0.0,0.0
commit:17,32,variable_service,operating,0.0,0.0
commit:17,33,variable_service,operating,0.0,0.0
commit:17,34,variable_service,operating,0.0,0.0
commit:17,35,variable_service,operating,0.0,0.0
commit:17,36,variable_service,operating,0.0,0.0
commit:17,0,commitment,capital,0.0,0.0
commit:17,1,commitment,operating,505920.0,501917.6382687017
commit:17,2,commitment,operating,489600.0,481884.13494910183
commit:17,3,commitment,operating,505920.0,494007.653049039
commit:17,4,commitment,operating,505920.0,490099.53056814877
commit:17,5,commitment,operating,456960.0,439168.55203310284
commit:17,6,commitment,operating,505920.0,482375.79315113
commit:17,7,commitment,operating,489600.0,463122.2815855247
commit:17,8,commitment,operating,505920.0,474773.77819244115
commit:17,9,commitment,operating,489600.0,455823.69288704026
commit:17,10,commitment,operating,505920.0,467291.56740355643
commit:17,11,commitment,operating,505920.0,463594.7973870827
commit:17,12,commitment,operating,489600.0,445090.90909090906
commit:17,13,commitment,operating,505920.0,456288.76206245605
commit:17,14,commitment,operating,489600.0,438076.48631736526
commit:17,15,commitment,operating,505920.0,449097.8664082173
commit:17,16,commitment,operating,505920.0,445545.02778922615
commit:17,17,commitment,operating,473280.0,413502.8574337656
commit:17,18,commitment,operating,505920.0,438523.4483192091
commit:17,19,commitment,operating,489600.0,421020.25598684064
commit:17,20,commitment,operating,505920.0,431612.5256294919
commit:17,21,commitment,operating,489600.0,414385.17535185476
commit:17,22,commitment,operating,505920.0,424810.51582141494
commit:17,23,commitment,operating,505920.0,421449.81580643874
commit:17,24,commitment,operating,489600.0,404628.0991735537
commit:17,25,commitment,operating,505920.0,414807.9655113236
commit:17,26,commitment,operating,489600.0,398251.3511976048
commit:17,27,commitment,operating,505920.0,408270.7876438338
commit:17,28,commitment,operating,505920.0,405040.9343538419
commit:17,29,commitment,operating,456960.0,362949.2165562833
commit:17,30,commitment,operating,505920.0,398657.68029019004
commit:17,31,commitment,operating,489600.0,382745.6872607642
commit:17,32,commitment,operating,505920.0,392375.02329953806
commit:17,33,commitment,operating,489600.0,376713.7957744134
commit:17,34,commitment,operating,505920.0,386191.3780194681
commit:17,35,commitment,operating,505920.0,383136.19618767156
commit:17,36,commitment,operating,489600.0,367843.7265214124
commit:17,0,commit_setup,capital,0.0,0.0
commit:17,1,commit_setup,operating,0.0,0.0
commit:17,2,commit_setup,operating,0.0,0.0
commit:17,3,commit_setup,operating,0.0,0.0
commit:17,4,commit_setup,operating,0.0,0.0
commit:17,5,commit_setup,operating,0.0,0.0
commit:17,6,commit_setup,operating,0.0,0.0
commit:17,7,commit_setup,operating,0.0,0.0
commit:17,8,commit_setup,operating,0.0,0.0
commit:17,9,commit_setup,operating,0.0,0.0
commit:17,10,commit_setup,operating,0.0,0.0
commit:17,11,commit_setup,operating,0.0,0.0
commit:17,12,commit_setup,operating,0.0,0.0
commit:17,13,commit_setup,operating,0.0,0.0
commit:17,14,commit_setup,operating,0.0,0.0
commit:17,15,commit_setup,operating,0.0,0.0
commit:17,16,commit_setup,operating,0.0,0.0
commit:17,17,commit_setup,operating,0.0,0.0
commit:17,18,commit_setup,operating,0.0,0.0
commit:17,19,commit_setup,operating,0.0,0.0
commit:17,20,commit_setup,operating,0.0,0.0
commit:17,21,commit_setup,operating,0.0,0.0
commit:17,22,commit_setup,operating,0.0,0.0
commit:17,23,commit_setup,operating,0.0,0.0
commit:17,24,commit_setup,operating,0.0,0.0
commit:17,25,commit_setup,operating,0.0,0.0
commit:17,26,commit_setup,operating,0.0,0.0
commit:17,27,commit_setup,operating,0.0,0.0
commit:17,28,commit_setup,operating,0.0,0.0
commit:17,29,commit_setup,operating,0.0,0.0
commit:17,30,commit_setup,operating,0.0,0.0
commit:17,31,commit_setup,operating,0.0,0.0
commit:17,32,commit_setup,operating,0.0,0.0
commit:17,33,commit_setup,operating,0.0,0.0
commit:17,34,commit_setup,operating,0.0,0.0
commit:17,35,commit_setup,operating,0.0,0.0
commit:17,36,commit_setup,operating,0.0,0.0
commit:17,0,commit_fees,capital,0.0,0.0
commit:17,1,commit_fees,operating,0.0,0.0
commit:17,2,commit_fees,operating,0.0,0.0
commit:17,3,commit_fees,operating,0.0,0.0
commit:17,4,commit_fees,operating,0.0,0.0
commit:17,5,commit_fees,operating,0.0,0.0
commit:17,6,commit_fees,operating,0.0,0.0
commit:17,7,commit_fees,operating,0.0,0.0
commit:17,8,commit_fees,operating,0.0,0.0
commit:17,9,commit_fees,operating,0.0,0.0
commit:17,10,commit_fees,operating,0.0,0.0
commit:17,11,commit_fees,operating,0.0,0.0
commit:17,12,commit_fees,operating,0.0,0.0
commit:17,13,commit_fees,operating,0.0,0.0
commit:17,14,commit_fees,operating,0.0,0.0
commit:17,15,commit_fees,operating,0.0,0.0
commit:17,16,commit_fees,operating,0.0,0.0
commit:17,17,commit_fees,operating,0.0,0.0
commit:17,18,commit_fees,operating,0.0,0.0
commit:17,19,commit_fees,operating,0.0,0.0
commit:17,20,commit_fees,operating,0.0,0.0
commit:17,21,commit_fees,operating,0.0,0.0
commit:17,22,commit_fees,operating,0.0,0.0
commit:17,23,commit_fees,operating,0.0,0.0
commit:17,24,commit_fees,operating,0.0,0.0
commit:17,25,commit_fees,operating,0.0,0.0
commit:17,26,commit_fees,operating,0.0,0.0
commit:17,27,commit_fees,operating,0.0,0.0
commit:17,28,commit_fees,operating,0.0,0.0
commit:17,29,commit_fees,operating,0.0,0.0
commit:17,30,commit_fees,operating,0.0,0.0
commit:17,31,commit_fees,operating,0.0,0.0
commit:17,32,commit_fees,operating,0.0,0.0
commit:17,33,commit_fees,operating,0.0,0.0
commit:17,34,commit_fees,operating,0.0,0.0
commit:17,35,commit_fees,operating,0.0,0.0
commit:17,36,commit_fees,operating,0.0,0.0
commit:18,0,on_demand,capital,0.0,0.0
commit:18,1,on_demand,operating,0.0,0.0
commit:18,2,on_demand,operating,0.0,0.0
commit:18,3,on_demand,operating,0.0,0.0
commit:18,4,on_demand,operating,0.0,0.0
commit:18,5,on_demand,operating,0.0,0.0
commit:18,6,on_demand,operating,0.0,0.0
commit:18,7,on_demand,operating,0.0,0.0
commit:18,8,on_demand,operating,0.0,0.0
commit:18,9,on_demand,operating,0.0,0.0
commit:18,10,on_demand,operating,0.0,0.0
commit:18,11,on_demand,operating,0.0,0.0
commit:18,12,on_demand,operating,0.0,0.0
commit:18,13,on_demand,operating,0.0,0.0
commit:18,14,on_demand,operating,0.0,0.0
commit:18,15,on_demand,operating,0.0,0.0
commit:18,16,on_demand,operating,0.0,0.0
commit:18,17,on_demand,operating,0.0,0.0
commit:18,18,on_demand,operating,0.0,0.0
commit:18,19,on_demand,operating,0.0,0.0
commit:18,20,on_demand,operating,0.0,0.0
commit:18,21,on_demand,operating,0.0,0.0
commit:18,22,on_demand,operating,0.0,0.0
commit:18,23,on_demand,operating,0.0,0.0
commit:18,24,on_demand,operating,0.0,0.0
commit:18,25,on_demand,operating,0.0,0.0
commit:18,26,on_demand,operating,0.0,0.0
commit:18,27,on_demand,operating,0.0,0.0
commit:18,28,on_demand,operating,0.0,0.0
commit:18,29,on_demand,operating,0.0,0.0
commit:18,30,on_demand,operating,0.0,0.0
commit:18,31,on_demand,operating,0.0,0.0
commit:18,32,on_demand,operating,0.0,0.0
commit:18,33,on_demand,operating,0.0,0.0
commit:18,34,on_demand,operating,0.0,0.0
commit:18,35,on_demand,operating,0.0,0.0
commit:18,36,on_demand,operating,0.0,0.0
commit:18,0,variable_service,capital,0.0,0.0
commit:18,1,variable_service,operating,0.0,0.0
commit:18,2,variable_service,operating,0.0,0.0
commit:18,3,variable_service,operating,0.0,0.0
commit:18,4,variable_service,operating,0.0,0.0
commit:18,5,variable_service,operating,0.0,0.0
commit:18,6,variable_service,operating,0.0,0.0
commit:18,7,variable_service,operating,0.0,0.0
commit:18,8,variable_service,operating,0.0,0.0
commit:18,9,variable_service,operating,0.0,0.0
commit:18,10,variable_service,operating,0.0,0.0
commit:18,11,variable_service,operating,0.0,0.0
commit:18,12,variable_service,operating,0.0,0.0
commit:18,13,variable_service,operating,0.0,0.0
commit:18,14,variable_service,operating,0.0,0.0
commit:18,15,variable_service,operating,0.0,0.0
commit:18,16,variable_service,operating,0.0,0.0
commit:18,17,variable_service,operating,0.0,0.0
commit:18,18,variable_service,operating,0.0,0.0
commit:18,19,variable_service,operating,0.0,0.0
commit:18,20,variable_service,operating,0.0,0.0
commit:18,21,variable_service,operating,0.0,0.0
commit:18,22,variable_service,operating,0.0,0.0
commit:18,23,variable_service,operating,0.0,0.0
commit:18,24,variable_service,operating,0.0,0.0
commit:18,25,variable_service,operating,0.0,0.0
commit:18,26,variable_service,operating,0.0,0.0
commit:18,27,variable_service,operating,0.0,0.0
commit:18,28,variable_service,operating,0.0,0.0
commit:18,29,variable_service,operating,0.0,0.0
commit:18,30,variable_service,operating,0.0,0.0
commit:18,31,variable_service,operating,0.0,0.0
commit:18,32,variable_service,operating,0.0,0.0
commit:18,33,variable_service,operating,0.0,0.0
commit:18,34,variable_service,operating,0.0,0.0
commit:18,35,variable_service,operating,0.0,0.0
commit:18,36,variable_service,operating,0.0,0.0
commit:18,0,commitment,capital,0.0,0.0
commit:18,1,commitment,operating,535680.0,531442.2052256841
commit:18,2,commitment,operating,518400.0,510230.26053434314
commit:18,3,commitment,operating,535680.0,523066.92675780604
commit:18,4,commitment,operating,535680.0,518928.91471921635
commit:18,5,commitment,operating,483840.0,465001.9962703442
commit:18,6,commitment,operating,535680.0,510750.8398070788
commit:18,7,commitment,operating,518400.0,490364.7687376144
commit:18,8,commitment,operating,535680.0,502701.6474978789
commit:18,9,commitment,operating,518400.0,482636.8512921603
commit:18,10,commitment,operating,535680.0,494779.3066625892
commit:18,11,commitment,operating,535680.0,490865.0795863228
commit:18,12,commitment,operating,518400.0,471272.72727272724
commit:18,13,commitment,operating,535680.0,483129.2774778946
commit:18,14,commitment,operating,518400.0,463845.6913948573
commit:18,15,commitment,operating,535680.0,475515.3879616418
commit:18,16,commitment,operating,535680.0,471753.5588356512
commit:18,17,commitment,operating,501120.0,437826.5549298695
commit:18,18,commitment,operating,535680.0,464318.94527916255
commit:18,19,commitment,operating,518400.0,445786.15339783125
commit:18,20,commitment,operating,535680.0,457001.4977253444
commit:18,21,commitment,operating,518400.0,438760.7739019639
commit:18,22,commitment,operating,535680.0,449799.36969326285
commit:18,23,commitment,operating,535680.0,446240.9814421116
commit:18,24,commitment,operating,518400.0,428429.7520661157
commit:18,25,commitment,operating,535680.0,439208.43407081324
commit:18,26,commitment,operating,518400.0,421677.9012680521
commit:18,27,commitment,operating,535680.0,432286.7163287652
commit:18,28,commitment,operating,535680.0,428866.87166877376
commit:18,29,commitment,operating,483840.0,384299.17047135875
commit:18,30,commitment,operating,535680.0,422108.13207196596
commit:18,31,commitment,operating,518400.0,405260.13945257384
commit:18,32,commitment,operating,535680.0,415455.9070230403
commit:18,33,commitment,operating,518400.0,398873.4308199671
commit:18,34,commitment,operating,535680.0,408908.51790296624
commit:18,35,commitment,operating,535680.0,405673.61949282873
commit:18,36,commitment,operating,518400.0,389481.59278737777
commit:18,0,commit_setup,capital,0.0,0.0
commit:18,1,commit_setup,operating,0.0,0.0
commit:18,2,commit_setup,operating,0.0,0.0
commit:18,3,commit_setup,operating,0.0,0.0
commit:18,4,commit_setup,operating,0.0,0.0
commit:18,5,commit_setup,operating,0.0,0.0
commit:18,6,commit_setup,operating,0.0,0.0
commit:18,7,commit_setup,operating,0.0,0.0
commit:18,8,commit_setup,operating,0.0,0.0
commit:18,9,commit_setup,operating,0.0,0.0
commit:18,10,commit_setup,operating,0.0,0.0
commit:18,11,commit_setup,operating,0.0,0.0
commit:18,12,commit_setup,operating,0.0,0.0
commit:18,13,commit_setup,operating,0.0,0.0
commit:18,14,commit_setup,operating,0.0,0.0
commit:18,15,commit_setup,operating,0.0,0.0
commit:18,16,commit_setup,operating,0.0,0.0
commit:18,17,commit_setup,operating,0.0,0.0
commit:18,18,commit_setup,operating,0.0,0.0
commit:18,19,commit_setup,operating,0.0,0.0
commit:18,20,commit_setup,operating,0.0,0.0
commit:18,21,commit_setup,operating,0.0,0.0
commit:18,22,commit_setup,operating,0.0,0.0
commit:18,23,commit_setup,operating,0.0,0.0
commit:18,24,commit_setup,operating,0.0,0.0
commit:18,25,commit_setup,operating,0.0,0.0
commit:18,26,commit_setup,operating,0.0,0.0
commit:18,27,commit_setup,operating,0.0,0.0
commit:18,28,commit_setup,operating,0.0,0.0
commit:18,29,commit_setup,operating,0.0,0.0
commit:18,30,commit_setup,operating,0.0,0.0
commit:18,31,commit_setup,operating,0.0,0.0
commit:18,32,commit_setup,operating,0.0,0.0
commit:18,33,commit_setup,operating,0.0,0.0
commit:18,34,commit_setup,operating,0.0,0.0
commit:18,35,commit_setup,operating,0.0,0.0
commit:18,36,commit_setup,operating,0.0,0.0
commit:18,0,commit_fees,capital,0.0,0.0
commit:18,1,commit_fees,operating,0.0,0.0
commit:18,2,commit_fees,operating,0.0,0.0
commit:18,3,commit_fees,operating,0.0,0.0
commit:18,4,commit_fees,operating,0.0,0.0
commit:18,5,commit_fees,operating,0.0,0.0
commit:18,6,commit_fees,operating,0.0,0.0
commit:18,7,commit_fees,operating,0.0,0.0
commit:18,8,commit_fees,operating,0.0,0.0
commit:18,9,commit_fees,operating,0.0,0.0
commit:18,10,commit_fees,operating,0.0,0.0
commit:18,11,commit_fees,operating,0.0,0.0
commit:18,12,commit_fees,operating,0.0,0.0
commit:18,13,commit_fees,operating,0.0,0.0
commit:18,14,commit_fees,operating,0.0,0.0
commit:18,15,commit_fees,operating,0.0,0.0
commit:18,16,commit_fees,operating,0.0,0.0
commit:18,17,commit_fees,operating,0.0,0.0
commit:18,18,commit_fees,operating,0.0,0.0
commit:18,19,commit_fees,operating,0.0,0.0
commit:18,20,commit_fees,operating,0.0,0.0
commit:18,21,commit_fees,operating,0.0,0.0
commit:18,22,commit_fees,operating,0.0,0.0
commit:18,23,commit_fees,operating,0.0,0.0
commit:18,24,commit_fees,operating,0.0,0.0
commit:18,25,commit_fees,operating,0.0,0.0
commit:18,26,commit_fees,operating,0.0,0.0
commit:18,27,commit_fees,operating,0.0,0.0
commit:18,28,commit_fees,operating,0.0,0.0
commit:18,29,commit_fees,operating,0.0,0.0
commit:18,30,commit_fees,operating,0.0,0.0
commit:18,31,commit_fees,operating,0.0,0.0
commit:18,32,commit_fees,operating,0.0,0.0
commit:18,33,commit_fees,operating,0.0,0.0
commit:18,34,commit_fees,operating,0.0,0.0
commit:18,35,commit_fees,operating,0.0,0.0
commit:18,36,commit_fees,operating,0.0,0.0
commit:19,0,on_demand,capital,0.0,0.0
commit:19,1,on_demand,operating,0.0,0.0
commit:19,2,on_demand,operating,0.0,0.0
commit:19,3,on_demand,operating,0.0,0.0
commit:19,4,on_demand,operating,0.0,0.0
commit:19,5,on_demand,operating,0.0,0.0
commit:19,6,on_demand,operating,0.0,0.0
commit:19,7,on_demand,operating,0.0,0.0
commit:19,8,on_demand,operating,0.0,0.0
commit:19,9,on_demand,operating,0.0,0.0
commit:19,10,on_demand,operating,0.0,0.0
commit:19,11,on_demand,operating,0.0,0.0
commit:19,12,on_demand,operating,0.0,0.0
commit:19,13,on_demand,operating,0.0,0.0
commit:19,14,on_demand,operating,0.0,0.0
commit:19,15,on_demand,operating,0.0,0.0
commit:19,16,on_demand,operating,0.0,0.0
commit:19,17,on_demand,operating,0.0,0.0
commit:19,18,on_demand,operating,0.0,0.0
commit:19,19,on_demand,operating,0.0,0.0
commit:19,20,on_demand,operating,0.0,0.0
commit:19,21,on_demand,operating,0.0,0.0
commit:19,22,on_demand,operating,0.0,0.0
commit:19,23,on_demand,operating,0.0,0.0
commit:19,24,on_demand,operating,0.0,0.0
commit:19,25,on_demand,operating,0.0,0.0
commit:19,26,on_demand,operating,0.0,0.0
commit:19,27,on_demand,operating,0.0,0.0
commit:19,28,on_demand,operating,0.0,0.0
commit:19,29,on_demand,operating,0.0,0.0
commit:19,30,on_demand,operating,0.0,0.0
commit:19,31,on_demand,operating,0.0,0.0
commit:19,32,on_demand,operating,0.0,0.0
commit:19,33,on_demand,operating,0.0,0.0
commit:19,34,on_demand,operating,0.0,0.0
commit:19,35,on_demand,operating,0.0,0.0
commit:19,36,on_demand,operating,0.0,0.0
commit:19,0,variable_service,capital,0.0,0.0
commit:19,1,variable_service,operating,0.0,0.0
commit:19,2,variable_service,operating,0.0,0.0
commit:19,3,variable_service,operating,0.0,0.0
commit:19,4,variable_service,operating,0.0,0.0
commit:19,5,variable_service,operating,0.0,0.0
commit:19,6,variable_service,operating,0.0,0.0
commit:19,7,variable_service,operating,0.0,0.0
commit:19,8,variable_service,operating,0.0,0.0
commit:19,9,variable_service,operating,0.0,0.0
commit:19,10,variable_service,operating,0.0,0.0
commit:19,11,variable_service,operating,0.0,0.0
commit:19,12,variable_service,operating,0.0,0.0
commit:19,13,variable_service,operating,0.0,0.0
commit:19,14,variable_service,operating,0.0,0.0
commit:19,15,variable_service,operating,0.0,0.0
commit:19,16,variable_service,operating,0.0,0.0
commit:19,17,variable_service,operating,0.0,0.0
commit:19,18,variable_service,operating,0.0,0.0
commit:19,19,variable_service,operating,0.0,0.0
commit:19,20,variable_service,operating,0.0,0.0
commit:19,21,variable_service,operating,0.0,0.0
commit:19,22,variable_service,operating,0.0,0.0
commit:19,23,variable_service,operating,0.0,0.0
commit:19,24,variable_service,operating,0.0,0.0
commit:19,25,variable_service,operating,0.0,0.0
commit:19,26,variable_service,operating,0.0,0.0
commit:19,27,variable_service,operating,0.0,0.0
commit:19,28,variable_service,operating,0.0,0.0
commit:19,29,variable_service,operating,0.0,0.0
commit:19,30,variable_service,operating,0.0,0.0
commit:19,31,variable_service,operating,0.0,0.0
commit:19,32,variable_service,operating,0.0,0.0
commit:19,33,variable_service,operating,0.0,0.0
commit:19,34,variable_service,operating,0.0,0.0
commit:19,35,variable_service,operating,0.0,0.0
commit:19,36,variable_service,operating,0.0,0.0
commit:19,0,commitment,capital,0.0,0.0
commit:19,1,commitment,operating,565440.0,560966.7721826666
commit:19,2,commitment,operating,547200.0,538576.3861195844
commit:19,3,commitment,operating,565440.0,552126.200466573
commit:19,4,commitment,operating,565440.0,547758.298870284
commit:19,5,commitment,operating,510720.0,490835.4405075855
commit:19,6,commitment,operating,565440.0,539125.8864630277
commit:19,7,commitment,operating,547200.0,517607.25588970404
commit:19,8,commitment,operating,565440.0,530629.5168033165
commit:19,9,commitment,operating,547200.0,509450.0096972803
commit:19,10,commitment,operating,565440.0,522267.0459216219
commit:19,11,commitment,operating,565440.0,518135.361785563
commit:19,12,commitment,operating,547200.0,497454.5454545454
commit:19,13,commitment,operating,565440.0,509969.79289333324
commit:19,14,commitment,operating,547200.0,489614.89647234936
commit:19,15,commitment,operating,565440.0,501932.90951506636
commit:19,16,commitment,operating,565440.0,497962.0898820763
commit:19,17,commitment,operating,528960.0,462150.2524259733
commit:19,18,commitment,operating,565440.0,490114.442239116
commit:19,19,commitment,operating,547200.0,470552.05080882186
commit:19,20,commitment,operating,565440.0,482390.4698211968
commit:19,21,commitment,operating,547200.0,463136.372452073
commit:19,22,commitment,operating,565440.0,474788.22356511076
commit:19,23,commitment,operating,565440.0,471032.14707778447
commit:19,24,commitment,operating,547200.0,452231.40495867765
commit:19,25,commitment,operating,565440.0,463608.9026303028
commit:19,26,commitment,operating,547200.0,445104.45133849944
commit:19,27,commitment,operating,565440.0,456302.64501369663
commit:19,28,commitment,operating,565440.0,452692.80898370565
commit:19,29,commitment,operating,510720.0,405649.12438643427
commit:19,30,commitment,operating,565440.0,445558.5838537418
commit:19,31,commitment,operating,547200.0,427774.5916443835
commit:19,32,commitment,operating,565440.0,438536.79074654257
commit:19,33,commitment,operating,547200.0,421033.06586552085
commit:19,34,commitment,operating,565440.0,431625.6577864643
commit:19,35,commitment,operating,565440.0,428211.0427979859
commit:19,36,commitment,operating,547200.0,411119.4590533432
commit:19,0,commit_setup,capital,0.0,0.0
commit:19,1,commit_setup,operating,0.0,0.0
commit:19,2,commit_setup,operating,0.0,0.0
commit:19,3,commit_setup,operating,0.0,0.0
commit:19,4,commit_setup,operating,0.0,0.0
commit:19,5,commit_setup,operating,0.0,0.0
commit:19,6,commit_setup,operating,0.0,0.0
commit:19,7,commit_setup,operating,0.0,0.0
commit:19,8,commit_setup,operating,0.0,0.0
commit:19,9,commit_setup,operating,0.0,0.0
commit:19,10,commit_setup,operating,0.0,0.0
commit:19,11,commit_setup,operating,0.0,0.0
commit:19,12,commit_setup,operating,0.0,0.0
commit:19,13,commit_setup,operating,0.0,0.0
commit:19,14,commit_setup,operating,0.0,0.0
commit:19,15,commit_setup,operating,0.0,0.0
commit:19,16,commit_setup,operating,0.0,0.0
commit:19,17,commit_setup,operating,0.0,0.0
commit:19,18,commit_setup,operating,0.0,0.0
commit:19,19,commit_setup,operating,0.0,0.0
commit:19,20,commit_setup,operating,0.0,0.0
commit:19,21,commit_setup,operating,0.0,0.0
commit:19,22,commit_setup,operating,0.0,0.0
commit:19,23,commit_setup,operating,0.0,0.0
commit:19,24,commit_setup,operating,0.0,0.0
commit:19,25,commit_setup,operating,0.0,0.0
commit:19,26,commit_setup,operating,0.0,0.0
commit:19,27,commit_setup,operating,0.0,0.0
commit:19,28,commit_setup,operating,0.0,0.0
commit:19,29,commit_setup,operating,0.0,0.0
commit:19,30,commit_setup,operating,0.0,0.0
commit:19,31,commit_setup,operating,0.0,0.0
commit:19,32,commit_setup,operating,0.0,0.0
commit:19,33,commit_setup,operating,0.0,0.0
commit:19,34,commit_setup,operating,0.0,0.0
commit:19,35,commit_setup,operating,0.0,0.0
commit:19,36,commit_setup,operating,0.0,0.0
commit:19,0,commit_fees,capital,0.0,0.0
commit:19,1,commit_fees,operating,0.0,0.0
commit:19,2,commit_fees,operating,0.0,0.0
commit:19,3,commit_fees,operating,0.0,0.0
commit:19,4,commit_fees,operating,0.0,0.0
commit:19,5,commit_fees,operating,0.0,0.0
commit:19,6,commit_fees,operating,0.0,0.0
commit:19,7,commit_fees,operating,0.0,0.0
commit:19,8,commit_fees,operating,0.0,0.0
commit:19,9,commit_fees,operating,0.0,0.0
commit:19,10,commit_fees,operating,0.0,0.0
commit:19,11,commit_fees,operating,0.0,0.0
commit:19,12,commit_fees,operating,0.0,0.0
commit:19,13,commit_fees,operating,0.0,0.0
commit:19,14,commit_fees,operating,0.0,0.0
commit:19,15,commit_fees,operating,0.0,0.0
commit:19,16,commit_fees,operating,0.0,0.0
commit:19,17,commit_fees,operating,0.0,0.0
commit:19,18,commit_fees,operating,0.0,0.0
commit:19,19,commit_fees,operating,0.0,0.0
commit:19,20,commit_fees,operating,0.0,0.0
commit:19,21,commit_fees,operating,0.0,0.0
commit:19,22,commit_fees,operating,0.0,0.0
commit:19,23,commit_fees,operating,0.0,0.0
commit:19,24,commit_fees,operating,0.0,0.0
commit:19,25,commit_fees,operating,0.0,0.0
commit:19,26,commit_fees,operating,0.0,0.0
commit:19,27,commit_fees,operating,0.0,0.0
commit:19,28,commit_fees,operating,0.0,0.0
commit:19,29,commit_fees,operating,0.0,0.0
commit:19,30,commit_fees,operating,0.0,0.0
commit:19,31,commit_fees,operating,0.0,0.0
commit:19,32,commit_fees,operating,0.0,0.0
commit:19,33,commit_fees,operating,0.0,0.0
commit:19,34,commit_fees,operating,0.0,0.0
commit:19,35,commit_fees,operating,0.0,0.0
commit:19,36,commit_fees,operating,0.0,0.0
commit:20,0,on_demand,capital,0.0,0.0
commit:20,1,on_demand,operating,0.0,0.0
commit:20,2,on_demand,operating,0.0,0.0
commit:20,3,on_demand,operating,0.0,0.0
commit:20,4,on_demand,operating,0.0,0.0
commit:20,5,on_demand,operating,0.0,0.0
commit:20,6,on_demand,operating,0.0,0.0
commit:20,7,on_demand,operating,0.0,0.0
commit:20,8,on_demand,operating,0.0,0.0
commit:20,9,on_demand,operating,0.0,0.0
commit:20,10,on_demand,operating,0.0,0.0
commit:20,11,on_demand,operating,0.0,0.0
commit:20,12,on_demand,operating,0.0,0.0
commit:20,13,on_demand,operating,0.0,0.0
commit:20,14,on_demand,operating,0.0,0.0
commit:20,15,on_demand,operating,0.0,0.0
commit:20,16,on_demand,operating,0.0,0.0
commit:20,17,on_demand,operating,0.0,0.0
commit:20,18,on_demand,operating,0.0,0.0
commit:20,19,on_demand,operating,0.0,0.0
commit:20,20,on_demand,operating,0.0,0.0
commit:20,21,on_demand,operating,0.0,0.0
commit:20,22,on_demand,operating,0.0,0.0
commit:20,23,on_demand,operating,0.0,0.0
commit:20,24,on_demand,operating,0.0,0.0
commit:20,25,on_demand,operating,0.0,0.0
commit:20,26,on_demand,operating,0.0,0.0
commit:20,27,on_demand,operating,0.0,0.0
commit:20,28,on_demand,operating,0.0,0.0
commit:20,29,on_demand,operating,0.0,0.0
commit:20,30,on_demand,operating,0.0,0.0
commit:20,31,on_demand,operating,0.0,0.0
commit:20,32,on_demand,operating,0.0,0.0
commit:20,33,on_demand,operating,0.0,0.0
commit:20,34,on_demand,operating,0.0,0.0
commit:20,35,on_demand,operating,0.0,0.0
commit:20,36,on_demand,operating,0.0,0.0
commit:20,0,variable_service,capital,0.0,0.0
commit:20,1,variable_service,operating,0.0,0.0
commit:20,2,variable_service,operating,0.0,0.0
commit:20,3,variable_service,operating,0.0,0.0
commit:20,4,variable_service,operating,0.0,0.0
commit:20,5,variable_service,operating,0.0,0.0
commit:20,6,variable_service,operating,0.0,0.0
commit:20,7,variable_service,operating,0.0,0.0
commit:20,8,variable_service,operating,0.0,0.0
commit:20,9,variable_service,operating,0.0,0.0
commit:20,10,variable_service,operating,0.0,0.0
commit:20,11,variable_service,operating,0.0,0.0
commit:20,12,variable_service,operating,0.0,0.0
commit:20,13,variable_service,operating,0.0,0.0
commit:20,14,variable_service,operating,0.0,0.0
commit:20,15,variable_service,operating,0.0,0.0
commit:20,16,variable_service,operating,0.0,0.0
commit:20,17,variable_service,operating,0.0,0.0
commit:20,18,variable_service,operating,0.0,0.0
commit:20,19,variable_service,operating,0.0,0.0
commit:20,20,variable_service,operating,0.0,0.0
commit:20,21,variable_service,operating,0.0,0.0
commit:20,22,variable_service,operating,0.0,0.0
commit:20,23,variable_service,operating,0.0,0.0
commit:20,24,variable_service,operating,0.0,0.0
commit:20,25,variable_service,operating,0.0,0.0
commit:20,26,variable_service,operating,0.0,0.0
commit:20,27,variable_service,operating,0.0,0.0
commit:20,28,variable_service,operating,0.0,0.0
commit:20,29,variable_service,operating,0.0,0.0
commit:20,30,variable_service,operating,0.0,0.0
commit:20,31,variable_service,operating,0.0,0.0
commit:20,32,variable_service,operating,0.0,0.0
commit:20,33,variable_service,operating,0.0,0.0
commit:20,34,variable_service,operating,0.0,0.0
commit:20,35,variable_service,operating,0.0,0.0
commit:20,36,variable_service,operating,0.0,0.0
commit:20,0,commitment,capital,0.0,0.0
commit:20,1,commitment,operating,595200.0,590491.3391396491
commit:20,2,commitment,operating,576000.0,566922.5117048257
commit:20,3,commitment,operating,595200.0,581185.47417534
commit:20,4,commitment,operating,595200.0,576587.6830213515
commit:20,5,commitment,operating,537600.0,516668.8847448268
commit:20,6,commitment,operating,595200.0,567500.9331189765
commit:20,7,commitment,operating,576000.0,544849.7430417938
commit:20,8,commitment,operating,595200.0,558557.3861087543
commit:20,9,commitment,operating,576000.0,536263.1681024003
commit:20,10,commitment,operating,595200.0,549754.7851806546
commit:20,11,commitment,operating,595200.0,545405.6439848031
commit:20,12,commitment,operating,576000.0,523636.36363636365
commit:20,13,commitment,operating,595200.0,536810.3083087718
commit:20,14,commitment,operating,576000.0,515384.10154984146
commit:20,15,commitment,operating,595200.0,528350.431068491
commit:20,16,commitment,operating,595200.0,524170.62092850136
commit:20,17,commitment,operating,556800.0,486473.9499220772
commit:20,18,commitment,operating,595200.0,515909.9391990695
commit:20,19,commitment,operating,576000.0,495317.94821981253
commit:20,20,commitment,operating,595200.0,507779.4419170493
commit:20,21,commitment,operating,576000.0,487511.9710021821
commit:20,22,commitment,operating,595200.0,499777.07743695873
commit:20,23,commitment,operating,595200.0,495823.3127134574
commit:20,24,commitment,operating,576000.0,476033.05785123963
commit:20,25,commitment,operating,595200.0,488009.37118979247
commit:20,26,commitment,operating,576000.0,468531.0014089468
commit:20,27,commitment,operating,595200.0,480318.573698628
commit:20,28,commitment,operating,595200.0,476518.74629863753
commit:20,29,commitment,operating,537600.0,426999.0783015097
commit:20,30,commitment,operating,595200.0,469009.0356355177
commit:20,31,commitment,operating,576000.0,450289.04383619316
commit:20,32,commitment,operating,595200.0,461617.6744700448
commit:20,33,commitment,operating,576000.0,443192.7009110746
commit:20,34,commitment,operating,595200.0,454342.79766996246
commit:20,35,commitment,operating,595200.0,450748.46610314306
commit:20,36,commitment,operating,576000.0,432757.3253193087
commit:20,0,commit_setup,capital,0.0,0.0
commit:20,1,commit_setup,operating,0.0,0.0
commit:20,2,commit_setup,operating,0.0,0.0
commit:20,3,commit_setup,operating,0.0,0.0
commit:20,4,commit_setup,operating,0.0,0.0
commit:20,5,commit_setup,operating,0.0,0.0
commit:20,6,commit_setup,operating,0.0,0.0
commit:20,7,commit_setup,operating,0.0,0.0
commit:20,8,commit_setup,operating,0.0,0.0
commit:20,9,commit_setup,operating,0.0,0.0
commit:20,10,commit_setup,operating,0.0,0.0
commit:20,11,commit_setup,operating,0.0,0.0
commit:20,12,commit_setup,operating,0.0,0.0
commit:20,13,commit_setup,operating,0.0,0.0
commit:20,14,commit_setup,operating,0.0,0.0
commit:20,15,commit_setup,operating,0.0,0.0
commit:20,16,commit_setup,operating,0.0,0.0
commit:20,17,commit_setup,operating,0.0,0.0
commit:20,18,commit_setup,operating,0.0,0.0
commit:20,19,commit_setup,operating,0.0,0.0
commit:20,20,commit_setup,operating,0.0,0.0
commit:20,21,commit_setup,operating,0.0,0.0
commit:20,22,commit_setup,operating,0.0,0.0
commit:20,23,commit_setup,operating,0.0,0.0
commit:20,24,commit_setup,operating,0.0,0.0
commit:20,25,commit_setup,operating,0.0,0.0
commit:20,26,commit_setup,operating,0.0,0.0
commit:20,27,commit_setup,operating,0.0,0.0
commit:20,28,commit_setup,operating,0.0,0.0
commit:20,29,commit_setup,operating,0.0,0.0
commit:20,30,commit_setup,operating,0.0,0.0
commit:20,31,commit_setup,operating,0.0,0.0
commit:20,32,commit_setup,operating,0.0,0.0
commit:20,33,commit_setup,operating,0.0,0.0
commit:20,34,commit_setup,operating,0.0,0.0
commit:20,35,commit_setup,operating,0.0,0.0
commit:20,36,commit_setup,operating,0.0,0.0
commit:20,0,commit_fees,capital,0.0,0.0
commit:20,1,commit_fees,operating,0.0,0.0
commit:20,2,commit_fees,operating,0.0,0.0
commit:20,3,commit_fees,operating,0.0,0.0
commit:20,4,commit_fees,operating,0.0,0.0
commit:20,5,commit_fees,operating,0.0,0.0
commit:20,6,commit_fees,operating,0.0,0.0
commit:20,7,commit_fees,operating,0.0,0.0
commit:20,8,commit_fees,operating,0.0,0.0
commit:20,9,commit_fees,operating,0.0,0.0
commit:20,10,commit_fees,operating,0.0,0.0
commit:20,11,commit_fees,operating,0.0,0.0
commit:20,12,commit_fees,operating,0.0,0.0
commit:20,13,commit_fees,operating,0.0,0.0
commit:20,14,commit_fees,operating,0.0,0.0
commit:20,15,commit_fees,operating,0.0,0.0
commit:20,16,commit_fees,operating,0.0,0.0
commit:20,17,commit_fees,operating,0.0,0.0
commit:20,18,commit_fees,operating,0.0,0.0
commit:20,19,commit_fees,operating,0.0,0.0
commit:20,20,commit_fees,operating,0.0,0.0
commit:20,21,commit_fees,operating,0.0,0.0
commit:20,22,commit_fees,operating,0.0,0.0
commit:20,23,commit_fees,operating,0.0,0.0
commit:20,24,commit_fees,operating,0.0,0.0
commit:20,25,commit_fees,operating,0.0,0.0
commit:20,26,commit_fees,operating,0.0,0.0
commit:20,27,commit_fees,operating,0.0,0.0
commit:20,28,commit_fees,operating,0.0,0.0
commit:20,29,commit_fees,operating,0.0,0.0
commit:20,30,commit_fees,operating,0.0,0.0
commit:20,31,commit_fees,operating,0.0,0.0
commit:20,32,commit_fees,operating,0.0,0.0
commit:20,33,commit_fees,operating,0.0,0.0
commit:20,34,commit_fees,operating,0.0,0.0
commit:20,35,commit_fees,operating,0.0,0.0
commit:20,36,commit_fees,operating,0.0,0.0
commit:21,0,on_demand,capital,0.0,0.0
commit:21,1,on_demand,operating,0.0,0.0
commit:21,2,on_demand,operating,0.0,0.0
commit:21,3,on_demand,operating,0.0,0.0
commit:21,4,on_demand,operating,0.0,0.0
commit:21,5,on_demand,operating,0.0,0.0
commit:21,6,on_demand,operating,0.0,0.0
commit:21,7,on_demand,operating,0.0,0.0
commit:21,8,on_demand,operating,0.0,0.0
commit:21,9,on_demand,operating,0.0,0.0
commit:21,10,on_demand,operating,0.0,0.0
commit:21,11,on_demand,operating,0.0,0.0
commit:21,12,on_demand,operating,0.0,0.0
commit:21,13,on_demand,operating,0.0,0.0
commit:21,14,on_demand,operating,0.0,0.0
commit:21,15,on_demand,operating,0.0,0.0
commit:21,16,on_demand,operating,0.0,0.0
commit:21,17,on_demand,operating,0.0,0.0
commit:21,18,on_demand,operating,0.0,0.0
commit:21,19,on_demand,operating,0.0,0.0
commit:21,20,on_demand,operating,0.0,0.0
commit:21,21,on_demand,operating,0.0,0.0
commit:21,22,on_demand,operating,0.0,0.0
commit:21,23,on_demand,operating,0.0,0.0
commit:21,24,on_demand,operating,0.0,0.0
commit:21,25,on_demand,operating,0.0,0.0
commit:21,26,on_demand,operating,0.0,0.0
commit:21,27,on_demand,operating,0.0,0.0
commit:21,28,on_demand,operating,0.0,0.0
commit:21,29,on_demand,operating,0.0,0.0
commit:21,30,on_demand,operating,0.0,0.0
commit:21,31,on_demand,operating,0.0,0.0
commit:21,32,on_demand,operating,0.0,0.0
commit:21,33,on_demand,operating,0.0,0.0
commit:21,34,on_demand,operating,0.0,0.0
commit:21,35,on_demand,operating,0.0,0.0
commit:21,36,on_demand,operating,0.0,0.0
commit:21,0,variable_service,capital,0.0,0.0
commit:21,1,variable_service,operating,0.0,0.0
commit:21,2,variable_service,operating,0.0,0.0
commit:21,3,variable_service,operating,0.0,0.0
commit:21,4,variable_service,operating,0.0,0.0
commit:21,5,variable_service,operating,0.0,0.0
commit:21,6,variable_service,operating,0.0,0.0
commit:21,7,variable_service,operating,0.0,0.0
commit:21,8,variable_service,operating,0.0,0.0
commit:21,9,variable_service,operating,0.0,0.0
commit:21,10,variable_service,operating,0.0,0.0
commit:21,11,variable_service,operating,0.0,0.0
commit:21,12,variable_service,operating,0.0,0.0
commit:21,13,variable_service,operating,0.0,0.0
commit:21,14,variable_service,operating,0.0,0.0
commit:21,15,variable_service,operating,0.0,0.0
commit:21,16,variable_service,operating,0.0,0.0
commit:21,17,variable_service,operating,0.0,0.0
commit:21,18,variable_service,operating,0.0,0.0
commit:21,19,variable_service,operating,0.0,0.0
commit:21,20,variable_service,operating,0.0,0.0
commit:21,21,variable_service,operating,0.0,0.0
commit:21,22,variable_service,operating,0.0,0.0
commit:21,23,variable_service,operating,0.0,0.0
commit:21,24,variable_service,operating,0.0,0.0
commit:21,25,variable_service,operating,0.0,0.0
commit:21,26,variable_service,operating,0.0,0.0
commit:21,27,variable_service,operating,0.0,0.0
commit:21,28,variable_service,operating,0.0,0.0
commit:21,29,variable_service,operating,0.0,0.0
commit:21,30,variable_service,operating,0.0,0.0
commit:21,31,variable_service,operating,0.0,0.0
commit:21,32,variable_service,operating,0.0,0.0
commit:21,33,variable_service,operating,0.0,0.0
commit:21,34,variable_service,operating,0.0,0.0
commit:21,35,variable_service,operating,0.0,0.0
commit:21,36,variable_service,operating,0.0,0.0
commit:21,0,commitment,capital,0.0,0.0
commit:21,1,commitment,operating,624960.0,620015.9060966314
commit:21,2,commitment,operating,604800.0,595268.6372900669
commit:21,3,commitment,operating,624960.0,610244.747884107
commit:21,4,commitment,operating,624960.0,605417.067172419
commit:21,5,commitment,operating,564480.0,542502.3289820682
commit:21,6,commitment,operating,624960.0,595875.9797749253
commit:21,7,commitment,operating,604800.0,572092.2301938834
commit:21,8,commitment,operating,624960.0,586485.255414192
commit:21,9,commitment,operating,604800.0,563076.3265075203
commit:21,10,commitment,operating,624960.0,577242.5244396874
commit:21,11,commitment,operating,624960.0,572675.9261840433
commit:21,12,commitment,operating,604800.0,549818.1818181818
commit:21,13,commitment,operating,624960.0,563650.8237242104
commit:21,14,commitment,operating,604800.0,541153.3066273335
commit:21,15,commitment,operating,624960.0,554767.9526219155
commit:21,16,commitment,operating,624960.0,550379.1519749265
commit:21,17,commitment,operating,584640.0,510797.64741818106
commit:21,18,commitment,operating,624960.0,541705.436159023
commit:21,19,commitment,operating,604800.0,520083.84563080315
commit:21,20,commitment,operating,624960.0,533168.4140129017
commit:21,21,commitment,operating,604800.0,511887.5695522912
commit:21,22,commitment,operating,624960.0,524765.9313088066
commit:21,23,commitment,operating,624960.0,520614.47834913025
commit:21,24,commitment,operating,604800.0,499834.7107438016
commit:21,25,commitment,operating,624960.0,512409.8397492821
commit:21,26,commitment,operating,604800.0,491957.55147939414
commit:21,27,commitment,operating,624960.0,504334.5023835594
commit:21,28,commitment,operating,624960.0,500344.6836135694
commit:21,29,commitment,operating,564480.0,448349.03221658524
commit:21,30,commitment,operating,624960.0,492459.4874172936
commit:21,31,commitment,operating,604800.0,472803.49602800276
commit:21,32,commitment,operating,624960.0,484698.558193547
commit:21,33,commitment,operating,604800.0,465352.33595662826
commit:21,34,commitment,operating,624960.0,477059.9375534606
commit:21,35,commitment,operating,624960.0,473285.88940830017
commit:21,36,commitment,operating,604800.0,454395.1915852741
commit:21,0,commit_setup,capital,0.0,0.0
commit:21,1,commit_setup,operating,0.0,0.0
commit:21,2,commit_setup,operating,0.0,0.0
commit:21,3,commit_setup,operating,0.0,0.0
commit:21,4,commit_setup,operating,0.0,0.0
commit:21,5,commit_setup,operating,0.0,0.0
commit:21,6,commit_setup,operating,0.0,0.0
commit:21,7,commit_setup,operating,0.0,0.0
commit:21,8,commit_setup,operating,0.0,0.0
commit:21,9,commit_setup,operating,0.0,0.0
commit:21,10,commit_setup,operating,0.0,0.0
commit:21,11,commit_setup,operating,0.0,0.0
commit:21,12,commit_setup,operating,0.0,0.0
commit:21,13,commit_setup,operating,0.0,0.0
commit:21,14,commit_setup,operating,0.0,0.0
commit:21,15,commit_setup,operating,0.0,0.0
commit:21,16,commit_setup,operating,0.0,0.0
commit:21,17,commit_setup,operating,0.0,0.0
commit:21,18,commit_setup,operating,0.0,0.0
commit:21,19,commit_setup,operating,0.0,0.0
commit:21,20,commit_setup,operating,0.0,0.0
commit:21,21,commit_setup,operating,0.0,0.0
commit:21,22,commit_setup,operating,0.0,0.0
commit:21,23,commit_setup,operating,0.0,0.0
commit:21,24,commit_setup,operating,0.0,0.0
commit:21,25,commit_setup,operating,0.0,0.0
commit:21,26,commit_setup,operating,0.0,0.0
commit:21,27,commit_setup,operating,0.0,0.0
commit:21,28,commit_setup,operating,0.0,0.0
commit:21,29,commit_setup,operating,0.0,0.0
commit:21,30,commit_setup,operating,0.0,0.0
commit:21,31,commit_setup,operating,0.0,0.0
commit:21,32,commit_setup,operating,0.0,0.0
commit:21,33,commit_setup,operating,0.0,0.0
commit:21,34,commit_setup,operating,0.0,0.0
commit:21,35,commit_setup,operating,0.0,0.0
commit:21,36,commit_setup,operating,0.0,0.0
commit:21,0,commit_fees,capital,0.0,0.0
commit:21,1,commit_fees,operating,0.0,0.0
commit:21,2,commit_fees,operating,0.0,0.0
commit:21,3,commit_fees,operating,0.0,0.0
commit:21,4,commit_fees,operating,0.0,0.0
commit:21,5,commit_fees,operating,0.0,0.0
commit:21,6,commit_fees,operating,0.0,0.0
commit:21,7,commit_fees,operating,0.0,0.0
commit:21,8,commit_fees,operating,0.0,0.0
commit:21,9,commit_fees,operating,0.0,0.0
commit:21,10,commit_fees,operating,0.0,0.0
commit:21,11,commit_fees,operating,0.0,0.0
commit:21,12,commit_fees,operating,0.0,0.0
commit:21,13,commit_fees,operating,0.0,0.0
commit:21,14,commit_fees,operating,0.0,0.0
commit:21,15,commit_fees,operating,0.0,0.0
commit:21,16,commit_fees,operating,0.0,0.0
commit:21,17,commit_fees,operating,0.0,0.0
commit:21,18,commit_fees,operating,0.0,0.0
commit:21,19,commit_fees,operating,0.0,0.0
commit:21,20,commit_fees,operating,0.0,0.0
commit:21,21,commit_fees,operating,0.0,0.0
commit:21,22,commit_fees,operating,0.0,0.0
commit:21,23,commit_fees,operating,0.0,0.0
commit:21,24,commit_fees,operating,0.0,0.0
commit:21,25,commit_fees,operating,0.0,0.0
commit:21,26,commit_fees,operating,0.0,0.0
commit:21,27,commit_fees,operating,0.0,0.0
commit:21,28,commit_fees,operating,0.0,0.0
commit:21,29,commit_fees,operating,0.0,0.0
commit:21,30,commit_fees,operating,0.0,0.0
commit:21,31,commit_fees,operating,0.0,0.0
commit:21,32,commit_fees,operating,0.0,0.0
commit:21,33,commit_fees,operating,0.0,0.0
commit:21,34,commit_fees,operating,0.0,0.0
commit:21,35,commit_fees,operating,0.0,0.0
commit:21,36,commit_fees,operating,0.0,0.0
commit:22,0,on_demand,capital,0.0,0.0
commit:22,1,on_demand,operating,0.0,0.0
commit:22,2,on_demand,operating,0.0,0.0
commit:22,3,on_demand,operating,0.0,0.0
commit:22,4,on_demand,operating,0.0,0.0
commit:22,5,on_demand,operating,0.0,0.0
commit:22,6,on_demand,operating,0.0,0.0
commit:22,7,on_demand,operating,0.0,0.0
commit:22,8,on_demand,operating,0.0,0.0
commit:22,9,on_demand,operating,0.0,0.0
commit:22,10,on_demand,operating,0.0,0.0
commit:22,11,on_demand,operating,0.0,0.0
commit:22,12,on_demand,operating,0.0,0.0
commit:22,13,on_demand,operating,0.0,0.0
commit:22,14,on_demand,operating,0.0,0.0
commit:22,15,on_demand,operating,0.0,0.0
commit:22,16,on_demand,operating,0.0,0.0
commit:22,17,on_demand,operating,0.0,0.0
commit:22,18,on_demand,operating,0.0,0.0
commit:22,19,on_demand,operating,0.0,0.0
commit:22,20,on_demand,operating,0.0,0.0
commit:22,21,on_demand,operating,0.0,0.0
commit:22,22,on_demand,operating,0.0,0.0
commit:22,23,on_demand,operating,0.0,0.0
commit:22,24,on_demand,operating,0.0,0.0
commit:22,25,on_demand,operating,0.0,0.0
commit:22,26,on_demand,operating,0.0,0.0
commit:22,27,on_demand,operating,0.0,0.0
commit:22,28,on_demand,operating,0.0,0.0
commit:22,29,on_demand,operating,0.0,0.0
commit:22,30,on_demand,operating,0.0,0.0
commit:22,31,on_demand,operating,0.0,0.0
commit:22,32,on_demand,operating,0.0,0.0
commit:22,33,on_demand,operating,0.0,0.0
commit:22,34,on_demand,operating,0.0,0.0
commit:22,35,on_demand,operating,0.0,0.0
commit:22,36,on_demand,operating,0.0,0.0
commit:22,0,variable_service,capital,0.0,0.0
commit:22,1,variable_service,operating,0.0,0.0
commit:22,2,variable_service,operating,0.0,0.0
commit:22,3,variable_service,operating,0.0,0.0
commit:22,4,variable_service,operating,0.0,0.0
commit:22,5,variable_service,operating,0.0,0.0
commit:22,6,variable_service,operating,0.0,0.0
commit:22,7,variable_service,operating,0.0,0.0
commit:22,8,variable_service,operating,0.0,0.0
commit:22,9,variable_service,operating,0.0,0.0
commit:22,10,variable_service,operating,0.0,0.0
commit:22,11,variable_service,operating,0.0,0.0
commit:22,12,variable_service,operating,0.0,0.0
commit:22,13,variable_service,operating,0.0,0.0
commit:22,14,variable_service,operating,0.0,0.0
commit:22,15,variable_service,operating,0.0,0.0
commit:22,16,variable_service,operating,0.0,0.0
commit:22,17,variable_service,operating,0.0,0.0
commit:22,18,variable_service,operating,0.0,0.0
commit:22,19,variable_service,operating,0.0,0.0
commit:22,20,variable_service,operating,0.0,0.0
commit:22,21,variable_service,operating,0.0,0.0
commit:22,22,variable_service,operating,0.0,0.0
commit:22,23,variable_service,operating,0.0,0.0
commit:22,24,variable_service,operating,0.0,0.0
commit:22,25,variable_service,operating,0.0,0.0
commit:22,26,variable_service,operating,0.0,0.0
commit:22,27,variable_service,operating,0.0,0.0
commit:22,28,variable_service,operating,0.0,0.0
commit:22,29,variable_service,operating,0.0,0.0
commit:22,30,variable_service,operating,0.0,0.0
commit:22,31,variable_service,operating,0.0,0.0
commit:22,32,variable_service,operating,0.0,0.0
commit:22,33,variable_service,operating,0.0,0.0
commit:22,34,variable_service,operating,0.0,0.0
commit:22,35,variable_service,operating,0.0,0.0
commit:22,36,variable_service,operating,0.0,0.0
commit:22,0,commitment,capital,0.0,0.0
commit:22,1,commitment,operating,654720.0,649540.4730536139
commit:22,2,commitment,operating,633600.0,623614.7628753083
commit:22,3,commitment,operating,654720.0,639304.0215928741
commit:22,4,commitment,operating,654720.0,634246.4513234866
commit:22,5,commitment,operating,591360.0,568335.7732193095
commit:22,6,commitment,operating,654720.0,624251.0264308741
commit:22,7,commitment,operating,633600.0,599334.7173459731
commit:22,8,commitment,operating,654720.0,614413.1247196298
commit:22,9,commitment,operating,633600.0,589889.4849126403
commit:22,10,commitment,operating,654720.0,604730.2636987201
commit:22,11,commitment,operating,654720.0,599946.2083832835
commit:22,12,commitment,operating,633600.0,576000.0
commit:22,13,commitment,operating,654720.0,590491.339139649
commit:22,14,commitment,operating,633600.0,566922.5117048256
commit:22,15,commitment,operating,654720.0,581185.47417534
commit:22,16,commitment,operating,654720.0,576587.6830213515
commit:22,17,commitment,operating,612480.0,535121.3449142849
commit:22,18,commitment,operating,654720.0,567500.9331189764
commit:22,19,commitment,operating,633600.0,544849.7430417938
commit:22,20,commitment,operating,654720.0,558557.3861087542
commit:22,21,commitment,operating,633600.0,536263.1681024003
commit:22,22,commitment,operating,654720.0,549754.7851806546
commit:22,23,commitment,operating,654720.0,545405.6439848031
commit:22,24,commitment,operating,633600.0,523636.3636363636
commit:22,25,commitment,operating,654720.0,536810.3083087717
commit:22,26,commitment,operating,633600.0,515384.10154984146
commit:22,27,commitment,operating,654720.0,528350.4310684908
commit:22,28,commitment,operating,654720.0,524170.6209285013
commit:22,29,commitment,operating,591360.0,469698.9861316607
commit:22,30,commitment,operating,654720.0,515909.93919906946
commit:22,31,commitment,operating,633600.0,495317.9482198124
commit:22,32,commitment,operating,654720.0,507779.4419170493
commit:22,33,commitment,operating,633600.0,487511.971002182
commit:22,34,commitment,operating,654720.0,499777.07743695873
commit:22,35,commitment,operating,654720.0,495823.31271345733
commit:22,36,commitment,operating,633600.0,476033.0578512395
commit:22,0,commit_setup,capital,0.0,0.0
commit:22,1,commit_setup,operating,0.0,0.0
commit:22,2,commit_setup,operating,0.0,0.0
commit:22,3,commit_setup,operating,0.0,0.0
commit:22,4,commit_setup,operating,0.0,0.0
commit:22,5,commit_setup,operating,0.0,0.0
commit:22,6,commit_setup,operating,0.0,0.0
commit:22,7,commit_setup,operating,0.0,0.0
commit:22,8,commit_setup,operating,0.0,0.0
commit:22,9,commit_setup,operating,0.0,0.0
commit:22,10,commit_setup,operating,0.0,0.0
commit:22,11,commit_setup,operating,0.0,0.0
commit:22,12,commit_setup,operating,0.0,0.0
commit:22,13,commit_setup,operating,0.0,0.0
commit:22,14,commit_setup,operating,0.0,0.0
commit:22,15,commit_setup,operating,0.0,0.0
commit:22,16,commit_setup,operating,0.0,0.0
commit:22,17,commit_setup,operating,0.0,0.0
commit:22,18,commit_setup,operating,0.0,0.0
commit:22,19,commit_setup,operating,0.0,0.0
commit:22,20,commit_setup,operating,0.0,0.0
commit:22,21,commit_setup,operating,0.0,0.0
commit:22,22,commit_setup,operating,0.0,0.0
commit:22,23,commit_setup,operating,0.0,0.0
commit:22,24,commit_setup,operating,0.0,0.0
commit:22,25,commit_setup,operating,0.0,0.0
commit:22,26,commit_setup,operating,0.0,0.0
commit:22,27,commit_setup,operating,0.0,0.0
commit:22,28,commit_setup,operating,0.0,0.0
commit:22,29,commit_setup,operating,0.0,0.0
commit:22,30,commit_setup,operating,0.0,0.0
commit:22,31,commit_setup,operating,0.0,0.0
commit:22,32,commit_setup,operating,0.0,0.0
commit:22,33,commit_setup,operating,0.0,0.0
commit:22,34,commit_setup,operating,0.0,0.0
commit:22,35,commit_setup,operating,0.0,0.0
commit:22,36,commit_setup,operating,0.0,0.0
commit:22,0,commit_fees,capital,0.0,0.0
commit:22,1,commit_fees,operating,0.0,0.0
commit:22,2,commit_fees,operating,0.0,0.0
commit:22,3,commit_fees,operating,0.0,0.0
commit:22,4,commit_fees,operating,0.0,0.0
commit:22,5,commit_fees,operating,0.0,0.0
commit:22,6,commit_fees,operating,0.0,0.0
commit:22,7,commit_fees,operating,0.0,0.0
commit:22,8,commit_fees,operating,0.0,0.0
commit:22,9,commit_fees,operating,0.0,0.0
commit:22,10,commit_fees,operating,0.0,0.0
commit:22,11,commit_fees,operating,0.0,0.0
commit:22,12,commit_fees,operating,0.0,0.0
commit:22,13,commit_fees,operating,0.0,0.0
commit:22,14,commit_fees,operating,0.0,0.0
commit:22,15,commit_fees,operating,0.0,0.0
commit:22,16,commit_fees,operating,0.0,0.0
commit:22,17,commit_fees,operating,0.0,0.0
commit:22,18,commit_fees,operating,0.0,0.0
commit:22,19,commit_fees,operating,0.0,0.0
commit:22,20,commit_fees,operating,0.0,0.0
commit:22,21,commit_fees,operating,0.0,0.0
commit:22,22,commit_fees,operating,0.0,0.0
commit:22,23,commit_fees,operating,0.0,0.0
commit:22,24,commit_fees,operating,0.0,0.0
commit:22,25,commit_fees,operating,0.0,0.0
commit:22,26,commit_fees,operating,0.0,0.0
commit:22,27,commit_fees,operating,0.0,0.0
commit:22,28,commit_fees,operating,0.0,0.0
commit:22,29,commit_fees,operating,0.0,0.0
commit:22,30,commit_fees,operating,0.0,0.0
commit:22,31,commit_fees,operating,0.0,0.0
commit:22,32,commit_fees,operating,0.0,0.0
commit:22,33,commit_fees,operating,0.0,0.0
commit:22,34,commit_fees,operating,0.0,0.0
commit:22,35,commit_fees,operating,0.0,0.0
commit:22,36,commit_fees,operating,0.0,0.0
commit:23,0,on_demand,capital,0.0,0.0
commit:23,1,on_demand,operating,0.0,0.0
commit:23,2,on_demand,operating,0.0,0.0
commit:23,3,on_demand,operating,0.0,0.0
commit:23,4,on_demand,operating,0.0,0.0
commit:23,5,on_demand,operating,0.0,0.0
commit:23,6,on_demand,operating,0.0,0.0
commit:23,7,on_demand,operating,0.0,0.0
commit:23,8,on_demand,operating,0.0,0.0
commit:23,9,on_demand,operating,0.0,0.0
commit:23,10,on_demand,operating,0.0,0.0
commit:23,11,on_demand,operating,0.0,0.0
commit:23,12,on_demand,operating,0.0,0.0
commit:23,13,on_demand,operating,0.0,0.0
commit:23,14,on_demand,operating,0.0,0.0
commit:23,15,on_demand,operating,0.0,0.0
commit:23,16,on_demand,operating,0.0,0.0
commit:23,17,on_demand,operating,0.0,0.0
commit:23,18,on_demand,operating,0.0,0.0
commit:23,19,on_demand,operating,0.0,0.0
commit:23,20,on_demand,operating,0.0,0.0
commit:23,21,on_demand,operating,0.0,0.0
commit:23,22,on_demand,operating,0.0,0.0
commit:23,23,on_demand,operating,0.0,0.0
commit:23,24,on_demand,operating,0.0,0.0
commit:23,25,on_demand,operating,0.0,0.0
commit:23,26,on_demand,operating,0.0,0.0
commit:23,27,on_demand,operating,0.0,0.0
commit:23,28,on_demand,operating,0.0,0.0
commit:23,29,on_demand,operating,0.0,0.0
commit:23,30,on_demand,operating,0.0,0.0
commit:23,31,on_demand,operating,0.0,0.0
commit:23,32,on_demand,operating,0.0,0.0
commit:23,33,on_demand,operating,0.0,0.0
commit:23,34,on_demand,operating,0.0,0.0
commit:23,35,on_demand,operating,0.0,0.0
commit:23,36,on_demand,operating,0.0,0.0
commit:23,0,variable_service,capital,0.0,0.0
commit:23,1,variable_service,operating,0.0,0.0
commit:23,2,variable_service,operating,0.0,0.0
commit:23,3,variable_service,operating,0.0,0.0
commit:23,4,variable_service,operating,0.0,0.0
commit:23,5,variable_service,operating,0.0,0.0
commit:23,6,variable_service,operating,0.0,0.0
commit:23,7,variable_service,operating,0.0,0.0
commit:23,8,variable_service,operating,0.0,0.0
commit:23,9,variable_service,operating,0.0,0.0
commit:23,10,variable_service,operating,0.0,0.0
commit:23,11,variable_service,operating,0.0,0.0
commit:23,12,variable_service,operating,0.0,0.0
commit:23,13,variable_service,operating,0.0,0.0
commit:23,14,variable_service,operating,0.0,0.0
commit:23,15,variable_service,operating,0.0,0.0
commit:23,16,variable_service,operating,0.0,0.0
commit:23,17,variable_service,operating,0.0,0.0
commit:23,18,variable_service,operating,0.0,0.0
commit:23,19,variable_service,operating,0.0,0.0
commit:23,20,variable_service,operating,0.0,0.0
commit:23,21,variable_service,operating,0.0,0.0
commit:23,22,variable_service,operating,0.0,0.0
commit:23,23,variable_service,operating,0.0,0.0
commit:23,24,variable_service,operating,0.0,0.0
commit:23,25,variable_service,operating,0.0,0.0
commit:23,26,variable_service,operating,0.0,0.0
commit:23,27,variable_service,operating,0.0,0.0
commit:23,28,variable_service,operating,0.0,0.0
commit:23,29,variable_service,operating,0.0,0.0
commit:23,30,variable_service,operating,0.0,0.0
commit:23,31,variable_service,operating,0.0,0.0
commit:23,32,variable_service,operating,0.0,0.0
commit:23,33,variable_service,operating,0.0,0.0
commit:23,34,variable_service,operating,0.0,0.0
commit:23,35,variable_service,operating,0.0,0.0
commit:23,36,variable_service,operating,0.0,0.0
commit:23,0,commitment,capital,0.0,0.0
commit:23,1,commitment,operating,684480.0,679065.0400105964
commit:23,2,commitment,operating,662400.0,651960.8884605495
commit:23,3,commitment,operating,684480.0,668363.295301641
commit:23,4,commitment,operating,684480.0,663075.8354745542
commit:23,5,commitment,operating,618240.0,594169.2174565509
commit:23,6,commitment,operating,684480.0,652626.073086823
commit:23,7,commitment,operating,662400.0,626577.2044980628
commit:23,8,commitment,operating,684480.0,642340.9940250674
commit:23,9,commitment,operating,662400.0,616702.6433177603
commit:23,10,commitment,operating,684480.0,632218.0029577528
commit:23,11,commitment,operating,684480.0,627216.4905825236
commit:23,12,commitment,operating,662400.0,602181.8181818181
commit:23,13,commitment,operating,684480.0,617331.8545550876
commit:23,14,commitment,operating,662400.0,592691.7167823176
commit:23,15,commitment,operating,684480.0,607602.9957287646
commit:23,16,commitment,operating,684480.0,602796.2140677766
commit:23,17,commitment,operating,640320.0,559445.0424103887
commit:23,18,commitment,operating,684480.0,593296.4300789299
commit:23,19,commitment,operating,662400.0,569615.6404527844
commit:23,20,commitment,operating,684480.0,583946.3582046067
commit:23,21,commitment,operating,662400.0,560638.7666525095
commit:23,22,commitment,operating,684480.0,574743.6390525026
commit:23,23,commitment,operating,684480.0,570196.809620476
commit:23,24,commitment,operating,662400.0,547438.0165289255
commit:23,25,commitment,operating,684480.0,561210.7768682613
commit:23,26,commitment,operating,662400.0,538810.6516202888
commit:23,27,commitment,operating,684480.0,552366.3597534222
commit:23,28,commitment,operating,684480.0,547996.5582434331
commit:23,29,commitment,operating,618240.0,491048.9400467362
commit:23,30,commitment,operating,684480.0,539360.3909808453
commit:23,31,commitment,operating,662400.0,517832.4004116221
commit:23,32,commitment,operating,684480.0,530860.3256405515
commit:23,33,commitment,operating,662400.0,509671.6060477357
commit:23,34,commitment,operating,684480.0,522494.2173204568
commit:23,35,commitment,operating,684480.0,518360.7360186145
commit:23,36,commitment,operating,662400.0,497670.92411720497
commit:23,0,commit_setup,capital,0.0,0.0
commit:23,1,commit_setup,operating,0.0,0.0
commit:23,2,commit_setup,operating,0.0,0.0
commit:23,3,commit_setup,operating,0.0,0.0
commit:23,4,commit_setup,operating,0.0,0.0
commit:23,5,commit_setup,operating,0.0,0.0
commit:23,6,commit_setup,operating,0.0,0.0
commit:23,7,commit_setup,operating,0.0,0.0
commit:23,8,commit_setup,operating,0.0,0.0
commit:23,9,commit_setup,operating,0.0,0.0
commit:23,10,commit_setup,operating,0.0,0.0
commit:23,11,commit_setup,operating,0.0,0.0
commit:23,12,commit_setup,operating,0.0,0.0
commit:23,13,commit_setup,operating,0.0,0.0
commit:23,14,commit_setup,operating,0.0,0.0
commit:23,15,commit_setup,operating,0.0,0.0
commit:23,16,commit_setup,operating,0.0,0.0
commit:23,17,commit_setup,operating,0.0,0.0
commit:23,18,commit_setup,operating,0.0,0.0
commit:23,19,commit_setup,operating,0.0,0.0
commit:23,20,commit_setup,operating,0.0,0.0
commit:23,21,commit_setup,operating,0.0,0.0
commit:23,22,commit_setup,operating,0.0,0.0
commit:23,23,commit_setup,operating,0.0,0.0
commit:23,24,commit_setup,operating,0.0,0.0
commit:23,25,commit_setup,operating,0.0,0.0
commit:23,26,commit_setup,operating,0.0,0.0
commit:23,27,commit_setup,operating,0.0,0.0
commit:23,28,commit_setup,operating,0.0,0.0
commit:23,29,commit_setup,operating,0.0,0.0
commit:23,30,commit_setup,operating,0.0,0.0
commit:23,31,commit_setup,operating,0.0,0.0
commit:23,32,commit_setup,operating,0.0,0.0
commit:23,33,commit_setup,operating,0.0,0.0
commit:23,34,commit_setup,operating,0.0,0.0
commit:23,35,commit_setup,operating,0.0,0.0
commit:23,36,commit_setup,operating,0.0,0.0
commit:23,0,commit_fees,capital,0.0,0.0
commit:23,1,commit_fees,operating,0.0,0.0
commit:23,2,commit_fees,operating,0.0,0.0
commit:23,3,commit_fees,operating,0.0,0.0
commit:23,4,commit_fees,operating,0.0,0.0
commit:23,5,commit_fees,operating,0.0,0.0
commit:23,6,commit_fees,operating,0.0,0.0
commit:23,7,commit_fees,operating,0.0,0.0
commit:23,8,commit_fees,operating,0.0,0.0
commit:23,9,commit_fees,operating,0.0,0.0
commit:23,10,commit_fees,operating,0.0,0.0
commit:23,11,commit_fees,operating,0.0,0.0
commit:23,12,commit_fees,operating,0.0,0.0
commit:23,13,commit_fees,operating,0.0,0.0
commit:23,14,commit_fees,operating,0.0,0.0
commit:23,15,commit_fees,operating,0.0,0.0
commit:23,16,commit_fees,operating,0.0,0.0
commit:23,17,commit_fees,operating,0.0,0.0
commit:23,18,commit_fees,operating,0.0,0.0
commit:23,19,commit_fees,operating,0.0,0.0
commit:23,20,commit_fees,operating,0.0,0.0
commit:23,21,commit_fees,operating,0.0,0.0
commit:23,22,commit_fees,operating,0.0,0.0
commit:23,23,commit_fees,operating,0.0,0.0
commit:23,24,commit_fees,operating,0.0,0.0
commit:23,25,commit_fees,operating,0.0,0.0
commit:23,26,commit_fees,operating,0.0,0.0
commit:23,27,commit_fees,operating,0.0,0.0
commit:23,28,commit_fees,operating,0.0,0.0
commit:23,29,commit_fees,operating,0.0,0.0
commit:23,30,commit_fees,operating,0.0,0.0
commit:23,31,commit_fees,operating,0.0,0.0
commit:23,32,commit_fees,operating,0.0,0.0
commit:23,33,commit_fees,operating,0.0,0.0
commit:23,34,commit_fees,operating,0.0,0.0
commit:23,35,commit_fees,operating,0.0,0.0
commit:23,36,commit_fees,operating,0.0,0.0
commit:24,0,on_demand,capital,0.0,0.0
commit:24,1,on_demand,operating,0.0,0.0
commit:24,2,on_demand,operating,0.0,0.0
commit:24,3,on_demand,operating,0.0,0.0
commit:24,4,on_demand,operating,0.0,0.0
commit:24,5,on_demand,operating,0.0,0.0
commit:24,6,on_demand,operating,0.0,0.0
commit:24,7,on_demand,operating,0.0,0.0
commit:24,8,on_demand,operating,0.0,0.0
commit:24,9,on_demand,operating,0.0,0.0
commit:24,10,on_demand,operating,0.0,0.0
commit:24,11,on_demand,operating,0.0,0.0
commit:24,12,on_demand,operating,0.0,0.0
commit:24,13,on_demand,operating,0.0,0.0
commit:24,14,on_demand,operating,0.0,0.0
commit:24,15,on_demand,operating,0.0,0.0
commit:24,16,on_demand,operating,0.0,0.0
commit:24,17,on_demand,operating,0.0,0.0
commit:24,18,on_demand,operating,0.0,0.0
commit:24,19,on_demand,operating,0.0,0.0
commit:24,20,on_demand,operating,0.0,0.0
commit:24,21,on_demand,operating,0.0,0.0
commit:24,22,on_demand,operating,0.0,0.0
commit:24,23,on_demand,operating,0.0,0.0
commit:24,24,on_demand,operating,0.0,0.0
commit:24,25,on_demand,operating,0.0,0.0
commit:24,26,on_demand,operating,0.0,0.0
commit:24,27,on_demand,operating,0.0,0.0
commit:24,28,on_demand,operating,0.0,0.0
commit:24,29,on_demand,operating,0.0,0.0
commit:24,30,on_demand,operating,0.0,0.0
commit:24,31,on_demand,operating,0.0,0.0
commit:24,32,on_demand,operating,0.0,0.0
commit:24,33,on_demand,operating,0.0,0.0
commit:24,34,on_demand,operating,0.0,0.0
commit:24,35,on_demand,operating,0.0,0.0
commit:24,36,on_demand,operating,0.0,0.0
commit:24,0,variable_service,capital,0.0,0.0
commit:24,1,variable_service,operating,0.0,0.0
commit:24,2,variable_service,operating,0.0,0.0
commit:24,3,variable_service,operating,0.0,0.0
commit:24,4,variable_service,operating,0.0,0.0
commit:24,5,variable_service,operating,0.0,0.0
commit:24,6,variable_service,operating,0.0,0.0
commit:24,7,variable_service,operating,0.0,0.0
commit:24,8,variable_service,operating,0.0,0.0
commit:24,9,variable_service,operating,0.0,0.0
commit:24,10,variable_service,operating,0.0,0.0
commit:24,11,variable_service,operating,0.0,0.0
commit:24,12,variable_service,operating,0.0,0.0
commit:24,13,variable_service,operating,0.0,0.0
commit:24,14,variable_service,operating,0.0,0.0
commit:24,15,variable_service,operating,0.0,0.0
commit:24,16,variable_service,operating,0.0,0.0
commit:24,17,variable_service,operating,0.0,0.0
commit:24,18,variable_service,operating,0.0,0.0
commit:24,19,variable_service,operating,0.0,0.0
commit:24,20,variable_service,operating,0.0,0.0
commit:24,21,variable_service,operating,0.0,0.0
commit:24,22,variable_service,operating,0.0,0.0
commit:24,23,variable_service,operating,0.0,0.0
commit:24,24,variable_service,operating,0.0,0.0
commit:24,25,variable_service,operating,0.0,0.0
commit:24,26,variable_service,operating,0.0,0.0
commit:24,27,variable_service,operating,0.0,0.0
commit:24,28,variable_service,operating,0.0,0.0
commit:24,29,variable_service,operating,0.0,0.0
commit:24,30,variable_service,operating,0.0,0.0
commit:24,31,variable_service,operating,0.0,0.0
commit:24,32,variable_service,operating,0.0,0.0
commit:24,33,variable_service,operating,0.0,0.0
commit:24,34,variable_service,operating,0.0,0.0
commit:24,35,variable_service,operating,0.0,0.0
commit:24,36,variable_service,operating,0.0,0.0
commit:24,0,commitment,capital,0.0,0.0
commit:24,1,commitment,operating,714240.0,708589.6069675788
commit:24,2,commitment,operating,691200.0,680307.0140457908
commit:24,3,commitment,operating,714240.0,697422.569010408
commit:24,4,commitment,operating,714240.0,691905.2196256218
commit:24,5,commitment,operating,645120.0,620002.6616937922
commit:24,6,commitment,operating,714240.0,681001.1197427718
commit:24,7,commitment,operating,691200.0,653819.6916501526
commit:24,8,commitment,operating,714240.0,670268.8633305051
commit:24,9,commitment,operating,691200.0,643515.8017228803
commit:24,10,commitment,operating,714240.0,659705.7422167856
commit:24,11,commitment,operating,714240.0,654486.7727817638
commit:24,12,commitment,operating,691200.0,628363.6363636364
commit:24,13,commitment,operating,714240.0,644172.3699705262
commit:24,14,commitment,operating,691200.0,618460.9218598098
commit:24,15,commitment,operating,714240.0,634020.5172821891
commit:24,16,commitment,operating,714240.0,629004.7451142017
commit:24,17,commitment,operating,668160.0,583768.7399064926
commit:24,18,commitment,operating,714240.0,619091.9270388834
commit:24,19,commitment,operating,691200.0,594381.537863775
commit:24,20,commitment,operating,714240.0,609335.3303004592
commit:24,21,commitment,operating,691200.0,585014.3652026185
commit:24,22,commitment,operating,714240.0,599732.4929243504
commit:24,23,commitment,operating,714240.0,594987.9752561488
commit:24,24,commitment,operating,691200.0,571239.6694214875
commit:24,25,commitment,operating,714240.0,585611.245427751
commit:24,26,commitment,operating,691200.0,562237.2016907361
commit:24,27,commitment,operating,714240.0,576382.2884383536
commit:24,28,commitment,operating,714240.0,571822.495558365
commit:24,29,commitment,operating,645120.0,512398.8939618117
commit:24,30,commitment,operating,714240.0,562810.8427626212
commit:24,31,commitment,operating,691200.0,540346.8526034318
commit:24,32,commitment,operating,714240.0,553941.2093640538
commit:24,33,commitment,operating,691200.0,531831.2410932895
commit:24,34,commitment,operating,714240.0,545211.357203955
commit:24,35,commitment,operating,714240.0,540898.1593237716
commit:24,36,commitment,operating,691200.0,519308.7903831704
commit:24,0,commit_setup,capital,0.0,0.0
commit:24,1,commit_setup,operating,0.0,0.0
commit:24,2,commit_setup,operating,0.0,0.0
commit:24,3,commit_setup,operating,0.0,0.0
commit:24,4,commit_setup,operating,0.0,0.0
commit:24,5,commit_setup,operating,0.0,0.0
commit:24,6,commit_setup,operating,0.0,0.0
commit:24,7,commit_setup,operating,0.0,0.0
commit:24,8,commit_setup,operating,0.0,0.0
commit:24,9,commit_setup,operating,0.0,0.0
commit:24,10,commit_setup,operating,0.0,0.0
commit:24,11,commit_setup,operating,0.0,0.0
commit:24,12,commit_setup,operating,0.0,0.0
commit:24,13,commit_setup,operating,0.0,0.0
commit:24,14,commit_setup,operating,0.0,0.0
commit:24,15,commit_setup,operating,0.0,0.0
commit:24,16,commit_setup,operating,0.0,0.0
commit:24,17,commit_setup,operating,0.0,0.0
commit:24,18,commit_setup,operating,0.0,0.0
commit:24,19,commit_setup,operating,0.0,0.0
commit:24,20,commit_setup,operating,0.0,0.0
commit:24,21,commit_setup,operating,0.0,0.0
commit:24,22,commit_setup,operating,0.0,0.0
commit:24,23,commit_setup,operating,0.0,0.0
commit:24,24,commit_setup,operating,0.0,0.0
commit:24,25,commit_setup,operating,0.0,0.0
commit:24,26,commit_setup,operating,0.0,0.0
commit:24,27,commit_setup,operating,0.0,0.0
commit:24,28,commit_setup,operating,0.0,0.0
commit:24,29,commit_setup,operating,0.0,0.0
commit:24,30,commit_setup,operating,0.0,0.0
commit:24,31,commit_setup,operating,0.0,0.0
commit:24,32,commit_setup,operating,0.0,0.0
commit:24,33,commit_setup,operating,0.0,0.0
commit:24,34,commit_setup,operating,0.0,0.0
commit:24,35,commit_setup,operating,0.0,0.0
commit:24,36,commit_setup,operating,0.0,0.0
commit:24,0,commit_fees,capital,0.0,0.0
commit:24,1,commit_fees,operating,0.0,0.0
commit:24,2,commit_fees,operating,0.0,0.0
commit:24,3,commit_fees,operating,0.0,0.0
commit:24,4,commit_fees,operating,0.0,0.0
commit:24,5,commit_fees,operating,0.0,0.0
commit:24,6,commit_fees,operating,0.0,0.0
commit:24,7,commit_fees,operating,0.0,0.0
commit:24,8,commit_fees,operating,0.0,0.0
commit:24,9,commit_fees,operating,0.0,0.0
commit:24,10,commit_fees,operating,0.0,0.0
commit:24,11,commit_fees,operating,0.0,0.0
commit:24,12,commit_fees,operating,0.0,0.0
commit:24,13,commit_fees,operating,0.0,0.0
commit:24,14,commit_fees,operating,0.0,0.0
commit:24,15,commit_fees,operating,0.0,0.0
commit:24,16,commit_fees,operating,0.0,0.0
commit:24,17,commit_fees,operating,0.0,0.0
commit:24,18,commit_fees,operating,0.0,0.0
commit:24,19,commit_fees,operating,0.0,0.0
commit:24,20,commit_fees,operating,0.0,0.0
commit:24,21,commit_fees,operating,0.0,0.0
commit:24,22,commit_fees,operating,0.0,0.0
commit:24,23,commit_fees,operating,0.0,0.0
commit:24,24,commit_fees,operating,0.0,0.0
commit:24,25,commit_fees,operating,0.0,0.0
commit:24,26,commit_fees,operating,0.0,0.0
commit:24,27,commit_fees,operating,0.0,0.0
commit:24,28,commit_fees,operating,0.0,0.0
commit:24,29,commit_fees,operating,0.0,0.0
commit:24,30,commit_fees,operating,0.0,0.0
commit:24,31,commit_fees,operating,0.0,0.0
commit:24,32,commit_fees,operating,0.0,0.0
commit:24,33,commit_fees,operating,0.0,0.0
commit:24,34,commit_fees,operating,0.0,0.0
commit:24,35,commit_fees,operating,0.0,0.0
commit:24,36,commit_fees,operating,0.0,0.0
commit:25,0,on_demand,capital,0.0,0.0
commit:25,1,on_demand,operating,0.0,0.0
commit:25,2,on_demand,operating,0.0,0.0
commit:25,3,on_demand,operating,0.0,0.0
commit:25,4,on_demand,operating,0.0,0.0
commit:25,5,on_demand,operating,0.0,0.0
commit:25,6,on_demand,operating,0.0,0.0
commit:25,7,on_demand,operating,0.0,0.0
commit:25,8,on_demand,operating,0.0,0.0
commit:25,9,on_demand,operating,0.0,0.0
commit:25,10,on_demand,operating,0.0,0.0
commit:25,11,on_demand,operating,0.0,0.0
commit:25,12,on_demand,operating,0.0,0.0
commit:25,13,on_demand,operating,0.0,0.0
commit:25,14,on_demand,operating,0.0,0.0
commit:25,15,on_demand,operating,0.0,0.0
commit:25,16,on_demand,operating,0.0,0.0
commit:25,17,on_demand,operating,0.0,0.0
commit:25,18,on_demand,operating,0.0,0.0
commit:25,19,on_demand,operating,0.0,0.0
commit:25,20,on_demand,operating,0.0,0.0
commit:25,21,on_demand,operating,0.0,0.0
commit:25,22,on_demand,operating,0.0,0.0
commit:25,23,on_demand,operating,0.0,0.0
commit:25,24,on_demand,operating,0.0,0.0
commit:25,25,on_demand,operating,0.0,0.0
commit:25,26,on_demand,operating,0.0,0.0
commit:25,27,on_demand,operating,0.0,0.0
commit:25,28,on_demand,operating,0.0,0.0
commit:25,29,on_demand,operating,0.0,0.0
commit:25,30,on_demand,operating,0.0,0.0
commit:25,31,on_demand,operating,0.0,0.0
commit:25,32,on_demand,operating,0.0,0.0
commit:25,33,on_demand,operating,0.0,0.0
commit:25,34,on_demand,operating,0.0,0.0
commit:25,35,on_demand,operating,0.0,0.0
commit:25,36,on_demand,operating,0.0,0.0
commit:25,0,variable_service,capital,0.0,0.0
commit:25,1,variable_service,operating,0.0,0.0
commit:25,2,variable_service,operating,0.0,0.0
commit:25,3,variable_service,operating,0.0,0.0
commit:25,4,variable_service,operating,0.0,0.0
commit:25,5,variable_service,operating,0.0,0.0
commit:25,6,variable_service,operating,0.0,0.0
commit:25,7,variable_service,operating,0.0,0.0
commit:25,8,variable_service,operating,0.0,0.0
commit:25,9,variable_service,operating,0.0,0.0
commit:25,10,variable_service,operating,0.0,0.0
commit:25,11,variable_service,operating,0.0,0.0
commit:25,12,variable_service,operating,0.0,0.0
commit:25,13,variable_service,operating,0.0,0.0
commit:25,14,variable_service,operating,0.0,0.0
commit:25,15,variable_service,operating,0.0,0.0
commit:25,16,variable_service,operating,0.0,0.0
commit:25,17,variable_service,operating,0.0,0.0
commit:25,18,variable_service,operating,0.0,0.0
commit:25,19,variable_service,operating,0.0,0.0
commit:25,20,variable_service,operating,0.0,0.0
commit:25,21,variable_service,operating,0.0,0.0
commit:25,22,variable_service,operating,0.0,0.0
commit:25,23,variable_service,operating,0.0,0.0
commit:25,24,variable_service,operating,0.0,0.0
commit:25,25,variable_service,operating,0.0,0.0
commit:25,26,variable_service,operating,0.0,0.0
commit:25,27,variable_service,operating,0.0,0.0
commit:25,28,variable_service,operating,0.0,0.0
commit:25,29,variable_service,operating,0.0,0.0
commit:25,30,variable_service,operating,0.0,0.0
commit:25,31,variable_service,operating,0.0,0.0
commit:25,32,variable_service,operating,0.0,0.0
commit:25,33,variable_service,operating,0.0,0.0
commit:25,34,variable_service,operating,0.0,0.0
commit:25,35,variable_service,operating,0.0,0.0
commit:25,36,variable_service,operating,0.0,0.0
commit:25,0,commitment,capital,0.0,0.0
commit:25,1,commitment,operating,744000.0,738114.1739245612
commit:25,2,commitment,operating,720000.0,708653.1396310321
commit:25,3,commitment,operating,744000.0,726481.842719175
commit:25,4,commitment,operating,744000.0,720734.6037766894
commit:25,5,commitment,operating,672000.0,645836.1059310335
commit:25,6,commitment,operating,744000.0,709376.1663987206
commit:25,7,commitment,operating,720000.0,681062.1788022422
commit:25,8,commitment,operating,744000.0,698196.7326359429
commit:25,9,commitment,operating,720000.0,670328.9601280004
commit:25,10,commitment,operating,744000.0,687193.4814758183
commit:25,11,commitment,operating,744000.0,681757.054981004
commit:25,12,commitment,operating,720000.0,654545.4545454545
commit:25,13,commitment,operating,744000.0,671012.8853859648
commit:25,14,commitment,operating,720000.0,644230.1269373018
commit:25,15,commitment,operating,744000.0,660438.0388356136
commit:25,16,commitment,operating,744000.0,655213.2761606267
commit:25,17,commitment,operating,696000.0,608092.4374025965
commit:25,18,commitment,operating,744000.0,644887.4239988369
commit:25,19,commitment,operating,720000.0,619147.4352747656
commit:25,20,commitment,operating,744000.0,634724.3023963117
commit:25,21,commitment,operating,720000.0,609389.9637527276
commit:25,22,commitment,operating,744000.0,624721.3467961984
commit:25,23,commitment,operating,744000.0,619779.1408918217
commit:25,24,commitment,operating,720000.0,595041.3223140495
commit:25,25,commitment,operating,744000.0,610011.7139872406
commit:25,26,commitment,operating,720000.0,585663.7517611835
commit:25,27,commitment,operating,744000.0,600398.217123285
commit:25,28,commitment,operating,744000.0,595648.4328732969
commit:25,29,commitment,operating,672000.0,533748.8478768872
commit:25,30,commitment,operating,744000.0,586261.2945443972
commit:25,31,commitment,operating,720000.0,562861.3047952414
commit:25,32,commitment,operating,744000.0,577022.093087556
commit:25,33,commitment,operating,720000.0,553990.8761388432
commit:25,34,commitment,operating,744000.0,567928.497087453
commit:25,35,commitment,operating,744000.0,563435.5826289288
commit:25,36,commitment,operating,720000.0,540946.6566491359
commit:25,0,commit_setup,capital,0.0,0.0
commit:25,1,commit_setup,operating,0.0,0.0
commit:25,2,commit_setup,operating,0.0,0.0
commit:25,3,commit_setup,operating,0.0,0.0
commit:25,4,commit_setup,operating,0.0,0.0
commit:25,5,commit_setup,operating,0.0,0.0
commit:25,6,commit_setup,operating,0.0,0.0
commit:25,7,commit_setup,operating,0.0,0.0
commit:25,8,commit_setup,operating,0.0,0.0
commit:25,9,commit_setup,operating,0.0,0.0
commit:25,10,commit_setup,operating,0.0,0.0
commit:25,11,commit_setup,operating,0.0,0.0
commit:25,12,commit_setup,operating,0.0,0.0
commit:25,13,commit_setup,operating,0.0,0.0
commit:25,14,commit_setup,operating,0.0,0.0
commit:25,15,commit_setup,operating,0.0,0.0
commit:25,16,commit_setup,operating,0.0,0.0
commit:25,17,commit_setup,operating,0.0,0.0
commit:25,18,commit_setup,operating,0.0,0.0
commit:25,19,commit_setup,operating,0.0,0.0
commit:25,20,commit_setup,operating,0.0,0.0
commit:25,21,commit_setup,operating,0.0,0.0
commit:25,22,commit_setup,operating,0.0,0.0
commit:25,23,commit_setup,operating,0.0,0.0
commit:25,24,commit_setup,operating,0.0,0.0
commit:25,25,commit_setup,operating,0.0,0.0
commit:25,26,commit_setup,operating,0.0,0.0
commit:25,27,commit_setup,operating,0.0,0.0
commit:25,28,commit_setup,operating,0.0,0.0
commit:25,29,commit_setup,operating,0.0,0.0
commit:25,30,commit_setup,operating,0.0,0.0
commit:25,31,commit_setup,operating,0.0,0.0
commit:25,32,commit_setup,operating,0.0,0.0
commit:25,33,commit_setup,operating,0.0,0.0
commit:25,34,commit_setup,operating,0.0,0.0
commit:25,35,commit_setup,operating,0.0,0.0
commit:25,36,commit_setup,operating,0.0,0.0
commit:25,0,commit_fees,capital,0.0,0.0
commit:25,1,commit_fees,operating,0.0,0.0
commit:25,2,commit_fees,operating,0.0,0.0
commit:25,3,commit_fees,operating,0.0,0.0
commit:25,4,commit_fees,operating,0.0,0.0
commit:25,5,commit_fees,operating,0.0,0.0
commit:25,6,commit_fees,operating,0.0,0.0
commit:25,7,commit_fees,operating,0.0,0.0
commit:25,8,commit_fees,operating,0.0,0.0
commit:25,9,commit_fees,operating,0.0,0.0
commit:25,10,commit_fees,operating,0.0,0.0
commit:25,11,commit_fees,operating,0.0,0.0
commit:25,12,commit_fees,operating,0.0,0.0
commit:25,13,commit_fees,operating,0.0,0.0
commit:25,14,commit_fees,operating,0.0,0.0
commit:25,15,commit_fees,operating,0.0,0.0
commit:25,16,commit_fees,operating,0.0,0.0
commit:25,17,commit_fees,operating,0.0,0.0
commit:25,18,commit_fees,operating,0.0,0.0
commit:25,19,commit_fees,operating,0.0,0.0
commit:25,20,commit_fees,operating,0.0,0.0
commit:25,21,commit_fees,operating,0.0,0.0
commit:25,22,commit_fees,operating,0.0,0.0
commit:25,23,commit_fees,operating,0.0,0.0
commit:25,24,commit_fees,operating,0.0,0.0
commit:25,25,commit_fees,operating,0.0,0.0
commit:25,26,commit_fees,operating,0.0,0.0
commit:25,27,commit_fees,operating,0.0,0.0
commit:25,28,commit_fees,operating,0.0,0.0
commit:25,29,commit_fees,operating,0.0,0.0
commit:25,30,commit_fees,operating,0.0,0.0
commit:25,31,commit_fees,operating,0.0,0.0
commit:25,32,commit_fees,operating,0.0,0.0
commit:25,33,commit_fees,operating,0.0,0.0
commit:25,34,commit_fees,operating,0.0,0.0
commit:25,35,commit_fees,operating,0.0,0.0
commit:25,36,commit_fees,operating,0.0,0.0
commit:26,0,on_demand,capital,0.0,0.0
commit:26,1,on_demand,operating,0.0,0.0
commit:26,2,on_demand,operating,0.0,0.0
commit:26,3,on_demand,operating,0.0,0.0
commit:26,4,on_demand,operating,0.0,0.0
commit:26,5,on_demand,operating,0.0,0.0
commit:26,6,on_demand,operating,0.0,0.0
commit:26,7,on_demand,operating,0.0,0.0
commit:26,8,on_demand,operating,0.0,0.0
commit:26,9,on_demand,operating,0.0,0.0
commit:26,10,on_demand,operating,0.0,0.0
commit:26,11,on_demand,operating,0.0,0.0
commit:26,12,on_demand,operating,0.0,0.0
commit:26,13,on_demand,operating,0.0,0.0
commit:26,14,on_demand,operating,0.0,0.0
commit:26,15,on_demand,operating,0.0,0.0
commit:26,16,on_demand,operating,0.0,0.0
commit:26,17,on_demand,operating,0.0,0.0
commit:26,18,on_demand,operating,0.0,0.0
commit:26,19,on_demand,operating,0.0,0.0
commit:26,20,on_demand,operating,0.0,0.0
commit:26,21,on_demand,operating,0.0,0.0
commit:26,22,on_demand,operating,0.0,0.0
commit:26,23,on_demand,operating,0.0,0.0
commit:26,24,on_demand,operating,0.0,0.0
commit:26,25,on_demand,operating,0.0,0.0
commit:26,26,on_demand,operating,0.0,0.0
commit:26,27,on_demand,operating,0.0,0.0
commit:26,28,on_demand,operating,0.0,0.0
commit:26,29,on_demand,operating,0.0,0.0
commit:26,30,on_demand,operating,0.0,0.0
commit:26,31,on_demand,operating,0.0,0.0
commit:26,32,on_demand,operating,0.0,0.0
commit:26,33,on_demand,operating,0.0,0.0
commit:26,34,on_demand,operating,0.0,0.0
commit:26,35,on_demand,operating,0.0,0.0
commit:26,36,on_demand,operating,0.0,0.0
commit:26,0,variable_service,capital,0.0,0.0
commit:26,1,variable_service,operating,0.0,0.0
commit:26,2,variable_service,operating,0.0,0.0
commit:26,3,variable_service,operating,0.0,0.0
commit:26,4,variable_service,operating,0.0,0.0
commit:26,5,variable_service,operating,0.0,0.0
commit:26,6,variable_service,operating,0.0,0.0
commit:26,7,variable_service,operating,0.0,0.0
commit:26,8,variable_service,operating,0.0,0.0
commit:26,9,variable_service,operating,0.0,0.0
commit:26,10,variable_service,operating,0.0,0.0
commit:26,11,variable_service,operating,0.0,0.0
commit:26,12,variable_service,operating,0.0,0.0
commit:26,13,variable_service,operating,0.0,0.0
commit:26,14,variable_service,operating,0.0,0.0
commit:26,15,variable_service,operating,0.0,0.0
commit:26,16,variable_service,operating,0.0,0.0
commit:26,17,variable_service,operating,0.0,0.0
commit:26,18,variable_service,operating,0.0,0.0
commit:26,19,variable_service,operating,0.0,0.0
commit:26,20,variable_service,operating,0.0,0.0
commit:26,21,variable_service,operating,0.0,0.0
commit:26,22,variable_service,operating,0.0,0.0
commit:26,23,variable_service,operating,0.0,0.0
commit:26,24,variable_service,operating,0.0,0.0
commit:26,25,variable_service,operating,0.0,0.0
commit:26,26,variable_service,operating,0.0,0.0
commit:26,27,variable_service,operating,0.0,0.0
commit:26,28,variable_service,operating,0.0,0.0
commit:26,29,variable_service,operating,0.0,0.0
commit:26,30,variable_service,operating,0.0,0.0
commit:26,31,variable_service,operating,0.0,0.0
commit:26,32,variable_service,operating,0.0,0.0
commit:26,33,variable_service,operating,0.0,0.0
commit:26,34,variable_service,operating,0.0,0.0
commit:26,35,variable_service,operating,0.0,0.0
commit:26,36,variable_service,operating,0.0,0.0
commit:26,0,commitment,capital,0.0,0.0
commit:26,1,commitment,operating,773760.0,767638.7408815437
commit:26,2,commitment,operating,748800.0,736999.2652162734
commit:26,3,commitment,operating,773760.0,755541.1164279421
commit:26,4,commitment,operating,773760.0,749563.987927757
commit:26,5,commitment,operating,698880.0,671669.5501682749
commit:26,6,commitment,operating,773760.0,737751.2130546694
commit:26,7,commitment,operating,748800.0,708304.6659543319
commit:26,8,commitment,operating,773760.0,726124.6019413805
commit:26,9,commitment,operating,748800.0,697142.1185331204
commit:26,10,commitment,operating,773760.0,714681.2207348511
commit:26,11,commitment,operating,773760.0,709027.3371802442
commit:26,12,commitment,operating,748800.0,680727.2727272727
commit:26,13,commitment,operating,773760.0,697853.4008014033
commit:26,14,commitment,operating,748800.0,669999.3320147939
commit:26,15,commitment,operating,773760.0,686855.5603890382
commit:26,16,commitment,operating,773760.0,681421.8072070518
commit:26,17,commitment,operating,723840.0,632416.1348987003
commit:26,18,commitment,operating,773760.0,670682.9209587903
commit:26,19,commitment,operating,748800.0,643913.3326857563
commit:26,20,commitment,operating,773760.0,660113.274492164
commit:26,21,commitment,operating,748800.0,633765.5623028367
commit:26,22,commitment,operating,773760.0,649710.2006680464
commit:26,23,commitment,operating,773760.0,644570.3065274946
commit:26,24,commitment,operating,748800.0,618842.9752066116
commit:26,25,commitment,operating,773760.0,634412.1825467302
commit:26,26,commitment,operating,748800.0,609090.3018316309
commit:26,27,commitment,operating,773760.0,624414.1458082164
commit:26,28,commitment,operating,773760.0,619474.3701882288
commit:26,29,commitment,operating,698880.0,555098.8017919627
commit:26,30,commitment,operating,773760.0,609711.746326173
commit:26,31,commitment,operating,748800.0,585375.7569870511
commit:26,32,commitment,operating,773760.0,600102.9768110582
commit:26,33,commitment,operating,748800.0,576150.5111843969
commit:26,34,commitment,operating,773760.0,590645.6369709512
commit:26,35,commitment,operating,773760.0,585973.0059340859
commit:26,36,commitment,operating,748800.0,562584.5229151013
commit:26,0,commit_setup,capital,0.0,0.0
commit:26,1,commit_setup,operating,0.0,0.0
commit:26,2,commit_setup,operating,0.0,0.0
commit:26,3,commit_setup,operating,0.0,0.0
commit:26,4,commit_setup,operating,0.0,0.0
commit:26,5,commit_setup,operating,0.0,0.0
commit:26,6,commit_setup,operating,0.0,0.0
commit:26,7,commit_setup,operating,0.0,0.0
commit:26,8,commit_setup,operating,0.0,0.0
commit:26,9,commit_setup,operating,0.0,0.0
commit:26,10,commit_setup,operating,0.0,0.0
commit:26,11,commit_setup,operating,0.0,0.0
commit:26,12,commit_setup,operating,0.0,0.0
commit:26,13,commit_setup,operating,0.0,0.0
commit:26,14,commit_setup,operating,0.0,0.0
commit:26,15,commit_setup,operating,0.0,0.0
commit:26,16,commit_setup,operating,0.0,0.0
commit:26,17,commit_setup,operating,0.0,0.0
commit:26,18,commit_setup,operating,0.0,0.0
commit:26,19,commit_setup,operating,0.0,0.0
commit:26,20,commit_setup,operating,0.0,0.0
commit:26,21,commit_setup,operating,0.0,0.0
commit:26,22,commit_setup,operating,0.0,0.0
commit:26,23,commit_setup,operating,0.0,0.0
commit:26,24,commit_setup,operating,0.0,0.0
commit:26,25,commit_setup,operating,0.0,0.0
commit:26,26,commit_setup,operating,0.0,0.0
commit:26,27,commit_setup,operating,0.0,0.0
commit:26,28,commit_setup,operating,0.0,0.0
commit:26,29,commit_setup,operating,0.0,0.0
commit:26,30,commit_setup,operating,0.0,0.0
commit:26,31,commit_setup,operating,0.0,0.0
commit:26,32,commit_setup,operating,0.0,0.0
commit:26,33,commit_setup,operating,0.0,0.0
commit:26,34,commit_setup,operating,0.0,0.0
commit:26,35,commit_setup,operating,0.0,0.0
commit:26,36,commit_setup,operating,0.0,0.0
commit:26,0,commit_fees,capital,0.0,0.0
commit:26,1,commit_fees,operating,0.0,0.0
commit:26,2,commit_fees,operating,0.0,0.0
commit:26,3,commit_fees,operating,0.0,0.0
commit:26,4,commit_fees,operating,0.0,0.0
commit:26,5,commit_fees,operating,0.0,0.0
commit:26,6,commit_fees,operating,0.0,0.0
commit:26,7,commit_fees,operating,0.0,0.0
commit:26,8,commit_fees,operating,0.0,0.0
commit:26,9,commit_fees,operating,0.0,0.0
commit:26,10,commit_fees,operating,0.0,0.0
commit:26,11,commit_fees,operating,0.0,0.0
commit:26,12,commit_fees,operating,0.0,0.0
commit:26,13,commit_fees,operating,0.0,0.0
commit:26,14,commit_fees,operating,0.0,0.0
commit:26,15,commit_fees,operating,0.0,0.0
commit:26,16,commit_fees,operating,0.0,0.0
commit:26,17,commit_fees,operating,0.0,0.0
commit:26,18,commit_fees,operating,0.0,0.0
commit:26,19,commit_fees,operating,0.0,0.0
commit:26,20,commit_fees,operating,0.0,0.0
commit:26,21,commit_fees,operating,0.0,0.0
commit:26,22,commit_fees,operating,0.0,0.0
commit:26,23,commit_fees,operating,0.0,0.0
commit:26,24,commit_fees,operating,0.0,0.0
commit:26,25,commit_fees,operating,0.0,0.0
commit:26,26,commit_fees,operating,0.0,0.0
commit:26,27,commit_fees,operating,0.0,0.0
commit:26,28,commit_fees,operating,0.0,0.0
commit:26,29,commit_fees,operating,0.0,0.0
commit:26,30,commit_fees,operating,0.0,0.0
commit:26,31,commit_fees,operating,0.0,0.0
commit:26,32,commit_fees,operating,0.0,0.0
commit:26,33,commit_fees,operating,0.0,0.0
commit:26,34,commit_fees,operating,0.0,0.0
commit:26,35,commit_fees,operating,0.0,0.0
commit:26,36,commit_fees,operating,0.0,0.0
commit:27,0,on_demand,capital,0.0,0.0
commit:27,1,on_demand,operating,0.0,0.0
commit:27,2,on_demand,operating,0.0,0.0
commit:27,3,on_demand,operating,0.0,0.0
commit:27,4,on_demand,operating,0.0,0.0
commit:27,5,on_demand,operating,0.0,0.0
commit:27,6,on_demand,operating,0.0,0.0
commit:27,7,on_demand,operating,0.0,0.0
commit:27,8,on_demand,operating,0.0,0.0
commit:27,9,on_demand,operating,0.0,0.0
commit:27,10,on_demand,operating,0.0,0.0
commit:27,11,on_demand,operating,0.0,0.0
commit:27,12,on_demand,operating,0.0,0.0
commit:27,13,on_demand,operating,0.0,0.0
commit:27,14,on_demand,operating,0.0,0.0
commit:27,15,on_demand,operating,0.0,0.0
commit:27,16,on_demand,operating,0.0,0.0
commit:27,17,on_demand,operating,0.0,0.0
commit:27,18,on_demand,operating,0.0,0.0
commit:27,19,on_demand,operating,0.0,0.0
commit:27,20,on_demand,operating,0.0,0.0
commit:27,21,on_demand,operating,0.0,0.0
commit:27,22,on_demand,operating,0.0,0.0
commit:27,23,on_demand,operating,0.0,0.0
commit:27,24,on_demand,operating,0.0,0.0
commit:27,25,on_demand,operating,0.0,0.0
commit:27,26,on_demand,operating,0.0,0.0
commit:27,27,on_demand,operating,0.0,0.0
commit:27,28,on_demand,operating,0.0,0.0
commit:27,29,on_demand,operating,0.0,0.0
commit:27,30,on_demand,operating,0.0,0.0
commit:27,31,on_demand,operating,0.0,0.0
commit:27,32,on_demand,operating,0.0,0.0
commit:27,33,on_demand,operating,0.0,0.0
commit:27,34,on_demand,operating,0.0,0.0
commit:27,35,on_demand,operating,0.0,0.0
commit:27,36,on_demand,operating,0.0,0.0
commit:27,0,variable_service,capital,0.0,0.0
commit:27,1,variable_service,operating,0.0,0.0
commit:27,2,variable_service,operating,0.0,0.0
commit:27,3,variable_service,operating,0.0,0.0
commit:27,4,variable_service,operating,0.0,0.0
commit:27,5,variable_service,operating,0.0,0.0
commit:27,6,variable_service,operating,0.0,0.0
commit:27,7,variable_service,operating,0.0,0.0
commit:27,8,variable_service,operating,0.0,0.0
commit:27,9,variable_service,operating,0.0,0.0
commit:27,10,variable_service,operating,0.0,0.0
commit:27,11,variable_service,operating,0.0,0.0
commit:27,12,variable_service,operating,0.0,0.0
commit:27,13,variable_service,operating,0.0,0.0
commit:27,14,variable_service,operating,0.0,0.0
commit:27,15,variable_service,operating,0.0,0.0
commit:27,16,variable_service,operating,0.0,0.0
commit:27,17,variable_service,operating,0.0,0.0
commit:27,18,variable_service,operating,0.0,0.0
commit:27,19,variable_service,operating,0.0,0.0
commit:27,20,variable_service,operating,0.0,0.0
commit:27,21,variable_service,operating,0.0,0.0
commit:27,22,variable_service,operating,0.0,0.0
commit:27,23,variable_service,operating,0.0,0.0
commit:27,24,variable_service,operating,0.0,0.0
commit:27,25,variable_service,operating,0.0,0.0
commit:27,26,variable_service,operating,0.0,0.0
commit:27,27,variable_service,operating,0.0,0.0
commit:27,28,variable_service,operating,0.0,0.0
commit:27,29,variable_service,operating,0.0,0.0
commit:27,30,variable_service,operating,0.0,0.0
commit:27,31,variable_service,operating,0.0,0.0
commit:27,32,variable_service,operating,0.0,0.0
commit:27,33,variable_service,operating,0.0,0.0
commit:27,34,variable_service,operating,0.0,0.0
commit:27,35,variable_service,operating,0.0,0.0
commit:27,36,variable_service,operating,0.0,0.0
commit:27,0,commitment,capital,0.0,0.0
commit:27,1,commitment,operating,803520.0,797163.3078385262
commit:27,2,commitment,operating,777600.0,765345.3908015146
commit:27,3,commitment,operating,803520.0,784600.3901367091
commit:27,4,commitment,operating,803520.0,778393.3720788246
commit:27,5,commitment,operating,725760.0,697502.9944055162
commit:27,6,commitment,operating,803520.0,766126.2597106183
commit:27,7,commitment,operating,777600.0,735547.1531064216
commit:27,8,commitment,operating,803520.0,754052.4712468183
commit:27,9,commitment,operating,777600.0,723955.2769382404
commit:27,10,commitment,operating,803520.0,742168.9599938837
commit:27,11,commitment,operating,803520.0,736297.6193794843
commit:27,12,commitment,operating,777600.0,706909.0909090909
commit:27,13,commitment,operating,803520.0,724693.9162168419
commit:27,14,commitment,operating,777600.0,695768.5370922859
commit:27,15,commitment,operating,803520.0,713273.0819424627
commit:27,16,commitment,operating,803520.0,707630.3382534769
commit:27,17,commitment,operating,751680.0,656739.8323948042
commit:27,18,commitment,operating,803520.0,696478.4179187438
commit:27,19,commitment,operating,777600.0,668679.2300967469
commit:27,20,commitment,operating,803520.0,685502.2465880165
commit:27,21,commitment,operating,777600.0,658141.1608529458
commit:27,22,commitment,operating,803520.0,674699.0545398943
commit:27,23,commitment,operating,803520.0,669361.4721631674
commit:27,24,commitment,operating,777600.0,642644.6280991735
commit:27,25,commitment,operating,803520.0,658812.6511062199
commit:27,26,commitment,operating,777600.0,632516.8519020781
commit:27,27,commitment,operating,803520.0,648430.0744931478
commit:27,28,commitment,operating,803520.0,643300.3075031607
commit:27,29,commitment,operating,725760.0,576448.7557070381
commit:27,30,commitment,operating,803520.0,633162.1981079489
commit:27,31,commitment,operating,777600.0,607890.2091788608
commit:27,32,commitment,operating,803520.0,623183.8605345605
commit:27,33,commitment,operating,777600.0,598310.1462299507
commit:27,34,commitment,operating,803520.0,613362.7768544493
commit:27,35,commitment,operating,803520.0,608510.4292392432
commit:27,36,commitment,operating,777600.0,584222.3891810667
commit:27,0,commit_setup,capital,0.0,0.0
commit:27,1,commit_setup,operating,0.0,0.0
commit:27,2,commit_setup,operating,0.0,0.0
commit:27,3,commit_setup,operating,0.0,0.0
commit:27,4,commit_setup,operating,0.0,0.0
commit:27,5,commit_setup,operating,0.0,0.0
commit:27,6,commit_setup,operating,0.0,0.0
commit:27,7,commit_setup,operating,0.0,0.0
commit:27,8,commit_setup,operating,0.0,0.0
commit:27,9,commit_setup,operating,0.0,0.0
commit:27,10,commit_setup,operating,0.0,0.0
commit:27,11,commit_setup,operating,0.0,0.0
commit:27,12,commit_setup,operating,0.0,0.0
commit:27,13,commit_setup,operating,0.0,0.0
commit:27,14,commit_setup,operating,0.0,0.0
commit:27,15,commit_setup,operating,0.0,0.0
commit:27,16,commit_setup,operating,0.0,0.0
commit:27,17,commit_setup,operating,0.0,0.0
commit:27,18,commit_setup,operating,0.0,0.0
commit:27,19,commit_setup,operating,0.0,0.0
commit:27,20,commit_setup,operating,0.0,0.0
commit:27,21,commit_setup,operating,0.0,0.0
commit:27,22,commit_setup,operating,0.0,0.0
commit:27,23,commit_setup,operating,0.0,0.0
commit:27,24,commit_setup,operating,0.0,0.0
commit:27,25,commit_setup,operating,0.0,0.0
commit:27,26,commit_setup,operating,0.0,0.0
commit:27,27,commit_setup,operating,0.0,0.0
commit:27,28,commit_setup,operating,0.0,0.0
commit:27,29,commit_setup,operating,0.0,0.0
commit:27,30,commit_setup,operating,0.0,0.0
commit:27,31,commit_setup,operating,0.0,0.0
commit:27,32,commit_setup,operating,0.0,0.0
commit:27,33,commit_setup,operating,0.0,0.0
commit:27,34,commit_setup,operating,0.0,0.0
commit:27,35,commit_setup,operating,0.0,0.0
commit:27,36,commit_setup,operating,0.0,0.0
commit:27,0,commit_fees,capital,0.0,0.0
commit:27,1,commit_fees,operating,0.0,0.0
commit:27,2,commit_fees,operating,0.0,0.0
commit:27,3,commit_fees,operating,0.0,0.0
commit:27,4,commit_fees,operating,0.0,0.0
commit:27,5,commit_fees,operating,0.0,0.0
commit:27,6,commit_fees,operating,0.0,0.0
commit:27,7,commit_fees,operating,0.0,0.0
commit:27,8,commit_fees,operating,0.0,0.0
commit:27,9,commit_fees,operating,0.0,0.0
commit:27,10,commit_fees,operating,0.0,0.0
commit:27,11,commit_fees,operating,0.0,0.0
commit:27,12,commit_fees,operating,0.0,0.0
commit:27,13,commit_fees,operating,0.0,0.0
commit:27,14,commit_fees,operating,0.0,0.0
commit:27,15,commit_fees,operating,0.0,0.0
commit:27,16,commit_fees,operating,0.0,0.0
commit:27,17,commit_fees,operating,0.0,0.0
commit:27,18,commit_fees,operating,0.0,0.0
commit:27,19,commit_fees,operating,0.0,0.0
commit:27,20,commit_fees,operating,0.0,0.0
commit:27,21,commit_fees,operating,0.0,0.0
commit:27,22,commit_fees,operating,0.0,0.0
commit:27,23,commit_fees,operating,0.0,0.0
commit:27,24,commit_fees,operating,0.0,0.0
commit:27,25,commit_fees,operating,0.0,0.0
commit:27,26,commit_fees,operating,0.0,0.0
commit:27,27,commit_fees,operating,0.0,0.0
commit:27,28,commit_fees,operating,0.0,0.0
commit:27,29,commit_fees,operating,0.0,0.0
commit:27,30,commit_fees,operating,0.0,0.0
commit:27,31,commit_fees,operating,0.0,0.0
commit:27,32,commit_fees,operating,0.0,0.0
commit:27,33,commit_fees,operating,0.0,0.0
commit:27,34,commit_fees,operating,0.0,0.0
commit:27,35,commit_fees,operating,0.0,0.0
commit:27,36,commit_fees,operating,0.0,0.0
commit:28,0,on_demand,capital,0.0,0.0
commit:28,1,on_demand,operating,0.0,0.0
commit:28,2,on_demand,operating,0.0,0.0
commit:28,3,on_demand,operating,0.0,0.0
commit:28,4,on_demand,operating,0.0,0.0
commit:28,5,on_demand,operating,0.0,0.0
commit:28,6,on_demand,operating,0.0,0.0
commit:28,7,on_demand,operating,0.0,0.0
commit:28,8,on_demand,operating,0.0,0.0
commit:28,9,on_demand,operating,0.0,0.0
commit:28,10,on_demand,operating,0.0,0.0
commit:28,11,on_demand,operating,0.0,0.0
commit:28,12,on_demand,operating,0.0,0.0
commit:28,13,on_demand,operating,0.0,0.0
commit:28,14,on_demand,operating,0.0,0.0
commit:28,15,on_demand,operating,0.0,0.0
commit:28,16,on_demand,operating,0.0,0.0
commit:28,17,on_demand,operating,0.0,0.0
commit:28,18,on_demand,operating,0.0,0.0
commit:28,19,on_demand,operating,0.0,0.0
commit:28,20,on_demand,operating,0.0,0.0
commit:28,21,on_demand,operating,0.0,0.0
commit:28,22,on_demand,operating,0.0,0.0
commit:28,23,on_demand,operating,0.0,0.0
commit:28,24,on_demand,operating,0.0,0.0
commit:28,25,on_demand,operating,0.0,0.0
commit:28,26,on_demand,operating,0.0,0.0
commit:28,27,on_demand,operating,0.0,0.0
commit:28,28,on_demand,operating,0.0,0.0
commit:28,29,on_demand,operating,0.0,0.0
commit:28,30,on_demand,operating,0.0,0.0
commit:28,31,on_demand,operating,0.0,0.0
commit:28,32,on_demand,operating,0.0,0.0
commit:28,33,on_demand,operating,0.0,0.0
commit:28,34,on_demand,operating,0.0,0.0
commit:28,35,on_demand,operating,0.0,0.0
commit:28,36,on_demand,operating,0.0,0.0
commit:28,0,variable_service,capital,0.0,0.0
commit:28,1,variable_service,operating,0.0,0.0
commit:28,2,variable_service,operating,0.0,0.0
commit:28,3,variable_service,operating,0.0,0.0
commit:28,4,variable_service,operating,0.0,0.0
commit:28,5,variable_service,operating,0.0,0.0
commit:28,6,variable_service,operating,0.0,0.0
commit:28,7,variable_service,operating,0.0,0.0
commit:28,8,variable_service,operating,0.0,0.0
commit:28,9,variable_service,operating,0.0,0.0
commit:28,10,variable_service,operating,0.0,0.0
commit:28,11,variable_service,operating,0.0,0.0
commit:28,12,variable_service,operating,0.0,0.0
commit:28,13,variable_service,operating,0.0,0.0
commit:28,14,variable_service,operating,0.0,0.0
commit:28,15,variable_service,operating,0.0,0.0
commit:28,16,variable_service,operating,0.0,0.0
commit:28,17,variable_service,operating,0.0,0.0
commit:28,18,variable_service,operating,0.0,0.0
commit:28,19,variable_service,operating,0.0,0.0
commit:28,20,variable_service,operating,0.0,0.0
commit:28,21,variable_service,operating,0.0,0.0
commit:28,22,variable_service,operating,0.0,0.0
commit:28,23,variable_service,operating,0.0,0.0
commit:28,24,variable_service,operating,0.0,0.0
commit:28,25,variable_service,operating,0.0,0.0
commit:28,26,variable_service,operating,0.0,0.0
commit:28,27,variable_service,operating,0.0,0.0
commit:28,28,variable_service,operating,0.0,0.0
commit:28,29,variable_service,operating,0.0,0.0
commit:28,30,variable_service,operating,0.0,0.0
commit:28,31,variable_service,operating,0.0,0.0
commit:28,32,variable_service,operating,0.0,0.0
commit:28,33,variable_service,operating,0.0,0.0
commit:28,34,variable_service,operating,0.0,0.0
commit:28,35,variable_service,operating,0.0,0.0
commit:28,36,variable_service,operating,0.0,0.0
commit:28,0,commitment,capital,0.0,0.0
commit:28,1,commitment,operating,833280.0,826687.8747955086
commit:28,2,commitment,operating,806400.0,793691.516386756
commit:28,3,commitment,operating,833280.0,813659.663845476
commit:28,4,commitment,operating,833280.0,807222.7562298921
commit:28,5,commitment,operating,752640.0,723336.4386427576
commit:28,6,commitment,operating,833280.0,794501.3063665672
commit:28,7,commitment,operating,806400.0,762789.6402585113
commit:28,8,commitment,operating,833280.0,781980.340552256
commit:28,9,commitment,operating,806400.0,750768.4353433604
commit:28,10,commitment,operating,833280.0,769656.6992529165
commit:28,11,commitment,operating,833280.0,763567.9015787244
commit:28,12,commitment,operating,806400.0,733090.9090909091
commit:28,13,commitment,operating,833280.0,751534.4316322806
commit:28,14,commitment,operating,806400.0,721537.742169778
commit:28,15,commitment,operating,833280.0,739690.6034958872
commit:28,16,commitment,operating,833280.0,733838.8692999019
commit:28,17,commitment,operating,779520.0,681063.529890908
commit:28,18,commitment,operating,833280.0,722273.9148786973
commit:28,19,commitment,operating,806400.0,693445.1275077375
commit:28,20,commitment,operating,833280.0,710891.218683869
commit:28,21,commitment,operating,806400.0,682516.759403055
commit:28,22,commitment,operating,833280.0,699687.9084117422
commit:28,23,commitment,operating,833280.0,694152.6377988403
commit:28,24,commitment,operating,806400.0,666446.2809917355
commit:28,25,commitment,operating,833280.0,683213.1196657094
commit:28,26,commitment,operating,806400.0,655943.4019725255
commit:28,27,commitment,operating,833280.0,672446.0031780793
commit:28,28,commitment,operating,833280.0,667126.2448180926
commit:28,29,commitment,operating,752640.0,597798.7096221136
commit:28,30,commitment,operating,833280.0,656612.6498897248
commit:28,31,commitment,operating,806400.0,630404.6613706704
commit:28,32,commitment,operating,833280.0,646264.7442580627
commit:28,33,commitment,operating,806400.0,620469.7812755044
commit:28,34,commitment,operating,833280.0,636079.9167379475
commit:28,35,commitment,operating,833280.0,631047.8525444003
commit:28,36,commitment,operating,806400.0,605860.2554470322
commit:28,0,commit_setup,capital,0.0,0.0
commit:28,1,commit_setup,operating,0.0,0.0
commit:28,2,commit_setup,operating,0.0,0.0
commit:28,3,commit_setup,operating,0.0,0.0
commit:28,4,commit_setup,operating,0.0,0.0
commit:28,5,commit_setup,operating,0.0,0.0
commit:28,6,commit_setup,operating,0.0,0.0
commit:28,7,commit_setup,operating,0.0,0.0
commit:28,8,commit_setup,operating,0.0,0.0
commit:28,9,commit_setup,operating,0.0,0.0
commit:28,10,commit_setup,operating,0.0,0.0
commit:28,11,commit_setup,operating,0.0,0.0
commit:28,12,commit_setup,operating,0.0,0.0
commit:28,13,commit_setup,operating,0.0,0.0
commit:28,14,commit_setup,operating,0.0,0.0
commit:28,15,commit_setup,operating,0.0,0.0
commit:28,16,commit_setup,operating,0.0,0.0
commit:28,17,commit_setup,operating,0.0,0.0
commit:28,18,commit_setup,operating,0.0,0.0
commit:28,19,commit_setup,operating,0.0,0.0
commit:28,20,commit_setup,operating,0.0,0.0
commit:28,21,commit_setup,operating,0.0,0.0
commit:28,22,commit_setup,operating,0.0,0.0
commit:28,23,commit_setup,operating,0.0,0.0
commit:28,24,commit_setup,operating,0.0,0.0
commit:28,25,commit_setup,operating,0.0,0.0
commit:28,26,commit_setup,operating,0.0,0.0
commit:28,27,commit_setup,operating,0.0,0.0
commit:28,28,commit_setup,operating,0.0,0.0
commit:28,29,commit_setup,operating,0.0,0.0
commit:28,30,commit_setup,operating,0.0,0.0
commit:28,31,commit_setup,operating,0.0,0.0
commit:28,32,commit_setup,operating,0.0,0.0
commit:28,33,commit_setup,operating,0.0,0.0
commit:28,34,commit_setup,operating,0.0,0.0
commit:28,35,commit_setup,operating,0.0,0.0
commit:28,36,commit_setup,operating,0.0,0.0
commit:28,0,commit_fees,capital,0.0,0.0
commit:28,1,commit_fees,operating,0.0,0.0
commit:28,2,commit_fees,operating,0.0,0.0
commit:28,3,commit_fees,operating,0.0,0.0
commit:28,4,commit_fees,operating,0.0,0.0
commit:28,5,commit_fees,operating,0.0,0.0
commit:28,6,commit_fees,operating,0.0,0.0
commit:28,7,commit_fees,operating,0.0,0.0
commit:28,8,commit_fees,operating,0.0,0.0
commit:28,9,commit_fees,operating,0.0,0.0
commit:28,10,commit_fees,operating,0.0,0.0
commit:28,11,commit_fees,operating,0.0,0.0
commit:28,12,commit_fees,operating,0.0,0.0
commit:28,13,commit_fees,operating,0.0,0.0
commit:28,14,commit_fees,operating,0.0,0.0
commit:28,15,commit_fees,operating,0.0,0.0
commit:28,16,commit_fees,operating,0.0,0.0
commit:28,17,commit_fees,operating,0.0,0.0
commit:28,18,commit_fees,operating,0.0,0.0
commit:28,19,commit_fees,operating,0.0,0.0
commit:28,20,commit_fees,operating,0.0,0.0
commit:28,21,commit_fees,operating,0.0,0.0
commit:28,22,commit_fees,operating,0.0,0.0
commit:28,23,commit_fees,operating,0.0,0.0
commit:28,24,commit_fees,operating,0.0,0.0
commit:28,25,commit_fees,operating,0.0,0.0
commit:28,26,commit_fees,operating,0.0,0.0
commit:28,27,commit_fees,operating,0.0,0.0
commit:28,28,commit_fees,operating,0.0,0.0
commit:28,29,commit_fees,operating,0.0,0.0
commit:28,30,commit_fees,operating,0.0,0.0
commit:28,31,commit_fees,operating,0.0,0.0
commit:28,32,commit_fees,operating,0.0,0.0
commit:28,33,commit_fees,operating,0.0,0.0
commit:28,34,commit_fees,operating,0.0,0.0
commit:28,35,commit_fees,operating,0.0,0.0
commit:28,36,commit_fees,operating,0.0,0.0
commit:29,0,on_demand,capital,0.0,0.0
commit:29,1,on_demand,operating,0.0,0.0
commit:29,2,on_demand,operating,0.0,0.0
commit:29,3,on_demand,operating,0.0,0.0
commit:29,4,on_demand,operating,0.0,0.0
commit:29,5,on_demand,operating,0.0,0.0
commit:29,6,on_demand,operating,0.0,0.0
commit:29,7,on_demand,operating,0.0,0.0
commit:29,8,on_demand,operating,0.0,0.0
commit:29,9,on_demand,operating,0.0,0.0
commit:29,10,on_demand,operating,0.0,0.0
commit:29,11,on_demand,operating,0.0,0.0
commit:29,12,on_demand,operating,0.0,0.0
commit:29,13,on_demand,operating,0.0,0.0
commit:29,14,on_demand,operating,0.0,0.0
commit:29,15,on_demand,operating,0.0,0.0
commit:29,16,on_demand,operating,0.0,0.0
commit:29,17,on_demand,operating,0.0,0.0
commit:29,18,on_demand,operating,0.0,0.0
commit:29,19,on_demand,operating,0.0,0.0
commit:29,20,on_demand,operating,0.0,0.0
commit:29,21,on_demand,operating,0.0,0.0
commit:29,22,on_demand,operating,0.0,0.0
commit:29,23,on_demand,operating,0.0,0.0
commit:29,24,on_demand,operating,0.0,0.0
commit:29,25,on_demand,operating,0.0,0.0
commit:29,26,on_demand,operating,0.0,0.0
commit:29,27,on_demand,operating,0.0,0.0
commit:29,28,on_demand,operating,0.0,0.0
commit:29,29,on_demand,operating,0.0,0.0
commit:29,30,on_demand,operating,0.0,0.0
commit:29,31,on_demand,operating,0.0,0.0
commit:29,32,on_demand,operating,0.0,0.0
commit:29,33,on_demand,operating,0.0,0.0
commit:29,34,on_demand,operating,0.0,0.0
commit:29,35,on_demand,operating,0.0,0.0
commit:29,36,on_demand,operating,0.0,0.0
commit:29,0,variable_service,capital,0.0,0.0
commit:29,1,variable_service,operating,0.0,0.0
commit:29,2,variable_service,operating,0.0,0.0
commit:29,3,variable_service,operating,0.0,0.0
commit:29,4,variable_service,operating,0.0,0.0
commit:29,5,variable_service,operating,0.0,0.0
commit:29,6,variable_service,operating,0.0,0.0
commit:29,7,variable_service,operating,0.0,0.0
commit:29,8,variable_service,operating,0.0,0.0
commit:29,9,variable_service,operating,0.0,0.0
commit:29,10,variable_service,operating,0.0,0.0
commit:29,11,variable_service,operating,0.0,0.0
commit:29,12,variable_service,operating,0.0,0.0
commit:29,13,variable_service,operating,0.0,0.0
commit:29,14,variable_service,operating,0.0,0.0
commit:29,15,variable_service,operating,0.0,0.0
commit:29,16,variable_service,operating,0.0,0.0
commit:29,17,variable_service,operating,0.0,0.0
commit:29,18,variable_service,operating,0.0,0.0
commit:29,19,variable_service,operating,0.0,0.0
commit:29,20,variable_service,operating,0.0,0.0
commit:29,21,variable_service,operating,0.0,0.0
commit:29,22,variable_service,operating,0.0,0.0
commit:29,23,variable_service,operating,0.0,0.0
commit:29,24,variable_service,operating,0.0,0.0
commit:29,25,variable_service,operating,0.0,0.0
commit:29,26,variable_service,operating,0.0,0.0
commit:29,27,variable_service,operating,0.0,0.0
commit:29,28,variable_service,operating,0.0,0.0
commit:29,29,variable_service,operating,0.0,0.0
commit:29,30,variable_service,operating,0.0,0.0
commit:29,31,variable_service,operating,0.0,0.0
commit:29,32,variable_service,operating,0.0,0.0
commit:29,33,variable_service,operating,0.0,0.0
commit:29,34,variable_service,operating,0.0,0.0
commit:29,35,variable_service,operating,0.0,0.0
commit:29,36,variable_service,operating,0.0,0.0
commit:29,0,commitment,capital,0.0,0.0
commit:29,1,commitment,operating,863040.0,856212.441752491
commit:29,2,commitment,operating,835200.0,822037.6419719972
commit:29,3,commitment,operating,863040.0,842718.937554243
commit:29,4,commitment,operating,863040.0,836052.1403809597
commit:29,5,commitment,operating,779520.0,749169.8828799989
commit:29,6,commitment,operating,863040.0,822876.3530225159
commit:29,7,commitment,operating,835200.0,790032.1274106009
commit:29,8,commitment,operating,863040.0,809908.2098576938
commit:29,9,commitment,operating,835200.0,777581.5937484804
commit:29,10,commitment,operating,863040.0,797144.4385119493
commit:29,11,commitment,operating,863040.0,790838.1837779646
commit:29,12,commitment,operating,835200.0,759272.7272727273
commit:29,13,commitment,operating,863040.0,778374.9470477191
commit:29,14,commitment,operating,835200.0,747306.9472472701
commit:29,15,commitment,operating,863040.0,766108.1250493118
commit:29,16,commitment,operating,863040.0,760047.400346327
commit:29,17,commitment,operating,807360.0,705387.2273870119
commit:29,18,commitment,operating,863040.0,748069.4118386508
commit:29,19,commitment,operating,835200.0,718211.0249187282
commit:29,20,commitment,operating,863040.0,736280.1907797215
commit:29,21,commitment,operating,835200.0,706892.357953164
commit:29,22,commitment,operating,863040.0,724676.7622835902
commit:29,23,commitment,operating,863040.0,718943.8034345132
commit:29,24,commitment,operating,835200.0,690247.9338842975
commit:29,25,commitment,operating,863040.0,707613.588225199
commit:29,26,commitment,operating,835200.0,679369.9520429729
commit:29,27,commitment,operating,863040.0,696461.9318630106
commit:29,28,commitment,operating,863040.0,690952.1821330244
commit:29,29,commitment,operating,779520.0,619148.6635371891
commit:29,30,commitment,operating,863040.0,680063.1016715007
commit:29,31,commitment,operating,835200.0,652919.1135624801
commit:29,32,commitment,operating,863040.0,669345.627981565
commit:29,33,commitment,operating,835200.0,642629.4163210581
commit:29,34,commitment,operating,863040.0,658797.0566214456
commit:29,35,commitment,operating,863040.0,653585.2758495574
commit:29,36,commitment,operating,835200.0,627498.1217129976
commit:29,0,commit_setup,capital,0.0,0.0
commit:29,1,commit_setup,operating,0.0,0.0
commit:29,2,commit_setup,operating,0.0,0.0
commit:29,3,commit_setup,operating,0.0,0.0
commit:29,4,commit_setup,operating,0.0,0.0
commit:29,5,commit_setup,operating,0.0,0.0
commit:29,6,commit_setup,operating,0.0,0.0
commit:29,7,commit_setup,operating,0.0,0.0
commit:29,8,commit_setup,operating,0.0,0.0
commit:29,9,commit_setup,operating,0.0,0.0
commit:29,10,commit_setup,operating,0.0,0.0
commit:29,11,commit_setup,operating,0.0,0.0
commit:29,12,commit_setup,operating,0.0,0.0
commit:29,13,commit_setup,operating,0.0,0.0
commit:29,14,commit_setup,operating,0.0,0.0
commit:29,15,commit_setup,operating,0.0,0.0
commit:29,16,commit_setup,operating,0.0,0.0
commit:29,17,commit_setup,operating,0.0,0.0
commit:29,18,commit_setup,operating,0.0,0.0
commit:29,19,commit_setup,operating,0.0,0.0
commit:29,20,commit_setup,operating,0.0,0.0
commit:29,21,commit_setup,operating,0.0,0.0
commit:29,22,commit_setup,operating,0.0,0.0
commit:29,23,commit_setup,operating,0.0,0.0
commit:29,24,commit_setup,operating,0.0,0.0
commit:29,25,commit_setup,operating,0.0,0.0
commit:29,26,commit_setup,operating,0.0,0.0
commit:29,27,commit_setup,operating,0.0,0.0
commit:29,28,commit_setup,operating,0.0,0.0
commit:29,29,commit_setup,operating,0.0,0.0
commit:29,30,commit_setup,operating,0.0,0.0
commit:29,31,commit_setup,operating,0.0,0.0
commit:29,32,commit_setup,operating,0.0,0.0
commit:29,33,commit_setup,operating,0.0,0.0
commit:29,34,commit_setup,operating,0.0,0.0
commit:29,35,commit_setup,operating,0.0,0.0
commit:29,36,commit_setup,operating,0.0,0.0
commit:29,0,commit_fees,capital,0.0,0.0
commit:29,1,commit_fees,operating,0.0,0.0
commit:29,2,commit_fees,operating,0.0,0.0
commit:29,3,commit_fees,operating,0.0,0.0
commit:29,4,commit_fees,operating,0.0,0.0
commit:29,5,commit_fees,operating,0.0,0.0
commit:29,6,commit_fees,operating,0.0,0.0
commit:29,7,commit_fees,operating,0.0,0.0
commit:29,8,commit_fees,operating,0.0,0.0
commit:29,9,commit_fees,operating,0.0,0.0
commit:29,10,commit_fees,operating,0.0,0.0
commit:29,11,commit_fees,operating,0.0,0.0
commit:29,12,commit_fees,operating,0.0,0.0
commit:29,13,commit_fees,operating,0.0,0.0
commit:29,14,commit_fees,operating,0.0,0.0
commit:29,15,commit_fees,operating,0.0,0.0
commit:29,16,commit_fees,operating,0.0,0.0
commit:29,17,commit_fees,operating,0.0,0.0
commit:29,18,commit_fees,operating,0.0,0.0
commit:29,19,commit_fees,operating,0.0,0.0
commit:29,20,commit_fees,operating,0.0,0.0
commit:29,21,commit_fees,operating,0.0,0.0
commit:29,22,commit_fees,operating,0.0,0.0
commit:29,23,commit_fees,operating,0.0,0.0
commit:29,24,commit_fees,operating,0.0,0.0
commit:29,25,commit_fees,operating,0.0,0.0
commit:29,26,commit_fees,operating,0.0,0.0
commit:29,27,commit_fees,operating,0.0,0.0
commit:29,28,commit_fees,operating,0.0,0.0
commit:29,29,commit_fees,operating,0.0,0.0
commit:29,30,commit_fees,operating,0.0,0.0
commit:29,31,commit_fees,operating,0.0,0.0
commit:29,32,commit_fees,operating,0.0,0.0
commit:29,33,commit_fees,operating,0.0,0.0
commit:29,34,commit_fees,operating,0.0,0.0
commit:29,35,commit_fees,operating,0.0,0.0
commit:29,36,commit_fees,operating,0.0,0.0
commit:30,0,on_demand,capital,0.0,0.0
commit:30,1,on_demand,operating,0.0,0.0
commit:30,2,on_demand,operating,0.0,0.0
commit:30,3,on_demand,operating,0.0,0.0
commit:30,4,on_demand,operating,0.0,0.0
commit:30,5,on_demand,operating,0.0,0.0
commit:30,6,on_demand,operating,0.0,0.0
commit:30,7,on_demand,operating,0.0,0.0
commit:30,8,on_demand,operating,0.0,0.0
commit:30,9,on_demand,operating,0.0,0.0
commit:30,10,on_demand,operating,0.0,0.0
commit:30,11,on_demand,operating,0.0,0.0
commit:30,12,on_demand,operating,0.0,0.0
commit:30,13,on_demand,operating,0.0,0.0
commit:30,14,on_demand,operating,0.0,0.0
commit:30,15,on_demand,operating,0.0,0.0
commit:30,16,on_demand,operating,0.0,0.0
commit:30,17,on_demand,operating,0.0,0.0
commit:30,18,on_demand,operating,0.0,0.0
commit:30,19,on_demand,operating,0.0,0.0
commit:30,20,on_demand,operating,0.0,0.0
commit:30,21,on_demand,operating,0.0,0.0
commit:30,22,on_demand,operating,0.0,0.0
commit:30,23,on_demand,operating,0.0,0.0
commit:30,24,on_demand,operating,0.0,0.0
commit:30,25,on_demand,operating,0.0,0.0
commit:30,26,on_demand,operating,0.0,0.0
commit:30,27,on_demand,operating,0.0,0.0
commit:30,28,on_demand,operating,0.0,0.0
commit:30,29,on_demand,operating,0.0,0.0
commit:30,30,on_demand,operating,0.0,0.0
commit:30,31,on_demand,operating,0.0,0.0
commit:30,32,on_demand,operating,0.0,0.0
commit:30,33,on_demand,operating,0.0,0.0
commit:30,34,on_demand,operating,0.0,0.0
commit:30,35,on_demand,operating,0.0,0.0
commit:30,36,on_demand,operating,0.0,0.0
commit:30,0,variable_service,capital,0.0,0.0
commit:30,1,variable_service,operating,0.0,0.0
commit:30,2,variable_service,operating,0.0,0.0
commit:30,3,variable_service,operating,0.0,0.0
commit:30,4,variable_service,operating,0.0,0.0
commit:30,5,variable_service,operating,0.0,0.0
commit:30,6,variable_service,operating,0.0,0.0
commit:30,7,variable_service,operating,0.0,0.0
commit:30,8,variable_service,operating,0.0,0.0
commit:30,9,variable_service,operating,0.0,0.0
commit:30,10,variable_service,operating,0.0,0.0
commit:30,11,variable_service,operating,0.0,0.0
commit:30,12,variable_service,operating,0.0,0.0
commit:30,13,variable_service,operating,0.0,0.0
commit:30,14,variable_service,operating,0.0,0.0
commit:30,15,variable_service,operating,0.0,0.0
commit:30,16,variable_service,operating,0.0,0.0
commit:30,17,variable_service,operating,0.0,0.0
commit:30,18,variable_service,operating,0.0,0.0
commit:30,19,variable_service,operating,0.0,0.0
commit:30,20,variable_service,operating,0.0,0.0
commit:30,21,variable_service,operating,0.0,0.0
commit:30,22,variable_service,operating,0.0,0.0
commit:30,23,variable_service,operating,0.0,0.0
commit:30,24,variable_service,operating,0.0,0.0
commit:30,25,variable_service,operating,0.0,0.0
commit:30,26,variable_service,operating,0.0,0.0
commit:30,27,variable_service,operating,0.0,0.0
commit:30,28,variable_service,operating,0.0,0.0
commit:30,29,variable_service,operating,0.0,0.0
commit:30,30,variable_service,operating,0.0,0.0
commit:30,31,variable_service,operating,0.0,0.0
commit:30,32,variable_service,operating,0.0,0.0
commit:30,33,variable_service,operating,0.0,0.0
commit:30,34,variable_service,operating,0.0,0.0
commit:30,35,variable_service,operating,0.0,0.0
commit:30,36,variable_service,operating,0.0,0.0
commit:30,0,commitment,capital,0.0,0.0
commit:30,1,commitment,operating,892800.0,885737.0087094735
commit:30,2,commitment,operating,864000.0,850383.7675572386
commit:30,3,commitment,operating,892800.0,871778.21126301
commit:30,4,commitment,operating,892800.0,864881.5245320273
commit:30,5,commitment,operating,806400.0,775003.3271172403
commit:30,6,commitment,operating,892800.0,851251.3996784647
commit:30,7,commitment,operating,864000.0,817274.6145626906
commit:30,8,commitment,operating,892800.0,837836.0791631314
commit:30,9,commitment,operating,864000.0,804394.7521536004
commit:30,10,commitment,operating,892800.0,824632.177770982
commit:30,11,commitment,operating,892800.0,818108.4659772047
commit:30,12,commitment,operating,864000.0,785454.5454545454
commit:30,13,commitment,operating,892800.0,805215.4624631577
commit:30,14,commitment,operating,864000.0,773076.1523247622
commit:30,15,commitment,operating,892800.0,792525.6466027363
commit:30,16,commitment,operating,892800.0,786255.9313927521
commit:30,17,commitment,operating,835200.0,729710.9248831158
commit:30,18,commitment,operating,892800.0,773864.9087986043
commit:30,19,commitment,operating,864000.0,742976.9223297187
commit:30,20,commitment,operating,892800.0,761669.162875574
commit:30,21,commitment,operating,864000.0,731267.9565032731
commit:30,22,commitment,operating,892800.0,749665.6161554381
commit:30,23,commitment,operating,892800.0,743734.969070186
commit:30,24,commitment,operating,864000.0,714049.5867768595
commit:30,25,commitment,operating,892800.0,732014.0567846887
commit:30,26,commitment,operating,864000.0,702796.5021134202
commit:30,27,commitment,operating,892800.0,720477.860547942
commit:30,28,commitment,operating,892800.0,714778.1194479563
commit:30,29,commitment,operating,806400.0,640498.6174522646
commit:30,30,commitment,operating,892800.0,703513.5534532765
commit:30,31,commitment,operating,864000.0,675433.5657542897
commit:30,32,commitment,operating,892800.0,692426.5117050672
commit:30,33,commitment,operating,864000.0,664789.0513666118
commit:30,34,commitment,operating,892800.0,681514.1965049437
commit:30,35,commitment,operating,892800.0,676122.6991547146
commit:30,36,commitment,operating,864000.0,649135.987978963
commit:30,0,commit_setup,capital,0.0,0.0
commit:30,1,commit_setup,operating,0.0,0.0
commit:30,2,commit_setup,operating,0.0,0.0
commit:30,3,commit_setup,operating,0.0,0.0
commit:30,4,commit_setup,operating,0.0,0.0
commit:30,5,commit_setup,operating,0.0,0.0
commit:30,6,commit_setup,operating,0.0,0.0
commit:30,7,commit_setup,operating,0.0,0.0
commit:30,8,commit_setup,operating,0.0,0.0
commit:30,9,commit_setup,operating,0.0,0.0
commit:30,10,commit_setup,operating,0.0,0.0
commit:30,11,commit_setup,operating,0.0,0.0
commit:30,12,commit_setup,operating,0.0,0.0
commit:30,13,commit_setup,operating,0.0,0.0
commit:30,14,commit_setup,operating,0.0,0.0
commit:30,15,commit_setup,operating,0.0,0.0
commit:30,16,commit_setup,operating,0.0,0.0
commit:30,17,commit_setup,operating,0.0,0.0
commit:30,18,commit_setup,operating,0.0,0.0
commit:30,19,commit_setup,operating,0.0,0.0
commit:30,20,commit_setup,operating,0.0,0.0
commit:30,21,commit_setup,operating,0.0,0.0
commit:30,22,commit_setup,operating,0.0,0.0
commit:30,23,commit_setup,operating,0.0,0.0
commit:30,24,commit_setup,operating,0.0,0.0
commit:30,25,commit_setup,operating,0.0,0.0
commit:30,26,commit_setup,operating,0.0,0.0
commit:30,27,commit_setup,operating,0.0,0.0
commit:30,28,commit_setup,operating,0.0,0.0
commit:30,29,commit_setup,operating,0.0,0.0
commit:30,30,commit_setup,operating,0.0,0.0
commit:30,31,commit_setup,operating,0.0,0.0
commit:30,32,commit_setup,operating,0.0,0.0
commit:30,33,commit_setup,operating,0.0,0.0
commit:30,34,commit_setup,operating,0.0,0.0
commit:30,35,commit_setup,operating,0.0,0.0
commit:30,36,commit_setup,operating,0.0,0.0
commit:30,0,commit_fees,capital,0.0,0.0
commit:30,1,commit_fees,operating,0.0,0.0
commit:30,2,commit_fees,operating,0.0,0.0
commit:30,3,commit_fees,operating,0.0,0.0
commit:30,4,commit_fees,operating,0.0,0.0
commit:30,5,commit_fees,operating,0.0,0.0
commit:30,6,commit_fees,operating,0.0,0.0
commit:30,7,commit_fees,operating,0.0,0.0
commit:30,8,commit_fees,operating,0.0,0.0
commit:30,9,commit_fees,operating,0.0,0.0
commit:30,10,commit_fees,operating,0.0,0.0
commit:30,11,commit_fees,operating,0.0,0.0
commit:30,12,commit_fees,operating,0.0,0.0
commit:30,13,commit_fees,operating,0.0,0.0
commit:30,14,commit_fees,operating,0.0,0.0
commit:30,15,commit_fees,operating,0.0,0.0
commit:30,16,commit_fees,operating,0.0,0.0
commit:30,17,commit_fees,operating,0.0,0.0
commit:30,18,commit_fees,operating,0.0,0.0
commit:30,19,commit_fees,operating,0.0,0.0
commit:30,20,commit_fees,operating,0.0,0.0
commit:30,21,commit_fees,operating,0.0,0.0
commit:30,22,commit_fees,operating,0.0,0.0
commit:30,23,commit_fees,operating,0.0,0.0
commit:30,24,commit_fees,operating,0.0,0.0
commit:30,25,commit_fees,operating,0.0,0.0
commit:30,26,commit_fees,operating,0.0,0.0
commit:30,27,commit_fees,operating,0.0,0.0
commit:30,28,commit_fees,operating,0.0,0.0
commit:30,29,commit_fees,operating,0.0,0.0
commit:30,30,commit_fees,operating,0.0,0.0
commit:30,31,commit_fees,operating,0.0,0.0
commit:30,32,commit_fees,operating,0.0,0.0
commit:30,33,commit_fees,operating,0.0,0.0
commit:30,34,commit_fees,operating,0.0,0.0
commit:30,35,commit_fees,operating,0.0,0.0
commit:30,36,commit_fees,operating,0.0,0.0
commit:31,0,on_demand,capital,0.0,0.0
commit:31,1,on_demand,operating,0.0,0.0
commit:31,2,on_demand,operating,0.0,0.0
commit:31,3,on_demand,operating,0.0,0.0
commit:31,4,on_demand,operating,0.0,0.0
commit:31,5,on_demand,operating,0.0,0.0
commit:31,6,on_demand,operating,0.0,0.0
commit:31,7,on_demand,operating,0.0,0.0
commit:31,8,on_demand,operating,0.0,0.0
commit:31,9,on_demand,operating,0.0,0.0
commit:31,10,on_demand,operating,0.0,0.0
commit:31,11,on_demand,operating,0.0,0.0
commit:31,12,on_demand,operating,0.0,0.0
commit:31,13,on_demand,operating,0.0,0.0
commit:31,14,on_demand,operating,0.0,0.0
commit:31,15,on_demand,operating,0.0,0.0
commit:31,16,on_demand,operating,0.0,0.0
commit:31,17,on_demand,operating,0.0,0.0
commit:31,18,on_demand,operating,0.0,0.0
commit:31,19,on_demand,operating,0.0,0.0
commit:31,20,on_demand,operating,0.0,0.0
commit:31,21,on_demand,operating,0.0,0.0
commit:31,22,on_demand,operating,0.0,0.0
commit:31,23,on_demand,operating,0.0,0.0
commit:31,24,on_demand,operating,0.0,0.0
commit:31,25,on_demand,operating,0.0,0.0
commit:31,26,on_demand,operating,0.0,0.0
commit:31,27,on_demand,operating,0.0,0.0
commit:31,28,on_demand,operating,0.0,0.0
commit:31,29,on_demand,operating,0.0,0.0
commit:31,30,on_demand,operating,0.0,0.0
commit:31,31,on_demand,operating,0.0,0.0
commit:31,32,on_demand,operating,0.0,0.0
commit:31,33,on_demand,operating,0.0,0.0
commit:31,34,on_demand,operating,0.0,0.0
commit:31,35,on_demand,operating,0.0,0.0
commit:31,36,on_demand,operating,0.0,0.0
commit:31,0,variable_service,capital,0.0,0.0
commit:31,1,variable_service,operating,0.0,0.0
commit:31,2,variable_service,operating,0.0,0.0
commit:31,3,variable_service,operating,0.0,0.0
commit:31,4,variable_service,operating,0.0,0.0
commit:31,5,variable_service,operating,0.0,0.0
commit:31,6,variable_service,operating,0.0,0.0
commit:31,7,variable_service,operating,0.0,0.0
commit:31,8,variable_service,operating,0.0,0.0
commit:31,9,variable_service,operating,0.0,0.0
commit:31,10,variable_service,operating,0.0,0.0
commit:31,11,variable_service,operating,0.0,0.0
commit:31,12,variable_service,operating,0.0,0.0
commit:31,13,variable_service,operating,0.0,0.0
commit:31,14,variable_service,operating,0.0,0.0
commit:31,15,variable_service,operating,0.0,0.0
commit:31,16,variable_service,operating,0.0,0.0
commit:31,17,variable_service,operating,0.0,0.0
commit:31,18,variable_service,operating,0.0,0.0
commit:31,19,variable_service,operating,0.0,0.0
commit:31,20,variable_service,operating,0.0,0.0
commit:31,21,variable_service,operating,0.0,0.0
commit:31,22,variable_service,operating,0.0,0.0
commit:31,23,variable_service,operating,0.0,0.0
commit:31,24,variable_service,operating,0.0,0.0
commit:31,25,variable_service,operating,0.0,0.0
commit:31,26,variable_service,operating,0.0,0.0
commit:31,27,variable_service,operating,0.0,0.0
commit:31,28,variable_service,operating,0.0,0.0
commit:31,29,variable_service,operating,0.0,0.0
commit:31,30,variable_service,operating,0.0,0.0
commit:31,31,variable_service,operating,0.0,0.0
commit:31,32,variable_service,operating,0.0,0.0
commit:31,33,variable_service,operating,0.0,0.0
commit:31,34,variable_service,operating,0.0,0.0
commit:31,35,variable_service,operating,0.0,0.0
commit:31,36,variable_service,operating,0.0,0.0
commit:31,0,commitment,capital,0.0,0.0
commit:31,1,commitment,operating,922560.0,915261.575666456
commit:31,2,commitment,operating,892800.0,878729.8931424798
commit:31,3,commitment,operating,922560.0,900837.4849717771
commit:31,4,commitment,operating,922560.0,893710.9086830949
commit:31,5,commitment,operating,833280.0,800836.7713544816
commit:31,6,commitment,operating,922560.0,879626.4463344136
commit:31,7,commitment,operating,892800.0,844517.1017147803
commit:31,8,commitment,operating,922560.0,865763.9484685691
commit:31,9,commitment,operating,892800.0,831207.9105587205
commit:31,10,commitment,operating,922560.0,852119.9170300147
commit:31,11,commitment,operating,922560.0,845378.7481764449
commit:31,12,commitment,operating,892800.0,811636.3636363636
commit:31,13,commitment,operating,922560.0,832055.9778785963
commit:31,14,commitment,operating,892800.0,798845.3574022542
commit:31,15,commitment,operating,922560.0,818943.1681561609
commit:31,16,commitment,operating,922560.0,812464.4624391771
commit:31,17,commitment,operating,863040.0,754034.6223792196
commit:31,18,commitment,operating,922560.0,799660.4057585577
commit:31,19,commitment,operating,892800.0,767742.8197407094
commit:31,20,commitment,operating,922560.0,787058.1349714263
commit:31,21,commitment,operating,892800.0,755643.5550533822
commit:31,22,commitment,operating,922560.0,774654.470027286
commit:31,23,commitment,operating,922560.0,768526.1347058589
commit:31,24,commitment,operating,892800.0,737851.2396694215
commit:31,25,commitment,operating,922560.0,756414.5253441783
commit:31,26,commitment,operating,892800.0,726223.0521838675
commit:31,27,commitment,operating,922560.0,744493.7892328735
commit:31,28,commitment,operating,922560.0,738604.0567628882
commit:31,29,commitment,operating,833280.0,661848.57136734
commit:31,30,commitment,operating,922560.0,726964.0052350524
commit:31,31,commitment,operating,892800.0,697948.0179460994
commit:31,32,commitment,operating,922560.0,715507.3954285694
commit:31,33,commitment,operating,892800.0,686948.6864121655
commit:31,34,commitment,operating,922560.0,704231.3363884419
commit:31,35,commitment,operating,922560.0,698660.1224598717
commit:31,36,commitment,operating,892800.0,670773.8542449285
commit:31,0,commit_setup,capital,0.0,0.0
commit:31,1,commit_setup,operating,0.0,0.0
commit:31,2,commit_setup,operating,0.0,0.0
commit:31,3,commit_setup,operating,0.0,0.0
commit:31,4,commit_setup,operating,0.0,0.0
commit:31,5,commit_setup,operating,0.0,0.0
commit:31,6,commit_setup,operating,0.0,0.0
commit:31,7,commit_setup,operating,0.0,0.0
commit:31,8,commit_setup,operating,0.0,0.0
commit:31,9,commit_setup,operating,0.0,0.0
commit:31,10,commit_setup,operating,0.0,0.0
commit:31,11,commit_setup,operating,0.0,0.0
commit:31,12,commit_setup,operating,0.0,0.0
commit:31,13,commit_setup,operating,0.0,0.0
commit:31,14,commit_setup,operating,0.0,0.0
commit:31,15,commit_setup,operating,0.0,0.0
commit:31,16,commit_setup,operating,0.0,0.0
commit:31,17,commit_setup,operating,0.0,0.0
commit:31,18,commit_setup,operating,0.0,0.0
commit:31,19,commit_setup,operating,0.0,0.0
commit:31,20,commit_setup,operating,0.0,0.0
commit:31,21,commit_setup,operating,0.0,0.0
commit:31,22,commit_setup,operating,0.0,0.0
commit:31,23,commit_setup,operating,0.0,0.0
commit:31,24,commit_setup,operating,0.0,0.0
commit:31,25,commit_setup,operating,0.0,0.0
commit:31,26,commit_setup,operating,0.0,0.0
commit:31,27,commit_setup,operating,0.0,0.0
commit:31,28,commit_setup,operating,0.0,0.0
commit:31,29,commit_setup,operating,0.0,0.0
commit:31,30,commit_setup,operating,0.0,0.0
commit:31,31,commit_setup,operating,0.0,0.0
commit:31,32,commit_setup,operating,0.0,0.0
commit:31,33,commit_setup,operating,0.0,0.0
commit:31,34,commit_setup,operating,0.0,0.0
commit:31,35,commit_setup,operating,0.0,0.0
commit:31,36,commit_setup,operating,0.0,0.0
commit:31,0,commit_fees,capital,0.0,0.0
commit:31,1,commit_fees,operating,0.0,0.0
commit:31,2,commit_fees,operating,0.0,0.0
commit:31,3,commit_fees,operating,0.0,0.0
commit:31,4,commit_fees,operating,0.0,0.0
commit:31,5,commit_fees,operating,0.0,0.0
commit:31,6,commit_fees,operating,0.0,0.0
commit:31,7,commit_fees,operating,0.0,0.0
commit:31,8,commit_fees,operating,0.0,0.0
commit:31,9,commit_fees,operating,0.0,0.0
commit:31,10,commit_fees,operating,0.0,0.0
commit:31,11,commit_fees,operating,0.0,0.0
commit:31,12,commit_fees,operating,0.0,0.0
commit:31,13,commit_fees,operating,0.0,0.0
commit:31,14,commit_fees,operating,0.0,0.0
commit:31,15,commit_fees,operating,0.0,0.0
commit:31,16,commit_fees,operating,0.0,0.0
commit:31,17,commit_fees,operating,0.0,0.0
commit:31,18,commit_fees,operating,0.0,0.0
commit:31,19,commit_fees,operating,0.0,0.0
commit:31,20,commit_fees,operating,0.0,0.0
commit:31,21,commit_fees,operating,0.0,0.0
commit:31,22,commit_fees,operating,0.0,0.0
commit:31,23,commit_fees,operating,0.0,0.0
commit:31,24,commit_fees,operating,0.0,0.0
commit:31,25,commit_fees,operating,0.0,0.0
commit:31,26,commit_fees,operating,0.0,0.0
commit:31,27,commit_fees,operating,0.0,0.0
commit:31,28,commit_fees,operating,0.0,0.0
commit:31,29,commit_fees,operating,0.0,0.0
commit:31,30,commit_fees,operating,0.0,0.0
commit:31,31,commit_fees,operating,0.0,0.0
commit:31,32,commit_fees,operating,0.0,0.0
commit:31,33,commit_fees,operating,0.0,0.0
commit:31,34,commit_fees,operating,0.0,0.0
commit:31,35,commit_fees,operating,0.0,0.0
commit:31,36,commit_fees,operating,0.0,0.0
commit:32,0,on_demand,capital,0.0,0.0
commit:32,1,on_demand,operating,0.0,0.0
commit:32,2,on_demand,operating,0.0,0.0
commit:32,3,on_demand,operating,0.0,0.0
commit:32,4,on_demand,operating,0.0,0.0
commit:32,5,on_demand,operating,0.0,0.0
commit:32,6,on_demand,operating,0.0,0.0
commit:32,7,on_demand,operating,0.0,0.0
commit:32,8,on_demand,operating,0.0,0.0
commit:32,9,on_demand,operating,0.0,0.0
commit:32,10,on_demand,operating,0.0,0.0
commit:32,11,on_demand,operating,0.0,0.0
commit:32,12,on_demand,operating,0.0,0.0
commit:32,13,on_demand,operating,0.0,0.0
commit:32,14,on_demand,operating,0.0,0.0
commit:32,15,on_demand,operating,0.0,0.0
commit:32,16,on_demand,operating,0.0,0.0
commit:32,17,on_demand,operating,0.0,0.0
commit:32,18,on_demand,operating,0.0,0.0
commit:32,19,on_demand,operating,0.0,0.0
commit:32,20,on_demand,operating,0.0,0.0
commit:32,21,on_demand,operating,0.0,0.0
commit:32,22,on_demand,operating,0.0,0.0
commit:32,23,on_demand,operating,0.0,0.0
commit:32,24,on_demand,operating,0.0,0.0
commit:32,25,on_demand,operating,0.0,0.0
commit:32,26,on_demand,operating,0.0,0.0
commit:32,27,on_demand,operating,0.0,0.0
commit:32,28,on_demand,operating,0.0,0.0
commit:32,29,on_demand,operating,0.0,0.0
commit:32,30,on_demand,operating,0.0,0.0
commit:32,31,on_demand,operating,0.0,0.0
commit:32,32,on_demand,operating,0.0,0.0
commit:32,33,on_demand,operating,0.0,0.0
commit:32,34,on_demand,operating,0.0,0.0
commit:32,35,on_demand,operating,0.0,0.0
commit:32,36,on_demand,operating,0.0,0.0
commit:32,0,variable_service,capital,0.0,0.0
commit:32,1,variable_service,operating,0.0,0.0
commit:32,2,variable_service,operating,0.0,0.0
commit:32,3,variable_service,operating,0.0,0.0
commit:32,4,variable_service,operating,0.0,0.0
commit:32,5,variable_service,operating,0.0,0.0
commit:32,6,variable_service,operating,0.0,0.0
commit:32,7,variable_service,operating,0.0,0.0
commit:32,8,variable_service,operating,0.0,0.0
commit:32,9,variable_service,operating,0.0,0.0
commit:32,10,variable_service,operating,0.0,0.0
commit:32,11,variable_service,operating,0.0,0.0
commit:32,12,variable_service,operating,0.0,0.0
commit:32,13,variable_service,operating,0.0,0.0
commit:32,14,variable_service,operating,0.0,0.0
commit:32,15,variable_service,operating,0.0,0.0
commit:32,16,variable_service,operating,0.0,0.0
commit:32,17,variable_service,operating,0.0,0.0
commit:32,18,variable_service,operating,0.0,0.0
commit:32,19,variable_service,operating,0.0,0.0
commit:32,20,variable_service,operating,0.0,0.0
commit:32,21,variable_service,operating,0.0,0.0
commit:32,22,variable_service,operating,0.0,0.0
commit:32,23,variable_service,operating,0.0,0.0
commit:32,24,variable_service,operating,0.0,0.0
commit:32,25,variable_service,operating,0.0,0.0
commit:32,26,variable_service,operating,0.0,0.0
commit:32,27,variable_service,operating,0.0,0.0
commit:32,28,variable_service,operating,0.0,0.0
commit:32,29,variable_service,operating,0.0,0.0
commit:32,30,variable_service,operating,0.0,0.0
commit:32,31,variable_service,operating,0.0,0.0
commit:32,32,variable_service,operating,0.0,0.0
commit:32,33,variable_service,operating,0.0,0.0
commit:32,34,variable_service,operating,0.0,0.0
commit:32,35,variable_service,operating,0.0,0.0
commit:32,36,variable_service,operating,0.0,0.0
commit:32,0,commitment,capital,0.0,0.0
commit:32,1,commitment,operating,952320.0,944786.1426234384
commit:32,2,commitment,operating,921600.0,907076.0187277211
commit:32,3,commitment,operating,952320.0,929896.7586805441
commit:32,4,commitment,operating,952320.0,922540.2928341625
commit:32,5,commitment,operating,860160.0,826670.215591723
commit:32,6,commitment,operating,952320.0,908001.4929903625
commit:32,7,commitment,operating,921600.0,871759.58886687
commit:32,8,commitment,operating,952320.0,893691.8177740069
commit:32,9,commitment,operating,921600.0,858021.0689638405
commit:32,10,commitment,operating,952320.0,879607.6562890474
commit:32,11,commitment,operating,952320.0,872649.0303756851
commit:32,12,commitment,operating,921600.0,837818.1818181818
commit:32,13,commitment,operating,952320.0,858896.4932940349
commit:32,14,commitment,operating,921600.0,824614.5624797463
commit:32,15,commitment,operating,952320.0,845360.6897095855
commit:32,16,commitment,operating,952320.0,838672.9934856022
commit:32,17,commitment,operating,890880.0,778358.3198753234
commit:32,18,commitment,operating,952320.0,825455.9027185112
commit:32,19,commitment,operating,921600.0,792508.7171517
commit:32,20,commitment,operating,952320.0,812447.1070672788
commit:32,21,commitment,operating,921600.0,780019.1536034914
commit:32,22,commitment,operating,952320.0,799643.323899134
commit:32,23,commitment,operating,952320.0,793317.3003415318
commit:32,24,commitment,operating,921600.0,761652.8925619834
commit:32,25,commitment,operating,952320.0,780814.9939036679
commit:32,26,commitment,operating,921600.0,749649.6022543148
commit:32,27,commitment,operating,952320.0,768509.7179178048
commit:32,28,commitment,operating,952320.0,762429.99407782
commit:32,29,commitment,operating,860160.0,683198.5252824156
commit:32,30,commitment,operating,952320.0,750414.4570168284
commit:32,31,commitment,operating,921600.0,720462.470137909
commit:32,32,commitment,operating,952320.0,738588.2791520717
commit:32,33,commitment,operating,921600.0,709108.3214577193
commit:32,34,commitment,operating,952320.0,726948.4762719399
commit:32,35,commitment,operating,952320.0,721197.5457650289
commit:32,36,commitment,operating,921600.0,692411.7205108939
commit:32,0,commit_setup,capital,0.0,0.0
commit:32,1,commit_setup,operating,0.0,0.0
commit:32,2,commit_setup,operating,0.0,0.0
commit:32,3,commit_setup,operating,0.0,0.0
commit:32,4,commit_setup,operating,0.0,0.0
commit:32,5,commit_setup,operating,0.0,0.0
commit:32,6,commit_setup,operating,0.0,0.0
commit:32,7,commit_setup,operating,0.0,0.0
commit:32,8,commit_setup,operating,0.0,0.0
commit:32,9,commit_setup,operating,0.0,0.0
commit:32,10,commit_setup,operating,0.0,0.0
commit:32,11,commit_setup,operating,0.0,0.0
commit:32,12,commit_setup,operating,0.0,0.0
commit:32,13,commit_setup,operating,0.0,0.0
commit:32,14,commit_setup,operating,0.0,0.0
commit:32,15,commit_setup,operating,0.0,0.0
commit:32,16,commit_setup,operating,0.0,0.0
commit:32,17,commit_setup,operating,0.0,0.0
commit:32,18,commit_setup,operating,0.0,0.0
commit:32,19,commit_setup,operating,0.0,0.0
commit:32,20,commit_setup,operating,0.0,0.0
commit:32,21,commit_setup,operating,0.0,0.0
commit:32,22,commit_setup,operating,0.0,0.0
commit:32,23,commit_setup,operating,0.0,0.0
commit:32,24,commit_setup,operating,0.0,0.0
commit:32,25,commit_setup,operating,0.0,0.0
commit:32,26,commit_setup,operating,0.0,0.0
commit:32,27,commit_setup,operating,0.0,0.0
commit:32,28,commit_setup,operating,0.0,0.0
commit:32,29,commit_setup,operating,0.0,0.0
commit:32,30,commit_setup,operating,0.0,0.0
commit:32,31,commit_setup,operating,0.0,0.0
commit:32,32,commit_setup,operating,0.0,0.0
commit:32,33,commit_setup,operating,0.0,0.0
commit:32,34,commit_setup,operating,0.0,0.0
commit:32,35,commit_setup,operating,0.0,0.0
commit:32,36,commit_setup,operating,0.0,0.0
commit:32,0,commit_fees,capital,0.0,0.0
commit:32,1,commit_fees,operating,0.0,0.0
commit:32,2,commit_fees,operating,0.0,0.0
commit:32,3,commit_fees,operating,0.0,0.0
commit:32,4,commit_fees,operating,0.0,0.0
commit:32,5,commit_fees,operating,0.0,0.0
commit:32,6,commit_fees,operating,0.0,0.0
commit:32,7,commit_fees,operating,0.0,0.0
commit:32,8,commit_fees,operating,0.0,0.0
commit:32,9,commit_fees,operating,0.0,0.0
commit:32,10,commit_fees,operating,0.0,0.0
commit:32,11,commit_fees,operating,0.0,0.0
commit:32,12,commit_fees,operating,0.0,0.0
commit:32,13,commit_fees,operating,0.0,0.0
commit:32,14,commit_fees,operating,0.0,0.0
commit:32,15,commit_fees,operating,0.0,0.0
commit:32,16,commit_fees,operating,0.0,0.0
commit:32,17,commit_fees,operating,0.0,0.0
commit:32,18,commit_fees,operating,0.0,0.0
commit:32,19,commit_fees,operating,0.0,0.0
commit:32,20,commit_fees,operating,0.0,0.0
commit:32,21,commit_fees,operating,0.0,0.0
commit:32,22,commit_fees,operating,0.0,0.0
commit:32,23,commit_fees,operating,0.0,0.0
commit:32,24,commit_fees,operating,0.0,0.0
commit:32,25,commit_fees,operating,0.0,0.0
commit:32,26,commit_fees,operating,0.0,0.0
commit:32,27,commit_fees,operating,0.0,0.0
commit:32,28,commit_fees,operating,0.0,0.0
commit:32,29,commit_fees,operating,0.0,0.0
commit:32,30,commit_fees,operating,0.0,0.0
commit:32,31,commit_fees,operating,0.0,0.0
commit:32,32,commit_fees,operating,0.0,0.0
commit:32,33,commit_fees,operating,0.0,0.0
commit:32,34,commit_fees,operating,0.0,0.0
commit:32,35,commit_fees,operating,0.0,0.0
commit:32,36,commit_fees,operating,0.0,0.0
own:1,0,on_demand,capital,0.0,0.0
own:1,1,on_demand,operating,204473.6,202855.99778680265
own:1,2,on_demand,operating,198144.0,195021.34402646002
own:1,3,on_demand,operating,204473.6,199659.08295083806
own:1,4,on_demand,operating,204473.6,198079.56865429203
own:1,5,on_demand,operating,184659.19999999998,177469.61108979152
own:1,6,on_demand,operating,204473.6,194957.92808836754
own:1,7,on_demand,operating,187136.0,177015.62762824498
own:1,8,on_demand,operating,194291.19999999998,182329.94760741462
own:1,9,on_demand,operating,189062.4,176019.4472101445
own:1,10,on_demand,operating,196217.6,181235.82751455583
own:1,11,on_demand,operating,197043.19999999998,180558.59104305503
own:1,12,on_demand,operating,192089.6,174626.9090909091
own:1,13,on_demand,operating,199244.8,179698.69374482456
own:1,14,on_demand,operating,194016.0,173598.54487203827
own:1,15,on_demand,operating,201171.19999999998,178576.76451371907
own:1,16,on_demand,operating,201996.8,177891.1090080146
own:1,17,on_demand,operating,190163.19999999998,166144.83303488136
own:1,18,on_demand,operating,204198.4,176995.9410761883
own:1,19,on_demand,operating,198144.0,170389.3741876155
own:1,20,on_demand,operating,204473.6,174441.3482775033
own:1,21,on_demand,operating,198144.0,167704.11802475064
own:1,22,on_demand,operating,204473.6,171692.23491433758
own:1,23,on_demand,operating,204473.6,170333.96793421774
own:1,24,on_demand,operating,198144.0,163755.37190082643
own:1,25,on_demand,operating,204473.6,167649.58494777075
own:1,26,on_demand,operating,198144.0,161174.6644846777
own:1,27,on_demand,operating,204473.6,165007.50657094052
own:1,28,on_demand,operating,204473.6,163702.12285478678
own:1,29,on_demand,operating,184659.19999999998,146669.10007420785
own:1,30,on_demand,operating,204473.6,161122.25461848555
own:1,31,on_demand,operating,198144.0,154899.43107965044
own:1,32,on_demand,operating,204473.6,158583.04388863937
own:1,33,on_demand,operating,198144.0,152458.28911340964
own:1,34,on_demand,operating,204473.6,156083.84992212505
own:1,35,on_demand,operating,204473.6,154849.06175837974
own:1,36,on_demand,operating,198144.0,148868.51990984217
own:1,0,variable_service,capital,0.0,0.0
own:1,1,variable_service,operating,0.0,0.0
own:1,2,variable_service,operating,0.0,0.0
own:1,3,variable_service,operating,0.0,0.0
own:1,4,variable_service,operating,0.0,0.0
own:1,5,variable_service,operating,0.0,0.0
own:1,6,variable_service,operating,0.0,0.0
own:1,7,variable_service,operating,0.0,0.0
own:1,8,variable_service,operating,0.0,0.0
own:1,9,variable_service,operating,0.0,0.0
own:1,10,variable_service,operating,0.0,0.0
own:1,11,variable_service,operating,0.0,0.0
own:1,12,variable_service,operating,0.0,0.0
own:1,13,variable_service,operating,0.0,0.0
own:1,14,variable_service,operating,0.0,0.0
own:1,15,variable_service,operating,0.0,0.0
own:1,16,variable_service,operating,0.0,0.0
own:1,17,variable_service,operating,0.0,0.0
own:1,18,variable_service,operating,0.0,0.0
own:1,19,variable_service,operating,0.0,0.0
own:1,20,variable_service,operating,0.0,0.0
own:1,21,variable_service,operating,0.0,0.0
own:1,22,variable_service,operating,0.0,0.0
own:1,23,variable_service,operating,0.0,0.0
own:1,24,variable_service,operating,0.0,0.0
own:1,25,variable_service,operating,0.0,0.0
own:1,26,variable_service,operating,0.0,0.0
own:1,27,variable_service,operating,0.0,0.0
own:1,28,variable_service,operating,0.0,0.0
own:1,29,variable_service,operating,0.0,0.0
own:1,30,variable_service,operating,0.0,0.0
own:1,31,variable_service,operating,0.0,0.0
own:1,32,variable_service,operating,0.0,0.0
own:1,33,variable_service,operating,0.0,0.0
own:1,34,variable_service,operating,0.0,0.0
own:1,35,variable_service,operating,0.0,0.0
own:1,36,variable_service,operating,0.0,0.0
own:1,0,node_acquisition,capital,400000.0,400000.0
own:1,1,node_acquisition,operating,0.0,0.0
own:1,2,node_acquisition,operating,0.0,0.0
own:1,3,node_acquisition,operating,0.0,0.0
own:1,4,node_acquisition,operating,0.0,0.0
own:1,5,node_acquisition,operating,0.0,0.0
own:1,6,node_acquisition,operating,0.0,0.0
own:1,7,node_acquisition,operating,0.0,0.0
own:1,8,node_acquisition,operating,0.0,0.0
own:1,9,node_acquisition,operating,0.0,0.0
own:1,10,node_acquisition,operating,0.0,0.0
own:1,11,node_acquisition,operating,0.0,0.0
own:1,12,node_acquisition,operating,0.0,0.0
own:1,13,node_acquisition,operating,0.0,0.0
own:1,14,node_acquisition,operating,0.0,0.0
own:1,15,node_acquisition,operating,0.0,0.0
own:1,16,node_acquisition,operating,0.0,0.0
own:1,17,node_acquisition,operating,0.0,0.0
own:1,18,node_acquisition,operating,0.0,0.0
own:1,19,node_acquisition,operating,0.0,0.0
own:1,20,node_acquisition,operating,0.0,0.0
own:1,21,node_acquisition,operating,0.0,0.0
own:1,22,node_acquisition,operating,0.0,0.0
own:1,23,node_acquisition,operating,0.0,0.0
own:1,24,node_acquisition,operating,0.0,0.0
own:1,25,node_acquisition,operating,0.0,0.0
own:1,26,node_acquisition,operating,0.0,0.0
own:1,27,node_acquisition,operating,0.0,0.0
own:1,28,node_acquisition,operating,0.0,0.0
own:1,29,node_acquisition,operating,0.0,0.0
own:1,30,node_acquisition,operating,0.0,0.0
own:1,31,node_acquisition,operating,0.0,0.0
own:1,32,node_acquisition,operating,0.0,0.0
own:1,33,node_acquisition,operating,0.0,0.0
own:1,34,node_acquisition,operating,0.0,0.0
own:1,35,node_acquisition,operating,0.0,0.0
own:1,36,node_acquisition,operating,0.0,0.0
own:1,0,installation,capital,50000.0,50000.0
own:1,1,installation,operating,0.0,0.0
own:1,2,installation,operating,0.0,0.0
own:1,3,installation,operating,0.0,0.0
own:1,4,installation,operating,0.0,0.0
own:1,5,installation,operating,0.0,0.0
own:1,6,installation,operating,0.0,0.0
own:1,7,installation,operating,0.0,0.0
own:1,8,installation,operating,0.0,0.0
own:1,9,installation,operating,0.0,0.0
own:1,10,installation,operating,0.0,0.0
own:1,11,installation,operating,0.0,0.0
own:1,12,installation,operating,0.0,0.0
own:1,13,installation,operating,0.0,0.0
own:1,14,installation,operating,0.0,0.0
own:1,15,installation,operating,0.0,0.0
own:1,16,installation,operating,0.0,0.0
own:1,17,installation,operating,0.0,0.0
own:1,18,installation,operating,0.0,0.0
own:1,19,installation,operating,0.0,0.0
own:1,20,installation,operating,0.0,0.0
own:1,21,installation,operating,0.0,0.0
own:1,22,installation,operating,0.0,0.0
own:1,23,installation,operating,0.0,0.0
own:1,24,installation,operating,0.0,0.0
own:1,25,installation,operating,0.0,0.0
own:1,26,installation,operating,0.0,0.0
own:1,27,installation,operating,0.0,0.0
own:1,28,installation,operating,0.0,0.0
own:1,29,installation,operating,0.0,0.0
own:1,30,installation,operating,0.0,0.0
own:1,31,installation,operating,0.0,0.0
own:1,32,installation,operating,0.0,0.0
own:1,33,installation,operating,0.0,0.0
own:1,34,installation,operating,0.0,0.0
own:1,35,installation,operating,0.0,0.0
own:1,36,installation,operating,0.0,0.0
own:1,0,network,capital,0.0,0.0
own:1,1,network,operating,0.0,0.0
own:1,2,network,operating,0.0,0.0
own:1,3,network,operating,0.0,0.0
own:1,4,network,operating,0.0,0.0
own:1,5,network,operating,0.0,0.0
own:1,6,network,operating,0.0,0.0
own:1,7,network,operating,0.0,0.0
own:1,8,network,operating,0.0,0.0
own:1,9,network,operating,0.0,0.0
own:1,10,network,operating,0.0,0.0
own:1,11,network,operating,0.0,0.0
own:1,12,network,operating,0.0,0.0
own:1,13,network,operating,0.0,0.0
own:1,14,network,operating,0.0,0.0
own:1,15,network,operating,0.0,0.0
own:1,16,network,operating,0.0,0.0
own:1,17,network,operating,0.0,0.0
own:1,18,network,operating,0.0,0.0
own:1,19,network,operating,0.0,0.0
own:1,20,network,operating,0.0,0.0
own:1,21,network,operating,0.0,0.0
own:1,22,network,operating,0.0,0.0
own:1,23,network,operating,0.0,0.0
own:1,24,network,operating,0.0,0.0
own:1,25,network,operating,0.0,0.0
own:1,26,network,operating,0.0,0.0
own:1,27,network,operating,0.0,0.0
own:1,28,network,operating,0.0,0.0
own:1,29,network,operating,0.0,0.0
own:1,30,network,operating,0.0,0.0
own:1,31,network,operating,0.0,0.0
own:1,32,network,operating,0.0,0.0
own:1,33,network,operating,0.0,0.0
own:1,34,network,operating,0.0,0.0
own:1,35,network,operating,0.0,0.0
own:1,36,network,operating,0.0,0.0
own:1,0,storage,capital,0.0,0.0
own:1,1,storage,operating,0.0,0.0
own:1,2,storage,operating,0.0,0.0
own:1,3,storage,operating,0.0,0.0
own:1,4,storage,operating,0.0,0.0
own:1,5,storage,operating,0.0,0.0
own:1,6,storage,operating,0.0,0.0
own:1,7,storage,operating,0.0,0.0
own:1,8,storage,operating,0.0,0.0
own:1,9,storage,operating,0.0,0.0
own:1,10,storage,operating,0.0,0.0
own:1,11,storage,operating,0.0,0.0
own:1,12,storage,operating,0.0,0.0
own:1,13,storage,operating,0.0,0.0
own:1,14,storage,operating,0.0,0.0
own:1,15,storage,operating,0.0,0.0
own:1,16,storage,operating,0.0,0.0
own:1,17,storage,operating,0.0,0.0
own:1,18,storage,operating,0.0,0.0
own:1,19,storage,operating,0.0,0.0
own:1,20,storage,operating,0.0,0.0
own:1,21,storage,operating,0.0,0.0
own:1,22,storage,operating,0.0,0.0
own:1,23,storage,operating,0.0,0.0
own:1,24,storage,operating,0.0,0.0
own:1,25,storage,operating,0.0,0.0
own:1,26,storage,operating,0.0,0.0
own:1,27,storage,operating,0.0,0.0
own:1,28,storage,operating,0.0,0.0
own:1,29,storage,operating,0.0,0.0
own:1,30,storage,operating,0.0,0.0
own:1,31,storage,operating,0.0,0.0
own:1,32,storage,operating,0.0,0.0
own:1,33,storage,operating,0.0,0.0
own:1,34,storage,operating,0.0,0.0
own:1,35,storage,operating,0.0,0.0
own:1,36,storage,operating,0.0,0.0
own:1,0,operations,capital,0.0,0.0
own:1,1,operations,operating,0.0,0.0
own:1,2,operations,operating,0.0,0.0
own:1,3,operations,operating,0.0,0.0
own:1,4,operations,operating,0.0,0.0
own:1,5,operations,operating,0.0,0.0
own:1,6,operations,operating,0.0,0.0
own:1,7,operations,operating,2333.3333333333335,2207.1459498220815
own:1,8,operations,operating,2333.3333333333335,2189.685093392294
own:1,9,operations,operating,2333.3333333333335,2172.3623707851866
own:1,10,operations,operating,2333.3333333333335,2155.1766892162764
own:1,11,operations,operating,2333.3333333333335,2138.1269645461593
own:1,12,operations,operating,2333.3333333333335,2121.2121212121215
own:1,13,operations,operating,2333.3333333333335,2104.4310921602837
own:1,14,operations,operating,2333.3333333333335,2087.782818778293
own:1,15,operations,operating,2333.3333333333335,2071.2662508285375
own:1,16,operations,operating,2333.3333333333335,2054.880346381894
own:1,17,operations,operating,2333.3333333333335,2038.6240717519997
own:1,18,operations,operating,2333.3333333333335,2022.4964014300442
own:1,19,operations,operating,2333.3333333333335,2006.4963180200739
own:1,20,operations,operating,2333.3333333333335,1990.6228121748125
own:1,21,operations,operating,2333.3333333333335,1974.8748825319879
own:1,22,operations,operating,2333.3333333333335,1959.25153565116
own:1,23,operations,operating,2333.3333333333335,1943.7517859510538
own:1,24,operations,operating,2333.3333333333335,1928.374655647383
own:1,25,operations,operating,2333.3333333333335,1913.1191746911668
own:1,26,operations,operating,2333.3333333333335,1897.9843807075392
own:1,27,operations,operating,2333.3333333333335,1882.9693189350337
own:1,28,operations,operating,2333.3333333333335,1868.0730421653577
own:1,29,operations,operating,2333.3333333333335,1853.2946106836362
own:1,30,operations,operating,2333.3333333333335,1838.6330922091308
own:1,31,operations,operating,2333.3333333333335,1824.0875618364307
own:1,32,operations,operating,2333.3333333333335,1809.6571019771022
own:1,33,operations,operating,2333.3333333333335,1795.340802301807
own:1,34,operations,operating,2333.3333333333335,1781.1377596828727
own:1,35,operations,operating,2333.3333333333335,1767.0470781373217
own:1,36,operations,operating,2333.3333333333335,1753.0678687703478
own:1,0,precommission,capital,0.0,0.0
own:1,1,precommission,operating,0.0,0.0
own:1,2,precommission,operating,0.0,0.0
own:1,3,precommission,operating,0.0,0.0
own:1,4,precommission,operating,0.0,0.0
own:1,5,precommission,operating,0.0,0.0
own:1,6,precommission,operating,0.0,0.0
own:1,7,precommission,operating,0.0,0.0
own:1,8,precommission,operating,0.0,0.0
own:1,9,precommission,operating,0.0,0.0
own:1,10,precommission,operating,0.0,0.0
own:1,11,precommission,operating,0.0,0.0
own:1,12,precommission,operating,0.0,0.0
own:1,13,precommission,operating,0.0,0.0
own:1,14,precommission,operating,0.0,0.0
own:1,15,precommission,operating,0.0,0.0
own:1,16,precommission,operating,0.0,0.0
own:1,17,precommission,operating,0.0,0.0
own:1,18,precommission,operating,0.0,0.0
own:1,19,precommission,operating,0.0,0.0
own:1,20,precommission,operating,0.0,0.0
own:1,21,precommission,operating,0.0,0.0
own:1,22,precommission,operating,0.0,0.0
own:1,23,precommission,operating,0.0,0.0
own:1,24,precommission,operating,0.0,0.0
own:1,25,precommission,operating,0.0,0.0
own:1,26,precommission,operating,0.0,0.0
own:1,27,precommission,operating,0.0,0.0
own:1,28,precommission,operating,0.0,0.0
own:1,29,precommission,operating,0.0,0.0
own:1,30,precommission,operating,0.0,0.0
own:1,31,precommission,operating,0.0,0.0
own:1,32,precommission,operating,0.0,0.0
own:1,33,precommission,operating,0.0,0.0
own:1,34,precommission,operating,0.0,0.0
own:1,35,precommission,operating,0.0,0.0
own:1,36,precommission,operating,0.0,0.0
own:1,0,electricity,capital,0.0,0.0
own:1,1,electricity,operating,0.0,0.0
own:1,2,electricity,operating,0.0,0.0
own:1,3,electricity,operating,0.0,0.0
own:1,4,electricity,operating,0.0,0.0
own:1,5,electricity,operating,0.0,0.0
own:1,6,electricity,operating,0.0,0.0
own:1,7,electricity,operating,885.6,837.7064799267579
own:1,8,electricity,operating,915.1200000000001,858.7819811422098
own:1,9,electricity,operating,885.6,824.5046209574405
own:1,10,electricity,operating,915.1200000000001,845.2479822152567
own:1,11,electricity,operating,915.1200000000001,838.561177626635
own:1,12,electricity,operating,885.6,805.0909090909091
own:1,13,electricity,operating,915.1200000000001,825.3458490247367
own:1,14,electricity,operating,885.6,792.4030561328813
own:1,15,electricity,operating,915.1200000000001,812.3387877678049
own:1,16,electricity,operating,915.1200000000001,805.9123296775709
own:1,17,electricity,operating,856.0800000000002,747.9536980051938
own:1,18,electricity,operating,915.1200000000001,793.2115315185695
own:1,19,electricity,operating,885.6,761.5513453879618
own:1,20,electricity,operating,915.1200000000001,780.7108919474633
own:1,21,electricity,operating,885.6,749.549655415855
own:1,22,electricity,operating,915.1200000000001,768.4072565593241
own:1,23,electricity,operating,915.1200000000001,762.3283432969408
own:1,24,electricity,operating,885.6,731.9008264462809
own:1,25,electricity,operating,915.1200000000001,750.314408204306
own:1,26,electricity,operating,885.6,720.3664146662558
own:1,27,electricity,operating,915.1200000000001,738.4898070616407
own:1,28,electricity,operating,915.1200000000001,732.6475724341553
own:1,29,electricity,operating,826.56,656.5110828885712
own:1,30,electricity,operating,915.1200000000001,721.1013922896086
own:1,31,electricity,operating,885.6,692.3194048981469
own:1,32,electricity,operating,915.1200000000001,709.737174497694
own:1,33,electricity,operating,885.6,681.4087776507771
own:1,34,electricity,operating,915.1200000000001,698.5520514175673
own:1,35,electricity,operating,915.1200000000001,693.0257666335825
own:1,36,electricity,operating,885.6,665.3643876784371
own:1,0,hosting,capital,0.0,0.0
own:1,1,hosting,operating,0.0,0.0
own:1,2,hosting,operating,0.0,0.0
own:1,3,hosting,operating,0.0,0.0
own:1,4,hosting,operating,0.0,0.0
own:1,5,hosting,operating,0.0,0.0
own:1,6,hosting,operating,0.0,0.0
own:1,7,hosting,operating,0.0,0.0
own:1,8,hosting,operating,0.0,0.0
own:1,9,hosting,operating,0.0,0.0
own:1,10,hosting,operating,0.0,0.0
own:1,11,hosting,operating,0.0,0.0
own:1,12,hosting,operating,0.0,0.0
own:1,13,hosting,operating,0.0,0.0
own:1,14,hosting,operating,0.0,0.0
own:1,15,hosting,operating,0.0,0.0
own:1,16,hosting,operating,0.0,0.0
own:1,17,hosting,operating,0.0,0.0
own:1,18,hosting,operating,0.0,0.0
own:1,19,hosting,operating,0.0,0.0
own:1,20,hosting,operating,0.0,0.0
own:1,21,hosting,operating,0.0,0.0
own:1,22,hosting,operating,0.0,0.0
own:1,23,hosting,operating,0.0,0.0
own:1,24,hosting,operating,0.0,0.0
own:1,25,hosting,operating,0.0,0.0
own:1,26,hosting,operating,0.0,0.0
own:1,27,hosting,operating,0.0,0.0
own:1,28,hosting,operating,0.0,0.0
own:1,29,hosting,operating,0.0,0.0
own:1,30,hosting,operating,0.0,0.0
own:1,31,hosting,operating,0.0,0.0
own:1,32,hosting,operating,0.0,0.0
own:1,33,hosting,operating,0.0,0.0
own:1,34,hosting,operating,0.0,0.0
own:1,35,hosting,operating,0.0,0.0
own:1,36,hosting,operating,0.0,0.0
own:1,0,exit,terminal,0.0,0.0
own:1,1,exit,terminal,0.0,0.0
own:1,2,exit,terminal,0.0,0.0
own:1,3,exit,terminal,0.0,0.0
own:1,4,exit,terminal,0.0,0.0
own:1,5,exit,terminal,0.0,0.0
own:1,6,exit,terminal,0.0,0.0
own:1,7,exit,terminal,0.0,0.0
own:1,8,exit,terminal,0.0,0.0
own:1,9,exit,terminal,0.0,0.0
own:1,10,exit,terminal,0.0,0.0
own:1,11,exit,terminal,0.0,0.0
own:1,12,exit,terminal,0.0,0.0
own:1,13,exit,terminal,0.0,0.0
own:1,14,exit,terminal,0.0,0.0
own:1,15,exit,terminal,0.0,0.0
own:1,16,exit,terminal,0.0,0.0
own:1,17,exit,terminal,0.0,0.0
own:1,18,exit,terminal,0.0,0.0
own:1,19,exit,terminal,0.0,0.0
own:1,20,exit,terminal,0.0,0.0
own:1,21,exit,terminal,0.0,0.0
own:1,22,exit,terminal,0.0,0.0
own:1,23,exit,terminal,0.0,0.0
own:1,24,exit,terminal,0.0,0.0
own:1,25,exit,terminal,0.0,0.0
own:1,26,exit,terminal,0.0,0.0
own:1,27,exit,terminal,0.0,0.0
own:1,28,exit,terminal,0.0,0.0
own:1,29,exit,terminal,0.0,0.0
own:1,30,exit,terminal,0.0,0.0
own:1,31,exit,terminal,0.0,0.0
own:1,32,exit,terminal,0.0,0.0
own:1,33,exit,terminal,0.0,0.0
own:1,34,exit,terminal,0.0,0.0
own:1,35,exit,terminal,0.0,0.0
own:1,36,exit,terminal,0.0,0.0
own:1,0,residual,terminal,0.0,0.0
own:1,1,residual,terminal,0.0,0.0
own:1,2,residual,terminal,0.0,0.0
own:1,3,residual,terminal,0.0,0.0
own:1,4,residual,terminal,0.0,0.0
own:1,5,residual,terminal,0.0,0.0
own:1,6,residual,terminal,0.0,0.0
own:1,7,residual,terminal,0.0,0.0
own:1,8,residual,terminal,0.0,0.0
own:1,9,residual,terminal,0.0,0.0
own:1,10,residual,terminal,0.0,0.0
own:1,11,residual,terminal,0.0,0.0
own:1,12,residual,terminal,0.0,0.0
own:1,13,residual,terminal,0.0,0.0
own:1,14,residual,terminal,0.0,0.0
own:1,15,residual,terminal,0.0,0.0
own:1,16,residual,terminal,0.0,0.0
own:1,17,residual,terminal,0.0,0.0
own:1,18,residual,terminal,0.0,0.0
own:1,19,residual,terminal,0.0,0.0
own:1,20,residual,terminal,0.0,0.0
own:1,21,residual,terminal,0.0,0.0
own:1,22,residual,terminal,0.0,0.0
own:1,23,residual,terminal,0.0,0.0
own:1,24,residual,terminal,0.0,0.0
own:1,25,residual,terminal,0.0,0.0
own:1,26,residual,terminal,0.0,0.0
own:1,27,residual,terminal,0.0,0.0
own:1,28,residual,terminal,0.0,0.0
own:1,29,residual,terminal,0.0,0.0
own:1,30,residual,terminal,0.0,0.0
own:1,31,residual,terminal,0.0,0.0
own:1,32,residual,terminal,0.0,0.0
own:1,33,residual,terminal,0.0,0.0
own:1,34,residual,terminal,0.0,0.0
own:1,35,residual,terminal,0.0,0.0
own:1,36,residual,terminal,0.0,0.0
own:2,0,on_demand,capital,0.0,0.0
own:2,1,on_demand,operating,204473.6,202855.99778680265
own:2,2,on_demand,operating,198144.0,195021.34402646002
own:2,3,on_demand,operating,204473.6,199659.08295083806
own:2,4,on_demand,operating,204473.6,198079.56865429203
own:2,5,on_demand,operating,184659.19999999998,177469.61108979152
own:2,6,on_demand,operating,204473.6,194957.92808836754
own:2,7,on_demand,operating,147576.0,139595.04458183292
own:2,8,on_demand,operating,153217.6,143784.98347086133
own:2,9,on_demand,operating,149433.6,139124.5412446994
own:2,10,on_demand,operating,155281.6,143425.40767894548
own:2,11,on_demand,operating,156107.19999999998,143047.2915770572
own:2,12,on_demand,operating,152323.19999999998,138475.63636363635
own:2,13,on_demand,operating,158171.19999999998,142654.4533561297
own:2,14,on_demand,operating,154180.8,137955.4393823538
own:2,15,on_demand,operating,160235.19999999998,142238.46940918322
own:2,16,on_demand,operating,161060.8,141840.28821109066
own:2,17,on_demand,operating,151772.8,132603.29293594367
own:2,18,on_demand,operating,163124.8,141393.9947074267
own:2,19,on_demand,operating,159065.6,136784.80316728022
own:2,20,on_demand,operating,165120.0,140867.84517698787
own:2,21,on_demand,operating,161267.19999999998,136492.51828125535
own:2,22,on_demand,operating,167321.6,140496.47217754676
own:2,23,on_demand,operating,168422.4,140302.00319749833
own:2,24,on_demand,operating,164294.4,135780.49586776856
own:2,25,on_demand,operating,170348.8,139670.38099955596
own:2,26,on_demand,operating,166220.8,135207.63520659073
own:2,27,on_demand,operating,172550.4,139245.90392998612
own:2,28,on_demand,operating,173651.19999999998,139025.62519699926
own:2,29,on_demand,operating,157964.8,125466.5625075936
own:2,30,on_demand,operating,175852.8,138569.47604470022
own:2,31,on_demand,operating,171449.6,134031.035503642
own:2,32,on_demand,operating,178054.4,138093.17549925932
own:2,33,on_demand,operating,173376.0,133401.00297423344
own:2,34,on_demand,operating,180256.0,137597.47200402681
own:2,35,on_demand,operating,181356.8,137342.57294585768
own:2,36,on_demand,operating,176678.4,132741.09691960926
own:2,0,variable_service,capital,0.0,0.0
own:2,1,variable_service,operating,0.0,0.0
own:2,2,variable_service,operating,0.0,0.0
own:2,3,variable_service,operating,0.0,0.0
own:2,4,variable_service,operating,0.0,0.0
own:2,5,variable_service,operating,0.0,0.0
own:2,6,variable_service,operating,0.0,0.0
own:2,7,variable_service,operating,0.0,0.0
own:2,8,variable_service,operating,0.0,0.0
own:2,9,variable_service,operating,0.0,0.0
own:2,10,variable_service,operating,0.0,0.0
own:2,11,variable_service,operating,0.0,0.0
own:2,12,variable_service,operating,0.0,0.0
own:2,13,variable_service,operating,0.0,0.0
own:2,14,variable_service,operating,0.0,0.0
own:2,15,variable_service,operating,0.0,0.0
own:2,16,variable_service,operating,0.0,0.0
own:2,17,variable_service,operating,0.0,0.0
own:2,18,variable_service,operating,0.0,0.0
own:2,19,variable_service,operating,0.0,0.0
own:2,20,variable_service,operating,0.0,0.0
own:2,21,variable_service,operating,0.0,0.0
own:2,22,variable_service,operating,0.0,0.0
own:2,23,variable_service,operating,0.0,0.0
own:2,24,variable_service,operating,0.0,0.0
own:2,25,variable_service,operating,0.0,0.0
own:2,26,variable_service,operating,0.0,0.0
own:2,27,variable_service,operating,0.0,0.0
own:2,28,variable_service,operating,0.0,0.0
own:2,29,variable_service,operating,0.0,0.0
own:2,30,variable_service,operating,0.0,0.0
own:2,31,variable_service,operating,0.0,0.0
own:2,32,variable_service,operating,0.0,0.0
own:2,33,variable_service,operating,0.0,0.0
own:2,34,variable_service,operating,0.0,0.0
own:2,35,variable_service,operating,0.0,0.0
own:2,36,variable_service,operating,0.0,0.0
own:2,0,node_acquisition,capital,800000.0,800000.0
own:2,1,node_acquisition,operating,0.0,0.0
own:2,2,node_acquisition,operating,0.0,0.0
own:2,3,node_acquisition,operating,0.0,0.0
own:2,4,node_acquisition,operating,0.0,0.0
own:2,5,node_acquisition,operating,0.0,0.0
own:2,6,node_acquisition,operating,0.0,0.0
own:2,7,node_acquisition,operating,0.0,0.0
own:2,8,node_acquisition,operating,0.0,0.0
own:2,9,node_acquisition,operating,0.0,0.0
own:2,10,node_acquisition,operating,0.0,0.0
own:2,11,node_acquisition,operating,0.0,0.0
own:2,12,node_acquisition,operating,0.0,0.0
own:2,13,node_acquisition,operating,0.0,0.0
own:2,14,node_acquisition,operating,0.0,0.0
own:2,15,node_acquisition,operating,0.0,0.0
own:2,16,node_acquisition,operating,0.0,0.0
own:2,17,node_acquisition,operating,0.0,0.0
own:2,18,node_acquisition,operating,0.0,0.0
own:2,19,node_acquisition,operating,0.0,0.0
own:2,20,node_acquisition,operating,0.0,0.0
own:2,21,node_acquisition,operating,0.0,0.0
own:2,22,node_acquisition,operating,0.0,0.0
own:2,23,node_acquisition,operating,0.0,0.0
own:2,24,node_acquisition,operating,0.0,0.0
own:2,25,node_acquisition,operating,0.0,0.0
own:2,26,node_acquisition,operating,0.0,0.0
own:2,27,node_acquisition,operating,0.0,0.0
own:2,28,node_acquisition,operating,0.0,0.0
own:2,29,node_acquisition,operating,0.0,0.0
own:2,30,node_acquisition,operating,0.0,0.0
own:2,31,node_acquisition,operating,0.0,0.0
own:2,32,node_acquisition,operating,0.0,0.0
own:2,33,node_acquisition,operating,0.0,0.0
own:2,34,node_acquisition,operating,0.0,0.0
own:2,35,node_acquisition,operating,0.0,0.0
own:2,36,node_acquisition,operating,0.0,0.0
own:2,0,installation,capital,50000.0,50000.0
own:2,1,installation,operating,0.0,0.0
own:2,2,installation,operating,0.0,0.0
own:2,3,installation,operating,0.0,0.0
own:2,4,installation,operating,0.0,0.0
own:2,5,installation,operating,0.0,0.0
own:2,6,installation,operating,0.0,0.0
own:2,7,installation,operating,0.0,0.0
own:2,8,installation,operating,0.0,0.0
own:2,9,installation,operating,0.0,0.0
own:2,10,installation,operating,0.0,0.0
own:2,11,installation,operating,0.0,0.0
own:2,12,installation,operating,0.0,0.0
own:2,13,installation,operating,0.0,0.0
own:2,14,installation,operating,0.0,0.0
own:2,15,installation,operating,0.0,0.0
own:2,16,installation,operating,0.0,0.0
own:2,17,installation,operating,0.0,0.0
own:2,18,installation,operating,0.0,0.0
own:2,19,installation,operating,0.0,0.0
own:2,20,installation,operating,0.0,0.0
own:2,21,installation,operating,0.0,0.0
own:2,22,installation,operating,0.0,0.0
own:2,23,installation,operating,0.0,0.0
own:2,24,installation,operating,0.0,0.0
own:2,25,installation,operating,0.0,0.0
own:2,26,installation,operating,0.0,0.0
own:2,27,installation,operating,0.0,0.0
own:2,28,installation,operating,0.0,0.0
own:2,29,installation,operating,0.0,0.0
own:2,30,installation,operating,0.0,0.0
own:2,31,installation,operating,0.0,0.0
own:2,32,installation,operating,0.0,0.0
own:2,33,installation,operating,0.0,0.0
own:2,34,installation,operating,0.0,0.0
own:2,35,installation,operating,0.0,0.0
own:2,36,installation,operating,0.0,0.0
own:2,0,network,capital,0.0,0.0
own:2,1,network,operating,0.0,0.0
own:2,2,network,operating,0.0,0.0
own:2,3,network,operating,0.0,0.0
own:2,4,network,operating,0.0,0.0
own:2,5,network,operating,0.0,0.0
own:2,6,network,operating,0.0,0.0
own:2,7,network,operating,0.0,0.0
own:2,8,network,operating,0.0,0.0
own:2,9,network,operating,0.0,0.0
own:2,10,network,operating,0.0,0.0
own:2,11,network,operating,0.0,0.0
own:2,12,network,operating,0.0,0.0
own:2,13,network,operating,0.0,0.0
own:2,14,network,operating,0.0,0.0
own:2,15,network,operating,0.0,0.0
own:2,16,network,operating,0.0,0.0
own:2,17,network,operating,0.0,0.0
own:2,18,network,operating,0.0,0.0
own:2,19,network,operating,0.0,0.0
own:2,20,network,operating,0.0,0.0
own:2,21,network,operating,0.0,0.0
own:2,22,network,operating,0.0,0.0
own:2,23,network,operating,0.0,0.0
own:2,24,network,operating,0.0,0.0
own:2,25,network,operating,0.0,0.0
own:2,26,network,operating,0.0,0.0
own:2,27,network,operating,0.0,0.0
own:2,28,network,operating,0.0,0.0
own:2,29,network,operating,0.0,0.0
own:2,30,network,operating,0.0,0.0
own:2,31,network,operating,0.0,0.0
own:2,32,network,operating,0.0,0.0
own:2,33,network,operating,0.0,0.0
own:2,34,network,operating,0.0,0.0
own:2,35,network,operating,0.0,0.0
own:2,36,network,operating,0.0,0.0
own:2,0,storage,capital,0.0,0.0
own:2,1,storage,operating,0.0,0.0
own:2,2,storage,operating,0.0,0.0
own:2,3,storage,operating,0.0,0.0
own:2,4,storage,operating,0.0,0.0
own:2,5,storage,operating,0.0,0.0
own:2,6,storage,operating,0.0,0.0
own:2,7,storage,operating,0.0,0.0
own:2,8,storage,operating,0.0,0.0
own:2,9,storage,operating,0.0,0.0
own:2,10,storage,operating,0.0,0.0
own:2,11,storage,operating,0.0,0.0
own:2,12,storage,operating,0.0,0.0
own:2,13,storage,operating,0.0,0.0
own:2,14,storage,operating,0.0,0.0
own:2,15,storage,operating,0.0,0.0
own:2,16,storage,operating,0.0,0.0
own:2,17,storage,operating,0.0,0.0
own:2,18,storage,operating,0.0,0.0
own:2,19,storage,operating,0.0,0.0
own:2,20,storage,operating,0.0,0.0
own:2,21,storage,operating,0.0,0.0
own:2,22,storage,operating,0.0,0.0
own:2,23,storage,operating,0.0,0.0
own:2,24,storage,operating,0.0,0.0
own:2,25,storage,operating,0.0,0.0
own:2,26,storage,operating,0.0,0.0
own:2,27,storage,operating,0.0,0.0
own:2,28,storage,operating,0.0,0.0
own:2,29,storage,operating,0.0,0.0
own:2,30,storage,operating,0.0,0.0
own:2,31,storage,operating,0.0,0.0
own:2,32,storage,operating,0.0,0.0
own:2,33,storage,operating,0.0,0.0
own:2,34,storage,operating,0.0,0.0
own:2,35,storage,operating,0.0,0.0
own:2,36,storage,operating,0.0,0.0
own:2,0,operations,capital,0.0,0.0
own:2,1,operations,operating,0.0,0.0
own:2,2,operations,operating,0.0,0.0
own:2,3,operations,operating,0.0,0.0
own:2,4,operations,operating,0.0,0.0
own:2,5,operations,operating,0.0,0.0
own:2,6,operations,operating,0.0,0.0
own:2,7,operations,operating,2666.6666666666665,2522.4525140823785
own:2,8,operations,operating,2666.6666666666665,2502.497249591193
own:2,9,operations,operating,2666.6666666666665,2482.699852325927
own:2,10,operations,operating,2666.6666666666665,2463.0590733900294
own:2,11,operations,operating,2666.6666666666665,2443.573673767039
own:2,12,operations,operating,2666.6666666666665,2424.242424242424
own:2,13,operations,operating,2666.6666666666665,2405.0641053260383
own:2,14,operations,operating,2666.6666666666665,2386.037507175192
own:2,15,operations,operating,2666.6666666666665,2367.1614295183285
own:2,16,operations,operating,2666.6666666666665,2348.434681579307
own:2,17,operations,operating,2666.6666666666665,2329.8560820022853
own:2,18,operations,operating,2666.6666666666665,2311.424458777193
own:2,19,operations,operating,2666.6666666666665,2293.1386491657986
own:2,20,operations,operating,2666.6666666666665,2274.9974996283568
own:2,21,operations,operating,2666.6666666666665,2256.9998657508427
own:2,22,operations,operating,2666.6666666666665,2239.144612172754
own:2,23,operations,operating,2666.6666666666665,2221.43061251549
own:2,24,operations,operating,2666.6666666666665,2203.8567493112946
own:2,25,operations,operating,2666.6666666666665,2186.421913932762
own:2,26,operations,operating,2666.6666666666665,2169.125006522902
own:2,27,operations,operating,2666.6666666666665,2151.964935925753
own:2,28,operations,operating,2666.6666666666665,2134.9406196175514
own:2,29,operations,operating,2666.6666666666665,2118.050983638441
own:2,30,operations,operating,2666.6666666666665,2101.2949625247206
own:2,31,operations,operating,2666.6666666666665,2084.6714992416346
own:2,32,operations,operating,2666.6666666666665,2068.179545116688
own:2,33,operations,operating,2666.6666666666665,2051.818059773493
own:2,34,operations,operating,2666.6666666666665,2035.58601106614
own:2,35,operations,operating,2666.6666666666665,2019.4823750140815
own:2,36,operations,operating,2666.6666666666665,2003.50613573754
own:2,0,precommission,capital,0.0,0.0
own:2,1,precommission,operating,0.0,0.0
own:2,2,precommission,operating,0.0,0.0
own:2,3,precommission,operating,0.0,0.0
own:2,4,precommission,operating,0.0,0.0
own:2,5,precommission,operating,0.0,0.0
own:2,6,precommission,operating,0.0,0.0
own:2,7,precommission,operating,0.0,0.0
own:2,8,precommission,operating,0.0,0.0
own:2,9,precommission,operating,0.0,0.0
own:2,10,precommission,operating,0.0,0.0
own:2,11,precommission,operating,0.0,0.0
own:2,12,precommission,operating,0.0,0.0
own:2,13,precommission,operating,0.0,0.0
own:2,14,precommission,operating,0.0,0.0
own:2,15,precommission,operating,0.0,0.0
own:2,16,precommission,operating,0.0,0.0
own:2,17,precommission,operating,0.0,0.0
own:2,18,precommission,operating,0.0,0.0
own:2,19,precommission,operating,0.0,0.0
own:2,20,precommission,operating,0.0,0.0
own:2,21,precommission,operating,0.0,0.0
own:2,22,precommission,operating,0.0,0.0
own:2,23,precommission,operating,0.0,0.0
own:2,24,precommission,operating,0.0,0.0
own:2,25,precommission,operating,0.0,0.0
own:2,26,precommission,operating,0.0,0.0
own:2,27,precommission,operating,0.0,0.0
own:2,28,precommission,operating,0.0,0.0
own:2,29,precommission,operating,0.0,0.0
own:2,30,precommission,operating,0.0,0.0
own:2,31,precommission,operating,0.0,0.0
own:2,32,precommission,operating,0.0,0.0
own:2,33,precommission,operating,0.0,0.0
own:2,34,precommission,operating,0.0,0.0
own:2,35,precommission,operating,0.0,0.0
own:2,36,precommission,operating,0.0,0.0
own:2,0,electricity,capital,0.0,0.0
own:2,1,electricity,operating,0.0,0.0
own:2,2,electricity,operating,0.0,0.0
own:2,3,electricity,operating,0.0,0.0
own:2,4,electricity,operating,0.0,0.0
own:2,5,electricity,operating,0.0,0.0
own:2,6,electricity,operating,0.0,0.0
own:2,7,electricity,operating,1771.2,1675.4129598535158
own:2,8,electricity,operating,1830.2400000000002,1717.5639622844196
own:2,9,electricity,operating,1771.2,1649.009241914881
own:2,10,electricity,operating,1830.2400000000002,1690.4959644305134
own:2,11,electricity,operating,1830.2400000000002,1677.12235525327
own:2,12,electricity,operating,1771.2,1610.1818181818182
own:2,13,electricity,operating,1830.2400000000002,1650.6916980494734
own:2,14,electricity,operating,1771.2,1584.8061122657625
own:2,15,electricity,operating,1830.2400000000002,1624.6775755356098
own:2,16,electricity,operating,1830.2400000000002,1611.8246593551419
own:2,17,electricity,operating,1712.1600000000003,1495.9073960103876
own:2,18,electricity,operating,1830.2400000000002,1586.423063037139
own:2,19,electricity,operating,1771.2,1523.1026907759235
own:2,20,electricity,operating,1830.2400000000002,1561.4217838949266
own:2,21,electricity,operating,1771.2,1499.09931083171
own:2,22,electricity,operating,1830.2400000000002,1536.8145131186482
own:2,23,electricity,operating,1830.2400000000002,1524.6566865938817
own:2,24,electricity,operating,1771.2,1463.8016528925618
own:2,25,electricity,operating,1830.2400000000002,1500.628816408612
own:2,26,electricity,operating,1771.2,1440.7328293325115
own:2,27,electricity,operating,1830.2400000000002,1476.9796141232814
own:2,28,electricity,operating,1830.2400000000002,1465.2951448683107
own:2,29,electricity,operating,1653.12,1313.0221657771424
own:2,30,electricity,operating,1830.2400000000002,1442.2027845792172
own:2,31,electricity,operating,1771.2,1384.6388097962938
own:2,32,electricity,operating,1830.2400000000002,1419.474348995388
own:2,33,electricity,operating,1771.2,1362.8175553015542
own:2,34,electricity,operating,1830.2400000000002,1397.1041028351347
own:2,35,electricity,operating,1830.2400000000002,1386.051533267165
own:2,36,electricity,operating,1771.2,1330.7287753568742
own:2,0,hosting,capital,0.0,0.0
own:2,1,hosting,operating,0.0,0.0
own:2,2,hosting,operating,0.0,0.0
own:2,3,hosting,operating,0.0,0.0
own:2,4,hosting,operating,0.0,0.0
own:2,5,hosting,operating,0.0,0.0
own:2,6,hosting,operating,0.0,0.0
own:2,7,hosting,operating,0.0,0.0
own:2,8,hosting,operating,0.0,0.0
own:2,9,hosting,operating,0.0,0.0
own:2,10,hosting,operating,0.0,0.0
own:2,11,hosting,operating,0.0,0.0
own:2,12,hosting,operating,0.0,0.0
own:2,13,hosting,operating,0.0,0.0
own:2,14,hosting,operating,0.0,0.0
own:2,15,hosting,operating,0.0,0.0
own:2,16,hosting,operating,0.0,0.0
own:2,17,hosting,operating,0.0,0.0
own:2,18,hosting,operating,0.0,0.0
own:2,19,hosting,operating,0.0,0.0
own:2,20,hosting,operating,0.0,0.0
own:2,21,hosting,operating,0.0,0.0
own:2,22,hosting,operating,0.0,0.0
own:2,23,hosting,operating,0.0,0.0
own:2,24,hosting,operating,0.0,0.0
own:2,25,hosting,operating,0.0,0.0
own:2,26,hosting,operating,0.0,0.0
own:2,27,hosting,operating,0.0,0.0
own:2,28,hosting,operating,0.0,0.0
own:2,29,hosting,operating,0.0,0.0
own:2,30,hosting,operating,0.0,0.0
own:2,31,hosting,operating,0.0,0.0
own:2,32,hosting,operating,0.0,0.0
own:2,33,hosting,operating,0.0,0.0
own:2,34,hosting,operating,0.0,0.0
own:2,35,hosting,operating,0.0,0.0
own:2,36,hosting,operating,0.0,0.0
own:2,0,exit,terminal,0.0,0.0
own:2,1,exit,terminal,0.0,0.0
own:2,2,exit,terminal,0.0,0.0
own:2,3,exit,terminal,0.0,0.0
own:2,4,exit,terminal,0.0,0.0
own:2,5,exit,terminal,0.0,0.0
own:2,6,exit,terminal,0.0,0.0
own:2,7,exit,terminal,0.0,0.0
own:2,8,exit,terminal,0.0,0.0
own:2,9,exit,terminal,0.0,0.0
own:2,10,exit,terminal,0.0,0.0
own:2,11,exit,terminal,0.0,0.0
own:2,12,exit,terminal,0.0,0.0
own:2,13,exit,terminal,0.0,0.0
own:2,14,exit,terminal,0.0,0.0
own:2,15,exit,terminal,0.0,0.0
own:2,16,exit,terminal,0.0,0.0
own:2,17,exit,terminal,0.0,0.0
own:2,18,exit,terminal,0.0,0.0
own:2,19,exit,terminal,0.0,0.0
own:2,20,exit,terminal,0.0,0.0
own:2,21,exit,terminal,0.0,0.0
own:2,22,exit,terminal,0.0,0.0
own:2,23,exit,terminal,0.0,0.0
own:2,24,exit,terminal,0.0,0.0
own:2,25,exit,terminal,0.0,0.0
own:2,26,exit,terminal,0.0,0.0
own:2,27,exit,terminal,0.0,0.0
own:2,28,exit,terminal,0.0,0.0
own:2,29,exit,terminal,0.0,0.0
own:2,30,exit,terminal,0.0,0.0
own:2,31,exit,terminal,0.0,0.0
own:2,32,exit,terminal,0.0,0.0
own:2,33,exit,terminal,0.0,0.0
own:2,34,exit,terminal,0.0,0.0
own:2,35,exit,terminal,0.0,0.0
own:2,36,exit,terminal,0.0,0.0
own:2,0,residual,terminal,0.0,0.0
own:2,1,residual,terminal,0.0,0.0
own:2,2,residual,terminal,0.0,0.0
own:2,3,residual,terminal,0.0,0.0
own:2,4,residual,terminal,0.0,0.0
own:2,5,residual,terminal,0.0,0.0
own:2,6,residual,terminal,0.0,0.0
own:2,7,residual,terminal,0.0,0.0
own:2,8,residual,terminal,0.0,0.0
own:2,9,residual,terminal,0.0,0.0
own:2,10,residual,terminal,0.0,0.0
own:2,11,residual,terminal,0.0,0.0
own:2,12,residual,terminal,0.0,0.0
own:2,13,residual,terminal,0.0,0.0
own:2,14,residual,terminal,0.0,0.0
own:2,15,residual,terminal,0.0,0.0
own:2,16,residual,terminal,0.0,0.0
own:2,17,residual,terminal,0.0,0.0
own:2,18,residual,terminal,0.0,0.0
own:2,19,residual,terminal,0.0,0.0
own:2,20,residual,terminal,0.0,0.0
own:2,21,residual,terminal,0.0,0.0
own:2,22,residual,terminal,0.0,0.0
own:2,23,residual,terminal,0.0,0.0
own:2,24,residual,terminal,0.0,0.0
own:2,25,residual,terminal,0.0,0.0
own:2,26,residual,terminal,0.0,0.0
own:2,27,residual,terminal,0.0,0.0
own:2,28,residual,terminal,0.0,0.0
own:2,29,residual,terminal,0.0,0.0
own:2,30,residual,terminal,0.0,0.0
own:2,31,residual,terminal,0.0,0.0
own:2,32,residual,terminal,0.0,0.0
own:2,33,residual,terminal,0.0,0.0
own:2,34,residual,terminal,0.0,0.0
own:2,35,residual,terminal,0.0,0.0
own:2,36,residual,terminal,0.0,0.0
own:3,0,on_demand,capital,0.0,0.0
own:3,1,on_demand,operating,204473.6,202855.99778680265
own:3,2,on_demand,operating,198144.0,195021.34402646002
own:3,3,on_demand,operating,204473.6,199659.08295083806
own:3,4,on_demand,operating,204473.6,198079.56865429203
own:3,5,on_demand,operating,184659.19999999998,177469.61108979152
own:3,6,on_demand,operating,204473.6,194957.92808836754
own:3,7,on_demand,operating,107878.4,102044.30298569417
own:3,8,on_demand,operating,112281.59999999999,105369.14819238693
own:3,9,on_demand,operating,109804.79999999999,102229.63527925423
own:3,10,on_demand,operating,114208.0,105487.8939951482
own:3,11,on_demand,operating,115171.2,105535.99211105942
own:3,12,on_demand,operating,112694.4,102449.45454545453
own:3,13,on_demand,operating,117097.59999999999,105610.21296743487
own:3,14,on_demand,operating,114620.79999999999,102558.57296340982
own:3,15,on_demand,operating,119161.59999999999,105778.02877488421
own:3,16,on_demand,operating,120124.79999999999,105789.46741416672
own:3,17,on_demand,operating,113520.0,99181.97341083728
own:3,18,on_demand,operating,122188.79999999999,105911.317840738
own:3,19,on_demand,operating,119505.59999999999,102766.0913069056
own:3,20,on_demand,operating,124321.59999999999,106061.74843117378
own:3,21,on_demand,operating,121569.59999999999,102893.46407976888
own:3,22,on_demand,operating,126385.59999999999,106123.3632360828
own:3,23,on_demand,operating,127417.59999999999,106143.50895497012
own:3,24,on_demand,operating,124459.2,102858.8429752066
own:3,25,on_demand,operating,129481.59999999999,106163.0278841536
own:3,26,on_demand,operating,126523.2,102916.7388844869
own:3,27,on_demand,operating,131545.6,106155.56950324302
own:3,28,on_demand,operating,132577.6,106141.98880927797
own:3,29,on_demand,operating,120881.59999999999,96012.52191892071
own:3,30,on_demand,operating,134848.0,106258.28366495008
own:3,31,on_demand,operating,131683.19999999998,102943.580238351
own:3,32,on_demand,operating,136912.0,106184.474205381
own:3,33,on_demand,operating,133747.19999999998,102909.3451515515
own:3,34,on_demand,operating,139182.4,106244.15490997946
own:3,35,on_demand,operating,140214.4,106185.19107119042
own:3,36,on_demand,operating,137049.6,102967.39293764085
own:3,0,variable_service,capital,0.0,0.0
own:3,1,variable_service,operating,0.0,0.0
own:3,2,variable_service,operating,0.0,0.0
own:3,3,variable_service,operating,0.0,0.0
own:3,4,variable_service,operating,0.0,0.0
own:3,5,variable_service,operating,0.0,0.0
own:3,6,variable_service,operating,0.0,0.0
own:3,7,variable_service,operating,0.0,0.0
own:3,8,variable_service,operating,0.0,0.0
own:3,9,variable_service,operating,0.0,0.0
own:3,10,variable_service,operating,0.0,0.0
own:3,11,variable_service,operating,0.0,0.0
own:3,12,variable_service,operating,0.0,0.0
own:3,13,variable_service,operating,0.0,0.0
own:3,14,variable_service,operating,0.0,0.0
own:3,15,variable_service,operating,0.0,0.0
own:3,16,variable_service,operating,0.0,0.0
own:3,17,variable_service,operating,0.0,0.0
own:3,18,variable_service,operating,0.0,0.0
own:3,19,variable_service,operating,0.0,0.0
own:3,20,variable_service,operating,0.0,0.0
own:3,21,variable_service,operating,0.0,0.0
own:3,22,variable_service,operating,0.0,0.0
own:3,23,variable_service,operating,0.0,0.0
own:3,24,variable_service,operating,0.0,0.0
own:3,25,variable_service,operating,0.0,0.0
own:3,26,variable_service,operating,0.0,0.0
own:3,27,variable_service,operating,0.0,0.0
own:3,28,variable_service,operating,0.0,0.0
own:3,29,variable_service,operating,0.0,0.0
own:3,30,variable_service,operating,0.0,0.0
own:3,31,variable_service,operating,0.0,0.0
own:3,32,variable_service,operating,0.0,0.0
own:3,33,variable_service,operating,0.0,0.0
own:3,34,variable_service,operating,0.0,0.0
own:3,35,variable_service,operating,0.0,0.0
own:3,36,variable_service,operating,0.0,0.0
own:3,0,node_acquisition,capital,1200000.0,1200000.0
own:3,1,node_acquisition,operating,0.0,0.0
own:3,2,node_acquisition,operating,0.0,0.0
own:3,3,node_acquisition,operating,0.0,0.0
own:3,4,node_acquisition,operating,0.0,0.0
own:3,5,node_acquisition,operating,0.0,0.0
own:3,6,node_acquisition,operating,0.0,0.0
own:3,7,node_acquisition,operating,0.0,0.0
own:3,8,node_acquisition,operating,0.0,0.0
own:3,9,node_acquisition,operating,0.0,0.0
own:3,10,node_acquisition,operating,0.0,0.0
own:3,11,node_acquisition,operating,0.0,0.0
own:3,12,node_acquisition,operating,0.0,0.0
own:3,13,node_acquisition,operating,0.0,0.0
own:3,14,node_acquisition,operating,0.0,0.0
own:3,15,node_acquisition,operating,0.0,0.0
own:3,16,node_acquisition,operating,0.0,0.0
own:3,17,node_acquisition,operating,0.0,0.0
own:3,18,node_acquisition,operating,0.0,0.0
own:3,19,node_acquisition,operating,0.0,0.0
own:3,20,node_acquisition,operating,0.0,0.0
own:3,21,node_acquisition,operating,0.0,0.0
own:3,22,node_acquisition,operating,0.0,0.0
own:3,23,node_acquisition,operating,0.0,0.0
own:3,24,node_acquisition,operating,0.0,0.0
own:3,25,node_acquisition,operating,0.0,0.0
own:3,26,node_acquisition,operating,0.0,0.0
own:3,27,node_acquisition,operating,0.0,0.0
own:3,28,node_acquisition,operating,0.0,0.0
own:3,29,node_acquisition,operating,0.0,0.0
own:3,30,node_acquisition,operating,0.0,0.0
own:3,31,node_acquisition,operating,0.0,0.0
own:3,32,node_acquisition,operating,0.0,0.0
own:3,33,node_acquisition,operating,0.0,0.0
own:3,34,node_acquisition,operating,0.0,0.0
own:3,35,node_acquisition,operating,0.0,0.0
own:3,36,node_acquisition,operating,0.0,0.0
own:3,0,installation,capital,50000.0,50000.0
own:3,1,installation,operating,0.0,0.0
own:3,2,installation,operating,0.0,0.0
own:3,3,installation,operating,0.0,0.0
own:3,4,installation,operating,0.0,0.0
own:3,5,installation,operating,0.0,0.0
own:3,6,installation,operating,0.0,0.0
own:3,7,installation,operating,0.0,0.0
own:3,8,installation,operating,0.0,0.0
own:3,9,installation,operating,0.0,0.0
own:3,10,installation,operating,0.0,0.0
own:3,11,installation,operating,0.0,0.0
own:3,12,installation,operating,0.0,0.0
own:3,13,installation,operating,0.0,0.0
own:3,14,installation,operating,0.0,0.0
own:3,15,installation,operating,0.0,0.0
own:3,16,installation,operating,0.0,0.0
own:3,17,installation,operating,0.0,0.0
own:3,18,installation,operating,0.0,0.0
own:3,19,installation,operating,0.0,0.0
own:3,20,installation,operating,0.0,0.0
own:3,21,installation,operating,0.0,0.0
own:3,22,installation,operating,0.0,0.0
own:3,23,installation,operating,0.0,0.0
own:3,24,installation,operating,0.0,0.0
own:3,25,installation,operating,0.0,0.0
own:3,26,installation,operating,0.0,0.0
own:3,27,installation,operating,0.0,0.0
own:3,28,installation,operating,0.0,0.0
own:3,29,installation,operating,0.0,0.0
own:3,30,installation,operating,0.0,0.0
own:3,31,installation,operating,0.0,0.0
own:3,32,installation,operating,0.0,0.0
own:3,33,installation,operating,0.0,0.0
own:3,34,installation,operating,0.0,0.0
own:3,35,installation,operating,0.0,0.0
own:3,36,installation,operating,0.0,0.0
own:3,0,network,capital,0.0,0.0
own:3,1,network,operating,0.0,0.0
own:3,2,network,operating,0.0,0.0
own:3,3,network,operating,0.0,0.0
own:3,4,network,operating,0.0,0.0
own:3,5,network,operating,0.0,0.0
own:3,6,network,operating,0.0,0.0
own:3,7,network,operating,0.0,0.0
own:3,8,network,operating,0.0,0.0
own:3,9,network,operating,0.0,0.0
own:3,10,network,operating,0.0,0.0
own:3,11,network,operating,0.0,0.0
own:3,12,network,operating,0.0,0.0
own:3,13,network,operating,0.0,0.0
own:3,14,network,operating,0.0,0.0
own:3,15,network,operating,0.0,0.0
own:3,16,network,operating,0.0,0.0
own:3,17,network,operating,0.0,0.0
own:3,18,network,operating,0.0,0.0
own:3,19,network,operating,0.0,0.0
own:3,20,network,operating,0.0,0.0
own:3,21,network,operating,0.0,0.0
own:3,22,network,operating,0.0,0.0
own:3,23,network,operating,0.0,0.0
own:3,24,network,operating,0.0,0.0
own:3,25,network,operating,0.0,0.0
own:3,26,network,operating,0.0,0.0
own:3,27,network,operating,0.0,0.0
own:3,28,network,operating,0.0,0.0
own:3,29,network,operating,0.0,0.0
own:3,30,network,operating,0.0,0.0
own:3,31,network,operating,0.0,0.0
own:3,32,network,operating,0.0,0.0
own:3,33,network,operating,0.0,0.0
own:3,34,network,operating,0.0,0.0
own:3,35,network,operating,0.0,0.0
own:3,36,network,operating,0.0,0.0
own:3,0,storage,capital,0.0,0.0
own:3,1,storage,operating,0.0,0.0
own:3,2,storage,operating,0.0,0.0
own:3,3,storage,operating,0.0,0.0
own:3,4,storage,operating,0.0,0.0
own:3,5,storage,operating,0.0,0.0
own:3,6,storage,operating,0.0,0.0
own:3,7,storage,operating,0.0,0.0
own:3,8,storage,operating,0.0,0.0
own:3,9,storage,operating,0.0,0.0
own:3,10,storage,operating,0.0,0.0
own:3,11,storage,operating,0.0,0.0
own:3,12,storage,operating,0.0,0.0
own:3,13,storage,operating,0.0,0.0
own:3,14,storage,operating,0.0,0.0
own:3,15,storage,operating,0.0,0.0
own:3,16,storage,operating,0.0,0.0
own:3,17,storage,operating,0.0,0.0
own:3,18,storage,operating,0.0,0.0
own:3,19,storage,operating,0.0,0.0
own:3,20,storage,operating,0.0,0.0
own:3,21,storage,operating,0.0,0.0
own:3,22,storage,operating,0.0,0.0
own:3,23,storage,operating,0.0,0.0
own:3,24,storage,operating,0.0,0.0
own:3,25,storage,operating,0.0,0.0
own:3,26,storage,operating,0.0,0.0
own:3,27,storage,operating,0.0,0.0
own:3,28,storage,operating,0.0,0.0
own:3,29,storage,operating,0.0,0.0
own:3,30,storage,operating,0.0,0.0
own:3,31,storage,operating,0.0,0.0
own:3,32,storage,operating,0.0,0.0
own:3,33,storage,operating,0.0,0.0
own:3,34,storage,operating,0.0,0.0
own:3,35,storage,operating,0.0,0.0
own:3,36,storage,operating,0.0,0.0
own:3,0,operations,capital,0.0,0.0
own:3,1,operations,operating,0.0,0.0
own:3,2,operations,operating,0.0,0.0
own:3,3,operations,operating,0.0,0.0
own:3,4,operations,operating,0.0,0.0
own:3,5,operations,operating,0.0,0.0
own:3,6,operations,operating,0.0,0.0
own:3,7,operations,operating,3000.0,2837.759078342676
own:3,8,operations,operating,3000.0,2815.309405790092
own:3,9,operations,operating,3000.0,2793.037333866668
own:3,10,operations,operating,3000.0,2770.9414575637834
own:3,11,operations,operating,3000.0,2749.020382987919
own:3,12,operations,operating,3000.0,2727.272727272727
own:3,13,operations,operating,3000.0,2705.6971184917934
own:3,14,operations,operating,3000.0,2684.292195572091
own:3,15,operations,operating,3000.0,2663.0566082081195
own:3,16,operations,operating,3000.0,2641.9890167767207
own:3,17,operations,operating,3000.0,2621.088092252571
own:3,18,operations,operating,3000.0,2600.3525161243424
own:3,19,operations,operating,3000.0,2579.7809803115233
own:3,20,operations,operating,3000.0,2559.3721870819018
own:3,21,operations,operating,3000.0,2539.124848969698
own:3,22,operations,operating,3000.0,2519.0376886943486
own:3,23,operations,operating,3000.0,2499.1094390799262
own:3,24,operations,operating,3000.0,2479.3388429752063
own:3,25,operations,operating,3000.0,2459.724653174357
own:3,26,operations,operating,3000.0,2440.2656323382644
own:3,27,operations,operating,3000.0,2420.960552916472
own:3,28,operations,operating,3000.0,2401.808197069746
own:3,29,operations,operating,3000.0,2382.8073565932464
own:3,30,operations,operating,3000.0,2363.956832840311
own:3,31,operations,operating,3000.0,2345.2554366468394
own:3,32,operations,operating,3000.0,2326.701988256274
own:3,33,operations,operating,3000.0,2308.29531724518
own:3,34,operations,operating,3000.0,2290.0342624494074
own:3,35,operations,operating,3000.0,2271.917671890842
own:3,36,operations,operating,3000.0,2253.9444027047325
own:3,0,precommission,capital,0.0,0.0
own:3,1,precommission,operating,0.0,0.0
own:3,2,precommission,operating,0.0,0.0
own:3,3,precommission,operating,0.0,0.0
own:3,4,precommission,operating,0.0,0.0
own:3,5,precommission,operating,0.0,0.0
own:3,6,precommission,operating,0.0,0.0
own:3,7,precommission,operating,0.0,0.0
own:3,8,precommission,operating,0.0,0.0
own:3,9,precommission,operating,0.0,0.0
own:3,10,precommission,operating,0.0,0.0
own:3,11,precommission,operating,0.0,0.0
own:3,12,precommission,operating,0.0,0.0
own:3,13,precommission,operating,0.0,0.0
own:3,14,precommission,operating,0.0,0.0
own:3,15,precommission,operating,0.0,0.0
own:3,16,precommission,operating,0.0,0.0
own:3,17,precommission,operating,0.0,0.0
own:3,18,precommission,operating,0.0,0.0
own:3,19,precommission,operating,0.0,0.0
own:3,20,precommission,operating,0.0,0.0
own:3,21,precommission,operating,0.0,0.0
own:3,22,precommission,operating,0.0,0.0
own:3,23,precommission,operating,0.0,0.0
own:3,24,precommission,operating,0.0,0.0
own:3,25,precommission,operating,0.0,0.0
own:3,26,precommission,operating,0.0,0.0
own:3,27,precommission,operating,0.0,0.0
own:3,28,precommission,operating,0.0,0.0
own:3,29,precommission,operating,0.0,0.0
own:3,30,precommission,operating,0.0,0.0
own:3,31,precommission,operating,0.0,0.0
own:3,32,precommission,operating,0.0,0.0
own:3,33,precommission,operating,0.0,0.0
own:3,34,precommission,operating,0.0,0.0
own:3,35,precommission,operating,0.0,0.0
own:3,36,precommission,operating,0.0,0.0
own:3,0,electricity,capital,0.0,0.0
own:3,1,electricity,operating,0.0,0.0
own:3,2,electricity,operating,0.0,0.0
own:3,3,electricity,operating,0.0,0.0
own:3,4,electricity,operating,0.0,0.0
own:3,5,electricity,operating,0.0,0.0
own:3,6,electricity,operating,0.0,0.0
own:3,7,electricity,operating,2656.7999999999997,2513.1194397802733
own:3,8,electricity,operating,2745.36,2576.345943426629
own:3,9,electricity,operating,2656.7999999999997,2473.513862872321
own:3,10,electricity,operating,2745.36,2535.7439466457695
own:3,11,electricity,operating,2745.36,2515.6835328799048
own:3,12,electricity,operating,2656.7999999999997,2415.272727272727
own:3,13,electricity,operating,2745.36,2476.03754707421
own:3,14,electricity,operating,2656.7999999999997,2377.209168398643
own:3,15,electricity,operating,2745.36,2437.0163633034144
own:3,16,electricity,operating,2745.36,2417.7369890327127
own:3,17,electricity,operating,2568.2400000000002,2243.8610940155813
own:3,18,electricity,operating,2745.36,2379.634594555708
own:3,19,electricity,operating,2656.7999999999997,2284.654036163885
own:3,20,electricity,operating,2745.36,2342.1326758423897
own:3,21,electricity,operating,2656.7999999999997,2248.6489662475647
own:3,22,electricity,operating,2745.36,2305.221769677972
own:3,23,electricity,operating,2745.36,2286.9850298908223
own:3,24,electricity,operating,2656.7999999999997,2195.7024793388423
own:3,25,electricity,operating,2745.36,2250.9432246129177
own:3,26,electricity,operating,2656.7999999999997,2161.0992439987667
own:3,27,electricity,operating,2745.36,2215.469421184922
own:3,28,electricity,operating,2745.36,2197.9427173024656
own:3,29,electricity,operating,2479.6800000000003,1969.533248665714
own:3,30,electricity,operating,2745.36,2163.3041768688254
own:3,31,electricity,operating,2656.7999999999997,2076.958214694441
own:3,32,electricity,operating,2745.36,2129.2115234930816
own:3,33,electricity,operating,2656.7999999999997,2044.2263329523312
own:3,34,electricity,operating,2745.36,2095.656154252702
own:3,35,electricity,operating,2745.36,2079.077299900747
own:3,36,electricity,operating,2656.7999999999997,1996.093163035311
own:3,0,hosting,capital,0.0,0.0
own:3,1,hosting,operating,0.0,0.0
own:3,2,hosting,operating,0.0,0.0
own:3,3,hosting,operating,0.0,0.0
own:3,4,hosting,operating,0.0,0.0
own:3,5,hosting,operating,0.0,0.0
own:3,6,hosting,operating,0.0,0.0
own:3,7,hosting,operating,0.0,0.0
own:3,8,hosting,operating,0.0,0.0
own:3,9,hosting,operating,0.0,0.0
own:3,10,hosting,operating,0.0,0.0
own:3,11,hosting,operating,0.0,0.0
own:3,12,hosting,operating,0.0,0.0
own:3,13,hosting,operating,0.0,0.0
own:3,14,hosting,operating,0.0,0.0
own:3,15,hosting,operating,0.0,0.0
own:3,16,hosting,operating,0.0,0.0
own:3,17,hosting,operating,0.0,0.0
own:3,18,hosting,operating,0.0,0.0
own:3,19,hosting,operating,0.0,0.0
own:3,20,hosting,operating,0.0,0.0
own:3,21,hosting,operating,0.0,0.0
own:3,22,hosting,operating,0.0,0.0
own:3,23,hosting,operating,0.0,0.0
own:3,24,hosting,operating,0.0,0.0
own:3,25,hosting,operating,0.0,0.0
own:3,26,hosting,operating,0.0,0.0
own:3,27,hosting,operating,0.0,0.0
own:3,28,hosting,operating,0.0,0.0
own:3,29,hosting,operating,0.0,0.0
own:3,30,hosting,operating,0.0,0.0
own:3,31,hosting,operating,0.0,0.0
own:3,32,hosting,operating,0.0,0.0
own:3,33,hosting,operating,0.0,0.0
own:3,34,hosting,operating,0.0,0.0
own:3,35,hosting,operating,0.0,0.0
own:3,36,hosting,operating,0.0,0.0
own:3,0,exit,terminal,0.0,0.0
own:3,1,exit,terminal,0.0,0.0
own:3,2,exit,terminal,0.0,0.0
own:3,3,exit,terminal,0.0,0.0
own:3,4,exit,terminal,0.0,0.0
own:3,5,exit,terminal,0.0,0.0
own:3,6,exit,terminal,0.0,0.0
own:3,7,exit,terminal,0.0,0.0
own:3,8,exit,terminal,0.0,0.0
own:3,9,exit,terminal,0.0,0.0
own:3,10,exit,terminal,0.0,0.0
own:3,11,exit,terminal,0.0,0.0
own:3,12,exit,terminal,0.0,0.0
own:3,13,exit,terminal,0.0,0.0
own:3,14,exit,terminal,0.0,0.0
own:3,15,exit,terminal,0.0,0.0
own:3,16,exit,terminal,0.0,0.0
own:3,17,exit,terminal,0.0,0.0
own:3,18,exit,terminal,0.0,0.0
own:3,19,exit,terminal,0.0,0.0
own:3,20,exit,terminal,0.0,0.0
own:3,21,exit,terminal,0.0,0.0
own:3,22,exit,terminal,0.0,0.0
own:3,23,exit,terminal,0.0,0.0
own:3,24,exit,terminal,0.0,0.0
own:3,25,exit,terminal,0.0,0.0
own:3,26,exit,terminal,0.0,0.0
own:3,27,exit,terminal,0.0,0.0
own:3,28,exit,terminal,0.0,0.0
own:3,29,exit,terminal,0.0,0.0
own:3,30,exit,terminal,0.0,0.0
own:3,31,exit,terminal,0.0,0.0
own:3,32,exit,terminal,0.0,0.0
own:3,33,exit,terminal,0.0,0.0
own:3,34,exit,terminal,0.0,0.0
own:3,35,exit,terminal,0.0,0.0
own:3,36,exit,terminal,0.0,0.0
own:3,0,residual,terminal,0.0,0.0
own:3,1,residual,terminal,0.0,0.0
own:3,2,residual,terminal,0.0,0.0
own:3,3,residual,terminal,0.0,0.0
own:3,4,residual,terminal,0.0,0.0
own:3,5,residual,terminal,0.0,0.0
own:3,6,residual,terminal,0.0,0.0
own:3,7,residual,terminal,0.0,0.0
own:3,8,residual,terminal,0.0,0.0
own:3,9,residual,terminal,0.0,0.0
own:3,10,residual,terminal,0.0,0.0
own:3,11,residual,terminal,0.0,0.0
own:3,12,residual,terminal,0.0,0.0
own:3,13,residual,terminal,0.0,0.0
own:3,14,residual,terminal,0.0,0.0
own:3,15,residual,terminal,0.0,0.0
own:3,16,residual,terminal,0.0,0.0
own:3,17,residual,terminal,0.0,0.0
own:3,18,residual,terminal,0.0,0.0
own:3,19,residual,terminal,0.0,0.0
own:3,20,residual,terminal,0.0,0.0
own:3,21,residual,terminal,0.0,0.0
own:3,22,residual,terminal,0.0,0.0
own:3,23,residual,terminal,0.0,0.0
own:3,24,residual,terminal,0.0,0.0
own:3,25,residual,terminal,0.0,0.0
own:3,26,residual,terminal,0.0,0.0
own:3,27,residual,terminal,0.0,0.0
own:3,28,residual,terminal,0.0,0.0
own:3,29,residual,terminal,0.0,0.0
own:3,30,residual,terminal,0.0,0.0
own:3,31,residual,terminal,0.0,0.0
own:3,32,residual,terminal,0.0,0.0
own:3,33,residual,terminal,0.0,0.0
own:3,34,residual,terminal,0.0,0.0
own:3,35,residual,terminal,0.0,0.0
own:3,36,residual,terminal,0.0,0.0
own:4,0,on_demand,capital,0.0,0.0
own:4,1,on_demand,operating,204473.6,202855.99778680265
own:4,2,on_demand,operating,198144.0,195021.34402646002
own:4,3,on_demand,operating,204473.6,199659.08295083806
own:4,4,on_demand,operating,204473.6,198079.56865429203
own:4,5,on_demand,operating,184659.19999999998,177469.61108979152
own:4,6,on_demand,operating,204473.6,194957.92808836754
own:4,7,on_demand,operating,68249.59999999999,64558.64066441875
own:4,8,on_demand,operating,71276.8,66888.74848487308
own:4,9,on_demand,operating,70107.2,65270.6756576191
own:4,10,on_demand,operating,73203.2,67613.92723544438
own:4,11,on_demand,operating,74166.4,67961.6484442784
own:4,12,on_demand,operating,72996.8,66360.72727272728
own:4,13,on_demand,operating,76161.59999999999,68690.07388657484
own:4,14,on_demand,operating,74923.2,67038.58700909563
own:4,15,on_demand,operating,78156.8,69378.6609054668
own:4,16,on_demand,operating,79188.8,69738.64661724279
own:4,17,on_demand,operating,75129.59999999999,65640.43331189959
own:4,18,on_demand,operating,81184.0,70369.00622301287
own:4,19,on_demand,operating,79808.0,68629.05349223402
own:4,20,on_demand,operating,83248.0,71020.87194339804
own:4,21,on_demand,operating,81872.0,69294.40987828239
own:4,22,on_demand,operating,85312.0,71634.71443263075
own:4,23,on_demand,operating,86412.8,71985.01471244195
own:4,24,on_demand,operating,84899.2,70164.62809917354
own:4,25,on_demand,operating,88476.8,72542.85539799233
own:4,26,on_demand,operating,86825.59999999999,70625.84256238307
own:4,27,on_demand,operating,90678.4,73176.27646719366
own:4,28,on_demand,operating,91641.59999999999,73368.51535752893
own:4,29,on_demand,operating,83936.0,66667.77276100358
own:4,30,on_demand,operating,93843.2,73947.09128519996
own:4,31,on_demand,operating,92054.4,71963.69402242092
own:4,32,on_demand,operating,96044.8,74489.20904055874
own:4,33,on_demand,operating,94118.4,72417.68732886958
own:4,34,on_demand,operating,98246.4,74995.87405410316
own:4,35,on_demand,operating,99347.2,75236.21977762462
own:4,36,on_demand,operating,97420.8,73193.6889556724
own:4,0,variable_service,capital,0.0,0.0
own:4,1,variable_service,operating,0.0,0.0
own:4,2,variable_service,operating,0.0,0.0
own:4,3,variable_service,operating,0.0,0.0
own:4,4,variable_service,operating,0.0,0.0
own:4,5,variable_service,operating,0.0,0.0
own:4,6,variable_service,operating,0.0,0.0
own:4,7,variable_service,operating,0.0,0.0
own:4,8,variable_service,operating,0.0,0.0
own:4,9,variable_service,operating,0.0,0.0
own:4,10,variable_service,operating,0.0,0.0
own:4,11,variable_service,operating,0.0,0.0
own:4,12,variable_service,operating,0.0,0.0
own:4,13,variable_service,operating,0.0,0.0
own:4,14,variable_service,operating,0.0,0.0
own:4,15,variable_service,operating,0.0,0.0
own:4,16,variable_service,operating,0.0,0.0
own:4,17,variable_service,operating,0.0,0.0
own:4,18,variable_service,operating,0.0,0.0
own:4,19,variable_service,operating,0.0,0.0
own:4,20,variable_service,operating,0.0,0.0
own:4,21,variable_service,operating,0.0,0.0
own:4,22,variable_service,operating,0.0,0.0
own:4,23,variable_service,operating,0.0,0.0
own:4,24,variable_service,operating,0.0,0.0
own:4,25,variable_service,operating,0.0,0.0
own:4,26,variable_service,operating,0.0,0.0
own:4,27,variable_service,operating,0.0,0.0
own:4,28,variable_service,operating,0.0,0.0
own:4,29,variable_service,operating,0.0,0.0
own:4,30,variable_service,operating,0.0,0.0
own:4,31,variable_service,operating,0.0,0.0
own:4,32,variable_service,operating,0.0,0.0
own:4,33,variable_service,operating,0.0,0.0
own:4,34,variable_service,operating,0.0,0.0
own:4,35,variable_service,operating,0.0,0.0
own:4,36,variable_service,operating,0.0,0.0
own:4,0,node_acquisition,capital,1600000.0,1600000.0
own:4,1,node_acquisition,operating,0.0,0.0
own:4,2,node_acquisition,operating,0.0,0.0
own:4,3,node_acquisition,operating,0.0,0.0
own:4,4,node_acquisition,operating,0.0,0.0
own:4,5,node_acquisition,operating,0.0,0.0
own:4,6,node_acquisition,operating,0.0,0.0
own:4,7,node_acquisition,operating,0.0,0.0
own:4,8,node_acquisition,operating,0.0,0.0
own:4,9,node_acquisition,operating,0.0,0.0
own:4,10,node_acquisition,operating,0.0,0.0
own:4,11,node_acquisition,operating,0.0,0.0
own:4,12,node_acquisition,operating,0.0,0.0
own:4,13,node_acquisition,operating,0.0,0.0
own:4,14,node_acquisition,operating,0.0,0.0
own:4,15,node_acquisition,operating,0.0,0.0
own:4,16,node_acquisition,operating,0.0,0.0
own:4,17,node_acquisition,operating,0.0,0.0
own:4,18,node_acquisition,operating,0.0,0.0
own:4,19,node_acquisition,operating,0.0,0.0
own:4,20,node_acquisition,operating,0.0,0.0
own:4,21,node_acquisition,operating,0.0,0.0
own:4,22,node_acquisition,operating,0.0,0.0
own:4,23,node_acquisition,operating,0.0,0.0
own:4,24,node_acquisition,operating,0.0,0.0
own:4,25,node_acquisition,operating,0.0,0.0
own:4,26,node_acquisition,operating,0.0,0.0
own:4,27,node_acquisition,operating,0.0,0.0
own:4,28,node_acquisition,operating,0.0,0.0
own:4,29,node_acquisition,operating,0.0,0.0
own:4,30,node_acquisition,operating,0.0,0.0
own:4,31,node_acquisition,operating,0.0,0.0
own:4,32,node_acquisition,operating,0.0,0.0
own:4,33,node_acquisition,operating,0.0,0.0
own:4,34,node_acquisition,operating,0.0,0.0
own:4,35,node_acquisition,operating,0.0,0.0
own:4,36,node_acquisition,operating,0.0,0.0
own:4,0,installation,capital,50000.0,50000.0
own:4,1,installation,operating,0.0,0.0
own:4,2,installation,operating,0.0,0.0
own:4,3,installation,operating,0.0,0.0
own:4,4,installation,operating,0.0,0.0
own:4,5,installation,operating,0.0,0.0
own:4,6,installation,operating,0.0,0.0
own:4,7,installation,operating,0.0,0.0
own:4,8,installation,operating,0.0,0.0
own:4,9,installation,operating,0.0,0.0
own:4,10,installation,operating,0.0,0.0
own:4,11,installation,operating,0.0,0.0
own:4,12,installation,operating,0.0,0.0
own:4,13,installation,operating,0.0,0.0
own:4,14,installation,operating,0.0,0.0
own:4,15,installation,operating,0.0,0.0
own:4,16,installation,operating,0.0,0.0
own:4,17,installation,operating,0.0,0.0
own:4,18,installation,operating,0.0,0.0
own:4,19,installation,operating,0.0,0.0
own:4,20,installation,operating,0.0,0.0
own:4,21,installation,operating,0.0,0.0
own:4,22,installation,operating,0.0,0.0
own:4,23,installation,operating,0.0,0.0
own:4,24,installation,operating,0.0,0.0
own:4,25,installation,operating,0.0,0.0
own:4,26,installation,operating,0.0,0.0
own:4,27,installation,operating,0.0,0.0
own:4,28,installation,operating,0.0,0.0
own:4,29,installation,operating,0.0,0.0
own:4,30,installation,operating,0.0,0.0
own:4,31,installation,operating,0.0,0.0
own:4,32,installation,operating,0.0,0.0
own:4,33,installation,operating,0.0,0.0
own:4,34,installation,operating,0.0,0.0
own:4,35,installation,operating,0.0,0.0
own:4,36,installation,operating,0.0,0.0
own:4,0,network,capital,0.0,0.0
own:4,1,network,operating,0.0,0.0
own:4,2,network,operating,0.0,0.0
own:4,3,network,operating,0.0,0.0
own:4,4,network,operating,0.0,0.0
own:4,5,network,operating,0.0,0.0
own:4,6,network,operating,0.0,0.0
own:4,7,network,operating,0.0,0.0
own:4,8,network,operating,0.0,0.0
own:4,9,network,operating,0.0,0.0
own:4,10,network,operating,0.0,0.0
own:4,11,network,operating,0.0,0.0
own:4,12,network,operating,0.0,0.0
own:4,13,network,operating,0.0,0.0
own:4,14,network,operating,0.0,0.0
own:4,15,network,operating,0.0,0.0
own:4,16,network,operating,0.0,0.0
own:4,17,network,operating,0.0,0.0
own:4,18,network,operating,0.0,0.0
own:4,19,network,operating,0.0,0.0
own:4,20,network,operating,0.0,0.0
own:4,21,network,operating,0.0,0.0
own:4,22,network,operating,0.0,0.0
own:4,23,network,operating,0.0,0.0
own:4,24,network,operating,0.0,0.0
own:4,25,network,operating,0.0,0.0
own:4,26,network,operating,0.0,0.0
own:4,27,network,operating,0.0,0.0
own:4,28,network,operating,0.0,0.0
own:4,29,network,operating,0.0,0.0
own:4,30,network,operating,0.0,0.0
own:4,31,network,operating,0.0,0.0
own:4,32,network,operating,0.0,0.0
own:4,33,network,operating,0.0,0.0
own:4,34,network,operating,0.0,0.0
own:4,35,network,operating,0.0,0.0
own:4,36,network,operating,0.0,0.0
own:4,0,storage,capital,0.0,0.0
own:4,1,storage,operating,0.0,0.0
own:4,2,storage,operating,0.0,0.0
own:4,3,storage,operating,0.0,0.0
own:4,4,storage,operating,0.0,0.0
own:4,5,storage,operating,0.0,0.0
own:4,6,storage,operating,0.0,0.0
own:4,7,storage,operating,0.0,0.0
own:4,8,storage,operating,0.0,0.0
own:4,9,storage,operating,0.0,0.0
own:4,10,storage,operating,0.0,0.0
own:4,11,storage,operating,0.0,0.0
own:4,12,storage,operating,0.0,0.0
own:4,13,storage,operating,0.0,0.0
own:4,14,storage,operating,0.0,0.0
own:4,15,storage,operating,0.0,0.0
own:4,16,storage,operating,0.0,0.0
own:4,17,storage,operating,0.0,0.0
own:4,18,storage,operating,0.0,0.0
own:4,19,storage,operating,0.0,0.0
own:4,20,storage,operating,0.0,0.0
own:4,21,storage,operating,0.0,0.0
own:4,22,storage,operating,0.0,0.0
own:4,23,storage,operating,0.0,0.0
own:4,24,storage,operating,0.0,0.0
own:4,25,storage,operating,0.0,0.0
own:4,26,storage,operating,0.0,0.0
own:4,27,storage,operating,0.0,0.0
own:4,28,storage,operating,0.0,0.0
own:4,29,storage,operating,0.0,0.0
own:4,30,storage,operating,0.0,0.0
own:4,31,storage,operating,0.0,0.0
own:4,32,storage,operating,0.0,0.0
own:4,33,storage,operating,0.0,0.0
own:4,34,storage,operating,0.0,0.0
own:4,35,storage,operating,0.0,0.0
own:4,36,storage,operating,0.0,0.0
own:4,0,operations,capital,0.0,0.0
own:4,1,operations,operating,0.0,0.0
own:4,2,operations,operating,0.0,0.0
own:4,3,operations,operating,0.0,0.0
own:4,4,operations,operating,0.0,0.0
own:4,5,operations,operating,0.0,0.0
own:4,6,operations,operating,0.0,0.0
own:4,7,operations,operating,3333.3333333333335,3153.065642602973
own:4,8,operations,operating,3333.3333333333335,3128.1215619889913
own:4,9,operations,operating,3333.3333333333335,3103.374815407409
own:4,10,operations,operating,3333.3333333333335,3078.8238417375374
own:4,11,operations,operating,3333.3333333333335,3054.4670922087994
own:4,12,operations,operating,3333.3333333333335,3030.3030303030305
own:4,13,operations,operating,3333.3333333333335,3006.3301316575485
own:4,14,operations,operating,3333.3333333333335,2982.54688396899
own:4,15,operations,operating,3333.3333333333335,2958.9517868979106
own:4,16,operations,operating,3333.3333333333335,2935.543351974134
own:4,17,operations,operating,3333.3333333333335,2912.320102502857
own:4,18,operations,operating,3333.3333333333335,2889.2805734714916
own:4,19,operations,operating,3333.3333333333335,2866.4233114572485
own:4,20,operations,operating,3333.3333333333335,2843.7468745354463
own:4,21,operations,operating,3333.3333333333335,2821.2498321885537
own:4,22,operations,operating,3333.3333333333335,2798.9307652159428
own:4,23,operations,operating,3333.3333333333335,2776.7882656443626
own:4,24,operations,operating,3333.3333333333335,2754.8209366391184
own:4,25,operations,operating,3333.3333333333335,2733.0273924159524
own:4,26,operations,operating,3333.3333333333335,2711.4062581536273
own:4,27,operations,operating,3333.3333333333335,2689.956169907191
own:4,28,operations,operating,3333.3333333333335,2668.6757745219397
own:4,29,operations,operating,3333.3333333333335,2647.5637295480515
own:4,30,operations,operating,3333.3333333333335,2626.618703155901
own:4,31,operations,operating,3333.3333333333335,2605.8393740520437
own:4,32,operations,operating,3333.3333333333335,2585.2244313958604
own:4,33,operations,operating,3333.3333333333335,2564.772574716867
own:4,34,operations,operating,3333.3333333333335,2544.482513832675
own:4,35,operations,operating,3333.3333333333335,2524.3529687676023
own:4,36,operations,operating,3333.3333333333335,2504.382669671925
own:4,0,precommission,capital,0.0,0.0
own:4,1,precommission,operating,0.0,0.0
own:4,2,precommission,operating,0.0,0.0
own:4,3,precommission,operating,0.0,0.0
own:4,4,precommission,operating,0.0,0.0
own:4,5,precommission,operating,0.0,0.0
own:4,6,precommission,operating,0.0,0.0
own:4,7,precommission,operating,0.0,0.0
own:4,8,precommission,operating,0.0,0.0
own:4,9,precommission,operating,0.0,0.0
own:4,10,precommission,operating,0.0,0.0
own:4,11,precommission,operating,0.0,0.0
own:4,12,precommission,operating,0.0,0.0
own:4,13,precommission,operating,0.0,0.0
own:4,14,precommission,operating,0.0,0.0
own:4,15,precommission,operating,0.0,0.0
own:4,16,precommission,operating,0.0,0.0
own:4,17,precommission,operating,0.0,0.0
own:4,18,precommission,operating,0.0,0.0
own:4,19,precommission,operating,0.0,0.0
own:4,20,precommission,operating,0.0,0.0
own:4,21,precommission,operating,0.0,0.0
own:4,22,precommission,operating,0.0,0.0
own:4,23,precommission,operating,0.0,0.0
own:4,24,precommission,operating,0.0,0.0
own:4,25,precommission,operating,0.0,0.0
own:4,26,precommission,operating,0.0,0.0
own:4,27,precommission,operating,0.0,0.0
own:4,28,precommission,operating,0.0,0.0
own:4,29,precommission,operating,0.0,0.0
own:4,30,precommission,operating,0.0,0.0
own:4,31,precommission,operating,0.0,0.0
own:4,32,precommission,operating,0.0,0.0
own:4,33,precommission,operating,0.0,0.0
own:4,34,precommission,operating,0.0,0.0
own:4,35,precommission,operating,0.0,0.0
own:4,36,precommission,operating,0.0,0.0
own:4,0,electricity,capital,0.0,0.0
own:4,1,electricity,operating,0.0,0.0
own:4,2,electricity,operating,0.0,0.0
own:4,3,electricity,operating,0.0,0.0
own:4,4,electricity,operating,0.0,0.0
own:4,5,electricity,operating,0.0,0.0
own:4,6,electricity,operating,0.0,0.0
own:4,7,electricity,operating,3542.4,3350.8259197070315
own:4,8,electricity,operating,3660.4800000000005,3435.1279245688393
own:4,9,electricity,operating,3542.4,3298.018483829762
own:4,10,electricity,operating,3660.4800000000005,3380.9919288610267
own:4,11,electricity,operating,3660.4800000000005,3354.24471050654
own:4,12,electricity,operating,3542.4,3220.3636363636365
own:4,13,electricity,operating,3660.4800000000005,3301.383396098947
own:4,14,electricity,operating,3542.4,3169.612224531525
own:4,15,electricity,operating,3660.4800000000005,3249.3551510712196
own:4,16,electricity,operating,3660.4800000000005,3223.6493187102838
own:4,17,electricity,operating,3424.3200000000006,2991.8147920207753
own:4,18,electricity,operating,3660.4800000000005,3172.846126074278
own:4,19,electricity,operating,3542.4,3046.205381551847
own:4,20,electricity,operating,3660.4800000000005,3122.8435677898533
own:4,21,electricity,operating,3542.4,2998.19862166342
own:4,22,electricity,operating,3660.4800000000005,3073.6290262372963
own:4,23,electricity,operating,3660.4800000000005,3049.3133731877633
own:4,24,electricity,operating,3542.4,2927.6033057851237
own:4,25,electricity,operating,3660.4800000000005,3001.257632817224
own:4,26,electricity,operating,3542.4,2881.465658665023
own:4,27,electricity,operating,3660.4800000000005,2953.959228246563
own:4,28,electricity,operating,3660.4800000000005,2930.5902897366213
own:4,29,electricity,operating,3306.24,2626.044331554285
own:4,30,electricity,operating,3660.4800000000005,2884.4055691584344
own:4,31,electricity,operating,3542.4,2769.2776195925876
own:4,32,electricity,operating,3660.4800000000005,2838.948697990776
own:4,33,electricity,operating,3542.4,2725.6351106031084
own:4,34,electricity,operating,3660.4800000000005,2794.2082056702693
own:4,35,electricity,operating,3660.4800000000005,2772.10306653433
own:4,36,electricity,operating,3542.4,2661.4575507137483
own:4,0,hosting,capital,0.0,0.0
own:4,1,hosting,operating,0.0,0.0
own:4,2,hosting,operating,0.0,0.0
own:4,3,hosting,operating,0.0,0.0
own:4,4,hosting,operating,0.0,0.0
own:4,5,hosting,operating,0.0,0.0
own:4,6,hosting,operating,0.0,0.0
own:4,7,hosting,operating,0.0,0.0
own:4,8,hosting,operating,0.0,0.0
own:4,9,hosting,operating,0.0,0.0
own:4,10,hosting,operating,0.0,0.0
own:4,11,hosting,operating,0.0,0.0
own:4,12,hosting,operating,0.0,0.0
own:4,13,hosting,operating,0.0,0.0
own:4,14,hosting,operating,0.0,0.0
own:4,15,hosting,operating,0.0,0.0
own:4,16,hosting,operating,0.0,0.0
own:4,17,hosting,operating,0.0,0.0
own:4,18,hosting,operating,0.0,0.0
own:4,19,hosting,operating,0.0,0.0
own:4,20,hosting,operating,0.0,0.0
own:4,21,hosting,operating,0.0,0.0
own:4,22,hosting,operating,0.0,0.0
own:4,23,hosting,operating,0.0,0.0
own:4,24,hosting,operating,0.0,0.0
own:4,25,hosting,operating,0.0,0.0
own:4,26,hosting,operating,0.0,0.0
own:4,27,hosting,operating,0.0,0.0
own:4,28,hosting,operating,0.0,0.0
own:4,29,hosting,operating,0.0,0.0
own:4,30,hosting,operating,0.0,0.0
own:4,31,hosting,operating,0.0,0.0
own:4,32,hosting,operating,0.0,0.0
own:4,33,hosting,operating,0.0,0.0
own:4,34,hosting,operating,0.0,0.0
own:4,35,hosting,operating,0.0,0.0
own:4,36,hosting,operating,0.0,0.0
own:4,0,exit,terminal,0.0,0.0
own:4,1,exit,terminal,0.0,0.0
own:4,2,exit,terminal,0.0,0.0
own:4,3,exit,terminal,0.0,0.0
own:4,4,exit,terminal,0.0,0.0
own:4,5,exit,terminal,0.0,0.0
own:4,6,exit,terminal,0.0,0.0
own:4,7,exit,terminal,0.0,0.0
own:4,8,exit,terminal,0.0,0.0
own:4,9,exit,terminal,0.0,0.0
own:4,10,exit,terminal,0.0,0.0
own:4,11,exit,terminal,0.0,0.0
own:4,12,exit,terminal,0.0,0.0
own:4,13,exit,terminal,0.0,0.0
own:4,14,exit,terminal,0.0,0.0
own:4,15,exit,terminal,0.0,0.0
own:4,16,exit,terminal,0.0,0.0
own:4,17,exit,terminal,0.0,0.0
own:4,18,exit,terminal,0.0,0.0
own:4,19,exit,terminal,0.0,0.0
own:4,20,exit,terminal,0.0,0.0
own:4,21,exit,terminal,0.0,0.0
own:4,22,exit,terminal,0.0,0.0
own:4,23,exit,terminal,0.0,0.0
own:4,24,exit,terminal,0.0,0.0
own:4,25,exit,terminal,0.0,0.0
own:4,26,exit,terminal,0.0,0.0
own:4,27,exit,terminal,0.0,0.0
own:4,28,exit,terminal,0.0,0.0
own:4,29,exit,terminal,0.0,0.0
own:4,30,exit,terminal,0.0,0.0
own:4,31,exit,terminal,0.0,0.0
own:4,32,exit,terminal,0.0,0.0
own:4,33,exit,terminal,0.0,0.0
own:4,34,exit,terminal,0.0,0.0
own:4,35,exit,terminal,0.0,0.0
own:4,36,exit,terminal,0.0,0.0
own:4,0,residual,terminal,0.0,0.0
own:4,1,residual,terminal,0.0,0.0
own:4,2,residual,terminal,0.0,0.0
own:4,3,residual,terminal,0.0,0.0
own:4,4,residual,terminal,0.0,0.0
own:4,5,residual,terminal,0.0,0.0
own:4,6,residual,terminal,0.0,0.0
own:4,7,residual,terminal,0.0,0.0
own:4,8,residual,terminal,0.0,0.0
own:4,9,residual,terminal,0.0,0.0
own:4,10,residual,terminal,0.0,0.0
own:4,11,residual,terminal,0.0,0.0
own:4,12,residual,terminal,0.0,0.0
own:4,13,residual,terminal,0.0,0.0
own:4,14,residual,terminal,0.0,0.0
own:4,15,residual,terminal,0.0,0.0
own:4,16,residual,terminal,0.0,0.0
own:4,17,residual,terminal,0.0,0.0
own:4,18,residual,terminal,0.0,0.0
own:4,19,residual,terminal,0.0,0.0
own:4,20,residual,terminal,0.0,0.0
own:4,21,residual,terminal,0.0,0.0
own:4,22,residual,terminal,0.0,0.0
own:4,23,residual,terminal,0.0,0.0
own:4,24,residual,terminal,0.0,0.0
own:4,25,residual,terminal,0.0,0.0
own:4,26,residual,terminal,0.0,0.0
own:4,27,residual,terminal,0.0,0.0
own:4,28,residual,terminal,0.0,0.0
own:4,29,residual,terminal,0.0,0.0
own:4,30,residual,terminal,0.0,0.0
own:4,31,residual,terminal,0.0,0.0
own:4,32,residual,terminal,0.0,0.0
own:4,33,residual,terminal,0.0,0.0
own:4,34,residual,terminal,0.0,0.0
own:4,35,residual,terminal,0.0,0.0
own:4,36,residual,terminal,0.0,0.0
own:5,0,on_demand,capital,0.0,0.0
own:5,1,on_demand,operating,204473.6,202855.99778680265
own:5,2,on_demand,operating,198144.0,195021.34402646002
own:5,3,on_demand,operating,204473.6,199659.08295083806
own:5,4,on_demand,operating,204473.6,198079.56865429203
own:5,5,on_demand,operating,184659.19999999998,177469.61108979152
own:5,6,on_demand,operating,204473.6,194957.92808836754
own:5,7,on_demand,operating,39628.799999999996,37485.662321275406
own:5,8,on_demand,operating,40729.6,38222.141991356046
own:5,9,on_demand,operating,39628.799999999996,36894.90596544514
own:5,10,on_demand,operating,40729.6,37619.77906332996
own:5,11,on_demand,operating,40729.6,37322.16686364825
own:5,12,on_demand,operating,39628.799999999996,36026.181818181816
own:5,13,on_demand,operating,40729.6,36733.987119107784
own:5,14,on_demand,operating,39628.799999999996,35458.42618662909
own:5,15,on_demand,operating,40729.6,36155.07680989114
own:5,16,on_demand,operating,40729.6,35869.0519525697
own:5,17,on_demand,operating,38252.799999999996,33421.31952510638
own:5,18,on_demand,operating,40729.6,35303.772613579335
own:5,19,on_demand,operating,40179.2,34551.17865471092
own:5,20,on_demand,operating,42312.0,36097.385326603144
own:5,21,on_demand,operating,42174.4,35695.35567679589
own:5,22,on_demand,operating,44376.0,37261.6054911668
own:5,23,on_demand,operating,45408.0,37826.52046991376
own:5,24,on_demand,operating,45201.6,37356.69421487603
own:5,25,on_demand,operating,47540.799999999996,38979.09259721049
own:5,26,on_demand,operating,47196.799999999996,38390.90966544753
own:5,27,on_demand,operating,49604.799999999996,40030.42134510366
own:5,28,on_demand,operating,50705.6,40595.04190577989
own:5,29,on_demand,operating,46852.799999999996,37213.73217233068
own:5,30,on_demand,operating,52838.399999999994,41635.89890544982
own:5,31,on_demand,operating,52425.6,40983.80780649084
own:5,32,on_demand,operating,55040.0,42687.225811208446
own:5,33,on_demand,operating,54489.6,41926.02950618765
own:5,34,on_demand,operating,57241.6,43695.07507914134
own:5,35,on_demand,operating,58342.399999999994,44183.04319350808
own:5,36,on_demand,operating,57723.2,43368.29451540194
own:5,0,variable_service,capital,0.0,0.0
own:5,1,variable_service,operating,0.0,0.0
own:5,2,variable_service,operating,0.0,0.0
own:5,3,variable_service,operating,0.0,0.0
own:5,4,variable_service,operating,0.0,0.0
own:5,5,variable_service,operating,0.0,0.0
own:5,6,variable_service,operating,0.0,0.0
own:5,7,variable_service,operating,0.0,0.0
own:5,8,variable_service,operating,0.0,0.0
own:5,9,variable_service,operating,0.0,0.0
own:5,10,variable_service,operating,0.0,0.0
own:5,11,variable_service,operating,0.0,0.0
own:5,12,variable_service,operating,0.0,0.0
own:5,13,variable_service,operating,0.0,0.0
own:5,14,variable_service,operating,0.0,0.0
own:5,15,variable_service,operating,0.0,0.0
own:5,16,variable_service,operating,0.0,0.0
own:5,17,variable_service,operating,0.0,0.0
own:5,18,variable_service,operating,0.0,0.0
own:5,19,variable_service,operating,0.0,0.0
own:5,20,variable_service,operating,0.0,0.0
own:5,21,variable_service,operating,0.0,0.0
own:5,22,variable_service,operating,0.0,0.0
own:5,23,variable_service,operating,0.0,0.0
own:5,24,variable_service,operating,0.0,0.0
own:5,25,variable_service,operating,0.0,0.0
own:5,26,variable_service,operating,0.0,0.0
own:5,27,variable_service,operating,0.0,0.0
own:5,28,variable_service,operating,0.0,0.0
own:5,29,variable_service,operating,0.0,0.0
own:5,30,variable_service,operating,0.0,0.0
own:5,31,variable_service,operating,0.0,0.0
own:5,32,variable_service,operating,0.0,0.0
own:5,33,variable_service,operating,0.0,0.0
own:5,34,variable_service,operating,0.0,0.0
own:5,35,variable_service,operating,0.0,0.0
own:5,36,variable_service,operating,0.0,0.0
own:5,0,node_acquisition,capital,2000000.0,2000000.0
own:5,1,node_acquisition,operating,0.0,0.0
own:5,2,node_acquisition,operating,0.0,0.0
own:5,3,node_acquisition,operating,0.0,0.0
own:5,4,node_acquisition,operating,0.0,0.0
own:5,5,node_acquisition,operating,0.0,0.0
own:5,6,node_acquisition,operating,0.0,0.0
own:5,7,node_acquisition,operating,0.0,0.0
own:5,8,node_acquisition,operating,0.0,0.0
own:5,9,node_acquisition,operating,0.0,0.0
own:5,10,node_acquisition,operating,0.0,0.0
own:5,11,node_acquisition,operating,0.0,0.0
own:5,12,node_acquisition,operating,0.0,0.0
own:5,13,node_acquisition,operating,0.0,0.0
own:5,14,node_acquisition,operating,0.0,0.0
own:5,15,node_acquisition,operating,0.0,0.0
own:5,16,node_acquisition,operating,0.0,0.0
own:5,17,node_acquisition,operating,0.0,0.0
own:5,18,node_acquisition,operating,0.0,0.0
own:5,19,node_acquisition,operating,0.0,0.0
own:5,20,node_acquisition,operating,0.0,0.0
own:5,21,node_acquisition,operating,0.0,0.0
own:5,22,node_acquisition,operating,0.0,0.0
own:5,23,node_acquisition,operating,0.0,0.0
own:5,24,node_acquisition,operating,0.0,0.0
own:5,25,node_acquisition,operating,0.0,0.0
own:5,26,node_acquisition,operating,0.0,0.0
own:5,27,node_acquisition,operating,0.0,0.0
own:5,28,node_acquisition,operating,0.0,0.0
own:5,29,node_acquisition,operating,0.0,0.0
own:5,30,node_acquisition,operating,0.0,0.0
own:5,31,node_acquisition,operating,0.0,0.0
own:5,32,node_acquisition,operating,0.0,0.0
own:5,33,node_acquisition,operating,0.0,0.0
own:5,34,node_acquisition,operating,0.0,0.0
own:5,35,node_acquisition,operating,0.0,0.0
own:5,36,node_acquisition,operating,0.0,0.0
own:5,0,installation,capital,50000.0,50000.0
own:5,1,installation,operating,0.0,0.0
own:5,2,installation,operating,0.0,0.0
own:5,3,installation,operating,0.0,0.0
own:5,4,installation,operating,0.0,0.0
own:5,5,installation,operating,0.0,0.0
own:5,6,installation,operating,0.0,0.0
own:5,7,installation,operating,0.0,0.0
own:5,8,installation,operating,0.0,0.0
own:5,9,installation,operating,0.0,0.0
own:5,10,installation,operating,0.0,0.0
own:5,11,installation,operating,0.0,0.0
own:5,12,installation,operating,0.0,0.0
own:5,13,installation,operating,0.0,0.0
own:5,14,installation,operating,0.0,0.0
own:5,15,installation,operating,0.0,0.0
own:5,16,installation,operating,0.0,0.0
own:5,17,installation,operating,0.0,0.0
own:5,18,installation,operating,0.0,0.0
own:5,19,installation,operating,0.0,0.0
own:5,20,installation,operating,0.0,0.0
own:5,21,installation,operating,0.0,0.0
own:5,22,installation,operating,0.0,0.0
own:5,23,installation,operating,0.0,0.0
own:5,24,installation,operating,0.0,0.0
own:5,25,installation,operating,0.0,0.0
own:5,26,installation,operating,0.0,0.0
own:5,27,installation,operating,0.0,0.0
own:5,28,installation,operating,0.0,0.0
own:5,29,installation,operating,0.0,0.0
own:5,30,installation,operating,0.0,0.0
own:5,31,installation,operating,0.0,0.0
own:5,32,installation,operating,0.0,0.0
own:5,33,installation,operating,0.0,0.0
own:5,34,installation,operating,0.0,0.0
own:5,35,installation,operating,0.0,0.0
own:5,36,installation,operating,0.0,0.0
own:5,0,network,capital,0.0,0.0
own:5,1,network,operating,0.0,0.0
own:5,2,network,operating,0.0,0.0
own:5,3,network,operating,0.0,0.0
own:5,4,network,operating,0.0,0.0
own:5,5,network,operating,0.0,0.0
own:5,6,network,operating,0.0,0.0
own:5,7,network,operating,0.0,0.0
own:5,8,network,operating,0.0,0.0
own:5,9,network,operating,0.0,0.0
own:5,10,network,operating,0.0,0.0
own:5,11,network,operating,0.0,0.0
own:5,12,network,operating,0.0,0.0
own:5,13,network,operating,0.0,0.0
own:5,14,network,operating,0.0,0.0
own:5,15,network,operating,0.0,0.0
own:5,16,network,operating,0.0,0.0
own:5,17,network,operating,0.0,0.0
own:5,18,network,operating,0.0,0.0
own:5,19,network,operating,0.0,0.0
own:5,20,network,operating,0.0,0.0
own:5,21,network,operating,0.0,0.0
own:5,22,network,operating,0.0,0.0
own:5,23,network,operating,0.0,0.0
own:5,24,network,operating,0.0,0.0
own:5,25,network,operating,0.0,0.0
own:5,26,network,operating,0.0,0.0
own:5,27,network,operating,0.0,0.0
own:5,28,network,operating,0.0,0.0
own:5,29,network,operating,0.0,0.0
own:5,30,network,operating,0.0,0.0
own:5,31,network,operating,0.0,0.0
own:5,32,network,operating,0.0,0.0
own:5,33,network,operating,0.0,0.0
own:5,34,network,operating,0.0,0.0
own:5,35,network,operating,0.0,0.0
own:5,36,network,operating,0.0,0.0
own:5,0,storage,capital,0.0,0.0
own:5,1,storage,operating,0.0,0.0
own:5,2,storage,operating,0.0,0.0
own:5,3,storage,operating,0.0,0.0
own:5,4,storage,operating,0.0,0.0
own:5,5,storage,operating,0.0,0.0
own:5,6,storage,operating,0.0,0.0
own:5,7,storage,operating,0.0,0.0
own:5,8,storage,operating,0.0,0.0
own:5,9,storage,operating,0.0,0.0
own:5,10,storage,operating,0.0,0.0
own:5,11,storage,operating,0.0,0.0
own:5,12,storage,operating,0.0,0.0
own:5,13,storage,operating,0.0,0.0
own:5,14,storage,operating,0.0,0.0
own:5,15,storage,operating,0.0,0.0
own:5,16,storage,operating,0.0,0.0
own:5,17,storage,operating,0.0,0.0
own:5,18,storage,operating,0.0,0.0
own:5,19,storage,operating,0.0,0.0
own:5,20,storage,operating,0.0,0.0
own:5,21,storage,operating,0.0,0.0
own:5,22,storage,operating,0.0,0.0
own:5,23,storage,operating,0.0,0.0
own:5,24,storage,operating,0.0,0.0
own:5,25,storage,operating,0.0,0.0
own:5,26,storage,operating,0.0,0.0
own:5,27,storage,operating,0.0,0.0
own:5,28,storage,operating,0.0,0.0
own:5,29,storage,operating,0.0,0.0
own:5,30,storage,operating,0.0,0.0
own:5,31,storage,operating,0.0,0.0
own:5,32,storage,operating,0.0,0.0
own:5,33,storage,operating,0.0,0.0
own:5,34,storage,operating,0.0,0.0
own:5,35,storage,operating,0.0,0.0
own:5,36,storage,operating,0.0,0.0
own:5,0,operations,capital,0.0,0.0
own:5,1,operations,operating,0.0,0.0
own:5,2,operations,operating,0.0,0.0
own:5,3,operations,operating,0.0,0.0
own:5,4,operations,operating,0.0,0.0
own:5,5,operations,operating,0.0,0.0
own:5,6,operations,operating,0.0,0.0
own:5,7,operations,operating,3666.6666666666665,3468.37220686327
own:5,8,operations,operating,3666.6666666666665,3440.9337181878905
own:5,9,operations,operating,3666.6666666666665,3413.71229694815
own:5,10,operations,operating,3666.6666666666665,3386.706225911291
own:5,11,operations,operating,3666.6666666666665,3359.9138014296786
own:5,12,operations,operating,3666.6666666666665,3333.333333333333
own:5,13,operations,operating,3666.6666666666665,3306.963144823303
own:5,14,operations,operating,3666.6666666666665,3280.8015723658887
own:5,15,operations,operating,3666.6666666666665,3254.8469655877016
own:5,16,operations,operating,3666.6666666666665,3229.0976871715475
own:5,17,operations,operating,3666.6666666666665,3203.5521127531424
own:5,18,operations,operating,3666.6666666666665,3178.2086308186404
own:5,19,operations,operating,3666.6666666666665,3153.065642602973
own:5,20,operations,operating,3666.6666666666665,3128.121561988991
own:5,21,operations,operating,3666.6666666666665,3103.374815407409
own:5,22,operations,operating,3666.6666666666665,3078.823841737537
own:5,23,operations,operating,3666.6666666666665,3054.4670922087985
own:5,24,operations,operating,3666.6666666666665,3030.30303030303
own:5,25,operations,operating,3666.6666666666665,3006.3301316575476
own:5,26,operations,operating,3666.6666666666665,2982.5468839689897
own:5,27,operations,operating,3666.6666666666665,2958.95178689791
own:5,28,operations,operating,3666.6666666666665,2935.543351974133
own:5,29,operations,operating,3666.6666666666665,2912.3201025028566
own:5,30,operations,operating,3666.6666666666665,2889.280573471491
own:5,31,operations,operating,3666.6666666666665,2866.423311457248
own:5,32,operations,operating,3666.6666666666665,2843.7468745354463
own:5,33,operations,operating,3666.6666666666665,2821.2498321885532
own:5,34,operations,operating,3666.6666666666665,2798.9307652159423
own:5,35,operations,operating,3666.6666666666665,2776.788265644362
own:5,36,operations,operating,3666.6666666666665,2754.8209366391175
own:5,0,precommission,capital,0.0,0.0
own:5,1,precommission,operating,0.0,0.0
own:5,2,precommission,operating,0.0,0.0
own:5,3,precommission,operating,0.0,0.0
own:5,4,precommission,operating,0.0,0.0
own:5,5,precommission,operating,0.0,0.0
own:5,6,precommission,operating,0.0,0.0
own:5,7,precommission,operating,0.0,0.0
own:5,8,precommission,operating,0.0,0.0
own:5,9,precommission,operating,0.0,0.0
own:5,10,precommission,operating,0.0,0.0
own:5,11,precommission,operating,0.0,0.0
own:5,12,precommission,operating,0.0,0.0
own:5,13,precommission,operating,0.0,0.0
own:5,14,precommission,operating,0.0,0.0
own:5,15,precommission,operating,0.0,0.0
own:5,16,precommission,operating,0.0,0.0
own:5,17,precommission,operating,0.0,0.0
own:5,18,precommission,operating,0.0,0.0
own:5,19,precommission,operating,0.0,0.0
own:5,20,precommission,operating,0.0,0.0
own:5,21,precommission,operating,0.0,0.0
own:5,22,precommission,operating,0.0,0.0
own:5,23,precommission,operating,0.0,0.0
own:5,24,precommission,operating,0.0,0.0
own:5,25,precommission,operating,0.0,0.0
own:5,26,precommission,operating,0.0,0.0
own:5,27,precommission,operating,0.0,0.0
own:5,28,precommission,operating,0.0,0.0
own:5,29,precommission,operating,0.0,0.0
own:5,30,precommission,operating,0.0,0.0
own:5,31,precommission,operating,0.0,0.0
own:5,32,precommission,operating,0.0,0.0
own:5,33,precommission,operating,0.0,0.0
own:5,34,precommission,operating,0.0,0.0
own:5,35,precommission,operating,0.0,0.0
own:5,36,precommission,operating,0.0,0.0
own:5,0,electricity,capital,0.0,0.0
own:5,1,electricity,operating,0.0,0.0
own:5,2,electricity,operating,0.0,0.0
own:5,3,electricity,operating,0.0,0.0
own:5,4,electricity,operating,0.0,0.0
own:5,5,electricity,operating,0.0,0.0
own:5,6,electricity,operating,0.0,0.0
own:5,7,electricity,operating,4270.621331288299,4039.6648176757517
own:5,8,electricity,operating,4426.744652542899,4154.218619111672
own:5,9,electricity,operating,4297.338170134464,4000.875315145277
own:5,10,electricity,operating,4454.490089684641,4114.377087271396
own:5,11,electricity,operating,4468.466940133064,4094.6355663778168
own:5,12,electricity,operating,4337.916459516512,3943.560417742284
own:5,13,electricity,operating,4496.630643207897,4055.506858083169
own:5,14,electricity,operating,4365.3079320231645,3905.920671066241
own:5,15,electricity,operating,4525.076687406056,4016.8451250150683
own:5,16,electricity,operating,4539.406470843085,3997.6873462175354
own:5,17,electricity,operating,4260.013844926508,3721.957187255987
own:5,18,electricity,operating,4568.281342713286,3959.7139612961273
own:5,19,electricity,operating,4428.0,3807.7567269398087
own:5,20,electricity,operating,4575.6,3903.554459737317
own:5,21,electricity,operating,4428.0,3747.748277079275
own:5,22,electricity,operating,4575.6,3842.0362827966205
own:5,23,electricity,operating,4575.6,3811.641716484704
own:5,24,electricity,operating,4428.0,3659.5041322314046
own:5,25,electricity,operating,4575.6,3751.57204102153
own:5,26,electricity,operating,4428.0,3601.8320733312785
own:5,27,electricity,operating,4575.6,3692.4490353082033
own:5,28,electricity,operating,4575.6,3663.237862170776
own:5,29,electricity,operating,4132.799999999999,3282.5554144428556
own:5,30,electricity,operating,4575.6,3605.5069614480426
own:5,31,electricity,operating,4428.0,3461.597024490735
own:5,32,electricity,operating,4575.6,3548.6858724884696
own:5,33,electricity,operating,4428.0,3407.0438882538856
own:5,34,electricity,operating,4575.6,3492.7602570878366
own:5,35,electricity,operating,4575.6,3465.1288331679125
own:5,36,electricity,operating,4428.0,3326.8219383921855
own:5,0,hosting,capital,0.0,0.0
own:5,1,hosting,operating,0.0,0.0
own:5,2,hosting,operating,0.0,0.0
own:5,3,hosting,operating,0.0,0.0
own:5,4,hosting,operating,0.0,0.0
own:5,5,hosting,operating,0.0,0.0
own:5,6,hosting,operating,0.0,0.0
own:5,7,hosting,operating,0.0,0.0
own:5,8,hosting,operating,0.0,0.0
own:5,9,hosting,operating,0.0,0.0
own:5,10,hosting,operating,0.0,0.0
own:5,11,hosting,operating,0.0,0.0
own:5,12,hosting,operating,0.0,0.0
own:5,13,hosting,operating,0.0,0.0
own:5,14,hosting,operating,0.0,0.0
own:5,15,hosting,operating,0.0,0.0
own:5,16,hosting,operating,0.0,0.0
own:5,17,hosting,operating,0.0,0.0
own:5,18,hosting,operating,0.0,0.0
own:5,19,hosting,operating,0.0,0.0
own:5,20,hosting,operating,0.0,0.0
own:5,21,hosting,operating,0.0,0.0
own:5,22,hosting,operating,0.0,0.0
own:5,23,hosting,operating,0.0,0.0
own:5,24,hosting,operating,0.0,0.0
own:5,25,hosting,operating,0.0,0.0
own:5,26,hosting,operating,0.0,0.0
own:5,27,hosting,operating,0.0,0.0
own:5,28,hosting,operating,0.0,0.0
own:5,29,hosting,operating,0.0,0.0
own:5,30,hosting,operating,0.0,0.0
own:5,31,hosting,operating,0.0,0.0
own:5,32,hosting,operating,0.0,0.0
own:5,33,hosting,operating,0.0,0.0
own:5,34,hosting,operating,0.0,0.0
own:5,35,hosting,operating,0.0,0.0
own:5,36,hosting,operating,0.0,0.0
own:5,0,exit,terminal,0.0,0.0
own:5,1,exit,terminal,0.0,0.0
own:5,2,exit,terminal,0.0,0.0
own:5,3,exit,terminal,0.0,0.0
own:5,4,exit,terminal,0.0,0.0
own:5,5,exit,terminal,0.0,0.0
own:5,6,exit,terminal,0.0,0.0
own:5,7,exit,terminal,0.0,0.0
own:5,8,exit,terminal,0.0,0.0
own:5,9,exit,terminal,0.0,0.0
own:5,10,exit,terminal,0.0,0.0
own:5,11,exit,terminal,0.0,0.0
own:5,12,exit,terminal,0.0,0.0
own:5,13,exit,terminal,0.0,0.0
own:5,14,exit,terminal,0.0,0.0
own:5,15,exit,terminal,0.0,0.0
own:5,16,exit,terminal,0.0,0.0
own:5,17,exit,terminal,0.0,0.0
own:5,18,exit,terminal,0.0,0.0
own:5,19,exit,terminal,0.0,0.0
own:5,20,exit,terminal,0.0,0.0
own:5,21,exit,terminal,0.0,0.0
own:5,22,exit,terminal,0.0,0.0
own:5,23,exit,terminal,0.0,0.0
own:5,24,exit,terminal,0.0,0.0
own:5,25,exit,terminal,0.0,0.0
own:5,26,exit,terminal,0.0,0.0
own:5,27,exit,terminal,0.0,0.0
own:5,28,exit,terminal,0.0,0.0
own:5,29,exit,terminal,0.0,0.0
own:5,30,exit,terminal,0.0,0.0
own:5,31,exit,terminal,0.0,0.0
own:5,32,exit,terminal,0.0,0.0
own:5,33,exit,terminal,0.0,0.0
own:5,34,exit,terminal,0.0,0.0
own:5,35,exit,terminal,0.0,0.0
own:5,36,exit,terminal,0.0,0.0
own:5,0,residual,terminal,0.0,0.0
own:5,1,residual,terminal,0.0,0.0
own:5,2,residual,terminal,0.0,0.0
own:5,3,residual,terminal,0.0,0.0
own:5,4,residual,terminal,0.0,0.0
own:5,5,residual,terminal,0.0,0.0
own:5,6,residual,terminal,0.0,0.0
own:5,7,residual,terminal,0.0,0.0
own:5,8,residual,terminal,0.0,0.0
own:5,9,residual,terminal,0.0,0.0
own:5,10,residual,terminal,0.0,0.0
own:5,11,residual,terminal,0.0,0.0
own:5,12,residual,terminal,0.0,0.0
own:5,13,residual,terminal,0.0,0.0
own:5,14,residual,terminal,0.0,0.0
own:5,15,residual,terminal,0.0,0.0
own:5,16,residual,terminal,0.0,0.0
own:5,17,residual,terminal,0.0,0.0
own:5,18,residual,terminal,0.0,0.0
own:5,19,residual,terminal,0.0,0.0
own:5,20,residual,terminal,0.0,0.0
own:5,21,residual,terminal,0.0,0.0
own:5,22,residual,terminal,0.0,0.0
own:5,23,residual,terminal,0.0,0.0
own:5,24,residual,terminal,0.0,0.0
own:5,25,residual,terminal,0.0,0.0
own:5,26,residual,terminal,0.0,0.0
own:5,27,residual,terminal,0.0,0.0
own:5,28,residual,terminal,0.0,0.0
own:5,29,residual,terminal,0.0,0.0
own:5,30,residual,terminal,0.0,0.0
own:5,31,residual,terminal,0.0,0.0
own:5,32,residual,terminal,0.0,0.0
own:5,33,residual,terminal,0.0,0.0
own:5,34,residual,terminal,0.0,0.0
own:5,35,residual,terminal,0.0,0.0
own:5,36,residual,terminal,0.0,0.0
own:6,0,on_demand,capital,0.0,0.0
own:6,1,on_demand,operating,204473.6,202855.99778680265
own:6,2,on_demand,operating,198144.0,195021.34402646002
own:6,3,on_demand,operating,204473.6,199659.08295083806
own:6,4,on_demand,operating,204473.6,198079.56865429203
own:6,5,on_demand,operating,184659.19999999998,177469.61108979152
own:6,6,on_demand,operating,204473.6,194957.92808836754
own:6,7,on_demand,operating,34124.799999999996,32279.320332209376
own:6,8,on_demand,operating,35776.0,33573.503100515445
own:6,9,on_demand,operating,35225.6,32795.47196928457
own:6,10,on_demand,operating,36876.799999999996,34061.15131409604
own:6,11,on_demand,operating,37427.2,34296.04522605515
own:6,12,on_demand,operating,36601.6,33274.181818181816
own:6,13,on_demand,operating,38252.799999999996,34500.16357808095
own:6,14,on_demand,operating,37702.4,33734.752691445734
own:6,15,on_demand,operating,39353.6,34933.621512259684
own:6,16,on_demand,operating,39904.0,35141.97657515275
own:6,17,on_demand,operating,37702.4,32940.43722978111
own:6,18,on_demand,operating,40729.6,35303.772613579335
own:6,19,on_demand,operating,39628.799999999996,34077.87483752309
own:6,20,on_demand,operating,40729.6,34747.401810323674
own:6,21,on_demand,operating,39628.799999999996,33540.82360495012
own:6,22,on_demand,operating,40729.6,34199.799148481776
own:6,23,on_demand,operating,40729.6,33929.24260331658
own:6,24,on_demand,operating,39628.799999999996,32751.074380165282
own:6,25,on_demand,operating,40729.6,33394.533744643435
own:6,26,on_demand,operating,39628.799999999996,32234.932896935537
own:6,27,on_demand,operating,40729.6,32868.25164535557
own:6,28,on_demand,operating,40729.6,32608.229047790635
own:6,29,on_demand,operating,36876.799999999996,29290.10344253927
own:6,30,on_demand,operating,40729.6,32094.338739617575
own:6,31,on_demand,operating,39628.799999999996,30979.886215930084
own:6,32,on_demand,operating,40729.6,31588.547100294247
own:6,33,on_demand,operating,39628.799999999996,30491.657822681926
own:6,34,on_demand,operating,40729.6,31090.726498619795
own:6,35,on_demand,operating,40729.6,30844.766003015076
own:6,36,on_demand,operating,39628.799999999996,29773.703981968432
own:6,0,variable_service,capital,0.0,0.0
own:6,1,variable_service,operating,0.0,0.0
own:6,2,variable_service,operating,0.0,0.0
own:6,3,variable_service,operating,0.0,0.0
own:6,4,variable_service,operating,0.0,0.0
own:6,5,variable_service,operating,0.0,0.0
own:6,6,variable_service,operating,0.0,0.0
own:6,7,variable_service,operating,0.0,0.0
own:6,8,variable_service,operating,0.0,0.0
own:6,9,variable_service,operating,0.0,0.0
own:6,10,variable_service,operating,0.0,0.0
own:6,11,variable_service,operating,0.0,0.0
own:6,12,variable_service,operating,0.0,0.0
own:6,13,variable_service,operating,0.0,0.0
own:6,14,variable_service,operating,0.0,0.0
own:6,15,variable_service,operating,0.0,0.0
own:6,16,variable_service,operating,0.0,0.0
own:6,17,variable_service,operating,0.0,0.0
own:6,18,variable_service,operating,0.0,0.0
own:6,19,variable_service,operating,0.0,0.0
own:6,20,variable_service,operating,0.0,0.0
own:6,21,variable_service,operating,0.0,0.0
own:6,22,variable_service,operating,0.0,0.0
own:6,23,variable_service,operating,0.0,0.0
own:6,24,variable_service,operating,0.0,0.0
own:6,25,variable_service,operating,0.0,0.0
own:6,26,variable_service,operating,0.0,0.0
own:6,27,variable_service,operating,0.0,0.0
own:6,28,variable_service,operating,0.0,0.0
own:6,29,variable_service,operating,0.0,0.0
own:6,30,variable_service,operating,0.0,0.0
own:6,31,variable_service,operating,0.0,0.0
own:6,32,variable_service,operating,0.0,0.0
own:6,33,variable_service,operating,0.0,0.0
own:6,34,variable_service,operating,0.0,0.0
own:6,35,variable_service,operating,0.0,0.0
own:6,36,variable_service,operating,0.0,0.0
own:6,0,node_acquisition,capital,2400000.0,2400000.0
own:6,1,node_acquisition,operating,0.0,0.0
own:6,2,node_acquisition,operating,0.0,0.0
own:6,3,node_acquisition,operating,0.0,0.0
own:6,4,node_acquisition,operating,0.0,0.0
own:6,5,node_acquisition,operating,0.0,0.0
own:6,6,node_acquisition,operating,0.0,0.0
own:6,7,node_acquisition,operating,0.0,0.0
own:6,8,node_acquisition,operating,0.0,0.0
own:6,9,node_acquisition,operating,0.0,0.0
own:6,10,node_acquisition,operating,0.0,0.0
own:6,11,node_acquisition,operating,0.0,0.0
own:6,12,node_acquisition,operating,0.0,0.0
own:6,13,node_acquisition,operating,0.0,0.0
own:6,14,node_acquisition,operating,0.0,0.0
own:6,15,node_acquisition,operating,0.0,0.0
own:6,16,node_acquisition,operating,0.0,0.0
own:6,17,node_acquisition,operating,0.0,0.0
own:6,18,node_acquisition,operating,0.0,0.0
own:6,19,node_acquisition,operating,0.0,0.0
own:6,20,node_acquisition,operating,0.0,0.0
own:6,21,node_acquisition,operating,0.0,0.0
own:6,22,node_acquisition,operating,0.0,0.0
own:6,23,node_acquisition,operating,0.0,0.0
own:6,24,node_acquisition,operating,0.0,0.0
own:6,25,node_acquisition,operating,0.0,0.0
own:6,26,node_acquisition,operating,0.0,0.0
own:6,27,node_acquisition,operating,0.0,0.0
own:6,28,node_acquisition,operating,0.0,0.0
own:6,29,node_acquisition,operating,0.0,0.0
own:6,30,node_acquisition,operating,0.0,0.0
own:6,31,node_acquisition,operating,0.0,0.0
own:6,32,node_acquisition,operating,0.0,0.0
own:6,33,node_acquisition,operating,0.0,0.0
own:6,34,node_acquisition,operating,0.0,0.0
own:6,35,node_acquisition,operating,0.0,0.0
own:6,36,node_acquisition,operating,0.0,0.0
own:6,0,installation,capital,50000.0,50000.0
own:6,1,installation,operating,0.0,0.0
own:6,2,installation,operating,0.0,0.0
own:6,3,installation,operating,0.0,0.0
own:6,4,installation,operating,0.0,0.0
own:6,5,installation,operating,0.0,0.0
own:6,6,installation,operating,0.0,0.0
own:6,7,installation,operating,0.0,0.0
own:6,8,installation,operating,0.0,0.0
own:6,9,installation,operating,0.0,0.0
own:6,10,installation,operating,0.0,0.0
own:6,11,installation,operating,0.0,0.0
own:6,12,installation,operating,0.0,0.0
own:6,13,installation,operating,0.0,0.0
own:6,14,installation,operating,0.0,0.0
own:6,15,installation,operating,0.0,0.0
own:6,16,installation,operating,0.0,0.0
own:6,17,installation,operating,0.0,0.0
own:6,18,installation,operating,0.0,0.0
own:6,19,installation,operating,0.0,0.0
own:6,20,installation,operating,0.0,0.0
own:6,21,installation,operating,0.0,0.0
own:6,22,installation,operating,0.0,0.0
own:6,23,installation,operating,0.0,0.0
own:6,24,installation,operating,0.0,0.0
own:6,25,installation,operating,0.0,0.0
own:6,26,installation,operating,0.0,0.0
own:6,27,installation,operating,0.0,0.0
own:6,28,installation,operating,0.0,0.0
own:6,29,installation,operating,0.0,0.0
own:6,30,installation,operating,0.0,0.0
own:6,31,installation,operating,0.0,0.0
own:6,32,installation,operating,0.0,0.0
own:6,33,installation,operating,0.0,0.0
own:6,34,installation,operating,0.0,0.0
own:6,35,installation,operating,0.0,0.0
own:6,36,installation,operating,0.0,0.0
own:6,0,network,capital,0.0,0.0
own:6,1,network,operating,0.0,0.0
own:6,2,network,operating,0.0,0.0
own:6,3,network,operating,0.0,0.0
own:6,4,network,operating,0.0,0.0
own:6,5,network,operating,0.0,0.0
own:6,6,network,operating,0.0,0.0
own:6,7,network,operating,0.0,0.0
own:6,8,network,operating,0.0,0.0
own:6,9,network,operating,0.0,0.0
own:6,10,network,operating,0.0,0.0
own:6,11,network,operating,0.0,0.0
own:6,12,network,operating,0.0,0.0
own:6,13,network,operating,0.0,0.0
own:6,14,network,operating,0.0,0.0
own:6,15,network,operating,0.0,0.0
own:6,16,network,operating,0.0,0.0
own:6,17,network,operating,0.0,0.0
own:6,18,network,operating,0.0,0.0
own:6,19,network,operating,0.0,0.0
own:6,20,network,operating,0.0,0.0
own:6,21,network,operating,0.0,0.0
own:6,22,network,operating,0.0,0.0
own:6,23,network,operating,0.0,0.0
own:6,24,network,operating,0.0,0.0
own:6,25,network,operating,0.0,0.0
own:6,26,network,operating,0.0,0.0
own:6,27,network,operating,0.0,0.0
own:6,28,network,operating,0.0,0.0
own:6,29,network,operating,0.0,0.0
own:6,30,network,operating,0.0,0.0
own:6,31,network,operating,0.0,0.0
own:6,32,network,operating,0.0,0.0
own:6,33,network,operating,0.0,0.0
own:6,34,network,operating,0.0,0.0
own:6,35,network,operating,0.0,0.0
own:6,36,network,operating,0.0,0.0
own:6,0,storage,capital,0.0,0.0
own:6,1,storage,operating,0.0,0.0
own:6,2,storage,operating,0.0,0.0
own:6,3,storage,operating,0.0,0.0
own:6,4,storage,operating,0.0,0.0
own:6,5,storage,operating,0.0,0.0
own:6,6,storage,operating,0.0,0.0
own:6,7,storage,operating,0.0,0.0
own:6,8,storage,operating,0.0,0.0
own:6,9,storage,operating,0.0,0.0
own:6,10,storage,operating,0.0,0.0
own:6,11,storage,operating,0.0,0.0
own:6,12,storage,operating,0.0,0.0
own:6,13,storage,operating,0.0,0.0
own:6,14,storage,operating,0.0,0.0
own:6,15,storage,operating,0.0,0.0
own:6,16,storage,operating,0.0,0.0
own:6,17,storage,operating,0.0,0.0
own:6,18,storage,operating,0.0,0.0
own:6,19,storage,operating,0.0,0.0
own:6,20,storage,operating,0.0,0.0
own:6,21,storage,operating,0.0,0.0
own:6,22,storage,operating,0.0,0.0
own:6,23,storage,operating,0.0,0.0
own:6,24,storage,operating,0.0,0.0
own:6,25,storage,operating,0.0,0.0
own:6,26,storage,operating,0.0,0.0
own:6,27,storage,operating,0.0,0.0
own:6,28,storage,operating,0.0,0.0
own:6,29,storage,operating,0.0,0.0
own:6,30,storage,operating,0.0,0.0
own:6,31,storage,operating,0.0,0.0
own:6,32,storage,operating,0.0,0.0
own:6,33,storage,operating,0.0,0.0
own:6,34,storage,operating,0.0,0.0
own:6,35,storage,operating,0.0,0.0
own:6,36,storage,operating,0.0,0.0
own:6,0,operations,capital,0.0,0.0
own:6,1,operations,operating,0.0,0.0
own:6,2,operations,operating,0.0,0.0
own:6,3,operations,operating,0.0,0.0
own:6,4,operations,operating,0.0,0.0
own:6,5,operations,operating,0.0,0.0
own:6,6,operations,operating,0.0,0.0
own:6,7,operations,operating,4000.0,3783.678771123568
own:6,8,operations,operating,4000.0,3753.7458743867896
own:6,9,operations,operating,4000.0,3724.049778488891
own:6,10,operations,operating,4000.0,3694.588610085045
own:6,11,operations,operating,4000.0,3665.360510650559
own:6,12,operations,operating,4000.0,3636.363636363636
own:6,13,operations,operating,4000.0,3607.5961579890577
own:6,14,operations,operating,4000.0,3579.056260762788
own:6,15,operations,operating,4000.0,3550.7421442774926
own:6,16,operations,operating,4000.0,3522.652022368961
own:6,17,operations,operating,4000.0,3494.784123003428
own:6,18,operations,operating,4000.0,3467.1366881657896
own:6,19,operations,operating,4000.0,3439.707973748698
own:6,20,operations,operating,4000.0,3412.4962494425354
own:6,21,operations,operating,4000.0,3385.4997986262647
own:6,22,operations,operating,4000.0,3358.716918259131
own:6,23,operations,operating,4000.0,3332.145918773235
own:6,24,operations,operating,4000.0,3305.7851239669417
own:6,25,operations,operating,4000.0,3279.6328708991427
own:6,26,operations,operating,4000.0,3253.6875097843526
own:6,27,operations,operating,4000.0,3227.947403888629
own:6,28,operations,operating,4000.0,3202.4109294263276
own:6,29,operations,operating,4000.0,3177.0764754576617
own:6,30,operations,operating,4000.0,3151.942443787081
own:6,31,operations,operating,4000.0,3127.0072488624523
own:6,32,operations,operating,4000.0,3102.269317675032
own:6,33,operations,operating,4000.0,3077.72708966024
own:6,34,operations,operating,4000.0,3053.37901659921
own:6,35,operations,operating,4000.0,3029.2235625211224
own:6,36,operations,operating,4000.0,3005.25920360631
own:6,0,precommission,capital,0.0,0.0
own:6,1,precommission,operating,0.0,0.0
own:6,2,precommission,operating,0.0,0.0
own:6,3,precommission,operating,0.0,0.0
own:6,4,precommission,operating,0.0,0.0
own:6,5,precommission,operating,0.0,0.0
own:6,6,precommission,operating,0.0,0.0
own:6,7,precommission,operating,0.0,0.0
own:6,8,precommission,operating,0.0,0.0
own:6,9,precommission,operating,0.0,0.0
own:6,10,precommission,operating,0.0,0.0
own:6,11,precommission,operating,0.0,0.0
own:6,12,precommission,operating,0.0,0.0
own:6,13,precommission,operating,0.0,0.0
own:6,14,precommission,operating,0.0,0.0
own:6,15,precommission,operating,0.0,0.0
own:6,16,precommission,operating,0.0,0.0
own:6,17,precommission,operating,0.0,0.0
own:6,18,precommission,operating,0.0,0.0
own:6,19,precommission,operating,0.0,0.0
own:6,20,precommission,operating,0.0,0.0
own:6,21,precommission,operating,0.0,0.0
own:6,22,precommission,operating,0.0,0.0
own:6,23,precommission,operating,0.0,0.0
own:6,24,precommission,operating,0.0,0.0
own:6,25,precommission,operating,0.0,0.0
own:6,26,precommission,operating,0.0,0.0
own:6,27,precommission,operating,0.0,0.0
own:6,28,precommission,operating,0.0,0.0
own:6,29,precommission,operating,0.0,0.0
own:6,30,precommission,operating,0.0,0.0
own:6,31,precommission,operating,0.0,0.0
own:6,32,precommission,operating,0.0,0.0
own:6,33,precommission,operating,0.0,0.0
own:6,34,precommission,operating,0.0,0.0
own:6,35,precommission,operating,0.0,0.0
own:6,36,precommission,operating,0.0,0.0
own:6,0,electricity,capital,0.0,0.0
own:6,1,electricity,operating,0.0,0.0
own:6,2,electricity,operating,0.0,0.0
own:6,3,electricity,operating,0.0,0.0
own:6,4,electricity,operating,0.0,0.0
own:6,5,electricity,operating,0.0,0.0
own:6,6,electricity,operating,0.0,0.0
own:6,7,electricity,operating,4591.7413312883,4343.418549421553
own:6,8,electricity,operating,4758.568652542899,4465.614361867303
own:6,9,electricity,operating,4618.458170134465,4299.842031362366
own:6,10,electricity,operating,4786.314089684641,4420.865380009611
own:6,11,electricity,operating,4800.2909401330635,4398.699212899344
own:6,12,electricity,operating,4659.036459516512,4235.487690469557
own:6,13,electricity,operating,4828.454643207897,4354.778604965309
own:6,14,electricity,operating,4686.427932023164,4193.247307680278
own:6,15,electricity,operating,4856.900687406057,4311.400490335753
own:6,16,electricity,operating,4871.230470843086,4289.912467385175
own:6,17,electricity,operating,4570.429844926508,3993.1664143375447
own:6,18,electricity,operating,4900.1053427132865,4247.333752399609
own:6,19,electricity,operating,4756.114015574374,4089.9108258572787
own:6,20,electricity,operating,4929.269685173988,4205.278578286756
own:6,21,electricity,operating,4784.478690580508,4049.4629108729905
own:6,22,electricity,operating,4958.726400167856,4163.739563315494
own:6,23,electricity,operating,4973.565312168694,4143.161339173761
own:6,24,electricity,operating,4827.559760060844,3989.7188099676396
own:6,25,electricity,operating,5003.466090823185,4102.382964973239
own:6,26,electricity,operating,4856.640678655452,3950.497778912961
own:6,27,electricity,operating,5033.666624783687,4062.1027783778354
own:6,28,electricity,operating,5048.880237907605,4042.1473138099777
own:6,29,electricity,operating,4574.088959184516,3633.0576072189365
own:6,30,electricity,operating,5079.536048692629,4002.601316655205
own:6,31,electricity,operating,4930.624847357507,3854.5249097770616
own:6,32,electricity,operating,5110.499183980772,3963.5362041167095
own:6,33,electricity,operating,4960.738993452265,3816.950196220477
own:6,34,electricity,operating,5141.7727247001785,3924.945236430418
own:6,35,electricity,operating,5157.526868323679,3905.825478465466
own:6,36,electricity,operating,5006.477209030932,3761.44042752136
own:6,0,hosting,capital,0.0,0.0
own:6,1,hosting,operating,0.0,0.0
own:6,2,hosting,operating,0.0,0.0
own:6,3,hosting,operating,0.0,0.0
own:6,4,hosting,operating,0.0,0.0
own:6,5,hosting,operating,0.0,0.0
own:6,6,hosting,operating,0.0,0.0
own:6,7,hosting,operating,0.0,0.0
own:6,8,hosting,operating,0.0,0.0
own:6,9,hosting,operating,0.0,0.0
own:6,10,hosting,operating,0.0,0.0
own:6,11,hosting,operating,0.0,0.0
own:6,12,hosting,operating,0.0,0.0
own:6,13,hosting,operating,0.0,0.0
own:6,14,hosting,operating,0.0,0.0
own:6,15,hosting,operating,0.0,0.0
own:6,16,hosting,operating,0.0,0.0
own:6,17,hosting,operating,0.0,0.0
own:6,18,hosting,operating,0.0,0.0
own:6,19,hosting,operating,0.0,0.0
own:6,20,hosting,operating,0.0,0.0
own:6,21,hosting,operating,0.0,0.0
own:6,22,hosting,operating,0.0,0.0
own:6,23,hosting,operating,0.0,0.0
own:6,24,hosting,operating,0.0,0.0
own:6,25,hosting,operating,0.0,0.0
own:6,26,hosting,operating,0.0,0.0
own:6,27,hosting,operating,0.0,0.0
own:6,28,hosting,operating,0.0,0.0
own:6,29,hosting,operating,0.0,0.0
own:6,30,hosting,operating,0.0,0.0
own:6,31,hosting,operating,0.0,0.0
own:6,32,hosting,operating,0.0,0.0
own:6,33,hosting,operating,0.0,0.0
own:6,34,hosting,operating,0.0,0.0
own:6,35,hosting,operating,0.0,0.0
own:6,36,hosting,operating,0.0,0.0
own:6,0,exit,terminal,0.0,0.0
own:6,1,exit,terminal,0.0,0.0
own:6,2,exit,terminal,0.0,0.0
own:6,3,exit,terminal,0.0,0.0
own:6,4,exit,terminal,0.0,0.0
own:6,5,exit,terminal,0.0,0.0
own:6,6,exit,terminal,0.0,0.0
own:6,7,exit,terminal,0.0,0.0
own:6,8,exit,terminal,0.0,0.0
own:6,9,exit,terminal,0.0,0.0
own:6,10,exit,terminal,0.0,0.0
own:6,11,exit,terminal,0.0,0.0
own:6,12,exit,terminal,0.0,0.0
own:6,13,exit,terminal,0.0,0.0
own:6,14,exit,terminal,0.0,0.0
own:6,15,exit,terminal,0.0,0.0
own:6,16,exit,terminal,0.0,0.0
own:6,17,exit,terminal,0.0,0.0
own:6,18,exit,terminal,0.0,0.0
own:6,19,exit,terminal,0.0,0.0
own:6,20,exit,terminal,0.0,0.0
own:6,21,exit,terminal,0.0,0.0
own:6,22,exit,terminal,0.0,0.0
own:6,23,exit,terminal,0.0,0.0
own:6,24,exit,terminal,0.0,0.0
own:6,25,exit,terminal,0.0,0.0
own:6,26,exit,terminal,0.0,0.0
own:6,27,exit,terminal,0.0,0.0
own:6,28,exit,terminal,0.0,0.0
own:6,29,exit,terminal,0.0,0.0
own:6,30,exit,terminal,0.0,0.0
own:6,31,exit,terminal,0.0,0.0
own:6,32,exit,terminal,0.0,0.0
own:6,33,exit,terminal,0.0,0.0
own:6,34,exit,terminal,0.0,0.0
own:6,35,exit,terminal,0.0,0.0
own:6,36,exit,terminal,0.0,0.0
own:6,0,residual,terminal,0.0,0.0
own:6,1,residual,terminal,0.0,0.0
own:6,2,residual,terminal,0.0,0.0
own:6,3,residual,terminal,0.0,0.0
own:6,4,residual,terminal,0.0,0.0
own:6,5,residual,terminal,0.0,0.0
own:6,6,residual,terminal,0.0,0.0
own:6,7,residual,terminal,0.0,0.0
own:6,8,residual,terminal,0.0,0.0
own:6,9,residual,terminal,0.0,0.0
own:6,10,residual,terminal,0.0,0.0
own:6,11,residual,terminal,0.0,0.0
own:6,12,residual,terminal,0.0,0.0
own:6,13,residual,terminal,0.0,0.0
own:6,14,residual,terminal,0.0,0.0
own:6,15,residual,terminal,0.0,0.0
own:6,16,residual,terminal,0.0,0.0
own:6,17,residual,terminal,0.0,0.0
own:6,18,residual,terminal,0.0,0.0
own:6,19,residual,terminal,0.0,0.0
own:6,20,residual,terminal,0.0,0.0
own:6,21,residual,terminal,0.0,0.0
own:6,22,residual,terminal,0.0,0.0
own:6,23,residual,terminal,0.0,0.0
own:6,24,residual,terminal,0.0,0.0
own:6,25,residual,terminal,0.0,0.0
own:6,26,residual,terminal,0.0,0.0
own:6,27,residual,terminal,0.0,0.0
own:6,28,residual,terminal,0.0,0.0
own:6,29,residual,terminal,0.0,0.0
own:6,30,residual,terminal,0.0,0.0
own:6,31,residual,terminal,0.0,0.0
own:6,32,residual,terminal,0.0,0.0
own:6,33,residual,terminal,0.0,0.0
own:6,34,residual,terminal,0.0,0.0
own:6,35,residual,terminal,0.0,0.0
own:6,36,residual,terminal,0.0,0.0
own:7,0,on_demand,capital,0.0,0.0
own:7,1,on_demand,operating,204473.6,202855.99778680265
own:7,2,on_demand,operating,198144.0,195021.34402646002
own:7,3,on_demand,operating,204473.6,199659.08295083806
own:7,4,on_demand,operating,204473.6,198079.56865429203
own:7,5,on_demand,operating,184659.19999999998,177469.61108979152
own:7,6,on_demand,operating,204473.6,194957.92808836754
own:7,7,on_demand,operating,24355.2,23038.06330161718
own:7,8,on_demand,operating,25593.6,24017.967602676432
own:7,9,on_demand,operating,25180.8,23443.638165543267
own:7,10,on_demand,operating,26625.6,24592.65962417009
own:7,11,on_demand,operating,27038.399999999998,24776.370907793516
own:7,12,on_demand,operating,26625.6,24205.090909090908
own:7,13,on_demand,operating,28070.399999999998,25316.66679830401
own:7,14,on_demand,operating,27657.6,24747.02660941822
own:7,15,on_demand,operating,29102.399999999998,25833.779544905323
own:7,16,on_demand,operating,29515.199999999997,25992.944742656084
own:7,17,on_demand,operating,28070.399999999998,24524.997061588856
own:7,18,on_demand,operating,30547.199999999997,26477.8294601845
own:7,19,on_demand,operating,29996.8,25795.058036736234
own:7,20,on_demand,operating,31648.0,26999.67032558934
own:7,21,on_demand,operating,31097.6,26320.22963444003
own:7,22,on_demand,operating,32748.8,27498.487153171158
own:7,23,on_demand,operating,33299.2,27739.448344603425
own:7,24,on_demand,operating,32748.8,27065.123966942145
own:7,25,on_demand,operating,34124.799999999996,27979.203948214763
own:7,26,on_demand,operating,33574.4,27310.151482125944
own:7,27,on_demand,operating,35225.6,28426.59601760482
own:7,28,on_demand,operating,35776.0,28642.363352789074
own:7,29,on_demand,operating,32748.8,26011.36051986697
own:7,30,on_demand,operating,36876.799999999996,29058.387777761858
own:7,31,on_demand,operating,36326.4,28398.22903126925
own:7,32,on_demand,operating,37977.6,29454.185809733826
own:7,33,on_demand,operating,37152.0,28585.929208764308
own:7,34,on_demand,operating,39078.4,29830.291640567644
own:7,35,on_demand,operating,39628.799999999996,30011.123678609263
own:7,36,on_demand,operating,38803.2,29153.418482344092
own:7,0,variable_service,capital,0.0,0.0
own:7,1,variable_service,operating,0.0,0.0
own:7,2,variable_service,operating,0.0,0.0
own:7,3,variable_service,operating,0.0,0.0
own:7,4,variable_service,operating,0.0,0.0
own:7,5,variable_service,operating,0.0,0.0
own:7,6,variable_service,operating,0.0,0.0
own:7,7,variable_service,operating,0.0,0.0
own:7,8,variable_service,operating,0.0,0.0
own:7,9,variable_service,operating,0.0,0.0
own:7,10,variable_service,operating,0.0,0.0
own:7,11,variable_service,operating,0.0,0.0
own:7,12,variable_service,operating,0.0,0.0
own:7,13,variable_service,operating,0.0,0.0
own:7,14,variable_service,operating,0.0,0.0
own:7,15,variable_service,operating,0.0,0.0
own:7,16,variable_service,operating,0.0,0.0
own:7,17,variable_service,operating,0.0,0.0
own:7,18,variable_service,operating,0.0,0.0
own:7,19,variable_service,operating,0.0,0.0
own:7,20,variable_service,operating,0.0,0.0
own:7,21,variable_service,operating,0.0,0.0
own:7,22,variable_service,operating,0.0,0.0
own:7,23,variable_service,operating,0.0,0.0
own:7,24,variable_service,operating,0.0,0.0
own:7,25,variable_service,operating,0.0,0.0
own:7,26,variable_service,operating,0.0,0.0
own:7,27,variable_service,operating,0.0,0.0
own:7,28,variable_service,operating,0.0,0.0
own:7,29,variable_service,operating,0.0,0.0
own:7,30,variable_service,operating,0.0,0.0
own:7,31,variable_service,operating,0.0,0.0
own:7,32,variable_service,operating,0.0,0.0
own:7,33,variable_service,operating,0.0,0.0
own:7,34,variable_service,operating,0.0,0.0
own:7,35,variable_service,operating,0.0,0.0
own:7,36,variable_service,operating,0.0,0.0
own:7,0,node_acquisition,capital,2800000.0,2800000.0
own:7,1,node_acquisition,operating,0.0,0.0
own:7,2,node_acquisition,operating,0.0,0.0
own:7,3,node_acquisition,operating,0.0,0.0
own:7,4,node_acquisition,operating,0.0,0.0
own:7,5,node_acquisition,operating,0.0,0.0
own:7,6,node_acquisition,operating,0.0,0.0
own:7,7,node_acquisition,operating,0.0,0.0
own:7,8,node_acquisition,operating,0.0,0.0
own:7,9,node_acquisition,operating,0.0,0.0
own:7,10,node_acquisition,operating,0.0,0.0
own:7,11,node_acquisition,operating,0.0,0.0
own:7,12,node_acquisition,operating,0.0,0.0
own:7,13,node_acquisition,operating,0.0,0.0
own:7,14,node_acquisition,operating,0.0,0.0
own:7,15,node_acquisition,operating,0.0,0.0
own:7,16,node_acquisition,operating,0.0,0.0
own:7,17,node_acquisition,operating,0.0,0.0
own:7,18,node_acquisition,operating,0.0,0.0
own:7,19,node_acquisition,operating,0.0,0.0
own:7,20,node_acquisition,operating,0.0,0.0
own:7,21,node_acquisition,operating,0.0,0.0
own:7,22,node_acquisition,operating,0.0,0.0
own:7,23,node_acquisition,operating,0.0,0.0
own:7,24,node_acquisition,operating,0.0,0.0
own:7,25,node_acquisition,operating,0.0,0.0
own:7,26,node_acquisition,operating,0.0,0.0
own:7,27,node_acquisition,operating,0.0,0.0
own:7,28,node_acquisition,operating,0.0,0.0
own:7,29,node_acquisition,operating,0.0,0.0
own:7,30,node_acquisition,operating,0.0,0.0
own:7,31,node_acquisition,operating,0.0,0.0
own:7,32,node_acquisition,operating,0.0,0.0
own:7,33,node_acquisition,operating,0.0,0.0
own:7,34,node_acquisition,operating,0.0,0.0
own:7,35,node_acquisition,operating,0.0,0.0
own:7,36,node_acquisition,operating,0.0,0.0
own:7,0,installation,capital,50000.0,50000.0
own:7,1,installation,operating,0.0,0.0
own:7,2,installation,operating,0.0,0.0
own:7,3,installation,operating,0.0,0.0
own:7,4,installation,operating,0.0,0.0
own:7,5,installation,operating,0.0,0.0
own:7,6,installation,operating,0.0,0.0
own:7,7,installation,operating,0.0,0.0
own:7,8,installation,operating,0.0,0.0
own:7,9,installation,operating,0.0,0.0
own:7,10,installation,operating,0.0,0.0
own:7,11,installation,operating,0.0,0.0
own:7,12,installation,operating,0.0,0.0
own:7,13,installation,operating,0.0,0.0
own:7,14,installation,operating,0.0,0.0
own:7,15,installation,operating,0.0,0.0
own:7,16,installation,operating,0.0,0.0
own:7,17,installation,operating,0.0,0.0
own:7,18,installation,operating,0.0,0.0
own:7,19,installation,operating,0.0,0.0
own:7,20,installation,operating,0.0,0.0
own:7,21,installation,operating,0.0,0.0
own:7,22,installation,operating,0.0,0.0
own:7,23,installation,operating,0.0,0.0
own:7,24,installation,operating,0.0,0.0
own:7,25,installation,operating,0.0,0.0
own:7,26,installation,operating,0.0,0.0
own:7,27,installation,operating,0.0,0.0
own:7,28,installation,operating,0.0,0.0
own:7,29,installation,operating,0.0,0.0
own:7,30,installation,operating,0.0,0.0
own:7,31,installation,operating,0.0,0.0
own:7,32,installation,operating,0.0,0.0
own:7,33,installation,operating,0.0,0.0
own:7,34,installation,operating,0.0,0.0
own:7,35,installation,operating,0.0,0.0
own:7,36,installation,operating,0.0,0.0
own:7,0,network,capital,0.0,0.0
own:7,1,network,operating,0.0,0.0
own:7,2,network,operating,0.0,0.0
own:7,3,network,operating,0.0,0.0
own:7,4,network,operating,0.0,0.0
own:7,5,network,operating,0.0,0.0
own:7,6,network,operating,0.0,0.0
own:7,7,network,operating,0.0,0.0
own:7,8,network,operating,0.0,0.0
own:7,9,network,operating,0.0,0.0
own:7,10,network,operating,0.0,0.0
own:7,11,network,operating,0.0,0.0
own:7,12,network,operating,0.0,0.0
own:7,13,network,operating,0.0,0.0
own:7,14,network,operating,0.0,0.0
own:7,15,network,operating,0.0,0.0
own:7,16,network,operating,0.0,0.0
own:7,17,network,operating,0.0,0.0
own:7,18,network,operating,0.0,0.0
own:7,19,network,operating,0.0,0.0
own:7,20,network,operating,0.0,0.0
own:7,21,network,operating,0.0,0.0
own:7,22,network,operating,0.0,0.0
own:7,23,network,operating,0.0,0.0
own:7,24,network,operating,0.0,0.0
own:7,25,network,operating,0.0,0.0
own:7,26,network,operating,0.0,0.0
own:7,27,network,operating,0.0,0.0
own:7,28,network,operating,0.0,0.0
own:7,29,network,operating,0.0,0.0
own:7,30,network,operating,0.0,0.0
own:7,31,network,operating,0.0,0.0
own:7,32,network,operating,0.0,0.0
own:7,33,network,operating,0.0,0.0
own:7,34,network,operating,0.0,0.0
own:7,35,network,operating,0.0,0.0
own:7,36,network,operating,0.0,0.0
own:7,0,storage,capital,0.0,0.0
own:7,1,storage,operating,0.0,0.0
own:7,2,storage,operating,0.0,0.0
own:7,3,storage,operating,0.0,0.0
own:7,4,storage,operating,0.0,0.0
own:7,5,storage,operating,0.0,0.0
own:7,6,storage,operating,0.0,0.0
own:7,7,storage,operating,0.0,0.0
own:7,8,storage,operating,0.0,0.0
own:7,9,storage,operating,0.0,0.0
own:7,10,storage,operating,0.0,0.0
own:7,11,storage,operating,0.0,0.0
own:7,12,storage,operating,0.0,0.0
own:7,13,storage,operating,0.0,0.0
own:7,14,storage,operating,0.0,0.0
own:7,15,storage,operating,0.0,0.0
own:7,16,storage,operating,0.0,0.0
own:7,17,storage,operating,0.0,0.0
own:7,18,storage,operating,0.0,0.0
own:7,19,storage,operating,0.0,0.0
own:7,20,storage,operating,0.0,0.0
own:7,21,storage,operating,0.0,0.0
own:7,22,storage,operating,0.0,0.0
own:7,23,storage,operating,0.0,0.0
own:7,24,storage,operating,0.0,0.0
own:7,25,storage,operating,0.0,0.0
own:7,26,storage,operating,0.0,0.0
own:7,27,storage,operating,0.0,0.0
own:7,28,storage,operating,0.0,0.0
own:7,29,storage,operating,0.0,0.0
own:7,30,storage,operating,0.0,0.0
own:7,31,storage,operating,0.0,0.0
own:7,32,storage,operating,0.0,0.0
own:7,33,storage,operating,0.0,0.0
own:7,34,storage,operating,0.0,0.0
own:7,35,storage,operating,0.0,0.0
own:7,36,storage,operating,0.0,0.0
own:7,0,operations,capital,0.0,0.0
own:7,1,operations,operating,0.0,0.0
own:7,2,operations,operating,0.0,0.0
own:7,3,operations,operating,0.0,0.0
own:7,4,operations,operating,0.0,0.0
own:7,5,operations,operating,0.0,0.0
own:7,6,operations,operating,0.0,0.0
own:7,7,operations,operating,4333.333333333333,4098.985335383864
own:7,8,operations,operating,4333.333333333333,4066.5580305856884
own:7,9,operations,operating,4333.333333333333,4034.3872600296318
own:7,10,operations,operating,4333.333333333333,4002.4709942587983
own:7,11,operations,operating,4333.333333333333,3970.8072198714385
own:7,12,operations,operating,4333.333333333333,3939.393939393939
own:7,13,operations,operating,4333.333333333333,3908.2291711548123
own:7,14,operations,operating,4333.333333333333,3877.3109491596865
own:7,15,operations,operating,4333.333333333333,3846.6373229672836
own:7,16,operations,operating,4333.333333333333,3816.2063575663738
own:7,17,operations,operating,4333.333333333333,3786.016133253713
own:7,18,operations,operating,4333.333333333333,3756.0647455129388
own:7,19,operations,operating,4333.333333333333,3726.3503048944226
own:7,20,operations,operating,4333.333333333333,3696.87093689608
own:7,21,operations,operating,4333.333333333333,3667.6247818451197
own:7,22,operations,operating,4333.333333333333,3638.609994780725
own:7,23,operations,operating,4333.333333333333,3609.824745337671
own:7,24,operations,operating,4333.333333333333,3581.2672176308533
own:7,25,operations,operating,4333.333333333333,3552.935610140738
own:7,26,operations,operating,4333.333333333333,3524.828135599715
own:7,27,operations,operating,4333.333333333333,3496.943020879348
own:7,28,operations,operating,4333.333333333333,3469.278506878521
own:7,29,operations,operating,4333.333333333333,3441.832848412467
own:7,30,operations,operating,4333.333333333333,3414.604314102671
own:7,31,operations,operating,4333.333333333333,3387.591186267656
own:7,32,operations,operating,4333.333333333333,3360.791760814618
own:7,33,operations,operating,4333.333333333333,3334.2043471319266
own:7,34,operations,operating,4333.333333333333,3307.827267982477
own:7,35,operations,operating,4333.333333333333,3281.6588593978827
own:7,36,operations,operating,4333.333333333333,3255.6974705735024
own:7,0,precommission,capital,0.0,0.0
own:7,1,precommission,operating,0.0,0.0
own:7,2,precommission,operating,0.0,0.0
own:7,3,precommission,operating,0.0,0.0
own:7,4,precommission,operating,0.0,0.0
own:7,5,precommission,operating,0.0,0.0
own:7,6,precommission,operating,0.0,0.0
own:7,7,precommission,operating,0.0,0.0
own:7,8,precommission,operating,0.0,0.0
own:7,9,precommission,operating,0.0,0.0
own:7,10,precommission,operating,0.0,0.0
own:7,11,precommission,operating,0.0,0.0
own:7,12,precommission,operating,0.0,0.0
own:7,13,precommission,operating,0.0,0.0
own:7,14,precommission,operating,0.0,0.0
own:7,15,precommission,operating,0.0,0.0
own:7,16,precommission,operating,0.0,0.0
own:7,17,precommission,operating,0.0,0.0
own:7,18,precommission,operating,0.0,0.0
own:7,19,precommission,operating,0.0,0.0
own:7,20,precommission,operating,0.0,0.0
own:7,21,precommission,operating,0.0,0.0
own:7,22,precommission,operating,0.0,0.0
own:7,23,precommission,operating,0.0,0.0
own:7,24,precommission,operating,0.0,0.0
own:7,25,precommission,operating,0.0,0.0
own:7,26,precommission,operating,0.0,0.0
own:7,27,precommission,operating,0.0,0.0
own:7,28,precommission,operating,0.0,0.0
own:7,29,precommission,operating,0.0,0.0
own:7,30,precommission,operating,0.0,0.0
own:7,31,precommission,operating,0.0,0.0
own:7,32,precommission,operating,0.0,0.0
own:7,33,precommission,operating,0.0,0.0
own:7,34,precommission,operating,0.0,0.0
own:7,35,precommission,operating,0.0,0.0
own:7,36,precommission,operating,0.0,0.0
own:7,0,electricity,capital,0.0,0.0
own:7,1,electricity,operating,0.0,0.0
own:7,2,electricity,operating,0.0,0.0
own:7,3,electricity,operating,0.0,0.0
own:7,4,electricity,operating,0.0,0.0
own:7,5,electricity,operating,0.0,0.0
own:7,6,electricity,operating,0.0,0.0
own:7,7,electricity,operating,4912.8613312883,4647.172281167353
own:7,8,electricity,operating,5090.3926525429,4777.010104622934
own:7,9,electricity,operating,4939.578170134465,4598.808747579454
own:7,10,electricity,operating,5118.13808968464,4727.353672747825
own:7,11,electricity,operating,5132.114940133064,4702.762859420873
own:7,12,electricity,operating,4980.156459516512,4527.4149631968285
own:7,13,electricity,operating,5160.278643207897,4654.05035184745
own:7,14,electricity,operating,5007.547932023164,4480.573944294314
own:7,15,electricity,operating,5188.724687406056,4605.955855656435
own:7,16,electricity,operating,5203.054470843086,4582.137588552815
own:7,17,electricity,operating,4880.845844926508,4264.375641419103
own:7,18,electricity,operating,5231.929342713287,4534.953543503091
own:7,19,electricity,operating,5077.234015574374,4366.0505819898235
own:7,20,electricity,operating,5261.093685173987,4488.365617155509
own:7,21,electricity,operating,5105.5986905805075,4321.250834706707
own:7,22,electricity,operating,5290.550400167856,4442.365283986599
own:7,23,electricity,operating,5305.389312168694,4419.582836011514
own:7,24,electricity,operating,5148.679760060844,4255.107239719706
own:7,25,electricity,operating,5335.290090823186,4374.448189411549
own:7,26,electricity,operating,5177.7606786554525,4211.70381219845
own:7,27,electricity,operating,5365.490624783688,4329.880383214821
own:7,28,electricity,operating,5380.704237907605,4307.806514871468
own:7,29,electricity,operating,4873.8009591845175,3871.1095933720294
own:7,30,electricity,operating,5411.360048692629,4264.073854022006
own:7,31,electricity,operating,5251.744847357508,4105.56105171574
own:7,32,electricity,operating,5442.323183980771,4220.888057633759
own:7,33,electricity,operating,5281.858993452267,4064.0301269784027
own:7,34,electricity,operating,5473.596724700177,4178.241346131421
own:7,35,electricity,operating,5489.350868323679,4157.117748317968
own:7,36,electricity,operating,5327.5972090309315,4002.7026363868745
own:7,0,hosting,capital,0.0,0.0
own:7,1,hosting,operating,0.0,0.0
own:7,2,hosting,operating,0.0,0.0
own:7,3,hosting,operating,0.0,0.0
own:7,4,hosting,operating,0.0,0.0
own:7,5,hosting,operating,0.0,0.0
own:7,6,hosting,operating,0.0,0.0
own:7,7,hosting,operating,0.0,0.0
own:7,8,hosting,operating,0.0,0.0
own:7,9,hosting,operating,0.0,0.0
own:7,10,hosting,operating,0.0,0.0
own:7,11,hosting,operating,0.0,0.0
own:7,12,hosting,operating,0.0,0.0
own:7,13,hosting,operating,0.0,0.0
own:7,14,hosting,operating,0.0,0.0
own:7,15,hosting,operating,0.0,0.0
own:7,16,hosting,operating,0.0,0.0
own:7,17,hosting,operating,0.0,0.0
own:7,18,hosting,operating,0.0,0.0
own:7,19,hosting,operating,0.0,0.0
own:7,20,hosting,operating,0.0,0.0
own:7,21,hosting,operating,0.0,0.0
own:7,22,hosting,operating,0.0,0.0
own:7,23,hosting,operating,0.0,0.0
own:7,24,hosting,operating,0.0,0.0
own:7,25,hosting,operating,0.0,0.0
own:7,26,hosting,operating,0.0,0.0
own:7,27,hosting,operating,0.0,0.0
own:7,28,hosting,operating,0.0,0.0
own:7,29,hosting,operating,0.0,0.0
own:7,30,hosting,operating,0.0,0.0
own:7,31,hosting,operating,0.0,0.0
own:7,32,hosting,operating,0.0,0.0
own:7,33,hosting,operating,0.0,0.0
own:7,34,hosting,operating,0.0,0.0
own:7,35,hosting,operating,0.0,0.0
own:7,36,hosting,operating,0.0,0.0
own:7,0,exit,terminal,0.0,0.0
own:7,1,exit,terminal,0.0,0.0
own:7,2,exit,terminal,0.0,0.0
own:7,3,exit,terminal,0.0,0.0
own:7,4,exit,terminal,0.0,0.0
own:7,5,exit,terminal,0.0,0.0
own:7,6,exit,terminal,0.0,0.0
own:7,7,exit,terminal,0.0,0.0
own:7,8,exit,terminal,0.0,0.0
own:7,9,exit,terminal,0.0,0.0
own:7,10,exit,terminal,0.0,0.0
own:7,11,exit,terminal,0.0,0.0
own:7,12,exit,terminal,0.0,0.0
own:7,13,exit,terminal,0.0,0.0
own:7,14,exit,terminal,0.0,0.0
own:7,15,exit,terminal,0.0,0.0
own:7,16,exit,terminal,0.0,0.0
own:7,17,exit,terminal,0.0,0.0
own:7,18,exit,terminal,0.0,0.0
own:7,19,exit,terminal,0.0,0.0
own:7,20,exit,terminal,0.0,0.0
own:7,21,exit,terminal,0.0,0.0
own:7,22,exit,terminal,0.0,0.0
own:7,23,exit,terminal,0.0,0.0
own:7,24,exit,terminal,0.0,0.0
own:7,25,exit,terminal,0.0,0.0
own:7,26,exit,terminal,0.0,0.0
own:7,27,exit,terminal,0.0,0.0
own:7,28,exit,terminal,0.0,0.0
own:7,29,exit,terminal,0.0,0.0
own:7,30,exit,terminal,0.0,0.0
own:7,31,exit,terminal,0.0,0.0
own:7,32,exit,terminal,0.0,0.0
own:7,33,exit,terminal,0.0,0.0
own:7,34,exit,terminal,0.0,0.0
own:7,35,exit,terminal,0.0,0.0
own:7,36,exit,terminal,0.0,0.0
own:7,0,residual,terminal,0.0,0.0
own:7,1,residual,terminal,0.0,0.0
own:7,2,residual,terminal,0.0,0.0
own:7,3,residual,terminal,0.0,0.0
own:7,4,residual,terminal,0.0,0.0
own:7,5,residual,terminal,0.0,0.0
own:7,6,residual,terminal,0.0,0.0
own:7,7,residual,terminal,0.0,0.0
own:7,8,residual,terminal,0.0,0.0
own:7,9,residual,terminal,0.0,0.0
own:7,10,residual,terminal,0.0,0.0
own:7,11,residual,terminal,0.0,0.0
own:7,12,residual,terminal,0.0,0.0
own:7,13,residual,terminal,0.0,0.0
own:7,14,residual,terminal,0.0,0.0
own:7,15,residual,terminal,0.0,0.0
own:7,16,residual,terminal,0.0,0.0
own:7,17,residual,terminal,0.0,0.0
own:7,18,residual,terminal,0.0,0.0
own:7,19,residual,terminal,0.0,0.0
own:7,20,residual,terminal,0.0,0.0
own:7,21,residual,terminal,0.0,0.0
own:7,22,residual,terminal,0.0,0.0
own:7,23,residual,terminal,0.0,0.0
own:7,24,residual,terminal,0.0,0.0
own:7,25,residual,terminal,0.0,0.0
own:7,26,residual,terminal,0.0,0.0
own:7,27,residual,terminal,0.0,0.0
own:7,28,residual,terminal,0.0,0.0
own:7,29,residual,terminal,0.0,0.0
own:7,30,residual,terminal,0.0,0.0
own:7,31,residual,terminal,0.0,0.0
own:7,32,residual,terminal,0.0,0.0
own:7,33,residual,terminal,0.0,0.0
own:7,34,residual,terminal,0.0,0.0
own:7,35,residual,terminal,0.0,0.0
own:7,36,residual,terminal,0.0,0.0
own:8,0,on_demand,capital,0.0,0.0
own:8,1,on_demand,operating,204473.6,202855.99778680265
own:8,2,on_demand,operating,198144.0,195021.34402646002
own:8,3,on_demand,operating,204473.6,199659.08295083806
own:8,4,on_demand,operating,204473.6,198079.56865429203
own:8,5,on_demand,operating,184659.19999999998,177469.61108979152
own:8,6,on_demand,operating,204473.6,194957.92808836754
own:8,7,on_demand,operating,14310.4,13536.489171571675
own:8,8,on_demand,operating,15273.599999999999,14333.303246758516
own:8,9,on_demand,operating,15273.599999999999,14219.91167418198
own:8,10,on_demand,operating,16236.8,14997.074086057213
own:8,11,on_demand,operating,16787.2,15382.784991098266
own:8,12,on_demand,operating,16787.2,15261.09090909091
own:8,13,on_demand,operating,17750.399999999998,16009.068710692241
own:8,14,on_demand,operating,17750.399999999998,15882.420062760946
own:8,15,on_demand,operating,18713.6,16611.79204778782
own:8,16,on_demand,operating,19264.0,16965.092139728917
own:8,17,on_demand,operating,18438.399999999998,16109.5568933966
own:8,18,on_demand,operating,20227.2,17532.616804716767
own:8,19,on_demand,operating,20227.2,17393.915281652415
own:8,20,on_demand,operating,21259.2,18136.73506653719
own:8,21,on_demand,operating,21259.2,17993.254329738873
own:8,22,on_demand,operating,22291.2,18717.45764207449
own:8,23,on_demand,operating,22910.399999999998,19085.19896436558
own:8,24,on_demand,operating,22704.0,18763.63636363636
own:8,25,on_demand,operating,23942.399999999998,19630.57051205391
own:8,26,on_demand,operating,23736.0,19307.38168306035
own:8,27,on_demand,operating,24974.399999999998,20154.012410919044
own:8,28,on_demand,operating,25593.6,20490.30609084141
own:8,29,on_demand,operating,23529.6,18688.834659232147
own:8,30,on_demand,operating,26625.6,20980.589682824328
own:8,31,on_demand,operating,26212.8,20491.90390324542
own:8,32,on_demand,operating,27657.6,21450.330970132243
own:8,33,on_demand,operating,27244.8,20963.014753093827
own:8,34,on_demand,operating,28896.0,22057.610015912695
own:8,35,on_demand,operating,29308.8,22195.72688730477
own:8,36,on_demand,operating,28896.0,21709.992486851985
own:8,0,variable_service,capital,0.0,0.0
own:8,1,variable_service,operating,0.0,0.0
own:8,2,variable_service,operating,0.0,0.0
own:8,3,variable_service,operating,0.0,0.0
own:8,4,variable_service,operating,0.0,0.0
own:8,5,variable_service,operating,0.0,0.0
own:8,6,variable_service,operating,0.0,0.0
own:8,7,variable_service,operating,0.0,0.0
own:8,8,variable_service,operating,0.0,0.0
own:8,9,variable_service,operating,0.0,0.0
own:8,10,variable_service,operating,0.0,0.0
own:8,11,variable_service,operating,0.0,0.0
own:8,12,variable_service,operating,0.0,0.0
own:8,13,variable_service,operating,0.0,0.0
own:8,14,variable_service,operating,0.0,0.0
own:8,15,variable_service,operating,0.0,0.0
own:8,16,variable_service,operating,0.0,0.0
own:8,17,variable_service,operating,0.0,0.0
own:8,18,variable_service,operating,0.0,0.0
own:8,19,variable_service,operating,0.0,0.0
own:8,20,variable_service,operating,0.0,0.0
own:8,21,variable_service,operating,0.0,0.0
own:8,22,variable_service,operating,0.0,0.0
own:8,23,variable_service,operating,0.0,0.0
own:8,24,variable_service,operating,0.0,0.0
own:8,25,variable_service,operating,0.0,0.0
own:8,26,variable_service,operating,0.0,0.0
own:8,27,variable_service,operating,0.0,0.0
own:8,28,variable_service,operating,0.0,0.0
own:8,29,variable_service,operating,0.0,0.0
own:8,30,variable_service,operating,0.0,0.0
own:8,31,variable_service,operating,0.0,0.0
own:8,32,variable_service,operating,0.0,0.0
own:8,33,variable_service,operating,0.0,0.0
own:8,34,variable_service,operating,0.0,0.0
own:8,35,variable_service,operating,0.0,0.0
own:8,36,variable_service,operating,0.0,0.0
own:8,0,node_acquisition,capital,3200000.0,3200000.0
own:8,1,node_acquisition,operating,0.0,0.0
own:8,2,node_acquisition,operating,0.0,0.0
own:8,3,node_acquisition,operating,0.0,0.0
own:8,4,node_acquisition,operating,0.0,0.0
own:8,5,node_acquisition,operating,0.0,0.0
own:8,6,node_acquisition,operating,0.0,0.0
own:8,7,node_acquisition,operating,0.0,0.0
own:8,8,node_acquisition,operating,0.0,0.0
own:8,9,node_acquisition,operating,0.0,0.0
own:8,10,node_acquisition,operating,0.0,0.0
own:8,11,node_acquisition,operating,0.0,0.0
own:8,12,node_acquisition,operating,0.0,0.0
own:8,13,node_acquisition,operating,0.0,0.0
own:8,14,node_acquisition,operating,0.0,0.0
own:8,15,node_acquisition,operating,0.0,0.0
own:8,16,node_acquisition,operating,0.0,0.0
own:8,17,node_acquisition,operating,0.0,0.0
own:8,18,node_acquisition,operating,0.0,0.0
own:8,19,node_acquisition,operating,0.0,0.0
own:8,20,node_acquisition,operating,0.0,0.0
own:8,21,node_acquisition,operating,0.0,0.0
own:8,22,node_acquisition,operating,0.0,0.0
own:8,23,node_acquisition,operating,0.0,0.0
own:8,24,node_acquisition,operating,0.0,0.0
own:8,25,node_acquisition,operating,0.0,0.0
own:8,26,node_acquisition,operating,0.0,0.0
own:8,27,node_acquisition,operating,0.0,0.0
own:8,28,node_acquisition,operating,0.0,0.0
own:8,29,node_acquisition,operating,0.0,0.0
own:8,30,node_acquisition,operating,0.0,0.0
own:8,31,node_acquisition,operating,0.0,0.0
own:8,32,node_acquisition,operating,0.0,0.0
own:8,33,node_acquisition,operating,0.0,0.0
own:8,34,node_acquisition,operating,0.0,0.0
own:8,35,node_acquisition,operating,0.0,0.0
own:8,36,node_acquisition,operating,0.0,0.0
own:8,0,installation,capital,50000.0,50000.0
own:8,1,installation,operating,0.0,0.0
own:8,2,installation,operating,0.0,0.0
own:8,3,installation,operating,0.0,0.0
own:8,4,installation,operating,0.0,0.0
own:8,5,installation,operating,0.0,0.0
own:8,6,installation,operating,0.0,0.0
own:8,7,installation,operating,0.0,0.0
own:8,8,installation,operating,0.0,0.0
own:8,9,installation,operating,0.0,0.0
own:8,10,installation,operating,0.0,0.0
own:8,11,installation,operating,0.0,0.0
own:8,12,installation,operating,0.0,0.0
own:8,13,installation,operating,0.0,0.0
own:8,14,installation,operating,0.0,0.0
own:8,15,installation,operating,0.0,0.0
own:8,16,installation,operating,0.0,0.0
own:8,17,installation,operating,0.0,0.0
own:8,18,installation,operating,0.0,0.0
own:8,19,installation,operating,0.0,0.0
own:8,20,installation,operating,0.0,0.0
own:8,21,installation,operating,0.0,0.0
own:8,22,installation,operating,0.0,0.0
own:8,23,installation,operating,0.0,0.0
own:8,24,installation,operating,0.0,0.0
own:8,25,installation,operating,0.0,0.0
own:8,26,installation,operating,0.0,0.0
own:8,27,installation,operating,0.0,0.0
own:8,28,installation,operating,0.0,0.0
own:8,29,installation,operating,0.0,0.0
own:8,30,installation,operating,0.0,0.0
own:8,31,installation,operating,0.0,0.0
own:8,32,installation,operating,0.0,0.0
own:8,33,installation,operating,0.0,0.0
own:8,34,installation,operating,0.0,0.0
own:8,35,installation,operating,0.0,0.0
own:8,36,installation,operating,0.0,0.0
own:8,0,network,capital,0.0,0.0
own:8,1,network,operating,0.0,0.0
own:8,2,network,operating,0.0,0.0
own:8,3,network,operating,0.0,0.0
own:8,4,network,operating,0.0,0.0
own:8,5,network,operating,0.0,0.0
own:8,6,network,operating,0.0,0.0
own:8,7,network,operating,0.0,0.0
own:8,8,network,operating,0.0,0.0
own:8,9,network,operating,0.0,0.0
own:8,10,network,operating,0.0,0.0
own:8,11,network,operating,0.0,0.0
own:8,12,network,operating,0.0,0.0
own:8,13,network,operating,0.0,0.0
own:8,14,network,operating,0.0,0.0
own:8,15,network,operating,0.0,0.0
own:8,16,network,operating,0.0,0.0
own:8,17,network,operating,0.0,0.0
own:8,18,network,operating,0.0,0.0
own:8,19,network,operating,0.0,0.0
own:8,20,network,operating,0.0,0.0
own:8,21,network,operating,0.0,0.0
own:8,22,network,operating,0.0,0.0
own:8,23,network,operating,0.0,0.0
own:8,24,network,operating,0.0,0.0
own:8,25,network,operating,0.0,0.0
own:8,26,network,operating,0.0,0.0
own:8,27,network,operating,0.0,0.0
own:8,28,network,operating,0.0,0.0
own:8,29,network,operating,0.0,0.0
own:8,30,network,operating,0.0,0.0
own:8,31,network,operating,0.0,0.0
own:8,32,network,operating,0.0,0.0
own:8,33,network,operating,0.0,0.0
own:8,34,network,operating,0.0,0.0
own:8,35,network,operating,0.0,0.0
own:8,36,network,operating,0.0,0.0
own:8,0,storage,capital,0.0,0.0
own:8,1,storage,operating,0.0,0.0
own:8,2,storage,operating,0.0,0.0
own:8,3,storage,operating,0.0,0.0
own:8,4,storage,operating,0.0,0.0
own:8,5,storage,operating,0.0,0.0
own:8,6,storage,operating,0.0,0.0
own:8,7,storage,operating,0.0,0.0
own:8,8,storage,operating,0.0,0.0
own:8,9,storage,operating,0.0,0.0
own:8,10,storage,operating,0.0,0.0
own:8,11,storage,operating,0.0,0.0
own:8,12,storage,operating,0.0,0.0
own:8,13,storage,operating,0.0,0.0
own:8,14,storage,operating,0.0,0.0
own:8,15,storage,operating,0.0,0.0
own:8,16,storage,operating,0.0,0.0
own:8,17,storage,operating,0.0,0.0
own:8,18,storage,operating,0.0,0.0
own:8,19,storage,operating,0.0,0.0
own:8,20,storage,operating,0.0,0.0
own:8,21,storage,operating,0.0,0.0
own:8,22,storage,operating,0.0,0.0
own:8,23,storage,operating,0.0,0.0
own:8,24,storage,operating,0.0,0.0
own:8,25,storage,operating,0.0,0.0
own:8,26,storage,operating,0.0,0.0
own:8,27,storage,operating,0.0,0.0
own:8,28,storage,operating,0.0,0.0
own:8,29,storage,operating,0.0,0.0
own:8,30,storage,operating,0.0,0.0
own:8,31,storage,operating,0.0,0.0
own:8,32,storage,operating,0.0,0.0
own:8,33,storage,operating,0.0,0.0
own:8,34,storage,operating,0.0,0.0
own:8,35,storage,operating,0.0,0.0
own:8,36,storage,operating,0.0,0.0
own:8,0,operations,capital,0.0,0.0
own:8,1,operations,operating,0.0,0.0
own:8,2,operations,operating,0.0,0.0
own:8,3,operations,operating,0.0,0.0
own:8,4,operations,operating,0.0,0.0
own:8,5,operations,operating,0.0,0.0
own:8,6,operations,operating,0.0,0.0
own:8,7,operations,operating,4666.666666666667,4414.291899644163
own:8,8,operations,operating,4666.666666666667,4379.370186784588
own:8,9,operations,operating,4666.666666666667,4344.724741570373
own:8,10,operations,operating,4666.666666666667,4310.353378432553
own:8,11,operations,operating,4666.666666666667,4276.253929092319
own:8,12,operations,operating,4666.666666666667,4242.424242424243
own:8,13,operations,operating,4666.666666666667,4208.862184320567
own:8,14,operations,operating,4666.666666666667,4175.565637556586
own:8,15,operations,operating,4666.666666666667,4142.532501657075
own:8,16,operations,operating,4666.666666666667,4109.760692763788
own:8,17,operations,operating,4666.666666666667,4077.2481435039995
own:8,18,operations,operating,4666.666666666667,4044.9928028600884
own:8,19,operations,operating,4666.666666666667,4012.9926360401478
own:8,20,operations,operating,4666.666666666667,3981.245624349625
own:8,21,operations,operating,4666.666666666667,3949.7497650639757
own:8,22,operations,operating,4666.666666666667,3918.50307130232
own:8,23,operations,operating,4666.666666666667,3887.5035719021075
own:8,24,operations,operating,4666.666666666667,3856.749311294766
own:8,25,operations,operating,4666.666666666667,3826.2383493823336
own:8,26,operations,operating,4666.666666666667,3795.9687614150785
own:8,27,operations,operating,4666.666666666667,3765.9386378700674
own:8,28,operations,operating,4666.666666666667,3736.1460843307154
own:8,29,operations,operating,4666.666666666667,3706.5892213672723
own:8,30,operations,operating,4666.666666666667,3677.2661844182617
own:8,31,operations,operating,4666.666666666667,3648.1751236728614
own:8,32,operations,operating,4666.666666666667,3619.3142039542045
own:8,33,operations,operating,4666.666666666667,3590.681604603614
own:8,34,operations,operating,4666.666666666667,3562.2755193657454
own:8,35,operations,operating,4666.666666666667,3534.0941562746434
own:8,36,operations,operating,4666.666666666667,3506.1357375406956
own:8,0,precommission,capital,0.0,0.0
own:8,1,precommission,operating,0.0,0.0
own:8,2,precommission,operating,0.0,0.0
own:8,3,precommission,operating,0.0,0.0
own:8,4,precommission,operating,0.0,0.0
own:8,5,precommission,operating,0.0,0.0
own:8,6,precommission,operating,0.0,0.0
own:8,7,precommission,operating,0.0,0.0
own:8,8,precommission,operating,0.0,0.0
own:8,9,precommission,operating,0.0,0.0
own:8,10,precommission,operating,0.0,0.0
own:8,11,precommission,operating,0.0,0.0
own:8,12,precommission,operating,0.0,0.0
own:8,13,precommission,operating,0.0,0.0
own:8,14,precommission,operating,0.0,0.0
own:8,15,precommission,operating,0.0,0.0
own:8,16,precommission,operating,0.0,0.0
own:8,17,precommission,operating,0.0,0.0
own:8,18,precommission,operating,0.0,0.0
own:8,19,precommission,operating,0.0,0.0
own:8,20,precommission,operating,0.0,0.0
own:8,21,precommission,operating,0.0,0.0
own:8,22,precommission,operating,0.0,0.0
own:8,23,precommission,operating,0.0,0.0
own:8,24,precommission,operating,0.0,0.0
own:8,25,precommission,operating,0.0,0.0
own:8,26,precommission,operating,0.0,0.0
own:8,27,precommission,operating,0.0,0.0
own:8,28,precommission,operating,0.0,0.0
own:8,29,precommission,operating,0.0,0.0
own:8,30,precommission,operating,0.0,0.0
own:8,31,precommission,operating,0.0,0.0
own:8,32,precommission,operating,0.0,0.0
own:8,33,precommission,operating,0.0,0.0
own:8,34,precommission,operating,0.0,0.0
own:8,35,precommission,operating,0.0,0.0
own:8,36,precommission,operating,0.0,0.0
own:8,0,electricity,capital,0.0,0.0
own:8,1,electricity,operating,0.0,0.0
own:8,2,electricity,operating,0.0,0.0
own:8,3,electricity,operating,0.0,0.0
own:8,4,electricity,operating,0.0,0.0
own:8,5,electricity,operating,0.0,0.0
own:8,6,electricity,operating,0.0,0.0
own:8,7,electricity,operating,5233.9813312883,4950.926012913153
own:8,8,electricity,operating,5422.216652542899,5088.405847378564
own:8,9,electricity,operating,5260.698170134465,4897.775463796542
own:8,10,electricity,operating,5449.962089684641,5033.841965486041
own:8,11,electricity,operating,5463.9389401330645,5006.826505942401
own:8,12,electricity,operating,5301.276459516513,4819.342235924102
own:8,13,electricity,operating,5492.102643207898,4953.322098729591
own:8,14,electricity,operating,5328.667932023164,4767.900580908351
own:8,15,electricity,operating,5520.548687406055,4900.511220977119
own:8,16,electricity,operating,5534.878470843087,4874.362709720455
own:8,17,electricity,operating,5191.261844926508,4535.584868500661
own:8,18,electricity,operating,5563.753342713288,4822.573334606573
own:8,19,electricity,operating,5398.354015574375,4642.19033812237
own:8,20,electricity,operating,5592.917685173987,4771.452656024264
own:8,21,electricity,operating,5426.7186905805065,4593.038758540422
own:8,22,electricity,operating,5622.374400167857,4720.991004657704
own:8,23,electricity,operating,5637.213312168695,4696.004332849267
own:8,24,electricity,operating,5469.799760060843,4520.495669471771
own:8,25,electricity,operating,5667.114090823186,4646.513413849858
own:8,26,electricity,operating,5498.880678655452,4472.909845483938
own:8,27,electricity,operating,5697.314624783687,4597.657988051805
own:8,28,electricity,operating,5712.528237907605,4573.465715932959
own:8,29,electricity,operating,5173.512959184517,4109.161579525121
own:8,30,electricity,operating,5743.184048692629,4525.546391388808
own:8,31,electricity,operating,5572.864847357509,4356.597193654418
own:8,32,electricity,operating,5774.147183980771,4478.239911150808
own:8,33,electricity,operating,5602.978993452267,4311.110057736327
own:8,34,electricity,operating,5805.420724700178,4431.537455832426
own:8,35,electricity,operating,5821.174868323679,4408.410018170471
own:8,36,electricity,operating,5648.717209030932,4243.96484525239
own:8,0,hosting,capital,0.0,0.0
own:8,1,hosting,operating,0.0,0.0
own:8,2,hosting,operating,0.0,0.0
own:8,3,hosting,operating,0.0,0.0
own:8,4,hosting,operating,0.0,0.0
own:8,5,hosting,operating,0.0,0.0
own:8,6,hosting,operating,0.0,0.0
own:8,7,hosting,operating,0.0,0.0
own:8,8,hosting,operating,0.0,0.0
own:8,9,hosting,operating,0.0,0.0
own:8,10,hosting,operating,0.0,0.0
own:8,11,hosting,operating,0.0,0.0
own:8,12,hosting,operating,0.0,0.0
own:8,13,hosting,operating,0.0,0.0
own:8,14,hosting,operating,0.0,0.0
own:8,15,hosting,operating,0.0,0.0
own:8,16,hosting,operating,0.0,0.0
own:8,17,hosting,operating,0.0,0.0
own:8,18,hosting,operating,0.0,0.0
own:8,19,hosting,operating,0.0,0.0
own:8,20,hosting,operating,0.0,0.0
own:8,21,hosting,operating,0.0,0.0
own:8,22,hosting,operating,0.0,0.0
own:8,23,hosting,operating,0.0,0.0
own:8,24,hosting,operating,0.0,0.0
own:8,25,hosting,operating,0.0,0.0
own:8,26,hosting,operating,0.0,0.0
own:8,27,hosting,operating,0.0,0.0
own:8,28,hosting,operating,0.0,0.0
own:8,29,hosting,operating,0.0,0.0
own:8,30,hosting,operating,0.0,0.0
own:8,31,hosting,operating,0.0,0.0
own:8,32,hosting,operating,0.0,0.0
own:8,33,hosting,operating,0.0,0.0
own:8,34,hosting,operating,0.0,0.0
own:8,35,hosting,operating,0.0,0.0
own:8,36,hosting,operating,0.0,0.0
own:8,0,exit,terminal,0.0,0.0
own:8,1,exit,terminal,0.0,0.0
own:8,2,exit,terminal,0.0,0.0
own:8,3,exit,terminal,0.0,0.0
own:8,4,exit,terminal,0.0,0.0
own:8,5,exit,terminal,0.0,0.0
own:8,6,exit,terminal,0.0,0.0
own:8,7,exit,terminal,0.0,0.0
own:8,8,exit,terminal,0.0,0.0
own:8,9,exit,terminal,0.0,0.0
own:8,10,exit,terminal,0.0,0.0
own:8,11,exit,terminal,0.0,0.0
own:8,12,exit,terminal,0.0,0.0
own:8,13,exit,terminal,0.0,0.0
own:8,14,exit,terminal,0.0,0.0
own:8,15,exit,terminal,0.0,0.0
own:8,16,exit,terminal,0.0,0.0
own:8,17,exit,terminal,0.0,0.0
own:8,18,exit,terminal,0.0,0.0
own:8,19,exit,terminal,0.0,0.0
own:8,20,exit,terminal,0.0,0.0
own:8,21,exit,terminal,0.0,0.0
own:8,22,exit,terminal,0.0,0.0
own:8,23,exit,terminal,0.0,0.0
own:8,24,exit,terminal,0.0,0.0
own:8,25,exit,terminal,0.0,0.0
own:8,26,exit,terminal,0.0,0.0
own:8,27,exit,terminal,0.0,0.0
own:8,28,exit,terminal,0.0,0.0
own:8,29,exit,terminal,0.0,0.0
own:8,30,exit,terminal,0.0,0.0
own:8,31,exit,terminal,0.0,0.0
own:8,32,exit,terminal,0.0,0.0
own:8,33,exit,terminal,0.0,0.0
own:8,34,exit,terminal,0.0,0.0
own:8,35,exit,terminal,0.0,0.0
own:8,36,exit,terminal,0.0,0.0
own:8,0,residual,terminal,0.0,0.0
own:8,1,residual,terminal,0.0,0.0
own:8,2,residual,terminal,0.0,0.0
own:8,3,residual,terminal,0.0,0.0
own:8,4,residual,terminal,0.0,0.0
own:8,5,residual,terminal,0.0,0.0
own:8,6,residual,terminal,0.0,0.0
own:8,7,residual,terminal,0.0,0.0
own:8,8,residual,terminal,0.0,0.0
own:8,9,residual,terminal,0.0,0.0
own:8,10,residual,terminal,0.0,0.0
own:8,11,residual,terminal,0.0,0.0
own:8,12,residual,terminal,0.0,0.0
own:8,13,residual,terminal,0.0,0.0
own:8,14,residual,terminal,0.0,0.0
own:8,15,residual,terminal,0.0,0.0
own:8,16,residual,terminal,0.0,0.0
own:8,17,residual,terminal,0.0,0.0
own:8,18,residual,terminal,0.0,0.0
own:8,19,residual,terminal,0.0,0.0
own:8,20,residual,terminal,0.0,0.0
own:8,21,residual,terminal,0.0,0.0
own:8,22,residual,terminal,0.0,0.0
own:8,23,residual,terminal,0.0,0.0
own:8,24,residual,terminal,0.0,0.0
own:8,25,residual,terminal,0.0,0.0
own:8,26,residual,terminal,0.0,0.0
own:8,27,residual,terminal,0.0,0.0
own:8,28,residual,terminal,0.0,0.0
own:8,29,residual,terminal,0.0,0.0
own:8,30,residual,terminal,0.0,0.0
own:8,31,residual,terminal,0.0,0.0
own:8,32,residual,terminal,0.0,0.0
own:8,33,residual,terminal,0.0,0.0
own:8,34,residual,terminal,0.0,0.0
own:8,35,residual,terminal,0.0,0.0
own:8,36,residual,terminal,0.0,0.0
own:9,0,on_demand,capital,0.0,0.0
own:9,1,on_demand,operating,204473.6,202855.99778680265
own:9,2,on_demand,operating,198144.0,195021.34402646002
own:9,3,on_demand,operating,204473.6,199659.08295083806
own:9,4,on_demand,operating,204473.6,198079.56865429203
own:9,5,on_demand,operating,184659.19999999998,177469.61108979152
own:9,6,on_demand,operating,204473.6,194957.92808836754
own:9,7,on_demand,operating,4403.2,4165.0735912528235
own:9,8,on_demand,operating,5022.4,4713.203319880053
own:9,9,on_demand,operating,5366.4,4996.185182820696
own:9,10,on_demand,operating,6054.4,5592.129320224723
own:9,11,on_demand,operating,6536.0,5989.199074403014
own:9,12,on_demand,operating,6811.2,6192.0
own:9,13,on_demand,operating,7499.2,6763.521276997885
own:9,14,on_demand,operating,7774.4,6956.253748418554
own:9,15,on_demand,operating,8531.199999999999,7573.022845315036
own:9,16,on_demand,operating,9012.8,7937.239536801741
own:9,17,on_demand,operating,8875.199999999999,7754.227012120005
own:9,18,on_demand,operating,10044.8,8706.673651321931
own:9,19,on_demand,operating,10182.4,8756.120617974686
own:9,20,on_demand,operating,11008.0,9391.189678465858
own:9,21,on_demand,operating,11283.199999999999,9549.817831964965
own:9,22,on_demand,operating,12108.8,10167.507854954041
own:9,23,on_demand,operating,12659.199999999999,10545.575403733534
own:9,24,on_demand,operating,12796.8,10575.867768595039
own:9,25,on_demand,operating,13622.4,11169.11770513412
own:9,26,on_demand,operating,13760.0,11192.685033658174
own:9,27,on_demand,operating,14723.199999999999,11881.428804233265
own:9,28,on_demand,operating,15273.599999999999,12228.085892921488
own:9,29,on_demand,operating,14310.4,11366.30879859733
own:9,30,on_demand,operating,16374.4,12902.791587886795
own:9,31,on_demand,operating,16374.4,12800.716873943335
own:9,32,on_demand,operating,17475.2,13553.19419505868
own:9,33,on_demand,operating,17337.6,13340.100297423343
own:9,34,on_demand,operating,18576.0,14179.892153086732
own:9,35,on_demand,operating,19126.399999999998,14484.535386550999
own:9,36,on_demand,operating,18988.8,14266.566491359876
own:9,0,variable_service,capital,0.0,0.0
own:9,1,variable_service,operating,0.0,0.0
own:9,2,variable_service,operating,0.0,0.0
own:9,3,variable_service,operating,0.0,0.0
own:9,4,variable_service,operating,0.0,0.0
own:9,5,variable_service,operating,0.0,0.0
own:9,6,variable_service,operating,0.0,0.0
own:9,7,variable_service,operating,0.0,0.0
own:9,8,variable_service,operating,0.0,0.0
own:9,9,variable_service,operating,0.0,0.0
own:9,10,variable_service,operating,0.0,0.0
own:9,11,variable_service,operating,0.0,0.0
own:9,12,variable_service,operating,0.0,0.0
own:9,13,variable_service,operating,0.0,0.0
own:9,14,variable_service,operating,0.0,0.0
own:9,15,variable_service,operating,0.0,0.0
own:9,16,variable_service,operating,0.0,0.0
own:9,17,variable_service,operating,0.0,0.0
own:9,18,variable_service,operating,0.0,0.0
own:9,19,variable_service,operating,0.0,0.0
own:9,20,variable_service,operating,0.0,0.0
own:9,21,variable_service,operating,0.0,0.0
own:9,22,variable_service,operating,0.0,0.0
own:9,23,variable_service,operating,0.0,0.0
own:9,24,variable_service,operating,0.0,0.0
own:9,25,variable_service,operating,0.0,0.0
own:9,26,variable_service,operating,0.0,0.0
own:9,27,variable_service,operating,0.0,0.0
own:9,28,variable_service,operating,0.0,0.0
own:9,29,variable_service,operating,0.0,0.0
own:9,30,variable_service,operating,0.0,0.0
own:9,31,variable_service,operating,0.0,0.0
own:9,32,variable_service,operating,0.0,0.0
own:9,33,variable_service,operating,0.0,0.0
own:9,34,variable_service,operating,0.0,0.0
own:9,35,variable_service,operating,0.0,0.0
own:9,36,variable_service,operating,0.0,0.0
own:9,0,node_acquisition,capital,3600000.0,3600000.0
own:9,1,node_acquisition,operating,0.0,0.0
own:9,2,node_acquisition,operating,0.0,0.0
own:9,3,node_acquisition,operating,0.0,0.0
own:9,4,node_acquisition,operating,0.0,0.0
own:9,5,node_acquisition,operating,0.0,0.0
own:9,6,node_acquisition,operating,0.0,0.0
own:9,7,node_acquisition,operating,0.0,0.0
own:9,8,node_acquisition,operating,0.0,0.0
own:9,9,node_acquisition,operating,0.0,0.0
own:9,10,node_acquisition,operating,0.0,0.0
own:9,11,node_acquisition,operating,0.0,0.0
own:9,12,node_acquisition,operating,0.0,0.0
own:9,13,node_acquisition,operating,0.0,0.0
own:9,14,node_acquisition,operating,0.0,0.0
own:9,15,node_acquisition,operating,0.0,0.0
own:9,16,node_acquisition,operating,0.0,0.0
own:9,17,node_acquisition,operating,0.0,0.0
own:9,18,node_acquisition,operating,0.0,0.0
own:9,19,node_acquisition,operating,0.0,0.0
own:9,20,node_acquisition,operating,0.0,0.0
own:9,21,node_acquisition,operating,0.0,0.0
own:9,22,node_acquisition,operating,0.0,0.0
own:9,23,node_acquisition,operating,0.0,0.0
own:9,24,node_acquisition,operating,0.0,0.0
own:9,25,node_acquisition,operating,0.0,0.0
own:9,26,node_acquisition,operating,0.0,0.0
own:9,27,node_acquisition,operating,0.0,0.0
own:9,28,node_acquisition,operating,0.0,0.0
own:9,29,node_acquisition,operating,0.0,0.0
own:9,30,node_acquisition,operating,0.0,0.0
own:9,31,node_acquisition,operating,0.0,0.0
own:9,32,node_acquisition,operating,0.0,0.0
own:9,33,node_acquisition,operating,0.0,0.0
own:9,34,node_acquisition,operating,0.0,0.0
own:9,35,node_acquisition,operating,0.0,0.0
own:9,36,node_acquisition,operating,0.0,0.0
own:9,0,installation,capital,50000.0,50000.0
own:9,1,installation,operating,0.0,0.0
own:9,2,installation,operating,0.0,0.0
own:9,3,installation,operating,0.0,0.0
own:9,4,installation,operating,0.0,0.0
own:9,5,installation,operating,0.0,0.0
own:9,6,installation,operating,0.0,0.0
own:9,7,installation,operating,0.0,0.0
own:9,8,installation,operating,0.0,0.0
own:9,9,installation,operating,0.0,0.0
own:9,10,installation,operating,0.0,0.0
own:9,11,installation,operating,0.0,0.0
own:9,12,installation,operating,0.0,0.0
own:9,13,installation,operating,0.0,0.0
own:9,14,installation,operating,0.0,0.0
own:9,15,installation,operating,0.0,0.0
own:9,16,installation,operating,0.0,0.0
own:9,17,installation,operating,0.0,0.0
own:9,18,installation,operating,0.0,0.0
own:9,19,installation,operating,0.0,0.0
own:9,20,installation,operating,0.0,0.0
own:9,21,installation,operating,0.0,0.0
own:9,22,installation,operating,0.0,0.0
own:9,23,installation,operating,0.0,0.0
own:9,24,installation,operating,0.0,0.0
own:9,25,installation,operating,0.0,0.0
own:9,26,installation,operating,0.0,0.0
own:9,27,installation,operating,0.0,0.0
own:9,28,installation,operating,0.0,0.0
own:9,29,installation,operating,0.0,0.0
own:9,30,installation,operating,0.0,0.0
own:9,31,installation,operating,0.0,0.0
own:9,32,installation,operating,0.0,0.0
own:9,33,installation,operating,0.0,0.0
own:9,34,installation,operating,0.0,0.0
own:9,35,installation,operating,0.0,0.0
own:9,36,installation,operating,0.0,0.0
own:9,0,network,capital,0.0,0.0
own:9,1,network,operating,0.0,0.0
own:9,2,network,operating,0.0,0.0
own:9,3,network,operating,0.0,0.0
own:9,4,network,operating,0.0,0.0
own:9,5,network,operating,0.0,0.0
own:9,6,network,operating,0.0,0.0
own:9,7,network,operating,0.0,0.0
own:9,8,network,operating,0.0,0.0
own:9,9,network,operating,0.0,0.0
own:9,10,network,operating,0.0,0.0
own:9,11,network,operating,0.0,0.0
own:9,12,network,operating,0.0,0.0
own:9,13,network,operating,0.0,0.0
own:9,14,network,operating,0.0,0.0
own:9,15,network,operating,0.0,0.0
own:9,16,network,operating,0.0,0.0
own:9,17,network,operating,0.0,0.0
own:9,18,network,operating,0.0,0.0
own:9,19,network,operating,0.0,0.0
own:9,20,network,operating,0.0,0.0
own:9,21,network,operating,0.0,0.0
own:9,22,network,operating,0.0,0.0
own:9,23,network,operating,0.0,0.0
own:9,24,network,operating,0.0,0.0
own:9,25,network,operating,0.0,0.0
own:9,26,network,operating,0.0,0.0
own:9,27,network,operating,0.0,0.0
own:9,28,network,operating,0.0,0.0
own:9,29,network,operating,0.0,0.0
own:9,30,network,operating,0.0,0.0
own:9,31,network,operating,0.0,0.0
own:9,32,network,operating,0.0,0.0
own:9,33,network,operating,0.0,0.0
own:9,34,network,operating,0.0,0.0
own:9,35,network,operating,0.0,0.0
own:9,36,network,operating,0.0,0.0
own:9,0,storage,capital,0.0,0.0
own:9,1,storage,operating,0.0,0.0
own:9,2,storage,operating,0.0,0.0
own:9,3,storage,operating,0.0,0.0
own:9,4,storage,operating,0.0,0.0
own:9,5,storage,operating,0.0,0.0
own:9,6,storage,operating,0.0,0.0
own:9,7,storage,operating,0.0,0.0
own:9,8,storage,operating,0.0,0.0
own:9,9,storage,operating,0.0,0.0
own:9,10,storage,operating,0.0,0.0
own:9,11,storage,operating,0.0,0.0
own:9,12,storage,operating,0.0,0.0
own:9,13,storage,operating,0.0,0.0
own:9,14,storage,operating,0.0,0.0
own:9,15,storage,operating,0.0,0.0
own:9,16,storage,operating,0.0,0.0
own:9,17,storage,operating,0.0,0.0
own:9,18,storage,operating,0.0,0.0
own:9,19,storage,operating,0.0,0.0
own:9,20,storage,operating,0.0,0.0
own:9,21,storage,operating,0.0,0.0
own:9,22,storage,operating,0.0,0.0
own:9,23,storage,operating,0.0,0.0
own:9,24,storage,operating,0.0,0.0
own:9,25,storage,operating,0.0,0.0
own:9,26,storage,operating,0.0,0.0
own:9,27,storage,operating,0.0,0.0
own:9,28,storage,operating,0.0,0.0
own:9,29,storage,operating,0.0,0.0
own:9,30,storage,operating,0.0,0.0
own:9,31,storage,operating,0.0,0.0
own:9,32,storage,operating,0.0,0.0
own:9,33,storage,operating,0.0,0.0
own:9,34,storage,operating,0.0,0.0
own:9,35,storage,operating,0.0,0.0
own:9,36,storage,operating,0.0,0.0
own:9,0,operations,capital,0.0,0.0
own:9,1,operations,operating,0.0,0.0
own:9,2,operations,operating,0.0,0.0
own:9,3,operations,operating,0.0,0.0
own:9,4,operations,operating,0.0,0.0
own:9,5,operations,operating,0.0,0.0
own:9,6,operations,operating,0.0,0.0
own:9,7,operations,operating,5000.0,4729.59846390446
own:9,8,operations,operating,5000.0,4692.182342983487
own:9,9,operations,operating,5000.0,4655.062223111114
own:9,10,operations,operating,5000.0,4618.235762606306
own:9,11,operations,operating,5000.0,4581.700638313198
own:9,12,operations,operating,5000.0,4545.454545454545
own:9,13,operations,operating,5000.0,4509.4951974863225
own:9,14,operations,operating,5000.0,4473.820325953485
own:9,15,operations,operating,5000.0,4438.427680346866
own:9,16,operations,operating,5000.0,4403.315027961201
own:9,17,operations,operating,5000.0,4368.480153754285
own:9,18,operations,operating,5000.0,4333.920860207237
own:9,19,operations,operating,5000.0,4299.6349671858725
own:9,20,operations,operating,5000.0,4265.620311803169
own:9,21,operations,operating,5000.0,4231.87474828283
own:9,22,operations,operating,5000.0,4198.396147823914
own:9,23,operations,operating,5000.0,4165.182398466543
own:9,24,operations,operating,5000.0,4132.231404958678
own:9,25,operations,operating,5000.0,4099.541088623929
own:9,26,operations,operating,5000.0,4067.109387230441
own:9,27,operations,operating,5000.0,4034.9342548607865
own:9,28,operations,operating,5000.0,4003.0136617829094
own:9,29,operations,operating,5000.0,3971.345594322077
own:9,30,operations,operating,5000.0,3939.9280547338517
own:9,31,operations,operating,5000.0,3908.7590610780653
own:9,32,operations,operating,5000.0,3877.8366470937904
own:9,33,operations,operating,5000.0,3847.1588620753
own:9,34,operations,operating,5000.0,3816.7237707490126
own:9,35,operations,operating,5000.0,3786.5294531514032
own:9,36,operations,operating,5000.0,3756.574004507888
own:9,0,precommission,capital,0.0,0.0
own:9,1,precommission,operating,0.0,0.0
own:9,2,precommission,operating,0.0,0.0
own:9,3,precommission,operating,0.0,0.0
own:9,4,precommission,operating,0.0,0.0
own:9,5,precommission,operating,0.0,0.0
own:9,6,precommission,operating,0.0,0.0
own:9,7,precommission,operating,0.0,0.0
own:9,8,precommission,operating,0.0,0.0
own:9,9,precommission,operating,0.0,0.0
own:9,10,precommission,operating,0.0,0.0
own:9,11,precommission,operating,0.0,0.0
own:9,12,precommission,operating,0.0,0.0
own:9,13,precommission,operating,0.0,0.0
own:9,14,precommission,operating,0.0,0.0
own:9,15,precommission,operating,0.0,0.0
own:9,16,precommission,operating,0.0,0.0
own:9,17,precommission,operating,0.0,0.0
own:9,18,precommission,operating,0.0,0.0
own:9,19,precommission,operating,0.0,0.0
own:9,20,precommission,operating,0.0,0.0
own:9,21,precommission,operating,0.0,0.0
own:9,22,precommission,operating,0.0,0.0
own:9,23,precommission,operating,0.0,0.0
own:9,24,precommission,operating,0.0,0.0
own:9,25,precommission,operating,0.0,0.0
own:9,26,precommission,operating,0.0,0.0
own:9,27,precommission,operating,0.0,0.0
own:9,28,precommission,operating,0.0,0.0
own:9,29,precommission,operating,0.0,0.0
own:9,30,precommission,operating,0.0,0.0
own:9,31,precommission,operating,0.0,0.0
own:9,32,precommission,operating,0.0,0.0
own:9,33,precommission,operating,0.0,0.0
own:9,34,precommission,operating,0.0,0.0
own:9,35,precommission,operating,0.0,0.0
own:9,36,precommission,operating,0.0,0.0
own:9,0,electricity,capital,0.0,0.0
own:9,1,electricity,operating,0.0,0.0
own:9,2,electricity,operating,0.0,0.0
own:9,3,electricity,operating,0.0,0.0
own:9,4,electricity,operating,0.0,0.0
own:9,5,electricity,operating,0.0,0.0
own:9,6,electricity,operating,0.0,0.0
own:9,7,electricity,operating,5555.101331288301,5254.6797446589535
own:9,8,electricity,operating,5754.040652542899,5399.801590134194
own:9,9,electricity,operating,5581.818170134466,5196.742180013631
own:9,10,electricity,operating,5781.7860896846405,5340.330258224255
own:9,11,electricity,operating,5795.762940133064,5310.890152463928
own:9,12,electricity,operating,5622.396459516513,5111.269508651375
own:9,13,electricity,operating,5823.926643207898,5252.593845611731
own:9,14,electricity,operating,5649.787932023165,5055.227217522388
own:9,15,electricity,operating,5852.372687406056,5195.066586297803
own:9,16,electricity,operating,5866.702470843085,5166.587830888094
own:9,17,electricity,operating,5501.6778449265075,4806.794095582219
own:9,18,electricity,operating,5895.577342713287,5110.193125710053
own:9,19,electricity,operating,5719.474015574375,4918.330094254916
own:9,20,electricity,operating,5924.741685173987,5054.539694893019
own:9,21,electricity,operating,5747.838690580506,4864.826682374139
own:9,22,electricity,operating,5954.198400167857,4999.616725328809
own:9,23,electricity,operating,5969.037312168694,4972.425829687018
own:9,24,electricity,operating,5790.919760060843,4785.8840992238365
own:9,25,electricity,operating,5998.938090823185,4918.578638288166
own:9,26,electricity,operating,5820.000678655451,4734.115878769425
own:9,27,electricity,operating,6029.138624783687,4865.435592888791
own:9,28,electricity,operating,6044.352237907606,4839.124916994449
own:9,29,electricity,operating,5473.224959184517,4347.213565678212
own:9,30,electricity,operating,6075.008048692628,4787.018928755608
own:9,31,electricity,operating,5893.9848473575075,4607.633335593095
own:9,32,electricity,operating,6105.9711839807715,4735.591764667859
own:9,33,electricity,operating,5924.098993452266,4558.1899884942495
own:9,34,electricity,operating,6137.244724700177,4684.8335655334295
own:9,35,electricity,operating,6152.998868323678,4659.7022880229715
own:9,36,electricity,operating,5969.837209030931,4485.227054117903
own:9,0,hosting,capital,0.0,0.0
own:9,1,hosting,operating,0.0,0.0
own:9,2,hosting,operating,0.0,0.0
own:9,3,hosting,operating,0.0,0.0
own:9,4,hosting,operating,0.0,0.0
own:9,5,hosting,operating,0.0,0.0
own:9,6,hosting,operating,0.0,0.0
own:9,7,hosting,operating,0.0,0.0
own:9,8,hosting,operating,0.0,0.0
own:9,9,hosting,operating,0.0,0.0
own:9,10,hosting,operating,0.0,0.0
own:9,11,hosting,operating,0.0,0.0
own:9,12,hosting,operating,0.0,0.0
own:9,13,hosting,operating,0.0,0.0
own:9,14,hosting,operating,0.0,0.0
own:9,15,hosting,operating,0.0,0.0
own:9,16,hosting,operating,0.0,0.0
own:9,17,hosting,operating,0.0,0.0
own:9,18,hosting,operating,0.0,0.0
own:9,19,hosting,operating,0.0,0.0
own:9,20,hosting,operating,0.0,0.0
own:9,21,hosting,operating,0.0,0.0
own:9,22,hosting,operating,0.0,0.0
own:9,23,hosting,operating,0.0,0.0
own:9,24,hosting,operating,0.0,0.0
own:9,25,hosting,operating,0.0,0.0
own:9,26,hosting,operating,0.0,0.0
own:9,27,hosting,operating,0.0,0.0
own:9,28,hosting,operating,0.0,0.0
own:9,29,hosting,operating,0.0,0.0
own:9,30,hosting,operating,0.0,0.0
own:9,31,hosting,operating,0.0,0.0
own:9,32,hosting,operating,0.0,0.0
own:9,33,hosting,operating,0.0,0.0
own:9,34,hosting,operating,0.0,0.0
own:9,35,hosting,operating,0.0,0.0
own:9,36,hosting,operating,0.0,0.0
own:9,0,exit,terminal,0.0,0.0
own:9,1,exit,terminal,0.0,0.0
own:9,2,exit,terminal,0.0,0.0
own:9,3,exit,terminal,0.0,0.0
own:9,4,exit,terminal,0.0,0.0
own:9,5,exit,terminal,0.0,0.0
own:9,6,exit,terminal,0.0,0.0
own:9,7,exit,terminal,0.0,0.0
own:9,8,exit,terminal,0.0,0.0
own:9,9,exit,terminal,0.0,0.0
own:9,10,exit,terminal,0.0,0.0
own:9,11,exit,terminal,0.0,0.0
own:9,12,exit,terminal,0.0,0.0
own:9,13,exit,terminal,0.0,0.0
own:9,14,exit,terminal,0.0,0.0
own:9,15,exit,terminal,0.0,0.0
own:9,16,exit,terminal,0.0,0.0
own:9,17,exit,terminal,0.0,0.0
own:9,18,exit,terminal,0.0,0.0
own:9,19,exit,terminal,0.0,0.0
own:9,20,exit,terminal,0.0,0.0
own:9,21,exit,terminal,0.0,0.0
own:9,22,exit,terminal,0.0,0.0
own:9,23,exit,terminal,0.0,0.0
own:9,24,exit,terminal,0.0,0.0
own:9,25,exit,terminal,0.0,0.0
own:9,26,exit,terminal,0.0,0.0
own:9,27,exit,terminal,0.0,0.0
own:9,28,exit,terminal,0.0,0.0
own:9,29,exit,terminal,0.0,0.0
own:9,30,exit,terminal,0.0,0.0
own:9,31,exit,terminal,0.0,0.0
own:9,32,exit,terminal,0.0,0.0
own:9,33,exit,terminal,0.0,0.0
own:9,34,exit,terminal,0.0,0.0
own:9,35,exit,terminal,0.0,0.0
own:9,36,exit,terminal,0.0,0.0
own:9,0,residual,terminal,0.0,0.0
own:9,1,residual,terminal,0.0,0.0
own:9,2,residual,terminal,0.0,0.0
own:9,3,residual,terminal,0.0,0.0
own:9,4,residual,terminal,0.0,0.0
own:9,5,residual,terminal,0.0,0.0
own:9,6,residual,terminal,0.0,0.0
own:9,7,residual,terminal,0.0,0.0
own:9,8,residual,terminal,0.0,0.0
own:9,9,residual,terminal,0.0,0.0
own:9,10,residual,terminal,0.0,0.0
own:9,11,residual,terminal,0.0,0.0
own:9,12,residual,terminal,0.0,0.0
own:9,13,residual,terminal,0.0,0.0
own:9,14,residual,terminal,0.0,0.0
own:9,15,residual,terminal,0.0,0.0
own:9,16,residual,terminal,0.0,0.0
own:9,17,residual,terminal,0.0,0.0
own:9,18,residual,terminal,0.0,0.0
own:9,19,residual,terminal,0.0,0.0
own:9,20,residual,terminal,0.0,0.0
own:9,21,residual,terminal,0.0,0.0
own:9,22,residual,terminal,0.0,0.0
own:9,23,residual,terminal,0.0,0.0
own:9,24,residual,terminal,0.0,0.0
own:9,25,residual,terminal,0.0,0.0
own:9,26,residual,terminal,0.0,0.0
own:9,27,residual,terminal,0.0,0.0
own:9,28,residual,terminal,0.0,0.0
own:9,29,residual,terminal,0.0,0.0
own:9,30,residual,terminal,0.0,0.0
own:9,31,residual,terminal,0.0,0.0
own:9,32,residual,terminal,0.0,0.0
own:9,33,residual,terminal,0.0,0.0
own:9,34,residual,terminal,0.0,0.0
own:9,35,residual,terminal,0.0,0.0
own:9,36,residual,terminal,0.0,0.0
own:10,0,on_demand,capital,0.0,0.0
own:10,1,on_demand,operating,204473.6,202855.99778680265
own:10,2,on_demand,operating,198144.0,195021.34402646002
own:10,3,on_demand,operating,204473.6,199659.08295083806
own:10,4,on_demand,operating,204473.6,198079.56865429203
own:10,5,on_demand,operating,184659.19999999998,177469.61108979152
own:10,6,on_demand,operating,204473.6,194957.92808836754
own:10,7,on_demand,operating,0.0,0.0
own:10,8,on_demand,operating,0.0,0.0
own:10,9,on_demand,operating,0.0,0.0
own:10,10,on_demand,operating,0.0,0.0
own:10,11,on_demand,operating,0.0,0.0
own:10,12,on_demand,operating,0.0,0.0
own:10,13,on_demand,operating,0.0,0.0
own:10,14,on_demand,operating,0.0,0.0
own:10,15,on_demand,operating,0.0,0.0
own:10,16,on_demand,operating,0.0,0.0
own:10,17,on_demand,operating,0.0,0.0
own:10,18,on_demand,operating,0.0,0.0
own:10,19,on_demand,operating,275.2,236.6519085939104
own:10,20,on_demand,operating,825.5999999999999,704.3392258849392
own:10,21,on_demand,operating,1307.2,1106.3813341910632
own:10,22,on_demand,operating,1857.6,1559.7881368395404
own:10,23,on_demand,operating,2339.2,1948.6389332985877
own:10,24,on_demand,operating,2820.7999999999997,2331.239669421487
own:10,25,on_demand,operating,3440.0,2820.4842689732627
own:10,26,on_demand,operating,3784.0,3077.9883842559975
own:10,27,on_demand,operating,4472.0,3608.8451975474873
own:10,28,on_demand,operating,5022.4,4020.9471629876966
own:10,29,on_demand,operating,5022.4,3989.13722258464
own:10,30,on_demand,operating,6054.4,4770.780082916126
own:10,31,on_demand,operating,6398.4,5001.960795280378
own:10,32,on_demand,operating,7155.2,5549.339355457098
own:10,33,on_demand,operating,7430.4,5717.185841752862
own:10,34,on_demand,operating,8256.0,6302.174290260769
own:10,35,on_demand,operating,8806.4,6669.138595246503
own:10,36,on_demand,operating,9081.6,6823.140495867767
own:10,0,variable_service,capital,0.0,0.0
own:10,1,variable_service,operating,0.0,0.0
own:10,2,variable_service,operating,0.0,0.0
own:10,3,variable_service,operating,0.0,0.0
own:10,4,variable_service,operating,0.0,0.0
own:10,5,variable_service,operating,0.0,0.0
own:10,6,variable_service,operating,0.0,0.0
own:10,7,variable_service,operating,0.0,0.0
own:10,8,variable_service,operating,0.0,0.0
own:10,9,variable_service,operating,0.0,0.0
own:10,10,variable_service,operating,0.0,0.0
own:10,11,variable_service,operating,0.0,0.0
own:10,12,variable_service,operating,0.0,0.0
own:10,13,variable_service,operating,0.0,0.0
own:10,14,variable_service,operating,0.0,0.0
own:10,15,variable_service,operating,0.0,0.0
own:10,16,variable_service,operating,0.0,0.0
own:10,17,variable_service,operating,0.0,0.0
own:10,18,variable_service,operating,0.0,0.0
own:10,19,variable_service,operating,0.0,0.0
own:10,20,variable_service,operating,0.0,0.0
own:10,21,variable_service,operating,0.0,0.0
own:10,22,variable_service,operating,0.0,0.0
own:10,23,variable_service,operating,0.0,0.0
own:10,24,variable_service,operating,0.0,0.0
own:10,25,variable_service,operating,0.0,0.0
own:10,26,variable_service,operating,0.0,0.0
own:10,27,variable_service,operating,0.0,0.0
own:10,28,variable_service,operating,0.0,0.0
own:10,29,variable_service,operating,0.0,0.0
own:10,30,variable_service,operating,0.0,0.0
own:10,31,variable_service,operating,0.0,0.0
own:10,32,variable_service,operating,0.0,0.0
own:10,33,variable_service,operating,0.0,0.0
own:10,34,variable_service,operating,0.0,0.0
own:10,35,variable_service,operating,0.0,0.0
own:10,36,variable_service,operating,0.0,0.0
own:10,0,node_acquisition,capital,4000000.0,4000000.0
own:10,1,node_acquisition,operating,0.0,0.0
own:10,2,node_acquisition,operating,0.0,0.0
own:10,3,node_acquisition,operating,0.0,0.0
own:10,4,node_acquisition,operating,0.0,0.0
own:10,5,node_acquisition,operating,0.0,0.0
own:10,6,node_acquisition,operating,0.0,0.0
own:10,7,node_acquisition,operating,0.0,0.0
own:10,8,node_acquisition,operating,0.0,0.0
own:10,9,node_acquisition,operating,0.0,0.0
own:10,10,node_acquisition,operating,0.0,0.0
own:10,11,node_acquisition,operating,0.0,0.0
own:10,12,node_acquisition,operating,0.0,0.0
own:10,13,node_acquisition,operating,0.0,0.0
own:10,14,node_acquisition,operating,0.0,0.0
own:10,15,node_acquisition,operating,0.0,0.0
own:10,16,node_acquisition,operating,0.0,0.0
own:10,17,node_acquisition,operating,0.0,0.0
own:10,18,node_acquisition,operating,0.0,0.0
own:10,19,node_acquisition,operating,0.0,0.0
own:10,20,node_acquisition,operating,0.0,0.0
own:10,21,node_acquisition,operating,0.0,0.0
own:10,22,node_acquisition,operating,0.0,0.0
own:10,23,node_acquisition,operating,0.0,0.0
own:10,24,node_acquisition,operating,0.0,0.0
own:10,25,node_acquisition,operating,0.0,0.0
own:10,26,node_acquisition,operating,0.0,0.0
own:10,27,node_acquisition,operating,0.0,0.0
own:10,28,node_acquisition,operating,0.0,0.0
own:10,29,node_acquisition,operating,0.0,0.0
own:10,30,node_acquisition,operating,0.0,0.0
own:10,31,node_acquisition,operating,0.0,0.0
own:10,32,node_acquisition,operating,0.0,0.0
own:10,33,node_acquisition,operating,0.0,0.0
own:10,34,node_acquisition,operating,0.0,0.0
own:10,35,node_acquisition,operating,0.0,0.0
own:10,36,node_acquisition,operating,0.0,0.0
own:10,0,installation,capital,50000.0,50000.0
own:10,1,installation,operating,0.0,0.0
own:10,2,installation,operating,0.0,0.0
own:10,3,installation,operating,0.0,0.0
own:10,4,installation,operating,0.0,0.0
own:10,5,installation,operating,0.0,0.0
own:10,6,installation,operating,0.0,0.0
own:10,7,installation,operating,0.0,0.0
own:10,8,installation,operating,0.0,0.0
own:10,9,installation,operating,0.0,0.0
own:10,10,installation,operating,0.0,0.0
own:10,11,installation,operating,0.0,0.0
own:10,12,installation,operating,0.0,0.0
own:10,13,installation,operating,0.0,0.0
own:10,14,installation,operating,0.0,0.0
own:10,15,installation,operating,0.0,0.0
own:10,16,installation,operating,0.0,0.0
own:10,17,installation,operating,0.0,0.0
own:10,18,installation,operating,0.0,0.0
own:10,19,installation,operating,0.0,0.0
own:10,20,installation,operating,0.0,0.0
own:10,21,installation,operating,0.0,0.0
own:10,22,installation,operating,0.0,0.0
own:10,23,installation,operating,0.0,0.0
own:10,24,installation,operating,0.0,0.0
own:10,25,installation,operating,0.0,0.0
own:10,26,installation,operating,0.0,0.0
own:10,27,installation,operating,0.0,0.0
own:10,28,installation,operating,0.0,0.0
own:10,29,installation,operating,0.0,0.0
own:10,30,installation,operating,0.0,0.0
own:10,31,installation,operating,0.0,0.0
own:10,32,installation,operating,0.0,0.0
own:10,33,installation,operating,0.0,0.0
own:10,34,installation,operating,0.0,0.0
own:10,35,installation,operating,0.0,0.0
own:10,36,installation,operating,0.0,0.0
own:10,0,network,capital,0.0,0.0
own:10,1,network,operating,0.0,0.0
own:10,2,network,operating,0.0,0.0
own:10,3,network,operating,0.0,0.0
own:10,4,network,operating,0.0,0.0
own:10,5,network,operating,0.0,0.0
own:10,6,network,operating,0.0,0.0
own:10,7,network,operating,0.0,0.0
own:10,8,network,operating,0.0,0.0
own:10,9,network,operating,0.0,0.0
own:10,10,network,operating,0.0,0.0
own:10,11,network,operating,0.0,0.0
own:10,12,network,operating,0.0,0.0
own:10,13,network,operating,0.0,0.0
own:10,14,network,operating,0.0,0.0
own:10,15,network,operating,0.0,0.0
own:10,16,network,operating,0.0,0.0
own:10,17,network,operating,0.0,0.0
own:10,18,network,operating,0.0,0.0
own:10,19,network,operating,0.0,0.0
own:10,20,network,operating,0.0,0.0
own:10,21,network,operating,0.0,0.0
own:10,22,network,operating,0.0,0.0
own:10,23,network,operating,0.0,0.0
own:10,24,network,operating,0.0,0.0
own:10,25,network,operating,0.0,0.0
own:10,26,network,operating,0.0,0.0
own:10,27,network,operating,0.0,0.0
own:10,28,network,operating,0.0,0.0
own:10,29,network,operating,0.0,0.0
own:10,30,network,operating,0.0,0.0
own:10,31,network,operating,0.0,0.0
own:10,32,network,operating,0.0,0.0
own:10,33,network,operating,0.0,0.0
own:10,34,network,operating,0.0,0.0
own:10,35,network,operating,0.0,0.0
own:10,36,network,operating,0.0,0.0
own:10,0,storage,capital,0.0,0.0
own:10,1,storage,operating,0.0,0.0
own:10,2,storage,operating,0.0,0.0
own:10,3,storage,operating,0.0,0.0
own:10,4,storage,operating,0.0,0.0
own:10,5,storage,operating,0.0,0.0
own:10,6,storage,operating,0.0,0.0
own:10,7,storage,operating,0.0,0.0
own:10,8,storage,operating,0.0,0.0
own:10,9,storage,operating,0.0,0.0
own:10,10,storage,operating,0.0,0.0
own:10,11,storage,operating,0.0,0.0
own:10,12,storage,operating,0.0,0.0
own:10,13,storage,operating,0.0,0.0
own:10,14,storage,operating,0.0,0.0
own:10,15,storage,operating,0.0,0.0
own:10,16,storage,operating,0.0,0.0
own:10,17,storage,operating,0.0,0.0
own:10,18,storage,operating,0.0,0.0
own:10,19,storage,operating,0.0,0.0
own:10,20,storage,operating,0.0,0.0
own:10,21,storage,operating,0.0,0.0
own:10,22,storage,operating,0.0,0.0
own:10,23,storage,operating,0.0,0.0
own:10,24,storage,operating,0.0,0.0
own:10,25,storage,operating,0.0,0.0
own:10,26,storage,operating,0.0,0.0
own:10,27,storage,operating,0.0,0.0
own:10,28,storage,operating,0.0,0.0
own:10,29,storage,operating,0.0,0.0
own:10,30,storage,operating,0.0,0.0
own:10,31,storage,operating,0.0,0.0
own:10,32,storage,operating,0.0,0.0
own:10,33,storage,operating,0.0,0.0
own:10,34,storage,operating,0.0,0.0
own:10,35,storage,operating,0.0,0.0
own:10,36,storage,operating,0.0,0.0
own:10,0,operations,capital,0.0,0.0
own:10,1,operations,operating,0.0,0.0
own:10,2,operations,operating,0.0,0.0
own:10,3,operations,operating,0.0,0.0
own:10,4,operations,operating,0.0,0.0
own:10,5,operations,operating,0.0,0.0
own:10,6,operations,operating,0.0,0.0
own:10,7,operations,operating,5333.333333333333,5044.905028164757
own:10,8,operations,operating,5333.333333333333,5004.994499182386
own:10,9,operations,operating,5333.333333333333,4965.399704651854
own:10,10,operations,operating,5333.333333333333,4926.118146780059
own:10,11,operations,operating,5333.333333333333,4887.147347534078
own:10,12,operations,operating,5333.333333333333,4848.484848484848
own:10,13,operations,operating,5333.333333333333,4810.128210652077
own:10,14,operations,operating,5333.333333333333,4772.075014350384
own:10,15,operations,operating,5333.333333333333,4734.322859036657
own:10,16,operations,operating,5333.333333333333,4696.869363158614
own:10,17,operations,operating,5333.333333333333,4659.712164004571
own:10,18,operations,operating,5333.333333333333,4622.848917554386
own:10,19,operations,operating,5333.333333333333,4586.277298331597
own:10,20,operations,operating,5333.333333333333,4549.9949992567135
own:10,21,operations,operating,5333.333333333333,4513.999731501685
own:10,22,operations,operating,5333.333333333333,4478.289224345508
own:10,23,operations,operating,5333.333333333333,4442.86122503098
own:10,24,operations,operating,5333.333333333333,4407.713498622589
own:10,25,operations,operating,5333.333333333333,4372.843827865524
own:10,26,operations,operating,5333.333333333333,4338.250013045804
own:10,27,operations,operating,5333.333333333333,4303.929871851506
own:10,28,operations,operating,5333.333333333333,4269.881239235103
own:10,29,operations,operating,5333.333333333333,4236.101967276882
own:10,30,operations,operating,5333.333333333333,4202.589925049441
own:10,31,operations,operating,5333.333333333333,4169.342998483269
own:10,32,operations,operating,5333.333333333333,4136.359090233376
own:10,33,operations,operating,5333.333333333333,4103.636119546986
own:10,34,operations,operating,5333.333333333333,4071.17202213228
own:10,35,operations,operating,5333.333333333333,4038.964750028163
own:10,36,operations,operating,5333.333333333333,4007.01227147508
own:10,0,precommission,capital,0.0,0.0
own:10,1,precommission,operating,0.0,0.0
own:10,2,precommission,operating,0.0,0.0
own:10,3,precommission,operating,0.0,0.0
own:10,4,precommission,operating,0.0,0.0
own:10,5,precommission,operating,0.0,0.0
own:10,6,precommission,operating,0.0,0.0
own:10,7,precommission,operating,0.0,0.0
own:10,8,precommission,operating,0.0,0.0
own:10,9,precommission,operating,0.0,0.0
own:10,10,precommission,operating,0.0,0.0
own:10,11,precommission,operating,0.0,0.0
own:10,12,precommission,operating,0.0,0.0
own:10,13,precommission,operating,0.0,0.0
own:10,14,precommission,operating,0.0,0.0
own:10,15,precommission,operating,0.0,0.0
own:10,16,precommission,operating,0.0,0.0
own:10,17,precommission,operating,0.0,0.0
own:10,18,precommission,operating,0.0,0.0
own:10,19,precommission,operating,0.0,0.0
own:10,20,precommission,operating,0.0,0.0
own:10,21,precommission,operating,0.0,0.0
own:10,22,precommission,operating,0.0,0.0
own:10,23,precommission,operating,0.0,0.0
own:10,24,precommission,operating,0.0,0.0
own:10,25,precommission,operating,0.0,0.0
own:10,26,precommission,operating,0.0,0.0
own:10,27,precommission,operating,0.0,0.0
own:10,28,precommission,operating,0.0,0.0
own:10,29,precommission,operating,0.0,0.0
own:10,30,precommission,operating,0.0,0.0
own:10,31,precommission,operating,0.0,0.0
own:10,32,precommission,operating,0.0,0.0
own:10,33,precommission,operating,0.0,0.0
own:10,34,precommission,operating,0.0,0.0
own:10,35,precommission,operating,0.0,0.0
own:10,36,precommission,operating,0.0,0.0
own:10,0,electricity,capital,0.0,0.0
own:10,1,electricity,operating,0.0,0.0
own:10,2,electricity,operating,0.0,0.0
own:10,3,electricity,operating,0.0,0.0
own:10,4,electricity,operating,0.0,0.0
own:10,5,electricity,operating,0.0,0.0
own:10,6,electricity,operating,0.0,0.0
own:10,7,electricity,operating,5797.53199693245,5483.999685425734
own:10,8,electricity,operating,6011.436978814349,5641.351689590137
own:10,9,electricity,operating,5837.6072552016985,5434.885001409757
own:10,10,electricity,operating,6053.055134526962,5590.887139060028
own:10,11,electricity,operating,6074.020410199596,5565.868638107777
own:10,12,electricity,operating,5898.474689274768,5362.249717522516
own:10,13,electricity,operating,6116.265964811846,5516.254398973613
own:10,14,electricity,operating,5939.561898034746,5314.506549337341
own:10,15,electricity,operating,6158.935031109084,5467.197544706509
own:10,16,electricity,operating,6180.429706264629,5442.875800970574
own:10,17,electricity,operating,5801.900767389761,5069.097671278786
own:10,18,electricity,operating,6223.74201406993,5394.641068665174
own:10,19,electricity,operating,6040.594015574374,5194.46985038746
own:10,20,electricity,operating,6256.565685173988,5337.6267337617755
own:10,21,electricity,operating,6068.958690580506,5136.614606207855
own:10,22,electricity,operating,6286.022400167857,5278.242445999913
own:10,23,electricity,operating,6300.861312168694,5248.847326524771
own:10,24,electricity,operating,6112.039760060843,5051.272528975903
own:10,25,electricity,operating,6330.762090823186,5190.643862726476
own:10,26,electricity,operating,6141.120678655453,4995.321912054914
own:10,27,electricity,operating,6360.962624783687,5133.213197725776
own:10,28,electricity,operating,6376.176237907606,5104.78411805594
own:10,29,electricity,operating,5772.936959184517,4585.265551831304
own:10,30,electricity,operating,6406.832048692629,5048.491466122409
own:10,31,electricity,operating,6215.104847357507,4858.669477531773
own:10,32,electricity,operating,6437.795183980772,4992.94361818491
own:10,33,electricity,operating,6245.218993452266,4805.269919252174
own:10,34,electricity,operating,6469.068724700178,4938.129675234434
own:10,35,electricity,operating,6484.822868323678,4910.994557875474
own:10,36,electricity,operating,6290.957209030932,4726.4892629834185
own:10,0,hosting,capital,0.0,0.0
own:10,1,hosting,operating,0.0,0.0
own:10,2,hosting,operating,0.0,0.0
own:10,3,hosting,operating,0.0,0.0
own:10,4,hosting,operating,0.0,0.0
own:10,5,hosting,operating,0.0,0.0
own:10,6,hosting,operating,0.0,0.0
own:10,7,hosting,operating,0.0,0.0
own:10,8,hosting,operating,0.0,0.0
own:10,9,hosting,operating,0.0,0.0
own:10,10,hosting,operating,0.0,0.0
own:10,11,hosting,operating,0.0,0.0
own:10,12,hosting,operating,0.0,0.0
own:10,13,hosting,operating,0.0,0.0
own:10,14,hosting,operating,0.0,0.0
own:10,15,hosting,operating,0.0,0.0
own:10,16,hosting,operating,0.0,0.0
own:10,17,hosting,operating,0.0,0.0
own:10,18,hosting,operating,0.0,0.0
own:10,19,hosting,operating,0.0,0.0
own:10,20,hosting,operating,0.0,0.0
own:10,21,hosting,operating,0.0,0.0
own:10,22,hosting,operating,0.0,0.0
own:10,23,hosting,operating,0.0,0.0
own:10,24,hosting,operating,0.0,0.0
own:10,25,hosting,operating,0.0,0.0
own:10,26,hosting,operating,0.0,0.0
own:10,27,hosting,operating,0.0,0.0
own:10,28,hosting,operating,0.0,0.0
own:10,29,hosting,operating,0.0,0.0
own:10,30,hosting,operating,0.0,0.0
own:10,31,hosting,operating,0.0,0.0
own:10,32,hosting,operating,0.0,0.0
own:10,33,hosting,operating,0.0,0.0
own:10,34,hosting,operating,0.0,0.0
own:10,35,hosting,operating,0.0,0.0
own:10,36,hosting,operating,0.0,0.0
own:10,0,exit,terminal,0.0,0.0
own:10,1,exit,terminal,0.0,0.0
own:10,2,exit,terminal,0.0,0.0
own:10,3,exit,terminal,0.0,0.0
own:10,4,exit,terminal,0.0,0.0
own:10,5,exit,terminal,0.0,0.0
own:10,6,exit,terminal,0.0,0.0
own:10,7,exit,terminal,0.0,0.0
own:10,8,exit,terminal,0.0,0.0
own:10,9,exit,terminal,0.0,0.0
own:10,10,exit,terminal,0.0,0.0
own:10,11,exit,terminal,0.0,0.0
own:10,12,exit,terminal,0.0,0.0
own:10,13,exit,terminal,0.0,0.0
own:10,14,exit,terminal,0.0,0.0
own:10,15,exit,terminal,0.0,0.0
own:10,16,exit,terminal,0.0,0.0
own:10,17,exit,terminal,0.0,0.0
own:10,18,exit,terminal,0.0,0.0
own:10,19,exit,terminal,0.0,0.0
own:10,20,exit,terminal,0.0,0.0
own:10,21,exit,terminal,0.0,0.0
own:10,22,exit,terminal,0.0,0.0
own:10,23,exit,terminal,0.0,0.0
own:10,24,exit,terminal,0.0,0.0
own:10,25,exit,terminal,0.0,0.0
own:10,26,exit,terminal,0.0,0.0
own:10,27,exit,terminal,0.0,0.0
own:10,28,exit,terminal,0.0,0.0
own:10,29,exit,terminal,0.0,0.0
own:10,30,exit,terminal,0.0,0.0
own:10,31,exit,terminal,0.0,0.0
own:10,32,exit,terminal,0.0,0.0
own:10,33,exit,terminal,0.0,0.0
own:10,34,exit,terminal,0.0,0.0
own:10,35,exit,terminal,0.0,0.0
own:10,36,exit,terminal,0.0,0.0
own:10,0,residual,terminal,0.0,0.0
own:10,1,residual,terminal,0.0,0.0
own:10,2,residual,terminal,0.0,0.0
own:10,3,residual,terminal,0.0,0.0
own:10,4,residual,terminal,0.0,0.0
own:10,5,residual,terminal,0.0,0.0
own:10,6,residual,terminal,0.0,0.0
own:10,7,residual,terminal,0.0,0.0
own:10,8,residual,terminal,0.0,0.0
own:10,9,residual,terminal,0.0,0.0
own:10,10,residual,terminal,0.0,0.0
own:10,11,residual,terminal,0.0,0.0
own:10,12,residual,terminal,0.0,0.0
own:10,13,residual,terminal,0.0,0.0
own:10,14,residual,terminal,0.0,0.0
own:10,15,residual,terminal,0.0,0.0
own:10,16,residual,terminal,0.0,0.0
own:10,17,residual,terminal,0.0,0.0
own:10,18,residual,terminal,0.0,0.0
own:10,19,residual,terminal,0.0,0.0
own:10,20,residual,terminal,0.0,0.0
own:10,21,residual,terminal,0.0,0.0
own:10,22,residual,terminal,0.0,0.0
own:10,23,residual,terminal,0.0,0.0
own:10,24,residual,terminal,0.0,0.0
own:10,25,residual,terminal,0.0,0.0
own:10,26,residual,terminal,0.0,0.0
own:10,27,residual,terminal,0.0,0.0
own:10,28,residual,terminal,0.0,0.0
own:10,29,residual,terminal,0.0,0.0
own:10,30,residual,terminal,0.0,0.0
own:10,31,residual,terminal,0.0,0.0
own:10,32,residual,terminal,0.0,0.0
own:10,33,residual,terminal,0.0,0.0
own:10,34,residual,terminal,0.0,0.0
own:10,35,residual,terminal,0.0,0.0
own:10,36,residual,terminal,0.0,0.0
own:11,0,on_demand,capital,0.0,0.0
own:11,1,on_demand,operating,204473.6,202855.99778680265
own:11,2,on_demand,operating,198144.0,195021.34402646002
own:11,3,on_demand,operating,204473.6,199659.08295083806
own:11,4,on_demand,operating,204473.6,198079.56865429203
own:11,5,on_demand,operating,184659.19999999998,177469.61108979152
own:11,6,on_demand,operating,204473.6,194957.92808836754
own:11,7,on_demand,operating,0.0,0.0
own:11,8,on_demand,operating,0.0,0.0
own:11,9,on_demand,operating,0.0,0.0
own:11,10,on_demand,operating,0.0,0.0
own:11,11,on_demand,operating,0.0,0.0
own:11,12,on_demand,operating,0.0,0.0
own:11,13,on_demand,operating,0.0,0.0
own:11,14,on_demand,operating,0.0,0.0
own:11,15,on_demand,operating,0.0,0.0
own:11,16,on_demand,operating,0.0,0.0
own:11,17,on_demand,operating,0.0,0.0
own:11,18,on_demand,operating,0.0,0.0
own:11,19,on_demand,operating,0.0,0.0
own:11,20,on_demand,operating,0.0,0.0
own:11,21,on_demand,operating,0.0,0.0
own:11,22,on_demand,operating,0.0,0.0
own:11,23,on_demand,operating,0.0,0.0
own:11,24,on_demand,operating,0.0,0.0
own:11,25,on_demand,operating,0.0,0.0
own:11,26,on_demand,operating,0.0,0.0
own:11,27,on_demand,operating,0.0,0.0
own:11,28,on_demand,operating,0.0,0.0
own:11,29,on_demand,operating,0.0,0.0
own:11,30,on_demand,operating,0.0,0.0
own:11,31,on_demand,operating,0.0,0.0
own:11,32,on_demand,operating,0.0,0.0
own:11,33,on_demand,operating,0.0,0.0
own:11,34,on_demand,operating,0.0,0.0
own:11,35,on_demand,operating,0.0,0.0
own:11,36,on_demand,operating,0.0,0.0
own:11,0,variable_service,capital,0.0,0.0
own:11,1,variable_service,operating,0.0,0.0
own:11,2,variable_service,operating,0.0,0.0
own:11,3,variable_service,operating,0.0,0.0
own:11,4,variable_service,operating,0.0,0.0
own:11,5,variable_service,operating,0.0,0.0
own:11,6,variable_service,operating,0.0,0.0
own:11,7,variable_service,operating,0.0,0.0
own:11,8,variable_service,operating,0.0,0.0
own:11,9,variable_service,operating,0.0,0.0
own:11,10,variable_service,operating,0.0,0.0
own:11,11,variable_service,operating,0.0,0.0
own:11,12,variable_service,operating,0.0,0.0
own:11,13,variable_service,operating,0.0,0.0
own:11,14,variable_service,operating,0.0,0.0
own:11,15,variable_service,operating,0.0,0.0
own:11,16,variable_service,operating,0.0,0.0
own:11,17,variable_service,operating,0.0,0.0
own:11,18,variable_service,operating,0.0,0.0
own:11,19,variable_service,operating,0.0,0.0
own:11,20,variable_service,operating,0.0,0.0
own:11,21,variable_service,operating,0.0,0.0
own:11,22,variable_service,operating,0.0,0.0
own:11,23,variable_service,operating,0.0,0.0
own:11,24,variable_service,operating,0.0,0.0
own:11,25,variable_service,operating,0.0,0.0
own:11,26,variable_service,operating,0.0,0.0
own:11,27,variable_service,operating,0.0,0.0
own:11,28,variable_service,operating,0.0,0.0
own:11,29,variable_service,operating,0.0,0.0
own:11,30,variable_service,operating,0.0,0.0
own:11,31,variable_service,operating,0.0,0.0
own:11,32,variable_service,operating,0.0,0.0
own:11,33,variable_service,operating,0.0,0.0
own:11,34,variable_service,operating,0.0,0.0
own:11,35,variable_service,operating,0.0,0.0
own:11,36,variable_service,operating,0.0,0.0
own:11,0,node_acquisition,capital,4400000.0,4400000.0
own:11,1,node_acquisition,operating,0.0,0.0
own:11,2,node_acquisition,operating,0.0,0.0
own:11,3,node_acquisition,operating,0.0,0.0
own:11,4,node_acquisition,operating,0.0,0.0
own:11,5,node_acquisition,operating,0.0,0.0
own:11,6,node_acquisition,operating,0.0,0.0
own:11,7,node_acquisition,operating,0.0,0.0
own:11,8,node_acquisition,operating,0.0,0.0
own:11,9,node_acquisition,operating,0.0,0.0
own:11,10,node_acquisition,operating,0.0,0.0
own:11,11,node_acquisition,operating,0.0,0.0
own:11,12,node_acquisition,operating,0.0,0.0
own:11,13,node_acquisition,operating,0.0,0.0
own:11,14,node_acquisition,operating,0.0,0.0
own:11,15,node_acquisition,operating,0.0,0.0
own:11,16,node_acquisition,operating,0.0,0.0
own:11,17,node_acquisition,operating,0.0,0.0
own:11,18,node_acquisition,operating,0.0,0.0
own:11,19,node_acquisition,operating,0.0,0.0
own:11,20,node_acquisition,operating,0.0,0.0
own:11,21,node_acquisition,operating,0.0,0.0
own:11,22,node_acquisition,operating,0.0,0.0
own:11,23,node_acquisition,operating,0.0,0.0
own:11,24,node_acquisition,operating,0.0,0.0
own:11,25,node_acquisition,operating,0.0,0.0
own:11,26,node_acquisition,operating,0.0,0.0
own:11,27,node_acquisition,operating,0.0,0.0
own:11,28,node_acquisition,operating,0.0,0.0
own:11,29,node_acquisition,operating,0.0,0.0
own:11,30,node_acquisition,operating,0.0,0.0
own:11,31,node_acquisition,operating,0.0,0.0
own:11,32,node_acquisition,operating,0.0,0.0
own:11,33,node_acquisition,operating,0.0,0.0
own:11,34,node_acquisition,operating,0.0,0.0
own:11,35,node_acquisition,operating,0.0,0.0
own:11,36,node_acquisition,operating,0.0,0.0
own:11,0,installation,capital,50000.0,50000.0
own:11,1,installation,operating,0.0,0.0
own:11,2,installation,operating,0.0,0.0
own:11,3,installation,operating,0.0,0.0
own:11,4,installation,operating,0.0,0.0
own:11,5,installation,operating,0.0,0.0
own:11,6,installation,operating,0.0,0.0
own:11,7,installation,operating,0.0,0.0
own:11,8,installation,operating,0.0,0.0
own:11,9,installation,operating,0.0,0.0
own:11,10,installation,operating,0.0,0.0
own:11,11,installation,operating,0.0,0.0
own:11,12,installation,operating,0.0,0.0
own:11,13,installation,operating,0.0,0.0
own:11,14,installation,operating,0.0,0.0
own:11,15,installation,operating,0.0,0.0
own:11,16,installation,operating,0.0,0.0
own:11,17,installation,operating,0.0,0.0
own:11,18,installation,operating,0.0,0.0
own:11,19,installation,operating,0.0,0.0
own:11,20,installation,operating,0.0,0.0
own:11,21,installation,operating,0.0,0.0
own:11,22,installation,operating,0.0,0.0
own:11,23,installation,operating,0.0,0.0
own:11,24,installation,operating,0.0,0.0
own:11,25,installation,operating,0.0,0.0
own:11,26,installation,operating,0.0,0.0
own:11,27,installation,operating,0.0,0.0
own:11,28,installation,operating,0.0,0.0
own:11,29,installation,operating,0.0,0.0
own:11,30,installation,operating,0.0,0.0
own:11,31,installation,operating,0.0,0.0
own:11,32,installation,operating,0.0,0.0
own:11,33,installation,operating,0.0,0.0
own:11,34,installation,operating,0.0,0.0
own:11,35,installation,operating,0.0,0.0
own:11,36,installation,operating,0.0,0.0
own:11,0,network,capital,0.0,0.0
own:11,1,network,operating,0.0,0.0
own:11,2,network,operating,0.0,0.0
own:11,3,network,operating,0.0,0.0
own:11,4,network,operating,0.0,0.0
own:11,5,network,operating,0.0,0.0
own:11,6,network,operating,0.0,0.0
own:11,7,network,operating,0.0,0.0
own:11,8,network,operating,0.0,0.0
own:11,9,network,operating,0.0,0.0
own:11,10,network,operating,0.0,0.0
own:11,11,network,operating,0.0,0.0
own:11,12,network,operating,0.0,0.0
own:11,13,network,operating,0.0,0.0
own:11,14,network,operating,0.0,0.0
own:11,15,network,operating,0.0,0.0
own:11,16,network,operating,0.0,0.0
own:11,17,network,operating,0.0,0.0
own:11,18,network,operating,0.0,0.0
own:11,19,network,operating,0.0,0.0
own:11,20,network,operating,0.0,0.0
own:11,21,network,operating,0.0,0.0
own:11,22,network,operating,0.0,0.0
own:11,23,network,operating,0.0,0.0
own:11,24,network,operating,0.0,0.0
own:11,25,network,operating,0.0,0.0
own:11,26,network,operating,0.0,0.0
own:11,27,network,operating,0.0,0.0
own:11,28,network,operating,0.0,0.0
own:11,29,network,operating,0.0,0.0
own:11,30,network,operating,0.0,0.0
own:11,31,network,operating,0.0,0.0
own:11,32,network,operating,0.0,0.0
own:11,33,network,operating,0.0,0.0
own:11,34,network,operating,0.0,0.0
own:11,35,network,operating,0.0,0.0
own:11,36,network,operating,0.0,0.0
own:11,0,storage,capital,0.0,0.0
own:11,1,storage,operating,0.0,0.0
own:11,2,storage,operating,0.0,0.0
own:11,3,storage,operating,0.0,0.0
own:11,4,storage,operating,0.0,0.0
own:11,5,storage,operating,0.0,0.0
own:11,6,storage,operating,0.0,0.0
own:11,7,storage,operating,0.0,0.0
own:11,8,storage,operating,0.0,0.0
own:11,9,storage,operating,0.0,0.0
own:11,10,storage,operating,0.0,0.0
own:11,11,storage,operating,0.0,0.0
own:11,12,storage,operating,0.0,0.0
own:11,13,storage,operating,0.0,0.0
own:11,14,storage,operating,0.0,0.0
own:11,15,storage,operating,0.0,0.0
own:11,16,storage,operating,0.0,0.0
own:11,17,storage,operating,0.0,0.0
own:11,18,storage,operating,0.0,0.0
own:11,19,storage,operating,0.0,0.0
own:11,20,storage,operating,0.0,0.0
own:11,21,storage,operating,0.0,0.0
own:11,22,storage,operating,0.0,0.0
own:11,23,storage,operating,0.0,0.0
own:11,24,storage,operating,0.0,0.0
own:11,25,storage,operating,0.0,0.0
own:11,26,storage,operating,0.0,0.0
own:11,27,storage,operating,0.0,0.0
own:11,28,storage,operating,0.0,0.0
own:11,29,storage,operating,0.0,0.0
own:11,30,storage,operating,0.0,0.0
own:11,31,storage,operating,0.0,0.0
own:11,32,storage,operating,0.0,0.0
own:11,33,storage,operating,0.0,0.0
own:11,34,storage,operating,0.0,0.0
own:11,35,storage,operating,0.0,0.0
own:11,36,storage,operating,0.0,0.0
own:11,0,operations,capital,0.0,0.0
own:11,1,operations,operating,0.0,0.0
own:11,2,operations,operating,0.0,0.0
own:11,3,operations,operating,0.0,0.0
own:11,4,operations,operating,0.0,0.0
own:11,5,operations,operating,0.0,0.0
own:11,6,operations,operating,0.0,0.0
own:11,7,operations,operating,5666.666666666667,5360.211592425055
own:11,8,operations,operating,5666.666666666667,5317.806655381285
own:11,9,operations,operating,5666.666666666667,5275.737186192596
own:11,10,operations,operating,5666.666666666667,5234.000530953814
own:11,11,operations,operating,5666.666666666667,5192.594056754959
own:11,12,operations,operating,5666.666666666667,5151.515151515152
own:11,13,operations,operating,5666.666666666667,5110.761223817833
own:11,14,operations,operating,5666.666666666667,5070.329702747283
own:11,15,operations,operating,5666.666666666667,5030.2180377264485
own:11,16,operations,operating,5666.666666666667,4990.423698356028
own:11,17,operations,operating,5666.666666666667,4950.944174254857
own:11,18,operations,operating,5666.666666666667,4911.776974901536
own:11,19,operations,operating,5666.666666666667,4872.919629477323
own:11,20,operations,operating,5666.666666666667,4834.369686710259
own:11,21,operations,operating,5666.666666666667,4796.124714720541
own:11,22,operations,operating,5666.666666666667,4758.182300867103
own:11,23,operations,operating,5666.666666666667,4720.540051595416
own:11,24,operations,operating,5666.666666666667,4683.195592286501
own:11,25,operations,operating,5666.666666666667,4646.146567107119
own:11,26,operations,operating,5666.666666666667,4609.390638861167
own:11,27,operations,operating,5666.666666666667,4572.925488842225
own:11,28,operations,operating,5666.666666666667,4536.748816687297
own:11,29,operations,operating,5666.666666666667,4500.858340231688
own:11,30,operations,operating,5666.666666666667,4465.251795365032
own:11,31,operations,operating,5666.666666666667,4429.926935888474
own:11,32,operations,operating,5666.666666666667,4394.881533372963
own:11,33,operations,operating,5666.666666666667,4360.113377018673
own:11,34,operations,operating,5666.666666666667,4325.6202735155475
own:11,35,operations,operating,5666.666666666667,4291.400046904924
own:11,36,operations,operating,5666.666666666667,4257.450538442273
own:11,0,precommission,capital,0.0,0.0
own:11,1,precommission,operating,0.0,0.0
own:11,2,precommission,operating,0.0,0.0
own:11,3,precommission,operating,0.0,0.0
own:11,4,precommission,operating,0.0,0.0
own:11,5,precommission,operating,0.0,0.0
own:11,6,precommission,operating,0.0,0.0
own:11,7,precommission,operating,0.0,0.0
own:11,8,precommission,operating,0.0,0.0
own:11,9,precommission,operating,0.0,0.0
own:11,10,precommission,operating,0.0,0.0
own:11,11,precommission,operating,0.0,0.0
own:11,12,precommission,operating,0.0,0.0
own:11,13,precommission,operating,0.0,0.0
own:11,14,precommission,operating,0.0,0.0
own:11,15,precommission,operating,0.0,0.0
own:11,16,precommission,operating,0.0,0.0
own:11,17,precommission,operating,0.0,0.0
own:11,18,precommission,operating,0.0,0.0
own:11,19,precommission,operating,0.0,0.0
own:11,20,precommission,operating,0.0,0.0
own:11,21,precommission,operating,0.0,0.0
own:11,22,precommission,operating,0.0,0.0
own:11,23,precommission,operating,0.0,0.0
own:11,24,precommission,operating,0.0,0.0
own:11,25,precommission,operating,0.0,0.0
own:11,26,precommission,operating,0.0,0.0
own:11,27,precommission,operating,0.0,0.0
own:11,28,precommission,operating,0.0,0.0
own:11,29,precommission,operating,0.0,0.0
own:11,30,precommission,operating,0.0,0.0
own:11,31,precommission,operating,0.0,0.0
own:11,32,precommission,operating,0.0,0.0
own:11,33,precommission,operating,0.0,0.0
own:11,34,precommission,operating,0.0,0.0
own:11,35,precommission,operating,0.0,0.0
own:11,36,precommission,operating,0.0,0.0
own:11,0,electricity,capital,0.0,0.0
own:11,1,electricity,operating,0.0,0.0
own:11,2,electricity,operating,0.0,0.0
own:11,3,electricity,operating,0.0,0.0
own:11,4,electricity,operating,0.0,0.0
own:11,5,electricity,operating,0.0,0.0
own:11,6,electricity,operating,0.0,0.0
own:11,7,electricity,operating,5977.53199693245,5654.265230126294
own:11,8,electricity,operating,6197.436978814349,5815.900872749123
own:11,9,electricity,operating,6017.6072552016985,5602.467241441757
own:11,10,electricity,operating,6239.055134526962,5762.685509428983
own:11,11,electricity,operating,6260.020410199596,5736.307901853028
own:11,12,electricity,operating,6078.474689274768,5525.88608115888
own:11,13,electricity,operating,6302.265964811846,5684.007620320104
own:11,14,electricity,operating,6119.561898034746,5475.564081071667
own:11,15,electricity,operating,6344.935031109084,5632.3070544154125
own:11,16,electricity,operating,6366.429706264629,5606.679120010731
own:11,17,electricity,operating,5975.900767389761,5221.120780629435
own:11,18,electricity,operating,6409.74201406993,5555.862924664883
own:11,19,electricity,operating,6224.091023361561,5352.263880598614
own:11,20,electricity,operating,6453.488527760981,5505.626349201195
own:11,21,electricity,operating,6266.63803587076,5303.925452126037
own:11,22,electricity,operating,6497.673600251784,5455.961562622846
own:11,23,electricity,operating,6519.931968253041,5431.341174673379
own:11,24,electricity,operating,6331.259640091265,5232.4459835464995
own:11,25,electricity,operating,6564.783136234778,5382.5196409799855
own:11,26,electricity,operating,6374.881017983178,5185.467686143306
own:11,27,electricity,operating,6610.08393717553,5334.250821122921
own:11,28,electricity,operating,6632.904356861409,5310.3213515631205
own:11,29,electricity,operating,6011.725438776775,4774.92786711202
own:11,30,electricity,operating,6678.888073038943,5262.867698678689
own:11,31,electricity,operating,6485.857271036261,5070.330675404408
own:11,32,electricity,operating,6725.332775971157,5215.948380512393
own:11,33,electricity,operating,6531.0284901784,5025.180826891219
own:11,34,electricity,operating,6772.243087050267,5169.556234327086
own:11,35,electricity,operating,6795.8743024855185,5146.555641255233
own:11,36,electricity,operating,6599.635813546398,4958.404067277533
own:11,0,hosting,capital,0.0,0.0
own:11,1,hosting,operating,0.0,0.0
own:11,2,hosting,operating,0.0,0.0
own:11,3,hosting,operating,0.0,0.0
own:11,4,hosting,operating,0.0,0.0
own:11,5,hosting,operating,0.0,0.0
own:11,6,hosting,operating,0.0,0.0
own:11,7,hosting,operating,0.0,0.0
own:11,8,hosting,operating,0.0,0.0
own:11,9,hosting,operating,0.0,0.0
own:11,10,hosting,operating,0.0,0.0
own:11,11,hosting,operating,0.0,0.0
own:11,12,hosting,operating,0.0,0.0
own:11,13,hosting,operating,0.0,0.0
own:11,14,hosting,operating,0.0,0.0
own:11,15,hosting,operating,0.0,0.0
own:11,16,hosting,operating,0.0,0.0
own:11,17,hosting,operating,0.0,0.0
own:11,18,hosting,operating,0.0,0.0
own:11,19,hosting,operating,0.0,0.0
own:11,20,hosting,operating,0.0,0.0
own:11,21,hosting,operating,0.0,0.0
own:11,22,hosting,operating,0.0,0.0
own:11,23,hosting,operating,0.0,0.0
own:11,24,hosting,operating,0.0,0.0
own:11,25,hosting,operating,0.0,0.0
own:11,26,hosting,operating,0.0,0.0
own:11,27,hosting,operating,0.0,0.0
own:11,28,hosting,operating,0.0,0.0
own:11,29,hosting,operating,0.0,0.0
own:11,30,hosting,operating,0.0,0.0
own:11,31,hosting,operating,0.0,0.0
own:11,32,hosting,operating,0.0,0.0
own:11,33,hosting,operating,0.0,0.0
own:11,34,hosting,operating,0.0,0.0
own:11,35,hosting,operating,0.0,0.0
own:11,36,hosting,operating,0.0,0.0
own:11,0,exit,terminal,0.0,0.0
own:11,1,exit,terminal,0.0,0.0
own:11,2,exit,terminal,0.0,0.0
own:11,3,exit,terminal,0.0,0.0
own:11,4,exit,terminal,0.0,0.0
own:11,5,exit,terminal,0.0,0.0
own:11,6,exit,terminal,0.0,0.0
own:11,7,exit,terminal,0.0,0.0
own:11,8,exit,terminal,0.0,0.0
own:11,9,exit,terminal,0.0,0.0
own:11,10,exit,terminal,0.0,0.0
own:11,11,exit,terminal,0.0,0.0
own:11,12,exit,terminal,0.0,0.0
own:11,13,exit,terminal,0.0,0.0
own:11,14,exit,terminal,0.0,0.0
own:11,15,exit,terminal,0.0,0.0
own:11,16,exit,terminal,0.0,0.0
own:11,17,exit,terminal,0.0,0.0
own:11,18,exit,terminal,0.0,0.0
own:11,19,exit,terminal,0.0,0.0
own:11,20,exit,terminal,0.0,0.0
own:11,21,exit,terminal,0.0,0.0
own:11,22,exit,terminal,0.0,0.0
own:11,23,exit,terminal,0.0,0.0
own:11,24,exit,terminal,0.0,0.0
own:11,25,exit,terminal,0.0,0.0
own:11,26,exit,terminal,0.0,0.0
own:11,27,exit,terminal,0.0,0.0
own:11,28,exit,terminal,0.0,0.0
own:11,29,exit,terminal,0.0,0.0
own:11,30,exit,terminal,0.0,0.0
own:11,31,exit,terminal,0.0,0.0
own:11,32,exit,terminal,0.0,0.0
own:11,33,exit,terminal,0.0,0.0
own:11,34,exit,terminal,0.0,0.0
own:11,35,exit,terminal,0.0,0.0
own:11,36,exit,terminal,0.0,0.0
own:11,0,residual,terminal,0.0,0.0
own:11,1,residual,terminal,0.0,0.0
own:11,2,residual,terminal,0.0,0.0
own:11,3,residual,terminal,0.0,0.0
own:11,4,residual,terminal,0.0,0.0
own:11,5,residual,terminal,0.0,0.0
own:11,6,residual,terminal,0.0,0.0
own:11,7,residual,terminal,0.0,0.0
own:11,8,residual,terminal,0.0,0.0
own:11,9,residual,terminal,0.0,0.0
own:11,10,residual,terminal,0.0,0.0
own:11,11,residual,terminal,0.0,0.0
own:11,12,residual,terminal,0.0,0.0
own:11,13,residual,terminal,0.0,0.0
own:11,14,residual,terminal,0.0,0.0
own:11,15,residual,terminal,0.0,0.0
own:11,16,residual,terminal,0.0,0.0
own:11,17,residual,terminal,0.0,0.0
own:11,18,residual,terminal,0.0,0.0
own:11,19,residual,terminal,0.0,0.0
own:11,20,residual,terminal,0.0,0.0
own:11,21,residual,terminal,0.0,0.0
own:11,22,residual,terminal,0.0,0.0
own:11,23,residual,terminal,0.0,0.0
own:11,24,residual,terminal,0.0,0.0
own:11,25,residual,terminal,0.0,0.0
own:11,26,residual,terminal,0.0,0.0
own:11,27,residual,terminal,0.0,0.0
own:11,28,residual,terminal,0.0,0.0
own:11,29,residual,terminal,0.0,0.0
own:11,30,residual,terminal,0.0,0.0
own:11,31,residual,terminal,0.0,0.0
own:11,32,residual,terminal,0.0,0.0
own:11,33,residual,terminal,0.0,0.0
own:11,34,residual,terminal,0.0,0.0
own:11,35,residual,terminal,0.0,0.0
own:11,36,residual,terminal,0.0,0.0
own:12,0,on_demand,capital,0.0,0.0
own:12,1,on_demand,operating,204473.6,202855.99778680265
own:12,2,on_demand,operating,198144.0,195021.34402646002
own:12,3,on_demand,operating,204473.6,199659.08295083806
own:12,4,on_demand,operating,204473.6,198079.56865429203
own:12,5,on_demand,operating,184659.19999999998,177469.61108979152
own:12,6,on_demand,operating,204473.6,194957.92808836754
own:12,7,on_demand,operating,0.0,0.0
own:12,8,on_demand,operating,0.0,0.0
own:12,9,on_demand,operating,0.0,0.0
own:12,10,on_demand,operating,0.0,0.0
own:12,11,on_demand,operating,0.0,0.0
own:12,12,on_demand,operating,0.0,0.0
own:12,13,on_demand,operating,0.0,0.0
own:12,14,on_demand,operating,0.0,0.0
own:12,15,on_demand,operating,0.0,0.0
own:12,16,on_demand,operating,0.0,0.0
own:12,17,on_demand,operating,0.0,0.0
own:12,18,on_demand,operating,0.0,0.0
own:12,19,on_demand,operating,0.0,0.0
own:12,20,on_demand,operating,0.0,0.0
own:12,21,on_demand,operating,0.0,0.0
own:12,22,on_demand,operating,0.0,0.0
own:12,23,on_demand,operating,0.0,0.0
own:12,24,on_demand,operating,0.0,0.0
own:12,25,on_demand,operating,0.0,0.0
own:12,26,on_demand,operating,0.0,0.0
own:12,27,on_demand,operating,0.0,0.0
own:12,28,on_demand,operating,0.0,0.0
own:12,29,on_demand,operating,0.0,0.0
own:12,30,on_demand,operating,0.0,0.0
own:12,31,on_demand,operating,0.0,0.0
own:12,32,on_demand,operating,0.0,0.0
own:12,33,on_demand,operating,0.0,0.0
own:12,34,on_demand,operating,0.0,0.0
own:12,35,on_demand,operating,0.0,0.0
own:12,36,on_demand,operating,0.0,0.0
own:12,0,variable_service,capital,0.0,0.0
own:12,1,variable_service,operating,0.0,0.0
own:12,2,variable_service,operating,0.0,0.0
own:12,3,variable_service,operating,0.0,0.0
own:12,4,variable_service,operating,0.0,0.0
own:12,5,variable_service,operating,0.0,0.0
own:12,6,variable_service,operating,0.0,0.0
own:12,7,variable_service,operating,0.0,0.0
own:12,8,variable_service,operating,0.0,0.0
own:12,9,variable_service,operating,0.0,0.0
own:12,10,variable_service,operating,0.0,0.0
own:12,11,variable_service,operating,0.0,0.0
own:12,12,variable_service,operating,0.0,0.0
own:12,13,variable_service,operating,0.0,0.0
own:12,14,variable_service,operating,0.0,0.0
own:12,15,variable_service,operating,0.0,0.0
own:12,16,variable_service,operating,0.0,0.0
own:12,17,variable_service,operating,0.0,0.0
own:12,18,variable_service,operating,0.0,0.0
own:12,19,variable_service,operating,0.0,0.0
own:12,20,variable_service,operating,0.0,0.0
own:12,21,variable_service,operating,0.0,0.0
own:12,22,variable_service,operating,0.0,0.0
own:12,23,variable_service,operating,0.0,0.0
own:12,24,variable_service,operating,0.0,0.0
own:12,25,variable_service,operating,0.0,0.0
own:12,26,variable_service,operating,0.0,0.0
own:12,27,variable_service,operating,0.0,0.0
own:12,28,variable_service,operating,0.0,0.0
own:12,29,variable_service,operating,0.0,0.0
own:12,30,variable_service,operating,0.0,0.0
own:12,31,variable_service,operating,0.0,0.0
own:12,32,variable_service,operating,0.0,0.0
own:12,33,variable_service,operating,0.0,0.0
own:12,34,variable_service,operating,0.0,0.0
own:12,35,variable_service,operating,0.0,0.0
own:12,36,variable_service,operating,0.0,0.0
own:12,0,node_acquisition,capital,4800000.0,4800000.0
own:12,1,node_acquisition,operating,0.0,0.0
own:12,2,node_acquisition,operating,0.0,0.0
own:12,3,node_acquisition,operating,0.0,0.0
own:12,4,node_acquisition,operating,0.0,0.0
own:12,5,node_acquisition,operating,0.0,0.0
own:12,6,node_acquisition,operating,0.0,0.0
own:12,7,node_acquisition,operating,0.0,0.0
own:12,8,node_acquisition,operating,0.0,0.0
own:12,9,node_acquisition,operating,0.0,0.0
own:12,10,node_acquisition,operating,0.0,0.0
own:12,11,node_acquisition,operating,0.0,0.0
own:12,12,node_acquisition,operating,0.0,0.0
own:12,13,node_acquisition,operating,0.0,0.0
own:12,14,node_acquisition,operating,0.0,0.0
own:12,15,node_acquisition,operating,0.0,0.0
own:12,16,node_acquisition,operating,0.0,0.0
own:12,17,node_acquisition,operating,0.0,0.0
own:12,18,node_acquisition,operating,0.0,0.0
own:12,19,node_acquisition,operating,0.0,0.0
own:12,20,node_acquisition,operating,0.0,0.0
own:12,21,node_acquisition,operating,0.0,0.0
own:12,22,node_acquisition,operating,0.0,0.0
own:12,23,node_acquisition,operating,0.0,0.0
own:12,24,node_acquisition,operating,0.0,0.0
own:12,25,node_acquisition,operating,0.0,0.0
own:12,26,node_acquisition,operating,0.0,0.0
own:12,27,node_acquisition,operating,0.0,0.0
own:12,28,node_acquisition,operating,0.0,0.0
own:12,29,node_acquisition,operating,0.0,0.0
own:12,30,node_acquisition,operating,0.0,0.0
own:12,31,node_acquisition,operating,0.0,0.0
own:12,32,node_acquisition,operating,0.0,0.0
own:12,33,node_acquisition,operating,0.0,0.0
own:12,34,node_acquisition,operating,0.0,0.0
own:12,35,node_acquisition,operating,0.0,0.0
own:12,36,node_acquisition,operating,0.0,0.0
own:12,0,installation,capital,50000.0,50000.0
own:12,1,installation,operating,0.0,0.0
own:12,2,installation,operating,0.0,0.0
own:12,3,installation,operating,0.0,0.0
own:12,4,installation,operating,0.0,0.0
own:12,5,installation,operating,0.0,0.0
own:12,6,installation,operating,0.0,0.0
own:12,7,installation,operating,0.0,0.0
own:12,8,installation,operating,0.0,0.0
own:12,9,installation,operating,0.0,0.0
own:12,10,installation,operating,0.0,0.0
own:12,11,installation,operating,0.0,0.0
own:12,12,installation,operating,0.0,0.0
own:12,13,installation,operating,0.0,0.0
own:12,14,installation,operating,0.0,0.0
own:12,15,installation,operating,0.0,0.0
own:12,16,installation,operating,0.0,0.0
own:12,17,installation,operating,0.0,0.0
own:12,18,installation,operating,0.0,0.0
own:12,19,installation,operating,0.0,0.0
own:12,20,installation,operating,0.0,0.0
own:12,21,installation,operating,0.0,0.0
own:12,22,installation,operating,0.0,0.0
own:12,23,installation,operating,0.0,0.0
own:12,24,installation,operating,0.0,0.0
own:12,25,installation,operating,0.0,0.0
own:12,26,installation,operating,0.0,0.0
own:12,27,installation,operating,0.0,0.0
own:12,28,installation,operating,0.0,0.0
own:12,29,installation,operating,0.0,0.0
own:12,30,installation,operating,0.0,0.0
own:12,31,installation,operating,0.0,0.0
own:12,32,installation,operating,0.0,0.0
own:12,33,installation,operating,0.0,0.0
own:12,34,installation,operating,0.0,0.0
own:12,35,installation,operating,0.0,0.0
own:12,36,installation,operating,0.0,0.0
own:12,0,network,capital,0.0,0.0
own:12,1,network,operating,0.0,0.0
own:12,2,network,operating,0.0,0.0
own:12,3,network,operating,0.0,0.0
own:12,4,network,operating,0.0,0.0
own:12,5,network,operating,0.0,0.0
own:12,6,network,operating,0.0,0.0
own:12,7,network,operating,0.0,0.0
own:12,8,network,operating,0.0,0.0
own:12,9,network,operating,0.0,0.0
own:12,10,network,operating,0.0,0.0
own:12,11,network,operating,0.0,0.0
own:12,12,network,operating,0.0,0.0
own:12,13,network,operating,0.0,0.0
own:12,14,network,operating,0.0,0.0
own:12,15,network,operating,0.0,0.0
own:12,16,network,operating,0.0,0.0
own:12,17,network,operating,0.0,0.0
own:12,18,network,operating,0.0,0.0
own:12,19,network,operating,0.0,0.0
own:12,20,network,operating,0.0,0.0
own:12,21,network,operating,0.0,0.0
own:12,22,network,operating,0.0,0.0
own:12,23,network,operating,0.0,0.0
own:12,24,network,operating,0.0,0.0
own:12,25,network,operating,0.0,0.0
own:12,26,network,operating,0.0,0.0
own:12,27,network,operating,0.0,0.0
own:12,28,network,operating,0.0,0.0
own:12,29,network,operating,0.0,0.0
own:12,30,network,operating,0.0,0.0
own:12,31,network,operating,0.0,0.0
own:12,32,network,operating,0.0,0.0
own:12,33,network,operating,0.0,0.0
own:12,34,network,operating,0.0,0.0
own:12,35,network,operating,0.0,0.0
own:12,36,network,operating,0.0,0.0
own:12,0,storage,capital,0.0,0.0
own:12,1,storage,operating,0.0,0.0
own:12,2,storage,operating,0.0,0.0
own:12,3,storage,operating,0.0,0.0
own:12,4,storage,operating,0.0,0.0
own:12,5,storage,operating,0.0,0.0
own:12,6,storage,operating,0.0,0.0
own:12,7,storage,operating,0.0,0.0
own:12,8,storage,operating,0.0,0.0
own:12,9,storage,operating,0.0,0.0
own:12,10,storage,operating,0.0,0.0
own:12,11,storage,operating,0.0,0.0
own:12,12,storage,operating,0.0,0.0
own:12,13,storage,operating,0.0,0.0
own:12,14,storage,operating,0.0,0.0
own:12,15,storage,operating,0.0,0.0
own:12,16,storage,operating,0.0,0.0
own:12,17,storage,operating,0.0,0.0
own:12,18,storage,operating,0.0,0.0
own:12,19,storage,operating,0.0,0.0
own:12,20,storage,operating,0.0,0.0
own:12,21,storage,operating,0.0,0.0
own:12,22,storage,operating,0.0,0.0
own:12,23,storage,operating,0.0,0.0
own:12,24,storage,operating,0.0,0.0
own:12,25,storage,operating,0.0,0.0
own:12,26,storage,operating,0.0,0.0
own:12,27,storage,operating,0.0,0.0
own:12,28,storage,operating,0.0,0.0
own:12,29,storage,operating,0.0,0.0
own:12,30,storage,operating,0.0,0.0
own:12,31,storage,operating,0.0,0.0
own:12,32,storage,operating,0.0,0.0
own:12,33,storage,operating,0.0,0.0
own:12,34,storage,operating,0.0,0.0
own:12,35,storage,operating,0.0,0.0
own:12,36,storage,operating,0.0,0.0
own:12,0,operations,capital,0.0,0.0
own:12,1,operations,operating,0.0,0.0
own:12,2,operations,operating,0.0,0.0
own:12,3,operations,operating,0.0,0.0
own:12,4,operations,operating,0.0,0.0
own:12,5,operations,operating,0.0,0.0
own:12,6,operations,operating,0.0,0.0
own:12,7,operations,operating,6000.0,5675.518156685352
own:12,8,operations,operating,6000.0,5630.618811580184
own:12,9,operations,operating,6000.0,5586.074667733336
own:12,10,operations,operating,6000.0,5541.882915127567
own:12,11,operations,operating,6000.0,5498.040765975838
own:12,12,operations,operating,6000.0,5454.545454545454
own:12,13,operations,operating,6000.0,5411.394236983587
own:12,14,operations,operating,6000.0,5368.584391144182
own:12,15,operations,operating,6000.0,5326.113216416239
own:12,16,operations,operating,6000.0,5283.9780335534415
own:12,17,operations,operating,6000.0,5242.176184505142
own:12,18,operations,operating,6000.0,5200.705032248685
own:12,19,operations,operating,6000.0,5159.561960623047
own:12,20,operations,operating,6000.0,5118.7443741638035
own:12,21,operations,operating,6000.0,5078.249697939396
own:12,22,operations,operating,6000.0,5038.075377388697
own:12,23,operations,operating,6000.0,4998.2188781598525
own:12,24,operations,operating,6000.0,4958.6776859504125
own:12,25,operations,operating,6000.0,4919.449306348714
own:12,26,operations,operating,6000.0,4880.531264676529
own:12,27,operations,operating,6000.0,4841.921105832944
own:12,28,operations,operating,6000.0,4803.616394139492
own:12,29,operations,operating,6000.0,4765.614713186493
own:12,30,operations,operating,6000.0,4727.913665680622
own:12,31,operations,operating,6000.0,4690.510873293679
own:12,32,operations,operating,6000.0,4653.403976512548
own:12,33,operations,operating,6000.0,4616.59063449036
own:12,34,operations,operating,6000.0,4580.068524898815
own:12,35,operations,operating,6000.0,4543.835343781684
own:12,36,operations,operating,6000.0,4507.888805409465
own:12,0,precommission,capital,0.0,0.0
own:12,1,precommission,operating,0.0,0.0
own:12,2,precommission,operating,0.0,0.0
own:12,3,precommission,operating,0.0,0.0
own:12,4,precommission,operating,0.0,0.0
own:12,5,precommission,operating,0.0,0.0
own:12,6,precommission,operating,0.0,0.0
own:12,7,precommission,operating,0.0,0.0
own:12,8,precommission,operating,0.0,0.0
own:12,9,precommission,operating,0.0,0.0
own:12,10,precommission,operating,0.0,0.0
own:12,11,precommission,operating,0.0,0.0
own:12,12,precommission,operating,0.0,0.0
own:12,13,precommission,operating,0.0,0.0
own:12,14,precommission,operating,0.0,0.0
own:12,15,precommission,operating,0.0,0.0
own:12,16,precommission,operating,0.0,0.0
own:12,17,precommission,operating,0.0,0.0
own:12,18,precommission,operating,0.0,0.0
own:12,19,precommission,operating,0.0,0.0
own:12,20,precommission,operating,0.0,0.0
own:12,21,precommission,operating,0.0,0.0
own:12,22,precommission,operating,0.0,0.0
own:12,23,precommission,operating,0.0,0.0
own:12,24,precommission,operating,0.0,0.0
own:12,25,precommission,operating,0.0,0.0
own:12,26,precommission,operating,0.0,0.0
own:12,27,precommission,operating,0.0,0.0
own:12,28,precommission,operating,0.0,0.0
own:12,29,precommission,operating,0.0,0.0
own:12,30,precommission,operating,0.0,0.0
own:12,31,precommission,operating,0.0,0.0
own:12,32,precommission,operating,0.0,0.0
own:12,33,precommission,operating,0.0,0.0
own:12,34,precommission,operating,0.0,0.0
own:12,35,precommission,operating,0.0,0.0
own:12,36,precommission,operating,0.0,0.0
own:12,0,electricity,capital,0.0,0.0
own:12,1,electricity,operating,0.0,0.0
own:12,2,electricity,operating,0.0,0.0
own:12,3,electricity,operating,0.0,0.0
own:12,4,electricity,operating,0.0,0.0
own:12,5,electricity,operating,0.0,0.0
own:12,6,electricity,operating,0.0,0.0
own:12,7,electricity,operating,6157.53199693245,5824.530774826855
own:12,8,electricity,operating,6383.436978814349,5990.450055908108
own:12,9,electricity,operating,6197.6072552016985,5770.049481473758
own:12,10,electricity,operating,6425.055134526962,5934.483879797937
own:12,11,electricity,operating,6446.020410199596,5906.747165598279
own:12,12,electricity,operating,6258.474689274768,5689.522444795243
own:12,13,electricity,operating,6488.265964811846,5851.760841666596
own:12,14,electricity,operating,6299.561898034746,5636.621612805992
own:12,15,electricity,operating,6530.935031109084,5797.416564124315
own:12,16,electricity,operating,6552.429706264629,5770.482439050888
own:12,17,electricity,operating,6149.900767389761,5373.143889980084
own:12,18,electricity,operating,6595.74201406993,5717.0847806645925
own:12,19,electricity,operating,6404.091023361561,5507.0507394173055
own:12,20,electricity,operating,6639.488527760981,5664.307424800272
own:12,21,electricity,operating,6446.63803587076,5456.272943064219
own:12,22,electricity,operating,6683.673600251784,5612.141899321896
own:12,23,electricity,operating,6705.931968253042,5586.285959896335
own:12,24,electricity,operating,6511.259640091265,5381.206314125012
own:12,25,electricity,operating,6750.783136234778,5535.022569476796
own:12,26,electricity,operating,6554.881017983178,5331.883624083603
own:12,27,electricity,operating,6796.08393717553,5484.350375403741
own:12,28,electricity,operating,6818.904356861409,5459.233459781444
own:12,29,electricity,operating,6179.725438776775,4908.365079081243
own:12,30,electricity,operating,6864.888073038943,5409.433022314788
own:12,31,electricity,operating,6665.857271036261,5211.046001603218
own:12,32,electricity,operating,6911.332775971157,5360.203903784282
own:12,33,electricity,operating,6711.0284901784,5163.67854592593
own:12,34,electricity,operating,6958.243087050267,5311.538358598948
own:12,35,electricity,operating,6981.8743024855185,5287.414536912465
own:12,36,electricity,operating,6779.635813546398,5093.640731439817
own:12,0,hosting,capital,0.0,0.0
own:12,1,hosting,operating,0.0,0.0
own:12,2,hosting,operating,0.0,0.0
own:12,3,hosting,operating,0.0,0.0
own:12,4,hosting,operating,0.0,0.0
own:12,5,hosting,operating,0.0,0.0
own:12,6,hosting,operating,0.0,0.0
own:12,7,hosting,operating,0.0,0.0
own:12,8,hosting,operating,0.0,0.0
own:12,9,hosting,operating,0.0,0.0
own:12,10,hosting,operating,0.0,0.0
own:12,11,hosting,operating,0.0,0.0
own:12,12,hosting,operating,0.0,0.0
own:12,13,hosting,operating,0.0,0.0
own:12,14,hosting,operating,0.0,0.0
own:12,15,hosting,operating,0.0,0.0
own:12,16,hosting,operating,0.0,0.0
own:12,17,hosting,operating,0.0,0.0
own:12,18,hosting,operating,0.0,0.0
own:12,19,hosting,operating,0.0,0.0
own:12,20,hosting,operating,0.0,0.0
own:12,21,hosting,operating,0.0,0.0
own:12,22,hosting,operating,0.0,0.0
own:12,23,hosting,operating,0.0,0.0
own:12,24,hosting,operating,0.0,0.0
own:12,25,hosting,operating,0.0,0.0
own:12,26,hosting,operating,0.0,0.0
own:12,27,hosting,operating,0.0,0.0
own:12,28,hosting,operating,0.0,0.0
own:12,29,hosting,operating,0.0,0.0
own:12,30,hosting,operating,0.0,0.0
own:12,31,hosting,operating,0.0,0.0
own:12,32,hosting,operating,0.0,0.0
own:12,33,hosting,operating,0.0,0.0
own:12,34,hosting,operating,0.0,0.0
own:12,35,hosting,operating,0.0,0.0
own:12,36,hosting,operating,0.0,0.0
own:12,0,exit,terminal,0.0,0.0
own:12,1,exit,terminal,0.0,0.0
own:12,2,exit,terminal,0.0,0.0
own:12,3,exit,terminal,0.0,0.0
own:12,4,exit,terminal,0.0,0.0
own:12,5,exit,terminal,0.0,0.0
own:12,6,exit,terminal,0.0,0.0
own:12,7,exit,terminal,0.0,0.0
own:12,8,exit,terminal,0.0,0.0
own:12,9,exit,terminal,0.0,0.0
own:12,10,exit,terminal,0.0,0.0
own:12,11,exit,terminal,0.0,0.0
own:12,12,exit,terminal,0.0,0.0
own:12,13,exit,terminal,0.0,0.0
own:12,14,exit,terminal,0.0,0.0
own:12,15,exit,terminal,0.0,0.0
own:12,16,exit,terminal,0.0,0.0
own:12,17,exit,terminal,0.0,0.0
own:12,18,exit,terminal,0.0,0.0
own:12,19,exit,terminal,0.0,0.0
own:12,20,exit,terminal,0.0,0.0
own:12,21,exit,terminal,0.0,0.0
own:12,22,exit,terminal,0.0,0.0
own:12,23,exit,terminal,0.0,0.0
own:12,24,exit,terminal,0.0,0.0
own:12,25,exit,terminal,0.0,0.0
own:12,26,exit,terminal,0.0,0.0
own:12,27,exit,terminal,0.0,0.0
own:12,28,exit,terminal,0.0,0.0
own:12,29,exit,terminal,0.0,0.0
own:12,30,exit,terminal,0.0,0.0
own:12,31,exit,terminal,0.0,0.0
own:12,32,exit,terminal,0.0,0.0
own:12,33,exit,terminal,0.0,0.0
own:12,34,exit,terminal,0.0,0.0
own:12,35,exit,terminal,0.0,0.0
own:12,36,exit,terminal,0.0,0.0
own:12,0,residual,terminal,0.0,0.0
own:12,1,residual,terminal,0.0,0.0
own:12,2,residual,terminal,0.0,0.0
own:12,3,residual,terminal,0.0,0.0
own:12,4,residual,terminal,0.0,0.0
own:12,5,residual,terminal,0.0,0.0
own:12,6,residual,terminal,0.0,0.0
own:12,7,residual,terminal,0.0,0.0
own:12,8,residual,terminal,0.0,0.0
own:12,9,residual,terminal,0.0,0.0
own:12,10,residual,terminal,0.0,0.0
own:12,11,residual,terminal,0.0,0.0
own:12,12,residual,terminal,0.0,0.0
own:12,13,residual,terminal,0.0,0.0
own:12,14,residual,terminal,0.0,0.0
own:12,15,residual,terminal,0.0,0.0
own:12,16,residual,terminal,0.0,0.0
own:12,17,residual,terminal,0.0,0.0
own:12,18,residual,terminal,0.0,0.0
own:12,19,residual,terminal,0.0,0.0
own:12,20,residual,terminal,0.0,0.0
own:12,21,residual,terminal,0.0,0.0
own:12,22,residual,terminal,0.0,0.0
own:12,23,residual,terminal,0.0,0.0
own:12,24,residual,terminal,0.0,0.0
own:12,25,residual,terminal,0.0,0.0
own:12,26,residual,terminal,0.0,0.0
own:12,27,residual,terminal,0.0,0.0
own:12,28,residual,terminal,0.0,0.0
own:12,29,residual,terminal,0.0,0.0
own:12,30,residual,terminal,0.0,0.0
own:12,31,residual,terminal,0.0,0.0
own:12,32,residual,terminal,0.0,0.0
own:12,33,residual,terminal,0.0,0.0
own:12,34,residual,terminal,0.0,0.0
own:12,35,residual,terminal,0.0,0.0
own:12,36,residual,terminal,0.0,0.0
own:13,0,on_demand,capital,0.0,0.0
own:13,1,on_demand,operating,204473.6,202855.99778680265
own:13,2,on_demand,operating,198144.0,195021.34402646002
own:13,3,on_demand,operating,204473.6,199659.08295083806
own:13,4,on_demand,operating,204473.6,198079.56865429203
own:13,5,on_demand,operating,184659.19999999998,177469.61108979152
own:13,6,on_demand,operating,204473.6,194957.92808836754
own:13,7,on_demand,operating,0.0,0.0
own:13,8,on_demand,operating,0.0,0.0
own:13,9,on_demand,operating,0.0,0.0
own:13,10,on_demand,operating,0.0,0.0
own:13,11,on_demand,operating,0.0,0.0
own:13,12,on_demand,operating,0.0,0.0
own:13,13,on_demand,operating,0.0,0.0
own:13,14,on_demand,operating,0.0,0.0
own:13,15,on_demand,operating,0.0,0.0
own:13,16,on_demand,operating,0.0,0.0
own:13,17,on_demand,operating,0.0,0.0
own:13,18,on_demand,operating,0.0,0.0
own:13,19,on_demand,operating,0.0,0.0
own:13,20,on_demand,operating,0.0,0.0
own:13,21,on_demand,operating,0.0,0.0
own:13,22,on_demand,operating,0.0,0.0
own:13,23,on_demand,operating,0.0,0.0
own:13,24,on_demand,operating,0.0,0.0
own:13,25,on_demand,operating,0.0,0.0
own:13,26,on_demand,operating,0.0,0.0
own:13,27,on_demand,operating,0.0,0.0
own:13,28,on_demand,operating,0.0,0.0
own:13,29,on_demand,operating,0.0,0.0
own:13,30,on_demand,operating,0.0,0.0
own:13,31,on_demand,operating,0.0,0.0
own:13,32,on_demand,operating,0.0,0.0
own:13,33,on_demand,operating,0.0,0.0
own:13,34,on_demand,operating,0.0,0.0
own:13,35,on_demand,operating,0.0,0.0
own:13,36,on_demand,operating,0.0,0.0
own:13,0,variable_service,capital,0.0,0.0
own:13,1,variable_service,operating,0.0,0.0
own:13,2,variable_service,operating,0.0,0.0
own:13,3,variable_service,operating,0.0,0.0
own:13,4,variable_service,operating,0.0,0.0
own:13,5,variable_service,operating,0.0,0.0
own:13,6,variable_service,operating,0.0,0.0
own:13,7,variable_service,operating,0.0,0.0
own:13,8,variable_service,operating,0.0,0.0
own:13,9,variable_service,operating,0.0,0.0
own:13,10,variable_service,operating,0.0,0.0
own:13,11,variable_service,operating,0.0,0.0
own:13,12,variable_service,operating,0.0,0.0
own:13,13,variable_service,operating,0.0,0.0
own:13,14,variable_service,operating,0.0,0.0
own:13,15,variable_service,operating,0.0,0.0
own:13,16,variable_service,operating,0.0,0.0
own:13,17,variable_service,operating,0.0,0.0
own:13,18,variable_service,operating,0.0,0.0
own:13,19,variable_service,operating,0.0,0.0
own:13,20,variable_service,operating,0.0,0.0
own:13,21,variable_service,operating,0.0,0.0
own:13,22,variable_service,operating,0.0,0.0
own:13,23,variable_service,operating,0.0,0.0
own:13,24,variable_service,operating,0.0,0.0
own:13,25,variable_service,operating,0.0,0.0
own:13,26,variable_service,operating,0.0,0.0
own:13,27,variable_service,operating,0.0,0.0
own:13,28,variable_service,operating,0.0,0.0
own:13,29,variable_service,operating,0.0,0.0
own:13,30,variable_service,operating,0.0,0.0
own:13,31,variable_service,operating,0.0,0.0
own:13,32,variable_service,operating,0.0,0.0
own:13,33,variable_service,operating,0.0,0.0
own:13,34,variable_service,operating,0.0,0.0
own:13,35,variable_service,operating,0.0,0.0
own:13,36,variable_service,operating,0.0,0.0
own:13,0,node_acquisition,capital,5200000.0,5200000.0
own:13,1,node_acquisition,operating,0.0,0.0
own:13,2,node_acquisition,operating,0.0,0.0
own:13,3,node_acquisition,operating,0.0,0.0
own:13,4,node_acquisition,operating,0.0,0.0
own:13,5,node_acquisition,operating,0.0,0.0
own:13,6,node_acquisition,operating,0.0,0.0
own:13,7,node_acquisition,operating,0.0,0.0
own:13,8,node_acquisition,operating,0.0,0.0
own:13,9,node_acquisition,operating,0.0,0.0
own:13,10,node_acquisition,operating,0.0,0.0
own:13,11,node_acquisition,operating,0.0,0.0
own:13,12,node_acquisition,operating,0.0,0.0
own:13,13,node_acquisition,operating,0.0,0.0
own:13,14,node_acquisition,operating,0.0,0.0
own:13,15,node_acquisition,operating,0.0,0.0
own:13,16,node_acquisition,operating,0.0,0.0
own:13,17,node_acquisition,operating,0.0,0.0
own:13,18,node_acquisition,operating,0.0,0.0
own:13,19,node_acquisition,operating,0.0,0.0
own:13,20,node_acquisition,operating,0.0,0.0
own:13,21,node_acquisition,operating,0.0,0.0
own:13,22,node_acquisition,operating,0.0,0.0
own:13,23,node_acquisition,operating,0.0,0.0
own:13,24,node_acquisition,operating,0.0,0.0
own:13,25,node_acquisition,operating,0.0,0.0
own:13,26,node_acquisition,operating,0.0,0.0
own:13,27,node_acquisition,operating,0.0,0.0
own:13,28,node_acquisition,operating,0.0,0.0
own:13,29,node_acquisition,operating,0.0,0.0
own:13,30,node_acquisition,operating,0.0,0.0
own:13,31,node_acquisition,operating,0.0,0.0
own:13,32,node_acquisition,operating,0.0,0.0
own:13,33,node_acquisition,operating,0.0,0.0
own:13,34,node_acquisition,operating,0.0,0.0
own:13,35,node_acquisition,operating,0.0,0.0
own:13,36,node_acquisition,operating,0.0,0.0
own:13,0,installation,capital,50000.0,50000.0
own:13,1,installation,operating,0.0,0.0
own:13,2,installation,operating,0.0,0.0
own:13,3,installation,operating,0.0,0.0
own:13,4,installation,operating,0.0,0.0
own:13,5,installation,operating,0.0,0.0
own:13,6,installation,operating,0.0,0.0
own:13,7,installation,operating,0.0,0.0
own:13,8,installation,operating,0.0,0.0
own:13,9,installation,operating,0.0,0.0
own:13,10,installation,operating,0.0,0.0
own:13,11,installation,operating,0.0,0.0
own:13,12,installation,operating,0.0,0.0
own:13,13,installation,operating,0.0,0.0
own:13,14,installation,operating,0.0,0.0
own:13,15,installation,operating,0.0,0.0
own:13,16,installation,operating,0.0,0.0
own:13,17,installation,operating,0.0,0.0
own:13,18,installation,operating,0.0,0.0
own:13,19,installation,operating,0.0,0.0
own:13,20,installation,operating,0.0,0.0
own:13,21,installation,operating,0.0,0.0
own:13,22,installation,operating,0.0,0.0
own:13,23,installation,operating,0.0,0.0
own:13,24,installation,operating,0.0,0.0
own:13,25,installation,operating,0.0,0.0
own:13,26,installation,operating,0.0,0.0
own:13,27,installation,operating,0.0,0.0
own:13,28,installation,operating,0.0,0.0
own:13,29,installation,operating,0.0,0.0
own:13,30,installation,operating,0.0,0.0
own:13,31,installation,operating,0.0,0.0
own:13,32,installation,operating,0.0,0.0
own:13,33,installation,operating,0.0,0.0
own:13,34,installation,operating,0.0,0.0
own:13,35,installation,operating,0.0,0.0
own:13,36,installation,operating,0.0,0.0
own:13,0,network,capital,0.0,0.0
own:13,1,network,operating,0.0,0.0
own:13,2,network,operating,0.0,0.0
own:13,3,network,operating,0.0,0.0
own:13,4,network,operating,0.0,0.0
own:13,5,network,operating,0.0,0.0
own:13,6,network,operating,0.0,0.0
own:13,7,network,operating,0.0,0.0
own:13,8,network,operating,0.0,0.0
own:13,9,network,operating,0.0,0.0
own:13,10,network,operating,0.0,0.0
own:13,11,network,operating,0.0,0.0
own:13,12,network,operating,0.0,0.0
own:13,13,network,operating,0.0,0.0
own:13,14,network,operating,0.0,0.0
own:13,15,network,operating,0.0,0.0
own:13,16,network,operating,0.0,0.0
own:13,17,network,operating,0.0,0.0
own:13,18,network,operating,0.0,0.0
own:13,19,network,operating,0.0,0.0
own:13,20,network,operating,0.0,0.0
own:13,21,network,operating,0.0,0.0
own:13,22,network,operating,0.0,0.0
own:13,23,network,operating,0.0,0.0
own:13,24,network,operating,0.0,0.0
own:13,25,network,operating,0.0,0.0
own:13,26,network,operating,0.0,0.0
own:13,27,network,operating,0.0,0.0
own:13,28,network,operating,0.0,0.0
own:13,29,network,operating,0.0,0.0
own:13,30,network,operating,0.0,0.0
own:13,31,network,operating,0.0,0.0
own:13,32,network,operating,0.0,0.0
own:13,33,network,operating,0.0,0.0
own:13,34,network,operating,0.0,0.0
own:13,35,network,operating,0.0,0.0
own:13,36,network,operating,0.0,0.0
own:13,0,storage,capital,0.0,0.0
own:13,1,storage,operating,0.0,0.0
own:13,2,storage,operating,0.0,0.0
own:13,3,storage,operating,0.0,0.0
own:13,4,storage,operating,0.0,0.0
own:13,5,storage,operating,0.0,0.0
own:13,6,storage,operating,0.0,0.0
own:13,7,storage,operating,0.0,0.0
own:13,8,storage,operating,0.0,0.0
own:13,9,storage,operating,0.0,0.0
own:13,10,storage,operating,0.0,0.0
own:13,11,storage,operating,0.0,0.0
own:13,12,storage,operating,0.0,0.0
own:13,13,storage,operating,0.0,0.0
own:13,14,storage,operating,0.0,0.0
own:13,15,storage,operating,0.0,0.0
own:13,16,storage,operating,0.0,0.0
own:13,17,storage,operating,0.0,0.0
own:13,18,storage,operating,0.0,0.0
own:13,19,storage,operating,0.0,0.0
own:13,20,storage,operating,0.0,0.0
own:13,21,storage,operating,0.0,0.0
own:13,22,storage,operating,0.0,0.0
own:13,23,storage,operating,0.0,0.0
own:13,24,storage,operating,0.0,0.0
own:13,25,storage,operating,0.0,0.0
own:13,26,storage,operating,0.0,0.0
own:13,27,storage,operating,0.0,0.0
own:13,28,storage,operating,0.0,0.0
own:13,29,storage,operating,0.0,0.0
own:13,30,storage,operating,0.0,0.0
own:13,31,storage,operating,0.0,0.0
own:13,32,storage,operating,0.0,0.0
own:13,33,storage,operating,0.0,0.0
own:13,34,storage,operating,0.0,0.0
own:13,35,storage,operating,0.0,0.0
own:13,36,storage,operating,0.0,0.0
own:13,0,operations,capital,0.0,0.0
own:13,1,operations,operating,0.0,0.0
own:13,2,operations,operating,0.0,0.0
own:13,3,operations,operating,0.0,0.0
own:13,4,operations,operating,0.0,0.0
own:13,5,operations,operating,0.0,0.0
own:13,6,operations,operating,0.0,0.0
own:13,7,operations,operating,6333.333333333333,5990.824720945649
own:13,8,operations,operating,6333.333333333333,5943.430967779083
own:13,9,operations,operating,6333.333333333333,5896.412149274077
own:13,10,operations,operating,6333.333333333333,5849.765299301321
own:13,11,operations,operating,6333.333333333333,5803.487475196718
own:13,12,operations,operating,6333.333333333333,5757.575757575757
own:13,13,operations,operating,6333.333333333333,5712.027250149341
own:13,14,operations,operating,6333.333333333333,5666.8390795410805
own:13,15,operations,operating,6333.333333333333,5622.00839510603
own:13,16,operations,operating,6333.333333333333,5577.532368750854
own:13,17,operations,operating,6333.333333333333,5533.408194755428
own:13,18,operations,operating,6333.333333333333,5489.633089595834
own:13,19,operations,operating,6333.333333333333,5446.204291768771
own:13,20,operations,operating,6333.333333333333,5403.119061617348
own:13,21,operations,operating,6333.333333333333,5360.374681158251
own:13,22,operations,operating,6333.333333333333,5317.968453910291
own:13,23,operations,operating,6333.333333333333,5275.897704724289
own:13,24,operations,operating,6333.333333333333,5234.159779614324
own:13,25,operations,operating,6333.333333333333,5192.7520455903095
own:13,26,operations,operating,6333.333333333333,5151.671890491892
own:13,27,operations,operating,6333.333333333333,5110.916722823663
own:13,28,operations,operating,6333.333333333333,5070.483971591685
own:13,29,operations,operating,6333.333333333333,5030.371086141297
own:13,30,operations,operating,6333.333333333333,4990.575535996212
own:13,31,operations,operating,6333.333333333333,4951.094810698883
own:13,32,operations,operating,6333.333333333333,4911.926419652134
own:13,33,operations,operating,6333.333333333333,4873.067891962047
own:13,34,operations,operating,6333.333333333333,4834.516776282082
own:13,35,operations,operating,6333.333333333333,4796.270640658444
own:13,36,operations,operating,6333.333333333333,4758.327072376657
own:13,0,precommission,capital,0.0,0.0
own:13,1,precommission,operating,0.0,0.0
own:13,2,precommission,operating,0.0,0.0
own:13,3,precommission,operating,0.0,0.0
own:13,4,precommission,operating,0.0,0.0
own:13,5,precommission,operating,0.0,0.0
own:13,6,precommission,operating,0.0,0.0
own:13,7,precommission,operating,0.0,0.0
own:13,8,precommission,operating,0.0,0.0
own:13,9,precommission,operating,0.0,0.0
own:13,10,precommission,operating,0.0,0.0
own:13,11,precommission,operating,0.0,0.0
own:13,12,precommission,operating,0.0,0.0
own:13,13,precommission,operating,0.0,0.0
own:13,14,precommission,operating,0.0,0.0
own:13,15,precommission,operating,0.0,0.0
own:13,16,precommission,operating,0.0,0.0
own:13,17,precommission,operating,0.0,0.0
own:13,18,precommission,operating,0.0,0.0
own:13,19,precommission,operating,0.0,0.0
own:13,20,precommission,operating,0.0,0.0
own:13,21,precommission,operating,0.0,0.0
own:13,22,precommission,operating,0.0,0.0
own:13,23,precommission,operating,0.0,0.0
own:13,24,precommission,operating,0.0,0.0
own:13,25,precommission,operating,0.0,0.0
own:13,26,precommission,operating,0.0,0.0
own:13,27,precommission,operating,0.0,0.0
own:13,28,precommission,operating,0.0,0.0
own:13,29,precommission,operating,0.0,0.0
own:13,30,precommission,operating,0.0,0.0
own:13,31,precommission,operating,0.0,0.0
own:13,32,precommission,operating,0.0,0.0
own:13,33,precommission,operating,0.0,0.0
own:13,34,precommission,operating,0.0,0.0
own:13,35,precommission,operating,0.0,0.0
own:13,36,precommission,operating,0.0,0.0
own:13,0,electricity,capital,0.0,0.0
own:13,1,electricity,operating,0.0,0.0
own:13,2,electricity,operating,0.0,0.0
own:13,3,electricity,operating,0.0,0.0
own:13,4,electricity,operating,0.0,0.0
own:13,5,electricity,operating,0.0,0.0
own:13,6,electricity,operating,0.0,0.0
own:13,7,electricity,operating,6337.53199693245,5994.796319527416
own:13,8,electricity,operating,6569.4369788143495,6164.999239067095
own:13,9,electricity,operating,6377.6072552016985,5937.631721505758
own:13,10,electricity,operating,6611.055134526962,6106.282250166892
own:13,11,electricity,operating,6632.020410199596,6077.18642934353
own:13,12,electricity,operating,6438.474689274768,5853.158808431607
own:13,13,electricity,operating,6674.265964811846,6019.514063013087
own:13,14,electricity,operating,6479.561898034746,5797.679144540318
own:13,15,electricity,operating,6716.935031109084,5962.526073833219
own:13,16,electricity,operating,6738.429706264628,5934.285758091044
own:13,17,electricity,operating,6323.900767389761,5525.166999330733
own:13,18,electricity,operating,6781.74201406993,5878.306636664302
own:13,19,electricity,operating,6584.091023361561,5661.837598235997
own:13,20,electricity,operating,6825.488527760981,5822.98850039935
own:13,21,electricity,operating,6626.63803587076,5608.6204340024005
own:13,22,electricity,operating,6869.673600251784,5768.322236020946
own:13,23,electricity,operating,6891.931968253042,5741.230745119291
own:13,24,electricity,operating,6691.259640091265,5529.966644703524
own:13,25,electricity,operating,6936.783136234778,5687.525497973606
own:13,26,electricity,operating,6734.881017983178,5478.299562023898
own:13,27,electricity,operating,6982.08393717553,5634.449929684562
own:13,28,electricity,operating,7004.904356861409,5608.145567999769
own:13,29,electricity,operating,6347.725438776775,5041.802291050464
own:13,30,electricity,operating,7050.888073038943,5555.998345950888
own:13,31,electricity,operating,6845.857271036261,5351.761327802029
own:13,32,electricity,operating,7097.332775971157,5504.459427056171
own:13,33,electricity,operating,6891.0284901784,5302.176264960641
own:13,34,electricity,operating,7144.243087050267,5453.520482870812
own:13,35,electricity,operating,7167.8743024855185,5428.273432569697
own:13,36,electricity,operating,6959.635813546398,5228.8773956021005
own:13,0,hosting,capital,0.0,0.0
own:13,1,hosting,operating,0.0,0.0
own:13,2,hosting,operating,0.0,0.0
own:13,3,hosting,operating,0.0,0.0
own:13,4,hosting,operating,0.0,0.0
own:13,5,hosting,operating,0.0,0.0
own:13,6,hosting,operating,0.0,0.0
own:13,7,hosting,operating,0.0,0.0
own:13,8,hosting,operating,0.0,0.0
own:13,9,hosting,operating,0.0,0.0
own:13,10,hosting,operating,0.0,0.0
own:13,11,hosting,operating,0.0,0.0
own:13,12,hosting,operating,0.0,0.0
own:13,13,hosting,operating,0.0,0.0
own:13,14,hosting,operating,0.0,0.0
own:13,15,hosting,operating,0.0,0.0
own:13,16,hosting,operating,0.0,0.0
own:13,17,hosting,operating,0.0,0.0
own:13,18,hosting,operating,0.0,0.0
own:13,19,hosting,operating,0.0,0.0
own:13,20,hosting,operating,0.0,0.0
own:13,21,hosting,operating,0.0,0.0
own:13,22,hosting,operating,0.0,0.0
own:13,23,hosting,operating,0.0,0.0
own:13,24,hosting,operating,0.0,0.0
own:13,25,hosting,operating,0.0,0.0
own:13,26,hosting,operating,0.0,0.0
own:13,27,hosting,operating,0.0,0.0
own:13,28,hosting,operating,0.0,0.0
own:13,29,hosting,operating,0.0,0.0
own:13,30,hosting,operating,0.0,0.0
own:13,31,hosting,operating,0.0,0.0
own:13,32,hosting,operating,0.0,0.0
own:13,33,hosting,operating,0.0,0.0
own:13,34,hosting,operating,0.0,0.0
own:13,35,hosting,operating,0.0,0.0
own:13,36,hosting,operating,0.0,0.0
own:13,0,exit,terminal,0.0,0.0
own:13,1,exit,terminal,0.0,0.0
own:13,2,exit,terminal,0.0,0.0
own:13,3,exit,terminal,0.0,0.0
own:13,4,exit,terminal,0.0,0.0
own:13,5,exit,terminal,0.0,0.0
own:13,6,exit,terminal,0.0,0.0
own:13,7,exit,terminal,0.0,0.0
own:13,8,exit,terminal,0.0,0.0
own:13,9,exit,terminal,0.0,0.0
own:13,10,exit,terminal,0.0,0.0
own:13,11,exit,terminal,0.0,0.0
own:13,12,exit,terminal,0.0,0.0
own:13,13,exit,terminal,0.0,0.0
own:13,14,exit,terminal,0.0,0.0
own:13,15,exit,terminal,0.0,0.0
own:13,16,exit,terminal,0.0,0.0
own:13,17,exit,terminal,0.0,0.0
own:13,18,exit,terminal,0.0,0.0
own:13,19,exit,terminal,0.0,0.0
own:13,20,exit,terminal,0.0,0.0
own:13,21,exit,terminal,0.0,0.0
own:13,22,exit,terminal,0.0,0.0
own:13,23,exit,terminal,0.0,0.0
own:13,24,exit,terminal,0.0,0.0
own:13,25,exit,terminal,0.0,0.0
own:13,26,exit,terminal,0.0,0.0
own:13,27,exit,terminal,0.0,0.0
own:13,28,exit,terminal,0.0,0.0
own:13,29,exit,terminal,0.0,0.0
own:13,30,exit,terminal,0.0,0.0
own:13,31,exit,terminal,0.0,0.0
own:13,32,exit,terminal,0.0,0.0
own:13,33,exit,terminal,0.0,0.0
own:13,34,exit,terminal,0.0,0.0
own:13,35,exit,terminal,0.0,0.0
own:13,36,exit,terminal,0.0,0.0
own:13,0,residual,terminal,0.0,0.0
own:13,1,residual,terminal,0.0,0.0
own:13,2,residual,terminal,0.0,0.0
own:13,3,residual,terminal,0.0,0.0
own:13,4,residual,terminal,0.0,0.0
own:13,5,residual,terminal,0.0,0.0
own:13,6,residual,terminal,0.0,0.0
own:13,7,residual,terminal,0.0,0.0
own:13,8,residual,terminal,0.0,0.0
own:13,9,residual,terminal,0.0,0.0
own:13,10,residual,terminal,0.0,0.0
own:13,11,residual,terminal,0.0,0.0
own:13,12,residual,terminal,0.0,0.0
own:13,13,residual,terminal,0.0,0.0
own:13,14,residual,terminal,0.0,0.0
own:13,15,residual,terminal,0.0,0.0
own:13,16,residual,terminal,0.0,0.0
own:13,17,residual,terminal,0.0,0.0
own:13,18,residual,terminal,0.0,0.0
own:13,19,residual,terminal,0.0,0.0
own:13,20,residual,terminal,0.0,0.0
own:13,21,residual,terminal,0.0,0.0
own:13,22,residual,terminal,0.0,0.0
own:13,23,residual,terminal,0.0,0.0
own:13,24,residual,terminal,0.0,0.0
own:13,25,residual,terminal,0.0,0.0
own:13,26,residual,terminal,0.0,0.0
own:13,27,residual,terminal,0.0,0.0
own:13,28,residual,terminal,0.0,0.0
own:13,29,residual,terminal,0.0,0.0
own:13,30,residual,terminal,0.0,0.0
own:13,31,residual,terminal,0.0,0.0
own:13,32,residual,terminal,0.0,0.0
own:13,33,residual,terminal,0.0,0.0
own:13,34,residual,terminal,0.0,0.0
own:13,35,residual,terminal,0.0,0.0
own:13,36,residual,terminal,0.0,0.0
own:14,0,on_demand,capital,0.0,0.0
own:14,1,on_demand,operating,204473.6,202855.99778680265
own:14,2,on_demand,operating,198144.0,195021.34402646002
own:14,3,on_demand,operating,204473.6,199659.08295083806
own:14,4,on_demand,operating,204473.6,198079.56865429203
own:14,5,on_demand,operating,184659.19999999998,177469.61108979152
own:14,6,on_demand,operating,204473.6,194957.92808836754
own:14,7,on_demand,operating,0.0,0.0
own:14,8,on_demand,operating,0.0,0.0
own:14,9,on_demand,operating,0.0,0.0
own:14,10,on_demand,operating,0.0,0.0
own:14,11,on_demand,operating,0.0,0.0
own:14,12,on_demand,operating,0.0,0.0
own:14,13,on_demand,operating,0.0,0.0
own:14,14,on_demand,operating,0.0,0.0
own:14,15,on_demand,operating,0.0,0.0
own:14,16,on_demand,operating,0.0,0.0
own:14,17,on_demand,operating,0.0,0.0
own:14,18,on_demand,operating,0.0,0.0
own:14,19,on_demand,operating,0.0,0.0
own:14,20,on_demand,operating,0.0,0.0
own:14,21,on_demand,operating,0.0,0.0
own:14,22,on_demand,operating,0.0,0.0
own:14,23,on_demand,operating,0.0,0.0
own:14,24,on_demand,operating,0.0,0.0
own:14,25,on_demand,operating,0.0,0.0
own:14,26,on_demand,operating,0.0,0.0
own:14,27,on_demand,operating,0.0,0.0
own:14,28,on_demand,operating,0.0,0.0
own:14,29,on_demand,operating,0.0,0.0
own:14,30,on_demand,operating,0.0,0.0
own:14,31,on_demand,operating,0.0,0.0
own:14,32,on_demand,operating,0.0,0.0
own:14,33,on_demand,operating,0.0,0.0
own:14,34,on_demand,operating,0.0,0.0
own:14,35,on_demand,operating,0.0,0.0
own:14,36,on_demand,operating,0.0,0.0
own:14,0,variable_service,capital,0.0,0.0
own:14,1,variable_service,operating,0.0,0.0
own:14,2,variable_service,operating,0.0,0.0
own:14,3,variable_service,operating,0.0,0.0
own:14,4,variable_service,operating,0.0,0.0
own:14,5,variable_service,operating,0.0,0.0
own:14,6,variable_service,operating,0.0,0.0
own:14,7,variable_service,operating,0.0,0.0
own:14,8,variable_service,operating,0.0,0.0
own:14,9,variable_service,operating,0.0,0.0
own:14,10,variable_service,operating,0.0,0.0
own:14,11,variable_service,operating,0.0,0.0
own:14,12,variable_service,operating,0.0,0.0
own:14,13,variable_service,operating,0.0,0.0
own:14,14,variable_service,operating,0.0,0.0
own:14,15,variable_service,operating,0.0,0.0
own:14,16,variable_service,operating,0.0,0.0
own:14,17,variable_service,operating,0.0,0.0
own:14,18,variable_service,operating,0.0,0.0
own:14,19,variable_service,operating,0.0,0.0
own:14,20,variable_service,operating,0.0,0.0
own:14,21,variable_service,operating,0.0,0.0
own:14,22,variable_service,operating,0.0,0.0
own:14,23,variable_service,operating,0.0,0.0
own:14,24,variable_service,operating,0.0,0.0
own:14,25,variable_service,operating,0.0,0.0
own:14,26,variable_service,operating,0.0,0.0
own:14,27,variable_service,operating,0.0,0.0
own:14,28,variable_service,operating,0.0,0.0
own:14,29,variable_service,operating,0.0,0.0
own:14,30,variable_service,operating,0.0,0.0
own:14,31,variable_service,operating,0.0,0.0
own:14,32,variable_service,operating,0.0,0.0
own:14,33,variable_service,operating,0.0,0.0
own:14,34,variable_service,operating,0.0,0.0
own:14,35,variable_service,operating,0.0,0.0
own:14,36,variable_service,operating,0.0,0.0
own:14,0,node_acquisition,capital,5600000.0,5600000.0
own:14,1,node_acquisition,operating,0.0,0.0
own:14,2,node_acquisition,operating,0.0,0.0
own:14,3,node_acquisition,operating,0.0,0.0
own:14,4,node_acquisition,operating,0.0,0.0
own:14,5,node_acquisition,operating,0.0,0.0
own:14,6,node_acquisition,operating,0.0,0.0
own:14,7,node_acquisition,operating,0.0,0.0
own:14,8,node_acquisition,operating,0.0,0.0
own:14,9,node_acquisition,operating,0.0,0.0
own:14,10,node_acquisition,operating,0.0,0.0
own:14,11,node_acquisition,operating,0.0,0.0
own:14,12,node_acquisition,operating,0.0,0.0
own:14,13,node_acquisition,operating,0.0,0.0
own:14,14,node_acquisition,operating,0.0,0.0
own:14,15,node_acquisition,operating,0.0,0.0
own:14,16,node_acquisition,operating,0.0,0.0
own:14,17,node_acquisition,operating,0.0,0.0
own:14,18,node_acquisition,operating,0.0,0.0
own:14,19,node_acquisition,operating,0.0,0.0
own:14,20,node_acquisition,operating,0.0,0.0
own:14,21,node_acquisition,operating,0.0,0.0
own:14,22,node_acquisition,operating,0.0,0.0
own:14,23,node_acquisition,operating,0.0,0.0
own:14,24,node_acquisition,operating,0.0,0.0
own:14,25,node_acquisition,operating,0.0,0.0
own:14,26,node_acquisition,operating,0.0,0.0
own:14,27,node_acquisition,operating,0.0,0.0
own:14,28,node_acquisition,operating,0.0,0.0
own:14,29,node_acquisition,operating,0.0,0.0
own:14,30,node_acquisition,operating,0.0,0.0
own:14,31,node_acquisition,operating,0.0,0.0
own:14,32,node_acquisition,operating,0.0,0.0
own:14,33,node_acquisition,operating,0.0,0.0
own:14,34,node_acquisition,operating,0.0,0.0
own:14,35,node_acquisition,operating,0.0,0.0
own:14,36,node_acquisition,operating,0.0,0.0
own:14,0,installation,capital,50000.0,50000.0
own:14,1,installation,operating,0.0,0.0
own:14,2,installation,operating,0.0,0.0
own:14,3,installation,operating,0.0,0.0
own:14,4,installation,operating,0.0,0.0
own:14,5,installation,operating,0.0,0.0
own:14,6,installation,operating,0.0,0.0
own:14,7,installation,operating,0.0,0.0
own:14,8,installation,operating,0.0,0.0
own:14,9,installation,operating,0.0,0.0
own:14,10,installation,operating,0.0,0.0
own:14,11,installation,operating,0.0,0.0
own:14,12,installation,operating,0.0,0.0
own:14,13,installation,operating,0.0,0.0
own:14,14,installation,operating,0.0,0.0
own:14,15,installation,operating,0.0,0.0
own:14,16,installation,operating,0.0,0.0
own:14,17,installation,operating,0.0,0.0
own:14,18,installation,operating,0.0,0.0
own:14,19,installation,operating,0.0,0.0
own:14,20,installation,operating,0.0,0.0
own:14,21,installation,operating,0.0,0.0
own:14,22,installation,operating,0.0,0.0
own:14,23,installation,operating,0.0,0.0
own:14,24,installation,operating,0.0,0.0
own:14,25,installation,operating,0.0,0.0
own:14,26,installation,operating,0.0,0.0
own:14,27,installation,operating,0.0,0.0
own:14,28,installation,operating,0.0,0.0
own:14,29,installation,operating,0.0,0.0
own:14,30,installation,operating,0.0,0.0
own:14,31,installation,operating,0.0,0.0
own:14,32,installation,operating,0.0,0.0
own:14,33,installation,operating,0.0,0.0
own:14,34,installation,operating,0.0,0.0
own:14,35,installation,operating,0.0,0.0
own:14,36,installation,operating,0.0,0.0
own:14,0,network,capital,0.0,0.0
own:14,1,network,operating,0.0,0.0
own:14,2,network,operating,0.0,0.0
own:14,3,network,operating,0.0,0.0
own:14,4,network,operating,0.0,0.0
own:14,5,network,operating,0.0,0.0
own:14,6,network,operating,0.0,0.0
own:14,7,network,operating,0.0,0.0
own:14,8,network,operating,0.0,0.0
own:14,9,network,operating,0.0,0.0
own:14,10,network,operating,0.0,0.0
own:14,11,network,operating,0.0,0.0
own:14,12,network,operating,0.0,0.0
own:14,13,network,operating,0.0,0.0
own:14,14,network,operating,0.0,0.0
own:14,15,network,operating,0.0,0.0
own:14,16,network,operating,0.0,0.0
own:14,17,network,operating,0.0,0.0
own:14,18,network,operating,0.0,0.0
own:14,19,network,operating,0.0,0.0
own:14,20,network,operating,0.0,0.0
own:14,21,network,operating,0.0,0.0
own:14,22,network,operating,0.0,0.0
own:14,23,network,operating,0.0,0.0
own:14,24,network,operating,0.0,0.0
own:14,25,network,operating,0.0,0.0
own:14,26,network,operating,0.0,0.0
own:14,27,network,operating,0.0,0.0
own:14,28,network,operating,0.0,0.0
own:14,29,network,operating,0.0,0.0
own:14,30,network,operating,0.0,0.0
own:14,31,network,operating,0.0,0.0
own:14,32,network,operating,0.0,0.0
own:14,33,network,operating,0.0,0.0
own:14,34,network,operating,0.0,0.0
own:14,35,network,operating,0.0,0.0
own:14,36,network,operating,0.0,0.0
own:14,0,storage,capital,0.0,0.0
own:14,1,storage,operating,0.0,0.0
own:14,2,storage,operating,0.0,0.0
own:14,3,storage,operating,0.0,0.0
own:14,4,storage,operating,0.0,0.0
own:14,5,storage,operating,0.0,0.0
own:14,6,storage,operating,0.0,0.0
own:14,7,storage,operating,0.0,0.0
own:14,8,storage,operating,0.0,0.0
own:14,9,storage,operating,0.0,0.0
own:14,10,storage,operating,0.0,0.0
own:14,11,storage,operating,0.0,0.0
own:14,12,storage,operating,0.0,0.0
own:14,13,storage,operating,0.0,0.0
own:14,14,storage,operating,0.0,0.0
own:14,15,storage,operating,0.0,0.0
own:14,16,storage,operating,0.0,0.0
own:14,17,storage,operating,0.0,0.0
own:14,18,storage,operating,0.0,0.0
own:14,19,storage,operating,0.0,0.0
own:14,20,storage,operating,0.0,0.0
own:14,21,storage,operating,0.0,0.0
own:14,22,storage,operating,0.0,0.0
own:14,23,storage,operating,0.0,0.0
own:14,24,storage,operating,0.0,0.0
own:14,25,storage,operating,0.0,0.0
own:14,26,storage,operating,0.0,0.0
own:14,27,storage,operating,0.0,0.0
own:14,28,storage,operating,0.0,0.0
own:14,29,storage,operating,0.0,0.0
own:14,30,storage,operating,0.0,0.0
own:14,31,storage,operating,0.0,0.0
own:14,32,storage,operating,0.0,0.0
own:14,33,storage,operating,0.0,0.0
own:14,34,storage,operating,0.0,0.0
own:14,35,storage,operating,0.0,0.0
own:14,36,storage,operating,0.0,0.0
own:14,0,operations,capital,0.0,0.0
own:14,1,operations,operating,0.0,0.0
own:14,2,operations,operating,0.0,0.0
own:14,3,operations,operating,0.0,0.0
own:14,4,operations,operating,0.0,0.0
own:14,5,operations,operating,0.0,0.0
own:14,6,operations,operating,0.0,0.0
own:14,7,operations,operating,6666.666666666667,6306.131285205946
own:14,8,operations,operating,6666.666666666667,6256.243123977983
own:14,9,operations,operating,6666.666666666667,6206.749630814818
own:14,10,operations,operating,6666.666666666667,6157.647683475075
own:14,11,operations,operating,6666.666666666667,6108.934184417599
own:14,12,operations,operating,6666.666666666667,6060.606060606061
own:14,13,operations,operating,6666.666666666667,6012.660263315097
own:14,14,operations,operating,6666.666666666667,5965.09376793798
own:14,15,operations,operating,6666.666666666667,5917.903573795821
own:14,16,operations,operating,6666.666666666667,5871.086703948268
own:14,17,operations,operating,6666.666666666667,5824.640205005714
own:14,18,operations,operating,6666.666666666667,5778.561146942983
own:14,19,operations,operating,6666.666666666667,5732.846622914497
own:14,20,operations,operating,6666.666666666667,5687.493749070893
own:14,21,operations,operating,6666.666666666667,5642.499664377107
own:14,22,operations,operating,6666.666666666667,5597.8615304318855
own:14,23,operations,operating,6666.666666666667,5553.576531288725
own:14,24,operations,operating,6666.666666666667,5509.641873278237
own:14,25,operations,operating,6666.666666666667,5466.054784831905
own:14,26,operations,operating,6666.666666666667,5422.812516307255
own:14,27,operations,operating,6666.666666666667,5379.912339814382
own:14,28,operations,operating,6666.666666666667,5337.3515490438795
own:14,29,operations,operating,6666.666666666667,5295.127459096103
own:14,30,operations,operating,6666.666666666667,5253.237406311802
own:14,31,operations,operating,6666.666666666667,5211.678748104087
own:14,32,operations,operating,6666.666666666667,5170.448862791721
own:14,33,operations,operating,6666.666666666667,5129.545149433734
own:14,34,operations,operating,6666.666666666667,5088.96502766535
own:14,35,operations,operating,6666.666666666667,5048.705937535205
own:14,36,operations,operating,6666.666666666667,5008.76533934385
own:14,0,precommission,capital,0.0,0.0
own:14,1,precommission,operating,0.0,0.0
own:14,2,precommission,operating,0.0,0.0
own:14,3,precommission,operating,0.0,0.0
own:14,4,precommission,operating,0.0,0.0
own:14,5,precommission,operating,0.0,0.0
own:14,6,precommission,operating,0.0,0.0
own:14,7,precommission,operating,0.0,0.0
own:14,8,precommission,operating,0.0,0.0
own:14,9,precommission,operating,0.0,0.0
own:14,10,precommission,operating,0.0,0.0
own:14,11,precommission,operating,0.0,0.0
own:14,12,precommission,operating,0.0,0.0
own:14,13,precommission,operating,0.0,0.0
own:14,14,precommission,operating,0.0,0.0
own:14,15,precommission,operating,0.0,0.0
own:14,16,precommission,operating,0.0,0.0
own:14,17,precommission,operating,0.0,0.0
own:14,18,precommission,operating,0.0,0.0
own:14,19,precommission,operating,0.0,0.0
own:14,20,precommission,operating,0.0,0.0
own:14,21,precommission,operating,0.0,0.0
own:14,22,precommission,operating,0.0,0.0
own:14,23,precommission,operating,0.0,0.0
own:14,24,precommission,operating,0.0,0.0
own:14,25,precommission,operating,0.0,0.0
own:14,26,precommission,operating,0.0,0.0
own:14,27,precommission,operating,0.0,0.0
own:14,28,precommission,operating,0.0,0.0
own:14,29,precommission,operating,0.0,0.0
own:14,30,precommission,operating,0.0,0.0
own:14,31,precommission,operating,0.0,0.0
own:14,32,precommission,operating,0.0,0.0
own:14,33,precommission,operating,0.0,0.0
own:14,34,precommission,operating,0.0,0.0
own:14,35,precommission,operating,0.0,0.0
own:14,36,precommission,operating,0.0,0.0
own:14,0,electricity,capital,0.0,0.0
own:14,1,electricity,operating,0.0,0.0
own:14,2,electricity,operating,0.0,0.0
own:14,3,electricity,operating,0.0,0.0
own:14,4,electricity,operating,0.0,0.0
own:14,5,electricity,operating,0.0,0.0
own:14,6,electricity,operating,0.0,0.0
own:14,7,electricity,operating,6517.53199693245,6165.061864227976
own:14,8,electricity,operating,6755.4369788143495,6339.54842222608
own:14,9,electricity,operating,6557.6072552016985,6105.213961537757
own:14,10,electricity,operating,6797.055134526962,6278.080620535847
own:14,11,electricity,operating,6818.020410199596,6247.625693088781
own:14,12,electricity,operating,6618.474689274768,6016.795172067971
own:14,13,electricity,operating,6860.265964811846,6187.267284359578
own:14,14,electricity,operating,6659.561898034747,5958.736676274644
own:14,15,electricity,operating,6902.935031109084,6127.635583542123
own:14,16,electricity,operating,6924.429706264628,6098.089077131201
own:14,17,electricity,operating,6497.900767389761,5677.190108681382
own:14,18,electricity,operating,6967.74201406993,6039.5284926640115
own:14,19,electricity,operating,6764.091023361561,5816.624457054689
own:14,20,electricity,operating,7011.488527760981,5981.669575998428
own:14,21,electricity,operating,6806.63803587076,5760.967924940583
own:14,22,electricity,operating,7055.673600251784,5924.502572719995
own:14,23,electricity,operating,7077.931968253042,5896.175530342246
own:14,24,electricity,operating,6871.259640091265,5678.726975282037
own:14,25,electricity,operating,7122.783136234778,5840.028426470416
own:14,26,electricity,operating,6914.881017983178,5624.715499964194
own:14,27,electricity,operating,7168.08393717553,5784.549483965384
own:14,28,electricity,operating,7190.904356861409,5757.057676218093
own:14,29,electricity,operating,6515.725438776775,5175.239503019686
own:14,30,electricity,operating,7236.888073038943,5702.563669586987
own:14,31,electricity,operating,7025.857271036261,5492.4766540008395
own:14,32,electricity,operating,7283.332775971157,5648.71495032806
own:14,33,electricity,operating,7071.0284901784,5440.673983995352
own:14,34,electricity,operating,7330.243087050267,5595.5026071426755
own:14,35,electricity,operating,7353.8743024855185,5569.1323282269295
own:14,36,electricity,operating,7139.635813546398,5364.114059764384
own:14,0,hosting,capital,0.0,0.0
own:14,1,hosting,operating,0.0,0.0
own:14,2,hosting,operating,0.0,0.0
own:14,3,hosting,operating,0.0,0.0
own:14,4,hosting,operating,0.0,0.0
own:14,5,hosting,operating,0.0,0.0
own:14,6,hosting,operating,0.0,0.0
own:14,7,hosting,operating,0.0,0.0
own:14,8,hosting,operating,0.0,0.0
own:14,9,hosting,operating,0.0,0.0
own:14,10,hosting,operating,0.0,0.0
own:14,11,hosting,operating,0.0,0.0
own:14,12,hosting,operating,0.0,0.0
own:14,13,hosting,operating,0.0,0.0
own:14,14,hosting,operating,0.0,0.0
own:14,15,hosting,operating,0.0,0.0
own:14,16,hosting,operating,0.0,0.0
own:14,17,hosting,operating,0.0,0.0
own:14,18,hosting,operating,0.0,0.0
own:14,19,hosting,operating,0.0,0.0
own:14,20,hosting,operating,0.0,0.0
own:14,21,hosting,operating,0.0,0.0
own:14,22,hosting,operating,0.0,0.0
own:14,23,hosting,operating,0.0,0.0
own:14,24,hosting,operating,0.0,0.0
own:14,25,hosting,operating,0.0,0.0
own:14,26,hosting,operating,0.0,0.0
own:14,27,hosting,operating,0.0,0.0
own:14,28,hosting,operating,0.0,0.0
own:14,29,hosting,operating,0.0,0.0
own:14,30,hosting,operating,0.0,0.0
own:14,31,hosting,operating,0.0,0.0
own:14,32,hosting,operating,0.0,0.0
own:14,33,hosting,operating,0.0,0.0
own:14,34,hosting,operating,0.0,0.0
own:14,35,hosting,operating,0.0,0.0
own:14,36,hosting,operating,0.0,0.0
own:14,0,exit,terminal,0.0,0.0
own:14,1,exit,terminal,0.0,0.0
own:14,2,exit,terminal,0.0,0.0
own:14,3,exit,terminal,0.0,0.0
own:14,4,exit,terminal,0.0,0.0
own:14,5,exit,terminal,0.0,0.0
own:14,6,exit,terminal,0.0,0.0
own:14,7,exit,terminal,0.0,0.0
own:14,8,exit,terminal,0.0,0.0
own:14,9,exit,terminal,0.0,0.0
own:14,10,exit,terminal,0.0,0.0
own:14,11,exit,terminal,0.0,0.0
own:14,12,exit,terminal,0.0,0.0
own:14,13,exit,terminal,0.0,0.0
own:14,14,exit,terminal,0.0,0.0
own:14,15,exit,terminal,0.0,0.0
own:14,16,exit,terminal,0.0,0.0
own:14,17,exit,terminal,0.0,0.0
own:14,18,exit,terminal,0.0,0.0
own:14,19,exit,terminal,0.0,0.0
own:14,20,exit,terminal,0.0,0.0
own:14,21,exit,terminal,0.0,0.0
own:14,22,exit,terminal,0.0,0.0
own:14,23,exit,terminal,0.0,0.0
own:14,24,exit,terminal,0.0,0.0
own:14,25,exit,terminal,0.0,0.0
own:14,26,exit,terminal,0.0,0.0
own:14,27,exit,terminal,0.0,0.0
own:14,28,exit,terminal,0.0,0.0
own:14,29,exit,terminal,0.0,0.0
own:14,30,exit,terminal,0.0,0.0
own:14,31,exit,terminal,0.0,0.0
own:14,32,exit,terminal,0.0,0.0
own:14,33,exit,terminal,0.0,0.0
own:14,34,exit,terminal,0.0,0.0
own:14,35,exit,terminal,0.0,0.0
own:14,36,exit,terminal,0.0,0.0
own:14,0,residual,terminal,0.0,0.0
own:14,1,residual,terminal,0.0,0.0
own:14,2,residual,terminal,0.0,0.0
own:14,3,residual,terminal,0.0,0.0
own:14,4,residual,terminal,0.0,0.0
own:14,5,residual,terminal,0.0,0.0
own:14,6,residual,terminal,0.0,0.0
own:14,7,residual,terminal,0.0,0.0
own:14,8,residual,terminal,0.0,0.0
own:14,9,residual,terminal,0.0,0.0
own:14,10,residual,terminal,0.0,0.0
own:14,11,residual,terminal,0.0,0.0
own:14,12,residual,terminal,0.0,0.0
own:14,13,residual,terminal,0.0,0.0
own:14,14,residual,terminal,0.0,0.0
own:14,15,residual,terminal,0.0,0.0
own:14,16,residual,terminal,0.0,0.0
own:14,17,residual,terminal,0.0,0.0
own:14,18,residual,terminal,0.0,0.0
own:14,19,residual,terminal,0.0,0.0
own:14,20,residual,terminal,0.0,0.0
own:14,21,residual,terminal,0.0,0.0
own:14,22,residual,terminal,0.0,0.0
own:14,23,residual,terminal,0.0,0.0
own:14,24,residual,terminal,0.0,0.0
own:14,25,residual,terminal,0.0,0.0
own:14,26,residual,terminal,0.0,0.0
own:14,27,residual,terminal,0.0,0.0
own:14,28,residual,terminal,0.0,0.0
own:14,29,residual,terminal,0.0,0.0
own:14,30,residual,terminal,0.0,0.0
own:14,31,residual,terminal,0.0,0.0
own:14,32,residual,terminal,0.0,0.0
own:14,33,residual,terminal,0.0,0.0
own:14,34,residual,terminal,0.0,0.0
own:14,35,residual,terminal,0.0,0.0
own:14,36,residual,terminal,0.0,0.0
own:15,0,on_demand,capital,0.0,0.0
own:15,1,on_demand,operating,204473.6,202855.99778680265
own:15,2,on_demand,operating,198144.0,195021.34402646002
own:15,3,on_demand,operating,204473.6,199659.08295083806
own:15,4,on_demand,operating,204473.6,198079.56865429203
own:15,5,on_demand,operating,184659.19999999998,177469.61108979152
own:15,6,on_demand,operating,204473.6,194957.92808836754
own:15,7,on_demand,operating,0.0,0.0
own:15,8,on_demand,operating,0.0,0.0
own:15,9,on_demand,operating,0.0,0.0
own:15,10,on_demand,operating,0.0,0.0
own:15,11,on_demand,operating,0.0,0.0
own:15,12,on_demand,operating,0.0,0.0
own:15,13,on_demand,operating,0.0,0.0
own:15,14,on_demand,operating,0.0,0.0
own:15,15,on_demand,operating,0.0,0.0
own:15,16,on_demand,operating,0.0,0.0
own:15,17,on_demand,operating,0.0,0.0
own:15,18,on_demand,operating,0.0,0.0
own:15,19,on_demand,operating,0.0,0.0
own:15,20,on_demand,operating,0.0,0.0
own:15,21,on_demand,operating,0.0,0.0
own:15,22,on_demand,operating,0.0,0.0
own:15,23,on_demand,operating,0.0,0.0
own:15,24,on_demand,operating,0.0,0.0
own:15,25,on_demand,operating,0.0,0.0
own:15,26,on_demand,operating,0.0,0.0
own:15,27,on_demand,operating,0.0,0.0
own:15,28,on_demand,operating,0.0,0.0
own:15,29,on_demand,operating,0.0,0.0
own:15,30,on_demand,operating,0.0,0.0
own:15,31,on_demand,operating,0.0,0.0
own:15,32,on_demand,operating,0.0,0.0
own:15,33,on_demand,operating,0.0,0.0
own:15,34,on_demand,operating,0.0,0.0
own:15,35,on_demand,operating,0.0,0.0
own:15,36,on_demand,operating,0.0,0.0
own:15,0,variable_service,capital,0.0,0.0
own:15,1,variable_service,operating,0.0,0.0
own:15,2,variable_service,operating,0.0,0.0
own:15,3,variable_service,operating,0.0,0.0
own:15,4,variable_service,operating,0.0,0.0
own:15,5,variable_service,operating,0.0,0.0
own:15,6,variable_service,operating,0.0,0.0
own:15,7,variable_service,operating,0.0,0.0
own:15,8,variable_service,operating,0.0,0.0
own:15,9,variable_service,operating,0.0,0.0
own:15,10,variable_service,operating,0.0,0.0
own:15,11,variable_service,operating,0.0,0.0
own:15,12,variable_service,operating,0.0,0.0
own:15,13,variable_service,operating,0.0,0.0
own:15,14,variable_service,operating,0.0,0.0
own:15,15,variable_service,operating,0.0,0.0
own:15,16,variable_service,operating,0.0,0.0
own:15,17,variable_service,operating,0.0,0.0
own:15,18,variable_service,operating,0.0,0.0
own:15,19,variable_service,operating,0.0,0.0
own:15,20,variable_service,operating,0.0,0.0
own:15,21,variable_service,operating,0.0,0.0
own:15,22,variable_service,operating,0.0,0.0
own:15,23,variable_service,operating,0.0,0.0
own:15,24,variable_service,operating,0.0,0.0
own:15,25,variable_service,operating,0.0,0.0
own:15,26,variable_service,operating,0.0,0.0
own:15,27,variable_service,operating,0.0,0.0
own:15,28,variable_service,operating,0.0,0.0
own:15,29,variable_service,operating,0.0,0.0
own:15,30,variable_service,operating,0.0,0.0
own:15,31,variable_service,operating,0.0,0.0
own:15,32,variable_service,operating,0.0,0.0
own:15,33,variable_service,operating,0.0,0.0
own:15,34,variable_service,operating,0.0,0.0
own:15,35,variable_service,operating,0.0,0.0
own:15,36,variable_service,operating,0.0,0.0
own:15,0,node_acquisition,capital,6000000.0,6000000.0
own:15,1,node_acquisition,operating,0.0,0.0
own:15,2,node_acquisition,operating,0.0,0.0
own:15,3,node_acquisition,operating,0.0,0.0
own:15,4,node_acquisition,operating,0.0,0.0
own:15,5,node_acquisition,operating,0.0,0.0
own:15,6,node_acquisition,operating,0.0,0.0
own:15,7,node_acquisition,operating,0.0,0.0
own:15,8,node_acquisition,operating,0.0,0.0
own:15,9,node_acquisition,operating,0.0,0.0
own:15,10,node_acquisition,operating,0.0,0.0
own:15,11,node_acquisition,operating,0.0,0.0
own:15,12,node_acquisition,operating,0.0,0.0
own:15,13,node_acquisition,operating,0.0,0.0
own:15,14,node_acquisition,operating,0.0,0.0
own:15,15,node_acquisition,operating,0.0,0.0
own:15,16,node_acquisition,operating,0.0,0.0
own:15,17,node_acquisition,operating,0.0,0.0
own:15,18,node_acquisition,operating,0.0,0.0
own:15,19,node_acquisition,operating,0.0,0.0
own:15,20,node_acquisition,operating,0.0,0.0
own:15,21,node_acquisition,operating,0.0,0.0
own:15,22,node_acquisition,operating,0.0,0.0
own:15,23,node_acquisition,operating,0.0,0.0
own:15,24,node_acquisition,operating,0.0,0.0
own:15,25,node_acquisition,operating,0.0,0.0
own:15,26,node_acquisition,operating,0.0,0.0
own:15,27,node_acquisition,operating,0.0,0.0
own:15,28,node_acquisition,operating,0.0,0.0
own:15,29,node_acquisition,operating,0.0,0.0
own:15,30,node_acquisition,operating,0.0,0.0
own:15,31,node_acquisition,operating,0.0,0.0
own:15,32,node_acquisition,operating,0.0,0.0
own:15,33,node_acquisition,operating,0.0,0.0
own:15,34,node_acquisition,operating,0.0,0.0
own:15,35,node_acquisition,operating,0.0,0.0
own:15,36,node_acquisition,operating,0.0,0.0
own:15,0,installation,capital,50000.0,50000.0
own:15,1,installation,operating,0.0,0.0
own:15,2,installation,operating,0.0,0.0
own:15,3,installation,operating,0.0,0.0
own:15,4,installation,operating,0.0,0.0
own:15,5,installation,operating,0.0,0.0
own:15,6,installation,operating,0.0,0.0
own:15,7,installation,operating,0.0,0.0
own:15,8,installation,operating,0.0,0.0
own:15,9,installation,operating,0.0,0.0
own:15,10,installation,operating,0.0,0.0
own:15,11,installation,operating,0.0,0.0
own:15,12,installation,operating,0.0,0.0
own:15,13,installation,operating,0.0,0.0
own:15,14,installation,operating,0.0,0.0
own:15,15,installation,operating,0.0,0.0
own:15,16,installation,operating,0.0,0.0
own:15,17,installation,operating,0.0,0.0
own:15,18,installation,operating,0.0,0.0
own:15,19,installation,operating,0.0,0.0
own:15,20,installation,operating,0.0,0.0
own:15,21,installation,operating,0.0,0.0
own:15,22,installation,operating,0.0,0.0
own:15,23,installation,operating,0.0,0.0
own:15,24,installation,operating,0.0,0.0
own:15,25,installation,operating,0.0,0.0
own:15,26,installation,operating,0.0,0.0
own:15,27,installation,operating,0.0,0.0
own:15,28,installation,operating,0.0,0.0
own:15,29,installation,operating,0.0,0.0
own:15,30,installation,operating,0.0,0.0
own:15,31,installation,operating,0.0,0.0
own:15,32,installation,operating,0.0,0.0
own:15,33,installation,operating,0.0,0.0
own:15,34,installation,operating,0.0,0.0
own:15,35,installation,operating,0.0,0.0
own:15,36,installation,operating,0.0,0.0
own:15,0,network,capital,0.0,0.0
own:15,1,network,operating,0.0,0.0
own:15,2,network,operating,0.0,0.0
own:15,3,network,operating,0.0,0.0
own:15,4,network,operating,0.0,0.0
own:15,5,network,operating,0.0,0.0
own:15,6,network,operating,0.0,0.0
own:15,7,network,operating,0.0,0.0
own:15,8,network,operating,0.0,0.0
own:15,9,network,operating,0.0,0.0
own:15,10,network,operating,0.0,0.0
own:15,11,network,operating,0.0,0.0
own:15,12,network,operating,0.0,0.0
own:15,13,network,operating,0.0,0.0
own:15,14,network,operating,0.0,0.0
own:15,15,network,operating,0.0,0.0
own:15,16,network,operating,0.0,0.0
own:15,17,network,operating,0.0,0.0
own:15,18,network,operating,0.0,0.0
own:15,19,network,operating,0.0,0.0
own:15,20,network,operating,0.0,0.0
own:15,21,network,operating,0.0,0.0
own:15,22,network,operating,0.0,0.0
own:15,23,network,operating,0.0,0.0
own:15,24,network,operating,0.0,0.0
own:15,25,network,operating,0.0,0.0
own:15,26,network,operating,0.0,0.0
own:15,27,network,operating,0.0,0.0
own:15,28,network,operating,0.0,0.0
own:15,29,network,operating,0.0,0.0
own:15,30,network,operating,0.0,0.0
own:15,31,network,operating,0.0,0.0
own:15,32,network,operating,0.0,0.0
own:15,33,network,operating,0.0,0.0
own:15,34,network,operating,0.0,0.0
own:15,35,network,operating,0.0,0.0
own:15,36,network,operating,0.0,0.0
own:15,0,storage,capital,0.0,0.0
own:15,1,storage,operating,0.0,0.0
own:15,2,storage,operating,0.0,0.0
own:15,3,storage,operating,0.0,0.0
own:15,4,storage,operating,0.0,0.0
own:15,5,storage,operating,0.0,0.0
own:15,6,storage,operating,0.0,0.0
own:15,7,storage,operating,0.0,0.0
own:15,8,storage,operating,0.0,0.0
own:15,9,storage,operating,0.0,0.0
own:15,10,storage,operating,0.0,0.0
own:15,11,storage,operating,0.0,0.0
own:15,12,storage,operating,0.0,0.0
own:15,13,storage,operating,0.0,0.0
own:15,14,storage,operating,0.0,0.0
own:15,15,storage,operating,0.0,0.0
own:15,16,storage,operating,0.0,0.0
own:15,17,storage,operating,0.0,0.0
own:15,18,storage,operating,0.0,0.0
own:15,19,storage,operating,0.0,0.0
own:15,20,storage,operating,0.0,0.0
own:15,21,storage,operating,0.0,0.0
own:15,22,storage,operating,0.0,0.0
own:15,23,storage,operating,0.0,0.0
own:15,24,storage,operating,0.0,0.0
own:15,25,storage,operating,0.0,0.0
own:15,26,storage,operating,0.0,0.0
own:15,27,storage,operating,0.0,0.0
own:15,28,storage,operating,0.0,0.0
own:15,29,storage,operating,0.0,0.0
own:15,30,storage,operating,0.0,0.0
own:15,31,storage,operating,0.0,0.0
own:15,32,storage,operating,0.0,0.0
own:15,33,storage,operating,0.0,0.0
own:15,34,storage,operating,0.0,0.0
own:15,35,storage,operating,0.0,0.0
own:15,36,storage,operating,0.0,0.0
own:15,0,operations,capital,0.0,0.0
own:15,1,operations,operating,0.0,0.0
own:15,2,operations,operating,0.0,0.0
own:15,3,operations,operating,0.0,0.0
own:15,4,operations,operating,0.0,0.0
own:15,5,operations,operating,0.0,0.0
own:15,6,operations,operating,0.0,0.0
own:15,7,operations,operating,7000.0,6621.437849466243
own:15,8,operations,operating,7000.0,6569.055280176882
own:15,9,operations,operating,7000.0,6517.087112355559
own:15,10,operations,operating,7000.0,6465.530067648828
own:15,11,operations,operating,7000.0,6414.3808936384785
own:15,12,operations,operating,7000.0,6363.636363636363
own:15,13,operations,operating,7000.0,6313.293276480851
own:15,14,operations,operating,7000.0,6263.348456334878
own:15,15,operations,operating,7000.0,6213.798752485613
own:15,16,operations,operating,7000.0,6164.641039145681
own:15,17,operations,operating,7000.0,6115.872215255999
own:15,18,operations,operating,7000.0,6067.489204290132
own:15,19,operations,operating,7000.0,6019.488954060222
own:15,20,operations,operating,7000.0,5971.868436524437
own:15,21,operations,operating,7000.0,5924.624647595962
own:15,22,operations,operating,7000.0,5877.754606953479
own:15,23,operations,operating,7000.0,5831.2553578531615
own:15,24,operations,operating,7000.0,5785.123966942148
own:15,25,operations,operating,7000.0,5739.3575240735
own:15,26,operations,operating,7000.0,5693.9531421226175
own:15,27,operations,operating,7000.0,5648.907956805101
own:15,28,operations,operating,7000.0,5604.219126496073
own:15,29,operations,operating,7000.0,5559.883832050908
own:15,30,operations,operating,7000.0,5515.899276627392
own:15,31,operations,operating,7000.0,5472.262685509291
own:15,32,operations,operating,7000.0,5428.971305931306
own:15,33,operations,operating,7000.0,5386.02240690542
own:15,34,operations,operating,7000.0,5343.413279048617
own:15,35,operations,operating,7000.0,5301.141234411964
own:15,36,operations,operating,7000.0,5259.203606311043
own:15,0,precommission,capital,0.0,0.0
own:15,1,precommission,operating,0.0,0.0
own:15,2,precommission,operating,0.0,0.0
own:15,3,precommission,operating,0.0,0.0
own:15,4,precommission,operating,0.0,0.0
own:15,5,precommission,operating,0.0,0.0
own:15,6,precommission,operating,0.0,0.0
own:15,7,precommission,operating,0.0,0.0
own:15,8,precommission,operating,0.0,0.0
own:15,9,precommission,operating,0.0,0.0
own:15,10,precommission,operating,0.0,0.0
own:15,11,precommission,operating,0.0,0.0
own:15,12,precommission,operating,0.0,0.0
own:15,13,precommission,operating,0.0,0.0
own:15,14,precommission,operating,0.0,0.0
own:15,15,precommission,operating,0.0,0.0
own:15,16,precommission,operating,0.0,0.0
own:15,17,precommission,operating,0.0,0.0
own:15,18,precommission,operating,0.0,0.0
own:15,19,precommission,operating,0.0,0.0
own:15,20,precommission,operating,0.0,0.0
own:15,21,precommission,operating,0.0,0.0
own:15,22,precommission,operating,0.0,0.0
own:15,23,precommission,operating,0.0,0.0
own:15,24,precommission,operating,0.0,0.0
own:15,25,precommission,operating,0.0,0.0
own:15,26,precommission,operating,0.0,0.0
own:15,27,precommission,operating,0.0,0.0
own:15,28,precommission,operating,0.0,0.0
own:15,29,precommission,operating,0.0,0.0
own:15,30,precommission,operating,0.0,0.0
own:15,31,precommission,operating,0.0,0.0
own:15,32,precommission,operating,0.0,0.0
own:15,33,precommission,operating,0.0,0.0
own:15,34,precommission,operating,0.0,0.0
own:15,35,precommission,operating,0.0,0.0
own:15,36,precommission,operating,0.0,0.0
own:15,0,electricity,capital,0.0,0.0
own:15,1,electricity,operating,0.0,0.0
own:15,2,electricity,operating,0.0,0.0
own:15,3,electricity,operating,0.0,0.0
own:15,4,electricity,operating,0.0,0.0
own:15,5,electricity,operating,0.0,0.0
own:15,6,electricity,operating,0.0,0.0
own:15,7,electricity,operating,6697.53199693245,6335.327408928537
own:15,8,electricity,operating,6941.4369788143495,6514.097605385066
own:15,9,electricity,operating,6737.6072552016985,6272.796201569758
own:15,10,electricity,operating,6983.055134526962,6449.878990904801
own:15,11,electricity,operating,7004.020410199596,6418.064956834032
own:15,12,electricity,operating,6798.474689274768,6180.431535704334
own:15,13,electricity,operating,7046.265964811846,6355.020505706069
own:15,14,electricity,operating,6839.561898034747,6119.79420800897
own:15,15,electricity,operating,7088.935031109084,6292.7450932510255
own:15,16,electricity,operating,7110.429706264628,6261.892396171357
own:15,17,electricity,operating,6671.900767389761,5829.213218032031
own:15,18,electricity,operating,7153.74201406993,6200.750348663721
own:15,19,electricity,operating,6944.091023361561,5971.41131587338
own:15,20,electricity,operating,7197.488527760981,6140.350651597506
own:15,21,electricity,operating,6986.63803587076,5913.315415878765
own:15,22,electricity,operating,7241.673600251784,6080.682909419044
own:15,23,electricity,operating,7263.931968253042,6051.120315565202
own:15,24,electricity,operating,7051.259640091265,5827.487305860549
own:15,25,electricity,operating,7308.783136234778,5992.531354967226
own:15,26,electricity,operating,7094.881017983178,5771.13143790449
own:15,27,electricity,operating,7354.08393717553,5934.649038246205
own:15,28,electricity,operating,7376.904356861409,5905.969784436417
own:15,29,electricity,operating,6683.725438776774,5308.6767149889065
own:15,30,electricity,operating,7422.888073038943,5849.128993223086
own:15,31,electricity,operating,7205.857271036261,5633.191980199649
own:15,32,electricity,operating,7469.332775971157,5792.970473599949
own:15,33,electricity,operating,7251.0284901784,5579.171703030062
own:15,34,electricity,operating,7516.243087050267,5737.484731414538
own:15,35,electricity,operating,7539.8743024855185,5709.991223884162
own:15,36,electricity,operating,7319.635813546398,5499.350723926668
own:15,0,hosting,capital,0.0,0.0
own:15,1,hosting,operating,0.0,0.0
own:15,2,hosting,operating,0.0,0.0
own:15,3,hosting,operating,0.0,0.0
own:15,4,hosting,operating,0.0,0.0
own:15,5,hosting,operating,0.0,0.0
own:15,6,hosting,operating,0.0,0.0
own:15,7,hosting,operating,0.0,0.0
own:15,8,hosting,operating,0.0,0.0
own:15,9,hosting,operating,0.0,0.0
own:15,10,hosting,operating,0.0,0.0
own:15,11,hosting,operating,0.0,0.0
own:15,12,hosting,operating,0.0,0.0
own:15,13,hosting,operating,0.0,0.0
own:15,14,hosting,operating,0.0,0.0
own:15,15,hosting,operating,0.0,0.0
own:15,16,hosting,operating,0.0,0.0
own:15,17,hosting,operating,0.0,0.0
own:15,18,hosting,operating,0.0,0.0
own:15,19,hosting,operating,0.0,0.0
own:15,20,hosting,operating,0.0,0.0
own:15,21,hosting,operating,0.0,0.0
own:15,22,hosting,operating,0.0,0.0
own:15,23,hosting,operating,0.0,0.0
own:15,24,hosting,operating,0.0,0.0
own:15,25,hosting,operating,0.0,0.0
own:15,26,hosting,operating,0.0,0.0
own:15,27,hosting,operating,0.0,0.0
own:15,28,hosting,operating,0.0,0.0
own:15,29,hosting,operating,0.0,0.0
own:15,30,hosting,operating,0.0,0.0
own:15,31,hosting,operating,0.0,0.0
own:15,32,hosting,operating,0.0,0.0
own:15,33,hosting,operating,0.0,0.0
own:15,34,hosting,operating,0.0,0.0
own:15,35,hosting,operating,0.0,0.0
own:15,36,hosting,operating,0.0,0.0
own:15,0,exit,terminal,0.0,0.0
own:15,1,exit,terminal,0.0,0.0
own:15,2,exit,terminal,0.0,0.0
own:15,3,exit,terminal,0.0,0.0
own:15,4,exit,terminal,0.0,0.0
own:15,5,exit,terminal,0.0,0.0
own:15,6,exit,terminal,0.0,0.0
own:15,7,exit,terminal,0.0,0.0
own:15,8,exit,terminal,0.0,0.0
own:15,9,exit,terminal,0.0,0.0
own:15,10,exit,terminal,0.0,0.0
own:15,11,exit,terminal,0.0,0.0
own:15,12,exit,terminal,0.0,0.0
own:15,13,exit,terminal,0.0,0.0
own:15,14,exit,terminal,0.0,0.0
own:15,15,exit,terminal,0.0,0.0
own:15,16,exit,terminal,0.0,0.0
own:15,17,exit,terminal,0.0,0.0
own:15,18,exit,terminal,0.0,0.0
own:15,19,exit,terminal,0.0,0.0
own:15,20,exit,terminal,0.0,0.0
own:15,21,exit,terminal,0.0,0.0
own:15,22,exit,terminal,0.0,0.0
own:15,23,exit,terminal,0.0,0.0
own:15,24,exit,terminal,0.0,0.0
own:15,25,exit,terminal,0.0,0.0
own:15,26,exit,terminal,0.0,0.0
own:15,27,exit,terminal,0.0,0.0
own:15,28,exit,terminal,0.0,0.0
own:15,29,exit,terminal,0.0,0.0
own:15,30,exit,terminal,0.0,0.0
own:15,31,exit,terminal,0.0,0.0
own:15,32,exit,terminal,0.0,0.0
own:15,33,exit,terminal,0.0,0.0
own:15,34,exit,terminal,0.0,0.0
own:15,35,exit,terminal,0.0,0.0
own:15,36,exit,terminal,0.0,0.0
own:15,0,residual,terminal,0.0,0.0
own:15,1,residual,terminal,0.0,0.0
own:15,2,residual,terminal,0.0,0.0
own:15,3,residual,terminal,0.0,0.0
own:15,4,residual,terminal,0.0,0.0
own:15,5,residual,terminal,0.0,0.0
own:15,6,residual,terminal,0.0,0.0
own:15,7,residual,terminal,0.0,0.0
own:15,8,residual,terminal,0.0,0.0
own:15,9,residual,terminal,0.0,0.0
own:15,10,residual,terminal,0.0,0.0
own:15,11,residual,terminal,0.0,0.0
own:15,12,residual,terminal,0.0,0.0
own:15,13,residual,terminal,0.0,0.0
own:15,14,residual,terminal,0.0,0.0
own:15,15,residual,terminal,0.0,0.0
own:15,16,residual,terminal,0.0,0.0
own:15,17,residual,terminal,0.0,0.0
own:15,18,residual,terminal,0.0,0.0
own:15,19,residual,terminal,0.0,0.0
own:15,20,residual,terminal,0.0,0.0
own:15,21,residual,terminal,0.0,0.0
own:15,22,residual,terminal,0.0,0.0
own:15,23,residual,terminal,0.0,0.0
own:15,24,residual,terminal,0.0,0.0
own:15,25,residual,terminal,0.0,0.0
own:15,26,residual,terminal,0.0,0.0
own:15,27,residual,terminal,0.0,0.0
own:15,28,residual,terminal,0.0,0.0
own:15,29,residual,terminal,0.0,0.0
own:15,30,residual,terminal,0.0,0.0
own:15,31,residual,terminal,0.0,0.0
own:15,32,residual,terminal,0.0,0.0
own:15,33,residual,terminal,0.0,0.0
own:15,34,residual,terminal,0.0,0.0
own:15,35,residual,terminal,0.0,0.0
own:15,36,residual,terminal,0.0,0.0
own:16,0,on_demand,capital,0.0,0.0
own:16,1,on_demand,operating,204473.6,202855.99778680265
own:16,2,on_demand,operating,198144.0,195021.34402646002
own:16,3,on_demand,operating,204473.6,199659.08295083806
own:16,4,on_demand,operating,204473.6,198079.56865429203
own:16,5,on_demand,operating,184659.19999999998,177469.61108979152
own:16,6,on_demand,operating,204473.6,194957.92808836754
own:16,7,on_demand,operating,0.0,0.0
own:16,8,on_demand,operating,0.0,0.0
own:16,9,on_demand,operating,0.0,0.0
own:16,10,on_demand,operating,0.0,0.0
own:16,11,on_demand,operating,0.0,0.0
own:16,12,on_demand,operating,0.0,0.0
own:16,13,on_demand,operating,0.0,0.0
own:16,14,on_demand,operating,0.0,0.0
own:16,15,on_demand,operating,0.0,0.0
own:16,16,on_demand,operating,0.0,0.0
own:16,17,on_demand,operating,0.0,0.0
own:16,18,on_demand,operating,0.0,0.0
own:16,19,on_demand,operating,0.0,0.0
own:16,20,on_demand,operating,0.0,0.0
own:16,21,on_demand,operating,0.0,0.0
own:16,22,on_demand,operating,0.0,0.0
own:16,23,on_demand,operating,0.0,0.0
own:16,24,on_demand,operating,0.0,0.0
own:16,25,on_demand,operating,0.0,0.0
own:16,26,on_demand,operating,0.0,0.0
own:16,27,on_demand,operating,0.0,0.0
own:16,28,on_demand,operating,0.0,0.0
own:16,29,on_demand,operating,0.0,0.0
own:16,30,on_demand,operating,0.0,0.0
own:16,31,on_demand,operating,0.0,0.0
own:16,32,on_demand,operating,0.0,0.0
own:16,33,on_demand,operating,0.0,0.0
own:16,34,on_demand,operating,0.0,0.0
own:16,35,on_demand,operating,0.0,0.0
own:16,36,on_demand,operating,0.0,0.0
own:16,0,variable_service,capital,0.0,0.0
own:16,1,variable_service,operating,0.0,0.0
own:16,2,variable_service,operating,0.0,0.0
own:16,3,variable_service,operating,0.0,0.0
own:16,4,variable_service,operating,0.0,0.0
own:16,5,variable_service,operating,0.0,0.0
own:16,6,variable_service,operating,0.0,0.0
own:16,7,variable_service,operating,0.0,0.0
own:16,8,variable_service,operating,0.0,0.0
own:16,9,variable_service,operating,0.0,0.0
own:16,10,variable_service,operating,0.0,0.0
own:16,11,variable_service,operating,0.0,0.0
own:16,12,variable_service,operating,0.0,0.0
own:16,13,variable_service,operating,0.0,0.0
own:16,14,variable_service,operating,0.0,0.0
own:16,15,variable_service,operating,0.0,0.0
own:16,16,variable_service,operating,0.0,0.0
own:16,17,variable_service,operating,0.0,0.0
own:16,18,variable_service,operating,0.0,0.0
own:16,19,variable_service,operating,0.0,0.0
own:16,20,variable_service,operating,0.0,0.0
own:16,21,variable_service,operating,0.0,0.0
own:16,22,variable_service,operating,0.0,0.0
own:16,23,variable_service,operating,0.0,0.0
own:16,24,variable_service,operating,0.0,0.0
own:16,25,variable_service,operating,0.0,0.0
own:16,26,variable_service,operating,0.0,0.0
own:16,27,variable_service,operating,0.0,0.0
own:16,28,variable_service,operating,0.0,0.0
own:16,29,variable_service,operating,0.0,0.0
own:16,30,variable_service,operating,0.0,0.0
own:16,31,variable_service,operating,0.0,0.0
own:16,32,variable_service,operating,0.0,0.0
own:16,33,variable_service,operating,0.0,0.0
own:16,34,variable_service,operating,0.0,0.0
own:16,35,variable_service,operating,0.0,0.0
own:16,36,variable_service,operating,0.0,0.0
own:16,0,node_acquisition,capital,6400000.0,6400000.0
own:16,1,node_acquisition,operating,0.0,0.0
own:16,2,node_acquisition,operating,0.0,0.0
own:16,3,node_acquisition,operating,0.0,0.0
own:16,4,node_acquisition,operating,0.0,0.0
own:16,5,node_acquisition,operating,0.0,0.0
own:16,6,node_acquisition,operating,0.0,0.0
own:16,7,node_acquisition,operating,0.0,0.0
own:16,8,node_acquisition,operating,0.0,0.0
own:16,9,node_acquisition,operating,0.0,0.0
own:16,10,node_acquisition,operating,0.0,0.0
own:16,11,node_acquisition,operating,0.0,0.0
own:16,12,node_acquisition,operating,0.0,0.0
own:16,13,node_acquisition,operating,0.0,0.0
own:16,14,node_acquisition,operating,0.0,0.0
own:16,15,node_acquisition,operating,0.0,0.0
own:16,16,node_acquisition,operating,0.0,0.0
own:16,17,node_acquisition,operating,0.0,0.0
own:16,18,node_acquisition,operating,0.0,0.0
own:16,19,node_acquisition,operating,0.0,0.0
own:16,20,node_acquisition,operating,0.0,0.0
own:16,21,node_acquisition,operating,0.0,0.0
own:16,22,node_acquisition,operating,0.0,0.0
own:16,23,node_acquisition,operating,0.0,0.0
own:16,24,node_acquisition,operating,0.0,0.0
own:16,25,node_acquisition,operating,0.0,0.0
own:16,26,node_acquisition,operating,0.0,0.0
own:16,27,node_acquisition,operating,0.0,0.0
own:16,28,node_acquisition,operating,0.0,0.0
own:16,29,node_acquisition,operating,0.0,0.0
own:16,30,node_acquisition,operating,0.0,0.0
own:16,31,node_acquisition,operating,0.0,0.0
own:16,32,node_acquisition,operating,0.0,0.0
own:16,33,node_acquisition,operating,0.0,0.0
own:16,34,node_acquisition,operating,0.0,0.0
own:16,35,node_acquisition,operating,0.0,0.0
own:16,36,node_acquisition,operating,0.0,0.0
own:16,0,installation,capital,50000.0,50000.0
own:16,1,installation,operating,0.0,0.0
own:16,2,installation,operating,0.0,0.0
own:16,3,installation,operating,0.0,0.0
own:16,4,installation,operating,0.0,0.0
own:16,5,installation,operating,0.0,0.0
own:16,6,installation,operating,0.0,0.0
own:16,7,installation,operating,0.0,0.0
own:16,8,installation,operating,0.0,0.0
own:16,9,installation,operating,0.0,0.0
own:16,10,installation,operating,0.0,0.0
own:16,11,installation,operating,0.0,0.0
own:16,12,installation,operating,0.0,0.0
own:16,13,installation,operating,0.0,0.0
own:16,14,installation,operating,0.0,0.0
own:16,15,installation,operating,0.0,0.0
own:16,16,installation,operating,0.0,0.0
own:16,17,installation,operating,0.0,0.0
own:16,18,installation,operating,0.0,0.0
own:16,19,installation,operating,0.0,0.0
own:16,20,installation,operating,0.0,0.0
own:16,21,installation,operating,0.0,0.0
own:16,22,installation,operating,0.0,0.0
own:16,23,installation,operating,0.0,0.0
own:16,24,installation,operating,0.0,0.0
own:16,25,installation,operating,0.0,0.0
own:16,26,installation,operating,0.0,0.0
own:16,27,installation,operating,0.0,0.0
own:16,28,installation,operating,0.0,0.0
own:16,29,installation,operating,0.0,0.0
own:16,30,installation,operating,0.0,0.0
own:16,31,installation,operating,0.0,0.0
own:16,32,installation,operating,0.0,0.0
own:16,33,installation,operating,0.0,0.0
own:16,34,installation,operating,0.0,0.0
own:16,35,installation,operating,0.0,0.0
own:16,36,installation,operating,0.0,0.0
own:16,0,network,capital,0.0,0.0
own:16,1,network,operating,0.0,0.0
own:16,2,network,operating,0.0,0.0
own:16,3,network,operating,0.0,0.0
own:16,4,network,operating,0.0,0.0
own:16,5,network,operating,0.0,0.0
own:16,6,network,operating,0.0,0.0
own:16,7,network,operating,0.0,0.0
own:16,8,network,operating,0.0,0.0
own:16,9,network,operating,0.0,0.0
own:16,10,network,operating,0.0,0.0
own:16,11,network,operating,0.0,0.0
own:16,12,network,operating,0.0,0.0
own:16,13,network,operating,0.0,0.0
own:16,14,network,operating,0.0,0.0
own:16,15,network,operating,0.0,0.0
own:16,16,network,operating,0.0,0.0
own:16,17,network,operating,0.0,0.0
own:16,18,network,operating,0.0,0.0
own:16,19,network,operating,0.0,0.0
own:16,20,network,operating,0.0,0.0
own:16,21,network,operating,0.0,0.0
own:16,22,network,operating,0.0,0.0
own:16,23,network,operating,0.0,0.0
own:16,24,network,operating,0.0,0.0
own:16,25,network,operating,0.0,0.0
own:16,26,network,operating,0.0,0.0
own:16,27,network,operating,0.0,0.0
own:16,28,network,operating,0.0,0.0
own:16,29,network,operating,0.0,0.0
own:16,30,network,operating,0.0,0.0
own:16,31,network,operating,0.0,0.0
own:16,32,network,operating,0.0,0.0
own:16,33,network,operating,0.0,0.0
own:16,34,network,operating,0.0,0.0
own:16,35,network,operating,0.0,0.0
own:16,36,network,operating,0.0,0.0
own:16,0,storage,capital,0.0,0.0
own:16,1,storage,operating,0.0,0.0
own:16,2,storage,operating,0.0,0.0
own:16,3,storage,operating,0.0,0.0
own:16,4,storage,operating,0.0,0.0
own:16,5,storage,operating,0.0,0.0
own:16,6,storage,operating,0.0,0.0
own:16,7,storage,operating,0.0,0.0
own:16,8,storage,operating,0.0,0.0
own:16,9,storage,operating,0.0,0.0
own:16,10,storage,operating,0.0,0.0
own:16,11,storage,operating,0.0,0.0
own:16,12,storage,operating,0.0,0.0
own:16,13,storage,operating,0.0,0.0
own:16,14,storage,operating,0.0,0.0
own:16,15,storage,operating,0.0,0.0
own:16,16,storage,operating,0.0,0.0
own:16,17,storage,operating,0.0,0.0
own:16,18,storage,operating,0.0,0.0
own:16,19,storage,operating,0.0,0.0
own:16,20,storage,operating,0.0,0.0
own:16,21,storage,operating,0.0,0.0
own:16,22,storage,operating,0.0,0.0
own:16,23,storage,operating,0.0,0.0
own:16,24,storage,operating,0.0,0.0
own:16,25,storage,operating,0.0,0.0
own:16,26,storage,operating,0.0,0.0
own:16,27,storage,operating,0.0,0.0
own:16,28,storage,operating,0.0,0.0
own:16,29,storage,operating,0.0,0.0
own:16,30,storage,operating,0.0,0.0
own:16,31,storage,operating,0.0,0.0
own:16,32,storage,operating,0.0,0.0
own:16,33,storage,operating,0.0,0.0
own:16,34,storage,operating,0.0,0.0
own:16,35,storage,operating,0.0,0.0
own:16,36,storage,operating,0.0,0.0
own:16,0,operations,capital,0.0,0.0
own:16,1,operations,operating,0.0,0.0
own:16,2,operations,operating,0.0,0.0
own:16,3,operations,operating,0.0,0.0
own:16,4,operations,operating,0.0,0.0
own:16,5,operations,operating,0.0,0.0
own:16,6,operations,operating,0.0,0.0
own:16,7,operations,operating,7333.333333333333,6936.74441372654
own:16,8,operations,operating,7333.333333333333,6881.867436375781
own:16,9,operations,operating,7333.333333333333,6827.4245938963
own:16,10,operations,operating,7333.333333333333,6773.412451822582
own:16,11,operations,operating,7333.333333333333,6719.827602859357
own:16,12,operations,operating,7333.333333333333,6666.666666666666
own:16,13,operations,operating,7333.333333333333,6613.926289646606
own:16,14,operations,operating,7333.333333333333,6561.603144731777
own:16,15,operations,operating,7333.333333333333,6509.693931175403
own:16,16,operations,operating,7333.333333333333,6458.195374343095
own:16,17,operations,operating,7333.333333333333,6407.104225506285
own:16,18,operations,operating,7333.333333333333,6356.417261637281
own:16,19,operations,operating,7333.333333333333,6306.131285205946
own:16,20,operations,operating,7333.333333333333,6256.243123977982
own:16,21,operations,operating,7333.333333333333,6206.749630814818
own:16,22,operations,operating,7333.333333333333,6157.647683475074
own:16,23,operations,operating,7333.333333333333,6108.934184417597
own:16,24,operations,operating,7333.333333333333,6060.60606060606
own:16,25,operations,operating,7333.333333333333,6012.660263315095
own:16,26,operations,operating,7333.333333333333,5965.0937679379795
own:16,27,operations,operating,7333.333333333333,5917.90357379582
own:16,28,operations,operating,7333.333333333333,5871.086703948266
own:16,29,operations,operating,7333.333333333333,5824.640205005713
own:16,30,operations,operating,7333.333333333333,5778.561146942982
own:16,31,operations,operating,7333.333333333333,5732.846622914496
own:16,32,operations,operating,7333.333333333333,5687.493749070893
own:16,33,operations,operating,7333.333333333333,5642.4996643771065
own:16,34,operations,operating,7333.333333333333,5597.861530431885
own:16,35,operations,operating,7333.333333333333,5553.576531288724
own:16,36,operations,operating,7333.333333333333,5509.641873278235
own:16,0,precommission,capital,0.0,0.0
own:16,1,precommission,operating,0.0,0.0
own:16,2,precommission,operating,0.0,0.0
own:16,3,precommission,operating,0.0,0.0
own:16,4,precommission,operating,0.0,0.0
own:16,5,precommission,operating,0.0,0.0
own:16,6,precommission,operating,0.0,0.0
own:16,7,precommission,operating,0.0,0.0
own:16,8,precommission,operating,0.0,0.0
own:16,9,precommission,operating,0.0,0.0
own:16,10,precommission,operating,0.0,0.0
own:16,11,precommission,operating,0.0,0.0
own:16,12,precommission,operating,0.0,0.0
own:16,13,precommission,operating,0.0,0.0
own:16,14,precommission,operating,0.0,0.0
own:16,15,precommission,operating,0.0,0.0
own:16,16,precommission,operating,0.0,0.0
own:16,17,precommission,operating,0.0,0.0
own:16,18,precommission,operating,0.0,0.0
own:16,19,precommission,operating,0.0,0.0
own:16,20,precommission,operating,0.0,0.0
own:16,21,precommission,operating,0.0,0.0
own:16,22,precommission,operating,0.0,0.0
own:16,23,precommission,operating,0.0,0.0
own:16,24,precommission,operating,0.0,0.0
own:16,25,precommission,operating,0.0,0.0
own:16,26,precommission,operating,0.0,0.0
own:16,27,precommission,operating,0.0,0.0
own:16,28,precommission,operating,0.0,0.0
own:16,29,precommission,operating,0.0,0.0
own:16,30,precommission,operating,0.0,0.0
own:16,31,precommission,operating,0.0,0.0
own:16,32,precommission,operating,0.0,0.0
own:16,33,precommission,operating,0.0,0.0
own:16,34,precommission,operating,0.0,0.0
own:16,35,precommission,operating,0.0,0.0
own:16,36,precommission,operating,0.0,0.0
own:16,0,electricity,capital,0.0,0.0
own:16,1,electricity,operating,0.0,0.0
own:16,2,electricity,operating,0.0,0.0
own:16,3,electricity,operating,0.0,0.0
own:16,4,electricity,operating,0.0,0.0
own:16,5,electricity,operating,0.0,0.0
own:16,6,electricity,operating,0.0,0.0
own:16,7,electricity,operating,6877.53199693245,6505.592953629098
own:16,8,electricity,operating,7127.4369788143495,6688.646788544052
own:16,9,electricity,operating,6917.6072552016985,6440.378441601758
own:16,10,electricity,operating,7169.055134526962,6621.677361273756
own:16,11,electricity,operating,7190.020410199596,6588.504220579283
own:16,12,electricity,operating,6978.474689274768,6344.067899340698
own:16,13,electricity,operating,7232.265964811846,6522.77372705256
own:16,14,electricity,operating,7019.561898034747,6280.851739743295
own:16,15,electricity,operating,7274.935031109084,6457.854602959929
own:16,16,electricity,operating,7296.429706264628,6425.695715211514
own:16,17,electricity,operating,6845.900767389761,5981.23632738268
own:16,18,electricity,operating,7339.74201406993,6361.97220466343
own:16,19,electricity,operating,7124.091023361561,6126.198174692071
own:16,20,electricity,operating,7383.488527760981,6299.031727196584
own:16,21,electricity,operating,7166.63803587076,6065.662906816947
own:16,22,electricity,operating,7427.673600251784,6236.863246118094
own:16,23,electricity,operating,7449.931968253042,6206.065100788157
own:16,24,electricity,operating,7231.259640091265,5976.247636439061
own:16,25,electricity,operating,7494.783136234778,6145.034283464037
own:16,26,electricity,operating,7274.881017983178,5917.547375844786
own:16,27,electricity,operating,7540.08393717553,6084.748592527027
own:16,28,electricity,operating,7562.904356861409,6054.881892654741
own:16,29,electricity,operating,6851.725438776774,5442.113926958129
own:16,30,electricity,operating,7608.888073038943,5995.694316859185
own:16,31,electricity,operating,7385.857271036261,5773.90730639846
own:16,32,electricity,operating,7655.332775971157,5937.225996871838
own:16,33,electricity,operating,7431.0284901784,5717.669422064773
own:16,34,electricity,operating,7702.243087050267,5879.466855686402
own:16,35,electricity,operating,7725.8743024855185,5850.850119541394
own:16,36,electricity,operating,7499.635813546398,5634.587388088952
own:16,0,hosting,capital,0.0,0.0
own:16,1,hosting,operating,0.0,0.0
own:16,2,hosting,operating,0.0,0.0
own:16,3,hosting,operating,0.0,0.0
own:16,4,hosting,operating,0.0,0.0
own:16,5,hosting,operating,0.0,0.0
own:16,6,hosting,operating,0.0,0.0
own:16,7,hosting,operating,0.0,0.0
own:16,8,hosting,operating,0.0,0.0
own:16,9,hosting,operating,0.0,0.0
own:16,10,hosting,operating,0.0,0.0
own:16,11,hosting,operating,0.0,0.0
own:16,12,hosting,operating,0.0,0.0
own:16,13,hosting,operating,0.0,0.0
own:16,14,hosting,operating,0.0,0.0
own:16,15,hosting,operating,0.0,0.0
own:16,16,hosting,operating,0.0,0.0
own:16,17,hosting,operating,0.0,0.0
own:16,18,hosting,operating,0.0,0.0
own:16,19,hosting,operating,0.0,0.0
own:16,20,hosting,operating,0.0,0.0
own:16,21,hosting,operating,0.0,0.0
own:16,22,hosting,operating,0.0,0.0
own:16,23,hosting,operating,0.0,0.0
own:16,24,hosting,operating,0.0,0.0
own:16,25,hosting,operating,0.0,0.0
own:16,26,hosting,operating,0.0,0.0
own:16,27,hosting,operating,0.0,0.0
own:16,28,hosting,operating,0.0,0.0
own:16,29,hosting,operating,0.0,0.0
own:16,30,hosting,operating,0.0,0.0
own:16,31,hosting,operating,0.0,0.0
own:16,32,hosting,operating,0.0,0.0
own:16,33,hosting,operating,0.0,0.0
own:16,34,hosting,operating,0.0,0.0
own:16,35,hosting,operating,0.0,0.0
own:16,36,hosting,operating,0.0,0.0
own:16,0,exit,terminal,0.0,0.0
own:16,1,exit,terminal,0.0,0.0
own:16,2,exit,terminal,0.0,0.0
own:16,3,exit,terminal,0.0,0.0
own:16,4,exit,terminal,0.0,0.0
own:16,5,exit,terminal,0.0,0.0
own:16,6,exit,terminal,0.0,0.0
own:16,7,exit,terminal,0.0,0.0
own:16,8,exit,terminal,0.0,0.0
own:16,9,exit,terminal,0.0,0.0
own:16,10,exit,terminal,0.0,0.0
own:16,11,exit,terminal,0.0,0.0
own:16,12,exit,terminal,0.0,0.0
own:16,13,exit,terminal,0.0,0.0
own:16,14,exit,terminal,0.0,0.0
own:16,15,exit,terminal,0.0,0.0
own:16,16,exit,terminal,0.0,0.0
own:16,17,exit,terminal,0.0,0.0
own:16,18,exit,terminal,0.0,0.0
own:16,19,exit,terminal,0.0,0.0
own:16,20,exit,terminal,0.0,0.0
own:16,21,exit,terminal,0.0,0.0
own:16,22,exit,terminal,0.0,0.0
own:16,23,exit,terminal,0.0,0.0
own:16,24,exit,terminal,0.0,0.0
own:16,25,exit,terminal,0.0,0.0
own:16,26,exit,terminal,0.0,0.0
own:16,27,exit,terminal,0.0,0.0
own:16,28,exit,terminal,0.0,0.0
own:16,29,exit,terminal,0.0,0.0
own:16,30,exit,terminal,0.0,0.0
own:16,31,exit,terminal,0.0,0.0
own:16,32,exit,terminal,0.0,0.0
own:16,33,exit,terminal,0.0,0.0
own:16,34,exit,terminal,0.0,0.0
own:16,35,exit,terminal,0.0,0.0
own:16,36,exit,terminal,0.0,0.0
own:16,0,residual,terminal,0.0,0.0
own:16,1,residual,terminal,0.0,0.0
own:16,2,residual,terminal,0.0,0.0
own:16,3,residual,terminal,0.0,0.0
own:16,4,residual,terminal,0.0,0.0
own:16,5,residual,terminal,0.0,0.0
own:16,6,residual,terminal,0.0,0.0
own:16,7,residual,terminal,0.0,0.0
own:16,8,residual,terminal,0.0,0.0
own:16,9,residual,terminal,0.0,0.0
own:16,10,residual,terminal,0.0,0.0
own:16,11,residual,terminal,0.0,0.0
own:16,12,residual,terminal,0.0,0.0
own:16,13,residual,terminal,0.0,0.0
own:16,14,residual,terminal,0.0,0.0
own:16,15,residual,terminal,0.0,0.0
own:16,16,residual,terminal,0.0,0.0
own:16,17,residual,terminal,0.0,0.0
own:16,18,residual,terminal,0.0,0.0
own:16,19,residual,terminal,0.0,0.0
own:16,20,residual,terminal,0.0,0.0
own:16,21,residual,terminal,0.0,0.0
own:16,22,residual,terminal,0.0,0.0
own:16,23,residual,terminal,0.0,0.0
own:16,24,residual,terminal,0.0,0.0
own:16,25,residual,terminal,0.0,0.0
own:16,26,residual,terminal,0.0,0.0
own:16,27,residual,terminal,0.0,0.0
own:16,28,residual,terminal,0.0,0.0
own:16,29,residual,terminal,0.0,0.0
own:16,30,residual,terminal,0.0,0.0
own:16,31,residual,terminal,0.0,0.0
own:16,32,residual,terminal,0.0,0.0
own:16,33,residual,terminal,0.0,0.0
own:16,34,residual,terminal,0.0,0.0
own:16,35,residual,terminal,0.0,0.0
own:16,36,residual,terminal,0.0,0.0
own:17,0,on_demand,capital,0.0,0.0
own:17,1,on_demand,operating,204473.6,202855.99778680265
own:17,2,on_demand,operating,198144.0,195021.34402646002
own:17,3,on_demand,operating,204473.6,199659.08295083806
own:17,4,on_demand,operating,204473.6,198079.56865429203
own:17,5,on_demand,operating,184659.19999999998,177469.61108979152
own:17,6,on_demand,operating,204473.6,194957.92808836754
own:17,7,on_demand,operating,0.0,0.0
own:17,8,on_demand,operating,0.0,0.0
own:17,9,on_demand,operating,0.0,0.0
own:17,10,on_demand,operating,0.0,0.0
own:17,11,on_demand,operating,0.0,0.0
own:17,12,on_demand,operating,0.0,0.0
own:17,13,on_demand,operating,0.0,0.0
own:17,14,on_demand,operating,0.0,0.0
own:17,15,on_demand,operating,0.0,0.0
own:17,16,on_demand,operating,0.0,0.0
own:17,17,on_demand,operating,0.0,0.0
own:17,18,on_demand,operating,0.0,0.0
own:17,19,on_demand,operating,0.0,0.0
own:17,20,on_demand,operating,0.0,0.0
own:17,21,on_demand,operating,0.0,0.0
own:17,22,on_demand,operating,0.0,0.0
own:17,23,on_demand,operating,0.0,0.0
own:17,24,on_demand,operating,0.0,0.0
own:17,25,on_demand,operating,0.0,0.0
own:17,26,on_demand,operating,0.0,0.0
own:17,27,on_demand,operating,0.0,0.0
own:17,28,on_demand,operating,0.0,0.0
own:17,29,on_demand,operating,0.0,0.0
own:17,30,on_demand,operating,0.0,0.0
own:17,31,on_demand,operating,0.0,0.0
own:17,32,on_demand,operating,0.0,0.0
own:17,33,on_demand,operating,0.0,0.0
own:17,34,on_demand,operating,0.0,0.0
own:17,35,on_demand,operating,0.0,0.0
own:17,36,on_demand,operating,0.0,0.0
own:17,0,variable_service,capital,0.0,0.0
own:17,1,variable_service,operating,0.0,0.0
own:17,2,variable_service,operating,0.0,0.0
own:17,3,variable_service,operating,0.0,0.0
own:17,4,variable_service,operating,0.0,0.0
own:17,5,variable_service,operating,0.0,0.0
own:17,6,variable_service,operating,0.0,0.0
own:17,7,variable_service,operating,0.0,0.0
own:17,8,variable_service,operating,0.0,0.0
own:17,9,variable_service,operating,0.0,0.0
own:17,10,variable_service,operating,0.0,0.0
own:17,11,variable_service,operating,0.0,0.0
own:17,12,variable_service,operating,0.0,0.0
own:17,13,variable_service,operating,0.0,0.0
own:17,14,variable_service,operating,0.0,0.0
own:17,15,variable_service,operating,0.0,0.0
own:17,16,variable_service,operating,0.0,0.0
own:17,17,variable_service,operating,0.0,0.0
own:17,18,variable_service,operating,0.0,0.0
own:17,19,variable_service,operating,0.0,0.0
own:17,20,variable_service,operating,0.0,0.0
own:17,21,variable_service,operating,0.0,0.0
own:17,22,variable_service,operating,0.0,0.0
own:17,23,variable_service,operating,0.0,0.0
own:17,24,variable_service,operating,0.0,0.0
own:17,25,variable_service,operating,0.0,0.0
own:17,26,variable_service,operating,0.0,0.0
own:17,27,variable_service,operating,0.0,0.0
own:17,28,variable_service,operating,0.0,0.0
own:17,29,variable_service,operating,0.0,0.0
own:17,30,variable_service,operating,0.0,0.0
own:17,31,variable_service,operating,0.0,0.0
own:17,32,variable_service,operating,0.0,0.0
own:17,33,variable_service,operating,0.0,0.0
own:17,34,variable_service,operating,0.0,0.0
own:17,35,variable_service,operating,0.0,0.0
own:17,36,variable_service,operating,0.0,0.0
own:17,0,node_acquisition,capital,6800000.0,6800000.0
own:17,1,node_acquisition,operating,0.0,0.0
own:17,2,node_acquisition,operating,0.0,0.0
own:17,3,node_acquisition,operating,0.0,0.0
own:17,4,node_acquisition,operating,0.0,0.0
own:17,5,node_acquisition,operating,0.0,0.0
own:17,6,node_acquisition,operating,0.0,0.0
own:17,7,node_acquisition,operating,0.0,0.0
own:17,8,node_acquisition,operating,0.0,0.0
own:17,9,node_acquisition,operating,0.0,0.0
own:17,10,node_acquisition,operating,0.0,0.0
own:17,11,node_acquisition,operating,0.0,0.0
own:17,12,node_acquisition,operating,0.0,0.0
own:17,13,node_acquisition,operating,0.0,0.0
own:17,14,node_acquisition,operating,0.0,0.0
own:17,15,node_acquisition,operating,0.0,0.0
own:17,16,node_acquisition,operating,0.0,0.0
own:17,17,node_acquisition,operating,0.0,0.0
own:17,18,node_acquisition,operating,0.0,0.0
own:17,19,node_acquisition,operating,0.0,0.0
own:17,20,node_acquisition,operating,0.0,0.0
own:17,21,node_acquisition,operating,0.0,0.0
own:17,22,node_acquisition,operating,0.0,0.0
own:17,23,node_acquisition,operating,0.0,0.0
own:17,24,node_acquisition,operating,0.0,0.0
own:17,25,node_acquisition,operating,0.0,0.0
own:17,26,node_acquisition,operating,0.0,0.0
own:17,27,node_acquisition,operating,0.0,0.0
own:17,28,node_acquisition,operating,0.0,0.0
own:17,29,node_acquisition,operating,0.0,0.0
own:17,30,node_acquisition,operating,0.0,0.0
own:17,31,node_acquisition,operating,0.0,0.0
own:17,32,node_acquisition,operating,0.0,0.0
own:17,33,node_acquisition,operating,0.0,0.0
own:17,34,node_acquisition,operating,0.0,0.0
own:17,35,node_acquisition,operating,0.0,0.0
own:17,36,node_acquisition,operating,0.0,0.0
own:17,0,installation,capital,50000.0,50000.0
own:17,1,installation,operating,0.0,0.0
own:17,2,installation,operating,0.0,0.0
own:17,3,installation,operating,0.0,0.0
own:17,4,installation,operating,0.0,0.0
own:17,5,installation,operating,0.0,0.0
own:17,6,installation,operating,0.0,0.0
own:17,7,installation,operating,0.0,0.0
own:17,8,installation,operating,0.0,0.0
own:17,9,installation,operating,0.0,0.0
own:17,10,installation,operating,0.0,0.0
own:17,11,installation,operating,0.0,0.0
own:17,12,installation,operating,0.0,0.0
own:17,13,installation,operating,0.0,0.0
own:17,14,installation,operating,0.0,0.0
own:17,15,installation,operating,0.0,0.0
own:17,16,installation,operating,0.0,0.0
own:17,17,installation,operating,0.0,0.0
own:17,18,installation,operating,0.0,0.0
own:17,19,installation,operating,0.0,0.0
own:17,20,installation,operating,0.0,0.0
own:17,21,installation,operating,0.0,0.0
own:17,22,installation,operating,0.0,0.0
own:17,23,installation,operating,0.0,0.0
own:17,24,installation,operating,0.0,0.0
own:17,25,installation,operating,0.0,0.0
own:17,26,installation,operating,0.0,0.0
own:17,27,installation,operating,0.0,0.0
own:17,28,installation,operating,0.0,0.0
own:17,29,installation,operating,0.0,0.0
own:17,30,installation,operating,0.0,0.0
own:17,31,installation,operating,0.0,0.0
own:17,32,installation,operating,0.0,0.0
own:17,33,installation,operating,0.0,0.0
own:17,34,installation,operating,0.0,0.0
own:17,35,installation,operating,0.0,0.0
own:17,36,installation,operating,0.0,0.0
own:17,0,network,capital,0.0,0.0
own:17,1,network,operating,0.0,0.0
own:17,2,network,operating,0.0,0.0
own:17,3,network,operating,0.0,0.0
own:17,4,network,operating,0.0,0.0
own:17,5,network,operating,0.0,0.0
own:17,6,network,operating,0.0,0.0
own:17,7,network,operating,0.0,0.0
own:17,8,network,operating,0.0,0.0
own:17,9,network,operating,0.0,0.0
own:17,10,network,operating,0.0,0.0
own:17,11,network,operating,0.0,0.0
own:17,12,network,operating,0.0,0.0
own:17,13,network,operating,0.0,0.0
own:17,14,network,operating,0.0,0.0
own:17,15,network,operating,0.0,0.0
own:17,16,network,operating,0.0,0.0
own:17,17,network,operating,0.0,0.0
own:17,18,network,operating,0.0,0.0
own:17,19,network,operating,0.0,0.0
own:17,20,network,operating,0.0,0.0
own:17,21,network,operating,0.0,0.0
own:17,22,network,operating,0.0,0.0
own:17,23,network,operating,0.0,0.0
own:17,24,network,operating,0.0,0.0
own:17,25,network,operating,0.0,0.0
own:17,26,network,operating,0.0,0.0
own:17,27,network,operating,0.0,0.0
own:17,28,network,operating,0.0,0.0
own:17,29,network,operating,0.0,0.0
own:17,30,network,operating,0.0,0.0
own:17,31,network,operating,0.0,0.0
own:17,32,network,operating,0.0,0.0
own:17,33,network,operating,0.0,0.0
own:17,34,network,operating,0.0,0.0
own:17,35,network,operating,0.0,0.0
own:17,36,network,operating,0.0,0.0
own:17,0,storage,capital,0.0,0.0
own:17,1,storage,operating,0.0,0.0
own:17,2,storage,operating,0.0,0.0
own:17,3,storage,operating,0.0,0.0
own:17,4,storage,operating,0.0,0.0
own:17,5,storage,operating,0.0,0.0
own:17,6,storage,operating,0.0,0.0
own:17,7,storage,operating,0.0,0.0
own:17,8,storage,operating,0.0,0.0
own:17,9,storage,operating,0.0,0.0
own:17,10,storage,operating,0.0,0.0
own:17,11,storage,operating,0.0,0.0
own:17,12,storage,operating,0.0,0.0
own:17,13,storage,operating,0.0,0.0
own:17,14,storage,operating,0.0,0.0
own:17,15,storage,operating,0.0,0.0
own:17,16,storage,operating,0.0,0.0
own:17,17,storage,operating,0.0,0.0
own:17,18,storage,operating,0.0,0.0
own:17,19,storage,operating,0.0,0.0
own:17,20,storage,operating,0.0,0.0
own:17,21,storage,operating,0.0,0.0
own:17,22,storage,operating,0.0,0.0
own:17,23,storage,operating,0.0,0.0
own:17,24,storage,operating,0.0,0.0
own:17,25,storage,operating,0.0,0.0
own:17,26,storage,operating,0.0,0.0
own:17,27,storage,operating,0.0,0.0
own:17,28,storage,operating,0.0,0.0
own:17,29,storage,operating,0.0,0.0
own:17,30,storage,operating,0.0,0.0
own:17,31,storage,operating,0.0,0.0
own:17,32,storage,operating,0.0,0.0
own:17,33,storage,operating,0.0,0.0
own:17,34,storage,operating,0.0,0.0
own:17,35,storage,operating,0.0,0.0
own:17,36,storage,operating,0.0,0.0
own:17,0,operations,capital,0.0,0.0
own:17,1,operations,operating,0.0,0.0
own:17,2,operations,operating,0.0,0.0
own:17,3,operations,operating,0.0,0.0
own:17,4,operations,operating,0.0,0.0
own:17,5,operations,operating,0.0,0.0
own:17,6,operations,operating,0.0,0.0
own:17,7,operations,operating,7666.666666666667,7252.050977986839
own:17,8,operations,operating,7666.666666666667,7194.67959257468
own:17,9,operations,operating,7666.666666666667,7137.762075437042
own:17,10,operations,operating,7666.666666666667,7081.294835996336
own:17,11,operations,operating,7666.666666666667,7025.274312080238
own:17,12,operations,operating,7666.666666666667,6969.69696969697
own:17,13,operations,operating,7666.666666666667,6914.559302812361
own:17,14,operations,operating,7666.666666666667,6859.857833128677
own:17,15,operations,operating,7666.666666666667,6805.589109865195
own:17,16,operations,operating,7666.666666666667,6751.749709540509
own:17,17,operations,operating,7666.666666666667,6698.33623575657
own:17,18,operations,operating,7666.666666666667,6645.34531898443
own:17,19,operations,operating,7666.666666666667,6592.773616351671
own:17,20,operations,operating,7666.666666666667,6540.617811431526
own:17,21,operations,operating,7666.666666666667,6488.874614033673
own:17,22,operations,operating,7666.666666666667,6437.540759996668
own:17,23,operations,operating,7666.666666666667,6386.613010982034
own:17,24,operations,operating,7666.666666666667,6336.088154269972
own:17,25,operations,operating,7666.666666666667,6285.963002556691
own:17,26,operations,operating,7666.666666666667,6236.234393753343
own:17,27,operations,operating,7666.666666666667,6186.899190786539
own:17,28,operations,operating,7666.666666666667,6137.954281400461
own:17,29,operations,operating,7666.666666666667,6089.396577960519
own:17,30,operations,operating,7666.666666666667,6041.223017258573
own:17,31,operations,operating,7666.666666666667,5993.430560319701
own:17,32,operations,operating,7666.666666666667,5946.016192210479
own:17,33,operations,operating,7666.666666666667,5898.976921848794
own:17,34,operations,operating,7666.666666666667,5852.309781815153
own:17,35,operations,operating,7666.666666666667,5806.011828165485
own:17,36,operations,operating,7666.666666666667,5760.080140245428
own:17,0,precommission,capital,0.0,0.0
own:17,1,precommission,operating,0.0,0.0
own:17,2,precommission,operating,0.0,0.0
own:17,3,precommission,operating,0.0,0.0
own:17,4,precommission,operating,0.0,0.0
own:17,5,precommission,operating,0.0,0.0
own:17,6,precommission,operating,0.0,0.0
own:17,7,precommission,operating,0.0,0.0
own:17,8,precommission,operating,0.0,0.0
own:17,9,precommission,operating,0.0,0.0
own:17,10,precommission,operating,0.0,0.0
own:17,11,precommission,operating,0.0,0.0
own:17,12,precommission,operating,0.0,0.0
own:17,13,precommission,operating,0.0,0.0
own:17,14,precommission,operating,0.0,0.0
own:17,15,precommission,operating,0.0,0.0
own:17,16,precommission,operating,0.0,0.0
own:17,17,precommission,operating,0.0,0.0
own:17,18,precommission,operating,0.0,0.0
own:17,19,precommission,operating,0.0,0.0
own:17,20,precommission,operating,0.0,0.0
own:17,21,precommission,operating,0.0,0.0
own:17,22,precommission,operating,0.0,0.0
own:17,23,precommission,operating,0.0,0.0
own:17,24,precommission,operating,0.0,0.0
own:17,25,precommission,operating,0.0,0.0
own:17,26,precommission,operating,0.0,0.0
own:17,27,precommission,operating,0.0,0.0
own:17,28,precommission,operating,0.0,0.0
own:17,29,precommission,operating,0.0,0.0
own:17,30,precommission,operating,0.0,0.0
own:17,31,precommission,operating,0.0,0.0
own:17,32,precommission,operating,0.0,0.0
own:17,33,precommission,operating,0.0,0.0
own:17,34,precommission,operating,0.0,0.0
own:17,35,precommission,operating,0.0,0.0
own:17,36,precommission,operating,0.0,0.0
own:17,0,electricity,capital,0.0,0.0
own:17,1,electricity,operating,0.0,0.0
own:17,2,electricity,operating,0.0,0.0
own:17,3,electricity,operating,0.0,0.0
own:17,4,electricity,operating,0.0,0.0
own:17,5,electricity,operating,0.0,0.0
own:17,6,electricity,operating,0.0,0.0
own:17,7,electricity,operating,7057.53199693245,6675.858498329658
own:17,8,electricity,operating,7313.4369788143495,6863.195971703038
own:17,9,electricity,operating,7097.6072552016985,6607.960681633758
own:17,10,electricity,operating,7355.055134526962,6793.47573164271
own:17,11,electricity,operating,7376.020410199596,6758.943484324534
own:17,12,electricity,operating,7158.474689274768,6507.704262977061
own:17,13,electricity,operating,7418.265964811846,6690.526948399051
own:17,14,electricity,operating,7199.561898034747,6441.909271477621
own:17,15,electricity,operating,7460.935031109084,6622.964112668832
own:17,16,electricity,operating,7482.429706264628,6589.49903425167
own:17,17,electricity,operating,7019.900767389761,6133.2594367333295
own:17,18,electricity,operating,7525.74201406993,6523.194060663139
own:17,19,electricity,operating,7304.091023361561,6280.985033510762
own:17,20,electricity,operating,7569.488527760981,6457.712802795661
own:17,21,electricity,operating,7346.63803587076,6218.010397755129
own:17,22,electricity,operating,7613.673600251784,6393.043582817144
own:17,23,electricity,operating,7635.931968253042,6361.009886011112
own:17,24,electricity,operating,7411.259640091265,6125.007967017574
own:17,25,electricity,operating,7680.783136234778,6297.537211960846
own:17,26,electricity,operating,7454.881017983178,6063.9633137850815
own:17,27,electricity,operating,7726.08393717553,6234.848146807848
own:17,28,electricity,operating,7748.904356861409,6203.794000873066
own:17,29,electricity,operating,7019.725438776774,5575.551138927351
own:17,30,electricity,operating,7794.888073038943,6142.259640495285
own:17,31,electricity,operating,7565.857271036261,5914.62263259727
own:17,32,electricity,operating,7841.332775971157,6081.481520143727
own:17,33,electricity,operating,7611.0284901784,5856.167141099484
own:17,34,electricity,operating,7888.243087050267,6021.448979958265
own:17,35,electricity,operating,7911.8743024855185,5991.709015198626
own:17,36,electricity,operating,7679.635813546398,5769.824052251236
own:17,0,hosting,capital,0.0,0.0
own:17,1,hosting,operating,0.0,0.0
own:17,2,hosting,operating,0.0,0.0
own:17,3,hosting,operating,0.0,0.0
own:17,4,hosting,operating,0.0,0.0
own:17,5,hosting,operating,0.0,0.0
own:17,6,hosting,operating,0.0,0.0
own:17,7,hosting,operating,0.0,0.0
own:17,8,hosting,operating,0.0,0.0
own:17,9,hosting,operating,0.0,0.0
own:17,10,hosting,operating,0.0,0.0
own:17,11,hosting,operating,0.0,0.0
own:17,12,hosting,operating,0.0,0.0
own:17,13,hosting,operating,0.0,0.0
own:17,14,hosting,operating,0.0,0.0
own:17,15,hosting,operating,0.0,0.0
own:17,16,hosting,operating,0.0,0.0
own:17,17,hosting,operating,0.0,0.0
own:17,18,hosting,operating,0.0,0.0
own:17,19,hosting,operating,0.0,0.0
own:17,20,hosting,operating,0.0,0.0
own:17,21,hosting,operating,0.0,0.0
own:17,22,hosting,operating,0.0,0.0
own:17,23,hosting,operating,0.0,0.0
own:17,24,hosting,operating,0.0,0.0
own:17,25,hosting,operating,0.0,0.0
own:17,26,hosting,operating,0.0,0.0
own:17,27,hosting,operating,0.0,0.0
own:17,28,hosting,operating,0.0,0.0
own:17,29,hosting,operating,0.0,0.0
own:17,30,hosting,operating,0.0,0.0
own:17,31,hosting,operating,0.0,0.0
own:17,32,hosting,operating,0.0,0.0
own:17,33,hosting,operating,0.0,0.0
own:17,34,hosting,operating,0.0,0.0
own:17,35,hosting,operating,0.0,0.0
own:17,36,hosting,operating,0.0,0.0
own:17,0,exit,terminal,0.0,0.0
own:17,1,exit,terminal,0.0,0.0
own:17,2,exit,terminal,0.0,0.0
own:17,3,exit,terminal,0.0,0.0
own:17,4,exit,terminal,0.0,0.0
own:17,5,exit,terminal,0.0,0.0
own:17,6,exit,terminal,0.0,0.0
own:17,7,exit,terminal,0.0,0.0
own:17,8,exit,terminal,0.0,0.0
own:17,9,exit,terminal,0.0,0.0
own:17,10,exit,terminal,0.0,0.0
own:17,11,exit,terminal,0.0,0.0
own:17,12,exit,terminal,0.0,0.0
own:17,13,exit,terminal,0.0,0.0
own:17,14,exit,terminal,0.0,0.0
own:17,15,exit,terminal,0.0,0.0
own:17,16,exit,terminal,0.0,0.0
own:17,17,exit,terminal,0.0,0.0
own:17,18,exit,terminal,0.0,0.0
own:17,19,exit,terminal,0.0,0.0
own:17,20,exit,terminal,0.0,0.0
own:17,21,exit,terminal,0.0,0.0
own:17,22,exit,terminal,0.0,0.0
own:17,23,exit,terminal,0.0,0.0
own:17,24,exit,terminal,0.0,0.0
own:17,25,exit,terminal,0.0,0.0
own:17,26,exit,terminal,0.0,0.0
own:17,27,exit,terminal,0.0,0.0
own:17,28,exit,terminal,0.0,0.0
own:17,29,exit,terminal,0.0,0.0
own:17,30,exit,terminal,0.0,0.0
own:17,31,exit,terminal,0.0,0.0
own:17,32,exit,terminal,0.0,0.0
own:17,33,exit,terminal,0.0,0.0
own:17,34,exit,terminal,0.0,0.0
own:17,35,exit,terminal,0.0,0.0
own:17,36,exit,terminal,0.0,0.0
own:17,0,residual,terminal,0.0,0.0
own:17,1,residual,terminal,0.0,0.0
own:17,2,residual,terminal,0.0,0.0
own:17,3,residual,terminal,0.0,0.0
own:17,4,residual,terminal,0.0,0.0
own:17,5,residual,terminal,0.0,0.0
own:17,6,residual,terminal,0.0,0.0
own:17,7,residual,terminal,0.0,0.0
own:17,8,residual,terminal,0.0,0.0
own:17,9,residual,terminal,0.0,0.0
own:17,10,residual,terminal,0.0,0.0
own:17,11,residual,terminal,0.0,0.0
own:17,12,residual,terminal,0.0,0.0
own:17,13,residual,terminal,0.0,0.0
own:17,14,residual,terminal,0.0,0.0
own:17,15,residual,terminal,0.0,0.0
own:17,16,residual,terminal,0.0,0.0
own:17,17,residual,terminal,0.0,0.0
own:17,18,residual,terminal,0.0,0.0
own:17,19,residual,terminal,0.0,0.0
own:17,20,residual,terminal,0.0,0.0
own:17,21,residual,terminal,0.0,0.0
own:17,22,residual,terminal,0.0,0.0
own:17,23,residual,terminal,0.0,0.0
own:17,24,residual,terminal,0.0,0.0
own:17,25,residual,terminal,0.0,0.0
own:17,26,residual,terminal,0.0,0.0
own:17,27,residual,terminal,0.0,0.0
own:17,28,residual,terminal,0.0,0.0
own:17,29,residual,terminal,0.0,0.0
own:17,30,residual,terminal,0.0,0.0
own:17,31,residual,terminal,0.0,0.0
own:17,32,residual,terminal,0.0,0.0
own:17,33,residual,terminal,0.0,0.0
own:17,34,residual,terminal,0.0,0.0
own:17,35,residual,terminal,0.0,0.0
own:17,36,residual,terminal,0.0,0.0
own:18,0,on_demand,capital,0.0,0.0
own:18,1,on_demand,operating,204473.6,202855.99778680265
own:18,2,on_demand,operating,198144.0,195021.34402646002
own:18,3,on_demand,operating,204473.6,199659.08295083806
own:18,4,on_demand,operating,204473.6,198079.56865429203
own:18,5,on_demand,operating,184659.19999999998,177469.61108979152
own:18,6,on_demand,operating,204473.6,194957.92808836754
own:18,7,on_demand,operating,0.0,0.0
own:18,8,on_demand,operating,0.0,0.0
own:18,9,on_demand,operating,0.0,0.0
own:18,10,on_demand,operating,0.0,0.0
own:18,11,on_demand,operating,0.0,0.0
own:18,12,on_demand,operating,0.0,0.0
own:18,13,on_demand,operating,0.0,0.0
own:18,14,on_demand,operating,0.0,0.0
own:18,15,on_demand,operating,0.0,0.0
own:18,16,on_demand,operating,0.0,0.0
own:18,17,on_demand,operating,0.0,0.0
own:18,18,on_demand,operating,0.0,0.0
own:18,19,on_demand,operating,0.0,0.0
own:18,20,on_demand,operating,0.0,0.0
own:18,21,on_demand,operating,0.0,0.0
own:18,22,on_demand,operating,0.0,0.0
own:18,23,on_demand,operating,0.0,0.0
own:18,24,on_demand,operating,0.0,0.0
own:18,25,on_demand,operating,0.0,0.0
own:18,26,on_demand,operating,0.0,0.0
own:18,27,on_demand,operating,0.0,0.0
own:18,28,on_demand,operating,0.0,0.0
own:18,29,on_demand,operating,0.0,0.0
own:18,30,on_demand,operating,0.0,0.0
own:18,31,on_demand,operating,0.0,0.0
own:18,32,on_demand,operating,0.0,0.0
own:18,33,on_demand,operating,0.0,0.0
own:18,34,on_demand,operating,0.0,0.0
own:18,35,on_demand,operating,0.0,0.0
own:18,36,on_demand,operating,0.0,0.0
own:18,0,variable_service,capital,0.0,0.0
own:18,1,variable_service,operating,0.0,0.0
own:18,2,variable_service,operating,0.0,0.0
own:18,3,variable_service,operating,0.0,0.0
own:18,4,variable_service,operating,0.0,0.0
own:18,5,variable_service,operating,0.0,0.0
own:18,6,variable_service,operating,0.0,0.0
own:18,7,variable_service,operating,0.0,0.0
own:18,8,variable_service,operating,0.0,0.0
own:18,9,variable_service,operating,0.0,0.0
own:18,10,variable_service,operating,0.0,0.0
own:18,11,variable_service,operating,0.0,0.0
own:18,12,variable_service,operating,0.0,0.0
own:18,13,variable_service,operating,0.0,0.0
own:18,14,variable_service,operating,0.0,0.0
own:18,15,variable_service,operating,0.0,0.0
own:18,16,variable_service,operating,0.0,0.0
own:18,17,variable_service,operating,0.0,0.0
own:18,18,variable_service,operating,0.0,0.0
own:18,19,variable_service,operating,0.0,0.0
own:18,20,variable_service,operating,0.0,0.0
own:18,21,variable_service,operating,0.0,0.0
own:18,22,variable_service,operating,0.0,0.0
own:18,23,variable_service,operating,0.0,0.0
own:18,24,variable_service,operating,0.0,0.0
own:18,25,variable_service,operating,0.0,0.0
own:18,26,variable_service,operating,0.0,0.0
own:18,27,variable_service,operating,0.0,0.0
own:18,28,variable_service,operating,0.0,0.0
own:18,29,variable_service,operating,0.0,0.0
own:18,30,variable_service,operating,0.0,0.0
own:18,31,variable_service,operating,0.0,0.0
own:18,32,variable_service,operating,0.0,0.0
own:18,33,variable_service,operating,0.0,0.0
own:18,34,variable_service,operating,0.0,0.0
own:18,35,variable_service,operating,0.0,0.0
own:18,36,variable_service,operating,0.0,0.0
own:18,0,node_acquisition,capital,7200000.0,7200000.0
own:18,1,node_acquisition,operating,0.0,0.0
own:18,2,node_acquisition,operating,0.0,0.0
own:18,3,node_acquisition,operating,0.0,0.0
own:18,4,node_acquisition,operating,0.0,0.0
own:18,5,node_acquisition,operating,0.0,0.0
own:18,6,node_acquisition,operating,0.0,0.0
own:18,7,node_acquisition,operating,0.0,0.0
own:18,8,node_acquisition,operating,0.0,0.0
own:18,9,node_acquisition,operating,0.0,0.0
own:18,10,node_acquisition,operating,0.0,0.0
own:18,11,node_acquisition,operating,0.0,0.0
own:18,12,node_acquisition,operating,0.0,0.0
own:18,13,node_acquisition,operating,0.0,0.0
own:18,14,node_acquisition,operating,0.0,0.0
own:18,15,node_acquisition,operating,0.0,0.0
own:18,16,node_acquisition,operating,0.0,0.0
own:18,17,node_acquisition,operating,0.0,0.0
own:18,18,node_acquisition,operating,0.0,0.0
own:18,19,node_acquisition,operating,0.0,0.0
own:18,20,node_acquisition,operating,0.0,0.0
own:18,21,node_acquisition,operating,0.0,0.0
own:18,22,node_acquisition,operating,0.0,0.0
own:18,23,node_acquisition,operating,0.0,0.0
own:18,24,node_acquisition,operating,0.0,0.0
own:18,25,node_acquisition,operating,0.0,0.0
own:18,26,node_acquisition,operating,0.0,0.0
own:18,27,node_acquisition,operating,0.0,0.0
own:18,28,node_acquisition,operating,0.0,0.0
own:18,29,node_acquisition,operating,0.0,0.0
own:18,30,node_acquisition,operating,0.0,0.0
own:18,31,node_acquisition,operating,0.0,0.0
own:18,32,node_acquisition,operating,0.0,0.0
own:18,33,node_acquisition,operating,0.0,0.0
own:18,34,node_acquisition,operating,0.0,0.0
own:18,35,node_acquisition,operating,0.0,0.0
own:18,36,node_acquisition,operating,0.0,0.0
own:18,0,installation,capital,50000.0,50000.0
own:18,1,installation,operating,0.0,0.0
own:18,2,installation,operating,0.0,0.0
own:18,3,installation,operating,0.0,0.0
own:18,4,installation,operating,0.0,0.0
own:18,5,installation,operating,0.0,0.0
own:18,6,installation,operating,0.0,0.0
own:18,7,installation,operating,0.0,0.0
own:18,8,installation,operating,0.0,0.0
own:18,9,installation,operating,0.0,0.0
own:18,10,installation,operating,0.0,0.0
own:18,11,installation,operating,0.0,0.0
own:18,12,installation,operating,0.0,0.0
own:18,13,installation,operating,0.0,0.0
own:18,14,installation,operating,0.0,0.0
own:18,15,installation,operating,0.0,0.0
own:18,16,installation,operating,0.0,0.0
own:18,17,installation,operating,0.0,0.0
own:18,18,installation,operating,0.0,0.0
own:18,19,installation,operating,0.0,0.0
own:18,20,installation,operating,0.0,0.0
own:18,21,installation,operating,0.0,0.0
own:18,22,installation,operating,0.0,0.0
own:18,23,installation,operating,0.0,0.0
own:18,24,installation,operating,0.0,0.0
own:18,25,installation,operating,0.0,0.0
own:18,26,installation,operating,0.0,0.0
own:18,27,installation,operating,0.0,0.0
own:18,28,installation,operating,0.0,0.0
own:18,29,installation,operating,0.0,0.0
own:18,30,installation,operating,0.0,0.0
own:18,31,installation,operating,0.0,0.0
own:18,32,installation,operating,0.0,0.0
own:18,33,installation,operating,0.0,0.0
own:18,34,installation,operating,0.0,0.0
own:18,35,installation,operating,0.0,0.0
own:18,36,installation,operating,0.0,0.0
own:18,0,network,capital,0.0,0.0
own:18,1,network,operating,0.0,0.0
own:18,2,network,operating,0.0,0.0
own:18,3,network,operating,0.0,0.0
own:18,4,network,operating,0.0,0.0
own:18,5,network,operating,0.0,0.0
own:18,6,network,operating,0.0,0.0
own:18,7,network,operating,0.0,0.0
own:18,8,network,operating,0.0,0.0
own:18,9,network,operating,0.0,0.0
own:18,10,network,operating,0.0,0.0
own:18,11,network,operating,0.0,0.0
own:18,12,network,operating,0.0,0.0
own:18,13,network,operating,0.0,0.0
own:18,14,network,operating,0.0,0.0
own:18,15,network,operating,0.0,0.0
own:18,16,network,operating,0.0,0.0
own:18,17,network,operating,0.0,0.0
own:18,18,network,operating,0.0,0.0
own:18,19,network,operating,0.0,0.0
own:18,20,network,operating,0.0,0.0
own:18,21,network,operating,0.0,0.0
own:18,22,network,operating,0.0,0.0
own:18,23,network,operating,0.0,0.0
own:18,24,network,operating,0.0,0.0
own:18,25,network,operating,0.0,0.0
own:18,26,network,operating,0.0,0.0
own:18,27,network,operating,0.0,0.0
own:18,28,network,operating,0.0,0.0
own:18,29,network,operating,0.0,0.0
own:18,30,network,operating,0.0,0.0
own:18,31,network,operating,0.0,0.0
own:18,32,network,operating,0.0,0.0
own:18,33,network,operating,0.0,0.0
own:18,34,network,operating,0.0,0.0
own:18,35,network,operating,0.0,0.0
own:18,36,network,operating,0.0,0.0
own:18,0,storage,capital,0.0,0.0
own:18,1,storage,operating,0.0,0.0
own:18,2,storage,operating,0.0,0.0
own:18,3,storage,operating,0.0,0.0
own:18,4,storage,operating,0.0,0.0
own:18,5,storage,operating,0.0,0.0
own:18,6,storage,operating,0.0,0.0
own:18,7,storage,operating,0.0,0.0
own:18,8,storage,operating,0.0,0.0
own:18,9,storage,operating,0.0,0.0
own:18,10,storage,operating,0.0,0.0
own:18,11,storage,operating,0.0,0.0
own:18,12,storage,operating,0.0,0.0
own:18,13,storage,operating,0.0,0.0
own:18,14,storage,operating,0.0,0.0
own:18,15,storage,operating,0.0,0.0
own:18,16,storage,operating,0.0,0.0
own:18,17,storage,operating,0.0,0.0
own:18,18,storage,operating,0.0,0.0
own:18,19,storage,operating,0.0,0.0
own:18,20,storage,operating,0.0,0.0
own:18,21,storage,operating,0.0,0.0
own:18,22,storage,operating,0.0,0.0
own:18,23,storage,operating,0.0,0.0
own:18,24,storage,operating,0.0,0.0
own:18,25,storage,operating,0.0,0.0
own:18,26,storage,operating,0.0,0.0
own:18,27,storage,operating,0.0,0.0
own:18,28,storage,operating,0.0,0.0
own:18,29,storage,operating,0.0,0.0
own:18,30,storage,operating,0.0,0.0
own:18,31,storage,operating,0.0,0.0
own:18,32,storage,operating,0.0,0.0
own:18,33,storage,operating,0.0,0.0
own:18,34,storage,operating,0.0,0.0
own:18,35,storage,operating,0.0,0.0
own:18,36,storage,operating,0.0,0.0
own:18,0,operations,capital,0.0,0.0
own:18,1,operations,operating,0.0,0.0
own:18,2,operations,operating,0.0,0.0
own:18,3,operations,operating,0.0,0.0
own:18,4,operations,operating,0.0,0.0
own:18,5,operations,operating,0.0,0.0
own:18,6,operations,operating,0.0,0.0
own:18,7,operations,operating,8000.0,7567.357542247136
own:18,8,operations,operating,8000.0,7507.491748773579
own:18,9,operations,operating,8000.0,7448.099556977782
own:18,10,operations,operating,8000.0,7389.17722017009
own:18,11,operations,operating,8000.0,7330.721021301118
own:18,12,operations,operating,8000.0,7272.727272727272
own:18,13,operations,operating,8000.0,7215.192315978115
own:18,14,operations,operating,8000.0,7158.112521525576
own:18,15,operations,operating,8000.0,7101.484288554985
own:18,16,operations,operating,8000.0,7045.304044737922
own:18,17,operations,operating,8000.0,6989.568246006856
own:18,18,operations,operating,8000.0,6934.273376331579
own:18,19,operations,operating,8000.0,6879.415947497396
own:18,20,operations,operating,8000.0,6824.992498885071
own:18,21,operations,operating,8000.0,6770.999597252529
own:18,22,operations,operating,8000.0,6717.433836518262
own:18,23,operations,operating,8000.0,6664.29183754647
own:18,24,operations,operating,8000.0,6611.570247933883
own:18,25,operations,operating,8000.0,6559.2657417982855
own:18,26,operations,operating,8000.0,6507.375019568705
own:18,27,operations,operating,8000.0,6455.894807777258
own:18,28,operations,operating,8000.0,6404.821858852655
own:18,29,operations,operating,8000.0,6354.152950915323
own:18,30,operations,operating,8000.0,6303.884887574162
own:18,31,operations,operating,8000.0,6254.014497724905
own:18,32,operations,operating,8000.0,6204.538635350064
own:18,33,operations,operating,8000.0,6155.45417932048
own:18,34,operations,operating,8000.0,6106.75803319842
own:18,35,operations,operating,8000.0,6058.447125042245
own:18,36,operations,operating,8000.0,6010.51840721262
own:18,0,precommission,capital,0.0,0.0
own:18,1,precommission,operating,0.0,0.0
own:18,2,precommission,operating,0.0,0.0
own:18,3,precommission,operating,0.0,0.0
own:18,4,precommission,operating,0.0,0.0
own:18,5,precommission,operating,0.0,0.0
own:18,6,precommission,operating,0.0,0.0
own:18,7,precommission,operating,0.0,0.0
own:18,8,precommission,operating,0.0,0.0
own:18,9,precommission,operating,0.0,0.0
own:18,10,precommission,operating,0.0,0.0
own:18,11,precommission,operating,0.0,0.0
own:18,12,precommission,operating,0.0,0.0
own:18,13,precommission,operating,0.0,0.0
own:18,14,precommission,operating,0.0,0.0
own:18,15,precommission,operating,0.0,0.0
own:18,16,precommission,operating,0.0,0.0
own:18,17,precommission,operating,0.0,0.0
own:18,18,precommission,operating,0.0,0.0
own:18,19,precommission,operating,0.0,0.0
own:18,20,precommission,operating,0.0,0.0
own:18,21,precommission,operating,0.0,0.0
own:18,22,precommission,operating,0.0,0.0
own:18,23,precommission,operating,0.0,0.0
own:18,24,precommission,operating,0.0,0.0
own:18,25,precommission,operating,0.0,0.0
own:18,26,precommission,operating,0.0,0.0
own:18,27,precommission,operating,0.0,0.0
own:18,28,precommission,operating,0.0,0.0
own:18,29,precommission,operating,0.0,0.0
own:18,30,precommission,operating,0.0,0.0
own:18,31,precommission,operating,0.0,0.0
own:18,32,precommission,operating,0.0,0.0
own:18,33,precommission,operating,0.0,0.0
own:18,34,precommission,operating,0.0,0.0
own:18,35,precommission,operating,0.0,0.0
own:18,36,precommission,operating,0.0,0.0
own:18,0,electricity,capital,0.0,0.0
own:18,1,electricity,operating,0.0,0.0
own:18,2,electricity,operating,0.0,0.0
own:18,3,electricity,operating,0.0,0.0
own:18,4,electricity,operating,0.0,0.0
own:18,5,electricity,operating,0.0,0.0
own:18,6,electricity,operating,0.0,0.0
own:18,7,electricity,operating,7237.53199693245,6846.124043030219
own:18,8,electricity,operating,7499.4369788143495,7037.745154862023
own:18,9,electricity,operating,7277.6072552016985,6775.542921665758
own:18,10,electricity,operating,7541.055134526962,6965.274102011665
own:18,11,electricity,operating,7562.020410199596,6929.382748069785
own:18,12,electricity,operating,7338.474689274768,6671.340626613425
own:18,13,electricity,operating,7604.265964811846,6858.280169745543
own:18,14,electricity,operating,7379.561898034747,6602.966803211946
own:18,15,electricity,operating,7646.935031109084,6788.073622377736
own:18,16,electricity,operating,7668.429706264628,6753.302353291827
own:18,17,electricity,operating,7193.900767389761,6285.282546083979
own:18,18,electricity,operating,7711.74201406993,6684.415916662848
own:18,19,electricity,operating,7484.091023361561,6435.771892329454
own:18,20,electricity,operating,7755.488527760981,6616.39387839474
own:18,21,electricity,operating,7526.63803587076,6370.35788869331
own:18,22,electricity,operating,7799.673600251784,6549.223919516194
own:18,23,electricity,operating,7821.931968253042,6515.954671234068
own:18,24,electricity,operating,7591.259640091265,6273.768297596086
own:18,25,electricity,operating,7866.783136234778,6450.040140457657
own:18,26,electricity,operating,7634.881017983178,6210.379251725378
own:18,27,electricity,operating,7912.08393717553,6384.9477010886685
own:18,28,electricity,operating,7934.904356861409,6352.706109091389
own:18,29,electricity,operating,7187.725438776774,5708.988350896572
own:18,30,electricity,operating,7980.888073038943,6288.824964131384
own:18,31,electricity,operating,7745.857271036261,6055.337958796081
own:18,32,electricity,operating,8027.332775971157,6225.737043415616
own:18,33,electricity,operating,7791.0284901784,5994.664860134195
own:18,34,electricity,operating,8074.243087050267,6163.431104230129
own:18,35,electricity,operating,8097.8743024855185,6132.567910855858
own:18,36,electricity,operating,7859.635813546398,5905.06071641352
own:18,0,hosting,capital,0.0,0.0
own:18,1,hosting,operating,0.0,0.0
own:18,2,hosting,operating,0.0,0.0
own:18,3,hosting,operating,0.0,0.0
own:18,4,hosting,operating,0.0,0.0
own:18,5,hosting,operating,0.0,0.0
own:18,6,hosting,operating,0.0,0.0
own:18,7,hosting,operating,0.0,0.0
own:18,8,hosting,operating,0.0,0.0
own:18,9,hosting,operating,0.0,0.0
own:18,10,hosting,operating,0.0,0.0
own:18,11,hosting,operating,0.0,0.0
own:18,12,hosting,operating,0.0,0.0
own:18,13,hosting,operating,0.0,0.0
own:18,14,hosting,operating,0.0,0.0
own:18,15,hosting,operating,0.0,0.0
own:18,16,hosting,operating,0.0,0.0
own:18,17,hosting,operating,0.0,0.0
own:18,18,hosting,operating,0.0,0.0
own:18,19,hosting,operating,0.0,0.0
own:18,20,hosting,operating,0.0,0.0
own:18,21,hosting,operating,0.0,0.0
own:18,22,hosting,operating,0.0,0.0
own:18,23,hosting,operating,0.0,0.0
own:18,24,hosting,operating,0.0,0.0
own:18,25,hosting,operating,0.0,0.0
own:18,26,hosting,operating,0.0,0.0
own:18,27,hosting,operating,0.0,0.0
own:18,28,hosting,operating,0.0,0.0
own:18,29,hosting,operating,0.0,0.0
own:18,30,hosting,operating,0.0,0.0
own:18,31,hosting,operating,0.0,0.0
own:18,32,hosting,operating,0.0,0.0
own:18,33,hosting,operating,0.0,0.0
own:18,34,hosting,operating,0.0,0.0
own:18,35,hosting,operating,0.0,0.0
own:18,36,hosting,operating,0.0,0.0
own:18,0,exit,terminal,0.0,0.0
own:18,1,exit,terminal,0.0,0.0
own:18,2,exit,terminal,0.0,0.0
own:18,3,exit,terminal,0.0,0.0
own:18,4,exit,terminal,0.0,0.0
own:18,5,exit,terminal,0.0,0.0
own:18,6,exit,terminal,0.0,0.0
own:18,7,exit,terminal,0.0,0.0
own:18,8,exit,terminal,0.0,0.0
own:18,9,exit,terminal,0.0,0.0
own:18,10,exit,terminal,0.0,0.0
own:18,11,exit,terminal,0.0,0.0
own:18,12,exit,terminal,0.0,0.0
own:18,13,exit,terminal,0.0,0.0
own:18,14,exit,terminal,0.0,0.0
own:18,15,exit,terminal,0.0,0.0
own:18,16,exit,terminal,0.0,0.0
own:18,17,exit,terminal,0.0,0.0
own:18,18,exit,terminal,0.0,0.0
own:18,19,exit,terminal,0.0,0.0
own:18,20,exit,terminal,0.0,0.0
own:18,21,exit,terminal,0.0,0.0
own:18,22,exit,terminal,0.0,0.0
own:18,23,exit,terminal,0.0,0.0
own:18,24,exit,terminal,0.0,0.0
own:18,25,exit,terminal,0.0,0.0
own:18,26,exit,terminal,0.0,0.0
own:18,27,exit,terminal,0.0,0.0
own:18,28,exit,terminal,0.0,0.0
own:18,29,exit,terminal,0.0,0.0
own:18,30,exit,terminal,0.0,0.0
own:18,31,exit,terminal,0.0,0.0
own:18,32,exit,terminal,0.0,0.0
own:18,33,exit,terminal,0.0,0.0
own:18,34,exit,terminal,0.0,0.0
own:18,35,exit,terminal,0.0,0.0
own:18,36,exit,terminal,0.0,0.0
own:18,0,residual,terminal,0.0,0.0
own:18,1,residual,terminal,0.0,0.0
own:18,2,residual,terminal,0.0,0.0
own:18,3,residual,terminal,0.0,0.0
own:18,4,residual,terminal,0.0,0.0
own:18,5,residual,terminal,0.0,0.0
own:18,6,residual,terminal,0.0,0.0
own:18,7,residual,terminal,0.0,0.0
own:18,8,residual,terminal,0.0,0.0
own:18,9,residual,terminal,0.0,0.0
own:18,10,residual,terminal,0.0,0.0
own:18,11,residual,terminal,0.0,0.0
own:18,12,residual,terminal,0.0,0.0
own:18,13,residual,terminal,0.0,0.0
own:18,14,residual,terminal,0.0,0.0
own:18,15,residual,terminal,0.0,0.0
own:18,16,residual,terminal,0.0,0.0
own:18,17,residual,terminal,0.0,0.0
own:18,18,residual,terminal,0.0,0.0
own:18,19,residual,terminal,0.0,0.0
own:18,20,residual,terminal,0.0,0.0
own:18,21,residual,terminal,0.0,0.0
own:18,22,residual,terminal,0.0,0.0
own:18,23,residual,terminal,0.0,0.0
own:18,24,residual,terminal,0.0,0.0
own:18,25,residual,terminal,0.0,0.0
own:18,26,residual,terminal,0.0,0.0
own:18,27,residual,terminal,0.0,0.0
own:18,28,residual,terminal,0.0,0.0
own:18,29,residual,terminal,0.0,0.0
own:18,30,residual,terminal,0.0,0.0
own:18,31,residual,terminal,0.0,0.0
own:18,32,residual,terminal,0.0,0.0
own:18,33,residual,terminal,0.0,0.0
own:18,34,residual,terminal,0.0,0.0
own:18,35,residual,terminal,0.0,0.0
own:18,36,residual,terminal,0.0,0.0
own:19,0,on_demand,capital,0.0,0.0
own:19,1,on_demand,operating,204473.6,202855.99778680265
own:19,2,on_demand,operating,198144.0,195021.34402646002
own:19,3,on_demand,operating,204473.6,199659.08295083806
own:19,4,on_demand,operating,204473.6,198079.56865429203
own:19,5,on_demand,operating,184659.19999999998,177469.61108979152
own:19,6,on_demand,operating,204473.6,194957.92808836754
own:19,7,on_demand,operating,0.0,0.0
own:19,8,on_demand,operating,0.0,0.0
own:19,9,on_demand,operating,0.0,0.0
own:19,10,on_demand,operating,0.0,0.0
own:19,11,on_demand,operating,0.0,0.0
own:19,12,on_demand,operating,0.0,0.0
own:19,13,on_demand,operating,0.0,0.0
own:19,14,on_demand,operating,0.0,0.0
own:19,15,on_demand,operating,0.0,0.0
own:19,16,on_demand,operating,0.0,0.0
own:19,17,on_demand,operating,0.0,0.0
own:19,18,on_demand,operating,0.0,0.0
own:19,19,on_demand,operating,0.0,0.0
own:19,20,on_demand,operating,0.0,0.0
own:19,21,on_demand,operating,0.0,0.0
own:19,22,on_demand,operating,0.0,0.0
own:19,23,on_demand,operating,0.0,0.0
own:19,24,on_demand,operating,0.0,0.0
own:19,25,on_demand,operating,0.0,0.0
own:19,26,on_demand,operating,0.0,0.0
own:19,27,on_demand,operating,0.0,0.0
own:19,28,on_demand,operating,0.0,0.0
own:19,29,on_demand,operating,0.0,0.0
own:19,30,on_demand,operating,0.0,0.0
own:19,31,on_demand,operating,0.0,0.0
own:19,32,on_demand,operating,0.0,0.0
own:19,33,on_demand,operating,0.0,0.0
own:19,34,on_demand,operating,0.0,0.0
own:19,35,on_demand,operating,0.0,0.0
own:19,36,on_demand,operating,0.0,0.0
own:19,0,variable_service,capital,0.0,0.0
own:19,1,variable_service,operating,0.0,0.0
own:19,2,variable_service,operating,0.0,0.0
own:19,3,variable_service,operating,0.0,0.0
own:19,4,variable_service,operating,0.0,0.0
own:19,5,variable_service,operating,0.0,0.0
own:19,6,variable_service,operating,0.0,0.0
own:19,7,variable_service,operating,0.0,0.0
own:19,8,variable_service,operating,0.0,0.0
own:19,9,variable_service,operating,0.0,0.0
own:19,10,variable_service,operating,0.0,0.0
own:19,11,variable_service,operating,0.0,0.0
own:19,12,variable_service,operating,0.0,0.0
own:19,13,variable_service,operating,0.0,0.0
own:19,14,variable_service,operating,0.0,0.0
own:19,15,variable_service,operating,0.0,0.0
own:19,16,variable_service,operating,0.0,0.0
own:19,17,variable_service,operating,0.0,0.0
own:19,18,variable_service,operating,0.0,0.0
own:19,19,variable_service,operating,0.0,0.0
own:19,20,variable_service,operating,0.0,0.0
own:19,21,variable_service,operating,0.0,0.0
own:19,22,variable_service,operating,0.0,0.0
own:19,23,variable_service,operating,0.0,0.0
own:19,24,variable_service,operating,0.0,0.0
own:19,25,variable_service,operating,0.0,0.0
own:19,26,variable_service,operating,0.0,0.0
own:19,27,variable_service,operating,0.0,0.0
own:19,28,variable_service,operating,0.0,0.0
own:19,29,variable_service,operating,0.0,0.0
own:19,30,variable_service,operating,0.0,0.0
own:19,31,variable_service,operating,0.0,0.0
own:19,32,variable_service,operating,0.0,0.0
own:19,33,variable_service,operating,0.0,0.0
own:19,34,variable_service,operating,0.0,0.0
own:19,35,variable_service,operating,0.0,0.0
own:19,36,variable_service,operating,0.0,0.0
own:19,0,node_acquisition,capital,7600000.0,7600000.0
own:19,1,node_acquisition,operating,0.0,0.0
own:19,2,node_acquisition,operating,0.0,0.0
own:19,3,node_acquisition,operating,0.0,0.0
own:19,4,node_acquisition,operating,0.0,0.0
own:19,5,node_acquisition,operating,0.0,0.0
own:19,6,node_acquisition,operating,0.0,0.0
own:19,7,node_acquisition,operating,0.0,0.0
own:19,8,node_acquisition,operating,0.0,0.0
own:19,9,node_acquisition,operating,0.0,0.0
own:19,10,node_acquisition,operating,0.0,0.0
own:19,11,node_acquisition,operating,0.0,0.0
own:19,12,node_acquisition,operating,0.0,0.0
own:19,13,node_acquisition,operating,0.0,0.0
own:19,14,node_acquisition,operating,0.0,0.0
own:19,15,node_acquisition,operating,0.0,0.0
own:19,16,node_acquisition,operating,0.0,0.0
own:19,17,node_acquisition,operating,0.0,0.0
own:19,18,node_acquisition,operating,0.0,0.0
own:19,19,node_acquisition,operating,0.0,0.0
own:19,20,node_acquisition,operating,0.0,0.0
own:19,21,node_acquisition,operating,0.0,0.0
own:19,22,node_acquisition,operating,0.0,0.0
own:19,23,node_acquisition,operating,0.0,0.0
own:19,24,node_acquisition,operating,0.0,0.0
own:19,25,node_acquisition,operating,0.0,0.0
own:19,26,node_acquisition,operating,0.0,0.0
own:19,27,node_acquisition,operating,0.0,0.0
own:19,28,node_acquisition,operating,0.0,0.0
own:19,29,node_acquisition,operating,0.0,0.0
own:19,30,node_acquisition,operating,0.0,0.0
own:19,31,node_acquisition,operating,0.0,0.0
own:19,32,node_acquisition,operating,0.0,0.0
own:19,33,node_acquisition,operating,0.0,0.0
own:19,34,node_acquisition,operating,0.0,0.0
own:19,35,node_acquisition,operating,0.0,0.0
own:19,36,node_acquisition,operating,0.0,0.0
own:19,0,installation,capital,50000.0,50000.0
own:19,1,installation,operating,0.0,0.0
own:19,2,installation,operating,0.0,0.0
own:19,3,installation,operating,0.0,0.0
own:19,4,installation,operating,0.0,0.0
own:19,5,installation,operating,0.0,0.0
own:19,6,installation,operating,0.0,0.0
own:19,7,installation,operating,0.0,0.0
own:19,8,installation,operating,0.0,0.0
own:19,9,installation,operating,0.0,0.0
own:19,10,installation,operating,0.0,0.0
own:19,11,installation,operating,0.0,0.0
own:19,12,installation,operating,0.0,0.0
own:19,13,installation,operating,0.0,0.0
own:19,14,installation,operating,0.0,0.0
own:19,15,installation,operating,0.0,0.0
own:19,16,installation,operating,0.0,0.0
own:19,17,installation,operating,0.0,0.0
own:19,18,installation,operating,0.0,0.0
own:19,19,installation,operating,0.0,0.0
own:19,20,installation,operating,0.0,0.0
own:19,21,installation,operating,0.0,0.0
own:19,22,installation,operating,0.0,0.0
own:19,23,installation,operating,0.0,0.0
own:19,24,installation,operating,0.0,0.0
own:19,25,installation,operating,0.0,0.0
own:19,26,installation,operating,0.0,0.0
own:19,27,installation,operating,0.0,0.0
own:19,28,installation,operating,0.0,0.0
own:19,29,installation,operating,0.0,0.0
own:19,30,installation,operating,0.0,0.0
own:19,31,installation,operating,0.0,0.0
own:19,32,installation,operating,0.0,0.0
own:19,33,installation,operating,0.0,0.0
own:19,34,installation,operating,0.0,0.0
own:19,35,installation,operating,0.0,0.0
own:19,36,installation,operating,0.0,0.0
own:19,0,network,capital,0.0,0.0
own:19,1,network,operating,0.0,0.0
own:19,2,network,operating,0.0,0.0
own:19,3,network,operating,0.0,0.0
own:19,4,network,operating,0.0,0.0
own:19,5,network,operating,0.0,0.0
own:19,6,network,operating,0.0,0.0
own:19,7,network,operating,0.0,0.0
own:19,8,network,operating,0.0,0.0
own:19,9,network,operating,0.0,0.0
own:19,10,network,operating,0.0,0.0
own:19,11,network,operating,0.0,0.0
own:19,12,network,operating,0.0,0.0
own:19,13,network,operating,0.0,0.0
own:19,14,network,operating,0.0,0.0
own:19,15,network,operating,0.0,0.0
own:19,16,network,operating,0.0,0.0
own:19,17,network,operating,0.0,0.0
own:19,18,network,operating,0.0,0.0
own:19,19,network,operating,0.0,0.0
own:19,20,network,operating,0.0,0.0
own:19,21,network,operating,0.0,0.0
own:19,22,network,operating,0.0,0.0
own:19,23,network,operating,0.0,0.0
own:19,24,network,operating,0.0,0.0
own:19,25,network,operating,0.0,0.0
own:19,26,network,operating,0.0,0.0
own:19,27,network,operating,0.0,0.0
own:19,28,network,operating,0.0,0.0
own:19,29,network,operating,0.0,0.0
own:19,30,network,operating,0.0,0.0
own:19,31,network,operating,0.0,0.0
own:19,32,network,operating,0.0,0.0
own:19,33,network,operating,0.0,0.0
own:19,34,network,operating,0.0,0.0
own:19,35,network,operating,0.0,0.0
own:19,36,network,operating,0.0,0.0
own:19,0,storage,capital,0.0,0.0
own:19,1,storage,operating,0.0,0.0
own:19,2,storage,operating,0.0,0.0
own:19,3,storage,operating,0.0,0.0
own:19,4,storage,operating,0.0,0.0
own:19,5,storage,operating,0.0,0.0
own:19,6,storage,operating,0.0,0.0
own:19,7,storage,operating,0.0,0.0
own:19,8,storage,operating,0.0,0.0
own:19,9,storage,operating,0.0,0.0
own:19,10,storage,operating,0.0,0.0
own:19,11,storage,operating,0.0,0.0
own:19,12,storage,operating,0.0,0.0
own:19,13,storage,operating,0.0,0.0
own:19,14,storage,operating,0.0,0.0
own:19,15,storage,operating,0.0,0.0
own:19,16,storage,operating,0.0,0.0
own:19,17,storage,operating,0.0,0.0
own:19,18,storage,operating,0.0,0.0
own:19,19,storage,operating,0.0,0.0
own:19,20,storage,operating,0.0,0.0
own:19,21,storage,operating,0.0,0.0
own:19,22,storage,operating,0.0,0.0
own:19,23,storage,operating,0.0,0.0
own:19,24,storage,operating,0.0,0.0
own:19,25,storage,operating,0.0,0.0
own:19,26,storage,operating,0.0,0.0
own:19,27,storage,operating,0.0,0.0
own:19,28,storage,operating,0.0,0.0
own:19,29,storage,operating,0.0,0.0
own:19,30,storage,operating,0.0,0.0
own:19,31,storage,operating,0.0,0.0
own:19,32,storage,operating,0.0,0.0
own:19,33,storage,operating,0.0,0.0
own:19,34,storage,operating,0.0,0.0
own:19,35,storage,operating,0.0,0.0
own:19,36,storage,operating,0.0,0.0
own:19,0,operations,capital,0.0,0.0
own:19,1,operations,operating,0.0,0.0
own:19,2,operations,operating,0.0,0.0
own:19,3,operations,operating,0.0,0.0
own:19,4,operations,operating,0.0,0.0
own:19,5,operations,operating,0.0,0.0
own:19,6,operations,operating,0.0,0.0
own:19,7,operations,operating,8333.333333333334,7882.664106507434
own:19,8,operations,operating,8333.333333333334,7820.303904972478
own:19,9,operations,operating,8333.333333333334,7758.437038518524
own:19,10,operations,operating,8333.333333333334,7697.059604343844
own:19,11,operations,operating,8333.333333333334,7636.167730521998
own:19,12,operations,operating,8333.333333333334,7575.757575757576
own:19,13,operations,operating,8333.333333333334,7515.825329143871
own:19,14,operations,operating,8333.333333333334,7456.367209922475
own:19,15,operations,operating,8333.333333333334,7397.379467244777
own:19,16,operations,operating,8333.333333333334,7338.8583799353355
own:19,17,operations,operating,8333.333333333334,7280.800256257142
own:19,18,operations,operating,8333.333333333334,7223.201433678729
own:19,19,operations,operating,8333.333333333334,7166.058278643121
own:19,20,operations,operating,8333.333333333334,7109.367186338616
own:19,21,operations,operating,8333.333333333334,7053.124580471384
own:19,22,operations,operating,8333.333333333334,6997.326913039858
own:19,23,operations,operating,8333.333333333334,6941.970664110907
own:19,24,operations,operating,8333.333333333334,6887.052341597796
own:19,25,operations,operating,8333.333333333334,6832.568481039882
own:19,26,operations,operating,8333.333333333334,6778.515645384069
own:19,27,operations,operating,8333.333333333334,6724.8904247679775
own:19,28,operations,operating,8333.333333333334,6671.68943630485
own:19,29,operations,operating,8333.333333333334,6618.909323870129
own:19,30,operations,operating,8333.333333333334,6566.546757889753
own:19,31,operations,operating,8333.333333333334,6514.5984351301095
own:19,32,operations,operating,8333.333333333334,6463.061078489651
own:19,33,operations,operating,8333.333333333334,6411.931436792167
own:19,34,operations,operating,8333.333333333334,6361.206284581688
own:19,35,operations,operating,8333.333333333334,6310.8824219190055
own:19,36,operations,operating,8333.333333333334,6260.9566741798135
own:19,0,precommission,capital,0.0,0.0
own:19,1,precommission,operating,0.0,0.0
own:19,2,precommission,operating,0.0,0.0
own:19,3,precommission,operating,0.0,0.0
own:19,4,precommission,operating,0.0,0.0
own:19,5,precommission,operating,0.0,0.0
own:19,6,precommission,operating,0.0,0.0
own:19,7,precommission,operating,0.0,0.0
own:19,8,precommission,operating,0.0,0.0
own:19,9,precommission,operating,0.0,0.0
own:19,10,precommission,operating,0.0,0.0
own:19,11,precommission,operating,0.0,0.0
own:19,12,precommission,operating,0.0,0.0
own:19,13,precommission,operating,0.0,0.0
own:19,14,precommission,operating,0.0,0.0
own:19,15,precommission,operating,0.0,0.0
own:19,16,precommission,operating,0.0,0.0
own:19,17,precommission,operating,0.0,0.0
own:19,18,precommission,operating,0.0,0.0
own:19,19,precommission,operating,0.0,0.0
own:19,20,precommission,operating,0.0,0.0
own:19,21,precommission,operating,0.0,0.0
own:19,22,precommission,operating,0.0,0.0
own:19,23,precommission,operating,0.0,0.0
own:19,24,precommission,operating,0.0,0.0
own:19,25,precommission,operating,0.0,0.0
own:19,26,precommission,operating,0.0,0.0
own:19,27,precommission,operating,0.0,0.0
own:19,28,precommission,operating,0.0,0.0
own:19,29,precommission,operating,0.0,0.0
own:19,30,precommission,operating,0.0,0.0
own:19,31,precommission,operating,0.0,0.0
own:19,32,precommission,operating,0.0,0.0
own:19,33,precommission,operating,0.0,0.0
own:19,34,precommission,operating,0.0,0.0
own:19,35,precommission,operating,0.0,0.0
own:19,36,precommission,operating,0.0,0.0
own:19,0,electricity,capital,0.0,0.0
own:19,1,electricity,operating,0.0,0.0
own:19,2,electricity,operating,0.0,0.0
own:19,3,electricity,operating,0.0,0.0
own:19,4,electricity,operating,0.0,0.0
own:19,5,electricity,operating,0.0,0.0
own:19,6,electricity,operating,0.0,0.0
own:19,7,electricity,operating,7417.53199693245,7016.389587730779
own:19,8,electricity,operating,7685.4369788143495,7212.294338021009
own:19,9,electricity,operating,7457.6072552016985,6943.125161697758
own:19,10,electricity,operating,7727.055134526962,7137.07247238062
own:19,11,electricity,operating,7748.020410199596,7099.822011815036
own:19,12,electricity,operating,7518.474689274768,6834.976990249789
own:19,13,electricity,operating,7790.265964811846,7026.033391092034
own:19,14,electricity,operating,7559.561898034747,6764.024334946272
own:19,15,electricity,operating,7832.935031109084,6953.1831320866395
own:19,16,electricity,operating,7854.429706264628,6917.105672331984
own:19,17,electricity,operating,7367.900767389761,6437.305655434628
own:19,18,electricity,operating,7897.74201406993,6845.637772662557
own:19,19,electricity,operating,7664.091023361561,6590.558751148145
own:19,20,electricity,operating,7941.488527760981,6775.074953993818
own:19,21,electricity,operating,7706.63803587076,6522.705379631492
own:19,22,electricity,operating,7985.673600251784,6705.404256215243
own:19,23,electricity,operating,8007.931968253042,6670.899456457023
own:19,24,electricity,operating,7771.259640091265,6422.528628174598
own:19,25,electricity,operating,8052.783136234778,6602.543068954467
own:19,26,electricity,operating,7814.881017983178,6356.795189665673
own:19,27,electricity,operating,8098.08393717553,6535.04725536949
own:19,28,electricity,operating,8120.904356861409,6501.618217309714
own:19,29,electricity,operating,7355.725438776774,5842.425562865794
own:19,30,electricity,operating,8166.888073038943,6435.390287767484
own:19,31,electricity,operating,7925.857271036261,6196.053284994891
own:19,32,electricity,operating,8213.332775971157,6369.992566687505
own:19,33,electricity,operating,7971.0284901784,6133.162579168906
own:19,34,electricity,operating,8260.243087050267,6305.413228501991
own:19,35,electricity,operating,8283.87430248552,6273.426806513091
own:19,36,electricity,operating,8039.635813546398,6040.297380575805
own:19,0,hosting,capital,0.0,0.0
own:19,1,hosting,operating,0.0,0.0
own:19,2,hosting,operating,0.0,0.0
own:19,3,hosting,operating,0.0,0.0
own:19,4,hosting,operating,0.0,0.0
own:19,5,hosting,operating,0.0,0.0
own:19,6,hosting,operating,0.0,0.0
own:19,7,hosting,operating,0.0,0.0
own:19,8,hosting,operating,0.0,0.0
own:19,9,hosting,operating,0.0,0.0
own:19,10,hosting,operating,0.0,0.0
own:19,11,hosting,operating,0.0,0.0
own:19,12,hosting,operating,0.0,0.0
own:19,13,hosting,operating,0.0,0.0
own:19,14,hosting,operating,0.0,0.0
own:19,15,hosting,operating,0.0,0.0
own:19,16,hosting,operating,0.0,0.0
own:19,17,hosting,operating,0.0,0.0
own:19,18,hosting,operating,0.0,0.0
own:19,19,hosting,operating,0.0,0.0
own:19,20,hosting,operating,0.0,0.0
own:19,21,hosting,operating,0.0,0.0
own:19,22,hosting,operating,0.0,0.0
own:19,23,hosting,operating,0.0,0.0
own:19,24,hosting,operating,0.0,0.0
own:19,25,hosting,operating,0.0,0.0
own:19,26,hosting,operating,0.0,0.0
own:19,27,hosting,operating,0.0,0.0
own:19,28,hosting,operating,0.0,0.0
own:19,29,hosting,operating,0.0,0.0
own:19,30,hosting,operating,0.0,0.0
own:19,31,hosting,operating,0.0,0.0
own:19,32,hosting,operating,0.0,0.0
own:19,33,hosting,operating,0.0,0.0
own:19,34,hosting,operating,0.0,0.0
own:19,35,hosting,operating,0.0,0.0
own:19,36,hosting,operating,0.0,0.0
own:19,0,exit,terminal,0.0,0.0
own:19,1,exit,terminal,0.0,0.0
own:19,2,exit,terminal,0.0,0.0
own:19,3,exit,terminal,0.0,0.0
own:19,4,exit,terminal,0.0,0.0
own:19,5,exit,terminal,0.0,0.0
own:19,6,exit,terminal,0.0,0.0
own:19,7,exit,terminal,0.0,0.0
own:19,8,exit,terminal,0.0,0.0
own:19,9,exit,terminal,0.0,0.0
own:19,10,exit,terminal,0.0,0.0
own:19,11,exit,terminal,0.0,0.0
own:19,12,exit,terminal,0.0,0.0
own:19,13,exit,terminal,0.0,0.0
own:19,14,exit,terminal,0.0,0.0
own:19,15,exit,terminal,0.0,0.0
own:19,16,exit,terminal,0.0,0.0
own:19,17,exit,terminal,0.0,0.0
own:19,18,exit,terminal,0.0,0.0
own:19,19,exit,terminal,0.0,0.0
own:19,20,exit,terminal,0.0,0.0
own:19,21,exit,terminal,0.0,0.0
own:19,22,exit,terminal,0.0,0.0
own:19,23,exit,terminal,0.0,0.0
own:19,24,exit,terminal,0.0,0.0
own:19,25,exit,terminal,0.0,0.0
own:19,26,exit,terminal,0.0,0.0
own:19,27,exit,terminal,0.0,0.0
own:19,28,exit,terminal,0.0,0.0
own:19,29,exit,terminal,0.0,0.0
own:19,30,exit,terminal,0.0,0.0
own:19,31,exit,terminal,0.0,0.0
own:19,32,exit,terminal,0.0,0.0
own:19,33,exit,terminal,0.0,0.0
own:19,34,exit,terminal,0.0,0.0
own:19,35,exit,terminal,0.0,0.0
own:19,36,exit,terminal,0.0,0.0
own:19,0,residual,terminal,0.0,0.0
own:19,1,residual,terminal,0.0,0.0
own:19,2,residual,terminal,0.0,0.0
own:19,3,residual,terminal,0.0,0.0
own:19,4,residual,terminal,0.0,0.0
own:19,5,residual,terminal,0.0,0.0
own:19,6,residual,terminal,0.0,0.0
own:19,7,residual,terminal,0.0,0.0
own:19,8,residual,terminal,0.0,0.0
own:19,9,residual,terminal,0.0,0.0
own:19,10,residual,terminal,0.0,0.0
own:19,11,residual,terminal,0.0,0.0
own:19,12,residual,terminal,0.0,0.0
own:19,13,residual,terminal,0.0,0.0
own:19,14,residual,terminal,0.0,0.0
own:19,15,residual,terminal,0.0,0.0
own:19,16,residual,terminal,0.0,0.0
own:19,17,residual,terminal,0.0,0.0
own:19,18,residual,terminal,0.0,0.0
own:19,19,residual,terminal,0.0,0.0
own:19,20,residual,terminal,0.0,0.0
own:19,21,residual,terminal,0.0,0.0
own:19,22,residual,terminal,0.0,0.0
own:19,23,residual,terminal,0.0,0.0
own:19,24,residual,terminal,0.0,0.0
own:19,25,residual,terminal,0.0,0.0
own:19,26,residual,terminal,0.0,0.0
own:19,27,residual,terminal,0.0,0.0
own:19,28,residual,terminal,0.0,0.0
own:19,29,residual,terminal,0.0,0.0
own:19,30,residual,terminal,0.0,0.0
own:19,31,residual,terminal,0.0,0.0
own:19,32,residual,terminal,0.0,0.0
own:19,33,residual,terminal,0.0,0.0
own:19,34,residual,terminal,0.0,0.0
own:19,35,residual,terminal,0.0,0.0
own:19,36,residual,terminal,0.0,0.0
own:20,0,on_demand,capital,0.0,0.0
own:20,1,on_demand,operating,204473.6,202855.99778680265
own:20,2,on_demand,operating,198144.0,195021.34402646002
own:20,3,on_demand,operating,204473.6,199659.08295083806
own:20,4,on_demand,operating,204473.6,198079.56865429203
own:20,5,on_demand,operating,184659.19999999998,177469.61108979152
own:20,6,on_demand,operating,204473.6,194957.92808836754
own:20,7,on_demand,operating,0.0,0.0
own:20,8,on_demand,operating,0.0,0.0
own:20,9,on_demand,operating,0.0,0.0
own:20,10,on_demand,operating,0.0,0.0
own:20,11,on_demand,operating,0.0,0.0
own:20,12,on_demand,operating,0.0,0.0
own:20,13,on_demand,operating,0.0,0.0
own:20,14,on_demand,operating,0.0,0.0
own:20,15,on_demand,operating,0.0,0.0
own:20,16,on_demand,operating,0.0,0.0
own:20,17,on_demand,operating,0.0,0.0
own:20,18,on_demand,operating,0.0,0.0
own:20,19,on_demand,operating,0.0,0.0
own:20,20,on_demand,operating,0.0,0.0
own:20,21,on_demand,operating,0.0,0.0
own:20,22,on_demand,operating,0.0,0.0
own:20,23,on_demand,operating,0.0,0.0
own:20,24,on_demand,operating,0.0,0.0
own:20,25,on_demand,operating,0.0,0.0
own:20,26,on_demand,operating,0.0,0.0
own:20,27,on_demand,operating,0.0,0.0
own:20,28,on_demand,operating,0.0,0.0
own:20,29,on_demand,operating,0.0,0.0
own:20,30,on_demand,operating,0.0,0.0
own:20,31,on_demand,operating,0.0,0.0
own:20,32,on_demand,operating,0.0,0.0
own:20,33,on_demand,operating,0.0,0.0
own:20,34,on_demand,operating,0.0,0.0
own:20,35,on_demand,operating,0.0,0.0
own:20,36,on_demand,operating,0.0,0.0
own:20,0,variable_service,capital,0.0,0.0
own:20,1,variable_service,operating,0.0,0.0
own:20,2,variable_service,operating,0.0,0.0
own:20,3,variable_service,operating,0.0,0.0
own:20,4,variable_service,operating,0.0,0.0
own:20,5,variable_service,operating,0.0,0.0
own:20,6,variable_service,operating,0.0,0.0
own:20,7,variable_service,operating,0.0,0.0
own:20,8,variable_service,operating,0.0,0.0
own:20,9,variable_service,operating,0.0,0.0
own:20,10,variable_service,operating,0.0,0.0
own:20,11,variable_service,operating,0.0,0.0
own:20,12,variable_service,operating,0.0,0.0
own:20,13,variable_service,operating,0.0,0.0
own:20,14,variable_service,operating,0.0,0.0
own:20,15,variable_service,operating,0.0,0.0
own:20,16,variable_service,operating,0.0,0.0
own:20,17,variable_service,operating,0.0,0.0
own:20,18,variable_service,operating,0.0,0.0
own:20,19,variable_service,operating,0.0,0.0
own:20,20,variable_service,operating,0.0,0.0
own:20,21,variable_service,operating,0.0,0.0
own:20,22,variable_service,operating,0.0,0.0
own:20,23,variable_service,operating,0.0,0.0
own:20,24,variable_service,operating,0.0,0.0
own:20,25,variable_service,operating,0.0,0.0
own:20,26,variable_service,operating,0.0,0.0
own:20,27,variable_service,operating,0.0,0.0
own:20,28,variable_service,operating,0.0,0.0
own:20,29,variable_service,operating,0.0,0.0
own:20,30,variable_service,operating,0.0,0.0
own:20,31,variable_service,operating,0.0,0.0
own:20,32,variable_service,operating,0.0,0.0
own:20,33,variable_service,operating,0.0,0.0
own:20,34,variable_service,operating,0.0,0.0
own:20,35,variable_service,operating,0.0,0.0
own:20,36,variable_service,operating,0.0,0.0
own:20,0,node_acquisition,capital,8000000.0,8000000.0
own:20,1,node_acquisition,operating,0.0,0.0
own:20,2,node_acquisition,operating,0.0,0.0
own:20,3,node_acquisition,operating,0.0,0.0
own:20,4,node_acquisition,operating,0.0,0.0
own:20,5,node_acquisition,operating,0.0,0.0
own:20,6,node_acquisition,operating,0.0,0.0
own:20,7,node_acquisition,operating,0.0,0.0
own:20,8,node_acquisition,operating,0.0,0.0
own:20,9,node_acquisition,operating,0.0,0.0
own:20,10,node_acquisition,operating,0.0,0.0
own:20,11,node_acquisition,operating,0.0,0.0
own:20,12,node_acquisition,operating,0.0,0.0
own:20,13,node_acquisition,operating,0.0,0.0
own:20,14,node_acquisition,operating,0.0,0.0
own:20,15,node_acquisition,operating,0.0,0.0
own:20,16,node_acquisition,operating,0.0,0.0
own:20,17,node_acquisition,operating,0.0,0.0
own:20,18,node_acquisition,operating,0.0,0.0
own:20,19,node_acquisition,operating,0.0,0.0
own:20,20,node_acquisition,operating,0.0,0.0
own:20,21,node_acquisition,operating,0.0,0.0
own:20,22,node_acquisition,operating,0.0,0.0
own:20,23,node_acquisition,operating,0.0,0.0
own:20,24,node_acquisition,operating,0.0,0.0
own:20,25,node_acquisition,operating,0.0,0.0
own:20,26,node_acquisition,operating,0.0,0.0
own:20,27,node_acquisition,operating,0.0,0.0
own:20,28,node_acquisition,operating,0.0,0.0
own:20,29,node_acquisition,operating,0.0,0.0
own:20,30,node_acquisition,operating,0.0,0.0
own:20,31,node_acquisition,operating,0.0,0.0
own:20,32,node_acquisition,operating,0.0,0.0
own:20,33,node_acquisition,operating,0.0,0.0
own:20,34,node_acquisition,operating,0.0,0.0
own:20,35,node_acquisition,operating,0.0,0.0
own:20,36,node_acquisition,operating,0.0,0.0
own:20,0,installation,capital,50000.0,50000.0
own:20,1,installation,operating,0.0,0.0
own:20,2,installation,operating,0.0,0.0
own:20,3,installation,operating,0.0,0.0
own:20,4,installation,operating,0.0,0.0
own:20,5,installation,operating,0.0,0.0
own:20,6,installation,operating,0.0,0.0
own:20,7,installation,operating,0.0,0.0
own:20,8,installation,operating,0.0,0.0
own:20,9,installation,operating,0.0,0.0
own:20,10,installation,operating,0.0,0.0
own:20,11,installation,operating,0.0,0.0
own:20,12,installation,operating,0.0,0.0
own:20,13,installation,operating,0.0,0.0
own:20,14,installation,operating,0.0,0.0
own:20,15,installation,operating,0.0,0.0
own:20,16,installation,operating,0.0,0.0
own:20,17,installation,operating,0.0,0.0
own:20,18,installation,operating,0.0,0.0
own:20,19,installation,operating,0.0,0.0
own:20,20,installation,operating,0.0,0.0
own:20,21,installation,operating,0.0,0.0
own:20,22,installation,operating,0.0,0.0
own:20,23,installation,operating,0.0,0.0
own:20,24,installation,operating,0.0,0.0
own:20,25,installation,operating,0.0,0.0
own:20,26,installation,operating,0.0,0.0
own:20,27,installation,operating,0.0,0.0
own:20,28,installation,operating,0.0,0.0
own:20,29,installation,operating,0.0,0.0
own:20,30,installation,operating,0.0,0.0
own:20,31,installation,operating,0.0,0.0
own:20,32,installation,operating,0.0,0.0
own:20,33,installation,operating,0.0,0.0
own:20,34,installation,operating,0.0,0.0
own:20,35,installation,operating,0.0,0.0
own:20,36,installation,operating,0.0,0.0
own:20,0,network,capital,0.0,0.0
own:20,1,network,operating,0.0,0.0
own:20,2,network,operating,0.0,0.0
own:20,3,network,operating,0.0,0.0
own:20,4,network,operating,0.0,0.0
own:20,5,network,operating,0.0,0.0
own:20,6,network,operating,0.0,0.0
own:20,7,network,operating,0.0,0.0
own:20,8,network,operating,0.0,0.0
own:20,9,network,operating,0.0,0.0
own:20,10,network,operating,0.0,0.0
own:20,11,network,operating,0.0,0.0
own:20,12,network,operating,0.0,0.0
own:20,13,network,operating,0.0,0.0
own:20,14,network,operating,0.0,0.0
own:20,15,network,operating,0.0,0.0
own:20,16,network,operating,0.0,0.0
own:20,17,network,operating,0.0,0.0
own:20,18,network,operating,0.0,0.0
own:20,19,network,operating,0.0,0.0
own:20,20,network,operating,0.0,0.0
own:20,21,network,operating,0.0,0.0
own:20,22,network,operating,0.0,0.0
own:20,23,network,operating,0.0,0.0
own:20,24,network,operating,0.0,0.0
own:20,25,network,operating,0.0,0.0
own:20,26,network,operating,0.0,0.0
own:20,27,network,operating,0.0,0.0
own:20,28,network,operating,0.0,0.0
own:20,29,network,operating,0.0,0.0
own:20,30,network,operating,0.0,0.0
own:20,31,network,operating,0.0,0.0
own:20,32,network,operating,0.0,0.0
own:20,33,network,operating,0.0,0.0
own:20,34,network,operating,0.0,0.0
own:20,35,network,operating,0.0,0.0
own:20,36,network,operating,0.0,0.0
own:20,0,storage,capital,0.0,0.0
own:20,1,storage,operating,0.0,0.0
own:20,2,storage,operating,0.0,0.0
own:20,3,storage,operating,0.0,0.0
own:20,4,storage,operating,0.0,0.0
own:20,5,storage,operating,0.0,0.0
own:20,6,storage,operating,0.0,0.0
own:20,7,storage,operating,0.0,0.0
own:20,8,storage,operating,0.0,0.0
own:20,9,storage,operating,0.0,0.0
own:20,10,storage,operating,0.0,0.0
own:20,11,storage,operating,0.0,0.0
own:20,12,storage,operating,0.0,0.0
own:20,13,storage,operating,0.0,0.0
own:20,14,storage,operating,0.0,0.0
own:20,15,storage,operating,0.0,0.0
own:20,16,storage,operating,0.0,0.0
own:20,17,storage,operating,0.0,0.0
own:20,18,storage,operating,0.0,0.0
own:20,19,storage,operating,0.0,0.0
own:20,20,storage,operating,0.0,0.0
own:20,21,storage,operating,0.0,0.0
own:20,22,storage,operating,0.0,0.0
own:20,23,storage,operating,0.0,0.0
own:20,24,storage,operating,0.0,0.0
own:20,25,storage,operating,0.0,0.0
own:20,26,storage,operating,0.0,0.0
own:20,27,storage,operating,0.0,0.0
own:20,28,storage,operating,0.0,0.0
own:20,29,storage,operating,0.0,0.0
own:20,30,storage,operating,0.0,0.0
own:20,31,storage,operating,0.0,0.0
own:20,32,storage,operating,0.0,0.0
own:20,33,storage,operating,0.0,0.0
own:20,34,storage,operating,0.0,0.0
own:20,35,storage,operating,0.0,0.0
own:20,36,storage,operating,0.0,0.0
own:20,0,operations,capital,0.0,0.0
own:20,1,operations,operating,0.0,0.0
own:20,2,operations,operating,0.0,0.0
own:20,3,operations,operating,0.0,0.0
own:20,4,operations,operating,0.0,0.0
own:20,5,operations,operating,0.0,0.0
own:20,6,operations,operating,0.0,0.0
own:20,7,operations,operating,8666.666666666666,8197.970670767729
own:20,8,operations,operating,8666.666666666666,8133.116061171377
own:20,9,operations,operating,8666.666666666666,8068.7745200592635
own:20,10,operations,operating,8666.666666666666,8004.941988517597
own:20,11,operations,operating,8666.666666666666,7941.614439742877
own:20,12,operations,operating,8666.666666666666,7878.787878787878
own:20,13,operations,operating,8666.666666666666,7816.458342309625
own:20,14,operations,operating,8666.666666666666,7754.621898319373
own:20,15,operations,operating,8666.666666666666,7693.274645934567
own:20,16,operations,operating,8666.666666666666,7632.4127151327475
own:20,17,operations,operating,8666.666666666666,7572.032266507426
own:20,18,operations,operating,8666.666666666666,7512.1294910258775
own:20,19,operations,operating,8666.666666666666,7452.700609788845
own:20,20,operations,operating,8666.666666666666,7393.74187379216
own:20,21,operations,operating,8666.666666666666,7335.2495636902395
own:20,22,operations,operating,8666.666666666666,7277.21998956145
own:20,23,operations,operating,8666.666666666666,7219.649490675342
own:20,24,operations,operating,8666.666666666666,7162.534435261707
own:20,25,operations,operating,8666.666666666666,7105.871220281476
own:20,26,operations,operating,8666.666666666666,7049.65627119943
own:20,27,operations,operating,8666.666666666666,6993.886041758696
own:20,28,operations,operating,8666.666666666666,6938.557013757042
own:20,29,operations,operating,8666.666666666666,6883.665696824934
own:20,30,operations,operating,8666.666666666666,6829.208628205342
own:20,31,operations,operating,8666.666666666666,6775.182372535312
own:20,32,operations,operating,8666.666666666666,6721.583521629236
own:20,33,operations,operating,8666.666666666666,6668.408694263853
own:20,34,operations,operating,8666.666666666666,6615.654535964954
own:20,35,operations,operating,8666.666666666666,6563.317718795765
own:20,36,operations,operating,8666.666666666666,6511.394941147005
own:20,0,precommission,capital,0.0,0.0
own:20,1,precommission,operating,0.0,0.0
own:20,2,precommission,operating,0.0,0.0
own:20,3,precommission,operating,0.0,0.0
own:20,4,precommission,operating,0.0,0.0
own:20,5,precommission,operating,0.0,0.0
own:20,6,precommission,operating,0.0,0.0
own:20,7,precommission,operating,0.0,0.0
own:20,8,precommission,operating,0.0,0.0
own:20,9,precommission,operating,0.0,0.0
own:20,10,precommission,operating,0.0,0.0
own:20,11,precommission,operating,0.0,0.0
own:20,12,precommission,operating,0.0,0.0
own:20,13,precommission,operating,0.0,0.0
own:20,14,precommission,operating,0.0,0.0
own:20,15,precommission,operating,0.0,0.0
own:20,16,precommission,operating,0.0,0.0
own:20,17,precommission,operating,0.0,0.0
own:20,18,precommission,operating,0.0,0.0
own:20,19,precommission,operating,0.0,0.0
own:20,20,precommission,operating,0.0,0.0
own:20,21,precommission,operating,0.0,0.0
own:20,22,precommission,operating,0.0,0.0
own:20,23,precommission,operating,0.0,0.0
own:20,24,precommission,operating,0.0,0.0
own:20,25,precommission,operating,0.0,0.0
own:20,26,precommission,operating,0.0,0.0
own:20,27,precommission,operating,0.0,0.0
own:20,28,precommission,operating,0.0,0.0
own:20,29,precommission,operating,0.0,0.0
own:20,30,precommission,operating,0.0,0.0
own:20,31,precommission,operating,0.0,0.0
own:20,32,precommission,operating,0.0,0.0
own:20,33,precommission,operating,0.0,0.0
own:20,34,precommission,operating,0.0,0.0
own:20,35,precommission,operating,0.0,0.0
own:20,36,precommission,operating,0.0,0.0
own:20,0,electricity,capital,0.0,0.0
own:20,1,electricity,operating,0.0,0.0
own:20,2,electricity,operating,0.0,0.0
own:20,3,electricity,operating,0.0,0.0
own:20,4,electricity,operating,0.0,0.0
own:20,5,electricity,operating,0.0,0.0
own:20,6,electricity,operating,0.0,0.0
own:20,7,electricity,operating,7597.53199693245,7186.65513243134
own:20,8,electricity,operating,7871.4369788143495,7386.843521179995
own:20,9,electricity,operating,7637.6072552016985,7110.707401729758
own:20,10,electricity,operating,7913.055134526962,7308.870842749574
own:20,11,electricity,operating,7934.020410199596,7270.261275560287
own:20,12,electricity,operating,7698.474689274768,6998.613353886152
own:20,13,electricity,operating,7976.265964811846,7193.7866124385255
own:20,14,electricity,operating,7739.561898034747,6925.081866680597
own:20,15,electricity,operating,8018.935031109084,7118.292641795542
own:20,16,electricity,operating,8040.429706264628,7080.908991372141
own:20,17,electricity,operating,7541.900767389761,6589.328764785277
own:20,18,electricity,operating,8083.74201406993,7006.859628662267
own:20,19,electricity,operating,7844.091023361561,6745.3456099668365
own:20,20,electricity,operating,8127.488527760981,6933.756029592895
own:20,21,electricity,operating,7886.63803587076,6675.052870569674
own:20,22,electricity,operating,8171.673600251784,6861.584592914292
own:20,23,electricity,operating,8193.93196825304,6825.844241679977
own:20,24,electricity,operating,7951.259640091265,6571.288958753111
own:20,25,electricity,operating,8238.783136234779,6755.045997451278
own:20,26,electricity,operating,7994.881017983178,6503.2111276059695
own:20,27,electricity,operating,8284.08393717553,6685.146809650311
own:20,28,electricity,operating,8306.904356861407,6650.530325528037
own:20,29,electricity,operating,7523.725438776774,5975.862774835015
own:20,30,electricity,operating,8352.888073038943,6581.955611403582
own:20,31,electricity,operating,8105.857271036261,6336.768611193701
own:20,32,electricity,operating,8399.332775971157,6514.248089959394
own:20,33,electricity,operating,8151.0284901784,6271.660298203617
own:20,34,electricity,operating,8446.243087050267,6447.395352773855
own:20,35,electricity,operating,8469.87430248552,6414.285702170323
own:20,36,electricity,operating,8219.635813546398,6175.534044738089
own:20,0,hosting,capital,0.0,0.0
own:20,1,hosting,operating,0.0,0.0
own:20,2,hosting,operating,0.0,0.0
own:20,3,hosting,operating,0.0,0.0
own:20,4,hosting,operating,0.0,0.0
own:20,5,hosting,operating,0.0,0.0
own:20,6,hosting,operating,0.0,0.0
own:20,7,hosting,operating,0.0,0.0
own:20,8,hosting,operating,0.0,0.0
own:20,9,hosting,operating,0.0,0.0
own:20,10,hosting,operating,0.0,0.0
own:20,11,hosting,operating,0.0,0.0
own:20,12,hosting,operating,0.0,0.0
own:20,13,hosting,operating,0.0,0.0
own:20,14,hosting,operating,0.0,0.0
own:20,15,hosting,operating,0.0,0.0
own:20,16,hosting,operating,0.0,0.0
own:20,17,hosting,operating,0.0,0.0
own:20,18,hosting,operating,0.0,0.0
own:20,19,hosting,operating,0.0,0.0
own:20,20,hosting,operating,0.0,0.0
own:20,21,hosting,operating,0.0,0.0
own:20,22,hosting,operating,0.0,0.0
own:20,23,hosting,operating,0.0,0.0
own:20,24,hosting,operating,0.0,0.0
own:20,25,hosting,operating,0.0,0.0
own:20,26,hosting,operating,0.0,0.0
own:20,27,hosting,operating,0.0,0.0
own:20,28,hosting,operating,0.0,0.0
own:20,29,hosting,operating,0.0,0.0
own:20,30,hosting,operating,0.0,0.0
own:20,31,hosting,operating,0.0,0.0
own:20,32,hosting,operating,0.0,0.0
own:20,33,hosting,operating,0.0,0.0
own:20,34,hosting,operating,0.0,0.0
own:20,35,hosting,operating,0.0,0.0
own:20,36,hosting,operating,0.0,0.0
own:20,0,exit,terminal,0.0,0.0
own:20,1,exit,terminal,0.0,0.0
own:20,2,exit,terminal,0.0,0.0
own:20,3,exit,terminal,0.0,0.0
own:20,4,exit,terminal,0.0,0.0
own:20,5,exit,terminal,0.0,0.0
own:20,6,exit,terminal,0.0,0.0
own:20,7,exit,terminal,0.0,0.0
own:20,8,exit,terminal,0.0,0.0
own:20,9,exit,terminal,0.0,0.0
own:20,10,exit,terminal,0.0,0.0
own:20,11,exit,terminal,0.0,0.0
own:20,12,exit,terminal,0.0,0.0
own:20,13,exit,terminal,0.0,0.0
own:20,14,exit,terminal,0.0,0.0
own:20,15,exit,terminal,0.0,0.0
own:20,16,exit,terminal,0.0,0.0
own:20,17,exit,terminal,0.0,0.0
own:20,18,exit,terminal,0.0,0.0
own:20,19,exit,terminal,0.0,0.0
own:20,20,exit,terminal,0.0,0.0
own:20,21,exit,terminal,0.0,0.0
own:20,22,exit,terminal,0.0,0.0
own:20,23,exit,terminal,0.0,0.0
own:20,24,exit,terminal,0.0,0.0
own:20,25,exit,terminal,0.0,0.0
own:20,26,exit,terminal,0.0,0.0
own:20,27,exit,terminal,0.0,0.0
own:20,28,exit,terminal,0.0,0.0
own:20,29,exit,terminal,0.0,0.0
own:20,30,exit,terminal,0.0,0.0
own:20,31,exit,terminal,0.0,0.0
own:20,32,exit,terminal,0.0,0.0
own:20,33,exit,terminal,0.0,0.0
own:20,34,exit,terminal,0.0,0.0
own:20,35,exit,terminal,0.0,0.0
own:20,36,exit,terminal,0.0,0.0
own:20,0,residual,terminal,0.0,0.0
own:20,1,residual,terminal,0.0,0.0
own:20,2,residual,terminal,0.0,0.0
own:20,3,residual,terminal,0.0,0.0
own:20,4,residual,terminal,0.0,0.0
own:20,5,residual,terminal,0.0,0.0
own:20,6,residual,terminal,0.0,0.0
own:20,7,residual,terminal,0.0,0.0
own:20,8,residual,terminal,0.0,0.0
own:20,9,residual,terminal,0.0,0.0
own:20,10,residual,terminal,0.0,0.0
own:20,11,residual,terminal,0.0,0.0
own:20,12,residual,terminal,0.0,0.0
own:20,13,residual,terminal,0.0,0.0
own:20,14,residual,terminal,0.0,0.0
own:20,15,residual,terminal,0.0,0.0
own:20,16,residual,terminal,0.0,0.0
own:20,17,residual,terminal,0.0,0.0
own:20,18,residual,terminal,0.0,0.0
own:20,19,residual,terminal,0.0,0.0
own:20,20,residual,terminal,0.0,0.0
own:20,21,residual,terminal,0.0,0.0
own:20,22,residual,terminal,0.0,0.0
own:20,23,residual,terminal,0.0,0.0
own:20,24,residual,terminal,0.0,0.0
own:20,25,residual,terminal,0.0,0.0
own:20,26,residual,terminal,0.0,0.0
own:20,27,residual,terminal,0.0,0.0
own:20,28,residual,terminal,0.0,0.0
own:20,29,residual,terminal,0.0,0.0
own:20,30,residual,terminal,0.0,0.0
own:20,31,residual,terminal,0.0,0.0
own:20,32,residual,terminal,0.0,0.0
own:20,33,residual,terminal,0.0,0.0
own:20,34,residual,terminal,0.0,0.0
own:20,35,residual,terminal,0.0,0.0
own:20,36,residual,terminal,0.0,0.0
own:21,0,on_demand,capital,0.0,0.0
own:21,1,on_demand,operating,204473.6,202855.99778680265
own:21,2,on_demand,operating,198144.0,195021.34402646002
own:21,3,on_demand,operating,204473.6,199659.08295083806
own:21,4,on_demand,operating,204473.6,198079.56865429203
own:21,5,on_demand,operating,184659.19999999998,177469.61108979152
own:21,6,on_demand,operating,204473.6,194957.92808836754
own:21,7,on_demand,operating,0.0,0.0
own:21,8,on_demand,operating,0.0,0.0
own:21,9,on_demand,operating,0.0,0.0
own:21,10,on_demand,operating,0.0,0.0
own:21,11,on_demand,operating,0.0,0.0
own:21,12,on_demand,operating,0.0,0.0
own:21,13,on_demand,operating,0.0,0.0
own:21,14,on_demand,operating,0.0,0.0
own:21,15,on_demand,operating,0.0,0.0
own:21,16,on_demand,operating,0.0,0.0
own:21,17,on_demand,operating,0.0,0.0
own:21,18,on_demand,operating,0.0,0.0
own:21,19,on_demand,operating,0.0,0.0
own:21,20,on_demand,operating,0.0,0.0
own:21,21,on_demand,operating,0.0,0.0
own:21,22,on_demand,operating,0.0,0.0
own:21,23,on_demand,operating,0.0,0.0
own:21,24,on_demand,operating,0.0,0.0
own:21,25,on_demand,operating,0.0,0.0
own:21,26,on_demand,operating,0.0,0.0
own:21,27,on_demand,operating,0.0,0.0
own:21,28,on_demand,operating,0.0,0.0
own:21,29,on_demand,operating,0.0,0.0
own:21,30,on_demand,operating,0.0,0.0
own:21,31,on_demand,operating,0.0,0.0
own:21,32,on_demand,operating,0.0,0.0
own:21,33,on_demand,operating,0.0,0.0
own:21,34,on_demand,operating,0.0,0.0
own:21,35,on_demand,operating,0.0,0.0
own:21,36,on_demand,operating,0.0,0.0
own:21,0,variable_service,capital,0.0,0.0
own:21,1,variable_service,operating,0.0,0.0
own:21,2,variable_service,operating,0.0,0.0
own:21,3,variable_service,operating,0.0,0.0
own:21,4,variable_service,operating,0.0,0.0
own:21,5,variable_service,operating,0.0,0.0
own:21,6,variable_service,operating,0.0,0.0
own:21,7,variable_service,operating,0.0,0.0
own:21,8,variable_service,operating,0.0,0.0
own:21,9,variable_service,operating,0.0,0.0
own:21,10,variable_service,operating,0.0,0.0
own:21,11,variable_service,operating,0.0,0.0
own:21,12,variable_service,operating,0.0,0.0
own:21,13,variable_service,operating,0.0,0.0
own:21,14,variable_service,operating,0.0,0.0
own:21,15,variable_service,operating,0.0,0.0
own:21,16,variable_service,operating,0.0,0.0
own:21,17,variable_service,operating,0.0,0.0
own:21,18,variable_service,operating,0.0,0.0
own:21,19,variable_service,operating,0.0,0.0
own:21,20,variable_service,operating,0.0,0.0
own:21,21,variable_service,operating,0.0,0.0
own:21,22,variable_service,operating,0.0,0.0
own:21,23,variable_service,operating,0.0,0.0
own:21,24,variable_service,operating,0.0,0.0
own:21,25,variable_service,operating,0.0,0.0
own:21,26,variable_service,operating,0.0,0.0
own:21,27,variable_service,operating,0.0,0.0
own:21,28,variable_service,operating,0.0,0.0
own:21,29,variable_service,operating,0.0,0.0
own:21,30,variable_service,operating,0.0,0.0
own:21,31,variable_service,operating,0.0,0.0
own:21,32,variable_service,operating,0.0,0.0
own:21,33,variable_service,operating,0.0,0.0
own:21,34,variable_service,operating,0.0,0.0
own:21,35,variable_service,operating,0.0,0.0
own:21,36,variable_service,operating,0.0,0.0
own:21,0,node_acquisition,capital,8400000.0,8400000.0
own:21,1,node_acquisition,operating,0.0,0.0
own:21,2,node_acquisition,operating,0.0,0.0
own:21,3,node_acquisition,operating,0.0,0.0
own:21,4,node_acquisition,operating,0.0,0.0
own:21,5,node_acquisition,operating,0.0,0.0
own:21,6,node_acquisition,operating,0.0,0.0
own:21,7,node_acquisition,operating,0.0,0.0
own:21,8,node_acquisition,operating,0.0,0.0
own:21,9,node_acquisition,operating,0.0,0.0
own:21,10,node_acquisition,operating,0.0,0.0
own:21,11,node_acquisition,operating,0.0,0.0
own:21,12,node_acquisition,operating,0.0,0.0
own:21,13,node_acquisition,operating,0.0,0.0
own:21,14,node_acquisition,operating,0.0,0.0
own:21,15,node_acquisition,operating,0.0,0.0
own:21,16,node_acquisition,operating,0.0,0.0
own:21,17,node_acquisition,operating,0.0,0.0
own:21,18,node_acquisition,operating,0.0,0.0
own:21,19,node_acquisition,operating,0.0,0.0
own:21,20,node_acquisition,operating,0.0,0.0
own:21,21,node_acquisition,operating,0.0,0.0
own:21,22,node_acquisition,operating,0.0,0.0
own:21,23,node_acquisition,operating,0.0,0.0
own:21,24,node_acquisition,operating,0.0,0.0
own:21,25,node_acquisition,operating,0.0,0.0
own:21,26,node_acquisition,operating,0.0,0.0
own:21,27,node_acquisition,operating,0.0,0.0
own:21,28,node_acquisition,operating,0.0,0.0
own:21,29,node_acquisition,operating,0.0,0.0
own:21,30,node_acquisition,operating,0.0,0.0
own:21,31,node_acquisition,operating,0.0,0.0
own:21,32,node_acquisition,operating,0.0,0.0
own:21,33,node_acquisition,operating,0.0,0.0
own:21,34,node_acquisition,operating,0.0,0.0
own:21,35,node_acquisition,operating,0.0,0.0
own:21,36,node_acquisition,operating,0.0,0.0
own:21,0,installation,capital,50000.0,50000.0
own:21,1,installation,operating,0.0,0.0
own:21,2,installation,operating,0.0,0.0
own:21,3,installation,operating,0.0,0.0
own:21,4,installation,operating,0.0,0.0
own:21,5,installation,operating,0.0,0.0
own:21,6,installation,operating,0.0,0.0
own:21,7,installation,operating,0.0,0.0
own:21,8,installation,operating,0.0,0.0
own:21,9,installation,operating,0.0,0.0
own:21,10,installation,operating,0.0,0.0
own:21,11,installation,operating,0.0,0.0
own:21,12,installation,operating,0.0,0.0
own:21,13,installation,operating,0.0,0.0
own:21,14,installation,operating,0.0,0.0
own:21,15,installation,operating,0.0,0.0
own:21,16,installation,operating,0.0,0.0
own:21,17,installation,operating,0.0,0.0
own:21,18,installation,operating,0.0,0.0
own:21,19,installation,operating,0.0,0.0
own:21,20,installation,operating,0.0,0.0
own:21,21,installation,operating,0.0,0.0
own:21,22,installation,operating,0.0,0.0
own:21,23,installation,operating,0.0,0.0
own:21,24,installation,operating,0.0,0.0
own:21,25,installation,operating,0.0,0.0
own:21,26,installation,operating,0.0,0.0
own:21,27,installation,operating,0.0,0.0
own:21,28,installation,operating,0.0,0.0
own:21,29,installation,operating,0.0,0.0
own:21,30,installation,operating,0.0,0.0
own:21,31,installation,operating,0.0,0.0
own:21,32,installation,operating,0.0,0.0
own:21,33,installation,operating,0.0,0.0
own:21,34,installation,operating,0.0,0.0
own:21,35,installation,operating,0.0,0.0
own:21,36,installation,operating,0.0,0.0
own:21,0,network,capital,0.0,0.0
own:21,1,network,operating,0.0,0.0
own:21,2,network,operating,0.0,0.0
own:21,3,network,operating,0.0,0.0
own:21,4,network,operating,0.0,0.0
own:21,5,network,operating,0.0,0.0
own:21,6,network,operating,0.0,0.0
own:21,7,network,operating,0.0,0.0
own:21,8,network,operating,0.0,0.0
own:21,9,network,operating,0.0,0.0
own:21,10,network,operating,0.0,0.0
own:21,11,network,operating,0.0,0.0
own:21,12,network,operating,0.0,0.0
own:21,13,network,operating,0.0,0.0
own:21,14,network,operating,0.0,0.0
own:21,15,network,operating,0.0,0.0
own:21,16,network,operating,0.0,0.0
own:21,17,network,operating,0.0,0.0
own:21,18,network,operating,0.0,0.0
own:21,19,network,operating,0.0,0.0
own:21,20,network,operating,0.0,0.0
own:21,21,network,operating,0.0,0.0
own:21,22,network,operating,0.0,0.0
own:21,23,network,operating,0.0,0.0
own:21,24,network,operating,0.0,0.0
own:21,25,network,operating,0.0,0.0
own:21,26,network,operating,0.0,0.0
own:21,27,network,operating,0.0,0.0
own:21,28,network,operating,0.0,0.0
own:21,29,network,operating,0.0,0.0
own:21,30,network,operating,0.0,0.0
own:21,31,network,operating,0.0,0.0
own:21,32,network,operating,0.0,0.0
own:21,33,network,operating,0.0,0.0
own:21,34,network,operating,0.0,0.0
own:21,35,network,operating,0.0,0.0
own:21,36,network,operating,0.0,0.0
own:21,0,storage,capital,0.0,0.0
own:21,1,storage,operating,0.0,0.0
own:21,2,storage,operating,0.0,0.0
own:21,3,storage,operating,0.0,0.0
own:21,4,storage,operating,0.0,0.0
own:21,5,storage,operating,0.0,0.0
own:21,6,storage,operating,0.0,0.0
own:21,7,storage,operating,0.0,0.0
own:21,8,storage,operating,0.0,0.0
own:21,9,storage,operating,0.0,0.0
own:21,10,storage,operating,0.0,0.0
own:21,11,storage,operating,0.0,0.0
own:21,12,storage,operating,0.0,0.0
own:21,13,storage,operating,0.0,0.0
own:21,14,storage,operating,0.0,0.0
own:21,15,storage,operating,0.0,0.0
own:21,16,storage,operating,0.0,0.0
own:21,17,storage,operating,0.0,0.0
own:21,18,storage,operating,0.0,0.0
own:21,19,storage,operating,0.0,0.0
own:21,20,storage,operating,0.0,0.0
own:21,21,storage,operating,0.0,0.0
own:21,22,storage,operating,0.0,0.0
own:21,23,storage,operating,0.0,0.0
own:21,24,storage,operating,0.0,0.0
own:21,25,storage,operating,0.0,0.0
own:21,26,storage,operating,0.0,0.0
own:21,27,storage,operating,0.0,0.0
own:21,28,storage,operating,0.0,0.0
own:21,29,storage,operating,0.0,0.0
own:21,30,storage,operating,0.0,0.0
own:21,31,storage,operating,0.0,0.0
own:21,32,storage,operating,0.0,0.0
own:21,33,storage,operating,0.0,0.0
own:21,34,storage,operating,0.0,0.0
own:21,35,storage,operating,0.0,0.0
own:21,36,storage,operating,0.0,0.0
own:21,0,operations,capital,0.0,0.0
own:21,1,operations,operating,0.0,0.0
own:21,2,operations,operating,0.0,0.0
own:21,3,operations,operating,0.0,0.0
own:21,4,operations,operating,0.0,0.0
own:21,5,operations,operating,0.0,0.0
own:21,6,operations,operating,0.0,0.0
own:21,7,operations,operating,9000.0,8513.277235028028
own:21,8,operations,operating,9000.0,8445.928217370276
own:21,9,operations,operating,9000.0,8379.112001600004
own:21,10,operations,operating,9000.0,8312.82437269135
own:21,11,operations,operating,9000.0,8247.061148963758
own:21,12,operations,operating,9000.0,8181.818181818182
own:21,13,operations,operating,9000.0,8117.091355475381
own:21,14,operations,operating,9000.0,8052.876586716273
own:21,15,operations,operating,9000.0,7989.169824624359
own:21,16,operations,operating,9000.0,7925.967050330162
own:21,17,operations,operating,9000.0,7863.264276757713
own:21,18,operations,operating,9000.0,7801.057548373027
own:21,19,operations,operating,9000.0,7739.342940934571
own:21,20,operations,operating,9000.0,7678.116561245705
own:21,21,operations,operating,9000.0,7617.374546909095
own:21,22,operations,operating,9000.0,7557.113066083045
own:21,23,operations,operating,9000.0,7497.328317239779
own:21,24,operations,operating,9000.0,7438.016528925619
own:21,25,operations,operating,9000.0,7379.173959523072
own:21,26,operations,operating,9000.0,7320.796897014794
own:21,27,operations,operating,9000.0,7262.881658749416
own:21,28,operations,operating,9000.0,7205.4245912092365
own:21,29,operations,operating,9000.0,7148.422069779739
own:21,30,operations,operating,9000.0,7091.870498520933
own:21,31,operations,operating,9000.0,7035.766309940518
own:21,32,operations,operating,9000.0,6980.105964768823
own:21,33,operations,operating,9000.0,6924.88595173554
own:21,34,operations,operating,9000.0,6870.102787348223
own:21,35,operations,operating,9000.0,6815.753015672526
own:21,36,operations,operating,9000.0,6761.833208114198
own:21,0,precommission,capital,0.0,0.0
own:21,1,precommission,operating,0.0,0.0
own:21,2,precommission,operating,0.0,0.0
own:21,3,precommission,operating,0.0,0.0
own:21,4,precommission,operating,0.0,0.0
own:21,5,precommission,operating,0.0,0.0
own:21,6,precommission,operating,0.0,0.0
own:21,7,precommission,operating,0.0,0.0
own:21,8,precommission,operating,0.0,0.0
own:21,9,precommission,operating,0.0,0.0
own:21,10,precommission,operating,0.0,0.0
own:21,11,precommission,operating,0.0,0.0
own:21,12,precommission,operating,0.0,0.0
own:21,13,precommission,operating,0.0,0.0
own:21,14,precommission,operating,0.0,0.0
own:21,15,precommission,operating,0.0,0.0
own:21,16,precommission,operating,0.0,0.0
own:21,17,precommission,operating,0.0,0.0
own:21,18,precommission,operating,0.0,0.0
own:21,19,precommission,operating,0.0,0.0
own:21,20,precommission,operating,0.0,0.0
own:21,21,precommission,operating,0.0,0.0
own:21,22,precommission,operating,0.0,0.0
own:21,23,precommission,operating,0.0,0.0
own:21,24,precommission,operating,0.0,0.0
own:21,25,precommission,operating,0.0,0.0
own:21,26,precommission,operating,0.0,0.0
own:21,27,precommission,operating,0.0,0.0
own:21,28,precommission,operating,0.0,0.0
own:21,29,precommission,operating,0.0,0.0
own:21,30,precommission,operating,0.0,0.0
own:21,31,precommission,operating,0.0,0.0
own:21,32,precommission,operating,0.0,0.0
own:21,33,precommission,operating,0.0,0.0
own:21,34,precommission,operating,0.0,0.0
own:21,35,precommission,operating,0.0,0.0
own:21,36,precommission,operating,0.0,0.0
own:21,0,electricity,capital,0.0,0.0
own:21,1,electricity,operating,0.0,0.0
own:21,2,electricity,operating,0.0,0.0
own:21,3,electricity,operating,0.0,0.0
own:21,4,electricity,operating,0.0,0.0
own:21,5,electricity,operating,0.0,0.0
own:21,6,electricity,operating,0.0,0.0
own:21,7,electricity,operating,7777.53199693245,7356.9206771319
own:21,8,electricity,operating,8057.4369788143495,7561.39270433898
own:21,9,electricity,operating,7817.6072552016985,7278.2896417617585
own:21,10,electricity,operating,8099.055134526962,7480.669213118528
own:21,11,electricity,operating,8120.020410199596,7440.700539305538
own:21,12,electricity,operating,7878.474689274768,7162.249717522516
own:21,13,electricity,operating,8162.265964811846,7361.5398337850165
own:21,14,electricity,operating,7919.561898034747,7086.139398414923
own:21,15,electricity,operating,8204.935031109084,7283.402151504446
own:21,16,electricity,operating,8226.42970626463,7244.712310412298
own:21,17,electricity,operating,7715.900767389761,6741.351874135926
own:21,18,electricity,operating,8269.742014069929,7168.081484661975
own:21,19,electricity,operating,8024.091023361561,6900.1324687855285
own:21,20,electricity,operating,8313.488527760981,7092.437105191973
own:21,21,electricity,operating,8066.63803587076,6827.400361507856
own:21,22,electricity,operating,8357.673600251785,7017.764929613343
own:21,23,electricity,operating,8379.93196825304,6980.789026902933
own:21,24,electricity,operating,8131.259640091265,6720.049289331623
own:21,25,electricity,operating,8424.783136234779,6907.548925948088
own:21,26,electricity,operating,8174.881017983178,6649.627065546265
own:21,27,electricity,operating,8470.08393717553,6835.246363931133
own:21,28,electricity,operating,8492.904356861407,6799.442433746361
own:21,29,electricity,operating,7691.725438776774,6109.299986804238
own:21,30,electricity,operating,8538.888073038943,6728.520935039682
own:21,31,electricity,operating,8285.857271036262,6477.483937392512
own:21,32,electricity,operating,8585.332775971157,6658.503613231283
own:21,33,electricity,operating,8331.028490178402,6410.158017238329
own:21,34,electricity,operating,8632.243087050267,6589.3774770457185
own:21,35,electricity,operating,8655.87430248552,6555.144597827555
own:21,36,electricity,operating,8399.635813546398,6310.7707089003725
own:21,0,hosting,capital,0.0,0.0
own:21,1,hosting,operating,0.0,0.0
own:21,2,hosting,operating,0.0,0.0
own:21,3,hosting,operating,0.0,0.0
own:21,4,hosting,operating,0.0,0.0
own:21,5,hosting,operating,0.0,0.0
own:21,6,hosting,operating,0.0,0.0
own:21,7,hosting,operating,0.0,0.0
own:21,8,hosting,operating,0.0,0.0
own:21,9,hosting,operating,0.0,0.0
own:21,10,hosting,operating,0.0,0.0
own:21,11,hosting,operating,0.0,0.0
own:21,12,hosting,operating,0.0,0.0
own:21,13,hosting,operating,0.0,0.0
own:21,14,hosting,operating,0.0,0.0
own:21,15,hosting,operating,0.0,0.0
own:21,16,hosting,operating,0.0,0.0
own:21,17,hosting,operating,0.0,0.0
own:21,18,hosting,operating,0.0,0.0
own:21,19,hosting,operating,0.0,0.0
own:21,20,hosting,operating,0.0,0.0
own:21,21,hosting,operating,0.0,0.0
own:21,22,hosting,operating,0.0,0.0
own:21,23,hosting,operating,0.0,0.0
own:21,24,hosting,operating,0.0,0.0
own:21,25,hosting,operating,0.0,0.0
own:21,26,hosting,operating,0.0,0.0
own:21,27,hosting,operating,0.0,0.0
own:21,28,hosting,operating,0.0,0.0
own:21,29,hosting,operating,0.0,0.0
own:21,30,hosting,operating,0.0,0.0
own:21,31,hosting,operating,0.0,0.0
own:21,32,hosting,operating,0.0,0.0
own:21,33,hosting,operating,0.0,0.0
own:21,34,hosting,operating,0.0,0.0
own:21,35,hosting,operating,0.0,0.0
own:21,36,hosting,operating,0.0,0.0
own:21,0,exit,terminal,0.0,0.0
own:21,1,exit,terminal,0.0,0.0
own:21,2,exit,terminal,0.0,0.0
own:21,3,exit,terminal,0.0,0.0
own:21,4,exit,terminal,0.0,0.0
own:21,5,exit,terminal,0.0,0.0
own:21,6,exit,terminal,0.0,0.0
own:21,7,exit,terminal,0.0,0.0
own:21,8,exit,terminal,0.0,0.0
own:21,9,exit,terminal,0.0,0.0
own:21,10,exit,terminal,0.0,0.0
own:21,11,exit,terminal,0.0,0.0
own:21,12,exit,terminal,0.0,0.0
own:21,13,exit,terminal,0.0,0.0
own:21,14,exit,terminal,0.0,0.0
own:21,15,exit,terminal,0.0,0.0
own:21,16,exit,terminal,0.0,0.0
own:21,17,exit,terminal,0.0,0.0
own:21,18,exit,terminal,0.0,0.0
own:21,19,exit,terminal,0.0,0.0
own:21,20,exit,terminal,0.0,0.0
own:21,21,exit,terminal,0.0,0.0
own:21,22,exit,terminal,0.0,0.0
own:21,23,exit,terminal,0.0,0.0
own:21,24,exit,terminal,0.0,0.0
own:21,25,exit,terminal,0.0,0.0
own:21,26,exit,terminal,0.0,0.0
own:21,27,exit,terminal,0.0,0.0
own:21,28,exit,terminal,0.0,0.0
own:21,29,exit,terminal,0.0,0.0
own:21,30,exit,terminal,0.0,0.0
own:21,31,exit,terminal,0.0,0.0
own:21,32,exit,terminal,0.0,0.0
own:21,33,exit,terminal,0.0,0.0
own:21,34,exit,terminal,0.0,0.0
own:21,35,exit,terminal,0.0,0.0
own:21,36,exit,terminal,0.0,0.0
own:21,0,residual,terminal,0.0,0.0
own:21,1,residual,terminal,0.0,0.0
own:21,2,residual,terminal,0.0,0.0
own:21,3,residual,terminal,0.0,0.0
own:21,4,residual,terminal,0.0,0.0
own:21,5,residual,terminal,0.0,0.0
own:21,6,residual,terminal,0.0,0.0
own:21,7,residual,terminal,0.0,0.0
own:21,8,residual,terminal,0.0,0.0
own:21,9,residual,terminal,0.0,0.0
own:21,10,residual,terminal,0.0,0.0
own:21,11,residual,terminal,0.0,0.0
own:21,12,residual,terminal,0.0,0.0
own:21,13,residual,terminal,0.0,0.0
own:21,14,residual,terminal,0.0,0.0
own:21,15,residual,terminal,0.0,0.0
own:21,16,residual,terminal,0.0,0.0
own:21,17,residual,terminal,0.0,0.0
own:21,18,residual,terminal,0.0,0.0
own:21,19,residual,terminal,0.0,0.0
own:21,20,residual,terminal,0.0,0.0
own:21,21,residual,terminal,0.0,0.0
own:21,22,residual,terminal,0.0,0.0
own:21,23,residual,terminal,0.0,0.0
own:21,24,residual,terminal,0.0,0.0
own:21,25,residual,terminal,0.0,0.0
own:21,26,residual,terminal,0.0,0.0
own:21,27,residual,terminal,0.0,0.0
own:21,28,residual,terminal,0.0,0.0
own:21,29,residual,terminal,0.0,0.0
own:21,30,residual,terminal,0.0,0.0
own:21,31,residual,terminal,0.0,0.0
own:21,32,residual,terminal,0.0,0.0
own:21,33,residual,terminal,0.0,0.0
own:21,34,residual,terminal,0.0,0.0
own:21,35,residual,terminal,0.0,0.0
own:21,36,residual,terminal,0.0,0.0
own:22,0,on_demand,capital,0.0,0.0
own:22,1,on_demand,operating,204473.6,202855.99778680265
own:22,2,on_demand,operating,198144.0,195021.34402646002
own:22,3,on_demand,operating,204473.6,199659.08295083806
own:22,4,on_demand,operating,204473.6,198079.56865429203
own:22,5,on_demand,operating,184659.19999999998,177469.61108979152
own:22,6,on_demand,operating,204473.6,194957.92808836754
own:22,7,on_demand,operating,0.0,0.0
own:22,8,on_demand,operating,0.0,0.0
own:22,9,on_demand,operating,0.0,0.0
own:22,10,on_demand,operating,0.0,0.0
own:22,11,on_demand,operating,0.0,0.0
own:22,12,on_demand,operating,0.0,0.0
own:22,13,on_demand,operating,0.0,0.0
own:22,14,on_demand,operating,0.0,0.0
own:22,15,on_demand,operating,0.0,0.0
own:22,16,on_demand,operating,0.0,0.0
own:22,17,on_demand,operating,0.0,0.0
own:22,18,on_demand,operating,0.0,0.0
own:22,19,on_demand,operating,0.0,0.0
own:22,20,on_demand,operating,0.0,0.0
own:22,21,on_demand,operating,0.0,0.0
own:22,22,on_demand,operating,0.0,0.0
own:22,23,on_demand,operating,0.0,0.0
own:22,24,on_demand,operating,0.0,0.0
own:22,25,on_demand,operating,0.0,0.0
own:22,26,on_demand,operating,0.0,0.0
own:22,27,on_demand,operating,0.0,0.0
own:22,28,on_demand,operating,0.0,0.0
own:22,29,on_demand,operating,0.0,0.0
own:22,30,on_demand,operating,0.0,0.0
own:22,31,on_demand,operating,0.0,0.0
own:22,32,on_demand,operating,0.0,0.0
own:22,33,on_demand,operating,0.0,0.0
own:22,34,on_demand,operating,0.0,0.0
own:22,35,on_demand,operating,0.0,0.0
own:22,36,on_demand,operating,0.0,0.0
own:22,0,variable_service,capital,0.0,0.0
own:22,1,variable_service,operating,0.0,0.0
own:22,2,variable_service,operating,0.0,0.0
own:22,3,variable_service,operating,0.0,0.0
own:22,4,variable_service,operating,0.0,0.0
own:22,5,variable_service,operating,0.0,0.0
own:22,6,variable_service,operating,0.0,0.0
own:22,7,variable_service,operating,0.0,0.0
own:22,8,variable_service,operating,0.0,0.0
own:22,9,variable_service,operating,0.0,0.0
own:22,10,variable_service,operating,0.0,0.0
own:22,11,variable_service,operating,0.0,0.0
own:22,12,variable_service,operating,0.0,0.0
own:22,13,variable_service,operating,0.0,0.0
own:22,14,variable_service,operating,0.0,0.0
own:22,15,variable_service,operating,0.0,0.0
own:22,16,variable_service,operating,0.0,0.0
own:22,17,variable_service,operating,0.0,0.0
own:22,18,variable_service,operating,0.0,0.0
own:22,19,variable_service,operating,0.0,0.0
own:22,20,variable_service,operating,0.0,0.0
own:22,21,variable_service,operating,0.0,0.0
own:22,22,variable_service,operating,0.0,0.0
own:22,23,variable_service,operating,0.0,0.0
own:22,24,variable_service,operating,0.0,0.0
own:22,25,variable_service,operating,0.0,0.0
own:22,26,variable_service,operating,0.0,0.0
own:22,27,variable_service,operating,0.0,0.0
own:22,28,variable_service,operating,0.0,0.0
own:22,29,variable_service,operating,0.0,0.0
own:22,30,variable_service,operating,0.0,0.0
own:22,31,variable_service,operating,0.0,0.0
own:22,32,variable_service,operating,0.0,0.0
own:22,33,variable_service,operating,0.0,0.0
own:22,34,variable_service,operating,0.0,0.0
own:22,35,variable_service,operating,0.0,0.0
own:22,36,variable_service,operating,0.0,0.0
own:22,0,node_acquisition,capital,8800000.0,8800000.0
own:22,1,node_acquisition,operating,0.0,0.0
own:22,2,node_acquisition,operating,0.0,0.0
own:22,3,node_acquisition,operating,0.0,0.0
own:22,4,node_acquisition,operating,0.0,0.0
own:22,5,node_acquisition,operating,0.0,0.0
own:22,6,node_acquisition,operating,0.0,0.0
own:22,7,node_acquisition,operating,0.0,0.0
own:22,8,node_acquisition,operating,0.0,0.0
own:22,9,node_acquisition,operating,0.0,0.0
own:22,10,node_acquisition,operating,0.0,0.0
own:22,11,node_acquisition,operating,0.0,0.0
own:22,12,node_acquisition,operating,0.0,0.0
own:22,13,node_acquisition,operating,0.0,0.0
own:22,14,node_acquisition,operating,0.0,0.0
own:22,15,node_acquisition,operating,0.0,0.0
own:22,16,node_acquisition,operating,0.0,0.0
own:22,17,node_acquisition,operating,0.0,0.0
own:22,18,node_acquisition,operating,0.0,0.0
own:22,19,node_acquisition,operating,0.0,0.0
own:22,20,node_acquisition,operating,0.0,0.0
own:22,21,node_acquisition,operating,0.0,0.0
own:22,22,node_acquisition,operating,0.0,0.0
own:22,23,node_acquisition,operating,0.0,0.0
own:22,24,node_acquisition,operating,0.0,0.0
own:22,25,node_acquisition,operating,0.0,0.0
own:22,26,node_acquisition,operating,0.0,0.0
own:22,27,node_acquisition,operating,0.0,0.0
own:22,28,node_acquisition,operating,0.0,0.0
own:22,29,node_acquisition,operating,0.0,0.0
own:22,30,node_acquisition,operating,0.0,0.0
own:22,31,node_acquisition,operating,0.0,0.0
own:22,32,node_acquisition,operating,0.0,0.0
own:22,33,node_acquisition,operating,0.0,0.0
own:22,34,node_acquisition,operating,0.0,0.0
own:22,35,node_acquisition,operating,0.0,0.0
own:22,36,node_acquisition,operating,0.0,0.0
own:22,0,installation,capital,50000.0,50000.0
own:22,1,installation,operating,0.0,0.0
own:22,2,installation,operating,0.0,0.0
own:22,3,installation,operating,0.0,0.0
own:22,4,installation,operating,0.0,0.0
own:22,5,installation,operating,0.0,0.0
own:22,6,installation,operating,0.0,0.0
own:22,7,installation,operating,0.0,0.0
own:22,8,installation,operating,0.0,0.0
own:22,9,installation,operating,0.0,0.0
own:22,10,installation,operating,0.0,0.0
own:22,11,installation,operating,0.0,0.0
own:22,12,installation,operating,0.0,0.0
own:22,13,installation,operating,0.0,0.0
own:22,14,installation,operating,0.0,0.0
own:22,15,installation,operating,0.0,0.0
own:22,16,installation,operating,0.0,0.0
own:22,17,installation,operating,0.0,0.0
own:22,18,installation,operating,0.0,0.0
own:22,19,installation,operating,0.0,0.0
own:22,20,installation,operating,0.0,0.0
own:22,21,installation,operating,0.0,0.0
own:22,22,installation,operating,0.0,0.0
own:22,23,installation,operating,0.0,0.0
own:22,24,installation,operating,0.0,0.0
own:22,25,installation,operating,0.0,0.0
own:22,26,installation,operating,0.0,0.0
own:22,27,installation,operating,0.0,0.0
own:22,28,installation,operating,0.0,0.0
own:22,29,installation,operating,0.0,0.0
own:22,30,installation,operating,0.0,0.0
own:22,31,installation,operating,0.0,0.0
own:22,32,installation,operating,0.0,0.0
own:22,33,installation,operating,0.0,0.0
own:22,34,installation,operating,0.0,0.0
own:22,35,installation,operating,0.0,0.0
own:22,36,installation,operating,0.0,0.0
own:22,0,network,capital,0.0,0.0
own:22,1,network,operating,0.0,0.0
own:22,2,network,operating,0.0,0.0
own:22,3,network,operating,0.0,0.0
own:22,4,network,operating,0.0,0.0
own:22,5,network,operating,0.0,0.0
own:22,6,network,operating,0.0,0.0
own:22,7,network,operating,0.0,0.0
own:22,8,network,operating,0.0,0.0
own:22,9,network,operating,0.0,0.0
own:22,10,network,operating,0.0,0.0
own:22,11,network,operating,0.0,0.0
own:22,12,network,operating,0.0,0.0
own:22,13,network,operating,0.0,0.0
own:22,14,network,operating,0.0,0.0
own:22,15,network,operating,0.0,0.0
own:22,16,network,operating,0.0,0.0
own:22,17,network,operating,0.0,0.0
own:22,18,network,operating,0.0,0.0
own:22,19,network,operating,0.0,0.0
own:22,20,network,operating,0.0,0.0
own:22,21,network,operating,0.0,0.0
own:22,22,network,operating,0.0,0.0
own:22,23,network,operating,0.0,0.0
own:22,24,network,operating,0.0,0.0
own:22,25,network,operating,0.0,0.0
own:22,26,network,operating,0.0,0.0
own:22,27,network,operating,0.0,0.0
own:22,28,network,operating,0.0,0.0
own:22,29,network,operating,0.0,0.0
own:22,30,network,operating,0.0,0.0
own:22,31,network,operating,0.0,0.0
own:22,32,network,operating,0.0,0.0
own:22,33,network,operating,0.0,0.0
own:22,34,network,operating,0.0,0.0
own:22,35,network,operating,0.0,0.0
own:22,36,network,operating,0.0,0.0
own:22,0,storage,capital,0.0,0.0
own:22,1,storage,operating,0.0,0.0
own:22,2,storage,operating,0.0,0.0
own:22,3,storage,operating,0.0,0.0
own:22,4,storage,operating,0.0,0.0
own:22,5,storage,operating,0.0,0.0
own:22,6,storage,operating,0.0,0.0
own:22,7,storage,operating,0.0,0.0
own:22,8,storage,operating,0.0,0.0
own:22,9,storage,operating,0.0,0.0
own:22,10,storage,operating,0.0,0.0
own:22,11,storage,operating,0.0,0.0
own:22,12,storage,operating,0.0,0.0
own:22,13,storage,operating,0.0,0.0
own:22,14,storage,operating,0.0,0.0
own:22,15,storage,operating,0.0,0.0
own:22,16,storage,operating,0.0,0.0
own:22,17,storage,operating,0.0,0.0
own:22,18,storage,operating,0.0,0.0
own:22,19,storage,operating,0.0,0.0
own:22,20,storage,operating,0.0,0.0
own:22,21,storage,operating,0.0,0.0
own:22,22,storage,operating,0.0,0.0
own:22,23,storage,operating,0.0,0.0
own:22,24,storage,operating,0.0,0.0
own:22,25,storage,operating,0.0,0.0
own:22,26,storage,operating,0.0,0.0
own:22,27,storage,operating,0.0,0.0
own:22,28,storage,operating,0.0,0.0
own:22,29,storage,operating,0.0,0.0
own:22,30,storage,operating,0.0,0.0
own:22,31,storage,operating,0.0,0.0
own:22,32,storage,operating,0.0,0.0
own:22,33,storage,operating,0.0,0.0
own:22,34,storage,operating,0.0,0.0
own:22,35,storage,operating,0.0,0.0
own:22,36,storage,operating,0.0,0.0
own:22,0,operations,capital,0.0,0.0
own:22,1,operations,operating,0.0,0.0
own:22,2,operations,operating,0.0,0.0
own:22,3,operations,operating,0.0,0.0
own:22,4,operations,operating,0.0,0.0
own:22,5,operations,operating,0.0,0.0
own:22,6,operations,operating,0.0,0.0
own:22,7,operations,operating,9333.333333333334,8828.583799288326
own:22,8,operations,operating,9333.333333333334,8758.740373569177
own:22,9,operations,operating,9333.333333333334,8689.449483140746
own:22,10,operations,operating,9333.333333333334,8620.706756865105
own:22,11,operations,operating,9333.333333333334,8552.507858184637
own:22,12,operations,operating,9333.333333333334,8484.848484848486
own:22,13,operations,operating,9333.333333333334,8417.724368641135
own:22,14,operations,operating,9333.333333333334,8351.131275113172
own:22,15,operations,operating,9333.333333333334,8285.06500331415
own:22,16,operations,operating,9333.333333333334,8219.521385527576
own:22,17,operations,operating,9333.333333333334,8154.496287007999
own:22,18,operations,operating,9333.333333333334,8089.985605720177
own:22,19,operations,operating,9333.333333333334,8025.9852720802955
own:22,20,operations,operating,9333.333333333334,7962.49124869925
own:22,21,operations,operating,9333.333333333334,7899.499530127951
own:22,22,operations,operating,9333.333333333334,7837.00614260464
own:22,23,operations,operating,9333.333333333334,7775.007143804215
own:22,24,operations,operating,9333.333333333334,7713.498622589532
own:22,25,operations,operating,9333.333333333334,7652.476698764667
own:22,26,operations,operating,9333.333333333334,7591.937522830157
own:22,27,operations,operating,9333.333333333334,7531.877275740135
own:22,28,operations,operating,9333.333333333334,7472.292168661431
own:22,29,operations,operating,9333.333333333334,7413.178442734545
own:22,30,operations,operating,9333.333333333334,7354.532368836523
own:22,31,operations,operating,9333.333333333334,7296.350247345723
own:22,32,operations,operating,9333.333333333334,7238.628407908409
own:22,33,operations,operating,9333.333333333334,7181.363209207228
own:22,34,operations,operating,9333.333333333334,7124.551038731491
own:22,35,operations,operating,9333.333333333334,7068.188312549287
own:22,36,operations,operating,9333.333333333334,7012.271475081391
own:22,0,precommission,capital,0.0,0.0
own:22,1,precommission,operating,0.0,0.0
own:22,2,precommission,operating,0.0,0.0
own:22,3,precommission,operating,0.0,0.0
own:22,4,precommission,operating,0.0,0.0
own:22,5,precommission,operating,0.0,0.0
own:22,6,precommission,operating,0.0,0.0
own:22,7,precommission,operating,0.0,0.0
own:22,8,precommission,operating,0.0,0.0
own:22,9,precommission,operating,0.0,0.0
own:22,10,precommission,operating,0.0,0.0
own:22,11,precommission,operating,0.0,0.0
own:22,12,precommission,operating,0.0,0.0
own:22,13,precommission,operating,0.0,0.0
own:22,14,precommission,operating,0.0,0.0
own:22,15,precommission,operating,0.0,0.0
own:22,16,precommission,operating,0.0,0.0
own:22,17,precommission,operating,0.0,0.0
own:22,18,precommission,operating,0.0,0.0
own:22,19,precommission,operating,0.0,0.0
own:22,20,precommission,operating,0.0,0.0
own:22,21,precommission,operating,0.0,0.0
own:22,22,precommission,operating,0.0,0.0
own:22,23,precommission,operating,0.0,0.0
own:22,24,precommission,operating,0.0,0.0
own:22,25,precommission,operating,0.0,0.0
own:22,26,precommission,operating,0.0,0.0
own:22,27,precommission,operating,0.0,0.0
own:22,28,precommission,operating,0.0,0.0
own:22,29,precommission,operating,0.0,0.0
own:22,30,precommission,operating,0.0,0.0
own:22,31,precommission,operating,0.0,0.0
own:22,32,precommission,operating,0.0,0.0
own:22,33,precommission,operating,0.0,0.0
own:22,34,precommission,operating,0.0,0.0
own:22,35,precommission,operating,0.0,0.0
own:22,36,precommission,operating,0.0,0.0
own:22,0,electricity,capital,0.0,0.0
own:22,1,electricity,operating,0.0,0.0
own:22,2,electricity,operating,0.0,0.0
own:22,3,electricity,operating,0.0,0.0
own:22,4,electricity,operating,0.0,0.0
own:22,5,electricity,operating,0.0,0.0
own:22,6,electricity,operating,0.0,0.0
own:22,7,electricity,operating,7957.53199693245,7527.18622183246
own:22,8,electricity,operating,8243.43697881435,7735.941887497967
own:22,9,electricity,operating,7997.6072552016985,7445.871881793759
own:22,10,electricity,operating,8285.055134526961,7652.467583487482
own:22,11,electricity,operating,8306.020410199595,7611.139803050788
own:22,12,electricity,operating,8058.474689274768,7325.88608115888
own:22,13,electricity,operating,8348.265964811846,7529.293055131508
own:22,14,electricity,operating,8099.561898034747,7247.196930149247
own:22,15,electricity,operating,8390.935031109084,7448.51166121335
own:22,16,electricity,operating,8412.42970626463,7408.515629452455
own:22,17,electricity,operating,7889.900767389761,6893.374983486575
own:22,18,electricity,operating,8455.742014069929,7329.303340661684
own:22,19,electricity,operating,8204.091023361561,7054.91932760422
own:22,20,electricity,operating,8499.488527760981,7251.118180791052
own:22,21,electricity,operating,8246.63803587076,6979.7478524460375
own:22,22,electricity,operating,8543.673600251785,7173.945266312393
own:22,23,electricity,operating,8565.93196825304,7135.733812125888
own:22,24,electricity,operating,8311.259640091264,6868.809619910136
own:22,25,electricity,operating,8610.783136234779,7060.051854444899
own:22,26,electricity,operating,8354.881017983178,6796.043003486561
own:22,27,electricity,operating,8656.08393717553,6985.345918211954
own:22,28,electricity,operating,8678.904356861407,6948.354541964685
own:22,29,electricity,operating,7859.725438776774,6242.73719877346
own:22,30,electricity,operating,8724.888073038943,6875.086258675781
own:22,31,electricity,operating,8465.857271036262,6618.199263591323
own:22,32,electricity,operating,8771.332775971157,6802.759136503172
own:22,33,electricity,operating,8511.028490178402,6548.65573627304
own:22,34,electricity,operating,8818.243087050267,6731.359601317581
own:22,35,electricity,operating,8841.87430248552,6696.003493484788
own:22,36,electricity,operating,8579.635813546398,6446.007373062656
own:22,0,hosting,capital,0.0,0.0
own:22,1,hosting,operating,0.0,0.0
own:22,2,hosting,operating,0.0,0.0
own:22,3,hosting,operating,0.0,0.0
own:22,4,hosting,operating,0.0,0.0
own:22,5,hosting,operating,0.0,0.0
own:22,6,hosting,operating,0.0,0.0
own:22,7,hosting,operating,0.0,0.0
own:22,8,hosting,operating,0.0,0.0
own:22,9,hosting,operating,0.0,0.0
own:22,10,hosting,operating,0.0,0.0
own:22,11,hosting,operating,0.0,0.0
own:22,12,hosting,operating,0.0,0.0
own:22,13,hosting,operating,0.0,0.0
own:22,14,hosting,operating,0.0,0.0
own:22,15,hosting,operating,0.0,0.0
own:22,16,hosting,operating,0.0,0.0
own:22,17,hosting,operating,0.0,0.0
own:22,18,hosting,operating,0.0,0.0
own:22,19,hosting,operating,0.0,0.0
own:22,20,hosting,operating,0.0,0.0
own:22,21,hosting,operating,0.0,0.0
own:22,22,hosting,operating,0.0,0.0
own:22,23,hosting,operating,0.0,0.0
own:22,24,hosting,operating,0.0,0.0
own:22,25,hosting,operating,0.0,0.0
own:22,26,hosting,operating,0.0,0.0
own:22,27,hosting,operating,0.0,0.0
own:22,28,hosting,operating,0.0,0.0
own:22,29,hosting,operating,0.0,0.0
own:22,30,hosting,operating,0.0,0.0
own:22,31,hosting,operating,0.0,0.0
own:22,32,hosting,operating,0.0,0.0
own:22,33,hosting,operating,0.0,0.0
own:22,34,hosting,operating,0.0,0.0
own:22,35,hosting,operating,0.0,0.0
own:22,36,hosting,operating,0.0,0.0
own:22,0,exit,terminal,0.0,0.0
own:22,1,exit,terminal,0.0,0.0
own:22,2,exit,terminal,0.0,0.0
own:22,3,exit,terminal,0.0,0.0
own:22,4,exit,terminal,0.0,0.0
own:22,5,exit,terminal,0.0,0.0
own:22,6,exit,terminal,0.0,0.0
own:22,7,exit,terminal,0.0,0.0
own:22,8,exit,terminal,0.0,0.0
own:22,9,exit,terminal,0.0,0.0
own:22,10,exit,terminal,0.0,0.0
own:22,11,exit,terminal,0.0,0.0
own:22,12,exit,terminal,0.0,0.0
own:22,13,exit,terminal,0.0,0.0
own:22,14,exit,terminal,0.0,0.0
own:22,15,exit,terminal,0.0,0.0
own:22,16,exit,terminal,0.0,0.0
own:22,17,exit,terminal,0.0,0.0
own:22,18,exit,terminal,0.0,0.0
own:22,19,exit,terminal,0.0,0.0
own:22,20,exit,terminal,0.0,0.0
own:22,21,exit,terminal,0.0,0.0
own:22,22,exit,terminal,0.0,0.0
own:22,23,exit,terminal,0.0,0.0
own:22,24,exit,terminal,0.0,0.0
own:22,25,exit,terminal,0.0,0.0
own:22,26,exit,terminal,0.0,0.0
own:22,27,exit,terminal,0.0,0.0
own:22,28,exit,terminal,0.0,0.0
own:22,29,exit,terminal,0.0,0.0
own:22,30,exit,terminal,0.0,0.0
own:22,31,exit,terminal,0.0,0.0
own:22,32,exit,terminal,0.0,0.0
own:22,33,exit,terminal,0.0,0.0
own:22,34,exit,terminal,0.0,0.0
own:22,35,exit,terminal,0.0,0.0
own:22,36,exit,terminal,0.0,0.0
own:22,0,residual,terminal,0.0,0.0
own:22,1,residual,terminal,0.0,0.0
own:22,2,residual,terminal,0.0,0.0
own:22,3,residual,terminal,0.0,0.0
own:22,4,residual,terminal,0.0,0.0
own:22,5,residual,terminal,0.0,0.0
own:22,6,residual,terminal,0.0,0.0
own:22,7,residual,terminal,0.0,0.0
own:22,8,residual,terminal,0.0,0.0
own:22,9,residual,terminal,0.0,0.0
own:22,10,residual,terminal,0.0,0.0
own:22,11,residual,terminal,0.0,0.0
own:22,12,residual,terminal,0.0,0.0
own:22,13,residual,terminal,0.0,0.0
own:22,14,residual,terminal,0.0,0.0
own:22,15,residual,terminal,0.0,0.0
own:22,16,residual,terminal,0.0,0.0
own:22,17,residual,terminal,0.0,0.0
own:22,18,residual,terminal,0.0,0.0
own:22,19,residual,terminal,0.0,0.0
own:22,20,residual,terminal,0.0,0.0
own:22,21,residual,terminal,0.0,0.0
own:22,22,residual,terminal,0.0,0.0
own:22,23,residual,terminal,0.0,0.0
own:22,24,residual,terminal,0.0,0.0
own:22,25,residual,terminal,0.0,0.0
own:22,26,residual,terminal,0.0,0.0
own:22,27,residual,terminal,0.0,0.0
own:22,28,residual,terminal,0.0,0.0
own:22,29,residual,terminal,0.0,0.0
own:22,30,residual,terminal,0.0,0.0
own:22,31,residual,terminal,0.0,0.0
own:22,32,residual,terminal,0.0,0.0
own:22,33,residual,terminal,0.0,0.0
own:22,34,residual,terminal,0.0,0.0
own:22,35,residual,terminal,0.0,0.0
own:22,36,residual,terminal,0.0,0.0
own:23,0,on_demand,capital,0.0,0.0
own:23,1,on_demand,operating,204473.6,202855.99778680265
own:23,2,on_demand,operating,198144.0,195021.34402646002
own:23,3,on_demand,operating,204473.6,199659.08295083806
own:23,4,on_demand,operating,204473.6,198079.56865429203
own:23,5,on_demand,operating,184659.19999999998,177469.61108979152
own:23,6,on_demand,operating,204473.6,194957.92808836754
own:23,7,on_demand,operating,0.0,0.0
own:23,8,on_demand,operating,0.0,0.0
own:23,9,on_demand,operating,0.0,0.0
own:23,10,on_demand,operating,0.0,0.0
own:23,11,on_demand,operating,0.0,0.0
own:23,12,on_demand,operating,0.0,0.0
own:23,13,on_demand,operating,0.0,0.0
own:23,14,on_demand,operating,0.0,0.0
own:23,15,on_demand,operating,0.0,0.0
own:23,16,on_demand,operating,0.0,0.0
own:23,17,on_demand,operating,0.0,0.0
own:23,18,on_demand,operating,0.0,0.0
own:23,19,on_demand,operating,0.0,0.0
own:23,20,on_demand,operating,0.0,0.0
own:23,21,on_demand,operating,0.0,0.0
own:23,22,on_demand,operating,0.0,0.0
own:23,23,on_demand,operating,0.0,0.0
own:23,24,on_demand,operating,0.0,0.0
own:23,25,on_demand,operating,0.0,0.0
own:23,26,on_demand,operating,0.0,0.0
own:23,27,on_demand,operating,0.0,0.0
own:23,28,on_demand,operating,0.0,0.0
own:23,29,on_demand,operating,0.0,0.0
own:23,30,on_demand,operating,0.0,0.0
own:23,31,on_demand,operating,0.0,0.0
own:23,32,on_demand,operating,0.0,0.0
own:23,33,on_demand,operating,0.0,0.0
own:23,34,on_demand,operating,0.0,0.0
own:23,35,on_demand,operating,0.0,0.0
own:23,36,on_demand,operating,0.0,0.0
own:23,0,variable_service,capital,0.0,0.0
own:23,1,variable_service,operating,0.0,0.0
own:23,2,variable_service,operating,0.0,0.0
own:23,3,variable_service,operating,0.0,0.0
own:23,4,variable_service,operating,0.0,0.0
own:23,5,variable_service,operating,0.0,0.0
own:23,6,variable_service,operating,0.0,0.0
own:23,7,variable_service,operating,0.0,0.0
own:23,8,variable_service,operating,0.0,0.0
own:23,9,variable_service,operating,0.0,0.0
own:23,10,variable_service,operating,0.0,0.0
own:23,11,variable_service,operating,0.0,0.0
own:23,12,variable_service,operating,0.0,0.0
own:23,13,variable_service,operating,0.0,0.0
own:23,14,variable_service,operating,0.0,0.0
own:23,15,variable_service,operating,0.0,0.0
own:23,16,variable_service,operating,0.0,0.0
own:23,17,variable_service,operating,0.0,0.0
own:23,18,variable_service,operating,0.0,0.0
own:23,19,variable_service,operating,0.0,0.0
own:23,20,variable_service,operating,0.0,0.0
own:23,21,variable_service,operating,0.0,0.0
own:23,22,variable_service,operating,0.0,0.0
own:23,23,variable_service,operating,0.0,0.0
own:23,24,variable_service,operating,0.0,0.0
own:23,25,variable_service,operating,0.0,0.0
own:23,26,variable_service,operating,0.0,0.0
own:23,27,variable_service,operating,0.0,0.0
own:23,28,variable_service,operating,0.0,0.0
own:23,29,variable_service,operating,0.0,0.0
own:23,30,variable_service,operating,0.0,0.0
own:23,31,variable_service,operating,0.0,0.0
own:23,32,variable_service,operating,0.0,0.0
own:23,33,variable_service,operating,0.0,0.0
own:23,34,variable_service,operating,0.0,0.0
own:23,35,variable_service,operating,0.0,0.0
own:23,36,variable_service,operating,0.0,0.0
own:23,0,node_acquisition,capital,9200000.0,9200000.0
own:23,1,node_acquisition,operating,0.0,0.0
own:23,2,node_acquisition,operating,0.0,0.0
own:23,3,node_acquisition,operating,0.0,0.0
own:23,4,node_acquisition,operating,0.0,0.0
own:23,5,node_acquisition,operating,0.0,0.0
own:23,6,node_acquisition,operating,0.0,0.0
own:23,7,node_acquisition,operating,0.0,0.0
own:23,8,node_acquisition,operating,0.0,0.0
own:23,9,node_acquisition,operating,0.0,0.0
own:23,10,node_acquisition,operating,0.0,0.0
own:23,11,node_acquisition,operating,0.0,0.0
own:23,12,node_acquisition,operating,0.0,0.0
own:23,13,node_acquisition,operating,0.0,0.0
own:23,14,node_acquisition,operating,0.0,0.0
own:23,15,node_acquisition,operating,0.0,0.0
own:23,16,node_acquisition,operating,0.0,0.0
own:23,17,node_acquisition,operating,0.0,0.0
own:23,18,node_acquisition,operating,0.0,0.0
own:23,19,node_acquisition,operating,0.0,0.0
own:23,20,node_acquisition,operating,0.0,0.0
own:23,21,node_acquisition,operating,0.0,0.0
own:23,22,node_acquisition,operating,0.0,0.0
own:23,23,node_acquisition,operating,0.0,0.0
own:23,24,node_acquisition,operating,0.0,0.0
own:23,25,node_acquisition,operating,0.0,0.0
own:23,26,node_acquisition,operating,0.0,0.0
own:23,27,node_acquisition,operating,0.0,0.0
own:23,28,node_acquisition,operating,0.0,0.0
own:23,29,node_acquisition,operating,0.0,0.0
own:23,30,node_acquisition,operating,0.0,0.0
own:23,31,node_acquisition,operating,0.0,0.0
own:23,32,node_acquisition,operating,0.0,0.0
own:23,33,node_acquisition,operating,0.0,0.0
own:23,34,node_acquisition,operating,0.0,0.0
own:23,35,node_acquisition,operating,0.0,0.0
own:23,36,node_acquisition,operating,0.0,0.0
own:23,0,installation,capital,50000.0,50000.0
own:23,1,installation,operating,0.0,0.0
own:23,2,installation,operating,0.0,0.0
own:23,3,installation,operating,0.0,0.0
own:23,4,installation,operating,0.0,0.0
own:23,5,installation,operating,0.0,0.0
own:23,6,installation,operating,0.0,0.0
own:23,7,installation,operating,0.0,0.0
own:23,8,installation,operating,0.0,0.0
own:23,9,installation,operating,0.0,0.0
own:23,10,installation,operating,0.0,0.0
own:23,11,installation,operating,0.0,0.0
own:23,12,installation,operating,0.0,0.0
own:23,13,installation,operating,0.0,0.0
own:23,14,installation,operating,0.0,0.0
own:23,15,installation,operating,0.0,0.0
own:23,16,installation,operating,0.0,0.0
own:23,17,installation,operating,0.0,0.0
own:23,18,installation,operating,0.0,0.0
own:23,19,installation,operating,0.0,0.0
own:23,20,installation,operating,0.0,0.0
own:23,21,installation,operating,0.0,0.0
own:23,22,installation,operating,0.0,0.0
own:23,23,installation,operating,0.0,0.0
own:23,24,installation,operating,0.0,0.0
own:23,25,installation,operating,0.0,0.0
own:23,26,installation,operating,0.0,0.0
own:23,27,installation,operating,0.0,0.0
own:23,28,installation,operating,0.0,0.0
own:23,29,installation,operating,0.0,0.0
own:23,30,installation,operating,0.0,0.0
own:23,31,installation,operating,0.0,0.0
own:23,32,installation,operating,0.0,0.0
own:23,33,installation,operating,0.0,0.0
own:23,34,installation,operating,0.0,0.0
own:23,35,installation,operating,0.0,0.0
own:23,36,installation,operating,0.0,0.0
own:23,0,network,capital,0.0,0.0
own:23,1,network,operating,0.0,0.0
own:23,2,network,operating,0.0,0.0
own:23,3,network,operating,0.0,0.0
own:23,4,network,operating,0.0,0.0
own:23,5,network,operating,0.0,0.0
own:23,6,network,operating,0.0,0.0
own:23,7,network,operating,0.0,0.0
own:23,8,network,operating,0.0,0.0
own:23,9,network,operating,0.0,0.0
own:23,10,network,operating,0.0,0.0
own:23,11,network,operating,0.0,0.0
own:23,12,network,operating,0.0,0.0
own:23,13,network,operating,0.0,0.0
own:23,14,network,operating,0.0,0.0
own:23,15,network,operating,0.0,0.0
own:23,16,network,operating,0.0,0.0
own:23,17,network,operating,0.0,0.0
own:23,18,network,operating,0.0,0.0
own:23,19,network,operating,0.0,0.0
own:23,20,network,operating,0.0,0.0
own:23,21,network,operating,0.0,0.0
own:23,22,network,operating,0.0,0.0
own:23,23,network,operating,0.0,0.0
own:23,24,network,operating,0.0,0.0
own:23,25,network,operating,0.0,0.0
own:23,26,network,operating,0.0,0.0
own:23,27,network,operating,0.0,0.0
own:23,28,network,operating,0.0,0.0
own:23,29,network,operating,0.0,0.0
own:23,30,network,operating,0.0,0.0
own:23,31,network,operating,0.0,0.0
own:23,32,network,operating,0.0,0.0
own:23,33,network,operating,0.0,0.0
own:23,34,network,operating,0.0,0.0
own:23,35,network,operating,0.0,0.0
own:23,36,network,operating,0.0,0.0
own:23,0,storage,capital,0.0,0.0
own:23,1,storage,operating,0.0,0.0
own:23,2,storage,operating,0.0,0.0
own:23,3,storage,operating,0.0,0.0
own:23,4,storage,operating,0.0,0.0
own:23,5,storage,operating,0.0,0.0
own:23,6,storage,operating,0.0,0.0
own:23,7,storage,operating,0.0,0.0
own:23,8,storage,operating,0.0,0.0
own:23,9,storage,operating,0.0,0.0
own:23,10,storage,operating,0.0,0.0
own:23,11,storage,operating,0.0,0.0
own:23,12,storage,operating,0.0,0.0
own:23,13,storage,operating,0.0,0.0
own:23,14,storage,operating,0.0,0.0
own:23,15,storage,operating,0.0,0.0
own:23,16,storage,operating,0.0,0.0
own:23,17,storage,operating,0.0,0.0
own:23,18,storage,operating,0.0,0.0
own:23,19,storage,operating,0.0,0.0
own:23,20,storage,operating,0.0,0.0
own:23,21,storage,operating,0.0,0.0
own:23,22,storage,operating,0.0,0.0
own:23,23,storage,operating,0.0,0.0
own:23,24,storage,operating,0.0,0.0
own:23,25,storage,operating,0.0,0.0
own:23,26,storage,operating,0.0,0.0
own:23,27,storage,operating,0.0,0.0
own:23,28,storage,operating,0.0,0.0
own:23,29,storage,operating,0.0,0.0
own:23,30,storage,operating,0.0,0.0
own:23,31,storage,operating,0.0,0.0
own:23,32,storage,operating,0.0,0.0
own:23,33,storage,operating,0.0,0.0
own:23,34,storage,operating,0.0,0.0
own:23,35,storage,operating,0.0,0.0
own:23,36,storage,operating,0.0,0.0
own:23,0,operations,capital,0.0,0.0
own:23,1,operations,operating,0.0,0.0
own:23,2,operations,operating,0.0,0.0
own:23,3,operations,operating,0.0,0.0
own:23,4,operations,operating,0.0,0.0
own:23,5,operations,operating,0.0,0.0
own:23,6,operations,operating,0.0,0.0
own:23,7,operations,operating,9666.666666666666,9143.890363548622
own:23,8,operations,operating,9666.666666666666,9071.552529768074
own:23,9,operations,operating,9666.666666666666,8999.786964681487
own:23,10,operations,operating,9666.666666666666,8928.589141038858
own:23,11,operations,operating,9666.666666666666,8857.954567405517
own:23,12,operations,operating,9666.666666666666,8787.878787878786
own:23,13,operations,operating,9666.666666666666,8718.357381806889
own:23,14,operations,operating,9666.666666666666,8649.38596351007
own:23,15,operations,operating,9666.666666666666,8580.96018200394
own:23,16,operations,operating,9666.666666666666,8513.075720724988
own:23,17,operations,operating,9666.666666666666,8445.728297258283
own:23,18,operations,operating,9666.666666666666,8378.913663067324
own:23,19,operations,operating,9666.666666666666,8312.62760322602
own:23,20,operations,operating,9666.666666666666,8246.865936152793
own:23,21,operations,operating,9666.666666666666,8181.6245133468055
own:23,22,operations,operating,9666.666666666666,8116.899219126233
own:23,23,operations,operating,9666.666666666666,8052.6859703686505
own:23,24,operations,operating,9666.666666666666,7988.980716253443
own:23,25,operations,operating,9666.666666666666,7925.779438006261
own:23,26,operations,operating,9666.666666666666,7863.078148645519
own:23,27,operations,operating,9666.666666666666,7800.872892730853
own:23,28,operations,operating,9666.666666666666,7739.159746113624
own:23,29,operations,operating,9666.666666666666,7677.934815689348
own:23,30,operations,operating,9666.666666666666,7617.1942391521125
own:23,31,operations,operating,9666.666666666666,7556.934184750926
own:23,32,operations,operating,9666.666666666666,7497.150851047994
own:23,33,operations,operating,9666.666666666666,7437.840466678913
own:23,34,operations,operating,9666.666666666666,7378.999290114757
own:23,35,operations,operating,9666.666666666666,7320.623609426046
own:23,36,operations,operating,9666.666666666666,7262.7097420485825
own:23,0,precommission,capital,0.0,0.0
own:23,1,precommission,operating,0.0,0.0
own:23,2,precommission,operating,0.0,0.0
own:23,3,precommission,operating,0.0,0.0
own:23,4,precommission,operating,0.0,0.0
own:23,5,precommission,operating,0.0,0.0
own:23,6,precommission,operating,0.0,0.0
own:23,7,precommission,operating,0.0,0.0
own:23,8,precommission,operating,0.0,0.0
own:23,9,precommission,operating,0.0,0.0
own:23,10,precommission,operating,0.0,0.0
own:23,11,precommission,operating,0.0,0.0
own:23,12,precommission,operating,0.0,0.0
own:23,13,precommission,operating,0.0,0.0
own:23,14,precommission,operating,0.0,0.0
own:23,15,precommission,operating,0.0,0.0
own:23,16,precommission,operating,0.0,0.0
own:23,17,precommission,operating,0.0,0.0
own:23,18,precommission,operating,0.0,0.0
own:23,19,precommission,operating,0.0,0.0
own:23,20,precommission,operating,0.0,0.0
own:23,21,precommission,operating,0.0,0.0
own:23,22,precommission,operating,0.0,0.0
own:23,23,precommission,operating,0.0,0.0
own:23,24,precommission,operating,0.0,0.0
own:23,25,precommission,operating,0.0,0.0
own:23,26,precommission,operating,0.0,0.0
own:23,27,precommission,operating,0.0,0.0
own:23,28,precommission,operating,0.0,0.0
own:23,29,precommission,operating,0.0,0.0
own:23,30,precommission,operating,0.0,0.0
own:23,31,precommission,operating,0.0,0.0
own:23,32,precommission,operating,0.0,0.0
own:23,33,precommission,operating,0.0,0.0
own:23,34,precommission,operating,0.0,0.0
own:23,35,precommission,operating,0.0,0.0
own:23,36,precommission,operating,0.0,0.0
own:23,0,electricity,capital,0.0,0.0
own:23,1,electricity,operating,0.0,0.0
own:23,2,electricity,operating,0.0,0.0
own:23,3,electricity,operating,0.0,0.0
own:23,4,electricity,operating,0.0,0.0
own:23,5,electricity,operating,0.0,0.0
own:23,6,electricity,operating,0.0,0.0
own:23,7,electricity,operating,8137.53199693245,7697.451766533021
own:23,8,electricity,operating,8429.43697881435,7910.491070656953
own:23,9,electricity,operating,8177.6072552016985,7613.454121825758
own:23,10,electricity,operating,8471.055134526961,7824.265953856437
own:23,11,electricity,operating,8492.020410199595,7781.579066796039
own:23,12,electricity,operating,8238.474689274768,7489.522444795243
own:23,13,electricity,operating,8534.265964811846,7697.046276477999
own:23,14,electricity,operating,8279.561898034748,7408.254461883574
own:23,15,electricity,operating,8576.935031109084,7613.6211709222525
own:23,16,electricity,operating,8598.42970626463,7572.3189484926115
own:23,17,electricity,operating,8063.900767389761,7045.398092837224
own:23,18,electricity,operating,8641.742014069929,7490.525196661393
own:23,19,electricity,operating,8384.091023361561,7209.706186422911
own:23,20,electricity,operating,8685.488527760981,7409.799256390129
own:23,21,electricity,operating,8426.63803587076,7132.095343384219
own:23,22,electricity,operating,8729.673600251785,7330.125603011442
own:23,23,electricity,operating,8751.93196825304,7290.678597348843
own:23,24,electricity,operating,8491.259640091264,7017.569950488648
own:23,25,electricity,operating,8796.783136234779,7212.554782941708
own:23,26,electricity,operating,8534.881017983178,6942.458941426857
own:23,27,electricity,operating,8842.08393717553,7135.4454724927755
own:23,28,electricity,operating,8864.904356861407,7097.266650183009
own:23,29,electricity,operating,8027.725438776774,6376.174410742681
own:23,30,electricity,operating,8910.888073038943,7021.651582311881
own:23,31,electricity,operating,8645.857271036262,6758.914589790133
own:23,32,electricity,operating,8957.332775971157,6947.014659775061
own:23,33,electricity,operating,8691.028490178402,6687.153455307751
own:23,34,electricity,operating,9004.243087050267,6873.341725589445
own:23,35,electricity,operating,9027.87430248552,6836.86238914202
own:23,36,electricity,operating,8759.635813546398,6581.24403722494
own:23,0,hosting,capital,0.0,0.0
own:23,1,hosting,operating,0.0,0.0
own:23,2,hosting,operating,0.0,0.0
own:23,3,hosting,operating,0.0,0.0
own:23,4,hosting,operating,0.0,0.0
own:23,5,hosting,operating,0.0,0.0
own:23,6,hosting,operating,0.0,0.0
own:23,7,hosting,operating,0.0,0.0
own:23,8,hosting,operating,0.0,0.0
own:23,9,hosting,operating,0.0,0.0
own:23,10,hosting,operating,0.0,0.0
own:23,11,hosting,operating,0.0,0.0
own:23,12,hosting,operating,0.0,0.0
own:23,13,hosting,operating,0.0,0.0
own:23,14,hosting,operating,0.0,0.0
own:23,15,hosting,operating,0.0,0.0
own:23,16,hosting,operating,0.0,0.0
own:23,17,hosting,operating,0.0,0.0
own:23,18,hosting,operating,0.0,0.0
own:23,19,hosting,operating,0.0,0.0
own:23,20,hosting,operating,0.0,0.0
own:23,21,hosting,operating,0.0,0.0
own:23,22,hosting,operating,0.0,0.0
own:23,23,hosting,operating,0.0,0.0
own:23,24,hosting,operating,0.0,0.0
own:23,25,hosting,operating,0.0,0.0
own:23,26,hosting,operating,0.0,0.0
own:23,27,hosting,operating,0.0,0.0
own:23,28,hosting,operating,0.0,0.0
own:23,29,hosting,operating,0.0,0.0
own:23,30,hosting,operating,0.0,0.0
own:23,31,hosting,operating,0.0,0.0
own:23,32,hosting,operating,0.0,0.0
own:23,33,hosting,operating,0.0,0.0
own:23,34,hosting,operating,0.0,0.0
own:23,35,hosting,operating,0.0,0.0
own:23,36,hosting,operating,0.0,0.0
own:23,0,exit,terminal,0.0,0.0
own:23,1,exit,terminal,0.0,0.0
own:23,2,exit,terminal,0.0,0.0
own:23,3,exit,terminal,0.0,0.0
own:23,4,exit,terminal,0.0,0.0
own:23,5,exit,terminal,0.0,0.0
own:23,6,exit,terminal,0.0,0.0
own:23,7,exit,terminal,0.0,0.0
own:23,8,exit,terminal,0.0,0.0
own:23,9,exit,terminal,0.0,0.0
own:23,10,exit,terminal,0.0,0.0
own:23,11,exit,terminal,0.0,0.0
own:23,12,exit,terminal,0.0,0.0
own:23,13,exit,terminal,0.0,0.0
own:23,14,exit,terminal,0.0,0.0
own:23,15,exit,terminal,0.0,0.0
own:23,16,exit,terminal,0.0,0.0
own:23,17,exit,terminal,0.0,0.0
own:23,18,exit,terminal,0.0,0.0
own:23,19,exit,terminal,0.0,0.0
own:23,20,exit,terminal,0.0,0.0
own:23,21,exit,terminal,0.0,0.0
own:23,22,exit,terminal,0.0,0.0
own:23,23,exit,terminal,0.0,0.0
own:23,24,exit,terminal,0.0,0.0
own:23,25,exit,terminal,0.0,0.0
own:23,26,exit,terminal,0.0,0.0
own:23,27,exit,terminal,0.0,0.0
own:23,28,exit,terminal,0.0,0.0
own:23,29,exit,terminal,0.0,0.0
own:23,30,exit,terminal,0.0,0.0
own:23,31,exit,terminal,0.0,0.0
own:23,32,exit,terminal,0.0,0.0
own:23,33,exit,terminal,0.0,0.0
own:23,34,exit,terminal,0.0,0.0
own:23,35,exit,terminal,0.0,0.0
own:23,36,exit,terminal,0.0,0.0
own:23,0,residual,terminal,0.0,0.0
own:23,1,residual,terminal,0.0,0.0
own:23,2,residual,terminal,0.0,0.0
own:23,3,residual,terminal,0.0,0.0
own:23,4,residual,terminal,0.0,0.0
own:23,5,residual,terminal,0.0,0.0
own:23,6,residual,terminal,0.0,0.0
own:23,7,residual,terminal,0.0,0.0
own:23,8,residual,terminal,0.0,0.0
own:23,9,residual,terminal,0.0,0.0
own:23,10,residual,terminal,0.0,0.0
own:23,11,residual,terminal,0.0,0.0
own:23,12,residual,terminal,0.0,0.0
own:23,13,residual,terminal,0.0,0.0
own:23,14,residual,terminal,0.0,0.0
own:23,15,residual,terminal,0.0,0.0
own:23,16,residual,terminal,0.0,0.0
own:23,17,residual,terminal,0.0,0.0
own:23,18,residual,terminal,0.0,0.0
own:23,19,residual,terminal,0.0,0.0
own:23,20,residual,terminal,0.0,0.0
own:23,21,residual,terminal,0.0,0.0
own:23,22,residual,terminal,0.0,0.0
own:23,23,residual,terminal,0.0,0.0
own:23,24,residual,terminal,0.0,0.0
own:23,25,residual,terminal,0.0,0.0
own:23,26,residual,terminal,0.0,0.0
own:23,27,residual,terminal,0.0,0.0
own:23,28,residual,terminal,0.0,0.0
own:23,29,residual,terminal,0.0,0.0
own:23,30,residual,terminal,0.0,0.0
own:23,31,residual,terminal,0.0,0.0
own:23,32,residual,terminal,0.0,0.0
own:23,33,residual,terminal,0.0,0.0
own:23,34,residual,terminal,0.0,0.0
own:23,35,residual,terminal,0.0,0.0
own:23,36,residual,terminal,0.0,0.0
own:24,0,on_demand,capital,0.0,0.0
own:24,1,on_demand,operating,204473.6,202855.99778680265
own:24,2,on_demand,operating,198144.0,195021.34402646002
own:24,3,on_demand,operating,204473.6,199659.08295083806
own:24,4,on_demand,operating,204473.6,198079.56865429203
own:24,5,on_demand,operating,184659.19999999998,177469.61108979152
own:24,6,on_demand,operating,204473.6,194957.92808836754
own:24,7,on_demand,operating,0.0,0.0
own:24,8,on_demand,operating,0.0,0.0
own:24,9,on_demand,operating,0.0,0.0
own:24,10,on_demand,operating,0.0,0.0
own:24,11,on_demand,operating,0.0,0.0
own:24,12,on_demand,operating,0.0,0.0
own:24,13,on_demand,operating,0.0,0.0
own:24,14,on_demand,operating,0.0,0.0
own:24,15,on_demand,operating,0.0,0.0
own:24,16,on_demand,operating,0.0,0.0
own:24,17,on_demand,operating,0.0,0.0
own:24,18,on_demand,operating,0.0,0.0
own:24,19,on_demand,operating,0.0,0.0
own:24,20,on_demand,operating,0.0,0.0
own:24,21,on_demand,operating,0.0,0.0
own:24,22,on_demand,operating,0.0,0.0
own:24,23,on_demand,operating,0.0,0.0
own:24,24,on_demand,operating,0.0,0.0
own:24,25,on_demand,operating,0.0,0.0
own:24,26,on_demand,operating,0.0,0.0
own:24,27,on_demand,operating,0.0,0.0
own:24,28,on_demand,operating,0.0,0.0
own:24,29,on_demand,operating,0.0,0.0
own:24,30,on_demand,operating,0.0,0.0
own:24,31,on_demand,operating,0.0,0.0
own:24,32,on_demand,operating,0.0,0.0
own:24,33,on_demand,operating,0.0,0.0
own:24,34,on_demand,operating,0.0,0.0
own:24,35,on_demand,operating,0.0,0.0
own:24,36,on_demand,operating,0.0,0.0
own:24,0,variable_service,capital,0.0,0.0
own:24,1,variable_service,operating,0.0,0.0
own:24,2,variable_service,operating,0.0,0.0
own:24,3,variable_service,operating,0.0,0.0
own:24,4,variable_service,operating,0.0,0.0
own:24,5,variable_service,operating,0.0,0.0
own:24,6,variable_service,operating,0.0,0.0
own:24,7,variable_service,operating,0.0,0.0
own:24,8,variable_service,operating,0.0,0.0
own:24,9,variable_service,operating,0.0,0.0
own:24,10,variable_service,operating,0.0,0.0
own:24,11,variable_service,operating,0.0,0.0
own:24,12,variable_service,operating,0.0,0.0
own:24,13,variable_service,operating,0.0,0.0
own:24,14,variable_service,operating,0.0,0.0
own:24,15,variable_service,operating,0.0,0.0
own:24,16,variable_service,operating,0.0,0.0
own:24,17,variable_service,operating,0.0,0.0
own:24,18,variable_service,operating,0.0,0.0
own:24,19,variable_service,operating,0.0,0.0
own:24,20,variable_service,operating,0.0,0.0
own:24,21,variable_service,operating,0.0,0.0
own:24,22,variable_service,operating,0.0,0.0
own:24,23,variable_service,operating,0.0,0.0
own:24,24,variable_service,operating,0.0,0.0
own:24,25,variable_service,operating,0.0,0.0
own:24,26,variable_service,operating,0.0,0.0
own:24,27,variable_service,operating,0.0,0.0
own:24,28,variable_service,operating,0.0,0.0
own:24,29,variable_service,operating,0.0,0.0
own:24,30,variable_service,operating,0.0,0.0
own:24,31,variable_service,operating,0.0,0.0
own:24,32,variable_service,operating,0.0,0.0
own:24,33,variable_service,operating,0.0,0.0
own:24,34,variable_service,operating,0.0,0.0
own:24,35,variable_service,operating,0.0,0.0
own:24,36,variable_service,operating,0.0,0.0
own:24,0,node_acquisition,capital,9600000.0,9600000.0
own:24,1,node_acquisition,operating,0.0,0.0
own:24,2,node_acquisition,operating,0.0,0.0
own:24,3,node_acquisition,operating,0.0,0.0
own:24,4,node_acquisition,operating,0.0,0.0
own:24,5,node_acquisition,operating,0.0,0.0
own:24,6,node_acquisition,operating,0.0,0.0
own:24,7,node_acquisition,operating,0.0,0.0
own:24,8,node_acquisition,operating,0.0,0.0
own:24,9,node_acquisition,operating,0.0,0.0
own:24,10,node_acquisition,operating,0.0,0.0
own:24,11,node_acquisition,operating,0.0,0.0
own:24,12,node_acquisition,operating,0.0,0.0
own:24,13,node_acquisition,operating,0.0,0.0
own:24,14,node_acquisition,operating,0.0,0.0
own:24,15,node_acquisition,operating,0.0,0.0
own:24,16,node_acquisition,operating,0.0,0.0
own:24,17,node_acquisition,operating,0.0,0.0
own:24,18,node_acquisition,operating,0.0,0.0
own:24,19,node_acquisition,operating,0.0,0.0
own:24,20,node_acquisition,operating,0.0,0.0
own:24,21,node_acquisition,operating,0.0,0.0
own:24,22,node_acquisition,operating,0.0,0.0
own:24,23,node_acquisition,operating,0.0,0.0
own:24,24,node_acquisition,operating,0.0,0.0
own:24,25,node_acquisition,operating,0.0,0.0
own:24,26,node_acquisition,operating,0.0,0.0
own:24,27,node_acquisition,operating,0.0,0.0
own:24,28,node_acquisition,operating,0.0,0.0
own:24,29,node_acquisition,operating,0.0,0.0
own:24,30,node_acquisition,operating,0.0,0.0
own:24,31,node_acquisition,operating,0.0,0.0
own:24,32,node_acquisition,operating,0.0,0.0
own:24,33,node_acquisition,operating,0.0,0.0
own:24,34,node_acquisition,operating,0.0,0.0
own:24,35,node_acquisition,operating,0.0,0.0
own:24,36,node_acquisition,operating,0.0,0.0
own:24,0,installation,capital,50000.0,50000.0
own:24,1,installation,operating,0.0,0.0
own:24,2,installation,operating,0.0,0.0
own:24,3,installation,operating,0.0,0.0
own:24,4,installation,operating,0.0,0.0
own:24,5,installation,operating,0.0,0.0
own:24,6,installation,operating,0.0,0.0
own:24,7,installation,operating,0.0,0.0
own:24,8,installation,operating,0.0,0.0
own:24,9,installation,operating,0.0,0.0
own:24,10,installation,operating,0.0,0.0
own:24,11,installation,operating,0.0,0.0
own:24,12,installation,operating,0.0,0.0
own:24,13,installation,operating,0.0,0.0
own:24,14,installation,operating,0.0,0.0
own:24,15,installation,operating,0.0,0.0
own:24,16,installation,operating,0.0,0.0
own:24,17,installation,operating,0.0,0.0
own:24,18,installation,operating,0.0,0.0
own:24,19,installation,operating,0.0,0.0
own:24,20,installation,operating,0.0,0.0
own:24,21,installation,operating,0.0,0.0
own:24,22,installation,operating,0.0,0.0
own:24,23,installation,operating,0.0,0.0
own:24,24,installation,operating,0.0,0.0
own:24,25,installation,operating,0.0,0.0
own:24,26,installation,operating,0.0,0.0
own:24,27,installation,operating,0.0,0.0
own:24,28,installation,operating,0.0,0.0
own:24,29,installation,operating,0.0,0.0
own:24,30,installation,operating,0.0,0.0
own:24,31,installation,operating,0.0,0.0
own:24,32,installation,operating,0.0,0.0
own:24,33,installation,operating,0.0,0.0
own:24,34,installation,operating,0.0,0.0
own:24,35,installation,operating,0.0,0.0
own:24,36,installation,operating,0.0,0.0
own:24,0,network,capital,0.0,0.0
own:24,1,network,operating,0.0,0.0
own:24,2,network,operating,0.0,0.0
own:24,3,network,operating,0.0,0.0
own:24,4,network,operating,0.0,0.0
own:24,5,network,operating,0.0,0.0
own:24,6,network,operating,0.0,0.0
own:24,7,network,operating,0.0,0.0
own:24,8,network,operating,0.0,0.0
own:24,9,network,operating,0.0,0.0
own:24,10,network,operating,0.0,0.0
own:24,11,network,operating,0.0,0.0
own:24,12,network,operating,0.0,0.0
own:24,13,network,operating,0.0,0.0
own:24,14,network,operating,0.0,0.0
own:24,15,network,operating,0.0,0.0
own:24,16,network,operating,0.0,0.0
own:24,17,network,operating,0.0,0.0
own:24,18,network,operating,0.0,0.0
own:24,19,network,operating,0.0,0.0
own:24,20,network,operating,0.0,0.0
own:24,21,network,operating,0.0,0.0
own:24,22,network,operating,0.0,0.0
own:24,23,network,operating,0.0,0.0
own:24,24,network,operating,0.0,0.0
own:24,25,network,operating,0.0,0.0
own:24,26,network,operating,0.0,0.0
own:24,27,network,operating,0.0,0.0
own:24,28,network,operating,0.0,0.0
own:24,29,network,operating,0.0,0.0
own:24,30,network,operating,0.0,0.0
own:24,31,network,operating,0.0,0.0
own:24,32,network,operating,0.0,0.0
own:24,33,network,operating,0.0,0.0
own:24,34,network,operating,0.0,0.0
own:24,35,network,operating,0.0,0.0
own:24,36,network,operating,0.0,0.0
own:24,0,storage,capital,0.0,0.0
own:24,1,storage,operating,0.0,0.0
own:24,2,storage,operating,0.0,0.0
own:24,3,storage,operating,0.0,0.0
own:24,4,storage,operating,0.0,0.0
own:24,5,storage,operating,0.0,0.0
own:24,6,storage,operating,0.0,0.0
own:24,7,storage,operating,0.0,0.0
own:24,8,storage,operating,0.0,0.0
own:24,9,storage,operating,0.0,0.0
own:24,10,storage,operating,0.0,0.0
own:24,11,storage,operating,0.0,0.0
own:24,12,storage,operating,0.0,0.0
own:24,13,storage,operating,0.0,0.0
own:24,14,storage,operating,0.0,0.0
own:24,15,storage,operating,0.0,0.0
own:24,16,storage,operating,0.0,0.0
own:24,17,storage,operating,0.0,0.0
own:24,18,storage,operating,0.0,0.0
own:24,19,storage,operating,0.0,0.0
own:24,20,storage,operating,0.0,0.0
own:24,21,storage,operating,0.0,0.0
own:24,22,storage,operating,0.0,0.0
own:24,23,storage,operating,0.0,0.0
own:24,24,storage,operating,0.0,0.0
own:24,25,storage,operating,0.0,0.0
own:24,26,storage,operating,0.0,0.0
own:24,27,storage,operating,0.0,0.0
own:24,28,storage,operating,0.0,0.0
own:24,29,storage,operating,0.0,0.0
own:24,30,storage,operating,0.0,0.0
own:24,31,storage,operating,0.0,0.0
own:24,32,storage,operating,0.0,0.0
own:24,33,storage,operating,0.0,0.0
own:24,34,storage,operating,0.0,0.0
own:24,35,storage,operating,0.0,0.0
own:24,36,storage,operating,0.0,0.0
own:24,0,operations,capital,0.0,0.0
own:24,1,operations,operating,0.0,0.0
own:24,2,operations,operating,0.0,0.0
own:24,3,operations,operating,0.0,0.0
own:24,4,operations,operating,0.0,0.0
own:24,5,operations,operating,0.0,0.0
own:24,6,operations,operating,0.0,0.0
own:24,7,operations,operating,10000.0,9459.19692780892
own:24,8,operations,operating,10000.0,9384.364685966973
own:24,9,operations,operating,10000.0,9310.124446222228
own:24,10,operations,operating,10000.0,9236.471525212612
own:24,11,operations,operating,10000.0,9163.401276626397
own:24,12,operations,operating,10000.0,9090.90909090909
own:24,13,operations,operating,10000.0,9018.990394972645
own:24,14,operations,operating,10000.0,8947.64065190697
own:24,15,operations,operating,10000.0,8876.855360693731
own:24,16,operations,operating,10000.0,8806.630055922402
own:24,17,operations,operating,10000.0,8736.96030750857
own:24,18,operations,operating,10000.0,8667.841720414473
own:24,19,operations,operating,10000.0,8599.269934371745
own:24,20,operations,operating,10000.0,8531.240623606338
own:24,21,operations,operating,10000.0,8463.74949656566
own:24,22,operations,operating,10000.0,8396.792295647829
own:24,23,operations,operating,10000.0,8330.364796933087
own:24,24,operations,operating,10000.0,8264.462809917355
own:24,25,operations,operating,10000.0,8199.082177247858
own:24,26,operations,operating,10000.0,8134.218774460882
own:24,27,operations,operating,10000.0,8069.868509721573
own:24,28,operations,operating,10000.0,8006.027323565819
own:24,29,operations,operating,10000.0,7942.691188644154
own:24,30,operations,operating,10000.0,7879.856109467703
own:24,31,operations,operating,10000.0,7817.518122156131
own:24,32,operations,operating,10000.0,7755.673294187581
own:24,33,operations,operating,10000.0,7694.3177241506
own:24,34,operations,operating,10000.0,7633.447541498025
own:24,35,operations,operating,10000.0,7573.0589063028065
own:24,36,operations,operating,10000.0,7513.148009015776
own:24,0,precommission,capital,0.0,0.0
own:24,1,precommission,operating,0.0,0.0
own:24,2,precommission,operating,0.0,0.0
own:24,3,precommission,operating,0.0,0.0
own:24,4,precommission,operating,0.0,0.0
own:24,5,precommission,operating,0.0,0.0
own:24,6,precommission,operating,0.0,0.0
own:24,7,precommission,operating,0.0,0.0
own:24,8,precommission,operating,0.0,0.0
own:24,9,precommission,operating,0.0,0.0
own:24,10,precommission,operating,0.0,0.0
own:24,11,precommission,operating,0.0,0.0
own:24,12,precommission,operating,0.0,0.0
own:24,13,precommission,operating,0.0,0.0
own:24,14,precommission,operating,0.0,0.0
own:24,15,precommission,operating,0.0,0.0
own:24,16,precommission,operating,0.0,0.0
own:24,17,precommission,operating,0.0,0.0
own:24,18,precommission,operating,0.0,0.0
own:24,19,precommission,operating,0.0,0.0
own:24,20,precommission,operating,0.0,0.0
own:24,21,precommission,operating,0.0,0.0
own:24,22,precommission,operating,0.0,0.0
own:24,23,precommission,operating,0.0,0.0
own:24,24,precommission,operating,0.0,0.0
own:24,25,precommission,operating,0.0,0.0
own:24,26,precommission,operating,0.0,0.0
own:24,27,precommission,operating,0.0,0.0
own:24,28,precommission,operating,0.0,0.0
own:24,29,precommission,operating,0.0,0.0
own:24,30,precommission,operating,0.0,0.0
own:24,31,precommission,operating,0.0,0.0
own:24,32,precommission,operating,0.0,0.0
own:24,33,precommission,operating,0.0,0.0
own:24,34,precommission,operating,0.0,0.0
own:24,35,precommission,operating,0.0,0.0
own:24,36,precommission,operating,0.0,0.0
own:24,0,electricity,capital,0.0,0.0
own:24,1,electricity,operating,0.0,0.0
own:24,2,electricity,operating,0.0,0.0
own:24,3,electricity,operating,0.0,0.0
own:24,4,electricity,operating,0.0,0.0
own:24,5,electricity,operating,0.0,0.0
own:24,6,electricity,operating,0.0,0.0
own:24,7,electricity,operating,8317.53199693245,7867.717311233582
own:24,8,electricity,operating,8615.43697881435,8085.040253815939
own:24,9,electricity,operating,8357.607255201698,7781.036361857758
own:24,10,electricity,operating,8657.055134526961,7996.064324225392
own:24,11,electricity,operating,8678.020410199595,7952.01833054129
own:24,12,electricity,operating,8418.474689274768,7653.158808431607
own:24,13,electricity,operating,8720.265964811846,7864.799497824491
own:24,14,electricity,operating,8459.561898034748,7569.311993617899
own:24,15,electricity,operating,8762.935031109084,7778.730680631156
own:24,16,electricity,operating,8784.42970626463,7736.122267532768
own:24,17,electricity,operating,8237.900767389761,7197.421202187873
own:24,18,electricity,operating,8827.742014069929,7651.747052661102
own:24,19,electricity,operating,8564.091023361561,7364.493045241602
own:24,20,electricity,operating,8871.488527760981,7568.480331989207
own:24,21,electricity,operating,8606.63803587076,7284.442834322401
own:24,22,electricity,operating,8915.673600251785,7486.305939710492
own:24,23,electricity,operating,8937.93196825304,7445.623382571799
own:24,24,electricity,operating,8671.259640091264,7166.33028106716
own:24,25,electricity,operating,8982.783136234779,7365.057711438519
own:24,26,electricity,operating,8714.881017983178,7088.874879367153
own:24,27,electricity,operating,9028.08393717553,7285.545026773596
own:24,28,electricity,operating,9050.904356861407,7246.178758401334
own:24,29,electricity,operating,8195.725438776775,6509.611622711904
own:24,30,electricity,operating,9096.888073038943,7168.216905947979
own:24,31,electricity,operating,8825.857271036262,6899.629915988943
own:24,32,electricity,operating,9143.332775971157,7091.2701830469505
own:24,33,electricity,operating,8871.028490178402,6825.651174342462
own:24,34,electricity,operating,9190.243087050267,7015.323849861308
own:24,35,electricity,operating,9213.87430248552,6977.721284799252
own:24,36,electricity,operating,8939.635813546398,6716.480701387224
own:24,0,hosting,capital,0.0,0.0
own:24,1,hosting,operating,0.0,0.0
own:24,2,hosting,operating,0.0,0.0
own:24,3,hosting,operating,0.0,0.0
own:24,4,hosting,operating,0.0,0.0
own:24,5,hosting,operating,0.0,0.0
own:24,6,hosting,operating,0.0,0.0
own:24,7,hosting,operating,0.0,0.0
own:24,8,hosting,operating,0.0,0.0
own:24,9,hosting,operating,0.0,0.0
own:24,10,hosting,operating,0.0,0.0
own:24,11,hosting,operating,0.0,0.0
own:24,12,hosting,operating,0.0,0.0
own:24,13,hosting,operating,0.0,0.0
own:24,14,hosting,operating,0.0,0.0
own:24,15,hosting,operating,0.0,0.0
own:24,16,hosting,operating,0.0,0.0
own:24,17,hosting,operating,0.0,0.0
own:24,18,hosting,operating,0.0,0.0
own:24,19,hosting,operating,0.0,0.0
own:24,20,hosting,operating,0.0,0.0
own:24,21,hosting,operating,0.0,0.0
own:24,22,hosting,operating,0.0,0.0
own:24,23,hosting,operating,0.0,0.0
own:24,24,hosting,operating,0.0,0.0
own:24,25,hosting,operating,0.0,0.0
own:24,26,hosting,operating,0.0,0.0
own:24,27,hosting,operating,0.0,0.0
own:24,28,hosting,operating,0.0,0.0
own:24,29,hosting,operating,0.0,0.0
own:24,30,hosting,operating,0.0,0.0
own:24,31,hosting,operating,0.0,0.0
own:24,32,hosting,operating,0.0,0.0
own:24,33,hosting,operating,0.0,0.0
own:24,34,hosting,operating,0.0,0.0
own:24,35,hosting,operating,0.0,0.0
own:24,36,hosting,operating,0.0,0.0
own:24,0,exit,terminal,0.0,0.0
own:24,1,exit,terminal,0.0,0.0
own:24,2,exit,terminal,0.0,0.0
own:24,3,exit,terminal,0.0,0.0
own:24,4,exit,terminal,0.0,0.0
own:24,5,exit,terminal,0.0,0.0
own:24,6,exit,terminal,0.0,0.0
own:24,7,exit,terminal,0.0,0.0
own:24,8,exit,terminal,0.0,0.0
own:24,9,exit,terminal,0.0,0.0
own:24,10,exit,terminal,0.0,0.0
own:24,11,exit,terminal,0.0,0.0
own:24,12,exit,terminal,0.0,0.0
own:24,13,exit,terminal,0.0,0.0
own:24,14,exit,terminal,0.0,0.0
own:24,15,exit,terminal,0.0,0.0
own:24,16,exit,terminal,0.0,0.0
own:24,17,exit,terminal,0.0,0.0
own:24,18,exit,terminal,0.0,0.0
own:24,19,exit,terminal,0.0,0.0
own:24,20,exit,terminal,0.0,0.0
own:24,21,exit,terminal,0.0,0.0
own:24,22,exit,terminal,0.0,0.0
own:24,23,exit,terminal,0.0,0.0
own:24,24,exit,terminal,0.0,0.0
own:24,25,exit,terminal,0.0,0.0
own:24,26,exit,terminal,0.0,0.0
own:24,27,exit,terminal,0.0,0.0
own:24,28,exit,terminal,0.0,0.0
own:24,29,exit,terminal,0.0,0.0
own:24,30,exit,terminal,0.0,0.0
own:24,31,exit,terminal,0.0,0.0
own:24,32,exit,terminal,0.0,0.0
own:24,33,exit,terminal,0.0,0.0
own:24,34,exit,terminal,0.0,0.0
own:24,35,exit,terminal,0.0,0.0
own:24,36,exit,terminal,0.0,0.0
own:24,0,residual,terminal,0.0,0.0
own:24,1,residual,terminal,0.0,0.0
own:24,2,residual,terminal,0.0,0.0
own:24,3,residual,terminal,0.0,0.0
own:24,4,residual,terminal,0.0,0.0
own:24,5,residual,terminal,0.0,0.0
own:24,6,residual,terminal,0.0,0.0
own:24,7,residual,terminal,0.0,0.0
own:24,8,residual,terminal,0.0,0.0
own:24,9,residual,terminal,0.0,0.0
own:24,10,residual,terminal,0.0,0.0
own:24,11,residual,terminal,0.0,0.0
own:24,12,residual,terminal,0.0,0.0
own:24,13,residual,terminal,0.0,0.0
own:24,14,residual,terminal,0.0,0.0
own:24,15,residual,terminal,0.0,0.0
own:24,16,residual,terminal,0.0,0.0
own:24,17,residual,terminal,0.0,0.0
own:24,18,residual,terminal,0.0,0.0
own:24,19,residual,terminal,0.0,0.0
own:24,20,residual,terminal,0.0,0.0
own:24,21,residual,terminal,0.0,0.0
own:24,22,residual,terminal,0.0,0.0
own:24,23,residual,terminal,0.0,0.0
own:24,24,residual,terminal,0.0,0.0
own:24,25,residual,terminal,0.0,0.0
own:24,26,residual,terminal,0.0,0.0
own:24,27,residual,terminal,0.0,0.0
own:24,28,residual,terminal,0.0,0.0
own:24,29,residual,terminal,0.0,0.0
own:24,30,residual,terminal,0.0,0.0
own:24,31,residual,terminal,0.0,0.0
own:24,32,residual,terminal,0.0,0.0
own:24,33,residual,terminal,0.0,0.0
own:24,34,residual,terminal,0.0,0.0
own:24,35,residual,terminal,0.0,0.0
own:24,36,residual,terminal,0.0,0.0
own:25,0,on_demand,capital,0.0,0.0
own:25,1,on_demand,operating,204473.6,202855.99778680265
own:25,2,on_demand,operating,198144.0,195021.34402646002
own:25,3,on_demand,operating,204473.6,199659.08295083806
own:25,4,on_demand,operating,204473.6,198079.56865429203
own:25,5,on_demand,operating,184659.19999999998,177469.61108979152
own:25,6,on_demand,operating,204473.6,194957.92808836754
own:25,7,on_demand,operating,0.0,0.0
own:25,8,on_demand,operating,0.0,0.0
own:25,9,on_demand,operating,0.0,0.0
own:25,10,on_demand,operating,0.0,0.0
own:25,11,on_demand,operating,0.0,0.0
own:25,12,on_demand,operating,0.0,0.0
own:25,13,on_demand,operating,0.0,0.0
own:25,14,on_demand,operating,0.0,0.0
own:25,15,on_demand,operating,0.0,0.0
own:25,16,on_demand,operating,0.0,0.0
own:25,17,on_demand,operating,0.0,0.0
own:25,18,on_demand,operating,0.0,0.0
own:25,19,on_demand,operating,0.0,0.0
own:25,20,on_demand,operating,0.0,0.0
own:25,21,on_demand,operating,0.0,0.0
own:25,22,on_demand,operating,0.0,0.0
own:25,23,on_demand,operating,0.0,0.0
own:25,24,on_demand,operating,0.0,0.0
own:25,25,on_demand,operating,0.0,0.0
own:25,26,on_demand,operating,0.0,0.0
own:25,27,on_demand,operating,0.0,0.0
own:25,28,on_demand,operating,0.0,0.0
own:25,29,on_demand,operating,0.0,0.0
own:25,30,on_demand,operating,0.0,0.0
own:25,31,on_demand,operating,0.0,0.0
own:25,32,on_demand,operating,0.0,0.0
own:25,33,on_demand,operating,0.0,0.0
own:25,34,on_demand,operating,0.0,0.0
own:25,35,on_demand,operating,0.0,0.0
own:25,36,on_demand,operating,0.0,0.0
own:25,0,variable_service,capital,0.0,0.0
own:25,1,variable_service,operating,0.0,0.0
own:25,2,variable_service,operating,0.0,0.0
own:25,3,variable_service,operating,0.0,0.0
own:25,4,variable_service,operating,0.0,0.0
own:25,5,variable_service,operating,0.0,0.0
own:25,6,variable_service,operating,0.0,0.0
own:25,7,variable_service,operating,0.0,0.0
own:25,8,variable_service,operating,0.0,0.0
own:25,9,variable_service,operating,0.0,0.0
own:25,10,variable_service,operating,0.0,0.0
own:25,11,variable_service,operating,0.0,0.0
own:25,12,variable_service,operating,0.0,0.0
own:25,13,variable_service,operating,0.0,0.0
own:25,14,variable_service,operating,0.0,0.0
own:25,15,variable_service,operating,0.0,0.0
own:25,16,variable_service,operating,0.0,0.0
own:25,17,variable_service,operating,0.0,0.0
own:25,18,variable_service,operating,0.0,0.0
own:25,19,variable_service,operating,0.0,0.0
own:25,20,variable_service,operating,0.0,0.0
own:25,21,variable_service,operating,0.0,0.0
own:25,22,variable_service,operating,0.0,0.0
own:25,23,variable_service,operating,0.0,0.0
own:25,24,variable_service,operating,0.0,0.0
own:25,25,variable_service,operating,0.0,0.0
own:25,26,variable_service,operating,0.0,0.0
own:25,27,variable_service,operating,0.0,0.0
own:25,28,variable_service,operating,0.0,0.0
own:25,29,variable_service,operating,0.0,0.0
own:25,30,variable_service,operating,0.0,0.0
own:25,31,variable_service,operating,0.0,0.0
own:25,32,variable_service,operating,0.0,0.0
own:25,33,variable_service,operating,0.0,0.0
own:25,34,variable_service,operating,0.0,0.0
own:25,35,variable_service,operating,0.0,0.0
own:25,36,variable_service,operating,0.0,0.0
own:25,0,node_acquisition,capital,10000000.0,10000000.0
own:25,1,node_acquisition,operating,0.0,0.0
own:25,2,node_acquisition,operating,0.0,0.0
own:25,3,node_acquisition,operating,0.0,0.0
own:25,4,node_acquisition,operating,0.0,0.0
own:25,5,node_acquisition,operating,0.0,0.0
own:25,6,node_acquisition,operating,0.0,0.0
own:25,7,node_acquisition,operating,0.0,0.0
own:25,8,node_acquisition,operating,0.0,0.0
own:25,9,node_acquisition,operating,0.0,0.0
own:25,10,node_acquisition,operating,0.0,0.0
own:25,11,node_acquisition,operating,0.0,0.0
own:25,12,node_acquisition,operating,0.0,0.0
own:25,13,node_acquisition,operating,0.0,0.0
own:25,14,node_acquisition,operating,0.0,0.0
own:25,15,node_acquisition,operating,0.0,0.0
own:25,16,node_acquisition,operating,0.0,0.0
own:25,17,node_acquisition,operating,0.0,0.0
own:25,18,node_acquisition,operating,0.0,0.0
own:25,19,node_acquisition,operating,0.0,0.0
own:25,20,node_acquisition,operating,0.0,0.0
own:25,21,node_acquisition,operating,0.0,0.0
own:25,22,node_acquisition,operating,0.0,0.0
own:25,23,node_acquisition,operating,0.0,0.0
own:25,24,node_acquisition,operating,0.0,0.0
own:25,25,node_acquisition,operating,0.0,0.0
own:25,26,node_acquisition,operating,0.0,0.0
own:25,27,node_acquisition,operating,0.0,0.0
own:25,28,node_acquisition,operating,0.0,0.0
own:25,29,node_acquisition,operating,0.0,0.0
own:25,30,node_acquisition,operating,0.0,0.0
own:25,31,node_acquisition,operating,0.0,0.0
own:25,32,node_acquisition,operating,0.0,0.0
own:25,33,node_acquisition,operating,0.0,0.0
own:25,34,node_acquisition,operating,0.0,0.0
own:25,35,node_acquisition,operating,0.0,0.0
own:25,36,node_acquisition,operating,0.0,0.0
own:25,0,installation,capital,50000.0,50000.0
own:25,1,installation,operating,0.0,0.0
own:25,2,installation,operating,0.0,0.0
own:25,3,installation,operating,0.0,0.0
own:25,4,installation,operating,0.0,0.0
own:25,5,installation,operating,0.0,0.0
own:25,6,installation,operating,0.0,0.0
own:25,7,installation,operating,0.0,0.0
own:25,8,installation,operating,0.0,0.0
own:25,9,installation,operating,0.0,0.0
own:25,10,installation,operating,0.0,0.0
own:25,11,installation,operating,0.0,0.0
own:25,12,installation,operating,0.0,0.0
own:25,13,installation,operating,0.0,0.0
own:25,14,installation,operating,0.0,0.0
own:25,15,installation,operating,0.0,0.0
own:25,16,installation,operating,0.0,0.0
own:25,17,installation,operating,0.0,0.0
own:25,18,installation,operating,0.0,0.0
own:25,19,installation,operating,0.0,0.0
own:25,20,installation,operating,0.0,0.0
own:25,21,installation,operating,0.0,0.0
own:25,22,installation,operating,0.0,0.0
own:25,23,installation,operating,0.0,0.0
own:25,24,installation,operating,0.0,0.0
own:25,25,installation,operating,0.0,0.0
own:25,26,installation,operating,0.0,0.0
own:25,27,installation,operating,0.0,0.0
own:25,28,installation,operating,0.0,0.0
own:25,29,installation,operating,0.0,0.0
own:25,30,installation,operating,0.0,0.0
own:25,31,installation,operating,0.0,0.0
own:25,32,installation,operating,0.0,0.0
own:25,33,installation,operating,0.0,0.0
own:25,34,installation,operating,0.0,0.0
own:25,35,installation,operating,0.0,0.0
own:25,36,installation,operating,0.0,0.0
own:25,0,network,capital,0.0,0.0
own:25,1,network,operating,0.0,0.0
own:25,2,network,operating,0.0,0.0
own:25,3,network,operating,0.0,0.0
own:25,4,network,operating,0.0,0.0
own:25,5,network,operating,0.0,0.0
own:25,6,network,operating,0.0,0.0
own:25,7,network,operating,0.0,0.0
own:25,8,network,operating,0.0,0.0
own:25,9,network,operating,0.0,0.0
own:25,10,network,operating,0.0,0.0
own:25,11,network,operating,0.0,0.0
own:25,12,network,operating,0.0,0.0
own:25,13,network,operating,0.0,0.0
own:25,14,network,operating,0.0,0.0
own:25,15,network,operating,0.0,0.0
own:25,16,network,operating,0.0,0.0
own:25,17,network,operating,0.0,0.0
own:25,18,network,operating,0.0,0.0
own:25,19,network,operating,0.0,0.0
own:25,20,network,operating,0.0,0.0
own:25,21,network,operating,0.0,0.0
own:25,22,network,operating,0.0,0.0
own:25,23,network,operating,0.0,0.0
own:25,24,network,operating,0.0,0.0
own:25,25,network,operating,0.0,0.0
own:25,26,network,operating,0.0,0.0
own:25,27,network,operating,0.0,0.0
own:25,28,network,operating,0.0,0.0
own:25,29,network,operating,0.0,0.0
own:25,30,network,operating,0.0,0.0
own:25,31,network,operating,0.0,0.0
own:25,32,network,operating,0.0,0.0
own:25,33,network,operating,0.0,0.0
own:25,34,network,operating,0.0,0.0
own:25,35,network,operating,0.0,0.0
own:25,36,network,operating,0.0,0.0
own:25,0,storage,capital,0.0,0.0
own:25,1,storage,operating,0.0,0.0
own:25,2,storage,operating,0.0,0.0
own:25,3,storage,operating,0.0,0.0
own:25,4,storage,operating,0.0,0.0
own:25,5,storage,operating,0.0,0.0
own:25,6,storage,operating,0.0,0.0
own:25,7,storage,operating,0.0,0.0
own:25,8,storage,operating,0.0,0.0
own:25,9,storage,operating,0.0,0.0
own:25,10,storage,operating,0.0,0.0
own:25,11,storage,operating,0.0,0.0
own:25,12,storage,operating,0.0,0.0
own:25,13,storage,operating,0.0,0.0
own:25,14,storage,operating,0.0,0.0
own:25,15,storage,operating,0.0,0.0
own:25,16,storage,operating,0.0,0.0
own:25,17,storage,operating,0.0,0.0
own:25,18,storage,operating,0.0,0.0
own:25,19,storage,operating,0.0,0.0
own:25,20,storage,operating,0.0,0.0
own:25,21,storage,operating,0.0,0.0
own:25,22,storage,operating,0.0,0.0
own:25,23,storage,operating,0.0,0.0
own:25,24,storage,operating,0.0,0.0
own:25,25,storage,operating,0.0,0.0
own:25,26,storage,operating,0.0,0.0
own:25,27,storage,operating,0.0,0.0
own:25,28,storage,operating,0.0,0.0
own:25,29,storage,operating,0.0,0.0
own:25,30,storage,operating,0.0,0.0
own:25,31,storage,operating,0.0,0.0
own:25,32,storage,operating,0.0,0.0
own:25,33,storage,operating,0.0,0.0
own:25,34,storage,operating,0.0,0.0
own:25,35,storage,operating,0.0,0.0
own:25,36,storage,operating,0.0,0.0
own:25,0,operations,capital,0.0,0.0
own:25,1,operations,operating,0.0,0.0
own:25,2,operations,operating,0.0,0.0
own:25,3,operations,operating,0.0,0.0
own:25,4,operations,operating,0.0,0.0
own:25,5,operations,operating,0.0,0.0
own:25,6,operations,operating,0.0,0.0
own:25,7,operations,operating,10333.333333333334,9774.503492069218
own:25,8,operations,operating,10333.333333333334,9697.176842165874
own:25,9,operations,operating,10333.333333333334,9620.46192776297
own:25,10,operations,operating,10333.333333333334,9544.353909386366
own:25,11,operations,operating,10333.333333333334,9468.847985847278
own:25,12,operations,operating,10333.333333333334,9393.939393939394
own:25,13,operations,operating,10333.333333333334,9319.623408138401
own:25,14,operations,operating,10333.333333333334,9245.895340303869
own:25,15,operations,operating,10333.333333333334,9172.750539383524
own:25,16,operations,operating,10333.333333333334,9100.184391119816
own:25,17,operations,operating,10333.333333333334,9028.192317758856
own:25,18,operations,operating,10333.333333333334,8956.769777761623
own:25,19,operations,operating,10333.333333333334,8885.91226551747
own:25,20,operations,operating,10333.333333333334,8815.615311059884
own:25,21,operations,operating,10333.333333333334,8745.874479784517
own:25,22,operations,operating,10333.333333333334,8676.685372169422
own:25,23,operations,operating,10333.333333333334,8608.043623497524
own:25,24,operations,operating,10333.333333333334,8539.944903581267
own:25,25,operations,operating,10333.333333333334,8472.384916489453
own:25,26,operations,operating,10333.333333333334,8405.359400276246
own:25,27,operations,operating,10333.333333333334,8338.864126712293
own:25,28,operations,operating,10333.333333333334,8272.894901018013
own:25,29,operations,operating,10333.333333333334,8207.44756159896
own:25,30,operations,operating,10333.333333333334,8142.517979783294
own:25,31,operations,operating,10333.333333333334,8078.102059561335
own:25,32,operations,operating,10333.333333333334,8014.195737327167
own:25,33,operations,operating,10333.333333333334,7950.794981622287
own:25,34,operations,operating,10333.333333333334,7887.895792881293
own:25,35,operations,operating,10333.333333333334,7825.494203179567
own:25,36,operations,operating,10333.333333333334,7763.586275982969
own:25,0,precommission,capital,0.0,0.0
own:25,1,precommission,operating,0.0,0.0
own:25,2,precommission,operating,0.0,0.0
own:25,3,precommission,operating,0.0,0.0
own:25,4,precommission,operating,0.0,0.0
own:25,5,precommission,operating,0.0,0.0
own:25,6,precommission,operating,0.0,0.0
own:25,7,precommission,operating,0.0,0.0
own:25,8,precommission,operating,0.0,0.0
own:25,9,precommission,operating,0.0,0.0
own:25,10,precommission,operating,0.0,0.0
own:25,11,precommission,operating,0.0,0.0
own:25,12,precommission,operating,0.0,0.0
own:25,13,precommission,operating,0.0,0.0
own:25,14,precommission,operating,0.0,0.0
own:25,15,precommission,operating,0.0,0.0
own:25,16,precommission,operating,0.0,0.0
own:25,17,precommission,operating,0.0,0.0
own:25,18,precommission,operating,0.0,0.0
own:25,19,precommission,operating,0.0,0.0
own:25,20,precommission,operating,0.0,0.0
own:25,21,precommission,operating,0.0,0.0
own:25,22,precommission,operating,0.0,0.0
own:25,23,precommission,operating,0.0,0.0
own:25,24,precommission,operating,0.0,0.0
own:25,25,precommission,operating,0.0,0.0
own:25,26,precommission,operating,0.0,0.0
own:25,27,precommission,operating,0.0,0.0
own:25,28,precommission,operating,0.0,0.0
own:25,29,precommission,operating,0.0,0.0
own:25,30,precommission,operating,0.0,0.0
own:25,31,precommission,operating,0.0,0.0
own:25,32,precommission,operating,0.0,0.0
own:25,33,precommission,operating,0.0,0.0
own:25,34,precommission,operating,0.0,0.0
own:25,35,precommission,operating,0.0,0.0
own:25,36,precommission,operating,0.0,0.0
own:25,0,electricity,capital,0.0,0.0
own:25,1,electricity,operating,0.0,0.0
own:25,2,electricity,operating,0.0,0.0
own:25,3,electricity,operating,0.0,0.0
own:25,4,electricity,operating,0.0,0.0
own:25,5,electricity,operating,0.0,0.0
own:25,6,electricity,operating,0.0,0.0
own:25,7,electricity,operating,8497.53199693245,8037.982855934142
own:25,8,electricity,operating,8801.43697881435,8259.589436974924
own:25,9,electricity,operating,8537.607255201698,7948.618601889758
own:25,10,electricity,operating,8843.055134526961,8167.862694594346
own:25,11,electricity,operating,8864.020410199595,8122.457594286541
own:25,12,electricity,operating,8598.474689274768,7816.79517206797
own:25,13,electricity,operating,8906.265964811846,8032.552719170982
own:25,14,electricity,operating,8639.561898034748,7730.369525352225
own:25,15,electricity,operating,8948.935031109084,7943.84019034006
own:25,16,electricity,operating,8970.42970626463,7899.925586572925
own:25,17,electricity,operating,8411.900767389761,7349.444311538523
own:25,18,electricity,operating,9013.742014069929,7812.968908660812
own:25,19,electricity,operating,8744.091023361561,7519.279904060294
own:25,20,electricity,operating,9057.488527760981,7727.161407588285
own:25,21,electricity,operating,8786.63803587076,7436.790325260583
own:25,22,electricity,operating,9101.673600251785,7642.4862764095415
own:25,23,electricity,operating,9123.93196825304,7600.568167794754
own:25,24,electricity,operating,8851.259640091264,7315.090611645673
own:25,25,electricity,operating,9168.783136234779,7517.560639935329
own:25,26,electricity,operating,8894.881017983178,7235.290817307448
own:25,27,electricity,operating,9214.08393717553,7435.644581054417
own:25,28,electricity,operating,9236.904356861407,7395.090866619658
own:25,29,electricity,operating,8363.725438776775,6643.048834681125
own:25,30,electricity,operating,9282.888073038943,7314.782229584079
own:25,31,electricity,operating,9005.857271036262,7040.345242187754
own:25,32,electricity,operating,9329.332775971157,7235.525706318839
own:25,33,electricity,operating,9051.028490178402,6964.1488933771725
own:25,34,electricity,operating,9376.243087050267,7157.305974133171
own:25,35,electricity,operating,9399.87430248552,7118.580180456484
own:25,36,electricity,operating,9119.635813546398,6851.717365549508
own:25,0,hosting,capital,0.0,0.0
own:25,1,hosting,operating,0.0,0.0
own:25,2,hosting,operating,0.0,0.0
own:25,3,hosting,operating,0.0,0.0
own:25,4,hosting,operating,0.0,0.0
own:25,5,hosting,operating,0.0,0.0
own:25,6,hosting,operating,0.0,0.0
own:25,7,hosting,operating,0.0,0.0
own:25,8,hosting,operating,0.0,0.0
own:25,9,hosting,operating,0.0,0.0
own:25,10,hosting,operating,0.0,0.0
own:25,11,hosting,operating,0.0,0.0
own:25,12,hosting,operating,0.0,0.0
own:25,13,hosting,operating,0.0,0.0
own:25,14,hosting,operating,0.0,0.0
own:25,15,hosting,operating,0.0,0.0
own:25,16,hosting,operating,0.0,0.0
own:25,17,hosting,operating,0.0,0.0
own:25,18,hosting,operating,0.0,0.0
own:25,19,hosting,operating,0.0,0.0
own:25,20,hosting,operating,0.0,0.0
own:25,21,hosting,operating,0.0,0.0
own:25,22,hosting,operating,0.0,0.0
own:25,23,hosting,operating,0.0,0.0
own:25,24,hosting,operating,0.0,0.0
own:25,25,hosting,operating,0.0,0.0
own:25,26,hosting,operating,0.0,0.0
own:25,27,hosting,operating,0.0,0.0
own:25,28,hosting,operating,0.0,0.0
own:25,29,hosting,operating,0.0,0.0
own:25,30,hosting,operating,0.0,0.0
own:25,31,hosting,operating,0.0,0.0
own:25,32,hosting,operating,0.0,0.0
own:25,33,hosting,operating,0.0,0.0
own:25,34,hosting,operating,0.0,0.0
own:25,35,hosting,operating,0.0,0.0
own:25,36,hosting,operating,0.0,0.0
own:25,0,exit,terminal,0.0,0.0
own:25,1,exit,terminal,0.0,0.0
own:25,2,exit,terminal,0.0,0.0
own:25,3,exit,terminal,0.0,0.0
own:25,4,exit,terminal,0.0,0.0
own:25,5,exit,terminal,0.0,0.0
own:25,6,exit,terminal,0.0,0.0
own:25,7,exit,terminal,0.0,0.0
own:25,8,exit,terminal,0.0,0.0
own:25,9,exit,terminal,0.0,0.0
own:25,10,exit,terminal,0.0,0.0
own:25,11,exit,terminal,0.0,0.0
own:25,12,exit,terminal,0.0,0.0
own:25,13,exit,terminal,0.0,0.0
own:25,14,exit,terminal,0.0,0.0
own:25,15,exit,terminal,0.0,0.0
own:25,16,exit,terminal,0.0,0.0
own:25,17,exit,terminal,0.0,0.0
own:25,18,exit,terminal,0.0,0.0
own:25,19,exit,terminal,0.0,0.0
own:25,20,exit,terminal,0.0,0.0
own:25,21,exit,terminal,0.0,0.0
own:25,22,exit,terminal,0.0,0.0
own:25,23,exit,terminal,0.0,0.0
own:25,24,exit,terminal,0.0,0.0
own:25,25,exit,terminal,0.0,0.0
own:25,26,exit,terminal,0.0,0.0
own:25,27,exit,terminal,0.0,0.0
own:25,28,exit,terminal,0.0,0.0
own:25,29,exit,terminal,0.0,0.0
own:25,30,exit,terminal,0.0,0.0
own:25,31,exit,terminal,0.0,0.0
own:25,32,exit,terminal,0.0,0.0
own:25,33,exit,terminal,0.0,0.0
own:25,34,exit,terminal,0.0,0.0
own:25,35,exit,terminal,0.0,0.0
own:25,36,exit,terminal,0.0,0.0
own:25,0,residual,terminal,0.0,0.0
own:25,1,residual,terminal,0.0,0.0
own:25,2,residual,terminal,0.0,0.0
own:25,3,residual,terminal,0.0,0.0
own:25,4,residual,terminal,0.0,0.0
own:25,5,residual,terminal,0.0,0.0
own:25,6,residual,terminal,0.0,0.0
own:25,7,residual,terminal,0.0,0.0
own:25,8,residual,terminal,0.0,0.0
own:25,9,residual,terminal,0.0,0.0
own:25,10,residual,terminal,0.0,0.0
own:25,11,residual,terminal,0.0,0.0
own:25,12,residual,terminal,0.0,0.0
own:25,13,residual,terminal,0.0,0.0
own:25,14,residual,terminal,0.0,0.0
own:25,15,residual,terminal,0.0,0.0
own:25,16,residual,terminal,0.0,0.0
own:25,17,residual,terminal,0.0,0.0
own:25,18,residual,terminal,0.0,0.0
own:25,19,residual,terminal,0.0,0.0
own:25,20,residual,terminal,0.0,0.0
own:25,21,residual,terminal,0.0,0.0
own:25,22,residual,terminal,0.0,0.0
own:25,23,residual,terminal,0.0,0.0
own:25,24,residual,terminal,0.0,0.0
own:25,25,residual,terminal,0.0,0.0
own:25,26,residual,terminal,0.0,0.0
own:25,27,residual,terminal,0.0,0.0
own:25,28,residual,terminal,0.0,0.0
own:25,29,residual,terminal,0.0,0.0
own:25,30,residual,terminal,0.0,0.0
own:25,31,residual,terminal,0.0,0.0
own:25,32,residual,terminal,0.0,0.0
own:25,33,residual,terminal,0.0,0.0
own:25,34,residual,terminal,0.0,0.0
own:25,35,residual,terminal,0.0,0.0
own:25,36,residual,terminal,0.0,0.0
own:26,0,on_demand,capital,0.0,0.0
own:26,1,on_demand,operating,204473.6,202855.99778680265
own:26,2,on_demand,operating,198144.0,195021.34402646002
own:26,3,on_demand,operating,204473.6,199659.08295083806
own:26,4,on_demand,operating,204473.6,198079.56865429203
own:26,5,on_demand,operating,184659.19999999998,177469.61108979152
own:26,6,on_demand,operating,204473.6,194957.92808836754
own:26,7,on_demand,operating,0.0,0.0
own:26,8,on_demand,operating,0.0,0.0
own:26,9,on_demand,operating,0.0,0.0
own:26,10,on_demand,operating,0.0,0.0
own:26,11,on_demand,operating,0.0,0.0
own:26,12,on_demand,operating,0.0,0.0
own:26,13,on_demand,operating,0.0,0.0
own:26,14,on_demand,operating,0.0,0.0
own:26,15,on_demand,operating,0.0,0.0
own:26,16,on_demand,operating,0.0,0.0
own:26,17,on_demand,operating,0.0,0.0
own:26,18,on_demand,operating,0.0,0.0
own:26,19,on_demand,operating,0.0,0.0
own:26,20,on_demand,operating,0.0,0.0
own:26,21,on_demand,operating,0.0,0.0
own:26,22,on_demand,operating,0.0,0.0
own:26,23,on_demand,operating,0.0,0.0
own:26,24,on_demand,operating,0.0,0.0
own:26,25,on_demand,operating,0.0,0.0
own:26,26,on_demand,operating,0.0,0.0
own:26,27,on_demand,operating,0.0,0.0
own:26,28,on_demand,operating,0.0,0.0
own:26,29,on_demand,operating,0.0,0.0
own:26,30,on_demand,operating,0.0,0.0
own:26,31,on_demand,operating,0.0,0.0
own:26,32,on_demand,operating,0.0,0.0
own:26,33,on_demand,operating,0.0,0.0
own:26,34,on_demand,operating,0.0,0.0
own:26,35,on_demand,operating,0.0,0.0
own:26,36,on_demand,operating,0.0,0.0
own:26,0,variable_service,capital,0.0,0.0
own:26,1,variable_service,operating,0.0,0.0
own:26,2,variable_service,operating,0.0,0.0
own:26,3,variable_service,operating,0.0,0.0
own:26,4,variable_service,operating,0.0,0.0
own:26,5,variable_service,operating,0.0,0.0
own:26,6,variable_service,operating,0.0,0.0
own:26,7,variable_service,operating,0.0,0.0
own:26,8,variable_service,operating,0.0,0.0
own:26,9,variable_service,operating,0.0,0.0
own:26,10,variable_service,operating,0.0,0.0
own:26,11,variable_service,operating,0.0,0.0
own:26,12,variable_service,operating,0.0,0.0
own:26,13,variable_service,operating,0.0,0.0
own:26,14,variable_service,operating,0.0,0.0
own:26,15,variable_service,operating,0.0,0.0
own:26,16,variable_service,operating,0.0,0.0
own:26,17,variable_service,operating,0.0,0.0
own:26,18,variable_service,operating,0.0,0.0
own:26,19,variable_service,operating,0.0,0.0
own:26,20,variable_service,operating,0.0,0.0
own:26,21,variable_service,operating,0.0,0.0
own:26,22,variable_service,operating,0.0,0.0
own:26,23,variable_service,operating,0.0,0.0
own:26,24,variable_service,operating,0.0,0.0
own:26,25,variable_service,operating,0.0,0.0
own:26,26,variable_service,operating,0.0,0.0
own:26,27,variable_service,operating,0.0,0.0
own:26,28,variable_service,operating,0.0,0.0
own:26,29,variable_service,operating,0.0,0.0
own:26,30,variable_service,operating,0.0,0.0
own:26,31,variable_service,operating,0.0,0.0
own:26,32,variable_service,operating,0.0,0.0
own:26,33,variable_service,operating,0.0,0.0
own:26,34,variable_service,operating,0.0,0.0
own:26,35,variable_service,operating,0.0,0.0
own:26,36,variable_service,operating,0.0,0.0
own:26,0,node_acquisition,capital,10400000.0,10400000.0
own:26,1,node_acquisition,operating,0.0,0.0
own:26,2,node_acquisition,operating,0.0,0.0
own:26,3,node_acquisition,operating,0.0,0.0
own:26,4,node_acquisition,operating,0.0,0.0
own:26,5,node_acquisition,operating,0.0,0.0
own:26,6,node_acquisition,operating,0.0,0.0
own:26,7,node_acquisition,operating,0.0,0.0
own:26,8,node_acquisition,operating,0.0,0.0
own:26,9,node_acquisition,operating,0.0,0.0
own:26,10,node_acquisition,operating,0.0,0.0
own:26,11,node_acquisition,operating,0.0,0.0
own:26,12,node_acquisition,operating,0.0,0.0
own:26,13,node_acquisition,operating,0.0,0.0
own:26,14,node_acquisition,operating,0.0,0.0
own:26,15,node_acquisition,operating,0.0,0.0
own:26,16,node_acquisition,operating,0.0,0.0
own:26,17,node_acquisition,operating,0.0,0.0
own:26,18,node_acquisition,operating,0.0,0.0
own:26,19,node_acquisition,operating,0.0,0.0
own:26,20,node_acquisition,operating,0.0,0.0
own:26,21,node_acquisition,operating,0.0,0.0
own:26,22,node_acquisition,operating,0.0,0.0
own:26,23,node_acquisition,operating,0.0,0.0
own:26,24,node_acquisition,operating,0.0,0.0
own:26,25,node_acquisition,operating,0.0,0.0
own:26,26,node_acquisition,operating,0.0,0.0
own:26,27,node_acquisition,operating,0.0,0.0
own:26,28,node_acquisition,operating,0.0,0.0
own:26,29,node_acquisition,operating,0.0,0.0
own:26,30,node_acquisition,operating,0.0,0.0
own:26,31,node_acquisition,operating,0.0,0.0
own:26,32,node_acquisition,operating,0.0,0.0
own:26,33,node_acquisition,operating,0.0,0.0
own:26,34,node_acquisition,operating,0.0,0.0
own:26,35,node_acquisition,operating,0.0,0.0
own:26,36,node_acquisition,operating,0.0,0.0
own:26,0,installation,capital,50000.0,50000.0
own:26,1,installation,operating,0.0,0.0
own:26,2,installation,operating,0.0,0.0
own:26,3,installation,operating,0.0,0.0
own:26,4,installation,operating,0.0,0.0
own:26,5,installation,operating,0.0,0.0
own:26,6,installation,operating,0.0,0.0
own:26,7,installation,operating,0.0,0.0
own:26,8,installation,operating,0.0,0.0
own:26,9,installation,operating,0.0,0.0
own:26,10,installation,operating,0.0,0.0
own:26,11,installation,operating,0.0,0.0
own:26,12,installation,operating,0.0,0.0
own:26,13,installation,operating,0.0,0.0
own:26,14,installation,operating,0.0,0.0
own:26,15,installation,operating,0.0,0.0
own:26,16,installation,operating,0.0,0.0
own:26,17,installation,operating,0.0,0.0
own:26,18,installation,operating,0.0,0.0
own:26,19,installation,operating,0.0,0.0
own:26,20,installation,operating,0.0,0.0
own:26,21,installation,operating,0.0,0.0
own:26,22,installation,operating,0.0,0.0
own:26,23,installation,operating,0.0,0.0
own:26,24,installation,operating,0.0,0.0
own:26,25,installation,operating,0.0,0.0
own:26,26,installation,operating,0.0,0.0
own:26,27,installation,operating,0.0,0.0
own:26,28,installation,operating,0.0,0.0
own:26,29,installation,operating,0.0,0.0
own:26,30,installation,operating,0.0,0.0
own:26,31,installation,operating,0.0,0.0
own:26,32,installation,operating,0.0,0.0
own:26,33,installation,operating,0.0,0.0
own:26,34,installation,operating,0.0,0.0
own:26,35,installation,operating,0.0,0.0
own:26,36,installation,operating,0.0,0.0
own:26,0,network,capital,0.0,0.0
own:26,1,network,operating,0.0,0.0
own:26,2,network,operating,0.0,0.0
own:26,3,network,operating,0.0,0.0
own:26,4,network,operating,0.0,0.0
own:26,5,network,operating,0.0,0.0
own:26,6,network,operating,0.0,0.0
own:26,7,network,operating,0.0,0.0
own:26,8,network,operating,0.0,0.0
own:26,9,network,operating,0.0,0.0
own:26,10,network,operating,0.0,0.0
own:26,11,network,operating,0.0,0.0
own:26,12,network,operating,0.0,0.0
own:26,13,network,operating,0.0,0.0
own:26,14,network,operating,0.0,0.0
own:26,15,network,operating,0.0,0.0
own:26,16,network,operating,0.0,0.0
own:26,17,network,operating,0.0,0.0
own:26,18,network,operating,0.0,0.0
own:26,19,network,operating,0.0,0.0
own:26,20,network,operating,0.0,0.0
own:26,21,network,operating,0.0,0.0
own:26,22,network,operating,0.0,0.0
own:26,23,network,operating,0.0,0.0
own:26,24,network,operating,0.0,0.0
own:26,25,network,operating,0.0,0.0
own:26,26,network,operating,0.0,0.0
own:26,27,network,operating,0.0,0.0
own:26,28,network,operating,0.0,0.0
own:26,29,network,operating,0.0,0.0
own:26,30,network,operating,0.0,0.0
own:26,31,network,operating,0.0,0.0
own:26,32,network,operating,0.0,0.0
own:26,33,network,operating,0.0,0.0
own:26,34,network,operating,0.0,0.0
own:26,35,network,operating,0.0,0.0
own:26,36,network,operating,0.0,0.0
own:26,0,storage,capital,0.0,0.0
own:26,1,storage,operating,0.0,0.0
own:26,2,storage,operating,0.0,0.0
own:26,3,storage,operating,0.0,0.0
own:26,4,storage,operating,0.0,0.0
own:26,5,storage,operating,0.0,0.0
own:26,6,storage,operating,0.0,0.0
own:26,7,storage,operating,0.0,0.0
own:26,8,storage,operating,0.0,0.0
own:26,9,storage,operating,0.0,0.0
own:26,10,storage,operating,0.0,0.0
own:26,11,storage,operating,0.0,0.0
own:26,12,storage,operating,0.0,0.0
own:26,13,storage,operating,0.0,0.0
own:26,14,storage,operating,0.0,0.0
own:26,15,storage,operating,0.0,0.0
own:26,16,storage,operating,0.0,0.0
own:26,17,storage,operating,0.0,0.0
own:26,18,storage,operating,0.0,0.0
own:26,19,storage,operating,0.0,0.0
own:26,20,storage,operating,0.0,0.0
own:26,21,storage,operating,0.0,0.0
own:26,22,storage,operating,0.0,0.0
own:26,23,storage,operating,0.0,0.0
own:26,24,storage,operating,0.0,0.0
own:26,25,storage,operating,0.0,0.0
own:26,26,storage,operating,0.0,0.0
own:26,27,storage,operating,0.0,0.0
own:26,28,storage,operating,0.0,0.0
own:26,29,storage,operating,0.0,0.0
own:26,30,storage,operating,0.0,0.0
own:26,31,storage,operating,0.0,0.0
own:26,32,storage,operating,0.0,0.0
own:26,33,storage,operating,0.0,0.0
own:26,34,storage,operating,0.0,0.0
own:26,35,storage,operating,0.0,0.0
own:26,36,storage,operating,0.0,0.0
own:26,0,operations,capital,0.0,0.0
own:26,1,operations,operating,0.0,0.0
own:26,2,operations,operating,0.0,0.0
own:26,3,operations,operating,0.0,0.0
own:26,4,operations,operating,0.0,0.0
own:26,5,operations,operating,0.0,0.0
own:26,6,operations,operating,0.0,0.0
own:26,7,operations,operating,10666.666666666666,10089.810056329514
own:26,8,operations,operating,10666.666666666666,10009.988998364772
own:26,9,operations,operating,10666.666666666666,9930.799409303709
own:26,10,operations,operating,10666.666666666666,9852.236293560118
own:26,11,operations,operating,10666.666666666666,9774.294695068156
own:26,12,operations,operating,10666.666666666666,9696.969696969696
own:26,13,operations,operating,10666.666666666666,9620.256421304153
own:26,14,operations,operating,10666.666666666666,9544.150028700768
own:26,15,operations,operating,10666.666666666666,9468.645718073314
own:26,16,operations,operating,10666.666666666666,9393.738726317228
own:26,17,operations,operating,10666.666666666666,9319.424328009141
own:26,18,operations,operating,10666.666666666666,9245.697835108773
own:26,19,operations,operating,10666.666666666666,9172.554596663194
own:26,20,operations,operating,10666.666666666666,9099.989998513427
own:26,21,operations,operating,10666.666666666666,9027.99946300337
own:26,22,operations,operating,10666.666666666666,8956.578448691016
own:26,23,operations,operating,10666.666666666666,8885.72245006196
own:26,24,operations,operating,10666.666666666666,8815.426997245178
own:26,25,operations,operating,10666.666666666666,8745.687655731048
own:26,26,operations,operating,10666.666666666666,8676.500026091608
own:26,27,operations,operating,10666.666666666666,8607.859743703011
own:26,28,operations,operating,10666.666666666666,8539.762478470206
own:26,29,operations,operating,10666.666666666666,8472.203934553763
own:26,30,operations,operating,10666.666666666666,8405.179850098883
own:26,31,operations,operating,10666.666666666666,8338.685996966538
own:26,32,operations,operating,10666.666666666666,8272.718180466753
own:26,33,operations,operating,10666.666666666666,8207.272239093973
own:26,34,operations,operating,10666.666666666666,8142.34404426456
own:26,35,operations,operating,10666.666666666666,8077.929500056326
own:26,36,operations,operating,10666.666666666666,8014.02454295016
own:26,0,precommission,capital,0.0,0.0
own:26,1,precommission,operating,0.0,0.0
own:26,2,precommission,operating,0.0,0.0
own:26,3,precommission,operating,0.0,0.0
own:26,4,precommission,operating,0.0,0.0
own:26,5,precommission,operating,0.0,0.0
own:26,6,precommission,operating,0.0,0.0
own:26,7,precommission,operating,0.0,0.0
own:26,8,precommission,operating,0.0,0.0
own:26,9,precommission,operating,0.0,0.0
own:26,10,precommission,operating,0.0,0.0
own:26,11,precommission,operating,0.0,0.0
own:26,12,precommission,operating,0.0,0.0
own:26,13,precommission,operating,0.0,0.0
own:26,14,precommission,operating,0.0,0.0
own:26,15,precommission,operating,0.0,0.0
own:26,16,precommission,operating,0.0,0.0
own:26,17,precommission,operating,0.0,0.0
own:26,18,precommission,operating,0.0,0.0
own:26,19,precommission,operating,0.0,0.0
own:26,20,precommission,operating,0.0,0.0
own:26,21,precommission,operating,0.0,0.0
own:26,22,precommission,operating,0.0,0.0
own:26,23,precommission,operating,0.0,0.0
own:26,24,precommission,operating,0.0,0.0
own:26,25,precommission,operating,0.0,0.0
own:26,26,precommission,operating,0.0,0.0
own:26,27,precommission,operating,0.0,0.0
own:26,28,precommission,operating,0.0,0.0
own:26,29,precommission,operating,0.0,0.0
own:26,30,precommission,operating,0.0,0.0
own:26,31,precommission,operating,0.0,0.0
own:26,32,precommission,operating,0.0,0.0
own:26,33,precommission,operating,0.0,0.0
own:26,34,precommission,operating,0.0,0.0
own:26,35,precommission,operating,0.0,0.0
own:26,36,precommission,operating,0.0,0.0
own:26,0,electricity,capital,0.0,0.0
own:26,1,electricity,operating,0.0,0.0
own:26,2,electricity,operating,0.0,0.0
own:26,3,electricity,operating,0.0,0.0
own:26,4,electricity,operating,0.0,0.0
own:26,5,electricity,operating,0.0,0.0
own:26,6,electricity,operating,0.0,0.0
own:26,7,electricity,operating,8677.53199693245,8208.248400634702
own:26,8,electricity,operating,8987.43697881435,8434.13862013391
own:26,9,electricity,operating,8717.607255201698,8116.200841921758
own:26,10,electricity,operating,9029.055134526961,8339.6610649633
own:26,11,electricity,operating,9050.020410199595,8292.896858031792
own:26,12,electricity,operating,8778.474689274768,7980.431535704334
own:26,13,electricity,operating,9092.265964811846,8200.305940517472
own:26,14,electricity,operating,8819.561898034748,7891.42705708655
own:26,15,electricity,operating,9134.935031109084,8108.949700048963
own:26,16,electricity,operating,9156.42970626463,8063.728905613081
own:26,17,electricity,operating,8585.900767389761,7501.467420889172
own:26,18,electricity,operating,9199.742014069929,7974.190764660521
own:26,19,electricity,operating,8924.091023361561,7674.066762878985
own:26,20,electricity,operating,9243.488527760981,7885.842483187363
own:26,21,electricity,operating,8966.63803587076,7589.137816198765
own:26,22,electricity,operating,9287.673600251785,7798.666613108591
own:26,23,electricity,operating,9309.93196825304,7755.51295301771
own:26,24,electricity,operating,9031.259640091264,7463.850942224185
own:26,25,electricity,operating,9354.783136234779,7670.063568432139
own:26,26,electricity,operating,9074.881017983178,7381.706755247745
own:26,27,electricity,operating,9400.08393717553,7585.744135335239
own:26,28,electricity,operating,9422.904356861407,7544.002974837982
own:26,29,electricity,operating,8531.725438776775,6776.486046650347
own:26,30,electricity,operating,9468.888073038943,7461.347553220178
own:26,31,electricity,operating,9185.857271036262,7181.060568386564
own:26,32,electricity,operating,9515.332775971157,7379.781229590728
own:26,33,electricity,operating,9231.028490178402,7102.646612411882
own:26,34,electricity,operating,9562.243087050267,7299.288098405034
own:26,35,electricity,operating,9585.87430248552,7259.4390761137165
own:26,36,electricity,operating,9299.635813546398,6986.954029711792
own:26,0,hosting,capital,0.0,0.0
own:26,1,hosting,operating,0.0,0.0
own:26,2,hosting,operating,0.0,0.0
own:26,3,hosting,operating,0.0,0.0
own:26,4,hosting,operating,0.0,0.0
own:26,5,hosting,operating,0.0,0.0
own:26,6,hosting,operating,0.0,0.0
own:26,7,hosting,operating,0.0,0.0
own:26,8,hosting,operating,0.0,0.0
own:26,9,hosting,operating,0.0,0.0
own:26,10,hosting,operating,0.0,0.0
own:26,11,hosting,operating,0.0,0.0
own:26,12,hosting,operating,0.0,0.0
own:26,13,hosting,operating,0.0,0.0
own:26,14,hosting,operating,0.0,0.0
own:26,15,hosting,operating,0.0,0.0
own:26,16,hosting,operating,0.0,0.0
own:26,17,hosting,operating,0.0,0.0
own:26,18,hosting,operating,0.0,0.0
own:26,19,hosting,operating,0.0,0.0
own:26,20,hosting,operating,0.0,0.0
own:26,21,hosting,operating,0.0,0.0
own:26,22,hosting,operating,0.0,0.0
own:26,23,hosting,operating,0.0,0.0
own:26,24,hosting,operating,0.0,0.0
own:26,25,hosting,operating,0.0,0.0
own:26,26,hosting,operating,0.0,0.0
own:26,27,hosting,operating,0.0,0.0
own:26,28,hosting,operating,0.0,0.0
own:26,29,hosting,operating,0.0,0.0
own:26,30,hosting,operating,0.0,0.0
own:26,31,hosting,operating,0.0,0.0
own:26,32,hosting,operating,0.0,0.0
own:26,33,hosting,operating,0.0,0.0
own:26,34,hosting,operating,0.0,0.0
own:26,35,hosting,operating,0.0,0.0
own:26,36,hosting,operating,0.0,0.0
own:26,0,exit,terminal,0.0,0.0
own:26,1,exit,terminal,0.0,0.0
own:26,2,exit,terminal,0.0,0.0
own:26,3,exit,terminal,0.0,0.0
own:26,4,exit,terminal,0.0,0.0
own:26,5,exit,terminal,0.0,0.0
own:26,6,exit,terminal,0.0,0.0
own:26,7,exit,terminal,0.0,0.0
own:26,8,exit,terminal,0.0,0.0
own:26,9,exit,terminal,0.0,0.0
own:26,10,exit,terminal,0.0,0.0
own:26,11,exit,terminal,0.0,0.0
own:26,12,exit,terminal,0.0,0.0
own:26,13,exit,terminal,0.0,0.0
own:26,14,exit,terminal,0.0,0.0
own:26,15,exit,terminal,0.0,0.0
own:26,16,exit,terminal,0.0,0.0
own:26,17,exit,terminal,0.0,0.0
own:26,18,exit,terminal,0.0,0.0
own:26,19,exit,terminal,0.0,0.0
own:26,20,exit,terminal,0.0,0.0
own:26,21,exit,terminal,0.0,0.0
own:26,22,exit,terminal,0.0,0.0
own:26,23,exit,terminal,0.0,0.0
own:26,24,exit,terminal,0.0,0.0
own:26,25,exit,terminal,0.0,0.0
own:26,26,exit,terminal,0.0,0.0
own:26,27,exit,terminal,0.0,0.0
own:26,28,exit,terminal,0.0,0.0
own:26,29,exit,terminal,0.0,0.0
own:26,30,exit,terminal,0.0,0.0
own:26,31,exit,terminal,0.0,0.0
own:26,32,exit,terminal,0.0,0.0
own:26,33,exit,terminal,0.0,0.0
own:26,34,exit,terminal,0.0,0.0
own:26,35,exit,terminal,0.0,0.0
own:26,36,exit,terminal,0.0,0.0
own:26,0,residual,terminal,0.0,0.0
own:26,1,residual,terminal,0.0,0.0
own:26,2,residual,terminal,0.0,0.0
own:26,3,residual,terminal,0.0,0.0
own:26,4,residual,terminal,0.0,0.0
own:26,5,residual,terminal,0.0,0.0
own:26,6,residual,terminal,0.0,0.0
own:26,7,residual,terminal,0.0,0.0
own:26,8,residual,terminal,0.0,0.0
own:26,9,residual,terminal,0.0,0.0
own:26,10,residual,terminal,0.0,0.0
own:26,11,residual,terminal,0.0,0.0
own:26,12,residual,terminal,0.0,0.0
own:26,13,residual,terminal,0.0,0.0
own:26,14,residual,terminal,0.0,0.0
own:26,15,residual,terminal,0.0,0.0
own:26,16,residual,terminal,0.0,0.0
own:26,17,residual,terminal,0.0,0.0
own:26,18,residual,terminal,0.0,0.0
own:26,19,residual,terminal,0.0,0.0
own:26,20,residual,terminal,0.0,0.0
own:26,21,residual,terminal,0.0,0.0
own:26,22,residual,terminal,0.0,0.0
own:26,23,residual,terminal,0.0,0.0
own:26,24,residual,terminal,0.0,0.0
own:26,25,residual,terminal,0.0,0.0
own:26,26,residual,terminal,0.0,0.0
own:26,27,residual,terminal,0.0,0.0
own:26,28,residual,terminal,0.0,0.0
own:26,29,residual,terminal,0.0,0.0
own:26,30,residual,terminal,0.0,0.0
own:26,31,residual,terminal,0.0,0.0
own:26,32,residual,terminal,0.0,0.0
own:26,33,residual,terminal,0.0,0.0
own:26,34,residual,terminal,0.0,0.0
own:26,35,residual,terminal,0.0,0.0
own:26,36,residual,terminal,0.0,0.0
own:27,0,on_demand,capital,0.0,0.0
own:27,1,on_demand,operating,204473.6,202855.99778680265
own:27,2,on_demand,operating,198144.0,195021.34402646002
own:27,3,on_demand,operating,204473.6,199659.08295083806
own:27,4,on_demand,operating,204473.6,198079.56865429203
own:27,5,on_demand,operating,184659.19999999998,177469.61108979152
own:27,6,on_demand,operating,204473.6,194957.92808836754
own:27,7,on_demand,operating,0.0,0.0
own:27,8,on_demand,operating,0.0,0.0
own:27,9,on_demand,operating,0.0,0.0
own:27,10,on_demand,operating,0.0,0.0
own:27,11,on_demand,operating,0.0,0.0
own:27,12,on_demand,operating,0.0,0.0
own:27,13,on_demand,operating,0.0,0.0
own:27,14,on_demand,operating,0.0,0.0
own:27,15,on_demand,operating,0.0,0.0
own:27,16,on_demand,operating,0.0,0.0
own:27,17,on_demand,operating,0.0,0.0
own:27,18,on_demand,operating,0.0,0.0
own:27,19,on_demand,operating,0.0,0.0
own:27,20,on_demand,operating,0.0,0.0
own:27,21,on_demand,operating,0.0,0.0
own:27,22,on_demand,operating,0.0,0.0
own:27,23,on_demand,operating,0.0,0.0
own:27,24,on_demand,operating,0.0,0.0
own:27,25,on_demand,operating,0.0,0.0
own:27,26,on_demand,operating,0.0,0.0
own:27,27,on_demand,operating,0.0,0.0
own:27,28,on_demand,operating,0.0,0.0
own:27,29,on_demand,operating,0.0,0.0
own:27,30,on_demand,operating,0.0,0.0
own:27,31,on_demand,operating,0.0,0.0
own:27,32,on_demand,operating,0.0,0.0
own:27,33,on_demand,operating,0.0,0.0
own:27,34,on_demand,operating,0.0,0.0
own:27,35,on_demand,operating,0.0,0.0
own:27,36,on_demand,operating,0.0,0.0
own:27,0,variable_service,capital,0.0,0.0
own:27,1,variable_service,operating,0.0,0.0
own:27,2,variable_service,operating,0.0,0.0
own:27,3,variable_service,operating,0.0,0.0
own:27,4,variable_service,operating,0.0,0.0
own:27,5,variable_service,operating,0.0,0.0
own:27,6,variable_service,operating,0.0,0.0
own:27,7,variable_service,operating,0.0,0.0
own:27,8,variable_service,operating,0.0,0.0
own:27,9,variable_service,operating,0.0,0.0
own:27,10,variable_service,operating,0.0,0.0
own:27,11,variable_service,operating,0.0,0.0
own:27,12,variable_service,operating,0.0,0.0
own:27,13,variable_service,operating,0.0,0.0
own:27,14,variable_service,operating,0.0,0.0
own:27,15,variable_service,operating,0.0,0.0
own:27,16,variable_service,operating,0.0,0.0
own:27,17,variable_service,operating,0.0,0.0
own:27,18,variable_service,operating,0.0,0.0
own:27,19,variable_service,operating,0.0,0.0
own:27,20,variable_service,operating,0.0,0.0
own:27,21,variable_service,operating,0.0,0.0
own:27,22,variable_service,operating,0.0,0.0
own:27,23,variable_service,operating,0.0,0.0
own:27,24,variable_service,operating,0.0,0.0
own:27,25,variable_service,operating,0.0,0.0
own:27,26,variable_service,operating,0.0,0.0
own:27,27,variable_service,operating,0.0,0.0
own:27,28,variable_service,operating,0.0,0.0
own:27,29,variable_service,operating,0.0,0.0
own:27,30,variable_service,operating,0.0,0.0
own:27,31,variable_service,operating,0.0,0.0
own:27,32,variable_service,operating,0.0,0.0
own:27,33,variable_service,operating,0.0,0.0
own:27,34,variable_service,operating,0.0,0.0
own:27,35,variable_service,operating,0.0,0.0
own:27,36,variable_service,operating,0.0,0.0
own:27,0,node_acquisition,capital,10800000.0,10800000.0
own:27,1,node_acquisition,operating,0.0,0.0
own:27,2,node_acquisition,operating,0.0,0.0
own:27,3,node_acquisition,operating,0.0,0.0
own:27,4,node_acquisition,operating,0.0,0.0
own:27,5,node_acquisition,operating,0.0,0.0
own:27,6,node_acquisition,operating,0.0,0.0
own:27,7,node_acquisition,operating,0.0,0.0
own:27,8,node_acquisition,operating,0.0,0.0
own:27,9,node_acquisition,operating,0.0,0.0
own:27,10,node_acquisition,operating,0.0,0.0
own:27,11,node_acquisition,operating,0.0,0.0
own:27,12,node_acquisition,operating,0.0,0.0
own:27,13,node_acquisition,operating,0.0,0.0
own:27,14,node_acquisition,operating,0.0,0.0
own:27,15,node_acquisition,operating,0.0,0.0
own:27,16,node_acquisition,operating,0.0,0.0
own:27,17,node_acquisition,operating,0.0,0.0
own:27,18,node_acquisition,operating,0.0,0.0
own:27,19,node_acquisition,operating,0.0,0.0
own:27,20,node_acquisition,operating,0.0,0.0
own:27,21,node_acquisition,operating,0.0,0.0
own:27,22,node_acquisition,operating,0.0,0.0
own:27,23,node_acquisition,operating,0.0,0.0
own:27,24,node_acquisition,operating,0.0,0.0
own:27,25,node_acquisition,operating,0.0,0.0
own:27,26,node_acquisition,operating,0.0,0.0
own:27,27,node_acquisition,operating,0.0,0.0
own:27,28,node_acquisition,operating,0.0,0.0
own:27,29,node_acquisition,operating,0.0,0.0
own:27,30,node_acquisition,operating,0.0,0.0
own:27,31,node_acquisition,operating,0.0,0.0
own:27,32,node_acquisition,operating,0.0,0.0
own:27,33,node_acquisition,operating,0.0,0.0
own:27,34,node_acquisition,operating,0.0,0.0
own:27,35,node_acquisition,operating,0.0,0.0
own:27,36,node_acquisition,operating,0.0,0.0
own:27,0,installation,capital,50000.0,50000.0
own:27,1,installation,operating,0.0,0.0
own:27,2,installation,operating,0.0,0.0
own:27,3,installation,operating,0.0,0.0
own:27,4,installation,operating,0.0,0.0
own:27,5,installation,operating,0.0,0.0
own:27,6,installation,operating,0.0,0.0
own:27,7,installation,operating,0.0,0.0
own:27,8,installation,operating,0.0,0.0
own:27,9,installation,operating,0.0,0.0
own:27,10,installation,operating,0.0,0.0
own:27,11,installation,operating,0.0,0.0
own:27,12,installation,operating,0.0,0.0
own:27,13,installation,operating,0.0,0.0
own:27,14,installation,operating,0.0,0.0
own:27,15,installation,operating,0.0,0.0
own:27,16,installation,operating,0.0,0.0
own:27,17,installation,operating,0.0,0.0
own:27,18,installation,operating,0.0,0.0
own:27,19,installation,operating,0.0,0.0
own:27,20,installation,operating,0.0,0.0
own:27,21,installation,operating,0.0,0.0
own:27,22,installation,operating,0.0,0.0
own:27,23,installation,operating,0.0,0.0
own:27,24,installation,operating,0.0,0.0
own:27,25,installation,operating,0.0,0.0
own:27,26,installation,operating,0.0,0.0
own:27,27,installation,operating,0.0,0.0
own:27,28,installation,operating,0.0,0.0
own:27,29,installation,operating,0.0,0.0
own:27,30,installation,operating,0.0,0.0
own:27,31,installation,operating,0.0,0.0
own:27,32,installation,operating,0.0,0.0
own:27,33,installation,operating,0.0,0.0
own:27,34,installation,operating,0.0,0.0
own:27,35,installation,operating,0.0,0.0
own:27,36,installation,operating,0.0,0.0
own:27,0,network,capital,0.0,0.0
own:27,1,network,operating,0.0,0.0
own:27,2,network,operating,0.0,0.0
own:27,3,network,operating,0.0,0.0
own:27,4,network,operating,0.0,0.0
own:27,5,network,operating,0.0,0.0
own:27,6,network,operating,0.0,0.0
own:27,7,network,operating,0.0,0.0
own:27,8,network,operating,0.0,0.0
own:27,9,network,operating,0.0,0.0
own:27,10,network,operating,0.0,0.0
own:27,11,network,operating,0.0,0.0
own:27,12,network,operating,0.0,0.0
own:27,13,network,operating,0.0,0.0
own:27,14,network,operating,0.0,0.0
own:27,15,network,operating,0.0,0.0
own:27,16,network,operating,0.0,0.0
own:27,17,network,operating,0.0,0.0
own:27,18,network,operating,0.0,0.0
own:27,19,network,operating,0.0,0.0
own:27,20,network,operating,0.0,0.0
own:27,21,network,operating,0.0,0.0
own:27,22,network,operating,0.0,0.0
own:27,23,network,operating,0.0,0.0
own:27,24,network,operating,0.0,0.0
own:27,25,network,operating,0.0,0.0
own:27,26,network,operating,0.0,0.0
own:27,27,network,operating,0.0,0.0
own:27,28,network,operating,0.0,0.0
own:27,29,network,operating,0.0,0.0
own:27,30,network,operating,0.0,0.0
own:27,31,network,operating,0.0,0.0
own:27,32,network,operating,0.0,0.0
own:27,33,network,operating,0.0,0.0
own:27,34,network,operating,0.0,0.0
own:27,35,network,operating,0.0,0.0
own:27,36,network,operating,0.0,0.0
own:27,0,storage,capital,0.0,0.0
own:27,1,storage,operating,0.0,0.0
own:27,2,storage,operating,0.0,0.0
own:27,3,storage,operating,0.0,0.0
own:27,4,storage,operating,0.0,0.0
own:27,5,storage,operating,0.0,0.0
own:27,6,storage,operating,0.0,0.0
own:27,7,storage,operating,0.0,0.0
own:27,8,storage,operating,0.0,0.0
own:27,9,storage,operating,0.0,0.0
own:27,10,storage,operating,0.0,0.0
own:27,11,storage,operating,0.0,0.0
own:27,12,storage,operating,0.0,0.0
own:27,13,storage,operating,0.0,0.0
own:27,14,storage,operating,0.0,0.0
own:27,15,storage,operating,0.0,0.0
own:27,16,storage,operating,0.0,0.0
own:27,17,storage,operating,0.0,0.0
own:27,18,storage,operating,0.0,0.0
own:27,19,storage,operating,0.0,0.0
own:27,20,storage,operating,0.0,0.0
own:27,21,storage,operating,0.0,0.0
own:27,22,storage,operating,0.0,0.0
own:27,23,storage,operating,0.0,0.0
own:27,24,storage,operating,0.0,0.0
own:27,25,storage,operating,0.0,0.0
own:27,26,storage,operating,0.0,0.0
own:27,27,storage,operating,0.0,0.0
own:27,28,storage,operating,0.0,0.0
own:27,29,storage,operating,0.0,0.0
own:27,30,storage,operating,0.0,0.0
own:27,31,storage,operating,0.0,0.0
own:27,32,storage,operating,0.0,0.0
own:27,33,storage,operating,0.0,0.0
own:27,34,storage,operating,0.0,0.0
own:27,35,storage,operating,0.0,0.0
own:27,36,storage,operating,0.0,0.0
own:27,0,operations,capital,0.0,0.0
own:27,1,operations,operating,0.0,0.0
own:27,2,operations,operating,0.0,0.0
own:27,3,operations,operating,0.0,0.0
own:27,4,operations,operating,0.0,0.0
own:27,5,operations,operating,0.0,0.0
own:27,6,operations,operating,0.0,0.0
own:27,7,operations,operating,11000.0,10405.116620589812
own:27,8,operations,operating,11000.0,10322.801154563671
own:27,9,operations,operating,11000.0,10241.136890844451
own:27,10,operations,operating,11000.0,10160.118677733873
own:27,11,operations,operating,11000.0,10079.741404289038
own:27,12,operations,operating,11000.0,10000.0
own:27,13,operations,operating,11000.0,9920.88943446991
own:27,14,operations,operating,11000.0,9842.404717097666
own:27,15,operations,operating,11000.0,9764.540896763105
own:27,16,operations,operating,11000.0,9687.293061514642
own:27,17,operations,operating,11000.0,9610.656338259427
own:27,18,operations,operating,11000.0,9534.625892455922
own:27,19,operations,operating,11000.0,9459.19692780892
own:27,20,operations,operating,11000.0,9384.364685966973
own:27,21,operations,operating,11000.0,9310.124446222228
own:27,22,operations,operating,11000.0,9236.471525212612
own:27,23,operations,operating,11000.0,9163.401276626397
own:27,24,operations,operating,11000.0,9090.90909090909
own:27,25,operations,operating,11000.0,9018.990394972643
own:27,26,operations,operating,11000.0,8947.64065190697
own:27,27,operations,operating,11000.0,8876.85536069373
own:27,28,operations,operating,11000.0,8806.6300559224
own:27,29,operations,operating,11000.0,8736.960307508569
own:27,30,operations,operating,11000.0,8667.841720414473
own:27,31,operations,operating,11000.0,8599.269934371743
own:27,32,operations,operating,11000.0,8531.240623606338
own:27,33,operations,operating,11000.0,8463.74949656566
own:27,34,operations,operating,11000.0,8396.792295647827
own:27,35,operations,operating,11000.0,8330.364796933087
own:27,36,operations,operating,11000.0,8264.462809917353
own:27,0,precommission,capital,0.0,0.0
own:27,1,precommission,operating,0.0,0.0
own:27,2,precommission,operating,0.0,0.0
own:27,3,precommission,operating,0.0,0.0
own:27,4,precommission,operating,0.0,0.0
own:27,5,precommission,operating,0.0,0.0
own:27,6,precommission,operating,0.0,0.0
own:27,7,precommission,operating,0.0,0.0
own:27,8,precommission,operating,0.0,0.0
own:27,9,precommission,operating,0.0,0.0
own:27,10,precommission,operating,0.0,0.0
own:27,11,precommission,operating,0.0,0.0
own:27,12,precommission,operating,0.0,0.0
own:27,13,precommission,operating,0.0,0.0
own:27,14,precommission,operating,0.0,0.0
own:27,15,precommission,operating,0.0,0.0
own:27,16,precommission,operating,0.0,0.0
own:27,17,precommission,operating,0.0,0.0
own:27,18,precommission,operating,0.0,0.0
own:27,19,precommission,operating,0.0,0.0
own:27,20,precommission,operating,0.0,0.0
own:27,21,precommission,operating,0.0,0.0
own:27,22,precommission,operating,0.0,0.0
own:27,23,precommission,operating,0.0,0.0
own:27,24,precommission,operating,0.0,0.0
own:27,25,precommission,operating,0.0,0.0
own:27,26,precommission,operating,0.0,0.0
own:27,27,precommission,operating,0.0,0.0
own:27,28,precommission,operating,0.0,0.0
own:27,29,precommission,operating,0.0,0.0
own:27,30,precommission,operating,0.0,0.0
own:27,31,precommission,operating,0.0,0.0
own:27,32,precommission,operating,0.0,0.0
own:27,33,precommission,operating,0.0,0.0
own:27,34,precommission,operating,0.0,0.0
own:27,35,precommission,operating,0.0,0.0
own:27,36,precommission,operating,0.0,0.0
own:27,0,electricity,capital,0.0,0.0
own:27,1,electricity,operating,0.0,0.0
own:27,2,electricity,operating,0.0,0.0
own:27,3,electricity,operating,0.0,0.0
own:27,4,electricity,operating,0.0,0.0
own:27,5,electricity,operating,0.0,0.0
own:27,6,electricity,operating,0.0,0.0
own:27,7,electricity,operating,8857.53199693245,8378.513945335264
own:27,8,electricity,operating,9173.43697881435,8608.687803292896
own:27,9,electricity,operating,8897.607255201698,8283.783081953758
own:27,10,electricity,operating,9215.055134526961,8511.459435332255
own:27,11,electricity,operating,9236.020410199595,8463.336121777043
own:27,12,electricity,operating,8958.474689274768,8144.067899340698
own:27,13,electricity,operating,9278.265964811846,8368.059161863965
own:27,14,electricity,operating,8999.561898034748,8052.484588820876
own:27,15,electricity,operating,9320.935031109084,8274.059209757866
own:27,16,electricity,operating,9342.42970626463,8227.532224653238
own:27,17,electricity,operating,8759.900767389761,7653.490530239821
own:27,18,electricity,operating,9385.742014069929,8135.4126206602305
own:27,19,electricity,operating,9104.091023361561,7828.853621697676
own:27,20,electricity,operating,9429.488527760981,8044.523558786441
own:27,21,electricity,operating,9146.63803587076,7741.485307136947
own:27,22,electricity,operating,9473.673600251785,7954.846949807641
own:27,23,electricity,operating,9495.93196825304,7910.457738240665
own:27,24,electricity,operating,9211.259640091264,7612.611272802697
own:27,25,electricity,operating,9540.783136234779,7822.566496928949
own:27,26,electricity,operating,9254.881017983178,7528.12269318804
own:27,27,electricity,operating,9586.08393717553,7735.84368961606
own:27,28,electricity,operating,9608.904356861407,7692.915083056307
own:27,29,electricity,operating,8699.725438776775,6909.923258619569
own:27,30,electricity,operating,9654.888073038943,7607.912876856278
own:27,31,electricity,operating,9365.857271036262,7321.775894585375
own:27,32,electricity,operating,9701.332775971157,7524.0367528626175
own:27,33,electricity,operating,9411.028490178402,7241.144331446593
own:27,34,electricity,operating,9748.243087050267,7441.270222676898
own:27,35,electricity,operating,9771.87430248552,7400.297971770949
own:27,36,electricity,operating,9479.635813546398,7122.190693874076
own:27,0,hosting,capital,0.0,0.0
own:27,1,hosting,operating,0.0,0.0
own:27,2,hosting,operating,0.0,0.0
own:27,3,hosting,operating,0.0,0.0
own:27,4,hosting,operating,0.0,0.0
own:27,5,hosting,operating,0.0,0.0
own:27,6,hosting,operating,0.0,0.0
own:27,7,hosting,operating,0.0,0.0
own:27,8,hosting,operating,0.0,0.0
own:27,9,hosting,operating,0.0,0.0
own:27,10,hosting,operating,0.0,0.0
own:27,11,hosting,operating,0.0,0.0
own:27,12,hosting,operating,0.0,0.0
own:27,13,hosting,operating,0.0,0.0
own:27,14,hosting,operating,0.0,0.0
own:27,15,hosting,operating,0.0,0.0
own:27,16,hosting,operating,0.0,0.0
own:27,17,hosting,operating,0.0,0.0
own:27,18,hosting,operating,0.0,0.0
own:27,19,hosting,operating,0.0,0.0
own:27,20,hosting,operating,0.0,0.0
own:27,21,hosting,operating,0.0,0.0
own:27,22,hosting,operating,0.0,0.0
own:27,23,hosting,operating,0.0,0.0
own:27,24,hosting,operating,0.0,0.0
own:27,25,hosting,operating,0.0,0.0
own:27,26,hosting,operating,0.0,0.0
own:27,27,hosting,operating,0.0,0.0
own:27,28,hosting,operating,0.0,0.0
own:27,29,hosting,operating,0.0,0.0
own:27,30,hosting,operating,0.0,0.0
own:27,31,hosting,operating,0.0,0.0
own:27,32,hosting,operating,0.0,0.0
own:27,33,hosting,operating,0.0,0.0
own:27,34,hosting,operating,0.0,0.0
own:27,35,hosting,operating,0.0,0.0
own:27,36,hosting,operating,0.0,0.0
own:27,0,exit,terminal,0.0,0.0
own:27,1,exit,terminal,0.0,0.0
own:27,2,exit,terminal,0.0,0.0
own:27,3,exit,terminal,0.0,0.0
own:27,4,exit,terminal,0.0,0.0
own:27,5,exit,terminal,0.0,0.0
own:27,6,exit,terminal,0.0,0.0
own:27,7,exit,terminal,0.0,0.0
own:27,8,exit,terminal,0.0,0.0
own:27,9,exit,terminal,0.0,0.0
own:27,10,exit,terminal,0.0,0.0
own:27,11,exit,terminal,0.0,0.0
own:27,12,exit,terminal,0.0,0.0
own:27,13,exit,terminal,0.0,0.0
own:27,14,exit,terminal,0.0,0.0
own:27,15,exit,terminal,0.0,0.0
own:27,16,exit,terminal,0.0,0.0
own:27,17,exit,terminal,0.0,0.0
own:27,18,exit,terminal,0.0,0.0
own:27,19,exit,terminal,0.0,0.0
own:27,20,exit,terminal,0.0,0.0
own:27,21,exit,terminal,0.0,0.0
own:27,22,exit,terminal,0.0,0.0
own:27,23,exit,terminal,0.0,0.0
own:27,24,exit,terminal,0.0,0.0
own:27,25,exit,terminal,0.0,0.0
own:27,26,exit,terminal,0.0,0.0
own:27,27,exit,terminal,0.0,0.0
own:27,28,exit,terminal,0.0,0.0
own:27,29,exit,terminal,0.0,0.0
own:27,30,exit,terminal,0.0,0.0
own:27,31,exit,terminal,0.0,0.0
own:27,32,exit,terminal,0.0,0.0
own:27,33,exit,terminal,0.0,0.0
own:27,34,exit,terminal,0.0,0.0
own:27,35,exit,terminal,0.0,0.0
own:27,36,exit,terminal,0.0,0.0
own:27,0,residual,terminal,0.0,0.0
own:27,1,residual,terminal,0.0,0.0
own:27,2,residual,terminal,0.0,0.0
own:27,3,residual,terminal,0.0,0.0
own:27,4,residual,terminal,0.0,0.0
own:27,5,residual,terminal,0.0,0.0
own:27,6,residual,terminal,0.0,0.0
own:27,7,residual,terminal,0.0,0.0
own:27,8,residual,terminal,0.0,0.0
own:27,9,residual,terminal,0.0,0.0
own:27,10,residual,terminal,0.0,0.0
own:27,11,residual,terminal,0.0,0.0
own:27,12,residual,terminal,0.0,0.0
own:27,13,residual,terminal,0.0,0.0
own:27,14,residual,terminal,0.0,0.0
own:27,15,residual,terminal,0.0,0.0
own:27,16,residual,terminal,0.0,0.0
own:27,17,residual,terminal,0.0,0.0
own:27,18,residual,terminal,0.0,0.0
own:27,19,residual,terminal,0.0,0.0
own:27,20,residual,terminal,0.0,0.0
own:27,21,residual,terminal,0.0,0.0
own:27,22,residual,terminal,0.0,0.0
own:27,23,residual,terminal,0.0,0.0
own:27,24,residual,terminal,0.0,0.0
own:27,25,residual,terminal,0.0,0.0
own:27,26,residual,terminal,0.0,0.0
own:27,27,residual,terminal,0.0,0.0
own:27,28,residual,terminal,0.0,0.0
own:27,29,residual,terminal,0.0,0.0
own:27,30,residual,terminal,0.0,0.0
own:27,31,residual,terminal,0.0,0.0
own:27,32,residual,terminal,0.0,0.0
own:27,33,residual,terminal,0.0,0.0
own:27,34,residual,terminal,0.0,0.0
own:27,35,residual,terminal,0.0,0.0
own:27,36,residual,terminal,0.0,0.0
own:28,0,on_demand,capital,0.0,0.0
own:28,1,on_demand,operating,204473.6,202855.99778680265
own:28,2,on_demand,operating,198144.0,195021.34402646002
own:28,3,on_demand,operating,204473.6,199659.08295083806
own:28,4,on_demand,operating,204473.6,198079.56865429203
own:28,5,on_demand,operating,184659.19999999998,177469.61108979152
own:28,6,on_demand,operating,204473.6,194957.92808836754
own:28,7,on_demand,operating,0.0,0.0
own:28,8,on_demand,operating,0.0,0.0
own:28,9,on_demand,operating,0.0,0.0
own:28,10,on_demand,operating,0.0,0.0
own:28,11,on_demand,operating,0.0,0.0
own:28,12,on_demand,operating,0.0,0.0
own:28,13,on_demand,operating,0.0,0.0
own:28,14,on_demand,operating,0.0,0.0
own:28,15,on_demand,operating,0.0,0.0
own:28,16,on_demand,operating,0.0,0.0
own:28,17,on_demand,operating,0.0,0.0
own:28,18,on_demand,operating,0.0,0.0
own:28,19,on_demand,operating,0.0,0.0
own:28,20,on_demand,operating,0.0,0.0
own:28,21,on_demand,operating,0.0,0.0
own:28,22,on_demand,operating,0.0,0.0
own:28,23,on_demand,operating,0.0,0.0
own:28,24,on_demand,operating,0.0,0.0
own:28,25,on_demand,operating,0.0,0.0
own:28,26,on_demand,operating,0.0,0.0
own:28,27,on_demand,operating,0.0,0.0
own:28,28,on_demand,operating,0.0,0.0
own:28,29,on_demand,operating,0.0,0.0
own:28,30,on_demand,operating,0.0,0.0
own:28,31,on_demand,operating,0.0,0.0
own:28,32,on_demand,operating,0.0,0.0
own:28,33,on_demand,operating,0.0,0.0
own:28,34,on_demand,operating,0.0,0.0
own:28,35,on_demand,operating,0.0,0.0
own:28,36,on_demand,operating,0.0,0.0
own:28,0,variable_service,capital,0.0,0.0
own:28,1,variable_service,operating,0.0,0.0
own:28,2,variable_service,operating,0.0,0.0
own:28,3,variable_service,operating,0.0,0.0
own:28,4,variable_service,operating,0.0,0.0
own:28,5,variable_service,operating,0.0,0.0
own:28,6,variable_service,operating,0.0,0.0
own:28,7,variable_service,operating,0.0,0.0
own:28,8,variable_service,operating,0.0,0.0
own:28,9,variable_service,operating,0.0,0.0
own:28,10,variable_service,operating,0.0,0.0
own:28,11,variable_service,operating,0.0,0.0
own:28,12,variable_service,operating,0.0,0.0
own:28,13,variable_service,operating,0.0,0.0
own:28,14,variable_service,operating,0.0,0.0
own:28,15,variable_service,operating,0.0,0.0
own:28,16,variable_service,operating,0.0,0.0
own:28,17,variable_service,operating,0.0,0.0
own:28,18,variable_service,operating,0.0,0.0
own:28,19,variable_service,operating,0.0,0.0
own:28,20,variable_service,operating,0.0,0.0
own:28,21,variable_service,operating,0.0,0.0
own:28,22,variable_service,operating,0.0,0.0
own:28,23,variable_service,operating,0.0,0.0
own:28,24,variable_service,operating,0.0,0.0
own:28,25,variable_service,operating,0.0,0.0
own:28,26,variable_service,operating,0.0,0.0
own:28,27,variable_service,operating,0.0,0.0
own:28,28,variable_service,operating,0.0,0.0
own:28,29,variable_service,operating,0.0,0.0
own:28,30,variable_service,operating,0.0,0.0
own:28,31,variable_service,operating,0.0,0.0
own:28,32,variable_service,operating,0.0,0.0
own:28,33,variable_service,operating,0.0,0.0
own:28,34,variable_service,operating,0.0,0.0
own:28,35,variable_service,operating,0.0,0.0
own:28,36,variable_service,operating,0.0,0.0
own:28,0,node_acquisition,capital,11200000.0,11200000.0
own:28,1,node_acquisition,operating,0.0,0.0
own:28,2,node_acquisition,operating,0.0,0.0
own:28,3,node_acquisition,operating,0.0,0.0
own:28,4,node_acquisition,operating,0.0,0.0
own:28,5,node_acquisition,operating,0.0,0.0
own:28,6,node_acquisition,operating,0.0,0.0
own:28,7,node_acquisition,operating,0.0,0.0
own:28,8,node_acquisition,operating,0.0,0.0
own:28,9,node_acquisition,operating,0.0,0.0
own:28,10,node_acquisition,operating,0.0,0.0
own:28,11,node_acquisition,operating,0.0,0.0
own:28,12,node_acquisition,operating,0.0,0.0
own:28,13,node_acquisition,operating,0.0,0.0
own:28,14,node_acquisition,operating,0.0,0.0
own:28,15,node_acquisition,operating,0.0,0.0
own:28,16,node_acquisition,operating,0.0,0.0
own:28,17,node_acquisition,operating,0.0,0.0
own:28,18,node_acquisition,operating,0.0,0.0
own:28,19,node_acquisition,operating,0.0,0.0
own:28,20,node_acquisition,operating,0.0,0.0
own:28,21,node_acquisition,operating,0.0,0.0
own:28,22,node_acquisition,operating,0.0,0.0
own:28,23,node_acquisition,operating,0.0,0.0
own:28,24,node_acquisition,operating,0.0,0.0
own:28,25,node_acquisition,operating,0.0,0.0
own:28,26,node_acquisition,operating,0.0,0.0
own:28,27,node_acquisition,operating,0.0,0.0
own:28,28,node_acquisition,operating,0.0,0.0
own:28,29,node_acquisition,operating,0.0,0.0
own:28,30,node_acquisition,operating,0.0,0.0
own:28,31,node_acquisition,operating,0.0,0.0
own:28,32,node_acquisition,operating,0.0,0.0
own:28,33,node_acquisition,operating,0.0,0.0
own:28,34,node_acquisition,operating,0.0,0.0
own:28,35,node_acquisition,operating,0.0,0.0
own:28,36,node_acquisition,operating,0.0,0.0
own:28,0,installation,capital,50000.0,50000.0
own:28,1,installation,operating,0.0,0.0
own:28,2,installation,operating,0.0,0.0
own:28,3,installation,operating,0.0,0.0
own:28,4,installation,operating,0.0,0.0
own:28,5,installation,operating,0.0,0.0
own:28,6,installation,operating,0.0,0.0
own:28,7,installation,operating,0.0,0.0
own:28,8,installation,operating,0.0,0.0
own:28,9,installation,operating,0.0,0.0
own:28,10,installation,operating,0.0,0.0
own:28,11,installation,operating,0.0,0.0
own:28,12,installation,operating,0.0,0.0
own:28,13,installation,operating,0.0,0.0
own:28,14,installation,operating,0.0,0.0
own:28,15,installation,operating,0.0,0.0
own:28,16,installation,operating,0.0,0.0
own:28,17,installation,operating,0.0,0.0
own:28,18,installation,operating,0.0,0.0
own:28,19,installation,operating,0.0,0.0
own:28,20,installation,operating,0.0,0.0
own:28,21,installation,operating,0.0,0.0
own:28,22,installation,operating,0.0,0.0
own:28,23,installation,operating,0.0,0.0
own:28,24,installation,operating,0.0,0.0
own:28,25,installation,operating,0.0,0.0
own:28,26,installation,operating,0.0,0.0
own:28,27,installation,operating,0.0,0.0
own:28,28,installation,operating,0.0,0.0
own:28,29,installation,operating,0.0,0.0
own:28,30,installation,operating,0.0,0.0
own:28,31,installation,operating,0.0,0.0
own:28,32,installation,operating,0.0,0.0
own:28,33,installation,operating,0.0,0.0
own:28,34,installation,operating,0.0,0.0
own:28,35,installation,operating,0.0,0.0
own:28,36,installation,operating,0.0,0.0
own:28,0,network,capital,0.0,0.0
own:28,1,network,operating,0.0,0.0
own:28,2,network,operating,0.0,0.0
own:28,3,network,operating,0.0,0.0
own:28,4,network,operating,0.0,0.0
own:28,5,network,operating,0.0,0.0
own:28,6,network,operating,0.0,0.0
own:28,7,network,operating,0.0,0.0
own:28,8,network,operating,0.0,0.0
own:28,9,network,operating,0.0,0.0
own:28,10,network,operating,0.0,0.0
own:28,11,network,operating,0.0,0.0
own:28,12,network,operating,0.0,0.0
own:28,13,network,operating,0.0,0.0
own:28,14,network,operating,0.0,0.0
own:28,15,network,operating,0.0,0.0
own:28,16,network,operating,0.0,0.0
own:28,17,network,operating,0.0,0.0
own:28,18,network,operating,0.0,0.0
own:28,19,network,operating,0.0,0.0
own:28,20,network,operating,0.0,0.0
own:28,21,network,operating,0.0,0.0
own:28,22,network,operating,0.0,0.0
own:28,23,network,operating,0.0,0.0
own:28,24,network,operating,0.0,0.0
own:28,25,network,operating,0.0,0.0
own:28,26,network,operating,0.0,0.0
own:28,27,network,operating,0.0,0.0
own:28,28,network,operating,0.0,0.0
own:28,29,network,operating,0.0,0.0
own:28,30,network,operating,0.0,0.0
own:28,31,network,operating,0.0,0.0
own:28,32,network,operating,0.0,0.0
own:28,33,network,operating,0.0,0.0
own:28,34,network,operating,0.0,0.0
own:28,35,network,operating,0.0,0.0
own:28,36,network,operating,0.0,0.0
own:28,0,storage,capital,0.0,0.0
own:28,1,storage,operating,0.0,0.0
own:28,2,storage,operating,0.0,0.0
own:28,3,storage,operating,0.0,0.0
own:28,4,storage,operating,0.0,0.0
own:28,5,storage,operating,0.0,0.0
own:28,6,storage,operating,0.0,0.0
own:28,7,storage,operating,0.0,0.0
own:28,8,storage,operating,0.0,0.0
own:28,9,storage,operating,0.0,0.0
own:28,10,storage,operating,0.0,0.0
own:28,11,storage,operating,0.0,0.0
own:28,12,storage,operating,0.0,0.0
own:28,13,storage,operating,0.0,0.0
own:28,14,storage,operating,0.0,0.0
own:28,15,storage,operating,0.0,0.0
own:28,16,storage,operating,0.0,0.0
own:28,17,storage,operating,0.0,0.0
own:28,18,storage,operating,0.0,0.0
own:28,19,storage,operating,0.0,0.0
own:28,20,storage,operating,0.0,0.0
own:28,21,storage,operating,0.0,0.0
own:28,22,storage,operating,0.0,0.0
own:28,23,storage,operating,0.0,0.0
own:28,24,storage,operating,0.0,0.0
own:28,25,storage,operating,0.0,0.0
own:28,26,storage,operating,0.0,0.0
own:28,27,storage,operating,0.0,0.0
own:28,28,storage,operating,0.0,0.0
own:28,29,storage,operating,0.0,0.0
own:28,30,storage,operating,0.0,0.0
own:28,31,storage,operating,0.0,0.0
own:28,32,storage,operating,0.0,0.0
own:28,33,storage,operating,0.0,0.0
own:28,34,storage,operating,0.0,0.0
own:28,35,storage,operating,0.0,0.0
own:28,36,storage,operating,0.0,0.0
own:28,0,operations,capital,0.0,0.0
own:28,1,operations,operating,0.0,0.0
own:28,2,operations,operating,0.0,0.0
own:28,3,operations,operating,0.0,0.0
own:28,4,operations,operating,0.0,0.0
own:28,5,operations,operating,0.0,0.0
own:28,6,operations,operating,0.0,0.0
own:28,7,operations,operating,11333.333333333334,10720.42318485011
own:28,8,operations,operating,11333.333333333334,10635.61331076257
own:28,9,operations,operating,11333.333333333334,10551.474372385192
own:28,10,operations,operating,11333.333333333334,10468.001061907627
own:28,11,operations,operating,11333.333333333334,10385.188113509917
own:28,12,operations,operating,11333.333333333334,10303.030303030304
own:28,13,operations,operating,11333.333333333334,10221.522447635665
own:28,14,operations,operating,11333.333333333334,10140.659405494565
own:28,15,operations,operating,11333.333333333334,10060.436075452897
own:28,16,operations,operating,11333.333333333334,9980.847396712055
own:28,17,operations,operating,11333.333333333334,9901.888348509714
own:28,18,operations,operating,11333.333333333334,9823.553949803072
own:28,19,operations,operating,11333.333333333334,9745.839258954646
own:28,20,operations,operating,11333.333333333334,9668.739373420518
own:28,21,operations,operating,11333.333333333334,9592.249429441083
own:28,22,operations,operating,11333.333333333334,9516.364601734205
own:28,23,operations,operating,11333.333333333334,9441.080103190832
own:28,24,operations,operating,11333.333333333334,9366.391184573002
own:28,25,operations,operating,11333.333333333334,9292.293134214238
own:28,26,operations,operating,11333.333333333334,9218.781277722333
own:28,27,operations,operating,11333.333333333334,9145.85097768445
own:28,28,operations,operating,11333.333333333334,9073.497633374594
own:28,29,operations,operating,11333.333333333334,9001.716680463376
own:28,30,operations,operating,11333.333333333334,8930.503590730064
own:28,31,operations,operating,11333.333333333334,8859.853871776948
own:28,32,operations,operating,11333.333333333334,8789.763066745925
own:28,33,operations,operating,11333.333333333334,8720.226754037347
own:28,34,operations,operating,11333.333333333334,8651.240547031095
own:28,35,operations,operating,11333.333333333334,8582.800093809848
own:28,36,operations,operating,11333.333333333334,8514.901076884546
own:28,0,precommission,capital,0.0,0.0
own:28,1,precommission,operating,0.0,0.0
own:28,2,precommission,operating,0.0,0.0
own:28,3,precommission,operating,0.0,0.0
own:28,4,precommission,operating,0.0,0.0
own:28,5,precommission,operating,0.0,0.0
own:28,6,precommission,operating,0.0,0.0
own:28,7,precommission,operating,0.0,0.0
own:28,8,precommission,operating,0.0,0.0
own:28,9,precommission,operating,0.0,0.0
own:28,10,precommission,operating,0.0,0.0
own:28,11,precommission,operating,0.0,0.0
own:28,12,precommission,operating,0.0,0.0
own:28,13,precommission,operating,0.0,0.0
own:28,14,precommission,operating,0.0,0.0
own:28,15,precommission,operating,0.0,0.0
own:28,16,precommission,operating,0.0,0.0
own:28,17,precommission,operating,0.0,0.0
own:28,18,precommission,operating,0.0,0.0
own:28,19,precommission,operating,0.0,0.0
own:28,20,precommission,operating,0.0,0.0
own:28,21,precommission,operating,0.0,0.0
own:28,22,precommission,operating,0.0,0.0
own:28,23,precommission,operating,0.0,0.0
own:28,24,precommission,operating,0.0,0.0
own:28,25,precommission,operating,0.0,0.0
own:28,26,precommission,operating,0.0,0.0
own:28,27,precommission,operating,0.0,0.0
own:28,28,precommission,operating,0.0,0.0
own:28,29,precommission,operating,0.0,0.0
own:28,30,precommission,operating,0.0,0.0
own:28,31,precommission,operating,0.0,0.0
own:28,32,precommission,operating,0.0,0.0
own:28,33,precommission,operating,0.0,0.0
own:28,34,precommission,operating,0.0,0.0
own:28,35,precommission,operating,0.0,0.0
own:28,36,precommission,operating,0.0,0.0
own:28,0,electricity,capital,0.0,0.0
own:28,1,electricity,operating,0.0,0.0
own:28,2,electricity,operating,0.0,0.0
own:28,3,electricity,operating,0.0,0.0
own:28,4,electricity,operating,0.0,0.0
own:28,5,electricity,operating,0.0,0.0
own:28,6,electricity,operating,0.0,0.0
own:28,7,electricity,operating,9037.53199693245,8548.779490035824
own:28,8,electricity,operating,9359.43697881435,8783.23698645188
own:28,9,electricity,operating,9077.607255201698,8451.365321985759
own:28,10,electricity,operating,9401.055134526961,8683.25780570121
own:28,11,electricity,operating,9422.020410199595,8633.775385522295
own:28,12,electricity,operating,9138.474689274768,8307.704262977062
own:28,13,electricity,operating,9464.265964811846,8535.812383210456
own:28,14,electricity,operating,9179.561898034748,8213.542120555201
own:28,15,electricity,operating,9506.935031109084,8439.16871946677
own:28,16,electricity,operating,9528.42970626463,8391.335543693394
own:28,17,electricity,operating,8933.900767389761,7805.51363959047
own:28,18,electricity,operating,9571.742014069929,8296.63447665994
own:28,19,electricity,operating,9284.091023361561,7983.640480516368
own:28,20,electricity,operating,9615.488527760981,8203.204634385518
own:28,21,electricity,operating,9326.63803587076,7893.832798075128
own:28,22,electricity,operating,9659.673600251785,8111.02728650669
own:28,23,electricity,operating,9681.93196825304,8065.402523463621
own:28,24,electricity,operating,9391.259640091264,7761.37160338121
own:28,25,electricity,operating,9726.783136234779,7975.069425425759
own:28,26,electricity,operating,9434.881017983178,7674.538631128336
own:28,27,electricity,operating,9772.08393717553,7885.9432438968815
own:28,28,electricity,operating,9794.904356861407,7841.82719127463
own:28,29,electricity,operating,8867.725438776775,7043.360470588791
own:28,30,electricity,operating,9840.888073038943,7754.478200492376
own:28,31,electricity,operating,9545.857271036262,7462.491220784184
own:28,32,electricity,operating,9887.332775971157,7668.292276134506
own:28,33,electricity,operating,9591.028490178402,7379.642050481304
own:28,34,electricity,operating,9934.243087050267,7583.252346948761
own:28,35,electricity,operating,9957.87430248552,7541.156867428181
own:28,36,electricity,operating,9659.635813546398,7257.42735803636
own:28,0,hosting,capital,0.0,0.0
own:28,1,hosting,operating,0.0,0.0
own:28,2,hosting,operating,0.0,0.0
own:28,3,hosting,operating,0.0,0.0
own:28,4,hosting,operating,0.0,0.0
own:28,5,hosting,operating,0.0,0.0
own:28,6,hosting,operating,0.0,0.0
own:28,7,hosting,operating,0.0,0.0
own:28,8,hosting,operating,0.0,0.0
own:28,9,hosting,operating,0.0,0.0
own:28,10,hosting,operating,0.0,0.0
own:28,11,hosting,operating,0.0,0.0
own:28,12,hosting,operating,0.0,0.0
own:28,13,hosting,operating,0.0,0.0
own:28,14,hosting,operating,0.0,0.0
own:28,15,hosting,operating,0.0,0.0
own:28,16,hosting,operating,0.0,0.0
own:28,17,hosting,operating,0.0,0.0
own:28,18,hosting,operating,0.0,0.0
own:28,19,hosting,operating,0.0,0.0
own:28,20,hosting,operating,0.0,0.0
own:28,21,hosting,operating,0.0,0.0
own:28,22,hosting,operating,0.0,0.0
own:28,23,hosting,operating,0.0,0.0
own:28,24,hosting,operating,0.0,0.0
own:28,25,hosting,operating,0.0,0.0
own:28,26,hosting,operating,0.0,0.0
own:28,27,hosting,operating,0.0,0.0
own:28,28,hosting,operating,0.0,0.0
own:28,29,hosting,operating,0.0,0.0
own:28,30,hosting,operating,0.0,0.0
own:28,31,hosting,operating,0.0,0.0
own:28,32,hosting,operating,0.0,0.0
own:28,33,hosting,operating,0.0,0.0
own:28,34,hosting,operating,0.0,0.0
own:28,35,hosting,operating,0.0,0.0
own:28,36,hosting,operating,0.0,0.0
own:28,0,exit,terminal,0.0,0.0
own:28,1,exit,terminal,0.0,0.0
own:28,2,exit,terminal,0.0,0.0
own:28,3,exit,terminal,0.0,0.0
own:28,4,exit,terminal,0.0,0.0
own:28,5,exit,terminal,0.0,0.0
own:28,6,exit,terminal,0.0,0.0
own:28,7,exit,terminal,0.0,0.0
own:28,8,exit,terminal,0.0,0.0
own:28,9,exit,terminal,0.0,0.0
own:28,10,exit,terminal,0.0,0.0
own:28,11,exit,terminal,0.0,0.0
own:28,12,exit,terminal,0.0,0.0
own:28,13,exit,terminal,0.0,0.0
own:28,14,exit,terminal,0.0,0.0
own:28,15,exit,terminal,0.0,0.0
own:28,16,exit,terminal,0.0,0.0
own:28,17,exit,terminal,0.0,0.0
own:28,18,exit,terminal,0.0,0.0
own:28,19,exit,terminal,0.0,0.0
own:28,20,exit,terminal,0.0,0.0
own:28,21,exit,terminal,0.0,0.0
own:28,22,exit,terminal,0.0,0.0
own:28,23,exit,terminal,0.0,0.0
own:28,24,exit,terminal,0.0,0.0
own:28,25,exit,terminal,0.0,0.0
own:28,26,exit,terminal,0.0,0.0
own:28,27,exit,terminal,0.0,0.0
own:28,28,exit,terminal,0.0,0.0
own:28,29,exit,terminal,0.0,0.0
own:28,30,exit,terminal,0.0,0.0
own:28,31,exit,terminal,0.0,0.0
own:28,32,exit,terminal,0.0,0.0
own:28,33,exit,terminal,0.0,0.0
own:28,34,exit,terminal,0.0,0.0
own:28,35,exit,terminal,0.0,0.0
own:28,36,exit,terminal,0.0,0.0
own:28,0,residual,terminal,0.0,0.0
own:28,1,residual,terminal,0.0,0.0
own:28,2,residual,terminal,0.0,0.0
own:28,3,residual,terminal,0.0,0.0
own:28,4,residual,terminal,0.0,0.0
own:28,5,residual,terminal,0.0,0.0
own:28,6,residual,terminal,0.0,0.0
own:28,7,residual,terminal,0.0,0.0
own:28,8,residual,terminal,0.0,0.0
own:28,9,residual,terminal,0.0,0.0
own:28,10,residual,terminal,0.0,0.0
own:28,11,residual,terminal,0.0,0.0
own:28,12,residual,terminal,0.0,0.0
own:28,13,residual,terminal,0.0,0.0
own:28,14,residual,terminal,0.0,0.0
own:28,15,residual,terminal,0.0,0.0
own:28,16,residual,terminal,0.0,0.0
own:28,17,residual,terminal,0.0,0.0
own:28,18,residual,terminal,0.0,0.0
own:28,19,residual,terminal,0.0,0.0
own:28,20,residual,terminal,0.0,0.0
own:28,21,residual,terminal,0.0,0.0
own:28,22,residual,terminal,0.0,0.0
own:28,23,residual,terminal,0.0,0.0
own:28,24,residual,terminal,0.0,0.0
own:28,25,residual,terminal,0.0,0.0
own:28,26,residual,terminal,0.0,0.0
own:28,27,residual,terminal,0.0,0.0
own:28,28,residual,terminal,0.0,0.0
own:28,29,residual,terminal,0.0,0.0
own:28,30,residual,terminal,0.0,0.0
own:28,31,residual,terminal,0.0,0.0
own:28,32,residual,terminal,0.0,0.0
own:28,33,residual,terminal,0.0,0.0
own:28,34,residual,terminal,0.0,0.0
own:28,35,residual,terminal,0.0,0.0
own:28,36,residual,terminal,0.0,0.0
own:29,0,on_demand,capital,0.0,0.0
own:29,1,on_demand,operating,204473.6,202855.99778680265
own:29,2,on_demand,operating,198144.0,195021.34402646002
own:29,3,on_demand,operating,204473.6,199659.08295083806
own:29,4,on_demand,operating,204473.6,198079.56865429203
own:29,5,on_demand,operating,184659.19999999998,177469.61108979152
own:29,6,on_demand,operating,204473.6,194957.92808836754
own:29,7,on_demand,operating,0.0,0.0
own:29,8,on_demand,operating,0.0,0.0
own:29,9,on_demand,operating,0.0,0.0
own:29,10,on_demand,operating,0.0,0.0
own:29,11,on_demand,operating,0.0,0.0
own:29,12,on_demand,operating,0.0,0.0
own:29,13,on_demand,operating,0.0,0.0
own:29,14,on_demand,operating,0.0,0.0
own:29,15,on_demand,operating,0.0,0.0
own:29,16,on_demand,operating,0.0,0.0
own:29,17,on_demand,operating,0.0,0.0
own:29,18,on_demand,operating,0.0,0.0
own:29,19,on_demand,operating,0.0,0.0
own:29,20,on_demand,operating,0.0,0.0
own:29,21,on_demand,operating,0.0,0.0
own:29,22,on_demand,operating,0.0,0.0
own:29,23,on_demand,operating,0.0,0.0
own:29,24,on_demand,operating,0.0,0.0
own:29,25,on_demand,operating,0.0,0.0
own:29,26,on_demand,operating,0.0,0.0
own:29,27,on_demand,operating,0.0,0.0
own:29,28,on_demand,operating,0.0,0.0
own:29,29,on_demand,operating,0.0,0.0
own:29,30,on_demand,operating,0.0,0.0
own:29,31,on_demand,operating,0.0,0.0
own:29,32,on_demand,operating,0.0,0.0
own:29,33,on_demand,operating,0.0,0.0
own:29,34,on_demand,operating,0.0,0.0
own:29,35,on_demand,operating,0.0,0.0
own:29,36,on_demand,operating,0.0,0.0
own:29,0,variable_service,capital,0.0,0.0
own:29,1,variable_service,operating,0.0,0.0
own:29,2,variable_service,operating,0.0,0.0
own:29,3,variable_service,operating,0.0,0.0
own:29,4,variable_service,operating,0.0,0.0
own:29,5,variable_service,operating,0.0,0.0
own:29,6,variable_service,operating,0.0,0.0
own:29,7,variable_service,operating,0.0,0.0
own:29,8,variable_service,operating,0.0,0.0
own:29,9,variable_service,operating,0.0,0.0
own:29,10,variable_service,operating,0.0,0.0
own:29,11,variable_service,operating,0.0,0.0
own:29,12,variable_service,operating,0.0,0.0
own:29,13,variable_service,operating,0.0,0.0
own:29,14,variable_service,operating,0.0,0.0
own:29,15,variable_service,operating,0.0,0.0
own:29,16,variable_service,operating,0.0,0.0
own:29,17,variable_service,operating,0.0,0.0
own:29,18,variable_service,operating,0.0,0.0
own:29,19,variable_service,operating,0.0,0.0
own:29,20,variable_service,operating,0.0,0.0
own:29,21,variable_service,operating,0.0,0.0
own:29,22,variable_service,operating,0.0,0.0
own:29,23,variable_service,operating,0.0,0.0
own:29,24,variable_service,operating,0.0,0.0
own:29,25,variable_service,operating,0.0,0.0
own:29,26,variable_service,operating,0.0,0.0
own:29,27,variable_service,operating,0.0,0.0
own:29,28,variable_service,operating,0.0,0.0
own:29,29,variable_service,operating,0.0,0.0
own:29,30,variable_service,operating,0.0,0.0
own:29,31,variable_service,operating,0.0,0.0
own:29,32,variable_service,operating,0.0,0.0
own:29,33,variable_service,operating,0.0,0.0
own:29,34,variable_service,operating,0.0,0.0
own:29,35,variable_service,operating,0.0,0.0
own:29,36,variable_service,operating,0.0,0.0
own:29,0,node_acquisition,capital,11600000.0,11600000.0
own:29,1,node_acquisition,operating,0.0,0.0
own:29,2,node_acquisition,operating,0.0,0.0
own:29,3,node_acquisition,operating,0.0,0.0
own:29,4,node_acquisition,operating,0.0,0.0
own:29,5,node_acquisition,operating,0.0,0.0
own:29,6,node_acquisition,operating,0.0,0.0
own:29,7,node_acquisition,operating,0.0,0.0
own:29,8,node_acquisition,operating,0.0,0.0
own:29,9,node_acquisition,operating,0.0,0.0
own:29,10,node_acquisition,operating,0.0,0.0
own:29,11,node_acquisition,operating,0.0,0.0
own:29,12,node_acquisition,operating,0.0,0.0
own:29,13,node_acquisition,operating,0.0,0.0
own:29,14,node_acquisition,operating,0.0,0.0
own:29,15,node_acquisition,operating,0.0,0.0
own:29,16,node_acquisition,operating,0.0,0.0
own:29,17,node_acquisition,operating,0.0,0.0
own:29,18,node_acquisition,operating,0.0,0.0
own:29,19,node_acquisition,operating,0.0,0.0
own:29,20,node_acquisition,operating,0.0,0.0
own:29,21,node_acquisition,operating,0.0,0.0
own:29,22,node_acquisition,operating,0.0,0.0
own:29,23,node_acquisition,operating,0.0,0.0
own:29,24,node_acquisition,operating,0.0,0.0
own:29,25,node_acquisition,operating,0.0,0.0
own:29,26,node_acquisition,operating,0.0,0.0
own:29,27,node_acquisition,operating,0.0,0.0
own:29,28,node_acquisition,operating,0.0,0.0
own:29,29,node_acquisition,operating,0.0,0.0
own:29,30,node_acquisition,operating,0.0,0.0
own:29,31,node_acquisition,operating,0.0,0.0
own:29,32,node_acquisition,operating,0.0,0.0
own:29,33,node_acquisition,operating,0.0,0.0
own:29,34,node_acquisition,operating,0.0,0.0
own:29,35,node_acquisition,operating,0.0,0.0
own:29,36,node_acquisition,operating,0.0,0.0
own:29,0,installation,capital,50000.0,50000.0
own:29,1,installation,operating,0.0,0.0
own:29,2,installation,operating,0.0,0.0
own:29,3,installation,operating,0.0,0.0
own:29,4,installation,operating,0.0,0.0
own:29,5,installation,operating,0.0,0.0
own:29,6,installation,operating,0.0,0.0
own:29,7,installation,operating,0.0,0.0
own:29,8,installation,operating,0.0,0.0
own:29,9,installation,operating,0.0,0.0
own:29,10,installation,operating,0.0,0.0
own:29,11,installation,operating,0.0,0.0
own:29,12,installation,operating,0.0,0.0
own:29,13,installation,operating,0.0,0.0
own:29,14,installation,operating,0.0,0.0
own:29,15,installation,operating,0.0,0.0
own:29,16,installation,operating,0.0,0.0
own:29,17,installation,operating,0.0,0.0
own:29,18,installation,operating,0.0,0.0
own:29,19,installation,operating,0.0,0.0
own:29,20,installation,operating,0.0,0.0
own:29,21,installation,operating,0.0,0.0
own:29,22,installation,operating,0.0,0.0
own:29,23,installation,operating,0.0,0.0
own:29,24,installation,operating,0.0,0.0
own:29,25,installation,operating,0.0,0.0
own:29,26,installation,operating,0.0,0.0
own:29,27,installation,operating,0.0,0.0
own:29,28,installation,operating,0.0,0.0
own:29,29,installation,operating,0.0,0.0
own:29,30,installation,operating,0.0,0.0
own:29,31,installation,operating,0.0,0.0
own:29,32,installation,operating,0.0,0.0
own:29,33,installation,operating,0.0,0.0
own:29,34,installation,operating,0.0,0.0
own:29,35,installation,operating,0.0,0.0
own:29,36,installation,operating,0.0,0.0
own:29,0,network,capital,0.0,0.0
own:29,1,network,operating,0.0,0.0
own:29,2,network,operating,0.0,0.0
own:29,3,network,operating,0.0,0.0
own:29,4,network,operating,0.0,0.0
own:29,5,network,operating,0.0,0.0
own:29,6,network,operating,0.0,0.0
own:29,7,network,operating,0.0,0.0
own:29,8,network,operating,0.0,0.0
own:29,9,network,operating,0.0,0.0
own:29,10,network,operating,0.0,0.0
own:29,11,network,operating,0.0,0.0
own:29,12,network,operating,0.0,0.0
own:29,13,network,operating,0.0,0.0
own:29,14,network,operating,0.0,0.0
own:29,15,network,operating,0.0,0.0
own:29,16,network,operating,0.0,0.0
own:29,17,network,operating,0.0,0.0
own:29,18,network,operating,0.0,0.0
own:29,19,network,operating,0.0,0.0
own:29,20,network,operating,0.0,0.0
own:29,21,network,operating,0.0,0.0
own:29,22,network,operating,0.0,0.0
own:29,23,network,operating,0.0,0.0
own:29,24,network,operating,0.0,0.0
own:29,25,network,operating,0.0,0.0
own:29,26,network,operating,0.0,0.0
own:29,27,network,operating,0.0,0.0
own:29,28,network,operating,0.0,0.0
own:29,29,network,operating,0.0,0.0
own:29,30,network,operating,0.0,0.0
own:29,31,network,operating,0.0,0.0
own:29,32,network,operating,0.0,0.0
own:29,33,network,operating,0.0,0.0
own:29,34,network,operating,0.0,0.0
own:29,35,network,operating,0.0,0.0
own:29,36,network,operating,0.0,0.0
own:29,0,storage,capital,0.0,0.0
own:29,1,storage,operating,0.0,0.0
own:29,2,storage,operating,0.0,0.0
own:29,3,storage,operating,0.0,0.0
own:29,4,storage,operating,0.0,0.0
own:29,5,storage,operating,0.0,0.0
own:29,6,storage,operating,0.0,0.0
own:29,7,storage,operating,0.0,0.0
own:29,8,storage,operating,0.0,0.0
own:29,9,storage,operating,0.0,0.0
own:29,10,storage,operating,0.0,0.0
own:29,11,storage,operating,0.0,0.0
own:29,12,storage,operating,0.0,0.0
own:29,13,storage,operating,0.0,0.0
own:29,14,storage,operating,0.0,0.0
own:29,15,storage,operating,0.0,0.0
own:29,16,storage,operating,0.0,0.0
own:29,17,storage,operating,0.0,0.0
own:29,18,storage,operating,0.0,0.0
own:29,19,storage,operating,0.0,0.0
own:29,20,storage,operating,0.0,0.0
own:29,21,storage,operating,0.0,0.0
own:29,22,storage,operating,0.0,0.0
own:29,23,storage,operating,0.0,0.0
own:29,24,storage,operating,0.0,0.0
own:29,25,storage,operating,0.0,0.0
own:29,26,storage,operating,0.0,0.0
own:29,27,storage,operating,0.0,0.0
own:29,28,storage,operating,0.0,0.0
own:29,29,storage,operating,0.0,0.0
own:29,30,storage,operating,0.0,0.0
own:29,31,storage,operating,0.0,0.0
own:29,32,storage,operating,0.0,0.0
own:29,33,storage,operating,0.0,0.0
own:29,34,storage,operating,0.0,0.0
own:29,35,storage,operating,0.0,0.0
own:29,36,storage,operating,0.0,0.0
own:29,0,operations,capital,0.0,0.0
own:29,1,operations,operating,0.0,0.0
own:29,2,operations,operating,0.0,0.0
own:29,3,operations,operating,0.0,0.0
own:29,4,operations,operating,0.0,0.0
own:29,5,operations,operating,0.0,0.0
own:29,6,operations,operating,0.0,0.0
own:29,7,operations,operating,11666.666666666666,11035.729749110405
own:29,8,operations,operating,11666.666666666666,10948.42546696147
own:29,9,operations,operating,11666.666666666666,10861.811853925932
own:29,10,operations,operating,11666.666666666666,10775.88344608138
own:29,11,operations,operating,11666.666666666666,10690.634822730795
own:29,12,operations,operating,11666.666666666666,10606.060606060606
own:29,13,operations,operating,11666.666666666666,10522.155460801418
own:29,14,operations,operating,11666.666666666666,10438.914093891464
own:29,15,operations,operating,11666.666666666666,10356.331254142686
own:29,16,operations,operating,11666.666666666666,10274.40173190947
own:29,17,operations,operating,11666.666666666666,10193.120358759998
own:29,18,operations,operating,11666.666666666666,10112.48200715022
own:29,19,operations,operating,11666.666666666666,10032.48159010037
own:29,20,operations,operating,11666.666666666666,9953.11406087406
own:29,21,operations,operating,11666.666666666666,9874.374412659938
own:29,22,operations,operating,11666.666666666666,9796.257678255799
own:29,23,operations,operating,11666.666666666666,9718.758929755268
own:29,24,operations,operating,11666.666666666666,9641.873278236913
own:29,25,operations,operating,11666.666666666666,9565.595873455833
own:29,26,operations,operating,11666.666666666666,9489.921903537695
own:29,27,operations,operating,11666.666666666666,9414.846594675168
own:29,28,operations,operating,11666.666666666666,9340.365210826787
own:29,29,operations,operating,11666.666666666666,9266.47305341818
own:29,30,operations,operating,11666.666666666666,9193.165461045654
own:29,31,operations,operating,11666.666666666666,9120.437809182153
own:29,32,operations,operating,11666.666666666666,9048.28550988551
own:29,33,operations,operating,11666.666666666666,8976.704011509033
own:29,34,operations,operating,11666.666666666666,8905.688798414361
own:29,35,operations,operating,11666.666666666666,8835.235390686606
own:29,36,operations,operating,11666.666666666666,8765.339343851738
own:29,0,precommission,capital,0.0,0.0
own:29,1,precommission,operating,0.0,0.0
own:29,2,precommission,operating,0.0,0.0
own:29,3,precommission,operating,0.0,0.0
own:29,4,precommission,operating,0.0,0.0
own:29,5,precommission,operating,0.0,0.0
own:29,6,precommission,operating,0.0,0.0
own:29,7,precommission,operating,0.0,0.0
own:29,8,precommission,operating,0.0,0.0
own:29,9,precommission,operating,0.0,0.0
own:29,10,precommission,operating,0.0,0.0
own:29,11,precommission,operating,0.0,0.0
own:29,12,precommission,operating,0.0,0.0
own:29,13,precommission,operating,0.0,0.0
own:29,14,precommission,operating,0.0,0.0
own:29,15,precommission,operating,0.0,0.0
own:29,16,precommission,operating,0.0,0.0
own:29,17,precommission,operating,0.0,0.0
own:29,18,precommission,operating,0.0,0.0
own:29,19,precommission,operating,0.0,0.0
own:29,20,precommission,operating,0.0,0.0
own:29,21,precommission,operating,0.0,0.0
own:29,22,precommission,operating,0.0,0.0
own:29,23,precommission,operating,0.0,0.0
own:29,24,precommission,operating,0.0,0.0
own:29,25,precommission,operating,0.0,0.0
own:29,26,precommission,operating,0.0,0.0
own:29,27,precommission,operating,0.0,0.0
own:29,28,precommission,operating,0.0,0.0
own:29,29,precommission,operating,0.0,0.0
own:29,30,precommission,operating,0.0,0.0
own:29,31,precommission,operating,0.0,0.0
own:29,32,precommission,operating,0.0,0.0
own:29,33,precommission,operating,0.0,0.0
own:29,34,precommission,operating,0.0,0.0
own:29,35,precommission,operating,0.0,0.0
own:29,36,precommission,operating,0.0,0.0
own:29,0,electricity,capital,0.0,0.0
own:29,1,electricity,operating,0.0,0.0
own:29,2,electricity,operating,0.0,0.0
own:29,3,electricity,operating,0.0,0.0
own:29,4,electricity,operating,0.0,0.0
own:29,5,electricity,operating,0.0,0.0
own:29,6,electricity,operating,0.0,0.0
own:29,7,electricity,operating,9217.53199693245,8719.045034736384
own:29,8,electricity,operating,9545.43697881435,8957.786169610867
own:29,9,electricity,operating,9257.607255201698,8618.947562017758
own:29,10,electricity,operating,9587.055134526961,8855.056176070164
own:29,11,electricity,operating,9608.020410199595,8804.214649267546
own:29,12,electricity,operating,9318.474689274768,8471.340626613424
own:29,13,electricity,operating,9650.265964811846,8703.565604556947
own:29,14,electricity,operating,9359.561898034748,8374.599652289528
own:29,15,electricity,operating,9692.935031109084,8604.278229175674
own:29,16,electricity,operating,9714.42970626463,8555.138862733551
own:29,17,electricity,operating,9107.900767389761,7957.536748941119
own:29,18,electricity,operating,9757.742014069929,8457.856332659649
own:29,19,electricity,operating,9464.091023361561,8138.4273393350595
own:29,20,electricity,operating,9801.488527760981,8361.885709984597
own:29,21,electricity,operating,9506.63803587076,8046.18028901331
own:29,22,electricity,operating,9845.673600251785,8267.20762320574
own:29,23,electricity,operating,9867.93196825304,8220.347308686576
own:29,24,electricity,operating,9571.259640091264,7910.131933959722
own:29,25,electricity,operating,9912.783136234779,8127.572353922569
own:29,26,electricity,operating,9614.881017983178,7820.954569068632
own:29,27,electricity,operating,9958.08393717553,8036.042798177703
own:29,28,electricity,operating,9980.904356861407,7990.739299492955
own:29,29,electricity,operating,9035.725438776775,7176.797682558013
own:29,30,electricity,operating,10026.888073038943,7901.043524128476
own:29,31,electricity,operating,9725.857271036262,7603.206546982995
own:29,32,electricity,operating,10073.332775971157,7812.547799406395
own:29,33,electricity,operating,9771.028490178402,7518.139769516015
own:29,34,electricity,operating,10120.243087050267,7725.234471220624
own:29,35,electricity,operating,10143.87430248552,7682.015763085413
own:29,36,electricity,operating,9839.635813546398,7392.664022198644
own:29,0,hosting,capital,0.0,0.0
own:29,1,hosting,operating,0.0,0.0
own:29,2,hosting,operating,0.0,0.0
own:29,3,hosting,operating,0.0,0.0
own:29,4,hosting,operating,0.0,0.0
own:29,5,hosting,operating,0.0,0.0
own:29,6,hosting,operating,0.0,0.0
own:29,7,hosting,operating,0.0,0.0
own:29,8,hosting,operating,0.0,0.0
own:29,9,hosting,operating,0.0,0.0
own:29,10,hosting,operating,0.0,0.0
own:29,11,hosting,operating,0.0,0.0
own:29,12,hosting,operating,0.0,0.0
own:29,13,hosting,operating,0.0,0.0
own:29,14,hosting,operating,0.0,0.0
own:29,15,hosting,operating,0.0,0.0
own:29,16,hosting,operating,0.0,0.0
own:29,17,hosting,operating,0.0,0.0
own:29,18,hosting,operating,0.0,0.0
own:29,19,hosting,operating,0.0,0.0
own:29,20,hosting,operating,0.0,0.0
own:29,21,hosting,operating,0.0,0.0
own:29,22,hosting,operating,0.0,0.0
own:29,23,hosting,operating,0.0,0.0
own:29,24,hosting,operating,0.0,0.0
own:29,25,hosting,operating,0.0,0.0
own:29,26,hosting,operating,0.0,0.0
own:29,27,hosting,operating,0.0,0.0
own:29,28,hosting,operating,0.0,0.0
own:29,29,hosting,operating,0.0,0.0
own:29,30,hosting,operating,0.0,0.0
own:29,31,hosting,operating,0.0,0.0
own:29,32,hosting,operating,0.0,0.0
own:29,33,hosting,operating,0.0,0.0
own:29,34,hosting,operating,0.0,0.0
own:29,35,hosting,operating,0.0,0.0
own:29,36,hosting,operating,0.0,0.0
own:29,0,exit,terminal,0.0,0.0
own:29,1,exit,terminal,0.0,0.0
own:29,2,exit,terminal,0.0,0.0
own:29,3,exit,terminal,0.0,0.0
own:29,4,exit,terminal,0.0,0.0
own:29,5,exit,terminal,0.0,0.0
own:29,6,exit,terminal,0.0,0.0
own:29,7,exit,terminal,0.0,0.0
own:29,8,exit,terminal,0.0,0.0
own:29,9,exit,terminal,0.0,0.0
own:29,10,exit,terminal,0.0,0.0
own:29,11,exit,terminal,0.0,0.0
own:29,12,exit,terminal,0.0,0.0
own:29,13,exit,terminal,0.0,0.0
own:29,14,exit,terminal,0.0,0.0
own:29,15,exit,terminal,0.0,0.0
own:29,16,exit,terminal,0.0,0.0
own:29,17,exit,terminal,0.0,0.0
own:29,18,exit,terminal,0.0,0.0
own:29,19,exit,terminal,0.0,0.0
own:29,20,exit,terminal,0.0,0.0
own:29,21,exit,terminal,0.0,0.0
own:29,22,exit,terminal,0.0,0.0
own:29,23,exit,terminal,0.0,0.0
own:29,24,exit,terminal,0.0,0.0
own:29,25,exit,terminal,0.0,0.0
own:29,26,exit,terminal,0.0,0.0
own:29,27,exit,terminal,0.0,0.0
own:29,28,exit,terminal,0.0,0.0
own:29,29,exit,terminal,0.0,0.0
own:29,30,exit,terminal,0.0,0.0
own:29,31,exit,terminal,0.0,0.0
own:29,32,exit,terminal,0.0,0.0
own:29,33,exit,terminal,0.0,0.0
own:29,34,exit,terminal,0.0,0.0
own:29,35,exit,terminal,0.0,0.0
own:29,36,exit,terminal,0.0,0.0
own:29,0,residual,terminal,0.0,0.0
own:29,1,residual,terminal,0.0,0.0
own:29,2,residual,terminal,0.0,0.0
own:29,3,residual,terminal,0.0,0.0
own:29,4,residual,terminal,0.0,0.0
own:29,5,residual,terminal,0.0,0.0
own:29,6,residual,terminal,0.0,0.0
own:29,7,residual,terminal,0.0,0.0
own:29,8,residual,terminal,0.0,0.0
own:29,9,residual,terminal,0.0,0.0
own:29,10,residual,terminal,0.0,0.0
own:29,11,residual,terminal,0.0,0.0
own:29,12,residual,terminal,0.0,0.0
own:29,13,residual,terminal,0.0,0.0
own:29,14,residual,terminal,0.0,0.0
own:29,15,residual,terminal,0.0,0.0
own:29,16,residual,terminal,0.0,0.0
own:29,17,residual,terminal,0.0,0.0
own:29,18,residual,terminal,0.0,0.0
own:29,19,residual,terminal,0.0,0.0
own:29,20,residual,terminal,0.0,0.0
own:29,21,residual,terminal,0.0,0.0
own:29,22,residual,terminal,0.0,0.0
own:29,23,residual,terminal,0.0,0.0
own:29,24,residual,terminal,0.0,0.0
own:29,25,residual,terminal,0.0,0.0
own:29,26,residual,terminal,0.0,0.0
own:29,27,residual,terminal,0.0,0.0
own:29,28,residual,terminal,0.0,0.0
own:29,29,residual,terminal,0.0,0.0
own:29,30,residual,terminal,0.0,0.0
own:29,31,residual,terminal,0.0,0.0
own:29,32,residual,terminal,0.0,0.0
own:29,33,residual,terminal,0.0,0.0
own:29,34,residual,terminal,0.0,0.0
own:29,35,residual,terminal,0.0,0.0
own:29,36,residual,terminal,0.0,0.0
own:30,0,on_demand,capital,0.0,0.0
own:30,1,on_demand,operating,204473.6,202855.99778680265
own:30,2,on_demand,operating,198144.0,195021.34402646002
own:30,3,on_demand,operating,204473.6,199659.08295083806
own:30,4,on_demand,operating,204473.6,198079.56865429203
own:30,5,on_demand,operating,184659.19999999998,177469.61108979152
own:30,6,on_demand,operating,204473.6,194957.92808836754
own:30,7,on_demand,operating,0.0,0.0
own:30,8,on_demand,operating,0.0,0.0
own:30,9,on_demand,operating,0.0,0.0
own:30,10,on_demand,operating,0.0,0.0
own:30,11,on_demand,operating,0.0,0.0
own:30,12,on_demand,operating,0.0,0.0
own:30,13,on_demand,operating,0.0,0.0
own:30,14,on_demand,operating,0.0,0.0
own:30,15,on_demand,operating,0.0,0.0
own:30,16,on_demand,operating,0.0,0.0
own:30,17,on_demand,operating,0.0,0.0
own:30,18,on_demand,operating,0.0,0.0
own:30,19,on_demand,operating,0.0,0.0
own:30,20,on_demand,operating,0.0,0.0
own:30,21,on_demand,operating,0.0,0.0
own:30,22,on_demand,operating,0.0,0.0
own:30,23,on_demand,operating,0.0,0.0
own:30,24,on_demand,operating,0.0,0.0
own:30,25,on_demand,operating,0.0,0.0
own:30,26,on_demand,operating,0.0,0.0
own:30,27,on_demand,operating,0.0,0.0
own:30,28,on_demand,operating,0.0,0.0
own:30,29,on_demand,operating,0.0,0.0
own:30,30,on_demand,operating,0.0,0.0
own:30,31,on_demand,operating,0.0,0.0
own:30,32,on_demand,operating,0.0,0.0
own:30,33,on_demand,operating,0.0,0.0
own:30,34,on_demand,operating,0.0,0.0
own:30,35,on_demand,operating,0.0,0.0
own:30,36,on_demand,operating,0.0,0.0
own:30,0,variable_service,capital,0.0,0.0
own:30,1,variable_service,operating,0.0,0.0
own:30,2,variable_service,operating,0.0,0.0
own:30,3,variable_service,operating,0.0,0.0
own:30,4,variable_service,operating,0.0,0.0
own:30,5,variable_service,operating,0.0,0.0
own:30,6,variable_service,operating,0.0,0.0
own:30,7,variable_service,operating,0.0,0.0
own:30,8,variable_service,operating,0.0,0.0
own:30,9,variable_service,operating,0.0,0.0
own:30,10,variable_service,operating,0.0,0.0
own:30,11,variable_service,operating,0.0,0.0
own:30,12,variable_service,operating,0.0,0.0
own:30,13,variable_service,operating,0.0,0.0
own:30,14,variable_service,operating,0.0,0.0
own:30,15,variable_service,operating,0.0,0.0
own:30,16,variable_service,operating,0.0,0.0
own:30,17,variable_service,operating,0.0,0.0
own:30,18,variable_service,operating,0.0,0.0
own:30,19,variable_service,operating,0.0,0.0
own:30,20,variable_service,operating,0.0,0.0
own:30,21,variable_service,operating,0.0,0.0
own:30,22,variable_service,operating,0.0,0.0
own:30,23,variable_service,operating,0.0,0.0
own:30,24,variable_service,operating,0.0,0.0
own:30,25,variable_service,operating,0.0,0.0
own:30,26,variable_service,operating,0.0,0.0
own:30,27,variable_service,operating,0.0,0.0
own:30,28,variable_service,operating,0.0,0.0
own:30,29,variable_service,operating,0.0,0.0
own:30,30,variable_service,operating,0.0,0.0
own:30,31,variable_service,operating,0.0,0.0
own:30,32,variable_service,operating,0.0,0.0
own:30,33,variable_service,operating,0.0,0.0
own:30,34,variable_service,operating,0.0,0.0
own:30,35,variable_service,operating,0.0,0.0
own:30,36,variable_service,operating,0.0,0.0
own:30,0,node_acquisition,capital,12000000.0,12000000.0
own:30,1,node_acquisition,operating,0.0,0.0
own:30,2,node_acquisition,operating,0.0,0.0
own:30,3,node_acquisition,operating,0.0,0.0
own:30,4,node_acquisition,operating,0.0,0.0
own:30,5,node_acquisition,operating,0.0,0.0
own:30,6,node_acquisition,operating,0.0,0.0
own:30,7,node_acquisition,operating,0.0,0.0
own:30,8,node_acquisition,operating,0.0,0.0
own:30,9,node_acquisition,operating,0.0,0.0
own:30,10,node_acquisition,operating,0.0,0.0
own:30,11,node_acquisition,operating,0.0,0.0
own:30,12,node_acquisition,operating,0.0,0.0
own:30,13,node_acquisition,operating,0.0,0.0
own:30,14,node_acquisition,operating,0.0,0.0
own:30,15,node_acquisition,operating,0.0,0.0
own:30,16,node_acquisition,operating,0.0,0.0
own:30,17,node_acquisition,operating,0.0,0.0
own:30,18,node_acquisition,operating,0.0,0.0
own:30,19,node_acquisition,operating,0.0,0.0
own:30,20,node_acquisition,operating,0.0,0.0
own:30,21,node_acquisition,operating,0.0,0.0
own:30,22,node_acquisition,operating,0.0,0.0
own:30,23,node_acquisition,operating,0.0,0.0
own:30,24,node_acquisition,operating,0.0,0.0
own:30,25,node_acquisition,operating,0.0,0.0
own:30,26,node_acquisition,operating,0.0,0.0
own:30,27,node_acquisition,operating,0.0,0.0
own:30,28,node_acquisition,operating,0.0,0.0
own:30,29,node_acquisition,operating,0.0,0.0
own:30,30,node_acquisition,operating,0.0,0.0
own:30,31,node_acquisition,operating,0.0,0.0
own:30,32,node_acquisition,operating,0.0,0.0
own:30,33,node_acquisition,operating,0.0,0.0
own:30,34,node_acquisition,operating,0.0,0.0
own:30,35,node_acquisition,operating,0.0,0.0
own:30,36,node_acquisition,operating,0.0,0.0
own:30,0,installation,capital,50000.0,50000.0
own:30,1,installation,operating,0.0,0.0
own:30,2,installation,operating,0.0,0.0
own:30,3,installation,operating,0.0,0.0
own:30,4,installation,operating,0.0,0.0
own:30,5,installation,operating,0.0,0.0
own:30,6,installation,operating,0.0,0.0
own:30,7,installation,operating,0.0,0.0
own:30,8,installation,operating,0.0,0.0
own:30,9,installation,operating,0.0,0.0
own:30,10,installation,operating,0.0,0.0
own:30,11,installation,operating,0.0,0.0
own:30,12,installation,operating,0.0,0.0
own:30,13,installation,operating,0.0,0.0
own:30,14,installation,operating,0.0,0.0
own:30,15,installation,operating,0.0,0.0
own:30,16,installation,operating,0.0,0.0
own:30,17,installation,operating,0.0,0.0
own:30,18,installation,operating,0.0,0.0
own:30,19,installation,operating,0.0,0.0
own:30,20,installation,operating,0.0,0.0
own:30,21,installation,operating,0.0,0.0
own:30,22,installation,operating,0.0,0.0
own:30,23,installation,operating,0.0,0.0
own:30,24,installation,operating,0.0,0.0
own:30,25,installation,operating,0.0,0.0
own:30,26,installation,operating,0.0,0.0
own:30,27,installation,operating,0.0,0.0
own:30,28,installation,operating,0.0,0.0
own:30,29,installation,operating,0.0,0.0
own:30,30,installation,operating,0.0,0.0
own:30,31,installation,operating,0.0,0.0
own:30,32,installation,operating,0.0,0.0
own:30,33,installation,operating,0.0,0.0
own:30,34,installation,operating,0.0,0.0
own:30,35,installation,operating,0.0,0.0
own:30,36,installation,operating,0.0,0.0
own:30,0,network,capital,0.0,0.0
own:30,1,network,operating,0.0,0.0
own:30,2,network,operating,0.0,0.0
own:30,3,network,operating,0.0,0.0
own:30,4,network,operating,0.0,0.0
own:30,5,network,operating,0.0,0.0
own:30,6,network,operating,0.0,0.0
own:30,7,network,operating,0.0,0.0
own:30,8,network,operating,0.0,0.0
own:30,9,network,operating,0.0,0.0
own:30,10,network,operating,0.0,0.0
own:30,11,network,operating,0.0,0.0
own:30,12,network,operating,0.0,0.0
own:30,13,network,operating,0.0,0.0
own:30,14,network,operating,0.0,0.0
own:30,15,network,operating,0.0,0.0
own:30,16,network,operating,0.0,0.0
own:30,17,network,operating,0.0,0.0
own:30,18,network,operating,0.0,0.0
own:30,19,network,operating,0.0,0.0
own:30,20,network,operating,0.0,0.0
own:30,21,network,operating,0.0,0.0
own:30,22,network,operating,0.0,0.0
own:30,23,network,operating,0.0,0.0
own:30,24,network,operating,0.0,0.0
own:30,25,network,operating,0.0,0.0
own:30,26,network,operating,0.0,0.0
own:30,27,network,operating,0.0,0.0
own:30,28,network,operating,0.0,0.0
own:30,29,network,operating,0.0,0.0
own:30,30,network,operating,0.0,0.0
own:30,31,network,operating,0.0,0.0
own:30,32,network,operating,0.0,0.0
own:30,33,network,operating,0.0,0.0
own:30,34,network,operating,0.0,0.0
own:30,35,network,operating,0.0,0.0
own:30,36,network,operating,0.0,0.0
own:30,0,storage,capital,0.0,0.0
own:30,1,storage,operating,0.0,0.0
own:30,2,storage,operating,0.0,0.0
own:30,3,storage,operating,0.0,0.0
own:30,4,storage,operating,0.0,0.0
own:30,5,storage,operating,0.0,0.0
own:30,6,storage,operating,0.0,0.0
own:30,7,storage,operating,0.0,0.0
own:30,8,storage,operating,0.0,0.0
own:30,9,storage,operating,0.0,0.0
own:30,10,storage,operating,0.0,0.0
own:30,11,storage,operating,0.0,0.0
own:30,12,storage,operating,0.0,0.0
own:30,13,storage,operating,0.0,0.0
own:30,14,storage,operating,0.0,0.0
own:30,15,storage,operating,0.0,0.0
own:30,16,storage,operating,0.0,0.0
own:30,17,storage,operating,0.0,0.0
own:30,18,storage,operating,0.0,0.0
own:30,19,storage,operating,0.0,0.0
own:30,20,storage,operating,0.0,0.0
own:30,21,storage,operating,0.0,0.0
own:30,22,storage,operating,0.0,0.0
own:30,23,storage,operating,0.0,0.0
own:30,24,storage,operating,0.0,0.0
own:30,25,storage,operating,0.0,0.0
own:30,26,storage,operating,0.0,0.0
own:30,27,storage,operating,0.0,0.0
own:30,28,storage,operating,0.0,0.0
own:30,29,storage,operating,0.0,0.0
own:30,30,storage,operating,0.0,0.0
own:30,31,storage,operating,0.0,0.0
own:30,32,storage,operating,0.0,0.0
own:30,33,storage,operating,0.0,0.0
own:30,34,storage,operating,0.0,0.0
own:30,35,storage,operating,0.0,0.0
own:30,36,storage,operating,0.0,0.0
own:30,0,operations,capital,0.0,0.0
own:30,1,operations,operating,0.0,0.0
own:30,2,operations,operating,0.0,0.0
own:30,3,operations,operating,0.0,0.0
own:30,4,operations,operating,0.0,0.0
own:30,5,operations,operating,0.0,0.0
own:30,6,operations,operating,0.0,0.0
own:30,7,operations,operating,12000.0,11351.036313370703
own:30,8,operations,operating,12000.0,11261.237623160368
own:30,9,operations,operating,12000.0,11172.149335466673
own:30,10,operations,operating,12000.0,11083.765830255134
own:30,11,operations,operating,12000.0,10996.081531951677
own:30,12,operations,operating,12000.0,10909.090909090908
own:30,13,operations,operating,12000.0,10822.788473967174
own:30,14,operations,operating,12000.0,10737.168782288363
own:30,15,operations,operating,12000.0,10652.226432832478
own:30,16,operations,operating,12000.0,10567.956067106883
own:30,17,operations,operating,12000.0,10484.352369010285
own:30,18,operations,operating,12000.0,10401.41006449737
own:30,19,operations,operating,12000.0,10319.123921246093
own:30,20,operations,operating,12000.0,10237.488748327607
own:30,21,operations,operating,12000.0,10156.499395878793
own:30,22,operations,operating,12000.0,10076.150754777394
own:30,23,operations,operating,12000.0,9996.437756319705
own:30,24,operations,operating,12000.0,9917.355371900825
own:30,25,operations,operating,12000.0,9838.898612697429
own:30,26,operations,operating,12000.0,9761.062529353057
own:30,27,operations,operating,12000.0,9683.842211665888
own:30,28,operations,operating,12000.0,9607.232788278983
own:30,29,operations,operating,12000.0,9531.229426372985
own:30,30,operations,operating,12000.0,9455.827331361244
own:30,31,operations,operating,12000.0,9381.021746587357
own:30,32,operations,operating,12000.0,9306.807953025096
own:30,33,operations,operating,12000.0,9233.18126898072
own:30,34,operations,operating,12000.0,9160.13704979763
own:30,35,operations,operating,12000.0,9087.670687563368
own:30,36,operations,operating,12000.0,9015.77761081893
own:30,0,precommission,capital,0.0,0.0
own:30,1,precommission,operating,0.0,0.0
own:30,2,precommission,operating,0.0,0.0
own:30,3,precommission,operating,0.0,0.0
own:30,4,precommission,operating,0.0,0.0
own:30,5,precommission,operating,0.0,0.0
own:30,6,precommission,operating,0.0,0.0
own:30,7,precommission,operating,0.0,0.0
own:30,8,precommission,operating,0.0,0.0
own:30,9,precommission,operating,0.0,0.0
own:30,10,precommission,operating,0.0,0.0
own:30,11,precommission,operating,0.0,0.0
own:30,12,precommission,operating,0.0,0.0
own:30,13,precommission,operating,0.0,0.0
own:30,14,precommission,operating,0.0,0.0
own:30,15,precommission,operating,0.0,0.0
own:30,16,precommission,operating,0.0,0.0
own:30,17,precommission,operating,0.0,0.0
own:30,18,precommission,operating,0.0,0.0
own:30,19,precommission,operating,0.0,0.0
own:30,20,precommission,operating,0.0,0.0
own:30,21,precommission,operating,0.0,0.0
own:30,22,precommission,operating,0.0,0.0
own:30,23,precommission,operating,0.0,0.0
own:30,24,precommission,operating,0.0,0.0
own:30,25,precommission,operating,0.0,0.0
own:30,26,precommission,operating,0.0,0.0
own:30,27,precommission,operating,0.0,0.0
own:30,28,precommission,operating,0.0,0.0
own:30,29,precommission,operating,0.0,0.0
own:30,30,precommission,operating,0.0,0.0
own:30,31,precommission,operating,0.0,0.0
own:30,32,precommission,operating,0.0,0.0
own:30,33,precommission,operating,0.0,0.0
own:30,34,precommission,operating,0.0,0.0
own:30,35,precommission,operating,0.0,0.0
own:30,36,precommission,operating,0.0,0.0
own:30,0,electricity,capital,0.0,0.0
own:30,1,electricity,operating,0.0,0.0
own:30,2,electricity,operating,0.0,0.0
own:30,3,electricity,operating,0.0,0.0
own:30,4,electricity,operating,0.0,0.0
own:30,5,electricity,operating,0.0,0.0
own:30,6,electricity,operating,0.0,0.0
own:30,7,electricity,operating,9397.53199693245,8889.310579436946
own:30,8,electricity,operating,9731.43697881435,9132.335352769853
own:30,9,electricity,operating,9437.607255201698,8786.529802049758
own:30,10,electricity,operating,9773.055134526961,9026.854546439119
own:30,11,electricity,operating,9794.020410199595,8974.653913012797
own:30,12,electricity,operating,9498.474689274768,8634.976990249788
own:30,13,electricity,operating,9836.265964811846,8871.318825903438
own:30,14,electricity,operating,9539.561898034748,8535.657184023852
own:30,15,electricity,operating,9878.935031109084,8769.387738884578
own:30,16,electricity,operating,9900.42970626463,8718.942181773707
own:30,17,electricity,operating,9281.900767389761,8109.559858291768
own:30,18,electricity,operating,9943.742014069929,8619.078188659358
own:30,19,electricity,operating,9644.091023361561,8293.214198153752
own:30,20,electricity,operating,9987.488527760981,8520.566785583675
own:30,21,electricity,operating,9686.63803587076,8198.527779951492
own:30,22,electricity,operating,10031.673600251785,8423.387959904789
own:30,23,electricity,operating,10053.93196825304,8375.292093909531
own:30,24,electricity,operating,9751.259640091264,8058.8922645382345
own:30,25,electricity,operating,10098.783136234779,8280.075282419379
own:30,26,electricity,operating,9794.881017983178,7967.370507008928
own:30,27,electricity,operating,10144.08393717553,8186.142352458524
own:30,28,electricity,operating,10166.904356861407,8139.651407711279
own:30,29,electricity,operating,9203.725438776775,7310.234894527234
own:30,30,electricity,operating,10212.888073038943,8047.608847764575
own:30,31,electricity,operating,9905.857271036262,7743.9218731818055
own:30,32,electricity,operating,10259.332775971157,7956.8033226782845
own:30,33,electricity,operating,9951.028490178402,7656.637488550726
own:30,34,electricity,operating,10306.243087050267,7867.216595492488
own:30,35,electricity,operating,10329.87430248552,7822.874658742645
own:30,36,electricity,operating,10019.635813546398,7527.9006863609275
own:30,0,hosting,capital,0.0,0.0
own:30,1,hosting,operating,0.0,0.0
own:30,2,hosting,operating,0.0,0.0
own:30,3,hosting,operating,0.0,0.0
own:30,4,hosting,operating,0.0,0.0
own:30,5,hosting,operating,0.0,0.0
own:30,6,hosting,operating,0.0,0.0
own:30,7,hosting,operating,0.0,0.0
own:30,8,hosting,operating,0.0,0.0
own:30,9,hosting,operating,0.0,0.0
own:30,10,hosting,operating,0.0,0.0
own:30,11,hosting,operating,0.0,0.0
own:30,12,hosting,operating,0.0,0.0
own:30,13,hosting,operating,0.0,0.0
own:30,14,hosting,operating,0.0,0.0
own:30,15,hosting,operating,0.0,0.0
own:30,16,hosting,operating,0.0,0.0
own:30,17,hosting,operating,0.0,0.0
own:30,18,hosting,operating,0.0,0.0
own:30,19,hosting,operating,0.0,0.0
own:30,20,hosting,operating,0.0,0.0
own:30,21,hosting,operating,0.0,0.0
own:30,22,hosting,operating,0.0,0.0
own:30,23,hosting,operating,0.0,0.0
own:30,24,hosting,operating,0.0,0.0
own:30,25,hosting,operating,0.0,0.0
own:30,26,hosting,operating,0.0,0.0
own:30,27,hosting,operating,0.0,0.0
own:30,28,hosting,operating,0.0,0.0
own:30,29,hosting,operating,0.0,0.0
own:30,30,hosting,operating,0.0,0.0
own:30,31,hosting,operating,0.0,0.0
own:30,32,hosting,operating,0.0,0.0
own:30,33,hosting,operating,0.0,0.0
own:30,34,hosting,operating,0.0,0.0
own:30,35,hosting,operating,0.0,0.0
own:30,36,hosting,operating,0.0,0.0
own:30,0,exit,terminal,0.0,0.0
own:30,1,exit,terminal,0.0,0.0
own:30,2,exit,terminal,0.0,0.0
own:30,3,exit,terminal,0.0,0.0
own:30,4,exit,terminal,0.0,0.0
own:30,5,exit,terminal,0.0,0.0
own:30,6,exit,terminal,0.0,0.0
own:30,7,exit,terminal,0.0,0.0
own:30,8,exit,terminal,0.0,0.0
own:30,9,exit,terminal,0.0,0.0
own:30,10,exit,terminal,0.0,0.0
own:30,11,exit,terminal,0.0,0.0
own:30,12,exit,terminal,0.0,0.0
own:30,13,exit,terminal,0.0,0.0
own:30,14,exit,terminal,0.0,0.0
own:30,15,exit,terminal,0.0,0.0
own:30,16,exit,terminal,0.0,0.0
own:30,17,exit,terminal,0.0,0.0
own:30,18,exit,terminal,0.0,0.0
own:30,19,exit,terminal,0.0,0.0
own:30,20,exit,terminal,0.0,0.0
own:30,21,exit,terminal,0.0,0.0
own:30,22,exit,terminal,0.0,0.0
own:30,23,exit,terminal,0.0,0.0
own:30,24,exit,terminal,0.0,0.0
own:30,25,exit,terminal,0.0,0.0
own:30,26,exit,terminal,0.0,0.0
own:30,27,exit,terminal,0.0,0.0
own:30,28,exit,terminal,0.0,0.0
own:30,29,exit,terminal,0.0,0.0
own:30,30,exit,terminal,0.0,0.0
own:30,31,exit,terminal,0.0,0.0
own:30,32,exit,terminal,0.0,0.0
own:30,33,exit,terminal,0.0,0.0
own:30,34,exit,terminal,0.0,0.0
own:30,35,exit,terminal,0.0,0.0
own:30,36,exit,terminal,0.0,0.0
own:30,0,residual,terminal,0.0,0.0
own:30,1,residual,terminal,0.0,0.0
own:30,2,residual,terminal,0.0,0.0
own:30,3,residual,terminal,0.0,0.0
own:30,4,residual,terminal,0.0,0.0
own:30,5,residual,terminal,0.0,0.0
own:30,6,residual,terminal,0.0,0.0
own:30,7,residual,terminal,0.0,0.0
own:30,8,residual,terminal,0.0,0.0
own:30,9,residual,terminal,0.0,0.0
own:30,10,residual,terminal,0.0,0.0
own:30,11,residual,terminal,0.0,0.0
own:30,12,residual,terminal,0.0,0.0
own:30,13,residual,terminal,0.0,0.0
own:30,14,residual,terminal,0.0,0.0
own:30,15,residual,terminal,0.0,0.0
own:30,16,residual,terminal,0.0,0.0
own:30,17,residual,terminal,0.0,0.0
own:30,18,residual,terminal,0.0,0.0
own:30,19,residual,terminal,0.0,0.0
own:30,20,residual,terminal,0.0,0.0
own:30,21,residual,terminal,0.0,0.0
own:30,22,residual,terminal,0.0,0.0
own:30,23,residual,terminal,0.0,0.0
own:30,24,residual,terminal,0.0,0.0
own:30,25,residual,terminal,0.0,0.0
own:30,26,residual,terminal,0.0,0.0
own:30,27,residual,terminal,0.0,0.0
own:30,28,residual,terminal,0.0,0.0
own:30,29,residual,terminal,0.0,0.0
own:30,30,residual,terminal,0.0,0.0
own:30,31,residual,terminal,0.0,0.0
own:30,32,residual,terminal,0.0,0.0
own:30,33,residual,terminal,0.0,0.0
own:30,34,residual,terminal,0.0,0.0
own:30,35,residual,terminal,0.0,0.0
own:30,36,residual,terminal,0.0,0.0
own:31,0,on_demand,capital,0.0,0.0
own:31,1,on_demand,operating,204473.6,202855.99778680265
own:31,2,on_demand,operating,198144.0,195021.34402646002
own:31,3,on_demand,operating,204473.6,199659.08295083806
own:31,4,on_demand,operating,204473.6,198079.56865429203
own:31,5,on_demand,operating,184659.19999999998,177469.61108979152
own:31,6,on_demand,operating,204473.6,194957.92808836754
own:31,7,on_demand,operating,0.0,0.0
own:31,8,on_demand,operating,0.0,0.0
own:31,9,on_demand,operating,0.0,0.0
own:31,10,on_demand,operating,0.0,0.0
own:31,11,on_demand,operating,0.0,0.0
own:31,12,on_demand,operating,0.0,0.0
own:31,13,on_demand,operating,0.0,0.0
own:31,14,on_demand,operating,0.0,0.0
own:31,15,on_demand,operating,0.0,0.0
own:31,16,on_demand,operating,0.0,0.0
own:31,17,on_demand,operating,0.0,0.0
own:31,18,on_demand,operating,0.0,0.0
own:31,19,on_demand,operating,0.0,0.0
own:31,20,on_demand,operating,0.0,0.0
own:31,21,on_demand,operating,0.0,0.0
own:31,22,on_demand,operating,0.0,0.0
own:31,23,on_demand,operating,0.0,0.0
own:31,24,on_demand,operating,0.0,0.0
own:31,25,on_demand,operating,0.0,0.0
own:31,26,on_demand,operating,0.0,0.0
own:31,27,on_demand,operating,0.0,0.0
own:31,28,on_demand,operating,0.0,0.0
own:31,29,on_demand,operating,0.0,0.0
own:31,30,on_demand,operating,0.0,0.0
own:31,31,on_demand,operating,0.0,0.0
own:31,32,on_demand,operating,0.0,0.0
own:31,33,on_demand,operating,0.0,0.0
own:31,34,on_demand,operating,0.0,0.0
own:31,35,on_demand,operating,0.0,0.0
own:31,36,on_demand,operating,0.0,0.0
own:31,0,variable_service,capital,0.0,0.0
own:31,1,variable_service,operating,0.0,0.0
own:31,2,variable_service,operating,0.0,0.0
own:31,3,variable_service,operating,0.0,0.0
own:31,4,variable_service,operating,0.0,0.0
own:31,5,variable_service,operating,0.0,0.0
own:31,6,variable_service,operating,0.0,0.0
own:31,7,variable_service,operating,0.0,0.0
own:31,8,variable_service,operating,0.0,0.0
own:31,9,variable_service,operating,0.0,0.0
own:31,10,variable_service,operating,0.0,0.0
own:31,11,variable_service,operating,0.0,0.0
own:31,12,variable_service,operating,0.0,0.0
own:31,13,variable_service,operating,0.0,0.0
own:31,14,variable_service,operating,0.0,0.0
own:31,15,variable_service,operating,0.0,0.0
own:31,16,variable_service,operating,0.0,0.0
own:31,17,variable_service,operating,0.0,0.0
own:31,18,variable_service,operating,0.0,0.0
own:31,19,variable_service,operating,0.0,0.0
own:31,20,variable_service,operating,0.0,0.0
own:31,21,variable_service,operating,0.0,0.0
own:31,22,variable_service,operating,0.0,0.0
own:31,23,variable_service,operating,0.0,0.0
own:31,24,variable_service,operating,0.0,0.0
own:31,25,variable_service,operating,0.0,0.0
own:31,26,variable_service,operating,0.0,0.0
own:31,27,variable_service,operating,0.0,0.0
own:31,28,variable_service,operating,0.0,0.0
own:31,29,variable_service,operating,0.0,0.0
own:31,30,variable_service,operating,0.0,0.0
own:31,31,variable_service,operating,0.0,0.0
own:31,32,variable_service,operating,0.0,0.0
own:31,33,variable_service,operating,0.0,0.0
own:31,34,variable_service,operating,0.0,0.0
own:31,35,variable_service,operating,0.0,0.0
own:31,36,variable_service,operating,0.0,0.0
own:31,0,node_acquisition,capital,12400000.0,12400000.0
own:31,1,node_acquisition,operating,0.0,0.0
own:31,2,node_acquisition,operating,0.0,0.0
own:31,3,node_acquisition,operating,0.0,0.0
own:31,4,node_acquisition,operating,0.0,0.0
own:31,5,node_acquisition,operating,0.0,0.0
own:31,6,node_acquisition,operating,0.0,0.0
own:31,7,node_acquisition,operating,0.0,0.0
own:31,8,node_acquisition,operating,0.0,0.0
own:31,9,node_acquisition,operating,0.0,0.0
own:31,10,node_acquisition,operating,0.0,0.0
own:31,11,node_acquisition,operating,0.0,0.0
own:31,12,node_acquisition,operating,0.0,0.0
own:31,13,node_acquisition,operating,0.0,0.0
own:31,14,node_acquisition,operating,0.0,0.0
own:31,15,node_acquisition,operating,0.0,0.0
own:31,16,node_acquisition,operating,0.0,0.0
own:31,17,node_acquisition,operating,0.0,0.0
own:31,18,node_acquisition,operating,0.0,0.0
own:31,19,node_acquisition,operating,0.0,0.0
own:31,20,node_acquisition,operating,0.0,0.0
own:31,21,node_acquisition,operating,0.0,0.0
own:31,22,node_acquisition,operating,0.0,0.0
own:31,23,node_acquisition,operating,0.0,0.0
own:31,24,node_acquisition,operating,0.0,0.0
own:31,25,node_acquisition,operating,0.0,0.0
own:31,26,node_acquisition,operating,0.0,0.0
own:31,27,node_acquisition,operating,0.0,0.0
own:31,28,node_acquisition,operating,0.0,0.0
own:31,29,node_acquisition,operating,0.0,0.0
own:31,30,node_acquisition,operating,0.0,0.0
own:31,31,node_acquisition,operating,0.0,0.0
own:31,32,node_acquisition,operating,0.0,0.0
own:31,33,node_acquisition,operating,0.0,0.0
own:31,34,node_acquisition,operating,0.0,0.0
own:31,35,node_acquisition,operating,0.0,0.0
own:31,36,node_acquisition,operating,0.0,0.0
own:31,0,installation,capital,50000.0,50000.0
own:31,1,installation,operating,0.0,0.0
own:31,2,installation,operating,0.0,0.0
own:31,3,installation,operating,0.0,0.0
own:31,4,installation,operating,0.0,0.0
own:31,5,installation,operating,0.0,0.0
own:31,6,installation,operating,0.0,0.0
own:31,7,installation,operating,0.0,0.0
own:31,8,installation,operating,0.0,0.0
own:31,9,installation,operating,0.0,0.0
own:31,10,installation,operating,0.0,0.0
own:31,11,installation,operating,0.0,0.0
own:31,12,installation,operating,0.0,0.0
own:31,13,installation,operating,0.0,0.0
own:31,14,installation,operating,0.0,0.0
own:31,15,installation,operating,0.0,0.0
own:31,16,installation,operating,0.0,0.0
own:31,17,installation,operating,0.0,0.0
own:31,18,installation,operating,0.0,0.0
own:31,19,installation,operating,0.0,0.0
own:31,20,installation,operating,0.0,0.0
own:31,21,installation,operating,0.0,0.0
own:31,22,installation,operating,0.0,0.0
own:31,23,installation,operating,0.0,0.0
own:31,24,installation,operating,0.0,0.0
own:31,25,installation,operating,0.0,0.0
own:31,26,installation,operating,0.0,0.0
own:31,27,installation,operating,0.0,0.0
own:31,28,installation,operating,0.0,0.0
own:31,29,installation,operating,0.0,0.0
own:31,30,installation,operating,0.0,0.0
own:31,31,installation,operating,0.0,0.0
own:31,32,installation,operating,0.0,0.0
own:31,33,installation,operating,0.0,0.0
own:31,34,installation,operating,0.0,0.0
own:31,35,installation,operating,0.0,0.0
own:31,36,installation,operating,0.0,0.0
own:31,0,network,capital,0.0,0.0
own:31,1,network,operating,0.0,0.0
own:31,2,network,operating,0.0,0.0
own:31,3,network,operating,0.0,0.0
own:31,4,network,operating,0.0,0.0
own:31,5,network,operating,0.0,0.0
own:31,6,network,operating,0.0,0.0
own:31,7,network,operating,0.0,0.0
own:31,8,network,operating,0.0,0.0
own:31,9,network,operating,0.0,0.0
own:31,10,network,operating,0.0,0.0
own:31,11,network,operating,0.0,0.0
own:31,12,network,operating,0.0,0.0
own:31,13,network,operating,0.0,0.0
own:31,14,network,operating,0.0,0.0
own:31,15,network,operating,0.0,0.0
own:31,16,network,operating,0.0,0.0
own:31,17,network,operating,0.0,0.0
own:31,18,network,operating,0.0,0.0
own:31,19,network,operating,0.0,0.0
own:31,20,network,operating,0.0,0.0
own:31,21,network,operating,0.0,0.0
own:31,22,network,operating,0.0,0.0
own:31,23,network,operating,0.0,0.0
own:31,24,network,operating,0.0,0.0
own:31,25,network,operating,0.0,0.0
own:31,26,network,operating,0.0,0.0
own:31,27,network,operating,0.0,0.0
own:31,28,network,operating,0.0,0.0
own:31,29,network,operating,0.0,0.0
own:31,30,network,operating,0.0,0.0
own:31,31,network,operating,0.0,0.0
own:31,32,network,operating,0.0,0.0
own:31,33,network,operating,0.0,0.0
own:31,34,network,operating,0.0,0.0
own:31,35,network,operating,0.0,0.0
own:31,36,network,operating,0.0,0.0
own:31,0,storage,capital,0.0,0.0
own:31,1,storage,operating,0.0,0.0
own:31,2,storage,operating,0.0,0.0
own:31,3,storage,operating,0.0,0.0
own:31,4,storage,operating,0.0,0.0
own:31,5,storage,operating,0.0,0.0
own:31,6,storage,operating,0.0,0.0
own:31,7,storage,operating,0.0,0.0
own:31,8,storage,operating,0.0,0.0
own:31,9,storage,operating,0.0,0.0
own:31,10,storage,operating,0.0,0.0
own:31,11,storage,operating,0.0,0.0
own:31,12,storage,operating,0.0,0.0
own:31,13,storage,operating,0.0,0.0
own:31,14,storage,operating,0.0,0.0
own:31,15,storage,operating,0.0,0.0
own:31,16,storage,operating,0.0,0.0
own:31,17,storage,operating,0.0,0.0
own:31,18,storage,operating,0.0,0.0
own:31,19,storage,operating,0.0,0.0
own:31,20,storage,operating,0.0,0.0
own:31,21,storage,operating,0.0,0.0
own:31,22,storage,operating,0.0,0.0
own:31,23,storage,operating,0.0,0.0
own:31,24,storage,operating,0.0,0.0
own:31,25,storage,operating,0.0,0.0
own:31,26,storage,operating,0.0,0.0
own:31,27,storage,operating,0.0,0.0
own:31,28,storage,operating,0.0,0.0
own:31,29,storage,operating,0.0,0.0
own:31,30,storage,operating,0.0,0.0
own:31,31,storage,operating,0.0,0.0
own:31,32,storage,operating,0.0,0.0
own:31,33,storage,operating,0.0,0.0
own:31,34,storage,operating,0.0,0.0
own:31,35,storage,operating,0.0,0.0
own:31,36,storage,operating,0.0,0.0
own:31,0,operations,capital,0.0,0.0
own:31,1,operations,operating,0.0,0.0
own:31,2,operations,operating,0.0,0.0
own:31,3,operations,operating,0.0,0.0
own:31,4,operations,operating,0.0,0.0
own:31,5,operations,operating,0.0,0.0
own:31,6,operations,operating,0.0,0.0
own:31,7,operations,operating,12333.333333333334,11666.342877631001
own:31,8,operations,operating,12333.333333333334,11574.049779359268
own:31,9,operations,operating,12333.333333333334,11482.486817007415
own:31,10,operations,operating,12333.333333333334,11391.648214428888
own:31,11,operations,operating,12333.333333333334,11301.528241172557
own:31,12,operations,operating,12333.333333333334,11212.121212121212
own:31,13,operations,operating,12333.333333333334,11123.42148713293
own:31,14,operations,operating,12333.333333333334,11035.423470685262
own:31,15,operations,operating,12333.333333333334,10948.12161152227
own:31,16,operations,operating,12333.333333333334,10861.510402304297
own:31,17,operations,operating,12333.333333333334,10775.58437926057
own:31,18,operations,operating,12333.333333333334,10690.33812184452
own:31,19,operations,operating,12333.333333333334,10605.766252391819
own:31,20,operations,operating,12333.333333333334,10521.863435781152
own:31,21,operations,operating,12333.333333333334,10438.62437909765
own:31,22,operations,operating,12333.333333333334,10356.043831298988
own:31,23,operations,operating,12333.333333333334,10274.116582884142
own:31,24,operations,operating,12333.333333333334,10192.837465564739
own:31,25,operations,operating,12333.333333333334,10112.201351939024
own:31,26,operations,operating,12333.333333333334,10032.203155168421
own:31,27,operations,operating,12333.333333333334,9952.837828656608
own:31,28,operations,operating,12333.333333333334,9874.100365731178
own:31,29,operations,operating,12333.333333333334,9795.985799327791
own:31,30,operations,operating,12333.333333333334,9718.489201676835
own:31,31,operations,operating,12333.333333333334,9641.605683992562
own:31,32,operations,operating,12333.333333333334,9565.330396164683
own:31,33,operations,operating,12333.333333333334,9489.658526452407
own:31,34,operations,operating,12333.333333333334,9414.585301180898
own:31,35,operations,operating,12333.333333333334,9340.105984440128
own:31,36,operations,operating,12333.333333333334,9266.215877786124
own:31,0,precommission,capital,0.0,0.0
own:31,1,precommission,operating,0.0,0.0
own:31,2,precommission,operating,0.0,0.0
own:31,3,precommission,operating,0.0,0.0
own:31,4,precommission,operating,0.0,0.0
own:31,5,precommission,operating,0.0,0.0
own:31,6,precommission,operating,0.0,0.0
own:31,7,precommission,operating,0.0,0.0
own:31,8,precommission,operating,0.0,0.0
own:31,9,precommission,operating,0.0,0.0
own:31,10,precommission,operating,0.0,0.0
own:31,11,precommission,operating,0.0,0.0
own:31,12,precommission,operating,0.0,0.0
own:31,13,precommission,operating,0.0,0.0
own:31,14,precommission,operating,0.0,0.0
own:31,15,precommission,operating,0.0,0.0
own:31,16,precommission,operating,0.0,0.0
own:31,17,precommission,operating,0.0,0.0
own:31,18,precommission,operating,0.0,0.0
own:31,19,precommission,operating,0.0,0.0
own:31,20,precommission,operating,0.0,0.0
own:31,21,precommission,operating,0.0,0.0
own:31,22,precommission,operating,0.0,0.0
own:31,23,precommission,operating,0.0,0.0
own:31,24,precommission,operating,0.0,0.0
own:31,25,precommission,operating,0.0,0.0
own:31,26,precommission,operating,0.0,0.0
own:31,27,precommission,operating,0.0,0.0
own:31,28,precommission,operating,0.0,0.0
own:31,29,precommission,operating,0.0,0.0
own:31,30,precommission,operating,0.0,0.0
own:31,31,precommission,operating,0.0,0.0
own:31,32,precommission,operating,0.0,0.0
own:31,33,precommission,operating,0.0,0.0
own:31,34,precommission,operating,0.0,0.0
own:31,35,precommission,operating,0.0,0.0
own:31,36,precommission,operating,0.0,0.0
own:31,0,electricity,capital,0.0,0.0
own:31,1,electricity,operating,0.0,0.0
own:31,2,electricity,operating,0.0,0.0
own:31,3,electricity,operating,0.0,0.0
own:31,4,electricity,operating,0.0,0.0
own:31,5,electricity,operating,0.0,0.0
own:31,6,electricity,operating,0.0,0.0
own:31,7,electricity,operating,9577.53199693245,9059.576124137506
own:31,8,electricity,operating,9917.43697881435,9306.884535928839
own:31,9,electricity,operating,9617.607255201698,8954.112042081759
own:31,10,electricity,operating,9959.055134526963,9198.652916808076
own:31,11,electricity,operating,9980.020410199595,9145.093176758048
own:31,12,electricity,operating,9678.474689274768,8798.613353886152
own:31,13,electricity,operating,10022.265964811846,9039.072047249929
own:31,14,electricity,operating,9719.561898034748,8696.714715758177
own:31,15,electricity,operating,10064.935031109084,8934.49724859348
own:31,16,electricity,operating,10086.42970626463,8882.745500813864
own:31,17,electricity,operating,9455.900767389761,8261.582967642416
own:31,18,electricity,operating,10129.742014069929,8780.300044659067
own:31,19,electricity,operating,9824.091023361561,8448.001056972442
own:31,20,electricity,operating,10173.488527760981,8679.247861182752
own:31,21,electricity,operating,9866.638035870761,8350.875270889675
own:31,22,electricity,operating,10217.673600251785,8579.568296603838
own:31,23,electricity,operating,10239.93196825304,8530.236879132486
own:31,24,electricity,operating,9931.259640091266,8207.652595116748
own:31,25,electricity,operating,10284.783136234779,8432.57821091619
own:31,26,electricity,operating,9974.881017983178,8113.786444949224
own:31,27,electricity,operating,10330.08393717553,8336.241906739346
own:31,28,electricity,operating,10352.904356861407,8288.563515929603
own:31,29,electricity,operating,9371.725438776775,7443.672106496457
own:31,30,electricity,operating,10398.888073038943,8194.174171400675
own:31,31,electricity,operating,10085.857271036262,7884.637199380616
own:31,32,electricity,operating,10445.332775971157,8101.058845950173
own:31,33,electricity,operating,10131.028490178402,7795.135207585437
own:31,34,electricity,operating,10492.243087050267,8009.198719764351
own:31,35,electricity,operating,10515.87430248552,7963.733554399878
own:31,36,electricity,operating,10199.635813546398,7663.137350523211
own:31,0,hosting,capital,0.0,0.0
own:31,1,hosting,operating,0.0,0.0
own:31,2,hosting,operating,0.0,0.0
own:31,3,hosting,operating,0.0,0.0
own:31,4,hosting,operating,0.0,0.0
own:31,5,hosting,operating,0.0,0.0
own:31,6,hosting,operating,0.0,0.0
own:31,7,hosting,operating,0.0,0.0
own:31,8,hosting,operating,0.0,0.0
own:31,9,hosting,operating,0.0,0.0
own:31,10,hosting,operating,0.0,0.0
own:31,11,hosting,operating,0.0,0.0
own:31,12,hosting,operating,0.0,0.0
own:31,13,hosting,operating,0.0,0.0
own:31,14,hosting,operating,0.0,0.0
own:31,15,hosting,operating,0.0,0.0
own:31,16,hosting,operating,0.0,0.0
own:31,17,hosting,operating,0.0,0.0
own:31,18,hosting,operating,0.0,0.0
own:31,19,hosting,operating,0.0,0.0
own:31,20,hosting,operating,0.0,0.0
own:31,21,hosting,operating,0.0,0.0
own:31,22,hosting,operating,0.0,0.0
own:31,23,hosting,operating,0.0,0.0
own:31,24,hosting,operating,0.0,0.0
own:31,25,hosting,operating,0.0,0.0
own:31,26,hosting,operating,0.0,0.0
own:31,27,hosting,operating,0.0,0.0
own:31,28,hosting,operating,0.0,0.0
own:31,29,hosting,operating,0.0,0.0
own:31,30,hosting,operating,0.0,0.0
own:31,31,hosting,operating,0.0,0.0
own:31,32,hosting,operating,0.0,0.0
own:31,33,hosting,operating,0.0,0.0
own:31,34,hosting,operating,0.0,0.0
own:31,35,hosting,operating,0.0,0.0
own:31,36,hosting,operating,0.0,0.0
own:31,0,exit,terminal,0.0,0.0
own:31,1,exit,terminal,0.0,0.0
own:31,2,exit,terminal,0.0,0.0
own:31,3,exit,terminal,0.0,0.0
own:31,4,exit,terminal,0.0,0.0
own:31,5,exit,terminal,0.0,0.0
own:31,6,exit,terminal,0.0,0.0
own:31,7,exit,terminal,0.0,0.0
own:31,8,exit,terminal,0.0,0.0
own:31,9,exit,terminal,0.0,0.0
own:31,10,exit,terminal,0.0,0.0
own:31,11,exit,terminal,0.0,0.0
own:31,12,exit,terminal,0.0,0.0
own:31,13,exit,terminal,0.0,0.0
own:31,14,exit,terminal,0.0,0.0
own:31,15,exit,terminal,0.0,0.0
own:31,16,exit,terminal,0.0,0.0
own:31,17,exit,terminal,0.0,0.0
own:31,18,exit,terminal,0.0,0.0
own:31,19,exit,terminal,0.0,0.0
own:31,20,exit,terminal,0.0,0.0
own:31,21,exit,terminal,0.0,0.0
own:31,22,exit,terminal,0.0,0.0
own:31,23,exit,terminal,0.0,0.0
own:31,24,exit,terminal,0.0,0.0
own:31,25,exit,terminal,0.0,0.0
own:31,26,exit,terminal,0.0,0.0
own:31,27,exit,terminal,0.0,0.0
own:31,28,exit,terminal,0.0,0.0
own:31,29,exit,terminal,0.0,0.0
own:31,30,exit,terminal,0.0,0.0
own:31,31,exit,terminal,0.0,0.0
own:31,32,exit,terminal,0.0,0.0
own:31,33,exit,terminal,0.0,0.0
own:31,34,exit,terminal,0.0,0.0
own:31,35,exit,terminal,0.0,0.0
own:31,36,exit,terminal,0.0,0.0
own:31,0,residual,terminal,0.0,0.0
own:31,1,residual,terminal,0.0,0.0
own:31,2,residual,terminal,0.0,0.0
own:31,3,residual,terminal,0.0,0.0
own:31,4,residual,terminal,0.0,0.0
own:31,5,residual,terminal,0.0,0.0
own:31,6,residual,terminal,0.0,0.0
own:31,7,residual,terminal,0.0,0.0
own:31,8,residual,terminal,0.0,0.0
own:31,9,residual,terminal,0.0,0.0
own:31,10,residual,terminal,0.0,0.0
own:31,11,residual,terminal,0.0,0.0
own:31,12,residual,terminal,0.0,0.0
own:31,13,residual,terminal,0.0,0.0
own:31,14,residual,terminal,0.0,0.0
own:31,15,residual,terminal,0.0,0.0
own:31,16,residual,terminal,0.0,0.0
own:31,17,residual,terminal,0.0,0.0
own:31,18,residual,terminal,0.0,0.0
own:31,19,residual,terminal,0.0,0.0
own:31,20,residual,terminal,0.0,0.0
own:31,21,residual,terminal,0.0,0.0
own:31,22,residual,terminal,0.0,0.0
own:31,23,residual,terminal,0.0,0.0
own:31,24,residual,terminal,0.0,0.0
own:31,25,residual,terminal,0.0,0.0
own:31,26,residual,terminal,0.0,0.0
own:31,27,residual,terminal,0.0,0.0
own:31,28,residual,terminal,0.0,0.0
own:31,29,residual,terminal,0.0,0.0
own:31,30,residual,terminal,0.0,0.0
own:31,31,residual,terminal,0.0,0.0
own:31,32,residual,terminal,0.0,0.0
own:31,33,residual,terminal,0.0,0.0
own:31,34,residual,terminal,0.0,0.0
own:31,35,residual,terminal,0.0,0.0
own:31,36,residual,terminal,0.0,0.0
own:32,0,on_demand,capital,0.0,0.0
own:32,1,on_demand,operating,204473.6,202855.99778680265
own:32,2,on_demand,operating,198144.0,195021.34402646002
own:32,3,on_demand,operating,204473.6,199659.08295083806
own:32,4,on_demand,operating,204473.6,198079.56865429203
own:32,5,on_demand,operating,184659.19999999998,177469.61108979152
own:32,6,on_demand,operating,204473.6,194957.92808836754
own:32,7,on_demand,operating,0.0,0.0
own:32,8,on_demand,operating,0.0,0.0
own:32,9,on_demand,operating,0.0,0.0
own:32,10,on_demand,operating,0.0,0.0
own:32,11,on_demand,operating,0.0,0.0
own:32,12,on_demand,operating,0.0,0.0
own:32,13,on_demand,operating,0.0,0.0
own:32,14,on_demand,operating,0.0,0.0
own:32,15,on_demand,operating,0.0,0.0
own:32,16,on_demand,operating,0.0,0.0
own:32,17,on_demand,operating,0.0,0.0
own:32,18,on_demand,operating,0.0,0.0
own:32,19,on_demand,operating,0.0,0.0
own:32,20,on_demand,operating,0.0,0.0
own:32,21,on_demand,operating,0.0,0.0
own:32,22,on_demand,operating,0.0,0.0
own:32,23,on_demand,operating,0.0,0.0
own:32,24,on_demand,operating,0.0,0.0
own:32,25,on_demand,operating,0.0,0.0
own:32,26,on_demand,operating,0.0,0.0
own:32,27,on_demand,operating,0.0,0.0
own:32,28,on_demand,operating,0.0,0.0
own:32,29,on_demand,operating,0.0,0.0
own:32,30,on_demand,operating,0.0,0.0
own:32,31,on_demand,operating,0.0,0.0
own:32,32,on_demand,operating,0.0,0.0
own:32,33,on_demand,operating,0.0,0.0
own:32,34,on_demand,operating,0.0,0.0
own:32,35,on_demand,operating,0.0,0.0
own:32,36,on_demand,operating,0.0,0.0
own:32,0,variable_service,capital,0.0,0.0
own:32,1,variable_service,operating,0.0,0.0
own:32,2,variable_service,operating,0.0,0.0
own:32,3,variable_service,operating,0.0,0.0
own:32,4,variable_service,operating,0.0,0.0
own:32,5,variable_service,operating,0.0,0.0
own:32,6,variable_service,operating,0.0,0.0
own:32,7,variable_service,operating,0.0,0.0
own:32,8,variable_service,operating,0.0,0.0
own:32,9,variable_service,operating,0.0,0.0
own:32,10,variable_service,operating,0.0,0.0
own:32,11,variable_service,operating,0.0,0.0
own:32,12,variable_service,operating,0.0,0.0
own:32,13,variable_service,operating,0.0,0.0
own:32,14,variable_service,operating,0.0,0.0
own:32,15,variable_service,operating,0.0,0.0
own:32,16,variable_service,operating,0.0,0.0
own:32,17,variable_service,operating,0.0,0.0
own:32,18,variable_service,operating,0.0,0.0
own:32,19,variable_service,operating,0.0,0.0
own:32,20,variable_service,operating,0.0,0.0
own:32,21,variable_service,operating,0.0,0.0
own:32,22,variable_service,operating,0.0,0.0
own:32,23,variable_service,operating,0.0,0.0
own:32,24,variable_service,operating,0.0,0.0
own:32,25,variable_service,operating,0.0,0.0
own:32,26,variable_service,operating,0.0,0.0
own:32,27,variable_service,operating,0.0,0.0
own:32,28,variable_service,operating,0.0,0.0
own:32,29,variable_service,operating,0.0,0.0
own:32,30,variable_service,operating,0.0,0.0
own:32,31,variable_service,operating,0.0,0.0
own:32,32,variable_service,operating,0.0,0.0
own:32,33,variable_service,operating,0.0,0.0
own:32,34,variable_service,operating,0.0,0.0
own:32,35,variable_service,operating,0.0,0.0
own:32,36,variable_service,operating,0.0,0.0
own:32,0,node_acquisition,capital,12800000.0,12800000.0
own:32,1,node_acquisition,operating,0.0,0.0
own:32,2,node_acquisition,operating,0.0,0.0
own:32,3,node_acquisition,operating,0.0,0.0
own:32,4,node_acquisition,operating,0.0,0.0
own:32,5,node_acquisition,operating,0.0,0.0
own:32,6,node_acquisition,operating,0.0,0.0
own:32,7,node_acquisition,operating,0.0,0.0
own:32,8,node_acquisition,operating,0.0,0.0
own:32,9,node_acquisition,operating,0.0,0.0
own:32,10,node_acquisition,operating,0.0,0.0
own:32,11,node_acquisition,operating,0.0,0.0
own:32,12,node_acquisition,operating,0.0,0.0
own:32,13,node_acquisition,operating,0.0,0.0
own:32,14,node_acquisition,operating,0.0,0.0
own:32,15,node_acquisition,operating,0.0,0.0
own:32,16,node_acquisition,operating,0.0,0.0
own:32,17,node_acquisition,operating,0.0,0.0
own:32,18,node_acquisition,operating,0.0,0.0
own:32,19,node_acquisition,operating,0.0,0.0
own:32,20,node_acquisition,operating,0.0,0.0
own:32,21,node_acquisition,operating,0.0,0.0
own:32,22,node_acquisition,operating,0.0,0.0
own:32,23,node_acquisition,operating,0.0,0.0
own:32,24,node_acquisition,operating,0.0,0.0
own:32,25,node_acquisition,operating,0.0,0.0
own:32,26,node_acquisition,operating,0.0,0.0
own:32,27,node_acquisition,operating,0.0,0.0
own:32,28,node_acquisition,operating,0.0,0.0
own:32,29,node_acquisition,operating,0.0,0.0
own:32,30,node_acquisition,operating,0.0,0.0
own:32,31,node_acquisition,operating,0.0,0.0
own:32,32,node_acquisition,operating,0.0,0.0
own:32,33,node_acquisition,operating,0.0,0.0
own:32,34,node_acquisition,operating,0.0,0.0
own:32,35,node_acquisition,operating,0.0,0.0
own:32,36,node_acquisition,operating,0.0,0.0
own:32,0,installation,capital,50000.0,50000.0
own:32,1,installation,operating,0.0,0.0
own:32,2,installation,operating,0.0,0.0
own:32,3,installation,operating,0.0,0.0
own:32,4,installation,operating,0.0,0.0
own:32,5,installation,operating,0.0,0.0
own:32,6,installation,operating,0.0,0.0
own:32,7,installation,operating,0.0,0.0
own:32,8,installation,operating,0.0,0.0
own:32,9,installation,operating,0.0,0.0
own:32,10,installation,operating,0.0,0.0
own:32,11,installation,operating,0.0,0.0
own:32,12,installation,operating,0.0,0.0
own:32,13,installation,operating,0.0,0.0
own:32,14,installation,operating,0.0,0.0
own:32,15,installation,operating,0.0,0.0
own:32,16,installation,operating,0.0,0.0
own:32,17,installation,operating,0.0,0.0
own:32,18,installation,operating,0.0,0.0
own:32,19,installation,operating,0.0,0.0
own:32,20,installation,operating,0.0,0.0
own:32,21,installation,operating,0.0,0.0
own:32,22,installation,operating,0.0,0.0
own:32,23,installation,operating,0.0,0.0
own:32,24,installation,operating,0.0,0.0
own:32,25,installation,operating,0.0,0.0
own:32,26,installation,operating,0.0,0.0
own:32,27,installation,operating,0.0,0.0
own:32,28,installation,operating,0.0,0.0
own:32,29,installation,operating,0.0,0.0
own:32,30,installation,operating,0.0,0.0
own:32,31,installation,operating,0.0,0.0
own:32,32,installation,operating,0.0,0.0
own:32,33,installation,operating,0.0,0.0
own:32,34,installation,operating,0.0,0.0
own:32,35,installation,operating,0.0,0.0
own:32,36,installation,operating,0.0,0.0
own:32,0,network,capital,0.0,0.0
own:32,1,network,operating,0.0,0.0
own:32,2,network,operating,0.0,0.0
own:32,3,network,operating,0.0,0.0
own:32,4,network,operating,0.0,0.0
own:32,5,network,operating,0.0,0.0
own:32,6,network,operating,0.0,0.0
own:32,7,network,operating,0.0,0.0
own:32,8,network,operating,0.0,0.0
own:32,9,network,operating,0.0,0.0
own:32,10,network,operating,0.0,0.0
own:32,11,network,operating,0.0,0.0
own:32,12,network,operating,0.0,0.0
own:32,13,network,operating,0.0,0.0
own:32,14,network,operating,0.0,0.0
own:32,15,network,operating,0.0,0.0
own:32,16,network,operating,0.0,0.0
own:32,17,network,operating,0.0,0.0
own:32,18,network,operating,0.0,0.0
own:32,19,network,operating,0.0,0.0
own:32,20,network,operating,0.0,0.0
own:32,21,network,operating,0.0,0.0
own:32,22,network,operating,0.0,0.0
own:32,23,network,operating,0.0,0.0
own:32,24,network,operating,0.0,0.0
own:32,25,network,operating,0.0,0.0
own:32,26,network,operating,0.0,0.0
own:32,27,network,operating,0.0,0.0
own:32,28,network,operating,0.0,0.0
own:32,29,network,operating,0.0,0.0
own:32,30,network,operating,0.0,0.0
own:32,31,network,operating,0.0,0.0
own:32,32,network,operating,0.0,0.0
own:32,33,network,operating,0.0,0.0
own:32,34,network,operating,0.0,0.0
own:32,35,network,operating,0.0,0.0
own:32,36,network,operating,0.0,0.0
own:32,0,storage,capital,0.0,0.0
own:32,1,storage,operating,0.0,0.0
own:32,2,storage,operating,0.0,0.0
own:32,3,storage,operating,0.0,0.0
own:32,4,storage,operating,0.0,0.0
own:32,5,storage,operating,0.0,0.0
own:32,6,storage,operating,0.0,0.0
own:32,7,storage,operating,0.0,0.0
own:32,8,storage,operating,0.0,0.0
own:32,9,storage,operating,0.0,0.0
own:32,10,storage,operating,0.0,0.0
own:32,11,storage,operating,0.0,0.0
own:32,12,storage,operating,0.0,0.0
own:32,13,storage,operating,0.0,0.0
own:32,14,storage,operating,0.0,0.0
own:32,15,storage,operating,0.0,0.0
own:32,16,storage,operating,0.0,0.0
own:32,17,storage,operating,0.0,0.0
own:32,18,storage,operating,0.0,0.0
own:32,19,storage,operating,0.0,0.0
own:32,20,storage,operating,0.0,0.0
own:32,21,storage,operating,0.0,0.0
own:32,22,storage,operating,0.0,0.0
own:32,23,storage,operating,0.0,0.0
own:32,24,storage,operating,0.0,0.0
own:32,25,storage,operating,0.0,0.0
own:32,26,storage,operating,0.0,0.0
own:32,27,storage,operating,0.0,0.0
own:32,28,storage,operating,0.0,0.0
own:32,29,storage,operating,0.0,0.0
own:32,30,storage,operating,0.0,0.0
own:32,31,storage,operating,0.0,0.0
own:32,32,storage,operating,0.0,0.0
own:32,33,storage,operating,0.0,0.0
own:32,34,storage,operating,0.0,0.0
own:32,35,storage,operating,0.0,0.0
own:32,36,storage,operating,0.0,0.0
own:32,0,operations,capital,0.0,0.0
own:32,1,operations,operating,0.0,0.0
own:32,2,operations,operating,0.0,0.0
own:32,3,operations,operating,0.0,0.0
own:32,4,operations,operating,0.0,0.0
own:32,5,operations,operating,0.0,0.0
own:32,6,operations,operating,0.0,0.0
own:32,7,operations,operating,12666.666666666666,11981.649441891297
own:32,8,operations,operating,12666.666666666666,11886.861935558167
own:32,9,operations,operating,12666.666666666666,11792.824298548154
own:32,10,operations,operating,12666.666666666666,11699.530598602641
own:32,11,operations,operating,12666.666666666666,11606.974950393436
own:32,12,operations,operating,12666.666666666666,11515.151515151514
own:32,13,operations,operating,12666.666666666666,11424.054500298682
own:32,14,operations,operating,12666.666666666666,11333.678159082161
own:32,15,operations,operating,12666.666666666666,11244.01679021206
own:32,16,operations,operating,12666.666666666666,11155.064737501709
own:32,17,operations,operating,12666.666666666666,11066.816389510856
own:32,18,operations,operating,12666.666666666666,10979.266179191667
own:32,19,operations,operating,12666.666666666666,10892.408583537543
own:32,20,operations,operating,12666.666666666666,10806.238123234696
own:32,21,operations,operating,12666.666666666666,10720.749362316503
own:32,22,operations,operating,12666.666666666666,10635.936907820582
own:32,23,operations,operating,12666.666666666666,10551.795409448578
own:32,24,operations,operating,12666.666666666666,10468.319559228648
own:32,25,operations,operating,12666.666666666666,10385.504091180619
own:32,26,operations,operating,12666.666666666666,10303.343780983783
own:32,27,operations,operating,12666.666666666666,10221.833445647326
own:32,28,operations,operating,12666.666666666666,10140.96794318337
own:32,29,operations,operating,12666.666666666666,10060.742172282595
own:32,30,operations,operating,12666.666666666666,9981.151071992424
own:32,31,operations,operating,12666.666666666666,9902.189621397765
own:32,32,operations,operating,12666.666666666666,9823.852839304269
own:32,33,operations,operating,12666.666666666666,9746.135783924094
own:32,34,operations,operating,12666.666666666666,9669.033552564164
own:32,35,operations,operating,12666.666666666666,9592.541281316888
own:32,36,operations,operating,12666.666666666666,9516.654144753315
own:32,0,precommission,capital,0.0,0.0
own:32,1,precommission,operating,0.0,0.0
own:32,2,precommission,operating,0.0,0.0
own:32,3,precommission,operating,0.0,0.0
own:32,4,precommission,operating,0.0,0.0
own:32,5,precommission,operating,0.0,0.0
own:32,6,precommission,operating,0.0,0.0
own:32,7,precommission,operating,0.0,0.0
own:32,8,precommission,operating,0.0,0.0
own:32,9,precommission,operating,0.0,0.0
own:32,10,precommission,operating,0.0,0.0
own:32,11,precommission,operating,0.0,0.0
own:32,12,precommission,operating,0.0,0.0
own:32,13,precommission,operating,0.0,0.0
own:32,14,precommission,operating,0.0,0.0
own:32,15,precommission,operating,0.0,0.0
own:32,16,precommission,operating,0.0,0.0
own:32,17,precommission,operating,0.0,0.0
own:32,18,precommission,operating,0.0,0.0
own:32,19,precommission,operating,0.0,0.0
own:32,20,precommission,operating,0.0,0.0
own:32,21,precommission,operating,0.0,0.0
own:32,22,precommission,operating,0.0,0.0
own:32,23,precommission,operating,0.0,0.0
own:32,24,precommission,operating,0.0,0.0
own:32,25,precommission,operating,0.0,0.0
own:32,26,precommission,operating,0.0,0.0
own:32,27,precommission,operating,0.0,0.0
own:32,28,precommission,operating,0.0,0.0
own:32,29,precommission,operating,0.0,0.0
own:32,30,precommission,operating,0.0,0.0
own:32,31,precommission,operating,0.0,0.0
own:32,32,precommission,operating,0.0,0.0
own:32,33,precommission,operating,0.0,0.0
own:32,34,precommission,operating,0.0,0.0
own:32,35,precommission,operating,0.0,0.0
own:32,36,precommission,operating,0.0,0.0
own:32,0,electricity,capital,0.0,0.0
own:32,1,electricity,operating,0.0,0.0
own:32,2,electricity,operating,0.0,0.0
own:32,3,electricity,operating,0.0,0.0
own:32,4,electricity,operating,0.0,0.0
own:32,5,electricity,operating,0.0,0.0
own:32,6,electricity,operating,0.0,0.0
own:32,7,electricity,operating,9757.53199693245,9229.841668838066
own:32,8,electricity,operating,10103.43697881435,9481.433719087825
own:32,9,electricity,operating,9797.607255201698,9121.694282113758
own:32,10,electricity,operating,10145.055134526963,9370.45128717703
own:32,11,electricity,operating,10166.020410199595,9315.532440503299
own:32,12,electricity,operating,9858.474689274768,8962.249717522516
own:32,13,electricity,operating,10208.265964811846,9206.82526859642
own:32,14,electricity,operating,9899.561898034748,8857.772247492503
own:32,15,electricity,operating,10250.935031109084,9099.606758302383
own:32,16,electricity,operating,10272.42970626463,9046.54881985402
own:32,17,electricity,operating,9629.900767389761,8413.606076993066
own:32,18,electricity,operating,10315.742014069929,8941.521900658776
own:32,19,electricity,operating,10004.091023361561,8602.787915791134
own:32,20,electricity,operating,10359.488527760981,8837.928936781831
own:32,21,electricity,operating,10046.638035870761,8503.222761827858
own:32,22,electricity,operating,10403.673600251785,8735.748633302888
own:32,23,electricity,operating,10425.93196825304,8685.181664355443
own:32,24,electricity,operating,10111.259640091266,8356.41292569526
own:32,25,electricity,operating,10470.783136234779,8585.081139413
own:32,26,electricity,operating,10154.881017983178,8260.20238288952
own:32,27,electricity,operating,10516.08393717553,8486.341461020167
own:32,28,electricity,operating,10538.904356861407,8437.475624147928
own:32,29,electricity,operating,9539.725438776775,7577.109318465678
own:32,30,electricity,operating,10584.888073038943,8340.739495036774
own:32,31,electricity,operating,10265.857271036262,8025.352525579427
own:32,32,electricity,operating,10631.332775971157,8245.314369222062
own:32,33,electricity,operating,10311.028490178402,7933.632926620147
own:32,34,electricity,operating,10678.243087050267,8151.180844036214
own:32,35,electricity,operating,10701.87430248552,8104.59245005711
own:32,36,electricity,operating,10379.635813546398,7798.374014685496
own:32,0,hosting,capital,0.0,0.0
own:32,1,hosting,operating,0.0,0.0
own:32,2,hosting,operating,0.0,0.0
own:32,3,hosting,operating,0.0,0.0
own:32,4,hosting,operating,0.0,0.0
own:32,5,hosting,operating,0.0,0.0
own:32,6,hosting,operating,0.0,0.0
own:32,7,hosting,operating,0.0,0.0
own:32,8,hosting,operating,0.0,0.0
own:32,9,hosting,operating,0.0,0.0
own:32,10,hosting,operating,0.0,0.0
own:32,11,hosting,operating,0.0,0.0
own:32,12,hosting,operating,0.0,0.0
own:32,13,hosting,operating,0.0,0.0
own:32,14,hosting,operating,0.0,0.0
own:32,15,hosting,operating,0.0,0.0
own:32,16,hosting,operating,0.0,0.0
own:32,17,hosting,operating,0.0,0.0
own:32,18,hosting,operating,0.0,0.0
own:32,19,hosting,operating,0.0,0.0
own:32,20,hosting,operating,0.0,0.0
own:32,21,hosting,operating,0.0,0.0
own:32,22,hosting,operating,0.0,0.0
own:32,23,hosting,operating,0.0,0.0
own:32,24,hosting,operating,0.0,0.0
own:32,25,hosting,operating,0.0,0.0
own:32,26,hosting,operating,0.0,0.0
own:32,27,hosting,operating,0.0,0.0
own:32,28,hosting,operating,0.0,0.0
own:32,29,hosting,operating,0.0,0.0
own:32,30,hosting,operating,0.0,0.0
own:32,31,hosting,operating,0.0,0.0
own:32,32,hosting,operating,0.0,0.0
own:32,33,hosting,operating,0.0,0.0
own:32,34,hosting,operating,0.0,0.0
own:32,35,hosting,operating,0.0,0.0
own:32,36,hosting,operating,0.0,0.0
own:32,0,exit,terminal,0.0,0.0
own:32,1,exit,terminal,0.0,0.0
own:32,2,exit,terminal,0.0,0.0
own:32,3,exit,terminal,0.0,0.0
own:32,4,exit,terminal,0.0,0.0
own:32,5,exit,terminal,0.0,0.0
own:32,6,exit,terminal,0.0,0.0
own:32,7,exit,terminal,0.0,0.0
own:32,8,exit,terminal,0.0,0.0
own:32,9,exit,terminal,0.0,0.0
own:32,10,exit,terminal,0.0,0.0
own:32,11,exit,terminal,0.0,0.0
own:32,12,exit,terminal,0.0,0.0
own:32,13,exit,terminal,0.0,0.0
own:32,14,exit,terminal,0.0,0.0
own:32,15,exit,terminal,0.0,0.0
own:32,16,exit,terminal,0.0,0.0
own:32,17,exit,terminal,0.0,0.0
own:32,18,exit,terminal,0.0,0.0
own:32,19,exit,terminal,0.0,0.0
own:32,20,exit,terminal,0.0,0.0
own:32,21,exit,terminal,0.0,0.0
own:32,22,exit,terminal,0.0,0.0
own:32,23,exit,terminal,0.0,0.0
own:32,24,exit,terminal,0.0,0.0
own:32,25,exit,terminal,0.0,0.0
own:32,26,exit,terminal,0.0,0.0
own:32,27,exit,terminal,0.0,0.0
own:32,28,exit,terminal,0.0,0.0
own:32,29,exit,terminal,0.0,0.0
own:32,30,exit,terminal,0.0,0.0
own:32,31,exit,terminal,0.0,0.0
own:32,32,exit,terminal,0.0,0.0
own:32,33,exit,terminal,0.0,0.0
own:32,34,exit,terminal,0.0,0.0
own:32,35,exit,terminal,0.0,0.0
own:32,36,exit,terminal,0.0,0.0
own:32,0,residual,terminal,0.0,0.0
own:32,1,residual,terminal,0.0,0.0
own:32,2,residual,terminal,0.0,0.0
own:32,3,residual,terminal,0.0,0.0
own:32,4,residual,terminal,0.0,0.0
own:32,5,residual,terminal,0.0,0.0
own:32,6,residual,terminal,0.0,0.0
own:32,7,residual,terminal,0.0,0.0
own:32,8,residual,terminal,0.0,0.0
own:32,9,residual,terminal,0.0,0.0
own:32,10,residual,terminal,0.0,0.0
own:32,11,residual,terminal,0.0,0.0
own:32,12,residual,terminal,0.0,0.0
own:32,13,residual,terminal,0.0,0.0
own:32,14,residual,terminal,0.0,0.0
own:32,15,residual,terminal,0.0,0.0
own:32,16,residual,terminal,0.0,0.0
own:32,17,residual,terminal,0.0,0.0
own:32,18,residual,terminal,0.0,0.0
own:32,19,residual,terminal,0.0,0.0
own:32,20,residual,terminal,0.0,0.0
own:32,21,residual,terminal,0.0,0.0
own:32,22,residual,terminal,0.0,0.0
own:32,23,residual,terminal,0.0,0.0
own:32,24,residual,terminal,0.0,0.0
own:32,25,residual,terminal,0.0,0.0
own:32,26,residual,terminal,0.0,0.0
own:32,27,residual,terminal,0.0,0.0
own:32,28,residual,terminal,0.0,0.0
own:32,29,residual,terminal,0.0,0.0
own:32,30,residual,terminal,0.0,0.0
own:32,31,residual,terminal,0.0,0.0
own:32,32,residual,terminal,0.0,0.0
own:32,33,residual,terminal,0.0,0.0
own:32,34,residual,terminal,0.0,0.0
own:32,35,residual,terminal,0.0,0.0
own:32,36,residual,terminal,0.0,0.0
