policy_id,period,month,hours,demand_tokens,delivered_tokens,unmet_tokens,baseline_execution_hours,od_execution_hours,od_billed_hours,baseline_nodes,idle_node_hours,it_kwh,facility_kwh,discount_factor,cash_usd,pv_usd,on_demand_usd,variable_service_usd,commitment_usd,commit_setup_usd,commit_fees_usd,node_acquisition_usd,installation_usd,network_usd,storage_usd,operations_usd,precommission_usd,electricity_usd,hosting_usd,exit_usd,residual_usd
on_demand:0,0,time_zero,0.0,0.0,0.0,0.0,0.0,0.0,0.0,0,0.0,0.0,0.0,1.0,0.0,0.0,0.0,0.0,,,,,,,,,,,,,
on_demand:0,1,2026-10,744.0,924267843072.0002,671485605194.8799,252782237877.1203,0.0,2912.5599999999995,2972.0,0,0.0,0.0,0.0,0.992088943446991,204473.6,202855.99778680265,204473.6,0.0,,,,,,,,,,,,,
on_demand:0,2,2026-11,720.0,898925015116.8,650699375155.2,248225639961.60022,0.0,2822.4,2880.0,0,0.0,0.0,0.0,0.9842404717097668,198144.0,195021.34402646002,198144.0,0.0,,,,,,,,,,,,,
on_demand:0,3,2026-12,744.0,933533628198.7966,671485605194.8799,262048023003.9168,0.0,2912.5599999999995,2972.0,0,0.0,0.0,0.0,0.9764540896763105,204473.6,199659.08295083806,204473.6,0.0,,,,,,,,,,,,,
on_demand:0,4,2027-01,744.0,938201296339.7905,671485605194.8799,266715691144.9107,0.0,2912.5599999999995,2972.0,0,0.0,0.0,0.0,0.9687293061514642,204473.6,198079.56865429203,204473.6,0.0,,,,,,,,,,,,,
on_demand:0,5,2027-02,672.0,851644660612.9583,606415667679.3599,245228992933.59842,0.0,2630.3199999999997,2684.0,0,0.0,0.0,0.0,0.9610656338259428,184659.19999999998,177469.61108979152,184659.19999999998,0.0,,,,,,,,,,,,,
on_demand:0,6,2027-03,744.0,947606764335.5967,671485605194.8799,276121159140.71686,0.0,2912.5599999999995,2972.0,0,0.0,0.0,0.0,0.9534625892455922,204473.6,194957.92808836754,204473.6,0.0,,,,,,,,,,,,,
on_demand:0,7,2027-04,720.0,921623998216.7175,650699375155.2,270924623061.51764,0.0,2822.4,2880.0,0,0.0,0.0,0.0,0.9459196927808919,198144.0,187428.31160637704,198144.0,0.0,,,,,,,,,,,,,
on_demand:0,8,2027-05,744.0,957106522148.061,671485605194.8799,285620916953.18115,0.0,2912.5599999999995,2972.0,0,0.0,0.0,0.0,0.9384364685966974,204473.6,191885.48310525366,204473.6,0.0,,,,,,,,,,,,,
on_demand:0,9,2027-06,720.0,930863278798.8401,650699375155.2,280163903643.64014,0.0,2822.4,2880.0,0,0.0,0.0,0.0,0.9310124446222228,198144.0,184474.52982722572,198144.0,0.0,,,,,,,,,,,,,
on_demand:0,10,2027-07,744.0,966701515032.5951,671485605194.8799,295215909837.7152,0.0,2912.5599999999995,2972.0,0,0.0,0.0,0.0,0.9236471525212612,204473.6,188861.45840577135,204473.6,0.0,,,,,,,,,,,,,
on_demand:0,11,2027-08,744.0,971535022607.758,671485605194.8799,300049417412.87823,0.0,2912.5599999999995,2972.0,0,0.0,0.0,0.0,0.9163401276626397,204473.6,187367.36472763953,204473.6,0.0,,,,,,,,,,,,,
on_demand:0,12,2027-09,720.0,944896159084.6421,650699375155.2,294196783929.4422,0.0,2822.4,2880.0,0,0.0,0.0,0.0,0.9090909090909091,198144.0,180130.9090909091,198144.0,0.0,,,,,,,,,,,,,
on_demand:0,13,2027-10,744.0,981274661209.4006,671485605194.8799,309789056014.5207,0.0,2912.5599999999995,2972.0,0,0.0,0.0,0.0,0.9018990394972645,204473.6,184414.54344254787,204473.6,0.0,,,,,,,,,,,,,
on_demand:0,14,2027-11,720.0,954368743079.4653,650699375155.2,303669367924.26544,0.0,2822.4,2880.0,0,0.0,0.0,0.0,0.894764065190697,198144.0,177292.13093314547,198144.0,0.0,,,,,,,,,,,,,
on_demand:0,15,2027-12,744.0,991111939688.0247,671485605194.8799,319626334493.1447,0.0,2912.5599999999995,2972.0,0,0.0,0.0,0.0,0.8876855360693732,204473.6,181508.25722803458,204473.6,0.0,,,,,,,,,,,,,
on_demand:0,16,2028-01,744.0,996067499386.4646,671485605194.8799,324581894191.5848,0.0,2912.5599999999995,2972.0,0,0.0,0.0,0.0,0.8806630055922402,204473.6,180072.3351402655,204473.6,0.0,,,,,,,,,,,,,
on_demand:0,17,2028-02,696.0,936464105471.565,628105646851.1998,308358458620.36505,0.0,2724.4,2780.0,0,0.0,0.0,0.0,0.873696030750857,191264.0,167106.59762553193,191264.0,0.0,,,,,,,,,,,,,
on_demand:0,18,2028-03,744.0,1006053076067.8136,671485605194.8799,334567470872.9337,0.0,2912.5599999999995,2972.0,0,0.0,0.0,0.0,0.8667841720414474,204473.6,177234.48008033412,204473.6,0.0,,,,,,,,,,,,,
on_demand:0,19,2028-04,720.0,978467749788.5349,650699375155.2,327768374633.33496,0.0,2822.4,2880.0,0,0.0,0.0,0.0,0.8599269934371745,198144.0,170389.3741876155,198144.0,0.0,,,,,,,,,,,,,
on_demand:0,20,2028-05,744.0,1016138758155.3933,671485605194.8799,344653152960.5134,0.0,2912.5599999999995,2972.0,0,0.0,0.0,0.0,0.8531240623606339,204473.6,174441.3482775033,204473.6,0.0,,,,,,,,,,,,,
on_demand:0,21,2028-06,720.0,988276888980.1646,650699375155.2,337577513824.9647,0.0,2822.4,2880.0,0,0.0,0.0,0.0,0.8463749496565661,198144.0,167704.11802475064,198144.0,0.0,,,,,,,,,,,,,
on_demand:0,22,2028-07,744.0,1026325549205.9009,671485605194.8799,354839944011.02106,0.0,2912.5599999999995,2972.0,0,0.0,0.0,0.0,0.8396792295647828,204473.6,171692.23491433758,204473.6,0.0,,,,,,,,,,,,,
on_demand:0,23,2028-08,744.0,1031457176951.9302,671485605194.8799,359971571757.05035,0.0,2912.5599999999995,2972.0,0,0.0,0.0,0.0,0.8330364796933087,204473.6,170333.96793421774,204473.6,0.0,,,,,,,,,,,,,
on_demand:0,24,2028-09,720.0,1003175286616.1516,650699375155.2,352475911460.95166,0.0,2822.4,2880.0,0,0.0,0.0,0.0,0.8264462809917354,198144.0,163755.37190082643,198144.0,0.0,,,,,,,,,,,,,
on_demand:0,25,2028-10,744.0,1041797535150.8733,671485605194.8799,370311929955.99335,0.0,2912.5599999999995,2972.0,0,0.0,0.0,0.0,0.8199082177247857,204473.6,167649.58494777075,204473.6,0.0,,,,,,,,,,,,,
on_demand:0,26,2028-11,720.0,1013232118864.478,650699375155.2,362532743709.27814,0.0,2822.4,2880.0,0,0.0,0.0,0.0,0.8134218774460882,198144.0,161174.6644846777,198144.0,0.0,,,,,,,,,,,,,
on_demand:0,27,2028-12,744.0,1052241555440.7605,671485605194.8799,380755950245.8806,0.0,2912.5599999999995,2972.0,0,0.0,0.0,0.0,0.8069868509721573,204473.6,165007.50657094052,204473.6,0.0,,,,,,,,,,,,,
on_demand:0,28,2029-01,744.0,1057502763217.9641,671485605194.8799,386017158023.0843,0.0,2912.5599999999995,2972.0,0,0.0,0.0,0.0,0.8006027323565819,204473.6,163702.12285478678,204473.6,0.0,,,,,,,,,,,,,
on_demand:0,29,2029-02,672.0,959939605063.0164,606415667679.3599,353523937383.6565,0.0,2630.3199999999997,2684.0,0,0.0,0.0,0.0,0.7942691188644154,184659.19999999998,146669.10007420785,184659.19999999998,0.0,,,,,,,,,,,,,
on_demand:0,30,2029-03,744.0,1068104228419.2241,671485605194.8799,396618623224.3442,0.0,2912.5599999999995,2972.0,0,0.0,0.0,0.0,0.7879856109467703,204473.6,161122.25461848555,204473.6,0.0,,,,,,,,,,,,,
on_demand:0,31,2029-04,720.0,1038817499575.4711,650699375155.2,388118124420.2712,0.0,2822.4,2880.0,0,0.0,0.0,0.0,0.7817518122156131,198144.0,154899.43107965044,198144.0,0.0,,,,,,,,,,,,,
on_demand:0,32,2029-05,744.0,1078811973309.1265,671485605194.8799,407326368114.24664,0.0,2912.5599999999995,2972.0,0,0.0,0.0,0.0,0.7755673294187581,204473.6,158583.04388863937,204473.6,0.0,,,,,,,,,,,,,
on_demand:0,33,2029-06,720.0,1049231645008.715,650699375155.2,398532269853.5151,0.0,2822.4,2880.0,0,0.0,0.0,0.0,0.76943177241506,198144.0,152458.28911340964,198144.0,0.0,,,,,,,,,,,,,
on_demand:0,34,2029-07,744.0,1089627063341.5503,671485605194.8799,418141458146.6704,0.0,2912.5599999999995,2972.0,0,0.0,0.0,0.0,0.7633447541498025,204473.6,156083.84992212505,204473.6,0.0,,,,,,,,,,,,,
on_demand:0,35,2029-08,744.0,1095075198658.2579,671485605194.8799,423589593463.37805,0.0,2912.5599999999995,2972.0,0,0.0,0.0,0.0,0.7573058906302806,204473.6,154849.06175837974,204473.6,0.0,,,,,,,,,,,,,
on_demand:0,36,2029-09,720.0,1065048943211.1765,650699375155.2,414349568055.9767,0.0,2822.4,2880.0,0,0.0,0.0,0.0,0.7513148009015775,198144.0,148868.51990984217,198144.0,0.0,,,,,,,,,,,,,
commit:1,0,time_zero,0.0,0.0,0.0,0.0,0.0,0.0,0.0,1,0.0,0.0,0.0,1.0,0.0,0.0,0.0,0.0,0.0,0.0,0.0,,,,,,,,,,
commit:1,1,2026-10,744.0,924267843072.0002,783552901324.0321,140714941747.96808,729.1200000000001,2669.530426196395,2728.0,1,14.879999999999882,0.0,0.0,0.992088943446991,217446.4,215726.16923235176,187686.4,0.0,29760.0,0.0,0.0,,,,,,,,,,
commit:1,2,2026-11,720.0,898925015116.8,761958187200.0,136966827916.80005,705.6,2599.38363709101,2656.0,1,14.399999999999977,0.0,0.0,0.9842404717097668,211532.8,208199.14285408775,182732.8,0.0,28800.0,0.0,0.0,,,,,,,,,,
commit:1,3,2026-12,744.0,933533628198.7966,789730091408.5631,143803536790.23358,729.1200000000001,2696.3239071190133,2752.0,1,14.879999999999882,0.0,0.0,0.9764540896763105,219097.6,213938.7475582644,189337.6,0.0,29760.0,0.0,0.0,,,,,,,,,,
commit:1,4,2027-01,744.0,938201296339.7905,792841870169.2257,145359426170.56488,729.1200000000001,2709.821206654608,2768.0,1,14.879999999999882,0.0,0.0,0.9687293061514642,220198.4,213312.64324766258,190438.4,0.0,29760.0,0.0,0.0,,,,,,,,,,
commit:1,5,2027-02,672.0,851644660612.9583,719231461625.3215,132413198987.63681,658.56,2461.09702565357,2512.0,1,13.440000000000055,0.0,0.0,0.9610656338259428,199705.6,191930.1890425902,172825.6,0.0,26880.0,0.0,0.0,,,,,,,,,,
commit:1,6,2027-03,744.0,947606764335.5967,799112182166.4298,148494582169.16693,729.1200000000001,2737.0186026513197,2796.0,1,14.879999999999882,0.0,0.0,0.9534625892455922,222124.8,211787.68694365933,192364.8,0.0,29760.0,0.0,0.0,,,,,,,,,,
commit:1,7,2027-04,720.0,921623998216.7175,777090842599.9451,144533155616.77252,705.6,2665.0213312882997,2720.0,1,14.399999999999977,0.0,0.0,0.9459196927808919,215936.0,204258.11478033467,187136.0,0.0,28800.0,0.0,0.0,,,,,,,,,,
commit:1,8,2027-05,744.0,957106522148.061,805445354041.406,151661168106.65503,729.1200000000001,2764.4886525428988,2824.0,1,14.879999999999882,0.0,0.0,0.9384364685966974,224051.19999999998,210257.81691285234,194291.19999999998,0.0,29760.0,0.0,0.0,,,,,,,,,,
commit:1,9,2027-06,720.0,930863278798.8401,783250362988.0266,147612915810.81335,705.6,2691.738170134465,2748.0,1,14.399999999999977,0.0,0.0,0.9310124446222228,217862.4,202832.60561526453,189062.4,0.0,28800.0,0.0,0.0,,,,,,,,,,
commit:1,10,2027-07,744.0,966701515032.5951,811842015964.4287,154859499068.16638,729.1200000000001,2792.234089684641,2852.0,1,14.879999999999882,0.0,0.0,0.9236471525212612,225977.6,208723.56677358857,196217.6,0.0,29760.0,0.0,0.0,,,,,,,,,,
commit:1,11,2027-08,744.0,971535022607.758,815064354347.8707,156470668259.8874,729.1200000000001,2806.210940133064,2864.0,1,14.879999999999882,0.0,0.0,0.9163401276626397,226803.19999999998,207828.8732422952,197043.19999999998,0.0,29760.0,0.0,0.0,,,,,,,,,,
commit:1,12,2027-09,720.0,944896159084.6421,792605616511.8948,152290542572.74738,705.6,2732.316459516512,2792.0,1,14.399999999999977,0.0,0.0,0.9090909090909091,220889.6,200808.72727272726,192089.6,0.0,28800.0,0.0,0.0,,,,,,,,,,
commit:1,13,2027-10,744.0,981274661209.4006,821557446748.9657,159717214460.43488,729.1200000000001,2834.374643207897,2896.0,1,14.879999999999882,0.0,0.0,0.9018990394972645,229004.8,206539.20916026313,199244.8,0.0,29760.0,0.0,0.0,,,,,,,,,,
commit:1,14,2027-11,720.0,954368743079.4653,798920672508.4436,155448070571.0218,705.6,2759.707932023164,2820.0,1,14.399999999999977,0.0,0.0,0.894764065190697,222816.0,199367.74994953032,194016.0,0.0,28800.0,0.0,0.0,,,,,,,,,,
commit:1,15,2027-12,744.0,991111939688.0247,828115632401.3817,162996307286.64288,729.1200000000001,2862.8206874060556,2924.0,1,14.879999999999882,0.0,0.0,0.8876855360693732,230931.19999999998,204994.2860671436,201171.19999999998,0.0,29760.0,0.0,0.0,,,,,,,,,,
commit:1,16,2028-01,744.0,996067499386.4646,831419338867.0084,164648160519.45624,729.1200000000001,2877.1504708430857,2936.0,1,14.879999999999882,0.0,0.0,0.8806630055922402,231756.8,204099.6400544397,201996.8,0.0,29760.0,0.0,0.0,,,,,,,,,,
commit:1,17,2028-02,696.0,936464105471.565,781381002817.1179,155083102654.44702,682.0800000000002,2707.1498449265077,2764.0,1,13.919999999999845,0.0,0.0,0.873696030750857,218003.19999999998,190468.5305309852,190163.19999999998,0.0,27840.0,0.0,0.0,,,,,,,,,,
commit:1,18,2028-03,744.0,1006053076067.8136,838076389987.9077,167976686079.90588,729.1200000000001,2906.0253427132866,2968.0,1,14.879999999999882,0.0,0.0,0.8667841720414474,233958.4,202791.43803614177,204198.4,0.0,29760.0,0.0,0.0,,,,,,,,,,
commit:1,19,2028-04,720.0,978467749788.5349,813374218944.0,165093530844.53497,705.6,2822.4,2880.0,1,14.399999999999977,0.0,0.0,0.8599269934371745,226944.0,195155.27159860614,198144.0,0.0,28800.0,0.0,0.0,,,,,,,,,,
commit:1,20,2028-05,744.0,1016138758155.3933,839582943776.6399,176555814378.75348,729.1200000000001,2912.5599999999995,2972.0,1,14.879999999999882,0.0,0.0,0.8531240623606339,234233.6,199830.3203733558,204473.6,0.0,29760.0,0.0,0.0,,,,,,,,,,
commit:1,21,2028-06,720.0,988276888980.1646,813374218944.0,174902670036.16473,705.6,2822.4,2880.0,1,14.399999999999977,0.0,0.0,0.8463749496565661,226944.0,192079.71657485975,198144.0,0.0,28800.0,0.0,0.0,,,,,,,,,,
commit:1,22,2028-07,744.0,1026325549205.9009,839582943776.6399,186742605429.2611,729.1200000000001,2912.5599999999995,2972.0,1,14.879999999999882,0.0,0.0,0.8396792295647828,234233.6,196681.08878618552,204473.6,0.0,29760.0,0.0,0.0,,,,,,,,,,
commit:1,23,2028-08,744.0,1031457176951.9302,839582943776.6399,191874233175.2904,729.1200000000001,2912.5599999999995,2972.0,1,14.879999999999882,0.0,0.0,0.8330364796933087,234233.6,195125.1335698906,204473.6,0.0,29760.0,0.0,0.0,,,,,,,,,,
commit:1,24,2028-09,720.0,1003175286616.1516,813374218944.0,189801067672.15167,705.6,2822.4,2880.0,1,14.399999999999977,0.0,0.0,0.8264462809917354,226944.0,187557.0247933884,198144.0,0.0,28800.0,0.0,0.0,,,,,,,,,,
commit:1,25,2028-10,744.0,1041797535150.8733,839582943776.6399,202214591374.2334,729.1200000000001,2912.5599999999995,2972.0,1,14.879999999999882,0.0,0.0,0.8199082177247857,234233.6,192050.05350726037,204473.6,0.0,29760.0,0.0,0.0,,,,,,,,,,
commit:1,26,2028-11,720.0,1013232118864.478,813374218944.0,199857899920.47815,705.6,2822.4,2880.0,1,14.399999999999977,0.0,0.0,0.8134218774460882,226944.0,184601.21455512504,198144.0,0.0,28800.0,0.0,0.0,,,,,,,,,,
commit:1,27,2028-12,744.0,1052241555440.7605,839582943776.6399,212658611664.12067,729.1200000000001,2912.5599999999995,2972.0,1,14.879999999999882,0.0,0.0,0.8069868509721573,234233.6,189023.4352558719,204473.6,0.0,29760.0,0.0,0.0,,,,,,,,,,
commit:1,28,2029-01,744.0,1057502763217.9641,839582943776.6399,217919819441.32434,729.1200000000001,2912.5599999999995,2972.0,1,14.879999999999882,0.0,0.0,0.8006027323565819,234233.6,187528.06016971866,204473.6,0.0,29760.0,0.0,0.0,,,,,,,,,,
commit:1,29,2029-02,672.0,959939605063.0164,758245521882.2399,201694083180.77658,658.56,2630.3199999999997,2684.0,1,13.440000000000055,0.0,0.0,0.7942691188644154,211539.19999999998,168019.05398928333,184659.19999999998,0.0,26880.0,0.0,0.0,,,,,,,,,,
commit:1,30,2029-03,744.0,1068104228419.2241,839582943776.6399,228521284642.58423,729.1200000000001,2912.5599999999995,2972.0,1,14.879999999999882,0.0,0.0,0.7879856109467703,234233.6,184572.70640026144,204473.6,0.0,29760.0,0.0,0.0,,,,,,,,,,
commit:1,31,2029-04,720.0,1038817499575.4711,813374218944.0,225443280631.47113,705.6,2822.4,2880.0,1,14.399999999999977,0.0,0.0,0.7817518122156131,226944.0,177413.8832714601,198144.0,0.0,28800.0,0.0,0.0,,,,,,,,,,
commit:1,32,2029-05,744.0,1078811973309.1265,839582943776.6399,239229029532.4867,729.1200000000001,2912.5599999999995,2972.0,1,14.879999999999882,0.0,0.0,0.7755673294187581,234233.6,181663.92761214162,204473.6,0.0,29760.0,0.0,0.0,,,,,,,,,,
commit:1,33,2029-06,720.0,1049231645008.715,813374218944.0,235857426064.71503,705.6,2822.4,2880.0,1,14.399999999999977,0.0,0.0,0.76943177241506,226944.0,174617.92415896337,198144.0,0.0,28800.0,0.0,0.0,,,,,,,,,,
commit:1,34,2029-07,744.0,1089627063341.5503,839582943776.6399,250044119564.91046,729.1200000000001,2912.5599999999995,2972.0,1,14.879999999999882,0.0,0.0,0.7633447541498025,234233.6,178800.9898056232,204473.6,0.0,29760.0,0.0,0.0,,,,,,,,,,
commit:1,35,2029-08,744.0,1095075198658.2579,839582943776.6399,255492254881.6181,729.1200000000001,2912.5599999999995,2972.0,1,14.879999999999882,0.0,0.0,0.7573058906302806,234233.6,177386.4850635369,204473.6,0.0,29760.0,0.0,0.0,,,,,,,,,,
commit:1,36,2029-09,720.0,1065048943211.1765,813374218944.0,251674724267.17676,705.6,2822.4,2880.0,1,14.399999999999977,0.0,0.0,0.7513148009015775,226944.0,170506.38617580762,198144.0,0.0,28800.0,0.0,0.0,,,,,,,,,,
commit:2,0,time_zero,0.0,0.0,0.0,0.0,0.0,0.0,0.0,2,0.0,0.0,0.0,1.0,0.0,0.0,0.0,0.0,0.0,0.0,0.0,,,,,,,,,,
commit:2,1,2026-10,744.0,924267843072.0002,817172369040.384,107095474031.6161,1458.2400000000002,2086.234426196395,2131.0,2,29.759999999999764,0.0,0.0,0.992088943446991,206132.8,204502.07176176988,146612.8,0.0,59520.0,0.0,0.0,,,,,,,,,,
commit:2,2,2026-11,720.0,898925015116.8,794493155957.76,104431859159.04007,1411.2,2034.90363709101,2079.0,2,28.799999999999955,0.0,0.0,0.9842404717097668,200635.19999999998,197473.2838895834,143035.19999999998,0.0,57600.0,0.0,0.0,,,,,,,,,,
commit:2,3,2026-12,744.0,933533628198.7966,823349559124.915,110184069073.8816,1458.2400000000002,2113.027907119013,2158.0,2,29.759999999999764,0.0,0.0,0.9764540896763105,207990.4,203093.07669341168,148470.4,0.0,59520.0,0.0,0.0,,,,,,,,,,
commit:2,4,2027-01,744.0,938201296339.7905,826461337885.5776,111739958454.2129,1458.2400000000002,2126.5252066546077,2170.0,2,29.759999999999764,0.0,0.0,0.9687293061514642,208816.0,202286.17879332416,149296.0,0.0,59520.0,0.0,0.0,,,,,,,,,,
commit:2,5,2027-02,672.0,851644660612.9583,749597432465.8975,102047228147.06082,1317.12,1934.24902565357,1976.0,2,26.88000000000011,0.0,0.0,0.9610656338259428,189708.8,182322.608114359,135948.8,0.0,53760.0,0.0,0.0,,,,,,,,,,
commit:2,6,2027-03,744.0,947606764335.5967,832731649882.7817,114875114452.81496,1458.2400000000002,2153.7226026513194,2200.0,2,29.759999999999764,0.0,0.0,0.9534625892455922,210880.0,201066.1908201105,151360.0,0.0,59520.0,0.0,0.0,,,,,,,,,,
commit:2,7,2027-04,720.0,921623998216.7175,809625811357.705,111998186859.01254,1411.2,2100.5413312883,2145.0,2,28.799999999999955,0.0,0.0,0.9459196927808919,205176.0,194080.0188860123,147576.0,0.0,57600.0,0.0,0.0,,,,,,,,,,
commit:2,8,2027-05,744.0,957106522148.061,839064821757.758,118041700390.30305,1458.2400000000002,2181.192652542899,2227.0,2,29.759999999999764,0.0,0.0,0.9384364685966974,212737.6,199640.72208173678,153217.6,0.0,59520.0,0.0,0.0,,,,,,,,,,
commit:2,9,2027-06,720.0,930863278798.8401,815785331745.7866,115077947053.05338,1411.2,2127.2581701344648,2172.0,2,28.799999999999955,0.0,0.0,0.9310124446222228,207033.6,192750.85805493942,149433.6,0.0,57600.0,0.0,0.0,,,,,,,,,,
commit:2,10,2027-07,744.0,966701515032.5951,845461483680.7808,121240031351.8144,1458.2400000000002,2208.9380896846405,2257.0,2,29.759999999999764,0.0,0.0,0.9236471525212612,214801.6,198400.88619701093,155281.6,0.0,59520.0,0.0,0.0,,,,,,,,,,
commit:2,11,2027-08,744.0,971535022607.758,848683822064.2227,122851200543.53542,1458.2400000000002,2222.914940133064,2269.0,2,29.759999999999764,0.0,0.0,0.9163401276626397,215627.19999999998,197587.85597553753,156107.19999999998,0.0,59520.0,0.0,0.0,,,,,,,,,,
commit:2,12,2027-09,720.0,944896159084.6421,825140585269.6547,119755573814.9874,1411.2,2167.836459516512,2214.0,2,28.799999999999955,0.0,0.0,0.9090909090909091,209923.19999999998,190839.2727272727,152323.19999999998,0.0,57600.0,0.0,0.0,,,,,,,,,,
commit:2,13,2027-10,744.0,981274661209.4006,855176914465.3176,126097746744.0829,1458.2400000000002,2251.078643207897,2299.0,2,29.759999999999764,0.0,0.0,0.9018990394972645,217691.19999999998,196335.4841870069,158171.19999999998,0.0,59520.0,0.0,0.0,,,,,,,,,,
commit:2,14,2027-11,720.0,954368743079.4653,831455641266.2035,122913101813.26181,1411.2,2195.2279320231646,2241.0,2,28.799999999999955,0.0,0.0,0.894764065190697,211780.8,189493.84953733796,154180.8,0.0,57600.0,0.0,0.0,,,,,,,,,,
commit:2,15,2027-12,744.0,991111939688.0247,861735100117.7336,129376839570.29091,1458.2400000000002,2279.524687406056,2329.0,2,29.759999999999764,0.0,0.0,0.8876855360693732,219755.19999999998,195073.5125160323,160235.19999999998,0.0,59520.0,0.0,0.0,,,,,,,,,,
commit:2,16,2028-01,744.0,996067499386.4646,865038806583.3604,131028692803.10426,1458.2400000000002,2293.854470843086,2341.0,2,29.759999999999764,0.0,0.0,0.8806630055922402,220580.8,194257.3503039408,161060.8,0.0,59520.0,0.0,0.0,,,,,,,,,,
commit:2,17,2028-02,696.0,936464105471.565,812831472616.2859,123632632855.279,1364.1600000000003,2161.4858449265075,2206.0,2,27.83999999999969,0.0,0.0,0.873696030750857,207452.8,181250.68792815137,151772.8,0.0,55680.0,0.0,0.0,,,,,,,,,,
commit:2,18,2028-03,744.0,1006053076067.8136,871695857704.2598,134357218363.55391,1458.2400000000002,2322.7293427132868,2371.0,2,29.759999999999764,0.0,0.0,0.8667841720414474,222644.8,192984.98862733363,163124.8,0.0,59520.0,0.0,0.0,,,,,,,,,,
commit:2,19,2028-04,720.0,978467749788.5349,847521645738.9165,130946104049.61832,1411.2,2264.9140155743744,2312.0,2,28.799999999999955,0.0,0.0,0.8599269934371745,216665.6,186316.59798926147,159065.6,0.0,57600.0,0.0,0.0,,,,,,,,,,
commit:2,20,2028-05,744.0,1016138758155.3933,878419645762.6462,137719112392.74713,1458.2400000000002,2351.893685173987,2400.0,2,29.759999999999764,0.0,0.0,0.8531240623606339,224640.0,191645.7893686928,165120.0,0.0,59520.0,0.0,0.0,,,,,,,,,,
commit:2,21,2028-06,720.0,988276888980.1646,854061071866.6697,134215817113.4949,1411.2,2293.278690580506,2344.0,2,28.799999999999955,0.0,0.0,0.8463749496565661,218867.19999999998,185243.71538147356,161267.19999999998,0.0,57600.0,0.0,0.0,,,,,,,,,,
commit:2,22,2028-07,744.0,1026325549205.9009,885210839796.3179,141114709409.583,1458.2400000000002,2381.3504001678557,2432.0,2,29.759999999999764,0.0,0.0,0.8396792295647828,226841.6,190474.17992124264,167321.6,0.0,59520.0,0.0,0.0,,,,,,,,,,
commit:2,23,2028-08,744.0,1031457176951.9302,888631924960.3374,142825251991.59277,1458.2400000000002,2396.1893121686944,2448.0,2,29.759999999999764,0.0,0.0,0.8330364796933087,227942.4,189884.33446884406,168422.4,0.0,59520.0,0.0,0.0,,,,,,,,,,
commit:2,24,2028-09,720.0,1003175286616.1516,863993336957.3276,139181949658.82388,1411.2,2336.3597600608437,2388.0,2,28.799999999999955,0.0,0.0,0.8264462809917354,221894.4,183383.80165289255,164294.4,0.0,57600.0,0.0,0.0,,,,,,,,,,
commit:2,25,2028-10,744.0,1041797535150.8733,895525497092.9661,146272038057.9071,1458.2400000000002,2426.090090823185,2476.0,2,29.759999999999764,0.0,0.0,0.8199082177247857,229868.8,188471.31811853522,170348.8,0.0,59520.0,0.0,0.0,,,,,,,,,,
commit:2,26,2028-11,720.0,1013232118864.478,870697891789.5453,142534227074.9327,1411.2,2365.440678655452,2416.0,2,28.799999999999955,0.0,0.0,0.8134218774460882,223820.8,182060.7353474854,166220.8,0.0,57600.0,0.0,0.0,,,,,,,,,,
commit:2,27,2028-12,744.0,1052241555440.7605,902488177286.2244,149753378154.5362,1458.2400000000002,2456.290624783687,2508.0,2,29.759999999999764,0.0,0.0,0.8069868509721573,232070.4,187277.76129984893,172550.4,0.0,59520.0,0.0,0.0,,,,,,,,,,
commit:2,28,2029-01,744.0,1057502763217.9641,905995649137.6934,151507114080.27075,1458.2400000000002,2471.504237907605,2524.0,2,29.759999999999764,0.0,0.0,0.8006027323565819,233171.19999999998,186677.499826863,173651.19999999998,0.0,59520.0,0.0,0.0,,,,,,,,,,
commit:2,29,2029-02,672.0,959939605063.0164,821794062099.2695,138145542963.74686,1317.12,2247.400959184516,2296.0,2,26.88000000000011,0.0,0.0,0.7942691188644154,211724.8,168166.47033774457,157964.8,0.0,53760.0,0.0,0.0,,,,,,,,,,
commit:2,30,2029-03,744.0,1068104228419.2241,913063292605.2,155040935814.02405,1458.2400000000002,2502.160048692628,2556.0,2,29.759999999999764,0.0,0.0,0.7879856109467703,235372.8,185470.37960825197,175852.8,0.0,59520.0,0.0,0.0,,,,,,,,,,
commit:2,31,2029-04,720.0,1038817499575.4711,887754812263.5406,151062687311.93036,1411.2,2439.4248473575076,2492.0,2,28.799999999999955,0.0,0.0,0.7817518122156131,229049.6,179059.93988726128,171449.6,0.0,57600.0,0.0,0.0,,,,,,,,,,
commit:2,32,2029-05,744.0,1078811973309.1265,920201789198.4683,158610184110.6582,1458.2400000000002,2533.123183980771,2588.0,2,29.759999999999764,0.0,0.0,0.7755673294187581,237574.4,184254.9429462638,178054.4,0.0,59520.0,0.0,0.0,,,,,,,,,,
commit:2,33,2029-06,720.0,1049231645008.715,894697575885.7032,154534069123.01166,1411.2,2469.5389934522664,2520.0,2,28.799999999999955,0.0,0.0,0.76943177241506,230976.0,177720.2730653409,173376.0,0.0,57600.0,0.0,0.0,,,,,,,,,,
commit:2,34,2029-07,744.0,1089627063341.5503,927411849220.0842,162215214121.46613,1458.2400000000002,2564.3967247001774,2620.0,2,29.759999999999764,0.0,0.0,0.7633447541498025,239776.0,183031.75177102306,180256.0,0.0,59520.0,0.0,0.0,,,,,,,,,,
commit:2,35,2029-08,744.0,1095075198658.2579,931043939431.2227,164031259227.03534,1458.2400000000002,2580.150868323678,2636.0,2,29.759999999999764,0.0,0.0,0.7573058906302806,240876.8,182417.41955617198,181356.8,0.0,59520.0,0.0,0.0,,,,,,,,,,
commit:2,36,2029-09,720.0,1065048943211.1765,905242441354.011,159806501857.1656,1411.2,2515.2772090309318,2568.0,2,28.799999999999955,0.0,0.0,0.7513148009015775,234278.4,176016.82945154014,176678.4,0.0,57600.0,0.0,0.0,,,,,,,,,,
commit:3,0,time_zero,0.0,0.0,0.0,0.0,0.0,0.0,0.0,3,0.0,0.0,0.0,1.0,0.0,0.0,0.0,0.0,0.0,0.0,0.0,,,,,,,,,,
commit:3,1,2026-10,744.0,924267843072.0002,850791836756.7361,73476006315.26411,2187.3599999999997,1502.938426196395,1534.0,3,44.64000000000033,0.0,0.0,0.992088943446991,194819.2,193277.97429118803,105539.2,0.0,89280.0,0.0,0.0,,,,,,,,,,
commit:3,2,2026-11,720.0,898925015116.8,827028124715.52,71896890401.28009,2116.7999999999997,1470.4236370910098,1502.0,3,43.20000000000027,0.0,0.0,0.9842404717097668,189737.59999999998,186747.42492507902,103337.59999999999,0.0,86400.0,0.0,0.0,,,,,,,,,,
commit:3,3,2026-12,744.0,933533628198.7966,856969026841.2671,76564601357.52962,2187.3599999999997,1529.7319071190132,1562.0,3,44.64000000000033,0.0,0.0,0.9764540896763105,196745.59999999998,192113.0457458195,107465.59999999999,0.0,89280.0,0.0,0.0,,,,,,,,,,
commit:3,4,2027-01,744.0,938201296339.7905,860080805601.9297,78120490737.86092,2187.3599999999997,1543.2292066546079,1576.0,3,44.64000000000033,0.0,0.0,0.9687293061514642,197708.8,191526.3086440386,108428.79999999999,0.0,89280.0,0.0,0.0,,,,,,,,,,
commit:3,5,2027-02,672.0,851644660612.9583,779963403306.4735,71681257306.48483,1975.6799999999998,1407.40102565357,1438.0,3,40.320000000000164,0.0,0.0,0.9610656338259428,179574.4,172582.78455491338,98934.4,0.0,80640.0,0.0,0.0,,,,,,,,,,
commit:3,6,2027-03,744.0,947606764335.5967,866351117599.1338,81255646736.46297,2187.3599999999997,1570.4266026513196,1604.0,3,44.64000000000033,0.0,0.0,0.9534625892455922,199635.2,190344.69469656167,110355.2,0.0,89280.0,0.0,0.0,,,,,,,,,,
commit:3,7,2027-04,720.0,921623998216.7175,842160780115.465,79463218101.25256,2116.7999999999997,1536.0613312883,1568.0,3,43.20000000000027,0.0,0.0,0.9459196927808919,194278.4,183771.76444196323,107878.4,0.0,86400.0,0.0,0.0,,,,,,,,,,
commit:3,8,2027-05,744.0,957106522148.061,872684289474.11,84422232673.95107,2187.3599999999997,1597.8966525428991,1632.0,3,44.64000000000033,0.0,0.0,0.9384364685966974,201561.59999999998,189152.75610870006,112281.59999999999,0.0,89280.0,0.0,0.0,,,,,,,,,,
commit:3,9,2027-06,720.0,930863278798.8401,848320300503.5466,82542978295.2934,2116.7999999999997,1562.7781701344647,1596.0,3,43.20000000000027,0.0,0.0,0.9310124446222228,196204.8,182669.1104946143,109804.79999999999,0.0,86400.0,0.0,0.0,,,,,,,,,,
commit:3,10,2027-07,744.0,966701515032.5951,879080951397.1327,87620563635.46242,2187.3599999999997,1625.6420896846407,1660.0,3,44.64000000000033,0.0,0.0,0.9236471525212612,203488.0,187951.1117722464,114208.0,0.0,89280.0,0.0,0.0,,,,,,,,,,
commit:3,11,2027-08,744.0,971535022607.758,882303289780.5747,89231732827.18343,2187.3599999999997,1639.6189401330644,1674.0,3,44.64000000000033,0.0,0.0,0.9163401276626397,204451.2,187346.8387087799,115171.2,0.0,89280.0,0.0,0.0,,,,,,,,,,
commit:3,12,2027-09,720.0,944896159084.6421,857675554027.4147,87220605057.22742,2116.7999999999997,1603.3564595165124,1638.0,3,43.20000000000027,0.0,0.0,0.9090909090909091,199094.4,180994.9090909091,112694.4,0.0,86400.0,0.0,0.0,,,,,,,,,,
commit:3,13,2027-10,744.0,981274661209.4006,888796382181.6697,92478279027.73091,2187.3599999999997,1667.7826432078973,1702.0,3,44.64000000000033,0.0,0.0,0.9018990394972645,206377.59999999998,186131.75921375063,117097.59999999999,0.0,89280.0,0.0,0.0,,,,,,,,,,
commit:3,14,2027-11,720.0,954368743079.4653,863990610023.9635,90378133055.50183,2116.7999999999997,1630.7479320231644,1666.0,3,43.20000000000027,0.0,0.0,0.894764065190697,201020.8,179866.18819588603,114620.79999999999,0.0,86400.0,0.0,0.0,,,,,,,,,,
commit:3,15,2027-12,744.0,991111939688.0247,895354567834.0857,95757371853.93892,2187.3599999999997,1696.2286874060555,1732.0,3,44.64000000000033,0.0,0.0,0.8876855360693732,208441.59999999998,185030.59343515785,119161.59999999999,0.0,89280.0,0.0,0.0,,,,,,,,,,
commit:3,16,2028-01,744.0,996067499386.4646,898658274299.7124,97409225086.75227,2187.3599999999997,1710.558470843086,1746.0,3,44.64000000000033,0.0,0.0,0.8806630055922402,209404.8,184415.06055344193,120124.79999999999,0.0,89280.0,0.0,0.0,,,,,,,,,,
commit:3,17,2028-02,696.0,936464105471.565,844281942415.4539,92182163056.11101,2046.2400000000002,1615.8218449265073,1650.0,3,41.75999999999976,0.0,0.0,0.873696030750857,197040.0,172153.06589914887,113520.0,0.0,83520.0,0.0,0.0,,,,,,,,,,
commit:3,18,2028-03,744.0,1006053076067.8136,905315325420.6117,100737750647.20192,2187.3599999999997,1739.433342713287,1776.0,3,44.64000000000033,0.0,0.0,0.8667841720414474,211468.8,183297.80872059843,122188.79999999999,0.0,89280.0,0.0,0.0,,,,,,,,,,
commit:3,19,2028-04,720.0,978467749788.5349,880056614496.6765,98411135291.85834,2116.7999999999997,1700.4340155743741,1737.0,3,43.20000000000027,0.0,0.0,0.8599269934371745,205905.59999999998,177063.78353987745,119505.59999999999,0.0,86400.0,0.0,0.0,,,,,,,,,,
commit:3,20,2028-05,744.0,1016138758155.3933,912039113478.9982,104099644676.39516,2187.3599999999997,1768.597685173987,1807.0,3,44.64000000000033,0.0,0.0,0.8531240623606339,213601.59999999998,182228.66471873116,124321.59999999999,0.0,89280.0,0.0,0.0,,,,,,,,,,
commit:3,21,2028-06,720.0,988276888980.1646,886596040624.4297,101680848355.73492,2116.7999999999997,1728.7986905805064,1767.0,3,43.20000000000027,0.0,0.0,0.8463749496565661,207969.59999999998,176020.25973009618,121569.59999999999,0.0,86400.0,0.0,0.0,,,,,,,,,,
commit:3,22,2028-07,744.0,1026325549205.9009,918830307512.6699,107495241693.23103,2187.3599999999997,1798.0544001678559,1837.0,3,44.64000000000033,0.0,0.0,0.8396792295647828,215665.59999999998,181089.9248516266,126385.59999999999,0.0,89280.0,0.0,0.0,,,,,,,,,,
commit:3,23,2028-08,744.0,1031457176951.9302,922251392676.6895,109205784275.2408,2187.3599999999997,1812.8933121686946,1852.0,3,44.64000000000033,0.0,0.0,0.8330364796933087,216697.59999999998,180517.00586198873,127417.59999999999,0.0,89280.0,0.0,0.0,,,,,,,,,,
commit:3,24,2028-09,720.0,1003175286616.1516,896528305715.0876,106646980901.0639,2116.7999999999997,1771.8797600608434,1809.0,3,43.20000000000027,0.0,0.0,0.8264462809917354,210859.2,174263.80165289255,124459.2,0.0,86400.0,0.0,0.0,,,,,,,,,,
commit:3,25,2028-10,744.0,1041797535150.8733,929144964809.3181,112652570341.55513,2187.3599999999997,1842.7940908231853,1882.0,3,44.64000000000033,0.0,0.0,0.8199082177247857,218761.59999999998,179364.43356262246,129481.59999999999,0.0,89280.0,0.0,0.0,,,,,,,,,,
commit:3,26,2028-11,720.0,1013232118864.478,903232860547.3053,109999258317.17273,2116.7999999999997,1800.960678655452,1839.0,3,43.20000000000027,0.0,0.0,0.8134218774460882,212923.2,173196.38909582893,126523.2,0.0,86400.0,0.0,0.0,,,,,,,,,,
commit:3,27,2028-12,744.0,1052241555440.7605,936107645002.5763,116133910438.18422,2187.3599999999997,1872.994624783687,1912.0,3,44.64000000000033,0.0,0.0,0.8069868509721573,220825.6,178203.3555580372,131545.6,0.0,89280.0,0.0,0.0,,,,,,,,,,
commit:3,28,2029-01,744.0,1057502763217.9641,939615116854.0454,117887646363.91878,2187.3599999999997,1888.208237907605,1927.0,3,44.64000000000033,0.0,0.0,0.8006027323565819,221857.6,177619.8007540736,132577.6,0.0,89280.0,0.0,0.0,,,,,,,,,,
commit:3,29,2029-02,672.0,959939605063.0164,852160032939.8456,107779572123.17087,1975.6799999999998,1720.552959184516,1757.0,3,40.320000000000164,0.0,0.0,0.7942691188644154,201521.59999999998,160062.38366414717,120881.59999999999,0.0,80640.0,0.0,0.0,,,,,,,,,,
commit:3,30,2029-03,744.0,1068104228419.2241,946682760321.552,121421468097.67207,2187.3599999999997,1918.8640486926283,1960.0,3,44.64000000000033,0.0,0.0,0.7879856109467703,224128.0,176609.63901027775,134848.0,0.0,89280.0,0.0,0.0,,,,,,,,,,
commit:3,31,2029-04,720.0,1038817499575.4711,920289781021.3007,118527718554.17041,2116.7999999999997,1874.9448473575076,1914.0,3,43.20000000000027,0.0,0.0,0.7817518122156131,218083.19999999998,170486.93681377996,131683.19999999998,0.0,86400.0,0.0,0.0,,,,,,,,,,
commit:3,32,2029-05,744.0,1078811973309.1265,953821256914.8203,124990716394.30623,2187.3599999999997,1949.8271839807712,1990.0,3,44.64000000000033,0.0,0.0,0.7755673294187581,226192.0,175427.12537588773,136912.0,0.0,89280.0,0.0,0.0,,,,,,,,,,
commit:3,33,2029-06,720.0,1049231645008.715,927232544643.4633,121999100365.25171,2116.7999999999997,1905.0589934522661,1944.0,3,43.20000000000027,0.0,0.0,0.76943177241506,220147.19999999998,169388.25028821267,133747.19999999998,0.0,86400.0,0.0,0.0,,,,,,,,,,
commit:3,34,2029-07,744.0,1089627063341.5503,961031316936.4362,128595746405.11415,2187.3599999999997,1981.1007247001776,2023.0,3,44.64000000000033,0.0,0.0,0.7633447541498025,228462.4,174395.57456047385,139182.4,0.0,89280.0,0.0,0.0,,,,,,,,,,
commit:3,35,2029-08,744.0,1095075198658.2579,964663407147.5746,130411791510.68336,2187.3599999999997,1996.8548683236781,2038.0,3,44.64000000000033,0.0,0.0,0.7573058906302806,229494.4,173797.46098666187,140214.4,0.0,89280.0,0.0,0.0,,,,,,,,,,
commit:3,36,2029-09,720.0,1065048943211.1765,937777410111.771,127271533099.40558,2116.7999999999997,1950.797209030932,1992.0,3,43.20000000000027,0.0,0.0,0.7513148009015775,223449.6,167880.99173553716,137049.6,0.0,86400.0,0.0,0.0,,,,,,,,,,
commit:4,0,time_zero,0.0,0.0,0.0,0.0,0.0,0.0,0.0,4,0.0,0.0,0.0,1.0,0.0,0.0,0.0,0.0,0.0,0.0,0.0,,,,,,,,,,
commit:4,1,2026-10,744.0,924267843072.0002,884411304473.0881,39856538598.912094,2916.4800000000005,919.642426196395,939.0,4,59.51999999999953,0.0,0.0,0.992088943446991,183643.2,182190.38825922445,64603.2,0.0,119040.0,0.0,0.0,,,,,,,,,,
commit:4,2,2026-11,720.0,898925015116.8,859563093473.28,39361921643.52008,2822.4,905.94363709101,925.0,4,57.59999999999991,0.0,0.0,0.9842404717097668,178840.0,176021.5659605747,63640.0,0.0,115200.0,0.0,0.0,,,,,,,,,,
commit:4,3,2026-12,744.0,933533628198.7966,890588494557.6191,42945133641.1776,2916.4800000000005,946.435907119013,966.0,4,59.51999999999953,0.0,0.0,0.9764540896763105,185500.8,181133.01479822732,66460.8,0.0,119040.0,0.0,0.0,,,,,,,,,,
commit:4,4,2027-01,744.0,938201296339.7905,893700273318.2817,44501023021.508896,2916.4800000000005,959.9332066546078,980.0,4,59.51999999999953,0.0,0.0,0.9687293061514642,186464.0,180633.14134222662,67424.0,0.0,119040.0,0.0,0.0,,,,,,,,,,
commit:4,5,2027-02,672.0,851644660612.9583,810329374147.0496,41315286465.90881,2634.24,880.5530256535699,899.0,4,53.76000000000022,0.0,0.0,0.9610656338259428,169371.2,162776.83967986054,61851.2,0.0,107520.0,0.0,0.0,,,,,,,,,,
commit:4,6,2027-03,744.0,947606764335.5967,899970585315.4858,47636179020.11095,2916.4800000000005,987.1306026513196,1008.0,4,59.51999999999953,0.0,0.0,0.9534625892455922,188390.4,179623.1985730128,69350.4,0.0,119040.0,0.0,0.0,,,,,,,,,,
commit:4,7,2027-04,720.0,921623998216.7175,874695748873.225,46928249343.49255,2822.4,971.5813312882999,992.0,4,57.59999999999991,0.0,0.0,0.9459196927808919,183449.59999999998,173528.5892727775,68249.59999999999,0.0,115200.0,0.0,0.0,,,,,,,,,,
commit:4,8,2027-05,744.0,957106522148.061,906303757190.4619,50802764957.599045,2916.4800000000005,1014.6006525428988,1036.0,4,59.51999999999953,0.0,0.0,0.9384364685966974,190316.8,178600.22570662393,71276.8,0.0,119040.0,0.0,0.0,,,,,,,,,,
commit:4,9,2027-06,720.0,930863278798.8401,880855269261.3066,50008009537.53339,2822.4,998.2981701344648,1019.0,4,57.59999999999991,0.0,0.0,0.9310124446222228,185307.2,172523.30927809916,70107.2,0.0,115200.0,0.0,0.0,,,,,,,,,,
commit:4,10,2027-07,744.0,966701515032.5951,912700419113.4846,54001095919.1104,2916.4800000000005,1042.3460896846407,1064.0,4,59.51999999999953,0.0,0.0,0.9236471525212612,192243.2,177564.8842715753,73203.2,0.0,119040.0,0.0,0.0,,,,,,,,,,
commit:4,11,2027-08,744.0,971535022607.758,915922757496.9268,55612265110.831406,2916.4800000000005,1056.322940133064,1078.0,4,59.51999999999953,0.0,0.0,0.9163401276626397,193206.4,177042.77724123903,74166.4,0.0,119040.0,0.0,0.0,,,,,,,,,,
commit:4,12,2027-09,720.0,944896159084.6421,890210522785.1747,54685636299.46741,2822.4,1038.8764595165123,1061.0,4,57.59999999999991,0.0,0.0,0.9090909090909091,188196.8,171087.99999999997,72996.8,0.0,115200.0,0.0,0.0,,,,,,,,,,
commit:4,13,2027-10,744.0,981274661209.4006,922415849898.0217,58858811311.37889,2916.4800000000005,1084.486643207897,1107.0,4,59.51999999999953,0.0,0.0,0.9018990394972645,195201.59999999998,176052.13554832918,76161.59999999999,0.0,119040.0,0.0,0.0,,,,,,,,,,
commit:4,14,2027-11,720.0,954368743079.4653,896525578781.7235,57843164297.74182,2822.4,1066.2679320231646,1089.0,4,57.59999999999991,0.0,0.0,0.894764065190697,190123.2,170115.40731906393,74923.2,0.0,115200.0,0.0,0.0,,,,,,,,,,
commit:4,15,2027-12,744.0,991111939688.0247,928974035550.4377,62137904137.5869,2916.4800000000005,1112.9326874060557,1136.0,4,59.51999999999953,0.0,0.0,0.8876855360693732,197196.8,175048.74711916497,78156.8,0.0,119040.0,0.0,0.0,,,,,,,,,,
commit:4,16,2028-01,744.0,996067499386.4646,932277742016.0645,63789757370.40025,2916.4800000000005,1127.2624708430858,1151.0,4,59.51999999999953,0.0,0.0,0.8806630055922402,198228.8,174572.77080294307,79188.8,0.0,119040.0,0.0,0.0,,,,,,,,,,
commit:4,17,2028-02,696.0,936464105471.565,875732412214.622,60731693256.94301,2728.3200000000006,1070.1578449265076,1092.0,4,55.67999999999938,0.0,0.0,0.873696030750857,186489.59999999998,162935.223296315,75129.59999999999,0.0,111360.0,0.0,0.0,,,,,,,,,,
commit:4,18,2028-03,744.0,1006053076067.8136,938934793136.9636,67118282930.8499,2916.4800000000005,1156.1373427132867,1180.0,4,59.51999999999953,0.0,0.0,0.8667841720414474,200224.0,173550.99406282677,81184.0,0.0,119040.0,0.0,0.0,,,,,,,,,,
commit:4,19,2028-04,720.0,978467749788.5349,912591583254.4365,65876166534.09833,2822.4,1135.9540155743741,1160.0,4,57.59999999999991,0.0,0.0,0.8599269934371745,195008.0,167692.64313619654,79808.0,0.0,115200.0,0.0,0.0,,,,,,,,,,
commit:4,20,2028-05,744.0,1016138758155.3933,945658581195.3501,70480176960.04314,2916.4800000000005,1185.301685173987,1210.0,4,59.51999999999953,0.0,0.0,0.8531240623606339,202288.0,172576.7603268079,83248.0,0.0,119040.0,0.0,0.0,,,,,,,,,,
commit:4,21,2028-06,720.0,988276888980.1646,919131009382.1897,69145879597.97491,2822.4,1164.3186905805064,1190.0,4,57.59999999999991,0.0,0.0,0.8463749496565661,197072.0,166796.8040787188,81872.0,0.0,115200.0,0.0,0.0,,,,,,,,,,
commit:4,22,2028-07,744.0,1026325549205.9009,952449775229.022,73875773976.87901,2916.4800000000005,1214.7584001678556,1240.0,4,59.51999999999953,0.0,0.0,0.8396792295647828,204352.0,171590.1299200225,85312.0,0.0,119040.0,0.0,0.0,,,,,,,,,,
commit:4,23,2028-08,744.0,1031457176951.9302,955870860393.0415,75586316558.88878,2916.4800000000005,1229.5973121686943,1256.0,4,59.51999999999953,0.0,0.0,0.8330364796933087,205452.8,171149.6772551334,86412.8,0.0,119040.0,0.0,0.0,,,,,,,,,,
commit:4,24,2028-09,720.0,1003175286616.1516,929063274472.8477,74112012143.3039,2822.4,1207.3997600608434,1234.0,4,57.59999999999991,0.0,0.0,0.8264462809917354,200099.2,165371.23966942148,84899.2,0.0,115200.0,0.0,0.0,,,,,,,,,,
commit:4,25,2028-10,744.0,1041797535150.8733,962764432525.6702,79033102625.20311,2916.4800000000005,1259.498090823185,1286.0,4,59.51999999999953,0.0,0.0,0.8199082177247857,207516.8,170144.72963595082,88476.8,0.0,119040.0,0.0,0.0,,,,,,,,,,
commit:4,26,2028-11,720.0,1013232118864.478,935767829305.0653,77464289559.41272,2822.4,1236.480678655452,1262.0,4,57.59999999999991,0.0,0.0,0.8134218774460882,202025.59999999998,164332.04284417242,86825.59999999999,0.0,115200.0,0.0,0.0,,,,,,,,,,
commit:4,27,2028-12,744.0,1052241555440.7605,969727112718.9282,82514442721.8322,2916.4800000000005,1289.698624783687,1318.0,4,59.51999999999953,0.0,0.0,0.8069868509721573,209718.4,169239.99120691925,90678.4,0.0,119040.0,0.0,0.0,,,,,,,,,,
commit:4,28,2029-01,744.0,1057502763217.9641,973234584570.3975,84268178647.56676,2916.4800000000005,1304.9122379076048,1332.0,4,59.51999999999953,0.0,0.0,0.8006027323565819,210681.59999999998,168672.2646172564,91641.59999999999,0.0,119040.0,0.0,0.0,,,,,,,,,,
commit:4,29,2029-02,672.0,959939605063.0164,882526003780.4216,77413601282.59485,2634.24,1193.7049591845162,1220.0,4,53.76000000000022,0.0,0.0,0.7942691188644154,191456.0,152067.58842130553,83936.0,0.0,107520.0,0.0,0.0,,,,,,,,,,
commit:4,30,2029-03,744.0,1068104228419.2241,980302228037.904,87802000381.32005,2916.4800000000005,1335.568048692628,1364.0,4,59.51999999999953,0.0,0.0,0.7879856109467703,212883.2,167748.8984123035,93843.2,0.0,119040.0,0.0,0.0,,,,,,,,,,
commit:4,31,2029-04,720.0,1038817499575.4711,952824749779.0607,85992749796.4104,2822.4,1310.4648473575076,1338.0,4,57.59999999999991,0.0,0.0,0.7817518122156131,207254.4,162021.50278965954,92054.4,0.0,115200.0,0.0,0.0,,,,,,,,,,
commit:4,32,2029-05,744.0,1078811973309.1265,987440724631.1724,91371248677.95421,2916.4800000000005,1366.531183980771,1396.0,4,59.51999999999953,0.0,0.0,0.7755673294187581,215084.8,166812.7439345677,96044.8,0.0,119040.0,0.0,0.0,,,,,,,,,,
commit:4,33,2029-06,720.0,1049231645008.715,959767513401.2233,89464131607.4917,2822.4,1340.578993452266,1368.0,4,57.59999999999991,0.0,0.0,0.76943177241506,209318.4,161056.2275110845,94118.4,0.0,115200.0,0.0,0.0,,,,,,,,,,
commit:4,34,2029-07,744.0,1089627063341.5503,994650784652.7881,94976278688.76213,2916.4800000000005,1397.8047247001775,1428.0,4,59.51999999999953,0.0,0.0,0.7633447541498025,217286.4,165864.43358809565,98246.4,0.0,119040.0,0.0,0.0,,,,,,,,,,
commit:4,35,2029-08,744.0,1095075198658.2579,998282874863.9265,96792323794.33134,2916.4800000000005,1413.558868323678,1444.0,4,59.51999999999953,0.0,0.0,0.7573058906302806,218387.2,165385.91299825325,99347.2,0.0,119040.0,0.0,0.0,,,,,,,,,,
commit:4,36,2029-09,720.0,1065048943211.1765,970312378869.531,94736564341.64557,2822.4,1386.3172090309322,1416.0,4,57.59999999999991,0.0,0.0,0.7513148009015775,212620.8,159745.15401953412,97420.8,0.0,115200.0,0.0,0.0,,,,,,,,,,
commit:5,0,time_zero,0.0,0.0,0.0,0.0,0.0,0.0,0.0,5,0.0,0.0,0.0,1.0,0.0,0.0,0.0,0.0,0.0,0.0,0.0,,,,,,,,,,
commit:5,1,2026-10,744.0,924267843072.0002,918030772189.4401,6237070882.560104,3401.786426196395,580.16,592.0,5,318.21357380360496,0.0,0.0,0.992088943446991,189529.6,188030.22061593083,40729.6,0.0,148800.0,0.0,0.0,,,,,,,,,,
commit:5,2,2026-11,720.0,898925015116.8,892098062231.04,6826952885.760071,3304.9836370910098,564.48,576.0,5,295.01636290899023,0.0,0.0,0.9842404717097668,183628.8,180734.89673149842,39628.799999999996,0.0,144000.0,0.0,0.0,,,,,,,,,,
commit:5,3,2026-12,744.0,933533628198.7966,924207962273.9711,9325665924.825607,3428.579907119013,580.16,592.0,5,291.4200928809869,0.0,0.0,0.9764540896763105,189529.6,185066.95303471526,40729.6,0.0,148800.0,0.0,0.0,,,,,,,,,,
commit:5,4,2027-01,744.0,938201296339.7905,927319741034.6337,10881555305.156906,3442.077206654608,580.16,592.0,5,277.92279334539217,0.0,0.0,0.9687293061514642,189529.6,183602.87790316457,40729.6,0.0,148800.0,0.0,0.0,,,,,,,,,,
commit:5,5,2027-02,672.0,851644660612.9583,840695344987.6255,10949315625.332825,3121.22502565357,525.28,536.0,5,238.7749743464301,0.0,0.0,0.9610656338259428,171276.8,164608.24635167923,36876.799999999996,0.0,134400.0,0.0,0.0,,,,,,,,,,
commit:5,6,2027-03,744.0,947606764335.5967,933590053031.8378,14016711303.758957,3469.2746026513196,580.16,592.0,5,250.72539734868042,0.0,0.0,0.9534625892455922,189529.6,180709.38315468142,40729.6,0.0,148800.0,0.0,0.0,,,,,,,,,,
commit:5,7,2027-04,720.0,921623998216.7175,907230717630.985,14393280585.732544,3370.6213312882996,564.48,576.0,5,229.37866871170036,0.0,0.0,0.9459196927808919,183628.8,173698.09808172385,39628.799999999996,0.0,144000.0,0.0,0.0,,,,,,,,,,
commit:5,8,2027-05,744.0,957106522148.061,939923224906.814,17183297241.247055,3496.744652542899,580.16,592.0,5,223.25534745710092,0.0,0.0,0.9384364685966974,189529.6,177861.48851854462,40729.6,0.0,148800.0,0.0,0.0,,,,,,,,,,
commit:5,9,2027-06,720.0,930863278798.8401,913390238019.0667,17473040779.773376,3397.3381701344647,564.48,576.0,5,202.6618298655353,0.0,0.0,0.9310124446222228,183628.8,170960.69799104522,39628.799999999996,0.0,144000.0,0.0,0.0,,,,,,,,,,
commit:5,10,2027-07,744.0,966701515032.5951,946319886829.8367,20381628202.758408,3524.4900896846407,580.16,592.0,5,195.50991031535932,0.0,0.0,0.9236471525212612,189529.6,175058.47535849363,40729.6,0.0,148800.0,0.0,0.0,,,,,,,,,,
commit:5,11,2027-08,744.0,971535022607.758,949542225213.2787,21992797394.479416,3538.466940133064,580.16,592.0,5,181.53305986693613,0.0,0.0,0.9163401276626397,189529.6,173673.57785984906,40729.6,0.0,148800.0,0.0,0.0,,,,,,,,,,
commit:5,12,2027-09,720.0,944896159084.6421,922745491542.9347,22150667541.707397,3437.916459516512,564.48,576.0,5,162.08354048348792,0.0,0.0,0.9090909090909091,183628.8,166935.2727272727,39628.799999999996,0.0,144000.0,0.0,0.0,,,,,,,,,,
commit:5,13,2027-10,744.0,981274661209.4006,956035317614.3737,25239343595.0269,3566.6306432078973,580.16,592.0,5,153.36935679210274,0.0,0.0,0.9018990394972645,189529.6,170936.56419630075,40729.6,0.0,148800.0,0.0,0.0,,,,,,,,,,
commit:5,14,2027-11,720.0,954368743079.4653,929060547539.4835,25308195539.98181,3465.307932023164,564.48,576.0,5,134.69206797683592,0.0,0.0,0.894764065190697,183628.8,164304.45157408944,39628.799999999996,0.0,144000.0,0.0,0.0,,,,,,,,,,
commit:5,15,2027-12,744.0,991111939688.0247,962593503266.7897,28518436421.23491,3595.0766874060555,580.16,592.0,5,124.9233125939445,0.0,0.0,0.8876855360693732,189529.6,168242.68457701386,40729.6,0.0,148800.0,0.0,0.0,,,,,,,,,,
commit:5,16,2028-01,744.0,996067499386.4646,965897209732.4164,30170289654.048264,3609.4064708430856,580.16,592.0,5,110.59352915691443,0.0,0.0,0.8806630055922402,189529.6,166911.70718469506,40729.6,0.0,148800.0,0.0,0.0,,,,,,,,,,
commit:5,17,2028-02,696.0,936464105471.565,907182882013.7899,29281223457.77501,3390.0138449265078,544.88,556.0,5,89.98615507349223,0.0,0.0,0.873696030750857,177452.8,155039.80700562565,38252.799999999996,0.0,139200.0,0.0,0.0,,,,,,,,,,
commit:5,18,2028-03,744.0,1006053076067.8136,972554260853.3157,33498815214.49791,3638.2813427132864,580.16,592.0,5,81.71865728671355,0.0,0.0,0.8667841720414474,189529.6,164281.25741334673,40729.6,0.0,148800.0,0.0,0.0,,,,,,,,,,
commit:5,19,2028-04,720.0,978467749788.5349,945126552012.1965,33341197776.338318,3528.0,571.4740155743739,584.0,5,72.0,0.0,0.0,0.8599269934371745,184179.2,158380.66570966406,40179.2,0.0,144000.0,0.0,0.0,,,,,,,,,,
commit:5,20,2028-05,744.0,1016138758155.3933,979278048911.7021,36860709243.69115,3645.6,602.005685173987,615.0,5,74.40000000000009,0.0,0.0,0.8531240623606339,191112.0,163042.24580586547,42312.0,0.0,148800.0,0.0,0.0,,,,,,,,,,
commit:5,21,2028-06,720.0,988276888980.1646,951665978139.9497,36610910840.214905,3528.0,599.8386905805062,613.0,5,72.0,0.0,0.0,0.8463749496565661,186174.4,157573.3484273414,42174.4,0.0,144000.0,0.0,0.0,,,,,,,,,,
commit:5,22,2028-07,744.0,1026325549205.9009,986069242945.3739,40256306260.52702,3645.6,631.4624001678557,645.0,5,74.40000000000009,0.0,0.0,0.8396792295647828,193176.0,162205.8748504065,44376.0,0.0,148800.0,0.0,0.0,,,,,,,,,,
commit:5,23,2028-08,744.0,1031457176951.9302,989490328109.3934,41966848842.53679,3645.6,646.3013121686944,660.0,5,74.40000000000009,0.0,0.0,0.8330364796933087,194208.0,161782.3486482781,45408.0,0.0,148800.0,0.0,0.0,,,,,,,,,,
commit:5,24,2028-09,720.0,1003175286616.1516,961598243230.6077,41577043385.543884,3528.0,642.9197600608431,657.0,5,72.0,0.0,0.0,0.8264462809917354,189201.6,156364.95867768594,45201.6,0.0,144000.0,0.0,0.0,,,,,,,,,,
commit:5,25,2028-10,744.0,1041797535150.8733,996383900242.0221,45413634908.85112,3645.6,676.2020908231852,691.0,5,74.40000000000009,0.0,0.0,0.8199082177247857,196340.8,160981.4353946586,47540.799999999996,0.0,148800.0,0.0,0.0,,,,,,,,,,
commit:5,26,2028-11,720.0,1013232118864.478,968302798062.8253,44929320801.65271,3528.0,672.0006786554518,686.0,5,72.0,0.0,0.0,0.8134218774460882,191196.8,155523.66001768422,47196.799999999996,0.0,144000.0,0.0,0.0,,,,,,,,,,
commit:5,27,2028-12,744.0,1052241555440.7605,1003346580435.2803,48894975005.48021,3645.6,706.402624783687,721.0,5,74.40000000000009,0.0,0.0,0.8069868509721573,198404.8,160110.06476976065,49604.799999999996,0.0,148800.0,0.0,0.0,,,,,,,,,,
commit:5,28,2029-01,744.0,1057502763217.9641,1006854052286.7494,50648710931.21477,3645.6,721.6162379076051,737.0,5,74.40000000000009,0.0,0.0,0.8006027323565819,199505.6,159724.72848043928,50705.6,0.0,148800.0,0.0,0.0,,,,,,,,,,
commit:5,29,2029-02,672.0,959939605063.0164,912891974620.9976,47047630442.01886,3292.7999999999997,666.8569591845162,681.0,5,67.20000000000027,0.0,0.0,0.7942691188644154,181252.8,143963.5017477081,46852.799999999996,0.0,134400.0,0.0,0.0,,,,,,,,,,
commit:5,30,2029-03,744.0,1068104228419.2241,1013921695754.256,54182532664.96806,3645.6,752.2720486926282,768.0,5,74.40000000000009,0.0,0.0,0.7879856109467703,201638.4,158888.15781432926,52838.399999999994,0.0,148800.0,0.0,0.0,,,,,,,,,,
commit:5,31,2029-04,720.0,1038817499575.4711,985359718536.8207,53457781038.65039,3528.0,745.9848473575074,762.0,5,72.0,0.0,0.0,0.7817518122156131,196425.6,153556.06876553912,52425.6,0.0,144000.0,0.0,0.0,,,,,,,,,,
commit:5,32,2029-05,744.0,1078811973309.1265,1021060192347.5243,57751780961.60222,3645.6,783.235183980771,800.0,5,74.40000000000009,0.0,0.0,0.7755673294187581,203840.0,158091.64442871965,55040.0,0.0,148800.0,0.0,0.0,,,,,,,,,,
commit:5,33,2029-06,720.0,1049231645008.715,992302482158.9833,56929162849.73169,3528.0,776.0989934522659,792.0,5,72.0,0.0,0.0,0.76943177241506,198489.6,152724.20473395629,54489.6,0.0,144000.0,0.0,0.0,,,,,,,,,,
commit:5,34,2029-07,744.0,1089627063341.5503,1028270252369.1401,61356810972.41014,3645.6,814.5087247001776,832.0,5,74.40000000000009,0.0,0.0,0.7633447541498025,206041.6,157280.77449663196,57241.6,0.0,148800.0,0.0,0.0,,,,,,,,,,
commit:5,35,2029-08,744.0,1095075198658.2579,1031902342580.2786,63172856077.979355,3645.6,830.2628683236782,848.0,5,74.40000000000009,0.0,0.0,0.7573058906302806,207142.4,156870.15971929385,58342.399999999994,0.0,148800.0,0.0,0.0,,,,,,,,,,
commit:5,36,2029-09,720.0,1065048943211.1765,1002847347627.291,62201595583.88556,3528.0,821.8372090309318,839.0,5,72.0,0.0,0.0,0.7513148009015775,201723.2,151557.6258452291,57723.2,0.0,144000.0,0.0,0.0,,,,,,,,,,
commit:6,0,time_zero,0.0,0.0,0.0,0.0,0.0,0.0,0.0,6,0.0,0.0,0.0,1.0,0.0,0.0,0.0,0.0,0.0,0.0,0.0,,,,,,,,,,
commit:6,1,2026-10,744.0,924267843072.0002,924267843072.0002,0.0,3547.610426196395,461.3892130981976,472.0,6,916.3895738036049,0.0,0.0,0.992088943446991,211033.6,209364.10125581492,32473.6,0.0,178560.0,0.0,0.0,,,,,,,,,,
commit:6,2,2026-11,720.0,898925015116.8,898925015116.8,0.0,3446.1036370910097,452.97181854550496,464.0,6,873.8963629089903,0.0,0.0,0.9842404717097668,204723.2,201496.85893793294,31923.199999999997,0.0,172800.0,0.0,0.0,,,,,,,,,,
commit:6,3,2026-12,744.0,933533628198.7966,933533628198.7966,0.0,3574.403907119013,474.7859535595066,488.0,6,889.5960928809868,0.0,0.0,0.9764540896763105,212134.4,207139.50244103032,33574.4,0.0,178560.0,0.0,0.0,,,,,,,,,,
commit:6,4,2027-01,744.0,938201296339.7905,938201296339.7905,0.0,3587.901206654608,481.534603327304,492.0,6,876.0987933453921,0.0,0.0,0.9687293061514642,212409.6,205767.40442791008,33849.6,0.0,178560.0,0.0,0.0,,,,,,,,,,
commit:6,5,2027-02,672.0,851644660612.9583,851644660612.9583,0.0,3252.93702565357,441.06051282678504,452.0,6,779.0629743464301,0.0,0.0,0.9610656338259428,192377.6,184887.5000779137,31097.6,0.0,161280.0,0.0,0.0,,,,,,,,,,
commit:6,6,2027-03,744.0,947606764335.5967,947606764335.5967,0.0,3615.0986026513197,495.1333013256599,508.0,6,848.9013973486803,0.0,0.0,0.9534625892455922,213510.4,203574.1788148621,34950.4,0.0,178560.0,0.0,0.0,,,,,,,,,,
commit:6,7,2027-04,720.0,921623998216.7175,921623998216.7175,0.0,3511.7413312882995,485.79066564414995,496.0,6,808.2586687117005,0.0,0.0,0.9459196927808919,206924.8,195734.2432447475,34124.799999999996,0.0,172800.0,0.0,0.0,,,,,,,,,,
commit:6,8,2027-05,744.0,957106522148.061,957106522148.061,0.0,3642.568652542899,508.8683262714495,520.0,6,821.4313474571009,0.0,0.0,0.9384364685966974,214336.0,201140.71893314173,35776.0,0.0,178560.0,0.0,0.0,,,,,,,,,,
commit:6,9,2027-06,720.0,930863278798.8401,930863278798.8401,0.0,3538.4581701344646,499.1490850672324,512.0,6,781.5418298655354,0.0,0.0,0.9310124446222228,208025.6,193674.42240000467,35225.6,0.0,172800.0,0.0,0.0,,,,,,,,,,
commit:6,10,2027-07,744.0,966701515032.5951,966701515032.5951,0.0,3670.3140896846407,522.7410448423204,536.0,6,793.6859103153593,0.0,0.0,0.9236471525212612,215436.8,198987.58686829242,36876.799999999996,0.0,178560.0,0.0,0.0,,,,,,,,,,
commit:6,11,2027-08,744.0,971535022607.758,971535022607.758,0.0,3684.290940133064,529.7294700665321,544.0,6,779.7090598669361,0.0,0.0,0.9163401276626397,215987.2,197917.73842149612,37427.2,0.0,178560.0,0.0,0.0,,,,,,,,,,
commit:6,12,2027-09,720.0,944896159084.6421,944896159084.6421,0.0,3579.036459516512,519.4382297582562,532.0,6,740.963540483488,0.0,0.0,0.9090909090909091,209401.6,190365.0909090909,36601.6,0.0,172800.0,0.0,0.0,,,,,,,,,,
commit:6,13,2027-10,744.0,981274661209.4006,981274661209.4006,0.0,3712.4546432078973,543.8113216039486,556.0,6,751.5453567921027,0.0,0.0,0.9018990394972645,216812.8,195543.2560707125,38252.799999999996,0.0,178560.0,0.0,0.0,,,,,,,,,,
commit:6,14,2027-11,720.0,954368743079.4653,954368743079.4653,0.0,3606.427932023164,533.1339660115822,548.0,6,713.572067976836,0.0,0.0,0.894764065190697,210502.4,188349.98315639817,37702.4,0.0,172800.0,0.0,0.0,,,,,,,,,,
commit:6,15,2027-12,744.0,991111939688.0247,991111939688.0247,0.0,3740.9006874060556,558.0343437030278,572.0,6,723.0993125939444,0.0,0.0,0.8876855360693732,217913.6,193438.75083280695,39353.6,0.0,178560.0,0.0,0.0,,,,,,,,,,
commit:6,16,2028-01,744.0,996067499386.4646,996067499386.4646,0.0,3755.2304708430856,565.199235421543,580.0,6,708.7695291569144,0.0,0.0,0.8806630055922402,218464.0,192393.16285370316,39904.0,0.0,178560.0,0.0,0.0,,,,,,,,,,
commit:6,17,2028-02,696.0,936464105471.565,936464105471.565,0.0,3526.429844926508,535.4709224632537,548.0,6,649.5701550734921,0.0,0.0,0.873696030750857,204742.4,178882.62220640425,37702.4,0.0,167040.0,0.0,0.0,,,,,,,,,,
commit:6,18,2028-03,744.0,1006053076067.8136,1006053076067.8136,0.0,3784.1053427132865,579.6366713566434,592.0,6,679.8946572867135,0.0,0.0,0.8667841720414474,219289.6,190076.75437330018,40729.6,0.0,178560.0,0.0,0.0,,,,,,,,,,
commit:6,19,2028-04,720.0,978467749788.5349,977661520769.9565,806229018.5783386,3676.1140155743738,564.48,576.0,6,643.8859844256262,0.0,0.0,0.8599269934371745,212428.8,182673.25930346685,39628.799999999996,0.0,172800.0,0.0,0.0,,,,,,,,,,
commit:6,20,2028-05,744.0,1016138758155.3933,1012897516628.0542,3241241527.339157,3813.269685173987,580.16,592.0,6,650.730314826013,0.0,0.0,0.8531240623606339,219289.6,187081.23438543847,40729.6,0.0,178560.0,0.0,0.0,,,,,,,,,,
commit:6,21,2028-06,720.0,988276888980.1646,984200946897.7097,4075942082.4549255,3704.4786905805063,564.48,576.0,6,615.5213094194937,0.0,0.0,0.8463749496565661,212428.8,179794.41490560473,39628.799999999996,0.0,172800.0,0.0,0.0,,,,,,,,,,
commit:6,22,2028-07,744.0,1026325549205.9009,1019688710661.7258,6636838544.175034,3842.726400167856,580.16,592.0,6,621.2735998321441,0.0,0.0,0.8396792295647828,219289.6,184132.9223795694,40729.6,0.0,178560.0,0.0,0.0,,,,,,,,,,
commit:6,23,2028-08,744.0,1031457176951.9302,1023109795825.7454,8347381126.184799,3857.565312168694,580.16,592.0,6,606.4346878313058,0.0,0.0,0.8330364796933087,219289.6,182676.2364173538,40729.6,0.0,178560.0,0.0,0.0,,,,,,,,,,
commit:6,24,2028-09,720.0,1003175286616.1516,994133211988.3677,9042074627.783905,3747.559760060843,564.48,576.0,6,572.440239939157,0.0,0.0,0.8264462809917354,212428.8,175560.99173553716,39628.799999999996,0.0,172800.0,0.0,0.0,,,,,,,,,,
commit:6,25,2028-10,744.0,1041797535150.8733,1030003367958.374,11794167192.49913,3887.4660908231854,580.16,592.0,6,576.5339091768146,0.0,0.0,0.8199082177247857,219289.6,179797.3451015812,40729.6,0.0,178560.0,0.0,0.0,,,,,,,,,,
commit:6,26,2028-11,720.0,1013232118864.478,1000837766820.5853,12394352043.89273,3776.6406786554517,564.48,576.0,6,543.3593213445483,0.0,0.0,0.8134218774460882,212428.8,172794.23331961955,39628.799999999996,0.0,172800.0,0.0,0.0,,,,,,,,,,
commit:6,27,2028-12,744.0,1052241555440.7605,1036966048151.6323,15275507289.12822,3917.666624783687,580.16,592.0,6,546.333375216313,0.0,0.0,0.8069868509721573,219289.6,176963.823754944,40729.6,0.0,178560.0,0.0,0.0,,,,,,,,,,
commit:6,28,2029-01,744.0,1057502763217.9641,1040473520003.1013,17029243214.862778,3932.880237907605,580.16,592.0,6,531.1197620923949,0.0,0.0,0.8006027323565819,219289.6,175563.8529373819,40729.6,0.0,178560.0,0.0,0.0,,,,,,,,,,
commit:6,29,2029-02,672.0,959939605063.0164,943257945461.5735,16681659601.442871,3566.088959184516,525.28,536.0,6,465.91104081548383,0.0,0.0,0.7942691188644154,198156.8,157389.82693299217,36876.799999999996,0.0,161280.0,0.0,0.0,,,,,,,,,,
commit:6,30,2029-03,744.0,1068104228419.2241,1047541163470.6079,20563064948.616074,3963.5360486926284,580.16,592.0,6,500.46395130737164,0.0,0.0,0.7879856109467703,219289.6,172797.0494302729,40729.6,0.0,178560.0,0.0,0.0,,,,,,,,,,
commit:6,31,2029-04,720.0,1038817499575.4711,1017894687294.5807,20922812280.89041,3850.6248473575074,564.48,576.0,6,469.3751526424926,0.0,0.0,0.7817518122156131,212428.8,166066.59936678802,39628.799999999996,0.0,172800.0,0.0,0.0,,,,,,,,,,
commit:6,32,2029-05,744.0,1078811973309.1265,1054679660063.8762,24132313245.25023,3994.4991839807712,580.16,592.0,6,469.50081601922875,0.0,0.0,0.7755673294187581,219289.6,170073.84944130768,40729.6,0.0,178560.0,0.0,0.0,,,,,,,,,,
commit:6,33,2029-06,720.0,1049231645008.715,1024837450916.7433,24394194091.97171,3880.7389934522657,564.48,576.0,6,439.26100654773427,0.0,0.0,0.76943177241506,212428.8,163449.46809600428,39628.799999999996,0.0,172800.0,0.0,0.0,,,,,,,,,,
commit:6,34,2029-07,744.0,1089627063341.5503,1061889720085.4922,27737343256.05815,4025.7727247001776,580.16,592.0,6,438.2272752998224,0.0,0.0,0.7633447541498025,219289.6,167393.56579960854,40729.6,0.0,178560.0,0.0,0.0,,,,,,,,,,
commit:6,35,2029-08,744.0,1095075198658.2579,1065521810296.6306,29553388361.627365,4041.526868323678,580.16,592.0,6,422.4731316763218,0.0,0.0,0.7573058906302806,219289.6,166069.305833958,40729.6,0.0,178560.0,0.0,0.0,,,,,,,,,,
commit:6,36,2029-09,720.0,1065048943211.1765,1035382316385.051,29666626826.12558,3926.4772090309316,564.48,576.0,6,393.5227909690684,0.0,0.0,0.7513148009015775,212428.8,159600.90157776102,39628.799999999996,0.0,172800.0,0.0,0.0,,,,,,,,,,
commit:7,0,time_zero,0.0,0.0,0.0,0.0,0.0,0.0,0.0,7,0.0,0.0,0.0,1.0,0.0,0.0,0.0,0.0,0.0,0.0,0.0,,,,,,,,,,
commit:7,1,2026-10,744.0,924267843072.0002,924267843072.0002,0.0,3693.434426196395,315.5652130981975,324.0,7,1514.5655738036048,0.0,0.0,0.992088943446991,230611.2,228786.82175504274,22291.2,0.0,208320.0,0.0,0.0,,,,,,,,,,
commit:7,2,2026-11,720.0,898925015116.8,898925015116.8,0.0,3587.2236370910096,311.85181854550507,321.0,7,1452.7763629089904,0.0,0.0,0.9842404717097668,223684.8,220159.63306630484,22084.8,0.0,201600.0,0.0,0.0,,,,,,,,,,
commit:7,3,2026-12,744.0,933533628198.7966,933533628198.7966,0.0,3720.2279071190133,328.96195355950647,336.0,7,1487.7720928809867,0.0,0.0,0.9764540896763105,231436.8,225987.40986159834,23116.8,0.0,208320.0,0.0,0.0,,,,,,,,,,
commit:7,4,2027-01,744.0,938201296339.7905,938201296339.7905,0.0,3733.725206654608,335.7106033273039,345.0,7,1474.274793345392,0.0,0.0,0.9687293061514642,232056.0,224799.4478682842,23736.0,0.0,208320.0,0.0,0.0,,,,,,,,,,
commit:7,5,2027-02,672.0,851644660612.9583,851644660612.9583,0.0,3384.64902565357,309.34851282678494,318.0,7,1319.3509743464301,0.0,0.0,0.9610656338259428,210038.4,201860.6880237869,21878.399999999998,0.0,188160.0,0.0,0.0,,,,,,,,,,
commit:7,6,2027-03,744.0,947606764335.5967,947606764335.5967,0.0,3760.9226026513197,349.30930132565976,357.0,7,1447.0773973486803,0.0,0.0,0.9534625892455922,232881.6,222043.89332365632,24561.6,0.0,208320.0,0.0,0.0,,,,,,,,,,
commit:7,7,2027-04,720.0,921623998216.7175,921623998216.7175,0.0,3652.8613312883,344.67066564415,354.0,7,1387.1386687117001,0.0,0.0,0.9459196927808919,225955.2,213735.47336624502,24355.2,0.0,201600.0,0.0,0.0,,,,,,,,,,
commit:7,8,2027-05,744.0,957106522148.061,957106522148.061,0.0,3788.392652542899,363.0443262714494,372.0,7,1419.6073474571008,0.0,0.0,0.9384364685966974,233913.6,219513.05274074044,25593.6,0.0,208320.0,0.0,0.0,,,,,,,,,,
commit:7,9,2027-06,720.0,930863278798.8401,930863278798.8401,0.0,3679.578170134465,358.0290850672325,366.0,7,1360.421829865535,0.0,0.0,0.9310124446222228,226780.8,211135.74700138337,25180.8,0.0,201600.0,0.0,0.0,,,,,,,,,,
commit:7,10,2027-07,744.0,966701515032.5951,966701515032.5951,0.0,3816.138089684641,376.9170448423203,387.0,7,1391.8619103153592,0.0,0.0,0.9236471525212612,234945.6,217006.83443739923,26625.6,0.0,208320.0,0.0,0.0,,,,,,,,,,
commit:7,11,2027-08,744.0,971535022607.758,971535022607.758,0.0,3830.114940133064,383.905470066532,393.0,7,1377.885059866936,0.0,0.0,0.9163401276626397,235358.4,215668.34630247462,27038.399999999998,0.0,208320.0,0.0,0.0,,,,,,,,,,
commit:7,12,2027-09,720.0,944896159084.6421,944896159084.6421,0.0,3720.156459516512,378.31822975825617,387.0,7,1319.8435404834881,0.0,0.0,0.9090909090909091,228225.6,207477.81818181818,26625.6,0.0,201600.0,0.0,0.0,,,,,,,,,,
commit:7,13,2027-10,744.0,981274661209.4006,981274661209.4006,0.0,3858.2786432078974,397.98732160394854,408.0,7,1349.7213567921026,0.0,0.0,0.9018990394972645,236390.4,213200.27470637413,28070.399999999998,0.0,208320.0,0.0,0.0,,,,,,,,,,
commit:7,14,2027-11,720.0,954368743079.4653,954368743079.4653,0.0,3747.5479320231643,392.0139660115823,402.0,7,1292.4520679768357,0.0,0.0,0.894764065190697,229257.6,205131.46215186274,27657.6,0.0,201600.0,0.0,0.0,,,,,,,,,,
commit:7,15,2027-12,744.0,991111939688.0247,991111939688.0247,0.0,3886.7246874060556,412.2103437030278,423.0,7,1321.2753125939444,0.0,0.0,0.8876855360693732,237422.4,210756.43041887713,29102.399999999998,0.0,208320.0,0.0,0.0,,,,,,,,,,
commit:7,16,2028-01,744.0,996067499386.4646,996067499386.4646,0.0,3901.0544708430857,419.37523542154287,429.0,7,1306.9455291569143,0.0,0.0,0.8806630055922402,237835.2,209452.66206763158,29515.199999999997,0.0,208320.0,0.0,0.0,,,,,,,,,,
commit:7,17,2028-02,696.0,936464105471.565,936464105471.565,0.0,3662.845844926508,399.0549224632538,408.0,7,1209.154155073492,0.0,0.0,0.873696030750857,222950.4,194790.87953431587,28070.399999999998,0.0,194880.0,0.0,0.0,,,,,,,,,,
commit:7,18,2028-03,744.0,1006053076067.8136,1006053076067.8136,0.0,3929.9293427132866,433.81267135664325,444.0,7,1278.0706572867134,0.0,0.0,0.8667841720414474,238867.2,207046.30817985884,30547.199999999997,0.0,208320.0,0.0,0.0,,,,,,,,,,
commit:7,19,2028-04,720.0,978467749788.5349,978467749788.5349,0.0,3817.234015574374,426.8570077871871,436.0,7,1222.765984425626,0.0,0.0,0.8599269934371745,231596.8,199156.3399136706,29996.8,0.0,201600.0,0.0,0.0,,,,,,,,,,
commit:7,20,2028-05,744.0,1016138758155.3933,1016138758155.3933,0.0,3959.093685173987,448.39484258699343,460.0,7,1248.906314826013,0.0,0.0,0.8531240623606339,239968.0,204722.4749965566,31648.0,0.0,208320.0,0.0,0.0,,,,,,,,,,
commit:7,21,2028-06,720.0,988276888980.1646,988276888980.1646,0.0,3845.5986905805066,441.03934529025327,452.0,7,1194.4013094194934,0.0,0.0,0.8463749496565661,232697.6,196949.41948520378,31097.6,0.0,201600.0,0.0,0.0,,,,,,,,,,
commit:7,22,2028-07,744.0,1026325549205.9009,1026325549205.9009,0.0,3988.550400167856,463.12320008392777,476.0,7,1219.449599832144,0.0,0.0,0.8396792295647828,241068.8,202420.4642561067,32748.8,0.0,208320.0,0.0,0.0,,,,,,,,,,
commit:7,23,2028-08,744.0,1031457176951.9302,1031457176951.9302,0.0,4003.3893121686942,470.54265608434713,484.0,7,1204.6106878313058,0.0,0.0,0.8330364796933087,241619.2,201277.60779431352,33299.2,0.0,208320.0,0.0,0.0,,,,,,,,,,
commit:7,24,2028-09,720.0,1003175286616.1516,1003175286616.1516,0.0,3888.6797600608434,462.57988003042175,476.0,7,1151.3202399391566,0.0,0.0,0.8264462809917354,234348.8,193676.694214876,32748.8,0.0,201600.0,0.0,0.0,,,,,,,,,,
commit:7,25,2028-10,744.0,1041797535150.8733,1041797535150.8733,0.0,4033.2900908231854,485.49304541159256,496.0,7,1174.7099091768146,0.0,0.0,0.8199082177247857,242444.8,198782.48386464213,34124.799999999996,0.0,208320.0,0.0,0.0,,,,,,,,,,
commit:7,26,2028-11,720.0,1013232118864.478,1013232118864.478,0.0,3917.7606786554516,477.1203393277261,488.0,7,1122.2393213445484,0.0,0.0,0.8134218774460882,235174.4,191296.00197525733,33574.4,0.0,201600.0,0.0,0.0,,,,,,,,,,
commit:7,27,2028-12,744.0,1052241555440.7605,1052241555440.7605,0.0,4063.490624783687,500.5933123918434,512.0,7,1144.509375216313,0.0,0.0,0.8069868509721573,243545.6,196538.09681212463,35225.6,0.0,208320.0,0.0,0.0,,,,,,,,,,
commit:7,28,2029-01,744.0,1057502763217.9641,1057502763217.9641,0.0,4078.704237907605,508.2001189538025,520.0,7,1129.2957620923949,0.0,0.0,0.8006027323565819,244096.0,195423.92455731222,35776.0,0.0,208320.0,0.0,0.0,,,,,,,,,,
commit:7,29,2029-02,672.0,959939605063.0164,959939605063.0164,0.0,3697.800959184516,465.924479592258,476.0,7,1006.1990408154838,0.0,0.0,0.7942691188644154,220908.8,175461.03792539536,32748.8,0.0,188160.0,0.0,0.0,,,,,,,,,,
commit:7,30,2029-03,744.0,1068104228419.2241,1068104228419.2241,0.0,4109.360048692628,523.528024346314,536.0,7,1098.639951307372,0.0,0.0,0.7879856109467703,245196.8,193211.55025019305,36876.799999999996,0.0,208320.0,0.0,0.0,,,,,,,,,,
commit:7,31,2029-04,720.0,1038817499575.4711,1038817499575.4711,0.0,3991.7448473575078,514.1124236787539,528.0,7,1048.2551526424922,0.0,0.0,0.7817518122156131,237926.4,185999.39437393684,36326.4,0.0,201600.0,0.0,0.0,,,,,,,,,,
commit:7,32,2029-05,744.0,1078811973309.1265,1078811973309.1265,0.0,4140.323183980771,539.0095919903855,552.0,7,1067.6768160192287,0.0,0.0,0.7755673294187581,246297.6,191020.3718742495,37977.6,0.0,208320.0,0.0,0.0,,,,,,,,,,
commit:7,33,2029-06,720.0,1049231645008.715,1049231645008.715,0.0,4021.858993452266,529.1694967261332,540.0,7,1018.1410065477339,0.0,0.0,0.76943177241506,238752.0,183703.3745276404,37152.0,0.0,201600.0,0.0,0.0,,,,,,,,,,
commit:7,34,2029-07,744.0,1089627063341.5503,1089627063341.5503,0.0,4171.596724700177,554.6463623500888,568.0,7,1036.4032752998228,0.0,0.0,0.7633447541498025,247398.4,188850.2708250545,39078.4,0.0,208320.0,0.0,0.0,,,,,,,,,,
commit:7,35,2029-08,744.0,1095075198658.2579,1095075198658.2579,0.0,4187.350868323678,562.5234341618391,576.0,7,1020.6491316763222,0.0,0.0,0.7573058906302806,247948.8,187773.08681470933,39628.799999999996,0.0,208320.0,0.0,0.0,,,,,,,,,,
commit:7,36,2029-09,720.0,1065048943211.1765,1065048943211.1765,0.0,4067.5972090309315,552.0386045154661,564.0,7,972.4027909690685,0.0,0.0,0.7513148009015775,240403.2,180618.48234410214,38803.2,0.0,201600.0,0.0,0.0,,,,,,,,,,
commit:8,0,time_zero,0.0,0.0,0.0,0.0,0.0,0.0,0.0,8,0.0,0.0,0.0,1.0,0.0,0.0,0.0,0.0,0.0,0.0,0.0,,,,,,,,,,
commit:8,1,2026-10,744.0,924267843072.0002,924267843072.0002,0.0,3839.2584261963952,169.7412130981975,174.0,8,2112.7415738036048,0.0,0.0,0.992088943446991,250051.2,248073.03081565222,11971.199999999999,0.0,238080.0,0.0,0.0,,,,,,,,,,
commit:8,2,2026-11,720.0,898925015116.8,898925015116.8,0.0,3728.34363709101,170.731818545505,176.0,8,2031.65636290899,0.0,0.0,0.9842404717097668,242508.8,238686.9757057695,12108.8,0.0,230400.0,0.0,0.0,,,,,,,,,,
commit:8,3,2026-12,744.0,933533628198.7966,933533628198.7966,0.0,3866.0519071190133,183.1379535595065,188.0,8,2085.9480928809867,0.0,0.0,0.9764540896763105,251014.4,245104.03744764527,12934.4,0.0,238080.0,0.0,0.0,,,,,,,,,,
commit:8,4,2027-01,744.0,938201296339.7905,938201296339.7905,0.0,3879.549206654608,189.88660332730393,194.0,8,2072.450793345392,0.0,0.0,0.9687293061514642,251427.2,243564.89700360544,13347.199999999999,0.0,238080.0,0.0,0.0,,,,,,,,,,
commit:8,5,2027-02,672.0,851644660612.9583,851644660612.9583,0.0,3516.36102565357,177.63651282678498,182.0,8,1859.6389743464301,0.0,0.0,0.9610656338259428,227561.6,218701.63333844568,12521.6,0.0,215040.0,0.0,0.0,,,,,,,,,,
commit:8,6,2027-03,744.0,947606764335.5967,947606764335.5967,0.0,3906.74660265132,203.48530132565978,208.0,8,2045.2533973486802,0.0,0.0,0.9534625892455922,252390.4,240644.80428473072,14310.4,0.0,238080.0,0.0,0.0,,,,,,,,,,
commit:8,7,2027-04,720.0,921623998216.7175,921623998216.7175,0.0,3793.9813312882998,203.55066564414994,208.0,8,1966.0186687117002,0.0,0.0,0.9459196927808919,244710.4,231476.38638828916,14310.4,0.0,230400.0,0.0,0.0,,,,,,,,,,
commit:8,8,2027-05,744.0,957106522148.061,957106522148.061,0.0,3934.2166525428993,217.22032627144944,222.0,8,2017.7833474571007,0.0,0.0,0.9384364685966974,253353.6,237756.25769026024,15273.599999999999,0.0,238080.0,0.0,0.0,,,,,,,,,,
commit:8,9,2027-06,720.0,930863278798.8401,930863278798.8401,0.0,3820.698170134465,216.9090850672324,222.0,8,1939.3018298655352,0.0,0.0,0.9310124446222228,245673.6,228725.1789151421,15273.599999999999,0.0,230400.0,0.0,0.0,,,,,,,,,,
commit:8,10,2027-07,744.0,966701515032.5951,966701515032.5951,0.0,3961.962089684641,231.09304484232035,236.0,8,1990.037910315359,0.0,0.0,0.9236471525212612,254316.8,234898.98815831906,16236.8,0.0,238080.0,0.0,0.0,,,,,,,,,,
commit:8,11,2027-08,744.0,971535022607.758,971535022607.758,0.0,3975.938940133064,238.081470066532,244.0,8,1976.061059866936,0.0,0.0,0.9163401276626397,254867.2,233545.04258501955,16787.2,0.0,238080.0,0.0,0.0,,,,,,,,,,
commit:8,12,2027-09,720.0,944896159084.6421,944896159084.6421,0.0,3861.276459516512,237.19822975825613,244.0,8,1898.7235404834878,0.0,0.0,0.9090909090909091,247187.2,224715.63636363635,16787.2,0.0,230400.0,0.0,0.0,,,,,,,,,,
commit:8,13,2027-10,744.0,981274661209.4006,981274661209.4006,0.0,4004.1026432078975,252.16332160394853,258.0,8,1947.8973567921025,0.0,0.0,0.9018990394972645,255830.4,230733.19203420097,17750.399999999998,0.0,238080.0,0.0,0.0,,,,,,,,,,
commit:8,14,2027-11,720.0,954368743079.4653,954368743079.4653,0.0,3888.667932023164,250.89396601158222,258.0,8,1871.3320679768358,0.0,0.0,0.894764065190697,248150.4,222036.0606826975,17750.399999999998,0.0,230400.0,0.0,0.0,,,,,,,,,,
commit:8,15,2027-12,744.0,991111939688.0247,991111939688.0247,0.0,4032.5486874060557,266.3863437030278,272.0,8,1919.4513125939443,0.0,0.0,0.8876855360693732,256793.6,227951.96447518418,18713.6,0.0,238080.0,0.0,0.0,,,,,,,,,,
commit:8,16,2028-01,744.0,996067499386.4646,996067499386.4646,0.0,4046.878470843086,273.55123542154286,280.0,8,1905.1215291569142,0.0,0.0,0.8806630055922402,257344.0,226633.34051112947,19264.0,0.0,238080.0,0.0,0.0,,,,,,,,,,
commit:8,17,2028-02,696.0,936464105471.565,936464105471.565,0.0,3799.2618449265083,262.6389224632537,268.0,8,1768.7381550734917,0.0,0.0,0.873696030750857,241158.4,210699.13686222746,18438.399999999998,0.0,222720.0,0.0,0.0,,,,,,,,,,
commit:8,18,2028-03,744.0,1006053076067.8136,1006053076067.8136,0.0,4075.7533427132867,287.9886713566433,294.0,8,1876.2466572867133,0.0,0.0,0.8667841720414474,258307.2,223896.59248434458,20227.2,0.0,238080.0,0.0,0.0,,,,,,,,,,
commit:8,19,2028-04,720.0,978467749788.5349,978467749788.5349,0.0,3958.354015574374,285.73700778718705,294.0,8,1801.645984425626,0.0,0.0,0.8599269934371745,250627.2,215521.09456957743,20227.2,0.0,230400.0,0.0,0.0,,,,,,,,,,
commit:8,20,2028-05,744.0,1016138758155.3933,1016138758155.3933,0.0,4104.917685173987,302.5708425869935,309.0,8,1847.0823148260133,0.0,0.0,0.8531240623606339,259339.2,221248.5118333569,21259.2,0.0,238080.0,0.0,0.0,,,,,,,,,,
commit:8,21,2028-06,720.0,988276888980.1646,988276888980.1646,0.0,3986.7186905805065,299.9193452902532,309.0,8,1773.2813094194935,0.0,0.0,0.8463749496565661,251659.2,212998.04273061172,21259.2,0.0,230400.0,0.0,0.0,,,,,,,,,,
commit:8,22,2028-07,744.0,1026325549205.9009,1026325549205.9009,0.0,4134.374400167856,317.2992000839278,324.0,8,1817.625599832144,0.0,0.0,0.8396792295647828,260371.2,218628.288616858,22291.2,0.0,238080.0,0.0,0.0,,,,,,,,,,
commit:8,23,2028-08,744.0,1031457176951.9302,1031457176951.9302,0.0,4149.213312168695,324.7186560843472,333.0,8,1802.7866878313052,0.0,0.0,0.8330364796933087,260990.4,217414.52404974852,22910.399999999998,0.0,238080.0,0.0,0.0,,,,,,,,,,
commit:8,24,2028-09,720.0,1003175286616.1516,1003175286616.1516,0.0,4029.7997600608433,321.4598800304217,330.0,8,1730.2002399391567,0.0,0.0,0.8264462809917354,253104.0,209176.8595041322,22704.0,0.0,230400.0,0.0,0.0,,,,,,,,,,
commit:8,25,2028-10,744.0,1041797535150.8733,1041797535150.8733,0.0,4179.1140908231855,339.6690454115926,348.0,8,1772.8859091768145,0.0,0.0,0.8199082177247857,262022.4,214834.31898797088,23942.399999999998,0.0,238080.0,0.0,0.0,,,,,,,,,,
commit:8,26,2028-11,720.0,1013232118864.478,1013232118864.478,0.0,4058.880678655452,336.000339327726,345.0,8,1701.119321344548,0.0,0.0,0.8134218774460882,254136.0,206719.78224663908,23736.0,0.0,230400.0,0.0,0.0,,,,,,,,,,
commit:8,27,2028-12,744.0,1052241555440.7605,1052241555440.7605,0.0,4209.314624783687,354.76931239184347,363.0,8,1742.6853752163133,0.0,0.0,0.8069868509721573,263054.4,212281.44189037028,24974.399999999998,0.0,238080.0,0.0,0.0,,,,,,,,,,
commit:8,28,2029-01,744.0,1057502763217.9641,1057502763217.9641,0.0,4224.528237907605,362.37611895380246,372.0,8,1727.4717620923948,0.0,0.0,0.8006027323565819,263673.6,211097.8046102964,25593.6,0.0,238080.0,0.0,0.0,,,,,,,,,,
commit:8,29,2029-02,672.0,959939605063.0164,959939605063.0164,0.0,3829.512959184516,334.21247959225803,342.0,8,1546.4870408154839,0.0,0.0,0.7942691188644154,238569.6,189488.46597983604,23529.6,0.0,215040.0,0.0,0.0,,,,,,,,,,
commit:8,30,2029-03,744.0,1068104228419.2241,1068104228419.2241,0.0,4255.1840486926285,377.70402434631404,387.0,8,1696.8159513073715,0.0,0.0,0.7879856109467703,264705.6,208584.2039370314,26625.6,0.0,238080.0,0.0,0.0,,,,,,,,,,
commit:8,31,2029-04,720.0,1038817499575.4711,1038817499575.4711,0.0,4132.864847357508,372.9924236787538,381.0,8,1627.1351526424924,0.0,0.0,0.7817518122156131,256612.8,200607.52143772267,26212.8,0.0,230400.0,0.0,0.0,,,,,,,,,,
commit:8,32,2029-05,744.0,1078811973309.1265,1078811973309.1265,0.0,4286.147183980771,393.1855919903855,402.0,8,1665.852816019229,0.0,0.0,0.7755673294187581,265737.6,206097.40075815015,27657.6,0.0,238080.0,0.0,0.0,,,,,,,,,,
commit:8,33,2029-06,720.0,1049231645008.715,1049231645008.715,0.0,4162.978993452266,388.04949672613304,396.0,8,1597.021006547734,0.0,0.0,0.76943177241506,257644.8,198240.09511752366,27244.8,0.0,230400.0,0.0,0.0,,,,,,,,,,
commit:8,34,2029-07,744.0,1089627063341.5503,1089627063341.5503,0.0,4317.420724700178,408.8223623500888,420.0,8,1634.5792752998223,0.0,0.0,0.7633447541498025,266976.0,203794.7290838977,28896.0,0.0,238080.0,0.0,0.0,,,,,,,,,,
commit:8,35,2029-08,744.0,1095075198658.2579,1095075198658.2579,0.0,4333.174868323678,416.69943416183906,426.0,8,1618.8251316763217,0.0,0.0,0.7573058906302806,267388.8,202495.11332856197,29308.8,0.0,238080.0,0.0,0.0,,,,,,,,,,
commit:8,36,2029-09,720.0,1065048943211.1765,1065048943211.1765,0.0,4208.717209030932,410.91860451546603,420.0,8,1551.2827909690677,0.0,0.0,0.7513148009015775,259296.0,194812.92261457545,28896.0,0.0,230400.0,0.0,0.0,,,,,,,,,,
commit:9,0,time_zero,0.0,0.0,0.0,0.0,0.0,0.0,0.0,9,0.0,0.0,0.0,1.0,0.0,0.0,0.0,0.0,0.0,0.0,0.0,,,,,,,,,,
commit:9,1,2026-10,744.0,924267843072.0002,924267843072.0002,0.0,3985.0824261963953,23.917213098197532,25.0,9,2710.9175738036047,0.0,0.0,0.992088943446991,269560.0,267427.4955955709,1720.0,0.0,267840.0,0.0,0.0,,,,,,,,,,
commit:9,2,2026-11,720.0,898925015116.8,898925015116.8,0.0,3869.46363709101,29.61181854550494,31.0,9,2610.53636290899,0.0,0.0,0.9842404717097668,261332.8,257214.31834523415,2132.7999999999997,0.0,259200.0,0.0,0.0,,,,,,,,,,
commit:9,3,2026-12,744.0,933533628198.7966,933533628198.7966,0.0,4011.8759071190134,37.31395355950654,39.0,9,2684.1240928809866,0.0,0.0,0.9764540896763105,270523.2,264153.4849923225,2683.2,0.0,267840.0,0.0,0.0,,,,,,,,,,
commit:9,4,2027-01,744.0,938201296339.7905,938201296339.7905,0.0,4025.373206654608,44.06260332730395,45.0,9,2670.626793345392,0.0,0.0,0.9687293061514642,270936.0,262463.64329145313,3096.0,0.0,267840.0,0.0,0.0,,,,,,,,,,
commit:9,5,2027-02,672.0,851644660612.9583,851644660612.9583,0.0,3648.07302565357,45.92451282678501,47.0,9,2399.92697434643,0.0,0.0,0.9610656338259428,245153.6,235608.69996871165,3233.6,0.0,241920.0,0.0,0.0,,,,,,,,,,
commit:9,6,2027-03,744.0,947606764335.5967,947606764335.5967,0.0,4052.57060265132,57.66130132565981,59.0,9,2643.42939734868,0.0,0.0,0.9534625892455922,271899.2,259245.71524580516,4059.2,0.0,267840.0,0.0,0.0,,,,,,,,,,
commit:9,7,2027-04,720.0,921623998216.7175,921623998216.7175,0.0,3935.1013312882997,62.430665644149876,64.0,9,2544.8986687117003,0.0,0.0,0.9459196927808919,263603.2,249347.45796006,4403.2,0.0,259200.0,0.0,0.0,,,,,,,,,,
commit:9,8,2027-05,744.0,957106522148.061,957106522148.061,0.0,4080.040652542899,71.39632627144945,73.0,9,2615.959347457101,0.0,0.0,0.9384364685966974,272862.4,256064.0270688195,5022.4,0.0,267840.0,0.0,0.0,,,,,,,,,,
commit:9,9,2027-06,720.0,930863278798.8401,930863278798.8401,0.0,3961.8181701344647,75.78908506723234,78.0,9,2518.1818298655353,0.0,0.0,0.9310124446222228,264566.4,246314.61082890086,5366.4,0.0,259200.0,0.0,0.0,,,,,,,,,,
commit:9,10,2027-07,744.0,966701515032.5951,966701515032.5951,0.0,4107.7860896846405,85.26904484232037,88.0,9,2588.2139103153595,0.0,0.0,0.9236471525212612,273894.4,252981.78265151934,6054.4,0.0,267840.0,0.0,0.0,,,,,,,,,,
commit:9,11,2027-08,744.0,971535022607.758,971535022607.758,0.0,4121.762940133064,92.25747006653205,95.0,9,2574.237059866936,0.0,0.0,0.9163401276626397,274376.0,251421.73886756445,6536.0,0.0,267840.0,0.0,0.0,,,,,,,,,,
commit:9,12,2027-09,720.0,944896159084.6421,944896159084.6421,0.0,4002.396459516512,96.07822975825607,99.0,9,2477.603540483488,0.0,0.0,0.9090909090909091,266011.2,241828.36363636365,6811.2,0.0,259200.0,0.0,0.0,,,,,,,,,,
commit:9,13,2027-10,744.0,981274661209.4006,981274661209.4006,0.0,4149.9266432078975,106.33932160394856,109.0,9,2546.0733567921025,0.0,0.0,0.9018990394972645,275339.2,248328.1600159452,7499.2,0.0,267840.0,0.0,0.0,,,,,,,,,,
commit:9,14,2027-11,720.0,954368743079.4653,954368743079.4653,0.0,4029.787932023164,109.77396601158216,113.0,9,2450.212067976836,0.0,0.0,0.894764065190697,266974.4,238879.0994458472,7774.4,0.0,259200.0,0.0,0.0,,,,,,,,,,
commit:9,15,2027-12,744.0,991111939688.0247,991111939688.0247,0.0,4178.372687406056,120.56234370302784,124.0,9,2517.627312593944,0.0,0.0,0.8876855360693732,276371.2,245330.71682613596,8531.199999999999,0.0,267840.0,0.0,0.0,,,,,,,,,,
commit:9,16,2028-01,744.0,996067499386.4646,996067499386.4646,0.0,4192.702470843085,127.72723542154289,131.0,9,2503.2975291569146,0.0,0.0,0.8806630055922402,276852.8,243814.01895462736,9012.8,0.0,267840.0,0.0,0.0,,,,,,,,,,
commit:9,17,2028-02,696.0,936464105471.565,936464105471.565,0.0,3935.6778449265075,126.22292246325385,129.0,9,2328.3221550734925,0.0,0.0,0.873696030750857,259435.2,226667.50447705475,8875.199999999999,0.0,250560.0,0.0,0.0,,,,,,,,,,
commit:9,18,2028-03,744.0,1006053076067.8136,1006053076067.8136,0.0,4221.577342713286,142.1646713566433,146.0,9,2474.4226572867137,0.0,0.0,0.8667841720414474,277884.8,240866.1462909032,10044.8,0.0,267840.0,0.0,0.0,,,,,,,,,,
commit:9,19,2028-04,720.0,978467749788.5349,978467749788.5349,0.0,4099.474015574374,144.61700778718702,148.0,9,2380.525984425626,0.0,0.0,0.8599269934371745,269382.4,231649.19731689032,10182.4,0.0,259200.0,0.0,0.0,,,,,,,,,,
commit:9,20,2028-05,744.0,1016138758155.3933,1016138758155.3933,0.0,4250.741685173987,156.7468425869935,160.0,9,2445.258314826013,0.0,0.0,0.8531240623606339,278848.0,237891.93854113802,11008.0,0.0,267840.0,0.0,0.0,,,,,,,,,,
commit:9,21,2028-06,720.0,988276888980.1646,988276888980.1646,0.0,4127.838690580506,158.79934529025311,164.0,9,2352.1613094194936,0.0,0.0,0.8463749496565661,270483.2,228930.2047829469,11283.199999999999,0.0,259200.0,0.0,0.0,,,,,,,,,,
commit:9,22,2028-07,744.0,1026325549205.9009,1026325549205.9009,0.0,4280.198400167856,171.47520008392783,176.0,9,2415.8015998321443,0.0,0.0,0.8396792295647828,279948.8,235067.19270158545,12108.8,0.0,267840.0,0.0,0.0,,,,,,,,,,
commit:9,23,2028-08,744.0,1031457176951.9302,1031457176951.9302,0.0,4295.037312168694,178.8946560843472,184.0,9,2400.9626878313056,0.0,0.0,0.8330364796933087,280499.2,233666.06612478936,12659.199999999999,0.0,267840.0,0.0,0.0,,,,,,,,,,
commit:9,24,2028-09,720.0,1003175286616.1516,1003175286616.1516,0.0,4170.919760060843,180.33988003042163,186.0,9,2309.080239939157,0.0,0.0,0.8264462809917354,271996.8,224790.74380165286,12796.8,0.0,259200.0,0.0,0.0,,,,,,,,,,
commit:9,25,2028-10,744.0,1041797535150.8733,1041797535150.8733,0.0,4324.938090823185,193.8450454115926,198.0,9,2371.061909176815,0.0,0.0,0.8199082177247857,281462.4,230773.33474054074,13622.4,0.0,267840.0,0.0,0.0,,,,,,,,,,
commit:9,26,2028-11,720.0,1013232118864.478,1013232118864.478,0.0,4200.000678655451,194.88033932772595,200.0,9,2279.9993213445487,0.0,0.0,0.8134218774460882,272960.0,222031.63566768423,13760.0,0.0,259200.0,0.0,0.0,,,,,,,,,,
commit:9,27,2028-12,744.0,1052241555440.7605,1052241555440.7605,0.0,4355.138624783687,208.9453123918435,214.0,9,2340.861375216313,0.0,0.0,0.8069868509721573,282563.2,228024.78696861587,14723.199999999999,0.0,267840.0,0.0,0.0,,,,,,,,,,
commit:9,28,2029-01,744.0,1057502763217.9641,1057502763217.9641,0.0,4370.352237907605,216.5521189538025,222.0,9,2325.647762092395,0.0,0.0,0.8006027323565819,283113.6,226661.52172730837,15273.599999999999,0.0,267840.0,0.0,0.0,,,,,,,,,,
commit:9,29,2029-02,672.0,959939605063.0164,959939605063.0164,0.0,3961.224959184516,202.50047959225807,208.0,9,2086.775040815484,0.0,0.0,0.7942691188644154,256230.4,203515.89403427672,14310.4,0.0,241920.0,0.0,0.0,,,,,,,,,,
commit:9,30,2029-03,744.0,1068104228419.2241,1068104228419.2241,0.0,4401.008048692628,231.8800243463141,238.0,9,2294.991951307372,0.0,0.0,0.7879856109467703,284214.4,223956.8576238698,16374.4,0.0,267840.0,0.0,0.0,,,,,,,,,,
commit:9,31,2029-04,720.0,1038817499575.4711,1038817499575.4711,0.0,4273.9848473575075,231.87242367875376,238.0,9,2206.0151526424925,0.0,0.0,0.7817518122156131,275574.4,215430.78660023026,16374.4,0.0,259200.0,0.0,0.0,,,,,,,,,,
commit:9,32,2029-05,744.0,1078811973309.1265,1078811973309.1265,0.0,4431.9711839807715,247.3615919903855,254.0,9,2264.0288160192285,0.0,0.0,0.7755673294187581,285315.2,221281.14770657883,17475.2,0.0,267840.0,0.0,0.0,,,,,,,,,,
commit:9,33,2029-06,720.0,1049231645008.715,1049231645008.715,0.0,4304.098993452266,246.92949672613298,252.0,9,2175.901006547734,0.0,0.0,0.76943177241506,276537.6,212776.81570740687,17337.6,0.0,259200.0,0.0,0.0,,,,,,,,,,
commit:9,34,2029-07,744.0,1089627063341.5503,1089627063341.5503,0.0,4463.244724700177,262.9983623500888,270.0,9,2232.7552752998226,0.0,0.0,0.7633447541498025,286416.0,218634.15110456984,18576.0,0.0,267840.0,0.0,0.0,,,,,,,,,,
commit:9,35,2029-08,744.0,1095075198658.2579,1095075198658.2579,0.0,4478.998868323678,270.8754341618391,278.0,9,2217.001131676322,0.0,0.0,0.7573058906302806,286966.4,217321.3451329654,19126.399999999998,0.0,267840.0,0.0,0.0,,,,,,,,,,
commit:9,36,2029-09,720.0,1065048943211.1765,1065048943211.1765,0.0,4349.837209030931,269.79860451546597,276.0,9,2130.1627909690687,0.0,0.0,0.7513148009015775,278188.8,209007.36288504876,18988.8,0.0,259200.0,0.0,0.0,,,,,,,,,,
commit:10,0,time_zero,0.0,0.0,0.0,0.0,0.0,0.0,0.0,10,0.0,0.0,0.0,1.0,0.0,0.0,0.0,0.0,0.0,0.0,0.0,,,,,,,,,,
commit:10,1,2026-10,744.0,924267843072.0002,924267843072.0002,0.0,4008.9996392945927,0.0,0.0,10,3431.0003607054073,0.0,0.0,0.992088943446991,297600.0,295245.66956982453,0.0,0.0,297600.0,0.0,0.0,,,,,,,,,,
commit:10,2,2026-11,720.0,898925015116.8,898925015116.8,0.0,3899.0754556365146,0.0,0.0,10,3300.9245443634854,0.0,0.0,0.9842404717097668,288000.0,283461.25585241284,0.0,0.0,288000.0,0.0,0.0,,,,,,,,,,
commit:10,3,2026-12,744.0,933533628198.7966,933533628198.7966,0.0,4049.18986067852,0.0,0.0,10,3390.81013932148,0.0,0.0,0.9764540896763105,297600.0,290592.73708767,0.0,0.0,297600.0,0.0,0.0,,,,,,,,,,
commit:10,4,2027-01,744.0,938201296339.7905,938201296339.7905,0.0,4069.435809981912,0.0,0.0,10,3370.564190018088,0.0,0.0,0.9687293061514642,297600.0,288293.84151067573,0.0,0.0,297600.0,0.0,0.0,,,,,,,,,,
commit:10,5,2027-02,672.0,851644660612.9583,851644660612.9583,0.0,3693.9975384803547,0.0,0.0,10,3026.0024615196453,0.0,0.0,0.9610656338259428,268800.0,258334.4423724134,0.0,0.0,268800.0,0.0,0.0,,,,,,,,,,
commit:10,6,2027-03,744.0,947606764335.5967,947606764335.5967,0.0,4110.231903976979,0.0,0.0,10,3329.768096023021,0.0,0.0,0.9534625892455922,297600.0,283750.46655948827,0.0,0.0,297600.0,0.0,0.0,,,,,,,,,,
commit:10,7,2027-04,720.0,921623998216.7175,921623998216.7175,0.0,3997.5319969324496,0.0,0.0,10,3202.4680030675504,0.0,0.0,0.9459196927808919,288000.0,272424.8715208969,0.0,0.0,288000.0,0.0,0.0,,,,,,,,,,
commit:10,8,2027-05,744.0,957106522148.061,957106522148.061,0.0,4151.436978814349,0.0,0.0,10,3288.5630211856515,0.0,0.0,0.9384364685966974,297600.0,279278.69305437716,0.0,0.0,297600.0,0.0,0.0,,,,,,,,,,
commit:10,9,2027-06,720.0,930863278798.8401,930863278798.8401,0.0,4037.607255201697,0.0,0.0,10,3162.392744798303,0.0,0.0,0.9310124446222228,288000.0,268131.58405120013,0.0,0.0,288000.0,0.0,0.0,,,,,,,,,,
commit:10,10,2027-07,744.0,966701515032.5951,966701515032.5951,0.0,4193.055134526961,0.0,0.0,10,3246.9448654730386,0.0,0.0,0.9236471525212612,297600.0,274877.3925903273,0.0,0.0,297600.0,0.0,0.0,,,,,,,,,,
commit:10,11,2027-08,744.0,971535022607.758,971535022607.758,0.0,4214.020410199596,0.0,0.0,10,3225.979589800404,0.0,0.0,0.9163401276626397,297600.0,272702.82199240156,0.0,0.0,297600.0,0.0,0.0,,,,,,,,,,
commit:10,12,2027-09,720.0,944896159084.6421,944896159084.6421,0.0,4098.474689274768,0.0,0.0,10,3101.525310725232,0.0,0.0,0.9090909090909091,288000.0,261818.18181818182,0.0,0.0,288000.0,0.0,0.0,,,,,,,,,,
commit:10,13,2027-10,744.0,981274661209.4006,981274661209.4006,0.0,4256.265964811846,0.0,0.0,10,3183.734035188154,0.0,0.0,0.9018990394972645,297600.0,268405.1541543859,0.0,0.0,297600.0,0.0,0.0,,,,,,,,,,
commit:10,14,2027-11,720.0,954368743079.4653,954368743079.4653,0.0,4139.561898034746,0.0,0.0,10,3060.4381019652537,0.0,0.0,0.894764065190697,288000.0,257692.05077492073,0.0,0.0,288000.0,0.0,0.0,,,,,,,,,,
commit:10,15,2027-12,744.0,991111939688.0247,991111939688.0247,0.0,4298.935031109084,0.0,0.0,10,3141.064968890916,0.0,0.0,0.8876855360693732,297600.0,264175.2155342455,0.0,0.0,297600.0,0.0,0.0,,,,,,,,,,
commit:10,16,2028-01,744.0,996067499386.4646,996067499386.4646,0.0,4320.429706264628,0.0,0.0,10,3119.5702937353717,0.0,0.0,0.8806630055922402,297600.0,262085.31046425068,0.0,0.0,297600.0,0.0,0.0,,,,,,,,,,
commit:10,17,2028-02,696.0,936464105471.565,936464105471.565,0.0,4061.9007673897618,0.0,0.0,10,2898.0992326102382,0.0,0.0,0.873696030750857,278400.0,243236.9749610386,0.0,0.0,278400.0,0.0,0.0,,,,,,,,,,
commit:10,18,2028-03,744.0,1006053076067.8136,1006053076067.8136,0.0,4363.74201406993,0.0,0.0,10,3076.2579859300704,0.0,0.0,0.8667841720414474,297600.0,257954.96959953476,0.0,0.0,297600.0,0.0,0.0,,,,,,,,,,
commit:10,19,2028-04,720.0,978467749788.5349,978467749788.5349,0.0,4240.594015574374,3.4970077871869503,4.0,10,2959.4059844256262,0.0,0.0,0.8599269934371745,288275.2,247895.6260185002,275.2,0.0,288000.0,0.0,0.0,,,,,,,,,,
commit:10,20,2028-05,744.0,1016138758155.3933,1016138758155.3933,0.0,4396.565685173987,10.922842586993527,12.0,10,3043.434314826013,0.0,0.0,0.8531240623606339,298425.6,254594.06018440955,825.5999999999999,0.0,297600.0,0.0,0.0,,,,,,,,,,
commit:10,21,2028-06,720.0,988276888980.1646,988276888980.1646,0.0,4268.958690580506,17.679345290253064,19.0,10,2931.0413094194937,0.0,0.0,0.8463749496565661,289307.2,244862.36683528213,1307.2,0.0,288000.0,0.0,0.0,,,,,,,,,,
commit:10,22,2028-07,744.0,1026325549205.9009,1026325549205.9009,0.0,4426.022400167856,25.651200083927865,27.0,10,3013.977599832144,0.0,0.0,0.8396792295647828,299457.6,251448.32685531888,1857.6,0.0,297600.0,0.0,0.0,,,,,,,,,,
commit:10,23,2028-08,744.0,1031457176951.9302,1031457176951.9302,0.0,4440.861312168694,33.070656084347206,34.0,10,2999.138687831306,0.0,0.0,0.8330364796933087,299939.2,249860.29529002728,2339.2,0.0,297600.0,0.0,0.0,,,,,,,,,,
commit:10,24,2028-09,720.0,1003175286616.1516,1003175286616.1516,0.0,4312.039760060843,39.21988003042155,41.0,10,2887.960239939157,0.0,0.0,0.8264462809917354,290820.8,240347.7685950413,2820.7999999999997,0.0,288000.0,0.0,0.0,,,,,,,,,,
commit:10,25,2028-10,744.0,1041797535150.8733,1041797535150.8733,0.0,4470.762090823186,48.02104541159263,50.0,10,2969.2379091768144,0.0,0.0,0.8199082177247857,301040.0,246825.1698638695,3440.0,0.0,297600.0,0.0,0.0,,,,,,,,,,
commit:10,26,2028-11,720.0,1013232118864.478,1013232118864.478,0.0,4341.120678655452,53.76033932772589,55.0,10,2858.879321344548,0.0,0.0,0.8134218774460882,291784.0,237343.4890887294,3784.0,0.0,288000.0,0.0,0.0,,,,,,,,,,
commit:10,27,2028-12,744.0,1052241555440.7605,1052241555440.7605,0.0,4500.962624783687,63.1213123918435,65.0,10,2939.037375216313,0.0,0.0,0.8069868509721573,302072.0,243768.1320468615,4472.0,0.0,297600.0,0.0,0.0,,,,,,,,,,
commit:10,28,2029-01,744.0,1057502763217.9641,1057502763217.9641,0.0,4516.176237907605,70.72811895380254,73.0,10,2923.8237620923946,0.0,0.0,0.8006027323565819,302622.4,242280.3203123065,5022.4,0.0,297600.0,0.0,0.0,,,,,,,,,,
commit:10,29,2029-02,672.0,959939605063.0164,959939605063.0164,0.0,4092.936959184516,70.7884795922581,73.0,10,2627.063040815484,0.0,0.0,0.7942691188644154,273822.4,217488.67637333952,5022.4,0.0,268800.0,0.0,0.0,,,,,,,,,,
commit:10,30,2029-03,744.0,1068104228419.2241,1068104228419.2241,0.0,4546.832048692629,86.05602434631412,88.0,10,2893.1679513073714,0.0,0.0,0.7879856109467703,303654.4,239275.29790067498,6054.4,0.0,297600.0,0.0,0.0,,,,,,,,,,
commit:10,31,2029-04,720.0,1038817499575.4711,1038817499575.4711,0.0,4415.104847357507,90.75242367875371,93.0,10,2784.8951526424926,0.0,0.0,0.7817518122156131,294398.4,230146.48271337696,6398.4,0.0,288000.0,0.0,0.0,,,,,,,,,,
commit:10,32,2029-05,744.0,1078811973309.1265,1078811973309.1265,0.0,4577.795183980771,101.53759199038554,104.0,10,2862.204816019229,0.0,0.0,0.7755673294187581,304755.2,236358.1765904795,7155.2,0.0,297600.0,0.0,0.0,,,,,,,,,,
commit:10,33,2029-06,720.0,1049231645008.715,1049231645008.715,0.0,4445.218993452266,105.80949672613293,108.0,10,2754.7810065477343,0.0,0.0,0.76943177241506,295430.4,227313.53629729015,7430.4,0.0,288000.0,0.0,0.0,,,,,,,,,,
commit:10,34,2029-07,744.0,1089627063341.5503,1089627063341.5503,0.0,4609.068724700178,117.17436235008883,120.0,10,2830.931275299822,0.0,0.0,0.7633447541498025,305856.0,233473.573125242,8256.0,0.0,297600.0,0.0,0.0,,,,,,,,,,
commit:10,35,2029-08,744.0,1095075198658.2579,1095075198658.2579,0.0,4624.822868323678,125.05143416183911,128.0,10,2815.1771316763216,0.0,0.0,0.7573058906302806,306406.4,232043.37164681804,8806.4,0.0,297600.0,0.0,0.0,,,,,,,,,,
commit:10,36,2029-09,720.0,1065048943211.1765,1065048943211.1765,0.0,4490.957209030932,128.6786045154659,132.0,10,2709.042790969068,0.0,0.0,0.7513148009015775,297081.6,223201.8031555221,9081.6,0.0,288000.0,0.0,0.0,,,,,,,,,,
commit:11,0,time_zero,0.0,0.0,0.0,0.0,0.0,0.0,0.0,11,0.0,0.0,0.0,1.0,0.0,0.0,0.0,0.0,0.0,0.0,0.0,,,,,,,,,,
commit:11,1,2026-10,744.0,924267843072.0002,924267843072.0002,0.0,4008.9996392945927,0.0,0.0,11,4175.000360705408,0.0,0.0,0.992088943446991,327360.0,324770.23652680696,0.0,0.0,327360.0,0.0,0.0,,,,,,,,,,
commit:11,2,2026-11,720.0,898925015116.8,898925015116.8,0.0,3899.0754556365146,0.0,0.0,11,4020.9245443634854,0.0,0.0,0.9842404717097668,316800.0,311807.38143765414,0.0,0.0,316800.0,0.0,0.0,,,,,,,,,,
commit:11,3,2026-12,744.0,933533628198.7966,933533628198.7966,0.0,4049.18986067852,0.0,0.0,11,4134.81013932148,0.0,0.0,0.9764540896763105,327360.0,319652.01079643704,0.0,0.0,327360.0,0.0,0.0,,,,,,,,,,
commit:11,4,2027-01,744.0,938201296339.7905,938201296339.7905,0.0,4069.435809981912,0.0,0.0,11,4114.564190018088,0.0,0.0,0.9687293061514642,327360.0,317123.2256617433,0.0,0.0,327360.0,0.0,0.0,,,,,,,,,,
commit:11,5,2027-02,672.0,851644660612.9583,851644660612.9583,0.0,3693.9975384803547,0.0,0.0,11,3698.0024615196453,0.0,0.0,0.9610656338259428,295680.0,284167.88660965476,0.0,0.0,295680.0,0.0,0.0,,,,,,,,,,
commit:11,6,2027-03,744.0,947606764335.5967,947606764335.5967,0.0,4110.231903976979,0.0,0.0,11,4073.768096023021,0.0,0.0,0.9534625892455922,327360.0,312125.51321543707,0.0,0.0,327360.0,0.0,0.0,,,,,,,,,,
commit:11,7,2027-04,720.0,921623998216.7175,921623998216.7175,0.0,3997.5319969324496,0.0,0.0,11,3922.4680030675504,0.0,0.0,0.9459196927808919,316800.0,299667.35867298656,0.0,0.0,316800.0,0.0,0.0,,,,,,,,,,
commit:11,8,2027-05,744.0,957106522148.061,957106522148.061,0.0,4151.436978814349,0.0,0.0,11,4032.5630211856515,0.0,0.0,0.9384364685966974,327360.0,307206.5623598149,0.0,0.0,327360.0,0.0,0.0,,,,,,,,,,
commit:11,9,2027-06,720.0,930863278798.8401,930863278798.8401,0.0,4037.607255201697,0.0,0.0,11,3882.392744798303,0.0,0.0,0.9310124446222228,316800.0,294944.74245632015,0.0,0.0,316800.0,0.0,0.0,,,,,,,,,,
commit:11,10,2027-07,744.0,966701515032.5951,966701515032.5951,0.0,4193.055134526961,0.0,0.0,11,3990.9448654730386,0.0,0.0,0.9236471525212612,327360.0,302365.13184936007,0.0,0.0,327360.0,0.0,0.0,,,,,,,,,,
commit:11,11,2027-08,744.0,971535022607.758,971535022607.758,0.0,4214.020410199596,0.0,0.0,11,3969.979589800404,0.0,0.0,0.9163401276626397,327360.0,299973.10419164173,0.0,0.0,327360.0,0.0,0.0,,,,,,,,,,
commit:11,12,2027-09,720.0,944896159084.6421,944896159084.6421,0.0,4098.474689274768,0.0,0.0,11,3821.525310725232,0.0,0.0,0.9090909090909091,316800.0,288000.0,0.0,0.0,316800.0,0.0,0.0,,,,,,,,,,
commit:11,13,2027-10,744.0,981274661209.4006,981274661209.4006,0.0,4256.265964811846,0.0,0.0,11,3927.734035188154,0.0,0.0,0.9018990394972645,327360.0,295245.6695698245,0.0,0.0,327360.0,0.0,0.0,,,,,,,,,,
commit:11,14,2027-11,720.0,954368743079.4653,954368743079.4653,0.0,4139.561898034746,0.0,0.0,11,3780.4381019652537,0.0,0.0,0.894764065190697,316800.0,283461.2558524128,0.0,0.0,316800.0,0.0,0.0,,,,,,,,,,
commit:11,15,2027-12,744.0,991111939688.0247,991111939688.0247,0.0,4298.935031109084,0.0,0.0,11,3885.064968890916,0.0,0.0,0.8876855360693732,327360.0,290592.73708767,0.0,0.0,327360.0,0.0,0.0,,,,,,,,,,
commit:11,16,2028-01,744.0,996067499386.4646,996067499386.4646,0.0,4320.429706264628,0.0,0.0,11,3863.5702937353717,0.0,0.0,0.8806630055922402,327360.0,288293.84151067573,0.0,0.0,327360.0,0.0,0.0,,,,,,,,,,
commit:11,17,2028-02,696.0,936464105471.565,936464105471.565,0.0,4061.9007673897618,0.0,0.0,11,3594.0992326102382,0.0,0.0,0.873696030750857,306240.0,267560.67245714244,0.0,0.0,306240.0,0.0,0.0,,,,,,,,,,
commit:11,18,2028-03,744.0,1006053076067.8136,1006053076067.8136,0.0,4363.74201406993,0.0,0.0,11,3820.2579859300704,0.0,0.0,0.8667841720414474,327360.0,283750.4665594882,0.0,0.0,327360.0,0.0,0.0,,,,,,,,,,
commit:11,19,2028-04,720.0,978467749788.5349,978467749788.5349,0.0,4244.091023361561,0.0,0.0,11,3675.9089766384386,0.0,0.0,0.8599269934371745,316800.0,272424.8715208969,0.0,0.0,316800.0,0.0,0.0,,,,,,,,,,
commit:11,20,2028-05,744.0,1016138758155.3933,1016138758155.3933,0.0,4407.488527760981,0.0,0.0,11,3776.511472239019,0.0,0.0,0.8531240623606339,327360.0,279278.6930543771,0.0,0.0,327360.0,0.0,0.0,,,,,,,,,,
commit:11,21,2028-06,720.0,988276888980.1646,988276888980.1646,0.0,4286.638035870759,0.0,0.0,11,3633.3619641292407,0.0,0.0,0.8463749496565661,316800.0,268131.58405120013,0.0,0.0,316800.0,0.0,0.0,,,,,,,,,,
commit:11,22,2028-07,744.0,1026325549205.9009,1026325549205.9009,0.0,4451.673600251784,0.0,0.0,11,3732.3263997482163,0.0,0.0,0.8396792295647828,327360.0,274877.3925903273,0.0,0.0,327360.0,0.0,0.0,,,,,,,,,,
commit:11,23,2028-08,744.0,1031457176951.9302,1031457176951.9302,0.0,4473.931968253041,0.0,0.0,11,3710.0680317469587,0.0,0.0,0.8330364796933087,327360.0,272702.82199240156,0.0,0.0,327360.0,0.0,0.0,,,,,,,,,,
commit:11,24,2028-09,720.0,1003175286616.1516,1003175286616.1516,0.0,4351.259640091264,0.0,0.0,11,3568.7403599087356,0.0,0.0,0.8264462809917354,316800.0,261818.1818181818,0.0,0.0,316800.0,0.0,0.0,,,,,,,,,,
commit:11,25,2028-10,744.0,1041797535150.8733,1041797535150.8733,0.0,4518.783136234778,0.0,0.0,11,3665.216863765222,0.0,0.0,0.8199082177247857,327360.0,268405.15415438585,0.0,0.0,327360.0,0.0,0.0,,,,,,,,,,
commit:11,26,2028-11,720.0,1013232118864.478,1013232118864.478,0.0,4394.881017983178,0.0,0.0,11,3525.118982016822,0.0,0.0,0.8134218774460882,316800.0,257692.05077492073,0.0,0.0,316800.0,0.0,0.0,,,,,,,,,,
commit:11,27,2028-12,744.0,1052241555440.7605,1052241555440.7605,0.0,4564.08393717553,0.0,0.0,11,3619.91606282447,0.0,0.0,0.8069868509721573,327360.0,264175.2155342454,0.0,0.0,327360.0,0.0,0.0,,,,,,,,,,
commit:11,28,2029-01,744.0,1057502763217.9641,1057502763217.9641,0.0,4586.904356861408,0.0,0.0,11,3597.095643138592,0.0,0.0,0.8006027323565819,327360.0,262085.31046425065,0.0,0.0,327360.0,0.0,0.0,,,,,,,,,,
commit:11,29,2029-02,672.0,959939605063.0164,959939605063.0164,0.0,4163.725438776774,0.0,0.0,11,3228.2745612232256,0.0,0.0,0.7942691188644154,295680.0,234849.49306583035,0.0,0.0,295680.0,0.0,0.0,,,,,,,,,,
commit:11,30,2029-03,744.0,1068104228419.2241,1068104228419.2241,0.0,4632.888073038943,0.0,0.0,11,3551.111926961057,0.0,0.0,0.7879856109467703,327360.0,257954.96959953473,0.0,0.0,327360.0,0.0,0.0,,,,,,,,,,
commit:11,31,2029-04,720.0,1038817499575.4711,1038817499575.4711,0.0,4505.857271036261,0.0,0.0,11,3414.1427289637386,0.0,0.0,0.7817518122156131,316800.0,247658.9741099062,0.0,0.0,316800.0,0.0,0.0,,,,,,,,,,
commit:11,32,2029-05,744.0,1078811973309.1265,1078811973309.1265,0.0,4679.332775971157,0.0,0.0,11,3504.6672240288426,0.0,0.0,0.7755673294187581,327360.0,253889.72095852465,0.0,0.0,327360.0,0.0,0.0,,,,,,,,,,
commit:11,33,2029-06,720.0,1049231645008.715,1049231645008.715,0.0,4551.028490178399,0.0,0.0,11,3368.971509821601,0.0,0.0,0.76943177241506,316800.0,243755.985501091,0.0,0.0,316800.0,0.0,0.0,,,,,,,,,,
commit:11,34,2029-07,744.0,1089627063341.5503,1089627063341.5503,0.0,4726.243087050267,0.0,0.0,11,3457.7569129497333,0.0,0.0,0.7633447541498025,327360.0,249888.53871847937,0.0,0.0,327360.0,0.0,0.0,,,,,,,,,,
commit:11,35,2029-08,744.0,1095075198658.2579,1095075198658.2579,0.0,4749.874302485518,0.0,0.0,11,3434.1256975144825,0.0,0.0,0.7573058906302806,327360.0,247911.65635672866,0.0,0.0,327360.0,0.0,0.0,,,,,,,,,,
commit:11,36,2029-09,720.0,1065048943211.1765,1065048943211.1765,0.0,4619.635813546398,0.0,0.0,11,3300.364186453602,0.0,0.0,0.7513148009015775,316800.0,238016.52892561976,0.0,0.0,316800.0,0.0,0.0,,,,,,,,,,
commit:12,0,time_zero,0.0,0.0,0.0,0.0,0.0,0.0,0.0,12,0.0,0.0,0.0,1.0,0.0,0.0,0.0,0.0,0.0,0.0,0.0,,,,,,,,,,
commit:12,1,2026-10,744.0,924267843072.0002,924267843072.0002,0.0,4008.9996392945927,0.0,0.0,12,4919.000360705408,0.0,0.0,0.992088943446991,357120.0,354294.8034837894,0.0,0.0,357120.0,0.0,0.0,,,,,,,,,,
commit:12,2,2026-11,720.0,898925015116.8,898925015116.8,0.0,3899.0754556365146,0.0,0.0,12,4740.924544363485,0.0,0.0,0.9842404717097668,345600.0,340153.5070228954,0.0,0.0,345600.0,0.0,0.0,,,,,,,,,,
commit:12,3,2026-12,744.0,933533628198.7966,933533628198.7966,0.0,4049.18986067852,0.0,0.0,12,4878.81013932148,0.0,0.0,0.9764540896763105,357120.0,348711.284505204,0.0,0.0,357120.0,0.0,0.0,,,,,,,,,,
commit:12,4,2027-01,744.0,938201296339.7905,938201296339.7905,0.0,4069.435809981912,0.0,0.0,12,4858.564190018088,0.0,0.0,0.9687293061514642,357120.0,345952.6098128109,0.0,0.0,357120.0,0.0,0.0,,,,,,,,,,
commit:12,5,2027-02,672.0,851644660612.9583,851644660612.9583,0.0,3693.9975384803547,0.0,0.0,12,4370.002461519645,0.0,0.0,0.9610656338259428,322560.0,310001.3308468961,0.0,0.0,322560.0,0.0,0.0,,,,,,,,,,
commit:12,6,2027-03,744.0,947606764335.5967,947606764335.5967,0.0,4110.231903976979,0.0,0.0,12,4817.768096023021,0.0,0.0,0.9534625892455922,357120.0,340500.5598713859,0.0,0.0,357120.0,0.0,0.0,,,,,,,,,,
commit:12,7,2027-04,720.0,921623998216.7175,921623998216.7175,0.0,3997.5319969324496,0.0,0.0,12,4642.46800306755,0.0,0.0,0.9459196927808919,345600.0,326909.8458250763,0.0,0.0,345600.0,0.0,0.0,,,,,,,,,,
commit:12,8,2027-05,744.0,957106522148.061,957106522148.061,0.0,4151.436978814349,0.0,0.0,12,4776.563021185651,0.0,0.0,0.9384364685966974,357120.0,335134.43166525254,0.0,0.0,357120.0,0.0,0.0,,,,,,,,,,
commit:12,9,2027-06,720.0,930863278798.8401,930863278798.8401,0.0,4037.607255201697,0.0,0.0,12,4602.392744798302,0.0,0.0,0.9310124446222228,345600.0,321757.90086144017,0.0,0.0,345600.0,0.0,0.0,,,,,,,,,,
commit:12,10,2027-07,744.0,966701515032.5951,966701515032.5951,0.0,4193.055134526961,0.0,0.0,12,4734.944865473039,0.0,0.0,0.9236471525212612,357120.0,329852.8711083928,0.0,0.0,357120.0,0.0,0.0,,,,,,,,,,
commit:12,11,2027-08,744.0,971535022607.758,971535022607.758,0.0,4214.020410199596,0.0,0.0,12,4713.979589800404,0.0,0.0,0.9163401276626397,357120.0,327243.3863908819,0.0,0.0,357120.0,0.0,0.0,,,,,,,,,,
commit:12,12,2027-09,720.0,944896159084.6421,944896159084.6421,0.0,4098.474689274768,0.0,0.0,12,4541.525310725232,0.0,0.0,0.9090909090909091,345600.0,314181.8181818182,0.0,0.0,345600.0,0.0,0.0,,,,,,,,,,
commit:12,13,2027-10,744.0,981274661209.4006,981274661209.4006,0.0,4256.265964811846,0.0,0.0,12,4671.734035188154,0.0,0.0,0.9018990394972645,357120.0,322086.1849852631,0.0,0.0,357120.0,0.0,0.0,,,,,,,,,,
commit:12,14,2027-11,720.0,954368743079.4653,954368743079.4653,0.0,4139.561898034746,0.0,0.0,12,4500.438101965254,0.0,0.0,0.894764065190697,345600.0,309230.4609299049,0.0,0.0,345600.0,0.0,0.0,,,,,,,,,,
commit:12,15,2027-12,744.0,991111939688.0247,991111939688.0247,0.0,4298.935031109084,0.0,0.0,12,4629.064968890916,0.0,0.0,0.8876855360693732,357120.0,317010.25864109455,0.0,0.0,357120.0,0.0,0.0,,,,,,,,,,
commit:12,16,2028-01,744.0,996067499386.4646,996067499386.4646,0.0,4320.429706264628,0.0,0.0,12,4607.570293735372,0.0,0.0,0.8806630055922402,357120.0,314502.37255710084,0.0,0.0,357120.0,0.0,0.0,,,,,,,,,,
commit:12,17,2028-02,696.0,936464105471.565,936464105471.565,0.0,4061.9007673897618,0.0,0.0,12,4290.099232610239,0.0,0.0,0.873696030750857,334080.0,291884.3699532463,0.0,0.0,334080.0,0.0,0.0,,,,,,,,,,
commit:12,18,2028-03,744.0,1006053076067.8136,1006053076067.8136,0.0,4363.74201406993,0.0,0.0,12,4564.25798593007,0.0,0.0,0.8667841720414474,357120.0,309545.9635194417,0.0,0.0,357120.0,0.0,0.0,,,,,,,,,,
commit:12,19,2028-04,720.0,978467749788.5349,978467749788.5349,0.0,4244.091023361561,0.0,0.0,12,4395.908976638439,0.0,0.0,0.8599269934371745,345600.0,297190.7689318875,0.0,0.0,345600.0,0.0,0.0,,,,,,,,,,
commit:12,20,2028-05,744.0,1016138758155.3933,1016138758155.3933,0.0,4407.488527760981,0.0,0.0,12,4520.511472239019,0.0,0.0,0.8531240623606339,357120.0,304667.6651502296,0.0,0.0,357120.0,0.0,0.0,,,,,,,,,,
commit:12,21,2028-06,720.0,988276888980.1646,988276888980.1646,0.0,4286.638035870759,0.0,0.0,12,4353.361964129241,0.0,0.0,0.8463749496565661,345600.0,292507.18260130927,0.0,0.0,345600.0,0.0,0.0,,,,,,,,,,
commit:12,22,2028-07,744.0,1026325549205.9009,1026325549205.9009,0.0,4451.673600251784,0.0,0.0,12,4476.326399748216,0.0,0.0,0.8396792295647828,357120.0,299866.2464621752,0.0,0.0,357120.0,0.0,0.0,,,,,,,,,,
commit:12,23,2028-08,744.0,1031457176951.9302,1031457176951.9302,0.0,4473.931968253041,0.0,0.0,12,4454.068031746959,0.0,0.0,0.8330364796933087,357120.0,297493.9876280744,0.0,0.0,357120.0,0.0,0.0,,,,,,,,,,
commit:12,24,2028-09,720.0,1003175286616.1516,1003175286616.1516,0.0,4351.259640091264,0.0,0.0,12,4288.740359908736,0.0,0.0,0.8264462809917354,345600.0,285619.83471074374,0.0,0.0,345600.0,0.0,0.0,,,,,,,,,,
commit:12,25,2028-10,744.0,1041797535150.8733,1041797535150.8733,0.0,4518.783136234778,0.0,0.0,12,4409.216863765222,0.0,0.0,0.8199082177247857,357120.0,292805.6227138755,0.0,0.0,357120.0,0.0,0.0,,,,,,,,,,
commit:12,26,2028-11,720.0,1013232118864.478,1013232118864.478,0.0,4394.881017983178,0.0,0.0,12,4245.118982016822,0.0,0.0,0.8134218774460882,345600.0,281118.60084536806,0.0,0.0,345600.0,0.0,0.0,,,,,,,,,,
commit:12,27,2028-12,744.0,1052241555440.7605,1052241555440.7605,0.0,4564.08393717553,0.0,0.0,12,4363.91606282447,0.0,0.0,0.8069868509721573,357120.0,288191.1442191768,0.0,0.0,357120.0,0.0,0.0,,,,,,,,,,
commit:12,28,2029-01,744.0,1057502763217.9641,1057502763217.9641,0.0,4586.904356861408,0.0,0.0,12,4341.095643138592,0.0,0.0,0.8006027323565819,357120.0,285911.2477791825,0.0,0.0,357120.0,0.0,0.0,,,,,,,,,,
commit:12,29,2029-02,672.0,959939605063.0164,959939605063.0164,0.0,4163.725438776774,0.0,0.0,12,3900.2745612232256,0.0,0.0,0.7942691188644154,322560.0,256199.44698090584,0.0,0.0,322560.0,0.0,0.0,,,,,,,,,,
commit:12,30,2029-03,744.0,1068104228419.2241,1068104228419.2241,0.0,4632.888073038943,0.0,0.0,12,4295.111926961057,0.0,0.0,0.7879856109467703,357120.0,281405.4213813106,0.0,0.0,357120.0,0.0,0.0,,,,,,,,,,
commit:12,31,2029-04,720.0,1038817499575.4711,1038817499575.4711,0.0,4505.857271036261,0.0,0.0,12,4134.142728963739,0.0,0.0,0.7817518122156131,345600.0,270173.4263017159,0.0,0.0,345600.0,0.0,0.0,,,,,,,,,,
commit:12,32,2029-05,744.0,1078811973309.1265,1078811973309.1265,0.0,4679.332775971157,0.0,0.0,12,4248.667224028843,0.0,0.0,0.7755673294187581,357120.0,276970.6046820269,0.0,0.0,357120.0,0.0,0.0,,,,,,,,,,
commit:12,33,2029-06,720.0,1049231645008.715,1049231645008.715,0.0,4551.028490178399,0.0,0.0,12,4088.971509821601,0.0,0.0,0.76943177241506,345600.0,265915.6205466447,0.0,0.0,345600.0,0.0,0.0,,,,,,,,,,
commit:12,34,2029-07,744.0,1089627063341.5503,1089627063341.5503,0.0,4726.243087050267,0.0,0.0,12,4201.756912949733,0.0,0.0,0.7633447541498025,357120.0,272605.6786019775,0.0,0.0,357120.0,0.0,0.0,,,,,,,,,,
commit:12,35,2029-08,744.0,1095075198658.2579,1095075198658.2579,0.0,4749.874302485518,0.0,0.0,12,4178.125697514482,0.0,0.0,0.7573058906302806,357120.0,270449.0796618858,0.0,0.0,357120.0,0.0,0.0,,,,,,,,,,
commit:12,36,2029-09,720.0,1065048943211.1765,1065048943211.1765,0.0,4619.635813546398,0.0,0.0,12,4020.364186453602,0.0,0.0,0.7513148009015775,345600.0,259654.3951915852,0.0,0.0,345600.0,0.0,0.0,,,,,,,,,,
commit:13,0,time_zero,0.0,0.0,0.0,0.0,0.0,0.0,0.0,13,0.0,0.0,0.0,1.0,0.0,0.0,0.0,0.0,0.0,0.0,0.0,,,,,,,,,,
commit:13,1,2026-10,744.0,924267843072.0002,924267843072.0002,0.0,4008.9996392945927,0.0,0.0,13,5663.000360705408,0.0,0.0,0.992088943446991,386880.0,383819.37044077186,0.0,0.0,386880.0,0.0,0.0,,,,,,,,,,
commit:13,2,2026-11,720.0,898925015116.8,898925015116.8,0.0,3899.0754556365146,0.0,0.0,13,5460.924544363485,0.0,0.0,0.9842404717097668,374400.0,368499.6326081367,0.0,0.0,374400.0,0.0,0.0,,,,,,,,,,
commit:13,3,2026-12,744.0,933533628198.7966,933533628198.7966,0.0,4049.18986067852,0.0,0.0,13,5622.81013932148,0.0,0.0,0.9764540896763105,386880.0,377770.55821397103,0.0,0.0,386880.0,0.0,0.0,,,,,,,,,,
commit:13,4,2027-01,744.0,938201296339.7905,938201296339.7905,0.0,4069.435809981912,0.0,0.0,13,5602.564190018088,0.0,0.0,0.9687293061514642,386880.0,374781.9939638785,0.0,0.0,386880.0,0.0,0.0,,,,,,,,,,
commit:13,5,2027-02,672.0,851644660612.9583,851644660612.9583,0.0,3693.9975384803547,0.0,0.0,13,5042.002461519645,0.0,0.0,0.9610656338259428,349440.0,335834.77508413745,0.0,0.0,349440.0,0.0,0.0,,,,,,,,,,
commit:13,6,2027-03,744.0,947606764335.5967,947606764335.5967,0.0,4110.231903976979,0.0,0.0,13,5561.768096023021,0.0,0.0,0.9534625892455922,386880.0,368875.6065273347,0.0,0.0,386880.0,0.0,0.0,,,,,,,,,,
commit:13,7,2027-04,720.0,921623998216.7175,921623998216.7175,0.0,3997.5319969324496,0.0,0.0,13,5362.46800306755,0.0,0.0,0.9459196927808919,374400.0,354152.33297716593,0.0,0.0,374400.0,0.0,0.0,,,,,,,,,,
commit:13,8,2027-05,744.0,957106522148.061,957106522148.061,0.0,4151.436978814349,0.0,0.0,13,5520.563021185651,0.0,0.0,0.9384364685966974,386880.0,363062.30097069027,0.0,0.0,386880.0,0.0,0.0,,,,,,,,,,
commit:13,9,2027-06,720.0,930863278798.8401,930863278798.8401,0.0,4037.607255201697,0.0,0.0,13,5322.392744798302,0.0,0.0,0.9310124446222228,374400.0,348571.0592665602,0.0,0.0,374400.0,0.0,0.0,,,,,,,,,,
commit:13,10,2027-07,744.0,966701515032.5951,966701515032.5951,0.0,4193.055134526961,0.0,0.0,13,5478.944865473039,0.0,0.0,0.9236471525212612,386880.0,357340.61036742554,0.0,0.0,386880.0,0.0,0.0,,,,,,,,,,
commit:13,11,2027-08,744.0,971535022607.758,971535022607.758,0.0,4214.020410199596,0.0,0.0,13,5457.979589800404,0.0,0.0,0.9163401276626397,386880.0,354513.6685901221,0.0,0.0,386880.0,0.0,0.0,,,,,,,,,,
commit:13,12,2027-09,720.0,944896159084.6421,944896159084.6421,0.0,4098.474689274768,0.0,0.0,13,5261.525310725232,0.0,0.0,0.9090909090909091,374400.0,340363.63636363635,0.0,0.0,374400.0,0.0,0.0,,,,,,,,,,
commit:13,13,2027-10,744.0,981274661209.4006,981274661209.4006,0.0,4256.265964811846,0.0,0.0,13,5415.734035188154,0.0,0.0,0.9018990394972645,386880.0,348926.70040070167,0.0,0.0,386880.0,0.0,0.0,,,,,,,,,,
commit:13,14,2027-11,720.0,954368743079.4653,954368743079.4653,0.0,4139.561898034746,0.0,0.0,13,5220.438101965254,0.0,0.0,0.894764065190697,374400.0,334999.66600739694,0.0,0.0,374400.0,0.0,0.0,,,,,,,,,,
commit:13,15,2027-12,744.0,991111939688.0247,991111939688.0247,0.0,4298.935031109084,0.0,0.0,13,5373.064968890916,0.0,0.0,0.8876855360693732,386880.0,343427.7801945191,0.0,0.0,386880.0,0.0,0.0,,,,,,,,,,
commit:13,16,2028-01,744.0,996067499386.4646,996067499386.4646,0.0,4320.429706264628,0.0,0.0,13,5351.570293735372,0.0,0.0,0.8806630055922402,386880.0,340710.9036035259,0.0,0.0,386880.0,0.0,0.0,,,,,,,,,,
commit:13,17,2028-02,696.0,936464105471.565,936464105471.565,0.0,4061.9007673897618,0.0,0.0,13,4986.099232610239,0.0,0.0,0.873696030750857,361920.0,316208.06744935014,0.0,0.0,361920.0,0.0,0.0,,,,,,,,,,
commit:13,18,2028-03,744.0,1006053076067.8136,1006053076067.8136,0.0,4363.74201406993,0.0,0.0,13,5308.25798593007,0.0,0.0,0.8667841720414474,386880.0,335341.4604793952,0.0,0.0,386880.0,0.0,0.0,,,,,,,,,,
commit:13,19,2028-04,720.0,978467749788.5349,978467749788.5349,0.0,4244.091023361561,0.0,0.0,13,5115.908976638439,0.0,0.0,0.8599269934371745,374400.0,321956.66634287813,0.0,0.0,374400.0,0.0,0.0,,,,,,,,,,
commit:13,20,2028-05,744.0,1016138758155.3933,1016138758155.3933,0.0,4407.488527760981,0.0,0.0,13,5264.511472239019,0.0,0.0,0.8531240623606339,386880.0,330056.637246082,0.0,0.0,386880.0,0.0,0.0,,,,,,,,,,
commit:13,21,2028-06,720.0,988276888980.1646,988276888980.1646,0.0,4286.638035870759,0.0,0.0,13,5073.361964129241,0.0,0.0,0.8463749496565661,374400.0,316882.78115141834,0.0,0.0,374400.0,0.0,0.0,,,,,,,,,,
commit:13,22,2028-07,744.0,1026325549205.9009,1026325549205.9009,0.0,4451.673600251784,0.0,0.0,13,5220.326399748216,0.0,0.0,0.8396792295647828,386880.0,324855.1003340232,0.0,0.0,386880.0,0.0,0.0,,,,,,,,,,
commit:13,23,2028-08,744.0,1031457176951.9302,1031457176951.9302,0.0,4473.931968253041,0.0,0.0,13,5198.068031746959,0.0,0.0,0.8330364796933087,386880.0,322285.1532637473,0.0,0.0,386880.0,0.0,0.0,,,,,,,,,,
commit:13,24,2028-09,720.0,1003175286616.1516,1003175286616.1516,0.0,4351.259640091264,0.0,0.0,13,5008.740359908736,0.0,0.0,0.8264462809917354,374400.0,309421.4876033058,0.0,0.0,374400.0,0.0,0.0,,,,,,,,,,
commit:13,25,2028-10,744.0,1041797535150.8733,1041797535150.8733,0.0,4518.783136234778,0.0,0.0,13,5153.216863765222,0.0,0.0,0.8199082177247857,386880.0,317206.0912733651,0.0,0.0,386880.0,0.0,0.0,,,,,,,,,,
commit:13,26,2028-11,720.0,1013232118864.478,1013232118864.478,0.0,4394.881017983178,0.0,0.0,13,4965.118982016822,0.0,0.0,0.8134218774460882,374400.0,304545.15091581544,0.0,0.0,374400.0,0.0,0.0,,,,,,,,,,
commit:13,27,2028-12,744.0,1052241555440.7605,1052241555440.7605,0.0,4564.08393717553,0.0,0.0,13,5107.91606282447,0.0,0.0,0.8069868509721573,386880.0,312207.0729041082,0.0,0.0,386880.0,0.0,0.0,,,,,,,,,,
commit:13,28,2029-01,744.0,1057502763217.9641,1057502763217.9641,0.0,4586.904356861408,0.0,0.0,13,5085.095643138592,0.0,0.0,0.8006027323565819,386880.0,309737.1850941144,0.0,0.0,386880.0,0.0,0.0,,,,,,,,,,
commit:13,29,2029-02,672.0,959939605063.0164,959939605063.0164,0.0,4163.725438776774,0.0,0.0,13,4572.274561223226,0.0,0.0,0.7942691188644154,349440.0,277549.40089598135,0.0,0.0,349440.0,0.0,0.0,,,,,,,,,,
commit:13,30,2029-03,744.0,1068104228419.2241,1068104228419.2241,0.0,4632.888073038943,0.0,0.0,13,5039.111926961057,0.0,0.0,0.7879856109467703,386880.0,304855.8731630865,0.0,0.0,386880.0,0.0,0.0,,,,,,,,,,
commit:13,31,2029-04,720.0,1038817499575.4711,1038817499575.4711,0.0,4505.857271036261,0.0,0.0,13,4854.142728963739,0.0,0.0,0.7817518122156131,374400.0,292687.87849352555,0.0,0.0,374400.0,0.0,0.0,,,,,,,,,,
commit:13,32,2029-05,744.0,1078811973309.1265,1078811973309.1265,0.0,4679.332775971157,0.0,0.0,13,4992.667224028843,0.0,0.0,0.7755673294187581,386880.0,300051.4884055291,0.0,0.0,386880.0,0.0,0.0,,,,,,,,,,
commit:13,33,2029-06,720.0,1049231645008.715,1049231645008.715,0.0,4551.028490178399,0.0,0.0,13,4808.971509821601,0.0,0.0,0.76943177241506,374400.0,288075.25559219846,0.0,0.0,374400.0,0.0,0.0,,,,,,,,,,
commit:13,34,2029-07,744.0,1089627063341.5503,1089627063341.5503,0.0,4726.243087050267,0.0,0.0,13,4945.756912949733,0.0,0.0,0.7633447541498025,386880.0,295322.8184854756,0.0,0.0,386880.0,0.0,0.0,,,,,,,,,,
commit:13,35,2029-08,744.0,1095075198658.2579,1095075198658.2579,0.0,4749.874302485518,0.0,0.0,13,4922.125697514482,0.0,0.0,0.7573058906302806,386880.0,292986.50296704296,0.0,0.0,386880.0,0.0,0.0,,,,,,,,,,
commit:13,36,2029-09,720.0,1065048943211.1765,1065048943211.1765,0.0,4619.635813546398,0.0,0.0,13,4740.364186453602,0.0,0.0,0.7513148009015775,374400.0,281292.26145755063,0.0,0.0,374400.0,0.0,0.0,,,,,,,,,,
commit:14,0,time_zero,0.0,0.0,0.0,0.0,0.0,0.0,0.0,14,0.0,0.0,0.0,1.0,0.0,0.0,0.0,0.0,0.0,0.0,0.0,,,,,,,,,,
commit:14,1,2026-10,744.0,924267843072.0002,924267843072.0002,0.0,4008.9996392945927,0.0,0.0,14,6407.000360705408,0.0,0.0,0.992088943446991,416640.0,413343.9373977543,0.0,0.0,416640.0,0.0,0.0,,,,,,,,,,
commit:14,2,2026-11,720.0,898925015116.8,898925015116.8,0.0,3899.0754556365146,0.0,0.0,14,6180.924544363485,0.0,0.0,0.9842404717097668,403200.0,396845.758193378,0.0,0.0,403200.0,0.0,0.0,,,,,,,,,,
commit:14,3,2026-12,744.0,933533628198.7966,933533628198.7966,0.0,4049.18986067852,0.0,0.0,14,6366.81013932148,0.0,0.0,0.9764540896763105,416640.0,406829.831922738,0.0,0.0,416640.0,0.0,0.0,,,,,,,,,,
commit:14,4,2027-01,744.0,938201296339.7905,938201296339.7905,0.0,4069.435809981912,0.0,0.0,14,6346.564190018088,0.0,0.0,0.9687293061514642,416640.0,403611.37811494607,0.0,0.0,416640.0,0.0,0.0,,,,,,,,,,
commit:14,5,2027-02,672.0,851644660612.9583,851644660612.9583,0.0,3693.9975384803547,0.0,0.0,14,5714.002461519645,0.0,0.0,0.9610656338259428,376320.0,361668.2193213788,0.0,0.0,376320.0,0.0,0.0,,,,,,,,,,
commit:14,6,2027-03,744.0,947606764335.5967,947606764335.5967,0.0,4110.231903976979,0.0,0.0,14,6305.768096023021,0.0,0.0,0.9534625892455922,416640.0,397250.6531832836,0.0,0.0,416640.0,0.0,0.0,,,,,,,,,,
commit:14,7,2027-04,720.0,921623998216.7175,921623998216.7175,0.0,3997.5319969324496,0.0,0.0,14,6082.46800306755,0.0,0.0,0.9459196927808919,403200.0,381394.82012925565,0.0,0.0,403200.0,0.0,0.0,,,,,,,,,,
commit:14,8,2027-05,744.0,957106522148.061,957106522148.061,0.0,4151.436978814349,0.0,0.0,14,6264.563021185651,0.0,0.0,0.9384364685966974,416640.0,390990.170276128,0.0,0.0,416640.0,0.0,0.0,,,,,,,,,,
commit:14,9,2027-06,720.0,930863278798.8401,930863278798.8401,0.0,4037.607255201697,0.0,0.0,14,6042.392744798302,0.0,0.0,0.9310124446222228,403200.0,375384.2176716802,0.0,0.0,403200.0,0.0,0.0,,,,,,,,,,
commit:14,10,2027-07,744.0,966701515032.5951,966701515032.5951,0.0,4193.055134526961,0.0,0.0,14,6222.944865473039,0.0,0.0,0.9236471525212612,416640.0,384828.34962645825,0.0,0.0,416640.0,0.0,0.0,,,,,,,,,,
commit:14,11,2027-08,744.0,971535022607.758,971535022607.758,0.0,4214.020410199596,0.0,0.0,14,6201.979589800404,0.0,0.0,0.9163401276626397,416640.0,381783.9507893622,0.0,0.0,416640.0,0.0,0.0,,,,,,,,,,
commit:14,12,2027-09,720.0,944896159084.6421,944896159084.6421,0.0,4098.474689274768,0.0,0.0,14,5981.525310725232,0.0,0.0,0.9090909090909091,403200.0,366545.45454545453,0.0,0.0,403200.0,0.0,0.0,,,,,,,,,,
commit:14,13,2027-10,744.0,981274661209.4006,981274661209.4006,0.0,4256.265964811846,0.0,0.0,14,6159.734035188154,0.0,0.0,0.9018990394972645,416640.0,375767.2158161403,0.0,0.0,416640.0,0.0,0.0,,,,,,,,,,
commit:14,14,2027-11,720.0,954368743079.4653,954368743079.4653,0.0,4139.561898034746,0.0,0.0,14,5940.438101965254,0.0,0.0,0.894764065190697,403200.0,360768.871084889,0.0,0.0,403200.0,0.0,0.0,,,,,,,,,,
commit:14,15,2027-12,744.0,991111939688.0247,991111939688.0247,0.0,4298.935031109084,0.0,0.0,14,6117.064968890916,0.0,0.0,0.8876855360693732,416640.0,369845.3017479436,0.0,0.0,416640.0,0.0,0.0,,,,,,,,,,
commit:14,16,2028-01,744.0,996067499386.4646,996067499386.4646,0.0,4320.429706264628,0.0,0.0,14,6095.570293735372,0.0,0.0,0.8806630055922402,416640.0,366919.43464995094,0.0,0.0,416640.0,0.0,0.0,,,,,,,,,,
commit:14,17,2028-02,696.0,936464105471.565,936464105471.565,0.0,4061.9007673897618,0.0,0.0,14,5682.099232610239,0.0,0.0,0.873696030750857,389760.0,340531.764945454,0.0,0.0,389760.0,0.0,0.0,,,,,,,,,,
commit:14,18,2028-03,744.0,1006053076067.8136,1006053076067.8136,0.0,4363.74201406993,0.0,0.0,14,6052.25798593007,0.0,0.0,0.8667841720414474,416640.0,361136.9574393486,0.0,0.0,416640.0,0.0,0.0,,,,,,,,,,
commit:14,19,2028-04,720.0,978467749788.5349,978467749788.5349,0.0,4244.091023361561,0.0,0.0,14,5835.908976638439,0.0,0.0,0.8599269934371745,403200.0,346722.56375386874,0.0,0.0,403200.0,0.0,0.0,,,,,,,,,,
commit:14,20,2028-05,744.0,1016138758155.3933,1016138758155.3933,0.0,4407.488527760981,0.0,0.0,14,6008.511472239019,0.0,0.0,0.8531240623606339,416640.0,355445.6093419345,0.0,0.0,416640.0,0.0,0.0,,,,,,,,,,
commit:14,21,2028-06,720.0,988276888980.1646,988276888980.1646,0.0,4286.638035870759,0.0,0.0,14,5793.361964129241,0.0,0.0,0.8463749496565661,403200.0,341258.3797015275,0.0,0.0,403200.0,0.0,0.0,,,,,,,,,,
commit:14,22,2028-07,744.0,1026325549205.9009,1026325549205.9009,0.0,4451.673600251784,0.0,0.0,14,5964.326399748216,0.0,0.0,0.8396792295647828,416640.0,349843.9542058711,0.0,0.0,416640.0,0.0,0.0,,,,,,,,,,
commit:14,23,2028-08,744.0,1031457176951.9302,1031457176951.9302,0.0,4473.931968253041,0.0,0.0,14,5942.068031746959,0.0,0.0,0.8330364796933087,416640.0,347076.31889942015,0.0,0.0,416640.0,0.0,0.0,,,,,,,,,,
commit:14,24,2028-09,720.0,1003175286616.1516,1003175286616.1516,0.0,4351.259640091264,0.0,0.0,14,5728.740359908736,0.0,0.0,0.8264462809917354,403200.0,333223.14049586776,0.0,0.0,403200.0,0.0,0.0,,,,,,,,,,
commit:14,25,2028-10,744.0,1041797535150.8733,1041797535150.8733,0.0,4518.783136234778,0.0,0.0,14,5897.216863765222,0.0,0.0,0.8199082177247857,416640.0,341606.5598328547,0.0,0.0,416640.0,0.0,0.0,,,,,,,,,,
commit:14,26,2028-11,720.0,1013232118864.478,1013232118864.478,0.0,4394.881017983178,0.0,0.0,14,5685.118982016822,0.0,0.0,0.8134218774460882,403200.0,327971.70098626276,0.0,0.0,403200.0,0.0,0.0,,,,,,,,,,
commit:14,27,2028-12,744.0,1052241555440.7605,1052241555440.7605,0.0,4564.08393717553,0.0,0.0,14,5851.91606282447,0.0,0.0,0.8069868509721573,416640.0,336223.00158903963,0.0,0.0,416640.0,0.0,0.0,,,,,,,,,,
commit:14,28,2029-01,744.0,1057502763217.9641,1057502763217.9641,0.0,4586.904356861408,0.0,0.0,14,5829.095643138592,0.0,0.0,0.8006027323565819,416640.0,333563.1224090463,0.0,0.0,416640.0,0.0,0.0,,,,,,,,,,
commit:14,29,2029-02,672.0,959939605063.0164,959939605063.0164,0.0,4163.725438776774,0.0,0.0,14,5244.274561223226,0.0,0.0,0.7942691188644154,376320.0,298899.3548110568,0.0,0.0,376320.0,0.0,0.0,,,,,,,,,,
commit:14,30,2029-03,744.0,1068104228419.2241,1068104228419.2241,0.0,4632.888073038943,0.0,0.0,14,5783.111926961057,0.0,0.0,0.7879856109467703,416640.0,328306.3249448624,0.0,0.0,416640.0,0.0,0.0,,,,,,,,,,
commit:14,31,2029-04,720.0,1038817499575.4711,1038817499575.4711,0.0,4505.857271036261,0.0,0.0,14,5574.142728963739,0.0,0.0,0.7817518122156131,403200.0,315202.3306853352,0.0,0.0,403200.0,0.0,0.0,,,,,,,,,,
commit:14,32,2029-05,744.0,1078811973309.1265,1078811973309.1265,0.0,4679.332775971157,0.0,0.0,14,5736.667224028843,0.0,0.0,0.7755673294187581,416640.0,323132.37212903134,0.0,0.0,416640.0,0.0,0.0,,,,,,,,,,
commit:14,33,2029-06,720.0,1049231645008.715,1049231645008.715,0.0,4551.028490178399,0.0,0.0,14,5528.971509821601,0.0,0.0,0.76943177241506,403200.0,310234.8906377522,0.0,0.0,403200.0,0.0,0.0,,,,,,,,,,
commit:14,34,2029-07,744.0,1089627063341.5503,1089627063341.5503,0.0,4726.243087050267,0.0,0.0,14,5689.756912949733,0.0,0.0,0.7633447541498025,416640.0,318039.95836897375,0.0,0.0,416640.0,0.0,0.0,,,,,,,,,,
commit:14,35,2029-08,744.0,1095075198658.2579,1095075198658.2579,0.0,4749.874302485518,0.0,0.0,14,5666.125697514482,0.0,0.0,0.7573058906302806,416640.0,315523.92627220013,0.0,0.0,416640.0,0.0,0.0,,,,,,,,,,
commit:14,36,2029-09,720.0,1065048943211.1765,1065048943211.1765,0.0,4619.635813546398,0.0,0.0,14,5460.364186453602,0.0,0.0,0.7513148009015775,403200.0,302930.1277235161,0.0,0.0,403200.0,0.0,0.0,,,,,,,,,,
commit:15,0,time_zero,0.0,0.0,0.0,0.0,0.0,0.0,0.0,15,0.0,0.0,0.0,1.0,0.0,0.0,0.0,0.0,0.0,0.0,0.0,,,,,,,,,,
commit:15,1,2026-10,744.0,924267843072.0002,924267843072.0002,0.0,4008.9996392945927,0.0,0.0,15,7151.000360705408,0.0,0.0,0.992088943446991,446400.0,442868.50435473677,0.0,0.0,446400.0,0.0,0.0,,,,,,,,,,
commit:15,2,2026-11,720.0,898925015116.8,898925015116.8,0.0,3899.0754556365146,0.0,0.0,15,6900.924544363485,0.0,0.0,0.9842404717097668,432000.0,425191.8837786193,0.0,0.0,432000.0,0.0,0.0,,,,,,,,,,
commit:15,3,2026-12,744.0,933533628198.7966,933533628198.7966,0.0,4049.18986067852,0.0,0.0,15,7110.81013932148,0.0,0.0,0.9764540896763105,446400.0,435889.105631505,0.0,0.0,446400.0,0.0,0.0,,,,,,,,,,
commit:15,4,2027-01,744.0,938201296339.7905,938201296339.7905,0.0,4069.435809981912,0.0,0.0,15,7090.564190018088,0.0,0.0,0.9687293061514642,446400.0,432440.76226601365,0.0,0.0,446400.0,0.0,0.0,,,,,,,,,,
commit:15,5,2027-02,672.0,851644660612.9583,851644660612.9583,0.0,3693.9975384803547,0.0,0.0,15,6386.002461519645,0.0,0.0,0.9610656338259428,403200.0,387501.66355862014,0.0,0.0,403200.0,0.0,0.0,,,,,,,,,,
commit:15,6,2027-03,744.0,947606764335.5967,947606764335.5967,0.0,4110.231903976979,0.0,0.0,15,7049.768096023021,0.0,0.0,0.9534625892455922,446400.0,425625.6998392324,0.0,0.0,446400.0,0.0,0.0,,,,,,,,,,
commit:15,7,2027-04,720.0,921623998216.7175,921623998216.7175,0.0,3997.5319969324496,0.0,0.0,15,6802.46800306755,0.0,0.0,0.9459196927808919,432000.0,408637.3072813453,0.0,0.0,432000.0,0.0,0.0,,,,,,,,,,
commit:15,8,2027-05,744.0,957106522148.061,957106522148.061,0.0,4151.436978814349,0.0,0.0,15,7008.563021185651,0.0,0.0,0.9384364685966974,446400.0,418918.0395815657,0.0,0.0,446400.0,0.0,0.0,,,,,,,,,,
commit:15,9,2027-06,720.0,930863278798.8401,930863278798.8401,0.0,4037.607255201697,0.0,0.0,15,6762.392744798302,0.0,0.0,0.9310124446222228,432000.0,402197.3760768002,0.0,0.0,432000.0,0.0,0.0,,,,,,,,,,
commit:15,10,2027-07,744.0,966701515032.5951,966701515032.5951,0.0,4193.055134526961,0.0,0.0,15,6966.944865473039,0.0,0.0,0.9236471525212612,446400.0,412316.088885491,0.0,0.0,446400.0,0.0,0.0,,,,,,,,,,
commit:15,11,2027-08,744.0,971535022607.758,971535022607.758,0.0,4214.020410199596,0.0,0.0,15,6945.979589800404,0.0,0.0,0.9163401276626397,446400.0,409054.23298860237,0.0,0.0,446400.0,0.0,0.0,,,,,,,,,,
commit:15,12,2027-09,720.0,944896159084.6421,944896159084.6421,0.0,4098.474689274768,0.0,0.0,15,6701.525310725232,0.0,0.0,0.9090909090909091,432000.0,392727.2727272727,0.0,0.0,432000.0,0.0,0.0,,,,,,,,,,
commit:15,13,2027-10,744.0,981274661209.4006,981274661209.4006,0.0,4256.265964811846,0.0,0.0,15,6903.734035188154,0.0,0.0,0.9018990394972645,446400.0,402607.73123157886,0.0,0.0,446400.0,0.0,0.0,,,,,,,,,,
commit:15,14,2027-11,720.0,954368743079.4653,954368743079.4653,0.0,4139.561898034746,0.0,0.0,15,6660.438101965254,0.0,0.0,0.894764065190697,432000.0,386538.0761623811,0.0,0.0,432000.0,0.0,0.0,,,,,,,,,,
commit:15,15,2027-12,744.0,991111939688.0247,991111939688.0247,0.0,4298.935031109084,0.0,0.0,15,6861.064968890916,0.0,0.0,0.8876855360693732,446400.0,396262.82330136816,0.0,0.0,446400.0,0.0,0.0,,,,,,,,,,
commit:15,16,2028-01,744.0,996067499386.4646,996067499386.4646,0.0,4320.429706264628,0.0,0.0,15,6839.570293735372,0.0,0.0,0.8806630055922402,446400.0,393127.96569637605,0.0,0.0,446400.0,0.0,0.0,,,,,,,,,,
commit:15,17,2028-02,696.0,936464105471.565,936464105471.565,0.0,4061.9007673897618,0.0,0.0,15,6378.099232610239,0.0,0.0,0.873696030750857,417600.0,364855.4624415579,0.0,0.0,417600.0,0.0,0.0,,,,,,,,,,
commit:15,18,2028-03,744.0,1006053076067.8136,1006053076067.8136,0.0,4363.74201406993,0.0,0.0,15,6796.25798593007,0.0,0.0,0.8667841720414474,446400.0,386932.45439930214,0.0,0.0,446400.0,0.0,0.0,,,,,,,,,,
commit:15,19,2028-04,720.0,978467749788.5349,978467749788.5349,0.0,4244.091023361561,0.0,0.0,15,6555.908976638439,0.0,0.0,0.8599269934371745,432000.0,371488.46116485936,0.0,0.0,432000.0,0.0,0.0,,,,,,,,,,
commit:15,20,2028-05,744.0,1016138758155.3933,1016138758155.3933,0.0,4407.488527760981,0.0,0.0,15,6752.511472239019,0.0,0.0,0.8531240623606339,446400.0,380834.581437787,0.0,0.0,446400.0,0.0,0.0,,,,,,,,,,
commit:15,21,2028-06,720.0,988276888980.1646,988276888980.1646,0.0,4286.638035870759,0.0,0.0,15,6513.361964129241,0.0,0.0,0.8463749496565661,432000.0,365633.97825163655,0.0,0.0,432000.0,0.0,0.0,,,,,,,,,,
commit:15,22,2028-07,744.0,1026325549205.9009,1026325549205.9009,0.0,4451.673600251784,0.0,0.0,15,6708.326399748216,0.0,0.0,0.8396792295647828,446400.0,374832.80807771906,0.0,0.0,446400.0,0.0,0.0,,,,,,,,,,
commit:15,23,2028-08,744.0,1031457176951.9302,1031457176951.9302,0.0,4473.931968253041,0.0,0.0,15,6686.068031746959,0.0,0.0,0.8330364796933087,446400.0,371867.484535093,0.0,0.0,446400.0,0.0,0.0,,,,,,,,,,
commit:15,24,2028-09,720.0,1003175286616.1516,1003175286616.1516,0.0,4351.259640091264,0.0,0.0,15,6448.740359908736,0.0,0.0,0.8264462809917354,432000.0,357024.79338842974,0.0,0.0,432000.0,0.0,0.0,,,,,,,,,,
commit:15,25,2028-10,744.0,1041797535150.8733,1041797535150.8733,0.0,4518.783136234778,0.0,0.0,15,6641.216863765222,0.0,0.0,0.8199082177247857,446400.0,366007.02839234436,0.0,0.0,446400.0,0.0,0.0,,,,,,,,,,
commit:15,26,2028-11,720.0,1013232118864.478,1013232118864.478,0.0,4394.881017983178,0.0,0.0,15,6405.118982016822,0.0,0.0,0.8134218774460882,432000.0,351398.2510567101,0.0,0.0,432000.0,0.0,0.0,,,,,,,,,,
commit:15,27,2028-12,744.0,1052241555440.7605,1052241555440.7605,0.0,4564.08393717553,0.0,0.0,15,6595.91606282447,0.0,0.0,0.8069868509721573,446400.0,360238.930273971,0.0,0.0,446400.0,0.0,0.0,,,,,,,,,,
commit:15,28,2029-01,744.0,1057502763217.9641,1057502763217.9641,0.0,4586.904356861408,0.0,0.0,15,6573.095643138592,0.0,0.0,0.8006027323565819,446400.0,357389.05972397816,0.0,0.0,446400.0,0.0,0.0,,,,,,,,,,
commit:15,29,2029-02,672.0,959939605063.0164,959939605063.0164,0.0,4163.725438776774,0.0,0.0,15,5916.274561223226,0.0,0.0,0.7942691188644154,403200.0,320249.3087261323,0.0,0.0,403200.0,0.0,0.0,,,,,,,,,,
commit:15,30,2029-03,744.0,1068104228419.2241,1068104228419.2241,0.0,4632.888073038943,0.0,0.0,15,6527.111926961057,0.0,0.0,0.7879856109467703,446400.0,351756.77672663826,0.0,0.0,446400.0,0.0,0.0,,,,,,,,,,
commit:15,31,2029-04,720.0,1038817499575.4711,1038817499575.4711,0.0,4505.857271036261,0.0,0.0,15,6294.142728963739,0.0,0.0,0.7817518122156131,432000.0,337716.78287714487,0.0,0.0,432000.0,0.0,0.0,,,,,,,,,,
commit:15,32,2029-05,744.0,1078811973309.1265,1078811973309.1265,0.0,4679.332775971157,0.0,0.0,15,6480.667224028843,0.0,0.0,0.7755673294187581,446400.0,346213.2558525336,0.0,0.0,446400.0,0.0,0.0,,,,,,,,,,
commit:15,33,2029-06,720.0,1049231645008.715,1049231645008.715,0.0,4551.028490178399,0.0,0.0,15,6248.971509821601,0.0,0.0,0.76943177241506,432000.0,332394.5256833059,0.0,0.0,432000.0,0.0,0.0,,,,,,,,,,
commit:15,34,2029-07,744.0,1089627063341.5503,1089627063341.5503,0.0,4726.243087050267,0.0,0.0,15,6433.756912949733,0.0,0.0,0.7633447541498025,446400.0,340757.0982524718,0.0,0.0,446400.0,0.0,0.0,,,,,,,,,,
commit:15,35,2029-08,744.0,1095075198658.2579,1095075198658.2579,0.0,4749.874302485518,0.0,0.0,15,6410.125697514482,0.0,0.0,0.7573058906302806,446400.0,338061.3495773573,0.0,0.0,446400.0,0.0,0.0,,,,,,,,,,
commit:15,36,2029-09,720.0,1065048943211.1765,1065048943211.1765,0.0,4619.635813546398,0.0,0.0,15,6180.364186453602,0.0,0.0,0.7513148009015775,432000.0,324567.9939894815,0.0,0.0,432000.0,0.0,0.0,,,,,,,,,,
commit:16,0,time_zero,0.0,0.0,0.0,0.0,0.0,0.0,0.0,16,0.0,0.0,0.0,1.0,0.0,0.0,0.0,0.0,0.0,0.0,0.0,,,,,,,,,,
commit:16,1,2026-10,744.0,924267843072.0002,924267843072.0002,0.0,4008.9996392945927,0.0,0.0,16,7895.000360705408,0.0,0.0,0.992088943446991,476160.0,472393.0713117192,0.0,0.0,476160.0,0.0,0.0,,,,,,,,,,
commit:16,2,2026-11,720.0,898925015116.8,898925015116.8,0.0,3899.0754556365146,0.0,0.0,16,7620.924544363485,0.0,0.0,0.9842404717097668,460800.0,453538.00936386053,0.0,0.0,460800.0,0.0,0.0,,,,,,,,,,
commit:16,3,2026-12,744.0,933533628198.7966,933533628198.7966,0.0,4049.18986067852,0.0,0.0,16,7854.81013932148,0.0,0.0,0.9764540896763105,476160.0,464948.37934027205,0.0,0.0,476160.0,0.0,0.0,,,,,,,,,,
commit:16,4,2027-01,744.0,938201296339.7905,938201296339.7905,0.0,4069.435809981912,0.0,0.0,16,7834.564190018088,0.0,0.0,0.9687293061514642,476160.0,461270.14641708124,0.0,0.0,476160.0,0.0,0.0,,,,,,,,,,
commit:16,5,2027-02,672.0,851644660612.9583,851644660612.9583,0.0,3693.9975384803547,0.0,0.0,16,7058.002461519645,0.0,0.0,0.9610656338259428,430080.0,413335.1077958615,0.0,0.0,430080.0,0.0,0.0,,,,,,,,,,
commit:16,6,2027-03,744.0,947606764335.5967,947606764335.5967,0.0,4110.231903976979,0.0,0.0,16,7793.768096023021,0.0,0.0,0.9534625892455922,476160.0,454000.7464951812,0.0,0.0,476160.0,0.0,0.0,,,,,,,,,,
commit:16,7,2027-04,720.0,921623998216.7175,921623998216.7175,0.0,3997.5319969324496,0.0,0.0,16,7522.46800306755,0.0,0.0,0.9459196927808919,460800.0,435879.794433435,0.0,0.0,460800.0,0.0,0.0,,,,,,,,,,
commit:16,8,2027-05,744.0,957106522148.061,957106522148.061,0.0,4151.436978814349,0.0,0.0,16,7752.563021185651,0.0,0.0,0.9384364685966974,476160.0,446845.90888700343,0.0,0.0,476160.0,0.0,0.0,,,,,,,,,,
commit:16,9,2027-06,720.0,930863278798.8401,930863278798.8401,0.0,4037.607255201697,0.0,0.0,16,7482.392744798302,0.0,0.0,0.9310124446222228,460800.0,429010.53448192024,0.0,0.0,460800.0,0.0,0.0,,,,,,,,,,
commit:16,10,2027-07,744.0,966701515032.5951,966701515032.5951,0.0,4193.055134526961,0.0,0.0,16,7710.944865473039,0.0,0.0,0.9236471525212612,476160.0,439803.8281445237,0.0,0.0,476160.0,0.0,0.0,,,,,,,,,,
commit:16,11,2027-08,744.0,971535022607.758,971535022607.758,0.0,4214.020410199596,0.0,0.0,16,7689.979589800404,0.0,0.0,0.9163401276626397,476160.0,436324.51518784254,0.0,0.0,476160.0,0.0,0.0,,,,,,,,,,
commit:16,12,2027-09,720.0,944896159084.6421,944896159084.6421,0.0,4098.474689274768,0.0,0.0,16,7421.525310725232,0.0,0.0,0.9090909090909091,460800.0,418909.0909090909,0.0,0.0,460800.0,0.0,0.0,,,,,,,,,,
commit:16,13,2027-10,744.0,981274661209.4006,981274661209.4006,0.0,4256.265964811846,0.0,0.0,16,7647.734035188154,0.0,0.0,0.9018990394972645,476160.0,429448.2466470174,0.0,0.0,476160.0,0.0,0.0,,,,,,,,,,
commit:16,14,2027-11,720.0,954368743079.4653,954368743079.4653,0.0,4139.561898034746,0.0,0.0,16,7380.438101965254,0.0,0.0,0.894764065190697,460800.0,412307.28123987315,0.0,0.0,460800.0,0.0,0.0,,,,,,,,,,
commit:16,15,2027-12,744.0,991111939688.0247,991111939688.0247,0.0,4298.935031109084,0.0,0.0,16,7605.064968890916,0.0,0.0,0.8876855360693732,476160.0,422680.34485479275,0.0,0.0,476160.0,0.0,0.0,,,,,,,,,,
commit:16,16,2028-01,744.0,996067499386.4646,996067499386.4646,0.0,4320.429706264628,0.0,0.0,16,7583.570293735372,0.0,0.0,0.8806630055922402,476160.0,419336.4967428011,0.0,0.0,476160.0,0.0,0.0,,,,,,,,,,
commit:16,17,2028-02,696.0,936464105471.565,936464105471.565,0.0,4061.9007673897618,0.0,0.0,16,7074.099232610239,0.0,0.0,0.873696030750857,445440.0,389179.1599376617,0.0,0.0,445440.0,0.0,0.0,,,,,,,,,,
commit:16,18,2028-03,744.0,1006053076067.8136,1006053076067.8136,0.0,4363.74201406993,0.0,0.0,16,7540.25798593007,0.0,0.0,0.8667841720414474,476160.0,412727.9513592556,0.0,0.0,476160.0,0.0,0.0,,,,,,,,,,
commit:16,19,2028-04,720.0,978467749788.5349,978467749788.5349,0.0,4244.091023361561,0.0,0.0,16,7275.908976638439,0.0,0.0,0.8599269934371745,460800.0,396254.35857585,0.0,0.0,460800.0,0.0,0.0,,,,,,,,,,
commit:16,20,2028-05,744.0,1016138758155.3933,1016138758155.3933,0.0,4407.488527760981,0.0,0.0,16,7496.511472239019,0.0,0.0,0.8531240623606339,476160.0,406223.5535336394,0.0,0.0,476160.0,0.0,0.0,,,,,,,,,,
commit:16,21,2028-06,720.0,988276888980.1646,988276888980.1646,0.0,4286.638035870759,0.0,0.0,16,7233.361964129241,0.0,0.0,0.8463749496565661,460800.0,390009.5768017457,0.0,0.0,460800.0,0.0,0.0,,,,,,,,,,
commit:16,22,2028-07,744.0,1026325549205.9009,1026325549205.9009,0.0,4451.673600251784,0.0,0.0,16,7452.326399748216,0.0,0.0,0.8396792295647828,476160.0,399821.661949567,0.0,0.0,476160.0,0.0,0.0,,,,,,,,,,
commit:16,23,2028-08,744.0,1031457176951.9302,1031457176951.9302,0.0,4473.931968253041,0.0,0.0,16,7430.068031746959,0.0,0.0,0.8330364796933087,476160.0,396658.6501707659,0.0,0.0,476160.0,0.0,0.0,,,,,,,,,,
commit:16,24,2028-09,720.0,1003175286616.1516,1003175286616.1516,0.0,4351.259640091264,0.0,0.0,16,7168.740359908736,0.0,0.0,0.8264462809917354,460800.0,380826.4462809917,0.0,0.0,460800.0,0.0,0.0,,,,,,,,,,
commit:16,25,2028-10,744.0,1041797535150.8733,1041797535150.8733,0.0,4518.783136234778,0.0,0.0,16,7385.216863765222,0.0,0.0,0.8199082177247857,476160.0,390407.49695183395,0.0,0.0,476160.0,0.0,0.0,,,,,,,,,,
commit:16,26,2028-11,720.0,1013232118864.478,1013232118864.478,0.0,4394.881017983178,0.0,0.0,16,7125.118982016822,0.0,0.0,0.8134218774460882,460800.0,374824.8011271574,0.0,0.0,460800.0,0.0,0.0,,,,,,,,,,
commit:16,27,2028-12,744.0,1052241555440.7605,1052241555440.7605,0.0,4564.08393717553,0.0,0.0,16,7339.91606282447,0.0,0.0,0.8069868509721573,476160.0,384254.8589589024,0.0,0.0,476160.0,0.0,0.0,,,,,,,,,,
commit:16,28,2029-01,744.0,1057502763217.9641,1057502763217.9641,0.0,4586.904356861408,0.0,0.0,16,7317.095643138592,0.0,0.0,0.8006027323565819,476160.0,381214.99703891,0.0,0.0,476160.0,0.0,0.0,,,,,,,,,,
commit:16,29,2029-02,672.0,959939605063.0164,959939605063.0164,0.0,4163.725438776774,0.0,0.0,16,6588.274561223226,0.0,0.0,0.7942691188644154,430080.0,341599.2626412078,0.0,0.0,430080.0,0.0,0.0,,,,,,,,,,
commit:16,30,2029-03,744.0,1068104228419.2241,1068104228419.2241,0.0,4632.888073038943,0.0,0.0,16,7271.111926961057,0.0,0.0,0.7879856109467703,476160.0,375207.2285084142,0.0,0.0,476160.0,0.0,0.0,,,,,,,,,,
commit:16,31,2029-04,720.0,1038817499575.4711,1038817499575.4711,0.0,4505.857271036261,0.0,0.0,16,7014.142728963739,0.0,0.0,0.7817518122156131,460800.0,360231.2350689545,0.0,0.0,460800.0,0.0,0.0,,,,,,,,,,
commit:16,32,2029-05,744.0,1078811973309.1265,1078811973309.1265,0.0,4679.332775971157,0.0,0.0,16,7224.667224028843,0.0,0.0,0.7755673294187581,476160.0,369294.13957603584,0.0,0.0,476160.0,0.0,0.0,,,,,,,,,,
commit:16,33,2029-06,720.0,1049231645008.715,1049231645008.715,0.0,4551.028490178399,0.0,0.0,16,6968.971509821601,0.0,0.0,0.76943177241506,460800.0,354554.16072885966,0.0,0.0,460800.0,0.0,0.0,,,,,,,,,,
commit:16,34,2029-07,744.0,1089627063341.5503,1089627063341.5503,0.0,4726.243087050267,0.0,0.0,16,7177.756912949733,0.0,0.0,0.7633447541498025,476160.0,363474.23813596996,0.0,0.0,476160.0,0.0,0.0,,,,,,,,,,
commit:16,35,2029-08,744.0,1095075198658.2579,1095075198658.2579,0.0,4749.874302485518,0.0,0.0,16,7154.125697514482,0.0,0.0,0.7573058906302806,476160.0,360598.77288251446,0.0,0.0,476160.0,0.0,0.0,,,,,,,,,,
commit:16,36,2029-09,720.0,1065048943211.1765,1065048943211.1765,0.0,4619.635813546398,0.0,0.0,16,6900.364186453602,0.0,0.0,0.7513148009015775,460800.0,346205.8602554469,0.0,0.0,460800.0,0.0,0.0,,,,,,,,,,
commit:17,0,time_zero,0.0,0.0,0.0,0.0,0.0,0.0,0.0,17,0.0,0.0,0.0,1.0,0.0,0.0,0.0,0.0,0.0,0.0,0.0,,,,,,,,,,
commit:17,1,2026-10,744.0,924267843072.0002,924267843072.0002,0.0,4008.9996392945927,0.0,0.0,17,8639.000360705408,0.0,0.0,0.992088943446991,505920.0,501917.6382687017,0.0,0.0,505920.0,0.0,0.0,,,,,,,,,,
commit:17,2,2026-11,720.0,898925015116.8,898925015116.8,0.0,3899.0754556365146,0.0,0.0,17,8340.924544363486,0.0,0.0,0.9842404717097668,489600.0,481884.13494910183,0.0,0.0,489600.0,0.0,0.0,,,,,,,,,,
commit:17,3,2026-12,744.0,933533628198.7966,933533628198.7966,0.0,4049.18986067852,0.0,0.0,17,8598.81013932148,0.0,0.0,0.9764540896763105,505920.0,494007.653049039,0.0,0.0,505920.0,0.0,0.0,,,,,,,,,,
commit:17,4,2027-01,744.0,938201296339.7905,938201296339.7905,0.0,4069.435809981912,0.0,0.0,17,8578.564190018089,0.0,0.0,0.9687293061514642,505920.0,490099.53056814877,0.0,0.0,505920.0,0.0,0.0,,,,,,,,,,
commit:17,5,2027-02,672.0,851644660612.9583,851644660612.9583,0.0,3693.9975384803547,0.0,0.0,17,7730.002461519645,0.0,0.0,0.9610656338259428,456960.0,439168.55203310284,0.0,0.0,456960.0,0.0,0.0,,,,,,,,,,
commit:17,6,2027-03,744.0,947606764335.5967,947606764335.5967,0.0,4110.231903976979,0.0,0.0,17,8537.768096023021,0.0,0.0,0.9534625892455922,505920.0,482375.79315113,0.0,0.0,505920.0,0.0,0.0,,,,,,,,,,
commit:17,7,2027-04,720.0,921623998216.7175,921623998216.7175,0.0,3997.5319969324496,0.0,0.0,17,8242.46800306755,0.0,0.0,0.9459196927808919,489600.0,463122.2815855247,0.0,0.0,489600.0,0.0,0.0,,,,,,,,,,
commit:17,8,2027-05,744.0,957106522148.061,957106522148.061,0.0,4151.436978814349,0.0,0.0,17,8496.563021185651,0.0,0.0,0.9384364685966974,505920.0,474773.77819244115,0.0,0.0,505920.0,0.0,0.0,,,,,,,,,,
commit:17,9,2027-06,720.0,930863278798.8401,930863278798.8401,0.0,4037.607255201697,0.0,0.0,17,8202.392744798302,0.0,0.0,0.9310124446222228,489600.0,455823.69288704026,0.0,0.0,489600.0,0.0,0.0,,,,,,,,,,
commit:17,10,2027-07,744.0,966701515032.5951,966701515032.5951,0.0,4193.055134526961,0.0,0.0,17,8454.944865473039,0.0,0.0,0.9236471525212612,505920.0,467291.56740355643,0.0,0.0,505920.0,0.0,0.0,,,,,,,,,,
commit:17,11,2027-08,744.0,971535022607.758,971535022607.758,0.0,4214.020410199596,0.0,0.0,17,8433.979589800405,0.0,0.0,0.9163401276626397,505920.0,463594.7973870827,0.0,0.0,505920.0,0.0,0.0,,,,,,,,,,
commit:17,12,2027-09,720.0,944896159084.6421,944896159084.6421,0.0,4098.474689274768,0.0,0.0,17,8141.525310725232,0.0,0.0,0.9090909090909091,489600.0,445090.90909090906,0.0,0.0,489600.0,0.0,0.0,,,,,,,,,,
commit:17,13,2027-10,744.0,981274661209.4006,981274661209.4006,0.0,4256.265964811846,0.0,0.0,17,8391.734035188154,0.0,0.0,0.9018990394972645,505920.0,456288.76206245605,0.0,0.0,505920.0,0.0,0.0,,,,,,,,,,
commit:17,14,2027-11,720.0,954368743079.4653,954368743079.4653,0.0,4139.561898034746,0.0,0.0,17,8100.438101965254,0.0,0.0,0.894764065190697,489600.0,438076.48631736526,0.0,0.0,489600.0,0.0,0.0,,,,,,,,,,
commit:17,15,2027-12,744.0,991111939688.0247,991111939688.0247,0.0,4298.935031109084,0.0,0.0,17,8349.064968890916,0.0,0.0,0.8876855360693732,505920.0,449097.8664082173,0.0,0.0,505920.0,0.0,0.0,,,,,,,,,,
commit:17,16,2028-01,744.0,996067499386.4646,996067499386.4646,0.0,4320.429706264628,0.0,0.0,17,8327.57029373537,0.0,0.0,0.8806630055922402,505920.0,445545.02778922615,0.0,0.0,505920.0,0.0,0.0,,,,,,,,,,
commit:17,17,2028-02,696.0,936464105471.565,936464105471.565,0.0,4061.9007673897618,0.0,0.0,17,7770.099232610239,0.0,0.0,0.873696030750857,473280.0,413502.8574337656,0.0,0.0,473280.0,0.0,0.0,,,,,,,,,,
commit:17,18,2028-03,744.0,1006053076067.8136,1006053076067.8136,0.0,4363.74201406993,0.0,0.0,17,8284.257985930071,0.0,0.0,0.8667841720414474,505920.0,438523.4483192091,0.0,0.0,505920.0,0.0,0.0,,,,,,,,,,
commit:17,19,2028-04,720.0,978467749788.5349,978467749788.5349,0.0,4244.091023361561,0.0,0.0,17,7995.908976638439,0.0,0.0,0.8599269934371745,489600.0,421020.25598684064,0.0,0.0,489600.0,0.0,0.0,,,,,,,,,,
commit:17,20,2028-05,744.0,1016138758155.3933,1016138758155.3933,0.0,4407.488527760981,0.0,0.0,17,8240.511472239019,0.0,0.0,0.8531240623606339,505920.0,431612.5256294919,0.0,0.0,505920.0,0.0,0.0,,,,,,,,,,
commit:17,21,2028-06,720.0,988276888980.1646,988276888980.1646,0.0,4286.638035870759,0.0,0.0,17,7953.361964129241,0.0,0.0,0.8463749496565661,489600.0,414385.17535185476,0.0,0.0,489600.0,0.0,0.0,,,,,,,,,,
commit:17,22,2028-07,744.0,1026325549205.9009,1026325549205.9009,0.0,4451.673600251784,0.0,0.0,17,8196.326399748217,0.0,0.0,0.8396792295647828,505920.0,424810.51582141494,0.0,0.0,505920.0,0.0,0.0,,,,,,,,,,
commit:17,23,2028-08,744.0,1031457176951.9302,1031457176951.9302,0.0,4473.931968253041,0.0,0.0,17,8174.068031746959,0.0,0.0,0.8330364796933087,505920.0,421449.81580643874,0.0,0.0,505920.0,0.0,0.0,,,,,,,,,,
commit:17,24,2028-09,720.0,1003175286616.1516,1003175286616.1516,0.0,4351.259640091264,0.0,0.0,17,7888.740359908736,0.0,0.0,0.8264462809917354,489600.0,404628.0991735537,0.0,0.0,489600.0,0.0,0.0,,,,,,,,,,
commit:17,25,2028-10,744.0,1041797535150.8733,1041797535150.8733,0.0,4518.783136234778,0.0,0.0,17,8129.216863765222,0.0,0.0,0.8199082177247857,505920.0,414807.9655113236,0.0,0.0,505920.0,0.0,0.0,,,,,,,,,,
commit:17,26,2028-11,720.0,1013232118864.478,1013232118864.478,0.0,4394.881017983178,0.0,0.0,17,7845.118982016822,0.0,0.0,0.8134218774460882,489600.0,398251.3511976048,0.0,0.0,489600.0,0.0,0.0,,,,,,,,,,
commit:17,27,2028-12,744.0,1052241555440.7605,1052241555440.7605,0.0,4564.08393717553,0.0,0.0,17,8083.91606282447,0.0,0.0,0.8069868509721573,505920.0,408270.7876438338,0.0,0.0,505920.0,0.0,0.0,,,,,,,,,,
commit:17,28,2029-01,744.0,1057502763217.9641,1057502763217.9641,0.0,4586.904356861408,0.0,0.0,17,8061.095643138592,0.0,0.0,0.8006027323565819,505920.0,405040.9343538419,0.0,0.0,505920.0,0.0,0.0,,,,,,,,,,
commit:17,29,2029-02,672.0,959939605063.0164,959939605063.0164,0.0,4163.725438776774,0.0,0.0,17,7260.274561223226,0.0,0.0,0.7942691188644154,456960.0,362949.2165562833,0.0,0.0,456960.0,0.0,0.0,,,,,,,,,,
commit:17,30,2029-03,744.0,1068104228419.2241,1068104228419.2241,0.0,4632.888073038943,0.0,0.0,17,8015.111926961057,0.0,0.0,0.7879856109467703,505920.0,398657.68029019004,0.0,0.0,505920.0,0.0,0.0,,,,,,,,,,
commit:17,31,2029-04,720.0,1038817499575.4711,1038817499575.4711,0.0,4505.857271036261,0.0,0.0,17,7734.142728963739,0.0,0.0,0.7817518122156131,489600.0,382745.6872607642,0.0,0.0,489600.0,0.0,0.0,,,,,,,,,,
commit:17,32,2029-05,744.0,1078811973309.1265,1078811973309.1265,0.0,4679.332775971157,0.0,0.0,17,7968.667224028843,0.0,0.0,0.7755673294187581,505920.0,392375.02329953806,0.0,0.0,505920.0,0.0,0.0,,,,,,,,,,
commit:17,33,2029-06,720.0,1049231645008.715,1049231645008.715,0.0,4551.028490178399,0.0,0.0,17,7688.971509821601,0.0,0.0,0.76943177241506,489600.0,376713.7957744134,0.0,0.0,489600.0,0.0,0.0,,,,,,,,,,
commit:17,34,2029-07,744.0,1089627063341.5503,1089627063341.5503,0.0,4726.243087050267,0.0,0.0,17,7921.756912949733,0.0,0.0,0.7633447541498025,505920.0,386191.3780194681,0.0,0.0,505920.0,0.0,0.0,,,,,,,,,,
commit:17,35,2029-08,744.0,1095075198658.2579,1095075198658.2579,0.0,4749.874302485518,0.0,0.0,17,7898.125697514482,0.0,0.0,0.7573058906302806,505920.0,383136.19618767156,0.0,0.0,505920.0,0.0,0.0,,,,,,,,,,
commit:17,36,2029-09,720.0,1065048943211.1765,1065048943211.1765,0.0,4619.635813546398,0.0,0.0,17,7620.364186453602,0.0,0.0,0.7513148009015775,489600.0,367843.7265214124,0.0,0.0,489600.0,0.0,0.0,,,,,,,,,,
commit:18,0,time_zero,0.0,0.0,0.0,0.0,0.0,0.0,0.0,18,0.0,0.0,0.0,1.0,0.0,0.0,0.0,0.0,0.0,0.0,0.0,,,,,,,,,,
commit:18,1,2026-10,744.0,924267843072.0002,924267843072.0002,0.0,4008.9996392945927,0.0,0.0,18,9383.000360705408,0.0,0.0,0.992088943446991,535680.0,531442.2052256841,0.0,0.0,535680.0,0.0,0.0,,,,,,,,,,
commit:18,2,2026-11,720.0,898925015116.8,898925015116.8,0.0,3899.0754556365146,0.0,0.0,18,9060.924544363486,0.0,0.0,0.9842404717097668,518400.0,510230.26053434314,0.0,0.0,518400.0,0.0,0.0,,,,,,,,,,
commit:18,3,2026-12,744.0,933533628198.7966,933533628198.7966,0.0,4049.18986067852,0.0,0.0,18,9342.81013932148,0.0,0.0,0.9764540896763105,535680.0,523066.92675780604,0.0,0.0,535680.0,0.0,0.0,,,,,,,,,,
commit:18,4,2027-01,744.0,938201296339.7905,938201296339.7905,0.0,4069.435809981912,0.0,0.0,18,9322.564190018089,0.0,0.0,0.9687293061514642,535680.0,518928.91471921635,0.0,0.0,535680.0,0.0,0.0,,,,,,,,,,
commit:18,5,2027-02,672.0,851644660612.9583,851644660612.9583,0.0,3693.9975384803547,0.0,0.0,18,8402.002461519645,0.0,0.0,0.9610656338259428,483840.0,465001.9962703442,0.0,0.0,483840.0,0.0,0.0,,,,,,,,,,
commit:18,6,2027-03,744.0,947606764335.5967,947606764335.5967,0.0,4110.231903976979,0.0,0.0,18,9281.768096023021,0.0,0.0,0.9534625892455922,535680.0,510750.8398070788,0.0,0.0,535680.0,0.0,0.0,,,,,,,,,,
commit:18,7,2027-04,720.0,921623998216.7175,921623998216.7175,0.0,3997.5319969324496,0.0,0.0,18,8962.46800306755,0.0,0.0,0.9459196927808919,518400.0,490364.7687376144,0.0,0.0,518400.0,0.0,0.0,,,,,,,,,,
commit:18,8,2027-05,744.0,957106522148.061,957106522148.061,0.0,4151.436978814349,0.0,0.0,18,9240.563021185651,0.0,0.0,0.9384364685966974,535680.0,502701.6474978789,0.0,0.0,535680.0,0.0,0.0,,,,,,,,,,
commit:18,9,2027-06,720.0,930863278798.8401,930863278798.8401,0.0,4037.607255201697,0.0,0.0,18,8922.392744798302,0.0,0.0,0.9310124446222228,518400.0,482636.8512921603,0.0,0.0,518400.0,0.0,0.0,,,,,,,,,,
commit:18,10,2027-07,744.0,966701515032.5951,966701515032.5951,0.0,4193.055134526961,0.0,0.0,18,9198.944865473039,0.0,0.0,0.9236471525212612,535680.0,494779.3066625892,0.0,0.0,535680.0,0.0,0.0,,,,,,,,,,
commit:18,11,2027-08,744.0,971535022607.758,971535022607.758,0.0,4214.020410199596,0.0,0.0,18,9177.979589800405,0.0,0.0,0.9163401276626397,535680.0,490865.0795863228,0.0,0.0,535680.0,0.0,0.0,,,,,,,,,,
commit:18,12,2027-09,720.0,944896159084.6421,944896159084.6421,0.0,4098.474689274768,0.0,0.0,18,8861.525310725232,0.0,0.0,0.9090909090909091,518400.0,471272.72727272724,0.0,0.0,518400.0,0.0,0.0,,,,,,,,,,
commit:18,13,2027-10,744.0,981274661209.4006,981274661209.4006,0.0,4256.265964811846,0.0,0.0,18,9135.734035188154,0.0,0.0,0.9018990394972645,535680.0,483129.2774778946,0.0,0.0,535680.0,0.0,0.0,,,,,,,,,,
commit:18,14,2027-11,720.0,954368743079.4653,954368743079.4653,0.0,4139.561898034746,0.0,0.0,18,8820.438101965254,0.0,0.0,0.894764065190697,518400.0,463845.6913948573,0.0,0.0,518400.0,0.0,0.0,,,,,,,,,,
commit:18,15,2027-12,744.0,991111939688.0247,991111939688.0247,0.0,4298.935031109084,0.0,0.0,18,9093.064968890916,0.0,0.0,0.8876855360693732,535680.0,475515.3879616418,0.0,0.0,535680.0,0.0,0.0,,,,,,,,,,
commit:18,16,2028-01,744.0,996067499386.4646,996067499386.4646,0.0,4320.429706264628,0.0,0.0,18,9071.57029373537,0.0,0.0,0.8806630055922402,535680.0,471753.5588356512,0.0,0.0,535680.0,0.0,0.0,,,,,,,,,,
commit:18,17,2028-02,696.0,936464105471.565,936464105471.565,0.0,4061.9007673897618,0.0,0.0,18,8466.099232610239,0.0,0.0,0.873696030750857,501120.0,437826.5549298695,0.0,0.0,501120.0,0.0,0.0,,,,,,,,,,
commit:18,18,2028-03,744.0,1006053076067.8136,1006053076067.8136,0.0,4363.74201406993,0.0,0.0,18,9028.257985930071,0.0,0.0,0.8667841720414474,535680.0,464318.94527916255,0.0,0.0,535680.0,0.0,0.0,,,,,,,,,,
commit:18,19,2028-04,720.0,978467749788.5349,978467749788.5349,0.0,4244.091023361561,0.0,0.0,18,8715.908976638439,0.0,0.0,0.8599269934371745,518400.0,445786.15339783125,0.0,0.0,518400.0,0.0,0.0,,,,,,,,,,
commit:18,20,2028-05,744.0,1016138758155.3933,1016138758155.3933,0.0,4407.488527760981,0.0,0.0,18,8984.511472239019,0.0,0.0,0.8531240623606339,535680.0,457001.4977253444,0.0,0.0,535680.0,0.0,0.0,,,,,,,,,,
commit:18,21,2028-06,720.0,988276888980.1646,988276888980.1646,0.0,4286.638035870759,0.0,0.0,18,8673.36196412924,0.0,0.0,0.8463749496565661,518400.0,438760.7739019639,0.0,0.0,518400.0,0.0,0.0,,,,,,,,,,
commit:18,22,2028-07,744.0,1026325549205.9009,1026325549205.9009,0.0,4451.673600251784,0.0,0.0,18,8940.326399748217,0.0,0.0,0.8396792295647828,535680.0,449799.36969326285,0.0,0.0,535680.0,0.0,0.0,,,,,,,,,,
commit:18,23,2028-08,744.0,1031457176951.9302,1031457176951.9302,0.0,4473.931968253041,0.0,0.0,18,8918.06803174696,0.0,0.0,0.8330364796933087,535680.0,446240.9814421116,0.0,0.0,535680.0,0.0,0.0,,,,,,,,,,
commit:18,24,2028-09,720.0,1003175286616.1516,1003175286616.1516,0.0,4351.259640091264,0.0,0.0,18,8608.740359908736,0.0,0.0,0.8264462809917354,518400.0,428429.7520661157,0.0,0.0,518400.0,0.0,0.0,,,,,,,,,,
commit:18,25,2028-10,744.0,1041797535150.8733,1041797535150.8733,0.0,4518.783136234778,0.0,0.0,18,8873.216863765221,0.0,0.0,0.8199082177247857,535680.0,439208.43407081324,0.0,0.0,535680.0,0.0,0.0,,,,,,,,,,
commit:18,26,2028-11,720.0,1013232118864.478,1013232118864.478,0.0,4394.881017983178,0.0,0.0,18,8565.118982016822,0.0,0.0,0.8134218774460882,518400.0,421677.9012680521,0.0,0.0,518400.0,0.0,0.0,,,,,,,,,,
commit:18,27,2028-12,744.0,1052241555440.7605,1052241555440.7605,0.0,4564.08393717553,0.0,0.0,18,8827.91606282447,0.0,0.0,0.8069868509721573,535680.0,432286.7163287652,0.0,0.0,535680.0,0.0,0.0,,,,,,,,,,
commit:18,28,2029-01,744.0,1057502763217.9641,1057502763217.9641,0.0,4586.904356861408,0.0,0.0,18,8805.095643138593,0.0,0.0,0.8006027323565819,535680.0,428866.87166877376,0.0,0.0,535680.0,0.0,0.0,,,,,,,,,,
commit:18,29,2029-02,672.0,959939605063.0164,959939605063.0164,0.0,4163.725438776774,0.0,0.0,18,7932.274561223226,0.0,0.0,0.7942691188644154,483840.0,384299.17047135875,0.0,0.0,483840.0,0.0,0.0,,,,,,,,,,
commit:18,30,2029-03,744.0,1068104228419.2241,1068104228419.2241,0.0,4632.888073038943,0.0,0.0,18,8759.111926961057,0.0,0.0,0.7879856109467703,535680.0,422108.13207196596,0.0,0.0,535680.0,0.0,0.0,,,,,,,,,,
commit:18,31,2029-04,720.0,1038817499575.4711,1038817499575.4711,0.0,4505.857271036261,0.0,0.0,18,8454.14272896374,0.0,0.0,0.7817518122156131,518400.0,405260.13945257384,0.0,0.0,518400.0,0.0,0.0,,,,,,,,,,
commit:18,32,2029-05,744.0,1078811973309.1265,1078811973309.1265,0.0,4679.332775971157,0.0,0.0,18,8712.667224028843,0.0,0.0,0.7755673294187581,535680.0,415455.9070230403,0.0,0.0,535680.0,0.0,0.0,,,,,,,,,,
commit:18,33,2029-06,720.0,1049231645008.715,1049231645008.715,0.0,4551.028490178399,0.0,0.0,18,8408.9715098216,0.0,0.0,0.76943177241506,518400.0,398873.4308199671,0.0,0.0,518400.0,0.0,0.0,,,,,,,,,,
commit:18,34,2029-07,744.0,1089627063341.5503,1089627063341.5503,0.0,4726.243087050267,0.0,0.0,18,8665.756912949733,0.0,0.0,0.7633447541498025,535680.0,408908.51790296624,0.0,0.0,535680.0,0.0,0.0,,,,,,,,,,
commit:18,35,2029-08,744.0,1095075198658.2579,1095075198658.2579,0.0,4749.874302485518,0.0,0.0,18,8642.125697514482,0.0,0.0,0.7573058906302806,535680.0,405673.61949282873,0.0,0.0,535680.0,0.0,0.0,,,,,,,,,,
commit:18,36,2029-09,720.0,1065048943211.1765,1065048943211.1765,0.0,4619.635813546398,0.0,0.0,18,8340.364186453602,0.0,0.0,0.7513148009015775,518400.0,389481.59278737777,0.0,0.0,518400.0,0.0,0.0,,,,,,,,,,
commit:19,0,time_zero,0.0,0.0,0.0,0.0,0.0,0.0,0.0,19,0.0,0.0,0.0,1.0,0.0,0.0,0.0,0.0,0.0,0.0,0.0,,,,,,,,,,
commit:19,1,2026-10,744.0,924267843072.0002,924267843072.0002,0.0,4008.9996392945927,0.0,0.0,19,10127.000360705408,0.0,0.0,0.992088943446991,565440.0,560966.7721826666,0.0,0.0,565440.0,0.0,0.0,,,,,,,,,,
commit:19,2,2026-11,720.0,898925015116.8,898925015116.8,0.0,3899.0754556365146,0.0,0.0,19,9780.924544363486,0.0,0.0,0.9842404717097668,547200.0,538576.3861195844,0.0,0.0,547200.0,0.0,0.0,,,,,,,,,,
commit:19,3,2026-12,744.0,933533628198.7966,933533628198.7966,0.0,4049.18986067852,0.0,0.0,19,10086.81013932148,0.0,0.0,0.9764540896763105,565440.0,552126.200466573,0.0,0.0,565440.0,0.0,0.0,,,,,,,,,,
commit:19,4,2027-01,744.0,938201296339.7905,938201296339.7905,0.0,4069.435809981912,0.0,0.0,19,10066.564190018089,0.0,0.0,0.9687293061514642,565440.0,547758.298870284,0.0,0.0,565440.0,0.0,0.0,,,,,,,,,,
commit:19,5,2027-02,672.0,851644660612.9583,851644660612.9583,0.0,3693.9975384803547,0.0,0.0,19,9074.002461519645,0.0,0.0,0.9610656338259428,510720.0,490835.4405075855,0.0,0.0,510720.0,0.0,0.0,,,,,,,,,,
commit:19,6,2027-03,744.0,947606764335.5967,947606764335.5967,0.0,4110.231903976979,0.0,0.0,19,10025.768096023021,0.0,0.0,0.9534625892455922,565440.0,539125.8864630277,0.0,0.0,565440.0,0.0,0.0,,,,,,,,,,
commit:19,7,2027-04,720.0,921623998216.7175,921623998216.7175,0.0,3997.5319969324496,0.0,0.0,19,9682.46800306755,0.0,0.0,0.9459196927808919,547200.0,517607.25588970404,0.0,0.0,547200.0,0.0,0.0,,,,,,,,,,
commit:19,8,2027-05,744.0,957106522148.061,957106522148.061,0.0,4151.436978814349,0.0,0.0,19,9984.563021185651,0.0,0.0,0.9384364685966974,565440.0,530629.5168033165,0.0,0.0,565440.0,0.0,0.0,,,,,,,,,,
commit:19,9,2027-06,720.0,930863278798.8401,930863278798.8401,0.0,4037.607255201697,0.0,0.0,19,9642.392744798302,0.0,0.0,0.9310124446222228,547200.0,509450.0096972803,0.0,0.0,547200.0,0.0,0.0,,,,,,,,,,
commit:19,10,2027-07,744.0,966701515032.5951,966701515032.5951,0.0,4193.055134526961,0.0,0.0,19,9942.944865473039,0.0,0.0,0.9236471525212612,565440.0,522267.0459216219,0.0,0.0,565440.0,0.0,0.0,,,,,,,,,,
commit:19,11,2027-08,744.0,971535022607.758,971535022607.758,0.0,4214.020410199596,0.0,0.0,19,9921.979589800405,0.0,0.0,0.9163401276626397,565440.0,518135.361785563,0.0,0.0,565440.0,0.0,0.0,,,,,,,,,,
commit:19,12,2027-09,720.0,944896159084.6421,944896159084.6421,0.0,4098.474689274768,0.0,0.0,19,9581.525310725232,0.0,0.0,0.9090909090909091,547200.0,497454.5454545454,0.0,0.0,547200.0,0.0,0.0,,,,,,,,,,
commit:19,13,2027-10,744.0,981274661209.4006,981274661209.4006,0.0,4256.265964811846,0.0,0.0,19,9879.734035188154,0.0,0.0,0.9018990394972645,565440.0,509969.79289333324,0.0,0.0,565440.0,0.0,0.0,,,,,,,,,,
commit:19,14,2027-11,720.0,954368743079.4653,954368743079.4653,0.0,4139.561898034746,0.0,0.0,19,9540.438101965254,0.0,0.0,0.894764065190697,547200.0,489614.89647234936,0.0,0.0,547200.0,0.0,0.0,,,,,,,,,,
commit:19,15,2027-12,744.0,991111939688.0247,991111939688.0247,0.0,4298.935031109084,0.0,0.0,19,9837.064968890916,0.0,0.0,0.8876855360693732,565440.0,501932.90951506636,0.0,0.0,565440.0,0.0,0.0,,,,,,,,,,
commit:19,16,2028-01,744.0,996067499386.4646,996067499386.4646,0.0,4320.429706264628,0.0,0.0,19,9815.57029373537,0.0,0.0,0.8806630055922402,565440.0,497962.0898820763,0.0,0.0,565440.0,0.0,0.0,,,,,,,,,,
commit:19,17,2028-02,696.0,936464105471.565,936464105471.565,0.0,4061.9007673897618,0.0,0.0,19,9162.099232610239,0.0,0.0,0.873696030750857,528960.0,462150.2524259733,0.0,0.0,528960.0,0.0,0.0,,,,,,,,,,
commit:19,18,2028-03,744.0,1006053076067.8136,1006053076067.8136,0.0,4363.74201406993,0.0,0.0,19,9772.257985930071,0.0,0.0,0.8667841720414474,565440.0,490114.442239116,0.0,0.0,565440.0,0.0,0.0,,,,,,,,,,
commit:19,19,2028-04,720.0,978467749788.5349,978467749788.5349,0.0,4244.091023361561,0.0,0.0,19,9435.908976638439,0.0,0.0,0.8599269934371745,547200.0,470552.05080882186,0.0,0.0,547200.0,0.0,0.0,,,,,,,,,,
commit:19,20,2028-05,744.0,1016138758155.3933,1016138758155.3933,0.0,4407.488527760981,0.0,0.0,19,9728.511472239019,0.0,0.0,0.8531240623606339,565440.0,482390.4698211968,0.0,0.0,565440.0,0.0,0.0,,,,,,,,,,
commit:19,21,2028-06,720.0,988276888980.1646,988276888980.1646,0.0,4286.638035870759,0.0,0.0,19,9393.36196412924,0.0,0.0,0.8463749496565661,547200.0,463136.372452073,0.0,0.0,547200.0,0.0,0.0,,,,,,,,,,
commit:19,22,2028-07,744.0,1026325549205.9009,1026325549205.9009,0.0,4451.673600251784,0.0,0.0,19,9684.326399748217,0.0,0.0,0.8396792295647828,565440.0,474788.22356511076,0.0,0.0,565440.0,0.0,0.0,,,,,,,,,,
commit:19,23,2028-08,744.0,1031457176951.9302,1031457176951.9302,0.0,4473.931968253041,0.0,0.0,19,9662.06803174696,0.0,0.0,0.8330364796933087,565440.0,471032.14707778447,0.0,0.0,565440.0,0.0,0.0,,,,,,,,,,
commit:19,24,2028-09,720.0,1003175286616.1516,1003175286616.1516,0.0,4351.259640091264,0.0,0.0,19,9328.740359908736,0.0,0.0,0.8264462809917354,547200.0,452231.40495867765,0.0,0.0,547200.0,0.0,0.0,,,,,,,,,,
commit:19,25,2028-10,744.0,1041797535150.8733,1041797535150.8733,0.0,4518.783136234778,0.0,0.0,19,9617.216863765221,0.0,0.0,0.8199082177247857,565440.0,463608.9026303028,0.0,0.0,565440.0,0.0,0.0,,,,,,,,,,
commit:19,26,2028-11,720.0,1013232118864.478,1013232118864.478,0.0,4394.881017983178,0.0,0.0,19,9285.118982016822,0.0,0.0,0.8134218774460882,547200.0,445104.45133849944,0.0,0.0,547200.0,0.0,0.0,,,,,,,,,,
commit:19,27,2028-12,744.0,1052241555440.7605,1052241555440.7605,0.0,4564.08393717553,0.0,0.0,19,9571.91606282447,0.0,0.0,0.8069868509721573,565440.0,456302.64501369663,0.0,0.0,565440.0,0.0,0.0,,,,,,,,,,
commit:19,28,2029-01,744.0,1057502763217.9641,1057502763217.9641,0.0,4586.904356861408,0.0,0.0,19,9549.095643138593,0.0,0.0,0.8006027323565819,565440.0,452692.80898370565,0.0,0.0,565440.0,0.0,0.0,,,,,,,,,,
commit:19,29,2029-02,672.0,959939605063.0164,959939605063.0164,0.0,4163.725438776774,0.0,0.0,19,8604.274561223225,0.0,0.0,0.7942691188644154,510720.0,405649.12438643427,0.0,0.0,510720.0,0.0,0.0,,,,,,,,,,
commit:19,30,2029-03,744.0,1068104228419.2241,1068104228419.2241,0.0,4632.888073038943,0.0,0.0,19,9503.111926961057,0.0,0.0,0.7879856109467703,565440.0,445558.5838537418,0.0,0.0,565440.0,0.0,0.0,,,,,,,,,,
commit:19,31,2029-04,720.0,1038817499575.4711,1038817499575.4711,0.0,4505.857271036261,0.0,0.0,19,9174.14272896374,0.0,0.0,0.7817518122156131,547200.0,427774.5916443835,0.0,0.0,547200.0,0.0,0.0,,,,,,,,,,
commit:19,32,2029-05,744.0,1078811973309.1265,1078811973309.1265,0.0,4679.332775971157,0.0,0.0,19,9456.667224028843,0.0,0.0,0.7755673294187581,565440.0,438536.79074654257,0.0,0.0,565440.0,0.0,0.0,,,,,,,,,,
commit:19,33,2029-06,720.0,1049231645008.715,1049231645008.715,0.0,4551.028490178399,0.0,0.0,19,9128.9715098216,0.0,0.0,0.76943177241506,547200.0,421033.06586552085,0.0,0.0,547200.0,0.0,0.0,,,,,,,,,,
commit:19,34,2029-07,744.0,1089627063341.5503,1089627063341.5503,0.0,4726.243087050267,0.0,0.0,19,9409.756912949733,0.0,0.0,0.7633447541498025,565440.0,431625.6577864643,0.0,0.0,565440.0,0.0,0.0,,,,,,,,,,
commit:19,35,2029-08,744.0,1095075198658.2579,1095075198658.2579,0.0,4749.874302485518,0.0,0.0,19,9386.125697514482,0.0,0.0,0.7573058906302806,565440.0,428211.0427979859,0.0,0.0,565440.0,0.0,0.0,,,,,,,,,,
commit:19,36,2029-09,720.0,1065048943211.1765,1065048943211.1765,0.0,4619.635813546398,0.0,0.0,19,9060.364186453602,0.0,0.0,0.7513148009015775,547200.0,411119.4590533432,0.0,0.0,547200.0,0.0,0.0,,,,,,,,,,
commit:20,0,time_zero,0.0,0.0,0.0,0.0,0.0,0.0,0.0,20,0.0,0.0,0.0,1.0,0.0,0.0,0.0,0.0,0.0,0.0,0.0,,,,,,,,,,
commit:20,1,2026-10,744.0,924267843072.0002,924267843072.0002,0.0,4008.9996392945927,0.0,0.0,20,10871.000360705408,0.0,0.0,0.992088943446991,595200.0,590491.3391396491,0.0,0.0,595200.0,0.0,0.0,,,,,,,,,,
commit:20,2,2026-11,720.0,898925015116.8,898925015116.8,0.0,3899.0754556365146,0.0,0.0,20,10500.924544363486,0.0,0.0,0.9842404717097668,576000.0,566922.5117048257,0.0,0.0,576000.0,0.0,0.0,,,,,,,,,,
commit:20,3,2026-12,744.0,933533628198.7966,933533628198.7966,0.0,4049.18986067852,0.0,0.0,20,10830.81013932148,0.0,0.0,0.9764540896763105,595200.0,581185.47417534,0.0,0.0,595200.0,0.0,0.0,,,,,,,,,,
commit:20,4,2027-01,744.0,938201296339.7905,938201296339.7905,0.0,4069.435809981912,0.0,0.0,20,10810.564190018089,0.0,0.0,0.9687293061514642,595200.0,576587.6830213515,0.0,0.0,595200.0,0.0,0.0,,,,,,,,,,
commit:20,5,2027-02,672.0,851644660612.9583,851644660612.9583,0.0,3693.9975384803547,0.0,0.0,20,9746.002461519645,0.0,0.0,0.9610656338259428,537600.0,516668.8847448268,0.0,0.0,537600.0,0.0,0.0,,,,,,,,,,
commit:20,6,2027-03,744.0,947606764335.5967,947606764335.5967,0.0,4110.231903976979,0.0,0.0,20,10769.768096023021,0.0,0.0,0.9534625892455922,595200.0,567500.9331189765,0.0,0.0,595200.0,0.0,0.0,,,,,,,,,,
commit:20,7,2027-04,720.0,921623998216.7175,921623998216.7175,0.0,3997.5319969324496,0.0,0.0,20,10402.46800306755,0.0,0.0,0.9459196927808919,576000.0,544849.7430417938,0.0,0.0,576000.0,0.0,0.0,,,,,,,,,,
commit:20,8,2027-05,744.0,957106522148.061,957106522148.061,0.0,4151.436978814349,0.0,0.0,20,10728.563021185651,0.0,0.0,0.9384364685966974,595200.0,558557.3861087543,0.0,0.0,595200.0,0.0,0.0,,,,,,,,,,
commit:20,9,2027-06,720.0,930863278798.8401,930863278798.8401,0.0,4037.607255201697,0.0,0.0,20,10362.392744798302,0.0,0.0,0.9310124446222228,576000.0,536263.1681024003,0.0,0.0,576000.0,0.0,0.0,,,,,,,,,,
commit:20,10,2027-07,744.0,966701515032.5951,966701515032.5951,0.0,4193.055134526961,0.0,0.0,20,10686.944865473039,0.0,0.0,0.9236471525212612,595200.0,549754.7851806546,0.0,0.0,595200.0,0.0,0.0,,,,,,,,,,
commit:20,11,2027-08,744.0,971535022607.758,971535022607.758,0.0,4214.020410199596,0.0,0.0,20,10665.979589800405,0.0,0.0,0.9163401276626397,595200.0,545405.6439848031,0.0,0.0,595200.0,0.0,0.0,,,,,,,,,,
commit:20,12,2027-09,720.0,944896159084.6421,944896159084.6421,0.0,4098.474689274768,0.0,0.0,20,10301.525310725232,0.0,0.0,0.9090909090909091,576000.0,523636.36363636365,0.0,0.0,576000.0,0.0,0.0,,,,,,,,,,
commit:20,13,2027-10,744.0,981274661209.4006,981274661209.4006,0.0,4256.265964811846,0.0,0.0,20,10623.734035188154,0.0,0.0,0.9018990394972645,595200.0,536810.3083087718,0.0,0.0,595200.0,0.0,0.0,,,,,,,,,,
commit:20,14,2027-11,720.0,954368743079.4653,954368743079.4653,0.0,4139.561898034746,0.0,0.0,20,10260.438101965254,0.0,0.0,0.894764065190697,576000.0,515384.10154984146,0.0,0.0,576000.0,0.0,0.0,,,,,,,,,,
commit:20,15,2027-12,744.0,991111939688.0247,991111939688.0247,0.0,4298.935031109084,0.0,0.0,20,10581.064968890916,0.0,0.0,0.8876855360693732,595200.0,528350.431068491,0.0,0.0,595200.0,0.0,0.0,,,,,,,,,,
commit:20,16,2028-01,744.0,996067499386.4646,996067499386.4646,0.0,4320.429706264628,0.0,0.0,20,10559.57029373537,0.0,0.0,0.8806630055922402,595200.0,524170.62092850136,0.0,0.0,595200.0,0.0,0.0,,,,,,,,,,
commit:20,17,2028-02,696.0,936464105471.565,936464105471.565,0.0,4061.9007673897618,0.0,0.0,20,9858.099232610239,0.0,0.0,0.873696030750857,556800.0,486473.9499220772,0.0,0.0,556800.0,0.0,0.0,,,,,,,,,,
commit:20,18,2028-03,744.0,1006053076067.8136,1006053076067.8136,0.0,4363.74201406993,0.0,0.0,20,10516.257985930071,0.0,0.0,0.8667841720414474,595200.0,515909.9391990695,0.0,0.0,595200.0,0.0,0.0,,,,,,,,,,
commit:20,19,2028-04,720.0,978467749788.5349,978467749788.5349,0.0,4244.091023361561,0.0,0.0,20,10155.908976638439,0.0,0.0,0.8599269934371745,576000.0,495317.94821981253,0.0,0.0,576000.0,0.0,0.0,,,,,,,,,,
commit:20,20,2028-05,744.0,1016138758155.3933,1016138758155.3933,0.0,4407.488527760981,0.0,0.0,20,10472.511472239019,0.0,0.0,0.8531240623606339,595200.0,507779.4419170493,0.0,0.0,595200.0,0.0,0.0,,,,,,,,,,
commit:20,21,2028-06,720.0,988276888980.1646,988276888980.1646,0.0,4286.638035870759,0.0,0.0,20,10113.36196412924,0.0,0.0,0.8463749496565661,576000.0,487511.9710021821,0.0,0.0,576000.0,0.0,0.0,,,,,,,,,,
commit:20,22,2028-07,744.0,1026325549205.9009,1026325549205.9009,0.0,4451.673600251784,0.0,0.0,20,10428.326399748217,0.0,0.0,0.8396792295647828,595200.0,499777.07743695873,0.0,0.0,595200.0,0.0,0.0,,,,,,,,,,
commit:20,23,2028-08,744.0,1031457176951.9302,1031457176951.9302,0.0,4473.931968253041,0.0,0.0,20,10406.06803174696,0.0,0.0,0.8330364796933087,595200.0,495823.3127134574,0.0,0.0,595200.0,0.0,0.0,,,,,,,,,,
commit:20,24,2028-09,720.0,1003175286616.1516,1003175286616.1516,0.0,4351.259640091264,0.0,0.0,20,10048.740359908736,0.0,0.0,0.8264462809917354,576000.0,476033.05785123963,0.0,0.0,576000.0,0.0,0.0,,,,,,,,,,
commit:20,25,2028-10,744.0,1041797535150.8733,1041797535150.8733,0.0,4518.783136234778,0.0,0.0,20,10361.216863765221,0.0,0.0,0.8199082177247857,595200.0,488009.37118979247,0.0,0.0,595200.0,0.0,0.0,,,,,,,,,,
commit:20,26,2028-11,720.0,1013232118864.478,1013232118864.478,0.0,4394.881017983178,0.0,0.0,20,10005.118982016822,0.0,0.0,0.8134218774460882,576000.0,468531.0014089468,0.0,0.0,576000.0,0.0,0.0,,,,,,,,,,
commit:20,27,2028-12,744.0,1052241555440.7605,1052241555440.7605,0.0,4564.08393717553,0.0,0.0,20,10315.91606282447,0.0,0.0,0.8069868509721573,595200.0,480318.573698628,0.0,0.0,595200.0,0.0,0.0,,,,,,,,,,
commit:20,28,2029-01,744.0,1057502763217.9641,1057502763217.9641,0.0,4586.904356861408,0.0,0.0,20,10293.095643138593,0.0,0.0,0.8006027323565819,595200.0,476518.74629863753,0.0,0.0,595200.0,0.0,0.0,,,,,,,,,,
commit:20,29,2029-02,672.0,959939605063.0164,959939605063.0164,0.0,4163.725438776774,0.0,0.0,20,9276.274561223225,0.0,0.0,0.7942691188644154,537600.0,426999.0783015097,0.0,0.0,537600.0,0.0,0.0,,,,,,,,,,
commit:20,30,2029-03,744.0,1068104228419.2241,1068104228419.2241,0.0,4632.888073038943,0.0,0.0,20,10247.111926961057,0.0,0.0,0.7879856109467703,595200.0,469009.0356355177,0.0,0.0,595200.0,0.0,0.0,,,,,,,,,,
commit:20,31,2029-04,720.0,1038817499575.4711,1038817499575.4711,0.0,4505.857271036261,0.0,0.0,20,9894.14272896374,0.0,0.0,0.7817518122156131,576000.0,450289.04383619316,0.0,0.0,576000.0,0.0,0.0,,,,,,,,,,
commit:20,32,2029-05,744.0,1078811973309.1265,1078811973309.1265,0.0,4679.332775971157,0.0,0.0,20,10200.667224028843,0.0,0.0,0.7755673294187581,595200.0,461617.6744700448,0.0,0.0,595200.0,0.0,0.0,,,,,,,,,,
commit:20,33,2029-06,720.0,1049231645008.715,1049231645008.715,0.0,4551.028490178399,0.0,0.0,20,9848.9715098216,0.0,0.0,0.76943177241506,576000.0,443192.7009110746,0.0,0.0,576000.0,0.0,0.0,,,,,,,,,,
commit:20,34,2029-07,744.0,1089627063341.5503,1089627063341.5503,0.0,4726.243087050267,0.0,0.0,20,10153.756912949733,0.0,0.0,0.7633447541498025,595200.0,454342.79766996246,0.0,0.0,595200.0,0.0,0.0,,,,,,,,,,
commit:20,35,2029-08,744.0,1095075198658.2579,1095075198658.2579,0.0,4749.874302485518,0.0,0.0,20,10130.125697514482,0.0,0.0,0.7573058906302806,595200.0,450748.46610314306,0.0,0.0,595200.0,0.0,0.0,,,,,,,,,,
commit:20,36,2029-09,720.0,1065048943211.1765,1065048943211.1765,0.0,4619.635813546398,0.0,0.0,20,9780.364186453602,0.0,0.0,0.7513148009015775,576000.0,432757.3253193087,0.0,0.0,576000.0,0.0,0.0,,,,,,,,,,
commit:21,0,time_zero,0.0,0.0,0.0,0.0,0.0,0.0,0.0,21,0.0,0.0,0.0,1.0,0.0,0.0,0.0,0.0,0.0,0.0,0.0,,,,,,,,,,
commit:21,1,2026-10,744.0,924267843072.0002,924267843072.0002,0.0,4008.9996392945927,0.0,0.0,21,11615.000360705408,0.0,0.0,0.992088943446991,624960.0,620015.9060966314,0.0,0.0,624960.0,0.0,0.0,,,,,,,,,,
commit:21,2,2026-11,720.0,898925015116.8,898925015116.8,0.0,3899.0754556365146,0.0,0.0,21,11220.924544363486,0.0,0.0,0.9842404717097668,604800.0,595268.6372900669,0.0,0.0,604800.0,0.0,0.0,,,,,,,,,,
commit:21,3,2026-12,744.0,933533628198.7966,933533628198.7966,0.0,4049.18986067852,0.0,0.0,21,11574.81013932148,0.0,0.0,0.9764540896763105,624960.0,610244.747884107,0.0,0.0,624960.0,0.0,0.0,,,,,,,,,,
commit:21,4,2027-01,744.0,938201296339.7905,938201296339.7905,0.0,4069.435809981912,0.0,0.0,21,11554.564190018089,0.0,0.0,0.9687293061514642,624960.0,605417.067172419,0.0,0.0,624960.0,0.0,0.0,,,,,,,,,,
commit:21,5,2027-02,672.0,851644660612.9583,851644660612.9583,0.0,3693.9975384803547,0.0,0.0,21,10418.002461519645,0.0,0.0,0.9610656338259428,564480.0,542502.3289820682,0.0,0.0,564480.0,0.0,0.0,,,,,,,,,,
commit:21,6,2027-03,744.0,947606764335.5967,947606764335.5967,0.0,4110.231903976979,0.0,0.0,21,11513.768096023021,0.0,0.0,0.9534625892455922,624960.0,595875.9797749253,0.0,0.0,624960.0,0.0,0.0,,,,,,,,,,
commit:21,7,2027-04,720.0,921623998216.7175,921623998216.7175,0.0,3997.5319969324496,0.0,0.0,21,11122.46800306755,0.0,0.0,0.9459196927808919,604800.0,572092.2301938834,0.0,0.0,604800.0,0.0,0.0,,,,,,,,,,
commit:21,8,2027-05,744.0,957106522148.061,957106522148.061,0.0,4151.436978814349,0.0,0.0,21,11472.563021185651,0.0,0.0,0.9384364685966974,624960.0,586485.255414192,0.0,0.0,624960.0,0.0,0.0,,,,,,,,,,
commit:21,9,2027-06,720.0,930863278798.8401,930863278798.8401,0.0,4037.607255201697,0.0,0.0,21,11082.392744798302,0.0,0.0,0.9310124446222228,604800.0,563076.3265075203,0.0,0.0,604800.0,0.0,0.0,,,,,,,,,,
commit:21,10,2027-07,744.0,966701515032.5951,966701515032.5951,0.0,4193.055134526961,0.0,0.0,21,11430.944865473039,0.0,0.0,0.9236471525212612,624960.0,577242.5244396874,0.0,0.0,624960.0,0.0,0.0,,,,,,,,,,
commit:21,11,2027-08,744.0,971535022607.758,971535022607.758,0.0,4214.020410199596,0.0,0.0,21,11409.979589800405,0.0,0.0,0.9163401276626397,624960.0,572675.9261840433,0.0,0.0,624960.0,0.0,0.0,,,,,,,,,,
commit:21,12,2027-09,720.0,944896159084.6421,944896159084.6421,0.0,4098.474689274768,0.0,0.0,21,11021.525310725232,0.0,0.0,0.9090909090909091,604800.0,549818.1818181818,0.0,0.0,604800.0,0.0,0.0,,,,,,,,,,
commit:21,13,2027-10,744.0,981274661209.4006,981274661209.4006,0.0,4256.265964811846,0.0,0.0,21,11367.734035188154,0.0,0.0,0.9018990394972645,624960.0,563650.8237242104,0.0,0.0,624960.0,0.0,0.0,,,,,,,,,,
commit:21,14,2027-11,720.0,954368743079.4653,954368743079.4653,0.0,4139.561898034746,0.0,0.0,21,10980.438101965254,0.0,0.0,0.894764065190697,604800.0,541153.3066273335,0.0,0.0,604800.0,0.0,0.0,,,,,,,,,,
commit:21,15,2027-12,744.0,991111939688.0247,991111939688.0247,0.0,4298.935031109084,0.0,0.0,21,11325.064968890916,0.0,0.0,0.8876855360693732,624960.0,554767.9526219155,0.0,0.0,624960.0,0.0,0.0,,,,,,,,,,
commit:21,16,2028-01,744.0,996067499386.4646,996067499386.4646,0.0,4320.429706264628,0.0,0.0,21,11303.57029373537,0.0,0.0,0.8806630055922402,624960.0,550379.1519749265,0.0,0.0,624960.0,0.0,0.0,,,,,,,,,,
commit:21,17,2028-02,696.0,936464105471.565,936464105471.565,0.0,4061.9007673897618,0.0,0.0,21,10554.099232610239,0.0,0.0,0.873696030750857,584640.0,510797.64741818106,0.0,0.0,584640.0,0.0,0.0,,,,,,,,,,
commit:21,18,2028-03,744.0,1006053076067.8136,1006053076067.8136,0.0,4363.74201406993,0.0,0.0,21,11260.257985930071,0.0,0.0,0.8667841720414474,624960.0,541705.436159023,0.0,0.0,624960.0,0.0,0.0,,,,,,,,,,
commit:21,19,2028-04,720.0,978467749788.5349,978467749788.5349,0.0,4244.091023361561,0.0,0.0,21,10875.908976638439,0.0,0.0,0.8599269934371745,604800.0,520083.84563080315,0.0,0.0,604800.0,0.0,0.0,,,,,,,,,,
commit:21,20,2028-05,744.0,1016138758155.3933,1016138758155.3933,0.0,4407.488527760981,0.0,0.0,21,11216.511472239019,0.0,0.0,0.8531240623606339,624960.0,533168.4140129017,0.0,0.0,624960.0,0.0,0.0,,,,,,,,,,
commit:21,21,2028-06,720.0,988276888980.1646,988276888980.1646,0.0,4286.638035870759,0.0,0.0,21,10833.36196412924,0.0,0.0,0.8463749496565661,604800.0,511887.5695522912,0.0,0.0,604800.0,0.0,0.0,,,,,,,,,,
commit:21,22,2028-07,744.0,1026325549205.9009,1026325549205.9009,0.0,4451.673600251784,0.0,0.0,21,11172.326399748217,0.0,0.0,0.8396792295647828,624960.0,524765.9313088066,0.0,0.0,624960.0,0.0,0.0,,,,,,,,,,
commit:21,23,2028-08,744.0,1031457176951.9302,1031457176951.9302,0.0,4473.931968253041,0.0,0.0,21,11150.06803174696,0.0,0.0,0.8330364796933087,624960.0,520614.47834913025,0.0,0.0,624960.0,0.0,0.0,,,,,,,,,,
commit:21,24,2028-09,720.0,1003175286616.1516,1003175286616.1516,0.0,4351.259640091264,0.0,0.0,21,10768.740359908736,0.0,0.0,0.8264462809917354,604800.0,499834.7107438016,0.0,0.0,604800.0,0.0,0.0,,,,,,,,,,
commit:21,25,2028-10,744.0,1041797535150.8733,1041797535150.8733,0.0,4518.783136234778,0.0,0.0,21,11105.216863765221,0.0,0.0,0.8199082177247857,624960.0,512409.8397492821,0.0,0.0,624960.0,0.0,0.0,,,,,,,,,,
commit:21,26,2028-11,720.0,1013232118864.478,1013232118864.478,0.0,4394.881017983178,0.0,0.0,21,10725.118982016822,0.0,0.0,0.8134218774460882,604800.0,491957.55147939414,0.0,0.0,604800.0,0.0,0.0,,,,,,,,,,
commit:21,27,2028-12,744.0,1052241555440.7605,1052241555440.7605,0.0,4564.08393717553,0.0,0.0,21,11059.91606282447,0.0,0.0,0.8069868509721573,624960.0,504334.5023835594,0.0,0.0,624960.0,0.0,0.0,,,,,,,,,,
commit:21,28,2029-01,744.0,1057502763217.9641,1057502763217.9641,0.0,4586.904356861408,0.0,0.0,21,11037.095643138593,0.0,0.0,0.8006027323565819,624960.0,500344.6836135694,0.0,0.0,624960.0,0.0,0.0,,,,,,,,,,
commit:21,29,2029-02,672.0,959939605063.0164,959939605063.0164,0.0,4163.725438776774,0.0,0.0,21,9948.274561223225,0.0,0.0,0.7942691188644154,564480.0,448349.03221658524,0.0,0.0,564480.0,0.0,0.0,,,,,,,,,,
commit:21,30,2029-03,744.0,1068104228419.2241,1068104228419.2241,0.0,4632.888073038943,0.0,0.0,21,10991.111926961057,0.0,0.0,0.7879856109467703,624960.0,492459.4874172936,0.0,0.0,624960.0,0.0,0.0,,,,,,,,,,
commit:21,31,2029-04,720.0,1038817499575.4711,1038817499575.4711,0.0,4505.857271036261,0.0,0.0,21,10614.14272896374,0.0,0.0,0.7817518122156131,604800.0,472803.49602800276,0.0,0.0,604800.0,0.0,0.0,,,,,,,,,,
commit:21,32,2029-05,744.0,1078811973309.1265,1078811973309.1265,0.0,4679.332775971157,0.0,0.0,21,10944.667224028843,0.0,0.0,0.7755673294187581,624960.0,484698.558193547,0.0,0.0,624960.0,0.0,0.0,,,,,,,,,,
commit:21,33,2029-06,720.0,1049231645008.715,1049231645008.715,0.0,4551.028490178399,0.0,0.0,21,10568.9715098216,0.0,0.0,0.76943177241506,604800.0,465352.33595662826,0.0,0.0,604800.0,0.0,0.0,,,,,,,,,,
commit:21,34,2029-07,744.0,1089627063341.5503,1089627063341.5503,0.0,4726.243087050267,0.0,0.0,21,10897.756912949733,0.0,0.0,0.7633447541498025,624960.0,477059.9375534606,0.0,0.0,624960.0,0.0,0.0,,,,,,,,,,
commit:21,35,2029-08,744.0,1095075198658.2579,1095075198658.2579,0.0,4749.874302485518,0.0,0.0,21,10874.125697514482,0.0,0.0,0.7573058906302806,624960.0,473285.88940830017,0.0,0.0,624960.0,0.0,0.0,,,,,,,,,,
commit:21,36,2029-09,720.0,1065048943211.1765,1065048943211.1765,0.0,4619.635813546398,0.0,0.0,21,10500.364186453602,0.0,0.0,0.7513148009015775,604800.0,454395.1915852741,0.0,0.0,604800.0,0.0,0.0,,,,,,,,,,
commit:22,0,time_zero,0.0,0.0,0.0,0.0,0.0,0.0,0.0,22,0.0,0.0,0.0,1.0,0.0,0.0,0.0,0.0,0.0,0.0,0.0,,,,,,,,,,
commit:22,1,2026-10,744.0,924267843072.0002,924267843072.0002,0.0,4008.9996392945927,0.0,0.0,22,12359.000360705408,0.0,0.0,0.992088943446991,654720.0,649540.4730536139,0.0,0.0,654720.0,0.0,0.0,,,,,,,,,,
commit:22,2,2026-11,720.0,898925015116.8,898925015116.8,0.0,3899.0754556365146,0.0,0.0,22,11940.924544363486,0.0,0.0,0.9842404717097668,633600.0,623614.7628753083,0.0,0.0,633600.0,0.0,0.0,,,,,,,,,,
commit:22,3,2026-12,744.0,933533628198.7966,933533628198.7966,0.0,4049.18986067852,0.0,0.0,22,12318.81013932148,0.0,0.0,0.9764540896763105,654720.0,639304.0215928741,0.0,0.0,654720.0,0.0,0.0,,,,,,,,,,
commit:22,4,2027-01,744.0,938201296339.7905,938201296339.7905,0.0,4069.435809981912,0.0,0.0,22,12298.564190018089,0.0,0.0,0.9687293061514642,654720.0,634246.4513234866,0.0,0.0,654720.0,0.0,0.0,,,,,,,,,,
commit:22,5,2027-02,672.0,851644660612.9583,851644660612.9583,0.0,3693.9975384803547,0.0,0.0,22,11090.002461519645,0.0,0.0,0.9610656338259428,591360.0,568335.7732193095,0.0,0.0,591360.0,0.0,0.0,,,,,,,,,,
commit:22,6,2027-03,744.0,947606764335.5967,947606764335.5967,0.0,4110.231903976979,0.0,0.0,22,12257.768096023021,0.0,0.0,0.9534625892455922,654720.0,624251.0264308741,0.0,0.0,654720.0,0.0,0.0,,,,,,,,,,
commit:22,7,2027-04,720.0,921623998216.7175,921623998216.7175,0.0,3997.5319969324496,0.0,0.0,22,11842.46800306755,0.0,0.0,0.9459196927808919,633600.0,599334.7173459731,0.0,0.0,633600.0,0.0,0.0,,,,,,,,,,
commit:22,8,2027-05,744.0,957106522148.061,957106522148.061,0.0,4151.436978814349,0.0,0.0,22,12216.563021185651,0.0,0.0,0.9384364685966974,654720.0,614413.1247196298,0.0,0.0,654720.0,0.0,0.0,,,,,,,,,,
commit:22,9,2027-06,720.0,930863278798.8401,930863278798.8401,0.0,4037.607255201697,0.0,0.0,22,11802.392744798302,0.0,0.0,0.9310124446222228,633600.0,589889.4849126403,0.0,0.0,633600.0,0.0,0.0,,,,,,,,,,
commit:22,10,2027-07,744.0,966701515032.5951,966701515032.5951,0.0,4193.055134526961,0.0,0.0,22,12174.944865473039,0.0,0.0,0.9236471525212612,654720.0,604730.2636987201,0.0,0.0,654720.0,0.0,0.0,,,,,,,,,,
commit:22,11,2027-08,744.0,971535022607.758,971535022607.758,0.0,4214.020410199596,0.0,0.0,22,12153.979589800405,0.0,0.0,0.9163401276626397,654720.0,599946.2083832835,0.0,0.0,654720.0,0.0,0.0,,,,,,,,,,
commit:22,12,2027-09,720.0,944896159084.6421,944896159084.6421,0.0,4098.474689274768,0.0,0.0,22,11741.525310725232,0.0,0.0,0.9090909090909091,633600.0,576000.0,0.0,0.0,633600.0,0.0,0.0,,,,,,,,,,
commit:22,13,2027-10,744.0,981274661209.4006,981274661209.4006,0.0,4256.265964811846,0.0,0.0,22,12111.734035188154,0.0,0.0,0.9018990394972645,654720.0,590491.339139649,0.0,0.0,654720.0,0.0,0.0,,,,,,,,,,
commit:22,14,2027-11,720.0,954368743079.4653,954368743079.4653,0.0,4139.561898034746,0.0,0.0,22,11700.438101965254,0.0,0.0,0.894764065190697,633600.0,566922.5117048256,0.0,0.0,633600.0,0.0,0.0,,,,,,,,,,
commit:22,15,2027-12,744.0,991111939688.0247,991111939688.0247,0.0,4298.935031109084,0.0,0.0,22,12069.064968890916,0.0,0.0,0.8876855360693732,654720.0,581185.47417534,0.0,0.0,654720.0,0.0,0.0,,,,,,,,,,
commit:22,16,2028-01,744.0,996067499386.4646,996067499386.4646,0.0,4320.429706264628,0.0,0.0,22,12047.57029373537,0.0,0.0,0.8806630055922402,654720.0,576587.6830213515,0.0,0.0,654720.0,0.0,0.0,,,,,,,,,,
commit:22,17,2028-02,696.0,936464105471.565,936464105471.565,0.0,4061.9007673897618,0.0,0.0,22,11250.099232610239,0.0,0.0,0.873696030750857,612480.0,535121.3449142849,0.0,0.0,612480.0,0.0,0.0,,,,,,,,,,
commit:22,18,2028-03,744.0,1006053076067.8136,1006053076067.8136,0.0,4363.74201406993,0.0,0.0,22,12004.257985930071,0.0,0.0,0.8667841720414474,654720.0,567500.9331189764,0.0,0.0,654720.0,0.0,0.0,,,,,,,,,,
commit:22,19,2028-04,720.0,978467749788.5349,978467749788.5349,0.0,4244.091023361561,0.0,0.0,22,11595.908976638439,0.0,0.0,0.8599269934371745,633600.0,544849.7430417938,0.0,0.0,633600.0,0.0,0.0,,,,,,,,,,
commit:22,20,2028-05,744.0,1016138758155.3933,1016138758155.3933,0.0,4407.488527760981,0.0,0.0,22,11960.511472239019,0.0,0.0,0.8531240623606339,654720.0,558557.3861087542,0.0,0.0,654720.0,0.0,0.0,,,,,,,,,,
commit:22,21,2028-06,720.0,988276888980.1646,988276888980.1646,0.0,4286.638035870759,0.0,0.0,22,11553.36196412924,0.0,0.0,0.8463749496565661,633600.0,536263.1681024003,0.0,0.0,633600.0,0.0,0.0,,,,,,,,,,
commit:22,22,2028-07,744.0,1026325549205.9009,1026325549205.9009,0.0,4451.673600251784,0.0,0.0,22,11916.326399748217,0.0,0.0,0.8396792295647828,654720.0,549754.7851806546,0.0,0.0,654720.0,0.0,0.0,,,,,,,,,,
commit:22,23,2028-08,744.0,1031457176951.9302,1031457176951.9302,0.0,4473.931968253041,0.0,0.0,22,11894.06803174696,0.0,0.0,0.8330364796933087,654720.0,545405.6439848031,0.0,0.0,654720.0,0.0,0.0,,,,,,,,,,
commit:22,24,2028-09,720.0,1003175286616.1516,1003175286616.1516,0.0,4351.259640091264,0.0,0.0,22,11488.740359908736,0.0,0.0,0.8264462809917354,633600.0,523636.3636363636,0.0,0.0,633600.0,0.0,0.0,,,,,,,,,,
commit:22,25,2028-10,744.0,1041797535150.8733,1041797535150.8733,0.0,4518.783136234778,0.0,0.0,22,11849.216863765221,0.0,0.0,0.8199082177247857,654720.0,536810.3083087717,0.0,0.0,654720.0,0.0,0.0,,,,,,,,,,
commit:22,26,2028-11,720.0,1013232118864.478,1013232118864.478,0.0,4394.881017983178,0.0,0.0,22,11445.118982016822,0.0,0.0,0.8134218774460882,633600.0,515384.10154984146,0.0,0.0,633600.0,0.0,0.0,,,,,,,,,,
commit:22,27,2028-12,744.0,1052241555440.7605,1052241555440.7605,0.0,4564.08393717553,0.0,0.0,22,11803.91606282447,0.0,0.0,0.8069868509721573,654720.0,528350.4310684908,0.0,0.0,654720.0,0.0,0.0,,,,,,,,,,
commit:22,28,2029-01,744.0,1057502763217.9641,1057502763217.9641,0.0,4586.904356861408,0.0,0.0,22,11781.095643138593,0.0,0.0,0.8006027323565819,654720.0,524170.6209285013,0.0,0.0,654720.0,0.0,0.0,,,,,,,,,,
commit:22,29,2029-02,672.0,959939605063.0164,959939605063.0164,0.0,4163.725438776774,0.0,0.0,22,10620.274561223225,0.0,0.0,0.7942691188644154,591360.0,469698.9861316607,0.0,0.0,591360.0,0.0,0.0,,,,,,,,,,
commit:22,30,2029-03,744.0,1068104228419.2241,1068104228419.2241,0.0,4632.888073038943,0.0,0.0,22,11735.111926961057,0.0,0.0,0.7879856109467703,654720.0,515909.93919906946,0.0,0.0,654720.0,0.0,0.0,,,,,,,,,,
commit:22,31,2029-04,720.0,1038817499575.4711,1038817499575.4711,0.0,4505.857271036261,0.0,0.0,22,11334.14272896374,0.0,0.0,0.7817518122156131,633600.0,495317.9482198124,0.0,0.0,633600.0,0.0,0.0,,,,,,,,,,
commit:22,32,2029-05,744.0,1078811973309.1265,1078811973309.1265,0.0,4679.332775971157,0.0,0.0,22,11688.667224028843,0.0,0.0,0.7755673294187581,654720.0,507779.4419170493,0.0,0.0,654720.0,0.0,0.0,,,,,,,,,,
commit:22,33,2029-06,720.0,1049231645008.715,1049231645008.715,0.0,4551.028490178399,0.0,0.0,22,11288.9715098216,0.0,0.0,0.76943177241506,633600.0,487511.971002182,0.0,0.0,633600.0,0.0,0.0,,,,,,,,,,
commit:22,34,2029-07,744.0,1089627063341.5503,1089627063341.5503,0.0,4726.243087050267,0.0,0.0,22,11641.756912949733,0.0,0.0,0.7633447541498025,654720.0,499777.07743695873,0.0,0.0,654720.0,0.0,0.0,,,,,,,,,,
commit:22,35,2029-08,744.0,1095075198658.2579,1095075198658.2579,0.0,4749.874302485518,0.0,0.0,22,11618.125697514482,0.0,0.0,0.7573058906302806,654720.0,495823.31271345733,0.0,0.0,654720.0,0.0,0.0,,,,,,,,,,
commit:22,36,2029-09,720.0,1065048943211.1765,1065048943211.1765,0.0,4619.635813546398,0.0,0.0,22,11220.364186453602,0.0,0.0,0.7513148009015775,633600.0,476033.0578512395,0.0,0.0,633600.0,0.0,0.0,,,,,,,,,,
commit:23,0,time_zero,0.0,0.0,0.0,0.0,0.0,0.0,0.0,23,0.0,0.0,0.0,1.0,0.0,0.0,0.0,0.0,0.0,0.0,0.0,,,,,,,,,,
commit:23,1,2026-10,744.0,924267843072.0002,924267843072.0002,0.0,4008.9996392945927,0.0,0.0,23,13103.000360705408,0.0,0.0,0.992088943446991,684480.0,679065.0400105964,0.0,0.0,684480.0,0.0,0.0,,,,,,,,,,
commit:23,2,2026-11,720.0,898925015116.8,898925015116.8,0.0,3899.0754556365146,0.0,0.0,23,12660.924544363486,0.0,0.0,0.9842404717097668,662400.0,651960.8884605495,0.0,0.0,662400.0,0.0,0.0,,,,,,,,,,
commit:23,3,2026-12,744.0,933533628198.7966,933533628198.7966,0.0,4049.18986067852,0.0,0.0,23,13062.81013932148,0.0,0.0,0.9764540896763105,684480.0,668363.295301641,0.0,0.0,684480.0,0.0,0.0,,,,,,,,,,
commit:23,4,2027-01,744.0,938201296339.7905,938201296339.7905,0.0,4069.435809981912,0.0,0.0,23,13042.564190018089,0.0,0.0,0.9687293061514642,684480.0,663075.8354745542,0.0,0.0,684480.0,0.0,0.0,,,,,,,,,,
commit:23,5,2027-02,672.0,851644660612.9583,851644660612.9583,0.0,3693.9975384803547,0.0,0.0,23,11762.002461519645,0.0,0.0,0.9610656338259428,618240.0,594169.2174565509,0.0,0.0,618240.0,0.0,0.0,,,,,,,,,,
commit:23,6,2027-03,744.0,947606764335.5967,947606764335.5967,0.0,4110.231903976979,0.0,0.0,23,13001.768096023021,0.0,0.0,0.9534625892455922,684480.0,652626.073086823,0.0,0.0,684480.0,0.0,0.0,,,,,,,,,,
commit:23,7,2027-04,720.0,921623998216.7175,921623998216.7175,0.0,3997.5319969324496,0.0,0.0,23,12562.46800306755,0.0,0.0,0.9459196927808919,662400.0,626577.2044980628,0.0,0.0,662400.0,0.0,0.0,,,,,,,,,,
commit:23,8,2027-05,744.0,957106522148.061,957106522148.061,0.0,4151.436978814349,0.0,0.0,23,12960.563021185651,0.0,0.0,0.9384364685966974,684480.0,642340.9940250674,0.0,0.0,684480.0,0.0,0.0,,,,,,,,,,
commit:23,9,2027-06,720.0,930863278798.8401,930863278798.8401,0.0,4037.607255201697,0.0,0.0,23,12522.392744798302,0.0,0.0,0.9310124446222228,662400.0,616702.6433177603,0.0,0.0,662400.0,0.0,0.0,,,,,,,,,,
commit:23,10,2027-07,744.0,966701515032.5951,966701515032.5951,0.0,4193.055134526961,0.0,0.0,23,12918.944865473039,0.0,0.0,0.9236471525212612,684480.0,632218.0029577528,0.0,0.0,684480.0,0.0,0.0,,,,,,,,,,
commit:23,11,2027-08,744.0,971535022607.758,971535022607.758,0.0,4214.020410199596,0.0,0.0,23,12897.979589800405,0.0,0.0,0.9163401276626397,684480.0,627216.4905825236,0.0,0.0,684480.0,0.0,0.0,,,,,,,,,,
commit:23,12,2027-09,720.0,944896159084.6421,944896159084.6421,0.0,4098.474689274768,0.0,0.0,23,12461.525310725232,0.0,0.0,0.9090909090909091,662400.0,602181.8181818181,0.0,0.0,662400.0,0.0,0.0,,,,,,,,,,
commit:23,13,2027-10,744.0,981274661209.4006,981274661209.4006,0.0,4256.265964811846,0.0,0.0,23,12855.734035188154,0.0,0.0,0.9018990394972645,684480.0,617331.8545550876,0.0,0.0,684480.0,0.0,0.0,,,,,,,,,,
commit:23,14,2027-11,720.0,954368743079.4653,954368743079.4653,0.0,4139.561898034746,0.0,0.0,23,12420.438101965254,0.0,0.0,0.894764065190697,662400.0,592691.7167823176,0.0,0.0,662400.0,0.0,0.0,,,,,,,,,,
commit:23,15,2027-12,744.0,991111939688.0247,991111939688.0247,0.0,4298.935031109084,0.0,0.0,23,12813.064968890916,0.0,0.0,0.8876855360693732,684480.0,607602.9957287646,0.0,0.0,684480.0,0.0,0.0,,,,,,,,,,
commit:23,16,2028-01,744.0,996067499386.4646,996067499386.4646,0.0,4320.429706264628,0.0,0.0,23,12791.57029373537,0.0,0.0,0.8806630055922402,684480.0,602796.2140677766,0.0,0.0,684480.0,0.0,0.0,,,,,,,,,,
commit:23,17,2028-02,696.0,936464105471.565,936464105471.565,0.0,4061.9007673897618,0.0,0.0,23,11946.099232610239,0.0,0.0,0.873696030750857,640320.0,559445.0424103887,0.0,0.0,640320.0,0.0,0.0,,,,,,,,,,
commit:23,18,2028-03,744.0,1006053076067.8136,1006053076067.8136,0.0,4363.74201406993,0.0,0.0,23,12748.257985930071,0.0,0.0,0.8667841720414474,684480.0,593296.4300789299,0.0,0.0,684480.0,0.0,0.0,,,,,,,,,,
commit:23,19,2028-04,720.0,978467749788.5349,978467749788.5349,0.0,4244.091023361561,0.0,0.0,23,12315.908976638439,0.0,0.0,0.8599269934371745,662400.0,569615.6404527844,0.0,0.0,662400.0,0.0,0.0,,,,,,,,,,
commit:23,20,2028-05,744.0,1016138758155.3933,1016138758155.3933,0.0,4407.488527760981,0.0,0.0,23,12704.511472239019,0.0,0.0,0.8531240623606339,684480.0,583946.3582046067,0.0,0.0,684480.0,0.0,0.0,,,,,,,,,,
commit:23,21,2028-06,720.0,988276888980.1646,988276888980.1646,0.0,4286.638035870759,0.0,0.0,23,12273.36196412924,0.0,0.0,0.8463749496565661,662400.0,560638.7666525095,0.0,0.0,662400.0,0.0,0.0,,,,,,,,,,
commit:23,22,2028-07,744.0,1026325549205.9009,1026325549205.9009,0.0,4451.673600251784,0.0,0.0,23,12660.326399748217,0.0,0.0,0.8396792295647828,684480.0,574743.6390525026,0.0,0.0,684480.0,0.0,0.0,,,,,,,,,,
commit:23,23,2028-08,744.0,1031457176951.9302,1031457176951.9302,0.0,4473.931968253041,0.0,0.0,23,12638.06803174696,0.0,0.0,0.8330364796933087,684480.0,570196.809620476,0.0,0.0,684480.0,0.0,0.0,,,,,,,,,,
commit:23,24,2028-09,720.0,1003175286616.1516,1003175286616.1516,0.0,4351.259640091264,0.0,0.0,23,12208.740359908736,0.0,0.0,0.8264462809917354,662400.0,547438.0165289255,0.0,0.0,662400.0,0.0,0.0,,,,,,,,,,
commit:23,25,2028-10,744.0,1041797535150.8733,1041797535150.8733,0.0,4518.783136234778,0.0,0.0,23,12593.216863765221,0.0,0.0,0.8199082177247857,684480.0,561210.7768682613,0.0,0.0,684480.0,0.0,0.0,,,,,,,,,,
commit:23,26,2028-11,720.0,1013232118864.478,1013232118864.478,0.0,4394.881017983178,0.0,0.0,23,12165.118982016822,0.0,0.0,0.8134218774460882,662400.0,538810.6516202888,0.0,0.0,662400.0,0.0,0.0,,,,,,,,,,
commit:23,27,2028-12,744.0,1052241555440.7605,1052241555440.7605,0.0,4564.08393717553,0.0,0.0,23,12547.91606282447,0.0,0.0,0.8069868509721573,684480.0,552366.3597534222,0.0,0.0,684480.0,0.0,0.0,,,,,,,,,,
commit:23,28,2029-01,744.0,1057502763217.9641,1057502763217.9641,0.0,4586.904356861408,0.0,0.0,23,12525.095643138593,0.0,0.0,0.8006027323565819,684480.0,547996.5582434331,0.0,0.0,684480.0,0.0,0.0,,,,,,,,,,
commit:23,29,2029-02,672.0,959939605063.0164,959939605063.0164,0.0,4163.725438776774,0.0,0.0,23,11292.274561223225,0.0,0.0,0.7942691188644154,618240.0,491048.9400467362,0.0,0.0,618240.0,0.0,0.0,,,,,,,,,,
commit:23,30,2029-03,744.0,1068104228419.2241,1068104228419.2241,0.0,4632.888073038943,0.0,0.0,23,12479.111926961057,0.0,0.0,0.7879856109467703,684480.0,539360.3909808453,0.0,0.0,684480.0,0.0,0.0,,,,,,,,,,
commit:23,31,2029-04,720.0,1038817499575.4711,1038817499575.4711,0.0,4505.857271036261,0.0,0.0,23,12054.14272896374,0.0,0.0,0.7817518122156131,662400.0,517832.4004116221,0.0,0.0,662400.0,0.0,0.0,,,,,,,,,,
commit:23,32,2029-05,744.0,1078811973309.1265,1078811973309.1265,0.0,4679.332775971157,0.0,0.0,23,12432.667224028843,0.0,0.0,0.7755673294187581,684480.0,530860.3256405515,0.0,0.0,684480.0,0.0,0.0,,,,,,,,,,
commit:23,33,2029-06,720.0,1049231645008.715,1049231645008.715,0.0,4551.028490178399,0.0,0.0,23,12008.9715098216,0.0,0.0,0.76943177241506,662400.0,509671.6060477357,0.0,0.0,662400.0,0.0,0.0,,,,,,,,,,
commit:23,34,2029-07,744.0,1089627063341.5503,1089627063341.5503,0.0,4726.243087050267,0.0,0.0,23,12385.756912949733,0.0,0.0,0.7633447541498025,684480.0,522494.2173204568,0.0,0.0,684480.0,0.0,0.0,,,,,,,,,,
commit:23,35,2029-08,744.0,1095075198658.2579,1095075198658.2579,0.0,4749.874302485518,0.0,0.0,23,12362.125697514482,0.0,0.0,0.7573058906302806,684480.0,518360.7360186145,0.0,0.0,684480.0,0.0,0.0,,,,,,,,,,
commit:23,36,2029-09,720.0,1065048943211.1765,1065048943211.1765,0.0,4619.635813546398,0.0,0.0,23,11940.364186453602,0.0,0.0,0.7513148009015775,662400.0,497670.92411720497,0.0,0.0,662400.0,0.0,0.0,,,,,,,,,,
commit:24,0,time_zero,0.0,0.0,0.0,0.0,0.0,0.0,0.0,24,0.0,0.0,0.0,1.0,0.0,0.0,0.0,0.0,0.0,0.0,0.0,,,,,,,,,,
commit:24,1,2026-10,744.0,924267843072.0002,924267843072.0002,0.0,4008.9996392945927,0.0,0.0,24,13847.000360705408,0.0,0.0,0.992088943446991,714240.0,708589.6069675788,0.0,0.0,714240.0,0.0,0.0,,,,,,,,,,
commit:24,2,2026-11,720.0,898925015116.8,898925015116.8,0.0,3899.0754556365146,0.0,0.0,24,13380.924544363486,0.0,0.0,0.9842404717097668,691200.0,680307.0140457908,0.0,0.0,691200.0,0.0,0.0,,,,,,,,,,
commit:24,3,2026-12,744.0,933533628198.7966,933533628198.7966,0.0,4049.18986067852,0.0,0.0,24,13806.81013932148,0.0,0.0,0.9764540896763105,714240.0,697422.569010408,0.0,0.0,714240.0,0.0,0.0,,,,,,,,,,
commit:24,4,2027-01,744.0,938201296339.7905,938201296339.7905,0.0,4069.435809981912,0.0,0.0,24,13786.564190018089,0.0,0.0,0.9687293061514642,714240.0,691905.2196256218,0.0,0.0,714240.0,0.0,0.0,,,,,,,,,,
commit:24,5,2027-02,672.0,851644660612.9583,851644660612.9583,0.0,3693.9975384803547,0.0,0.0,24,12434.002461519645,0.0,0.0,0.9610656338259428,645120.0,620002.6616937922,0.0,0.0,645120.0,0.0,0.0,,,,,,,,,,
commit:24,6,2027-03,744.0,947606764335.5967,947606764335.5967,0.0,4110.231903976979,0.0,0.0,24,13745.768096023021,0.0,0.0,0.9534625892455922,714240.0,681001.1197427718,0.0,0.0,714240.0,0.0,0.0,,,,,,,,,,
commit:24,7,2027-04,720.0,921623998216.7175,921623998216.7175,0.0,3997.5319969324496,0.0,0.0,24,13282.46800306755,0.0,0.0,0.9459196927808919,691200.0,653819.6916501526,0.0,0.0,691200.0,0.0,0.0,,,,,,,,,,
commit:24,8,2027-05,744.0,957106522148.061,957106522148.061,0.0,4151.436978814349,0.0,0.0,24,13704.563021185651,0.0,0.0,0.9384364685966974,714240.0,670268.8633305051,0.0,0.0,714240.0,0.0,0.0,,,,,,,,,,
commit:24,9,2027-06,720.0,930863278798.8401,930863278798.8401,0.0,4037.607255201697,0.0,0.0,24,13242.392744798302,0.0,0.0,0.9310124446222228,691200.0,643515.8017228803,0.0,0.0,691200.0,0.0,0.0,,,,,,,,,,
commit:24,10,2027-07,744.0,966701515032.5951,966701515032.5951,0.0,4193.055134526961,0.0,0.0,24,13662.944865473039,0.0,0.0,0.9236471525212612,714240.0,659705.7422167856,0.0,0.0,714240.0,0.0,0.0,,,,,,,,,,
commit:24,11,2027-08,744.0,971535022607.758,971535022607.758,0.0,4214.020410199596,0.0,0.0,24,13641.979589800405,0.0,0.0,0.9163401276626397,714240.0,654486.7727817638,0.0,0.0,714240.0,0.0,0.0,,,,,,,,,,
commit:24,12,2027-09,720.0,944896159084.6421,944896159084.6421,0.0,4098.474689274768,0.0,0.0,24,13181.525310725232,0.0,0.0,0.9090909090909091,691200.0,628363.6363636364,0.0,0.0,691200.0,0.0,0.0,,,,,,,,,,
commit:24,13,2027-10,744.0,981274661209.4006,981274661209.4006,0.0,4256.265964811846,0.0,0.0,24,13599.734035188154,0.0,0.0,0.9018990394972645,714240.0,644172.3699705262,0.0,0.0,714240.0,0.0,0.0,,,,,,,,,,
commit:24,14,2027-11,720.0,954368743079.4653,954368743079.4653,0.0,4139.561898034746,0.0,0.0,24,13140.438101965254,0.0,0.0,0.894764065190697,691200.0,618460.9218598098,0.0,0.0,691200.0,0.0,0.0,,,,,,,,,,
commit:24,15,2027-12,744.0,991111939688.0247,991111939688.0247,0.0,4298.935031109084,0.0,0.0,24,13557.064968890916,0.0,0.0,0.8876855360693732,714240.0,634020.5172821891,0.0,0.0,714240.0,0.0,0.0,,,,,,,,,,
commit:24,16,2028-01,744.0,996067499386.4646,996067499386.4646,0.0,4320.429706264628,0.0,0.0,24,13535.57029373537,0.0,0.0,0.8806630055922402,714240.0,629004.7451142017,0.0,0.0,714240.0,0.0,0.0,,,,,,,,,,
commit:24,17,2028-02,696.0,936464105471.565,936464105471.565,0.0,4061.9007673897618,0.0,0.0,24,12642.099232610239,0.0,0.0,0.873696030750857,668160.0,583768.7399064926,0.0,0.0,668160.0,0.0,0.0,,,,,,,,,,
commit:24,18,2028-03,744.0,1006053076067.8136,1006053076067.8136,0.0,4363.74201406993,0.0,0.0,24,13492.257985930071,0.0,0.0,0.8667841720414474,714240.0,619091.9270388834,0.0,0.0,714240.0,0.0,0.0,,,,,,,,,,
commit:24,19,2028-04,720.0,978467749788.5349,978467749788.5349,0.0,4244.091023361561,0.0,0.0,24,13035.908976638439,0.0,0.0,0.8599269934371745,691200.0,594381.537863775,0.0,0.0,691200.0,0.0,0.0,,,,,,,,,,
commit:24,20,2028-05,744.0,1016138758155.3933,1016138758155.3933,0.0,4407.488527760981,0.0,0.0,24,13448.511472239019,0.0,0.0,0.8531240623606339,714240.0,609335.3303004592,0.0,0.0,714240.0,0.0,0.0,,,,,,,,,,
commit:24,21,2028-06,720.0,988276888980.1646,988276888980.1646,0.0,4286.638035870759,0.0,0.0,24,12993.36196412924,0.0,0.0,0.8463749496565661,691200.0,585014.3652026185,0.0,0.0,691200.0,0.0,0.0,,,,,,,,,,
commit:24,22,2028-07,744.0,1026325549205.9009,1026325549205.9009,0.0,4451.673600251784,0.0,0.0,24,13404.326399748217,0.0,0.0,0.8396792295647828,714240.0,599732.4929243504,0.0,0.0,714240.0,0.0,0.0,,,,,,,,,,
commit:24,23,2028-08,744.0,1031457176951.9302,1031457176951.9302,0.0,4473.931968253041,0.0,0.0,24,13382.06803174696,0.0,0.0,0.8330364796933087,714240.0,594987.9752561488,0.0,0.0,714240.0,0.0,0.0,,,,,,,,,,
commit:24,24,2028-09,720.0,1003175286616.1516,1003175286616.1516,0.0,4351.259640091264,0.0,0.0,24,12928.740359908736,0.0,0.0,0.8264462809917354,691200.0,571239.6694214875,0.0,0.0,691200.0,0.0,0.0,,,,,,,,,,
commit:24,25,2028-10,744.0,1041797535150.8733,1041797535150.8733,0.0,4518.783136234778,0.0,0.0,24,13337.216863765221,0.0,0.0,0.8199082177247857,714240.0,585611.245427751,0.0,0.0,714240.0,0.0,0.0,,,,,,,,,,
commit:24,26,2028-11,720.0,1013232118864.478,1013232118864.478,0.0,4394.881017983178,0.0,0.0,24,12885.118982016822,0.0,0.0,0.8134218774460882,691200.0,562237.2016907361,0.0,0.0,691200.0,0.0,0.0,,,,,,,,,,
commit:24,27,2028-12,744.0,1052241555440.7605,1052241555440.7605,0.0,4564.08393717553,0.0,0.0,24,13291.91606282447,0.0,0.0,0.8069868509721573,714240.0,576382.2884383536,0.0,0.0,714240.0,0.0,0.0,,,,,,,,,,
commit:24,28,2029-01,744.0,1057502763217.9641,1057502763217.9641,0.0,4586.904356861408,0.0,0.0,24,13269.095643138593,0.0,0.0,0.8006027323565819,714240.0,571822.495558365,0.0,0.0,714240.0,0.0,0.0,,,,,,,,,,
commit:24,29,2029-02,672.0,959939605063.0164,959939605063.0164,0.0,4163.725438776774,0.0,0.0,24,11964.274561223225,0.0,0.0,0.7942691188644154,645120.0,512398.8939618117,0.0,0.0,645120.0,0.0,0.0,,,,,,,,,,
commit:24,30,2029-03,744.0,1068104228419.2241,1068104228419.2241,0.0,4632.888073038943,0.0,0.0,24,13223.111926961057,0.0,0.0,0.7879856109467703,714240.0,562810.8427626212,0.0,0.0,714240.0,0.0,0.0,,,,,,,,,,
commit:24,31,2029-04,720.0,1038817499575.4711,1038817499575.4711,0.0,4505.857271036261,0.0,0.0,24,12774.14272896374,0.0,0.0,0.7817518122156131,691200.0,540346.8526034318,0.0,0.0,691200.0,0.0,0.0,,,,,,,,,,
commit:24,32,2029-05,744.0,1078811973309.1265,1078811973309.1265,0.0,4679.332775971157,0.0,0.0,24,13176.667224028843,0.0,0.0,0.7755673294187581,714240.0,553941.2093640538,0.0,0.0,714240.0,0.0,0.0,,,,,,,,,,
commit:24,33,2029-06,720.0,1049231645008.715,1049231645008.715,0.0,4551.028490178399,0.0,0.0,24,12728.9715098216,0.0,0.0,0.76943177241506,691200.0,531831.2410932895,0.0,0.0,691200.0,0.0,0.0,,,,,,,,,,
commit:24,34,2029-07,744.0,1089627063341.5503,1089627063341.5503,0.0,4726.243087050267,0.0,0.0,24,13129.756912949733,0.0,0.0,0.7633447541498025,714240.0,545211.357203955,0.0,0.0,714240.0,0.0,0.0,,,,,,,,,,
commit:24,35,2029-08,744.0,1095075198658.2579,1095075198658.2579,0.0,4749.874302485518,0.0,0.0,24,13106.125697514482,0.0,0.0,0.7573058906302806,714240.0,540898.1593237716,0.0,0.0,714240.0,0.0,0.0,,,,,,,,,,
commit:24,36,2029-09,720.0,1065048943211.1765,1065048943211.1765,0.0,4619.635813546398,0.0,0.0,24,12660.364186453602,0.0,0.0,0.7513148009015775,691200.0,519308.7903831704,0.0,0.0,691200.0,0.0,0.0,,,,,,,,,,
commit:25,0,time_zero,0.0,0.0,0.0,0.0,0.0,0.0,0.0,25,0.0,0.0,0.0,1.0,0.0,0.0,0.0,0.0,0.0,0.0,0.0,,,,,,,,,,
commit:25,1,2026-10,744.0,924267843072.0002,924267843072.0002,0.0,4008.9996392945927,0.0,0.0,25,14591.000360705408,0.0,0.0,0.992088943446991,744000.0,738114.1739245612,0.0,0.0,744000.0,0.0,0.0,,,,,,,,,,
commit:25,2,2026-11,720.0,898925015116.8,898925015116.8,0.0,3899.0754556365146,0.0,0.0,25,14100.924544363486,0.0,0.0,0.9842404717097668,720000.0,708653.1396310321,0.0,0.0,720000.0,0.0,0.0,,,,,,,,,,
commit:25,3,2026-12,744.0,933533628198.7966,933533628198.7966,0.0,4049.18986067852,0.0,0.0,25,14550.81013932148,0.0,0.0,0.9764540896763105,744000.0,726481.842719175,0.0,0.0,744000.0,0.0,0.0,,,,,,,,,,
commit:25,4,2027-01,744.0,938201296339.7905,938201296339.7905,0.0,4069.435809981912,0.0,0.0,25,14530.564190018089,0.0,0.0,0.9687293061514642,744000.0,720734.6037766894,0.0,0.0,744000.0,0.0,0.0,,,,,,,,,,
commit:25,5,2027-02,672.0,851644660612.9583,851644660612.9583,0.0,3693.9975384803547,0.0,0.0,25,13106.002461519645,0.0,0.0,0.9610656338259428,672000.0,645836.1059310335,0.0,0.0,672000.0,0.0,0.0,,,,,,,,,,
commit:25,6,2027-03,744.0,947606764335.5967,947606764335.5967,0.0,4110.231903976979,0.0,0.0,25,14489.768096023021,0.0,0.0,0.9534625892455922,744000.0,709376.1663987206,0.0,0.0,744000.0,0.0,0.0,,,,,,,,,,
commit:25,7,2027-04,720.0,921623998216.7175,921623998216.7175,0.0,3997.5319969324496,0.0,0.0,25,14002.46800306755,0.0,0.0,0.9459196927808919,720000.0,681062.1788022422,0.0,0.0,720000.0,0.0,0.0,,,,,,,,,,
commit:25,8,2027-05,744.0,957106522148.061,957106522148.061,0.0,4151.436978814349,0.0,0.0,25,14448.563021185651,0.0,0.0,0.9384364685966974,744000.0,698196.7326359429,0.0,0.0,744000.0,0.0,0.0,,,,,,,,,,
commit:25,9,2027-06,720.0,930863278798.8401,930863278798.8401,0.0,4037.607255201697,0.0,0.0,25,13962.392744798302,0.0,0.0,0.9310124446222228,720000.0,670328.9601280004,0.0,0.0,720000.0,0.0,0.0,,,,,,,,,,
commit:25,10,2027-07,744.0,966701515032.5951,966701515032.5951,0.0,4193.055134526961,0.0,0.0,25,14406.944865473039,0.0,0.0,0.9236471525212612,744000.0,687193.4814758183,0.0,0.0,744000.0,0.0,0.0,,,,,,,,,,
commit:25,11,2027-08,744.0,971535022607.758,971535022607.758,0.0,4214.020410199596,0.0,0.0,25,14385.979589800405,0.0,0.0,0.9163401276626397,744000.0,681757.054981004,0.0,0.0,744000.0,0.0,0.0,,,,,,,,,,
commit:25,12,2027-09,720.0,944896159084.6421,944896159084.6421,0.0,4098.474689274768,0.0,0.0,25,13901.525310725232,0.0,0.0,0.9090909090909091,720000.0,654545.4545454545,0.0,0.0,720000.0,0.0,0.0,,,,,,,,,,
commit:25,13,2027-10,744.0,981274661209.4006,981274661209.4006,0.0,4256.265964811846,0.0,0.0,25,14343.734035188154,0.0,0.0,0.9018990394972645,744000.0,671012.8853859648,0.0,0.0,744000.0,0.0,0.0,,,,,,,,,,
commit:25,14,2027-11,720.0,954368743079.4653,954368743079.4653,0.0,4139.561898034746,0.0,0.0,25,13860.438101965254,0.0,0.0,0.894764065190697,720000.0,644230.1269373018,0.0,0.0,720000.0,0.0,0.0,,,,,,,,,,
commit:25,15,2027-12,744.0,991111939688.0247,991111939688.0247,0.0,4298.935031109084,0.0,0.0,25,14301.064968890916,0.0,0.0,0.8876855360693732,744000.0,660438.0388356136,0.0,0.0,744000.0,0.0,0.0,,,,,,,,,,
commit:25,16,2028-01,744.0,996067499386.4646,996067499386.4646,0.0,4320.429706264628,0.0,0.0,25,14279.57029373537,0.0,0.0,0.8806630055922402,744000.0,655213.2761606267,0.0,0.0,744000.0,0.0,0.0,,,,,,,,,,
commit:25,17,2028-02,696.0,936464105471.565,936464105471.565,0.0,4061.9007673897618,0.0,0.0,25,13338.099232610239,0.0,0.0,0.873696030750857,696000.0,608092.4374025965,0.0,0.0,696000.0,0.0,0.0,,,,,,,,,,
commit:25,18,2028-03,744.0,1006053076067.8136,1006053076067.8136,0.0,4363.74201406993,0.0,0.0,25,14236.257985930071,0.0,0.0,0.8667841720414474,744000.0,644887.4239988369,0.0,0.0,744000.0,0.0,0.0,,,,,,,,,,
commit:25,19,2028-04,720.0,978467749788.5349,978467749788.5349,0.0,4244.091023361561,0.0,0.0,25,13755.908976638439,0.0,0.0,0.8599269934371745,720000.0,619147.4352747656,0.0,0.0,720000.0,0.0,0.0,,,,,,,,,,
commit:25,20,2028-05,744.0,1016138758155.3933,1016138758155.3933,0.0,4407.488527760981,0.0,0.0,25,14192.511472239019,0.0,0.0,0.8531240623606339,744000.0,634724.3023963117,0.0,0.0,744000.0,0.0,0.0,,,,,,,,,,
commit:25,21,2028-06,720.0,988276888980.1646,988276888980.1646,0.0,4286.638035870759,0.0,0.0,25,13713.36196412924,0.0,0.0,0.8463749496565661,720000.0,609389.9637527276,0.0,0.0,720000.0,0.0,0.0,,,,,,,,,,
commit:25,22,2028-07,744.0,1026325549205.9009,1026325549205.9009,0.0,4451.673600251784,0.0,0.0,25,14148.326399748217,0.0,0.0,0.8396792295647828,744000.0,624721.3467961984,0.0,0.0,744000.0,0.0,0.0,,,,,,,,,,
commit:25,23,2028-08,744.0,1031457176951.9302,1031457176951.9302,0.0,4473.931968253041,0.0,0.0,25,14126.06803174696,0.0,0.0,0.8330364796933087,744000.0,619779.1408918217,0.0,0.0,744000.0,0.0,0.0,,,,,,,,,,
commit:25,24,2028-09,720.0,1003175286616.1516,1003175286616.1516,0.0,4351.259640091264,0.0,0.0,25,13648.740359908736,0.0,0.0,0.8264462809917354,720000.0,595041.3223140495,0.0,0.0,720000.0,0.0,0.0,,,,,,,,,,
commit:25,25,2028-10,744.0,1041797535150.8733,1041797535150.8733,0.0,4518.783136234778,0.0,0.0,25,14081.216863765221,0.0,0.0,0.8199082177247857,744000.0,610011.7139872406,0.0,0.0,744000.0,0.0,0.0,,,,,,,,,,
commit:25,26,2028-11,720.0,1013232118864.478,1013232118864.478,0.0,4394.881017983178,0.0,0.0,25,13605.118982016822,0.0,0.0,0.8134218774460882,720000.0,585663.7517611835,0.0,0.0,720000.0,0.0,0.0,,,,,,,,,,
commit:25,27,2028-12,744.0,1052241555440.7605,1052241555440.7605,0.0,4564.08393717553,0.0,0.0,25,14035.91606282447,0.0,0.0,0.8069868509721573,744000.0,600398.217123285,0.0,0.0,744000.0,0.0,0.0,,,,,,,,,,
commit:25,28,2029-01,744.0,1057502763217.9641,1057502763217.9641,0.0,4586.904356861408,0.0,0.0,25,14013.095643138593,0.0,0.0,0.8006027323565819,744000.0,595648.4328732969,0.0,0.0,744000.0,0.0,0.0,,,,,,,,,,
commit:25,29,2029-02,672.0,959939605063.0164,959939605063.0164,0.0,4163.725438776774,0.0,0.0,25,12636.274561223225,0.0,0.0,0.7942691188644154,672000.0,533748.8478768872,0.0,0.0,672000.0,0.0,0.0,,,,,,,,,,
commit:25,30,2029-03,744.0,1068104228419.2241,1068104228419.2241,0.0,4632.888073038943,0.0,0.0,25,13967.111926961057,0.0,0.0,0.7879856109467703,744000.0,586261.2945443972,0.0,0.0,744000.0,0.0,0.0,,,,,,,,,,
commit:25,31,2029-04,720.0,1038817499575.4711,1038817499575.4711,0.0,4505.857271036261,0.0,0.0,25,13494.14272896374,0.0,0.0,0.7817518122156131,720000.0,562861.3047952414,0.0,0.0,720000.0,0.0,0.0,,,,,,,,,,
commit:25,32,2029-05,744.0,1078811973309.1265,1078811973309.1265,0.0,4679.332775971157,0.0,0.0,25,13920.667224028843,0.0,0.0,0.7755673294187581,744000.0,577022.093087556,0.0,0.0,744000.0,0.0,0.0,,,,,,,,,,
commit:25,33,2029-06,720.0,1049231645008.715,1049231645008.715,0.0,4551.028490178399,0.0,0.0,25,13448.9715098216,0.0,0.0,0.76943177241506,720000.0,553990.8761388432,0.0,0.0,720000.0,0.0,0.0,,,,,,,,,,
commit:25,34,2029-07,744.0,1089627063341.5503,1089627063341.5503,0.0,4726.243087050267,0.0,0.0,25,13873.756912949733,0.0,0.0,0.7633447541498025,744000.0,567928.497087453,0.0,0.0,744000.0,0.0,0.0,,,,,,,,,,
commit:25,35,2029-08,744.0,1095075198658.2579,1095075198658.2579,0.0,4749.874302485518,0.0,0.0,25,13850.125697514482,0.0,0.0,0.7573058906302806,744000.0,563435.5826289288,0.0,0.0,744000.0,0.0,0.0,,,,,,,,,,
commit:25,36,2029-09,720.0,1065048943211.1765,1065048943211.1765,0.0,4619.635813546398,0.0,0.0,25,13380.364186453602,0.0,0.0,0.7513148009015775,720000.0,540946.6566491359,0.0,0.0,720000.0,0.0,0.0,,,,,,,,,,
commit:26,0,time_zero,0.0,0.0,0.0,0.0,0.0,0.0,0.0,26,0.0,0.0,0.0,1.0,0.0,0.0,0.0,0.0,0.0,0.0,0.0,,,,,,,,,,
commit:26,1,2026-10,744.0,924267843072.0002,924267843072.0002,0.0,4008.9996392945927,0.0,0.0,26,15335.000360705408,0.0,0.0,0.992088943446991,773760.0,767638.7408815437,0.0,0.0,773760.0,0.0,0.0,,,,,,,,,,
commit:26,2,2026-11,720.0,898925015116.8,898925015116.8,0.0,3899.0754556365146,0.0,0.0,26,14820.924544363486,0.0,0.0,0.9842404717097668,748800.0,736999.2652162734,0.0,0.0,748800.0,0.0,0.0,,,,,,,,,,
commit:26,3,2026-12,744.0,933533628198.7966,933533628198.7966,0.0,4049.18986067852,0.0,0.0,26,15294.81013932148,0.0,0.0,0.9764540896763105,773760.0,755541.1164279421,0.0,0.0,773760.0,0.0,0.0,,,,,,,,,,
commit:26,4,2027-01,744.0,938201296339.7905,938201296339.7905,0.0,4069.435809981912,0.0,0.0,26,15274.564190018089,0.0,0.0,0.9687293061514642,773760.0,749563.987927757,0.0,0.0,773760.0,0.0,0.0,,,,,,,,,,
commit:26,5,2027-02,672.0,851644660612.9583,851644660612.9583,0.0,3693.9975384803547,0.0,0.0,26,13778.002461519645,0.0,0.0,0.9610656338259428,698880.0,671669.5501682749,0.0,0.0,698880.0,0.0,0.0,,,,,,,,,,
commit:26,6,2027-03,744.0,947606764335.5967,947606764335.5967,0.0,4110.231903976979,0.0,0.0,26,15233.768096023021,0.0,0.0,0.9534625892455922,773760.0,737751.2130546694,0.0,0.0,773760.0,0.0,0.0,,,,,,,,,,
commit:26,7,2027-04,720.0,921623998216.7175,921623998216.7175,0.0,3997.5319969324496,0.0,0.0,26,14722.46800306755,0.0,0.0,0.9459196927808919,748800.0,708304.6659543319,0.0,0.0,748800.0,0.0,0.0,,,,,,,,,,
commit:26,8,2027-05,744.0,957106522148.061,957106522148.061,0.0,4151.436978814349,0.0,0.0,26,15192.563021185651,0.0,0.0,0.9384364685966974,773760.0,726124.6019413805,0.0,0.0,773760.0,0.0,0.0,,,,,,,,,,
commit:26,9,2027-06,720.0,930863278798.8401,930863278798.8401,0.0,4037.607255201697,0.0,0.0,26,14682.392744798302,0.0,0.0,0.9310124446222228,748800.0,697142.1185331204,0.0,0.0,748800.0,0.0,0.0,,,,,,,,,,
commit:26,10,2027-07,744.0,966701515032.5951,966701515032.5951,0.0,4193.055134526961,0.0,0.0,26,15150.944865473039,0.0,0.0,0.9236471525212612,773760.0,714681.2207348511,0.0,0.0,773760.0,0.0,0.0,,,,,,,,,,
commit:26,11,2027-08,744.0,971535022607.758,971535022607.758,0.0,4214.020410199596,0.0,0.0,26,15129.979589800405,0.0,0.0,0.9163401276626397,773760.0,709027.3371802442,0.0,0.0,773760.0,0.0,0.0,,,,,,,,,,
commit:26,12,2027-09,720.0,944896159084.6421,944896159084.6421,0.0,4098.474689274768,0.0,0.0,26,14621.525310725232,0.0,0.0,0.9090909090909091,748800.0,680727.2727272727,0.0,0.0,748800.0,0.0,0.0,,,,,,,,,,
commit:26,13,2027-10,744.0,981274661209.4006,981274661209.4006,0.0,4256.265964811846,0.0,0.0,26,15087.734035188154,0.0,0.0,0.9018990394972645,773760.0,697853.4008014033,0.0,0.0,773760.0,0.0,0.0,,,,,,,,,,
commit:26,14,2027-11,720.0,954368743079.4653,954368743079.4653,0.0,4139.561898034746,0.0,0.0,26,14580.438101965254,0.0,0.0,0.894764065190697,748800.0,669999.3320147939,0.0,0.0,748800.0,0.0,0.0,,,,,,,,,,
commit:26,15,2027-12,744.0,991111939688.0247,991111939688.0247,0.0,4298.935031109084,0.0,0.0,26,15045.064968890916,0.0,0.0,0.8876855360693732,773760.0,686855.5603890382,0.0,0.0,773760.0,0.0,0.0,,,,,,,,,,
commit:26,16,2028-01,744.0,996067499386.4646,996067499386.4646,0.0,4320.429706264628,0.0,0.0,26,15023.57029373537,0.0,0.0,0.8806630055922402,773760.0,681421.8072070518,0.0,0.0,773760.0,0.0,0.0,,,,,,,,,,
commit:26,17,2028-02,696.0,936464105471.565,936464105471.565,0.0,4061.9007673897618,0.0,0.0,26,14034.099232610239,0.0,0.0,0.873696030750857,723840.0,632416.1348987003,0.0,0.0,723840.0,0.0,0.0,,,,,,,,,,
commit:26,18,2028-03,744.0,1006053076067.8136,1006053076067.8136,0.0,4363.74201406993,0.0,0.0,26,14980.257985930071,0.0,0.0,0.8667841720414474,773760.0,670682.9209587903,0.0,0.0,773760.0,0.0,0.0,,,,,,,,,,
commit:26,19,2028-04,720.0,978467749788.5349,978467749788.5349,0.0,4244.091023361561,0.0,0.0,26,14475.908976638439,0.0,0.0,0.8599269934371745,748800.0,643913.3326857563,0.0,0.0,748800.0,0.0,0.0,,,,,,,,,,
commit:26,20,2028-05,744.0,1016138758155.3933,1016138758155.3933,0.0,4407.488527760981,0.0,0.0,26,14936.511472239019,0.0,0.0,0.8531240623606339,773760.0,660113.274492164,0.0,0.0,773760.0,0.0,0.0,,,,,,,,,,
commit:26,21,2028-06,720.0,988276888980.1646,988276888980.1646,0.0,4286.638035870759,0.0,0.0,26,14433.36196412924,0.0,0.0,0.8463749496565661,748800.0,633765.5623028367,0.0,0.0,748800.0,0.0,0.0,,,,,,,,,,
commit:26,22,2028-07,744.0,1026325549205.9009,1026325549205.9009,0.0,4451.673600251784,0.0,0.0,26,14892.326399748217,0.0,0.0,0.8396792295647828,773760.0,649710.2006680464,0.0,0.0,773760.0,0.0,0.0,,,,,,,,,,
commit:26,23,2028-08,744.0,1031457176951.9302,1031457176951.9302,0.0,4473.931968253041,0.0,0.0,26,14870.06803174696,0.0,0.0,0.8330364796933087,773760.0,644570.3065274946,0.0,0.0,773760.0,0.0,0.0,,,,,,,,,,
commit:26,24,2028-09,720.0,1003175286616.1516,1003175286616.1516,0.0,4351.259640091264,0.0,0.0,26,14368.740359908736,0.0,0.0,0.8264462809917354,748800.0,618842.9752066116,0.0,0.0,748800.0,0.0,0.0,,,,,,,,,,
commit:26,25,2028-10,744.0,1041797535150.8733,1041797535150.8733,0.0,4518.783136234778,0.0,0.0,26,14825.216863765221,0.0,0.0,0.8199082177247857,773760.0,634412.1825467302,0.0,0.0,773760.0,0.0,0.0,,,,,,,,,,
commit:26,26,2028-11,720.0,1013232118864.478,1013232118864.478,0.0,4394.881017983178,0.0,0.0,26,14325.118982016822,0.0,0.0,0.8134218774460882,748800.0,609090.3018316309,0.0,0.0,748800.0,0.0,0.0,,,,,,,,,,
commit:26,27,2028-12,744.0,1052241555440.7605,1052241555440.7605,0.0,4564.08393717553,0.0,0.0,26,14779.91606282447,0.0,0.0,0.8069868509721573,773760.0,624414.1458082164,0.0,0.0,773760.0,0.0,0.0,,,,,,,,,,
commit:26,28,2029-01,744.0,1057502763217.9641,1057502763217.9641,0.0,4586.904356861408,0.0,0.0,26,14757.095643138593,0.0,0.0,0.8006027323565819,773760.0,619474.3701882288,0.0,0.0,773760.0,0.0,0.0,,,,,,,,,,
commit:26,29,2029-02,672.0,959939605063.0164,959939605063.0164,0.0,4163.725438776774,0.0,0.0,26,13308.274561223225,0.0,0.0,0.7942691188644154,698880.0,555098.8017919627,0.0,0.0,698880.0,0.0,0.0,,,,,,,,,,
commit:26,30,2029-03,744.0,1068104228419.2241,1068104228419.2241,0.0,4632.888073038943,0.0,0.0,26,14711.111926961057,0.0,0.0,0.7879856109467703,773760.0,609711.746326173,0.0,0.0,773760.0,0.0,0.0,,,,,,,,,,
commit:26,31,2029-04,720.0,1038817499575.4711,1038817499575.4711,0.0,4505.857271036261,0.0,0.0,26,14214.14272896374,0.0,0.0,0.7817518122156131,748800.0,585375.7569870511,0.0,0.0,748800.0,0.0,0.0,,,,,,,,,,
commit:26,32,2029-05,744.0,1078811973309.1265,1078811973309.1265,0.0,4679.332775971157,0.0,0.0,26,14664.667224028843,0.0,0.0,0.7755673294187581,773760.0,600102.9768110582,0.0,0.0,773760.0,0.0,0.0,,,,,,,,,,
commit:26,33,2029-06,720.0,1049231645008.715,1049231645008.715,0.0,4551.028490178399,0.0,0.0,26,14168.9715098216,0.0,0.0,0.76943177241506,748800.0,576150.5111843969,0.0,0.0,748800.0,0.0,0.0,,,,,,,,,,
commit:26,34,2029-07,744.0,1089627063341.5503,1089627063341.5503,0.0,4726.243087050267,0.0,0.0,26,14617.756912949733,0.0,0.0,0.7633447541498025,773760.0,590645.6369709512,0.0,0.0,773760.0,0.0,0.0,,,,,,,,,,
commit:26,35,2029-08,744.0,1095075198658.2579,1095075198658.2579,0.0,4749.874302485518,0.0,0.0,26,14594.125697514482,0.0,0.0,0.7573058906302806,773760.0,585973.0059340859,0.0,0.0,773760.0,0.0,0.0,,,,,,,,,,
commit:26,36,2029-09,720.0,1065048943211.1765,1065048943211.1765,0.0,4619.635813546398,0.0,0.0,26,14100.364186453602,0.0,0.0,0.7513148009015775,748800.0,562584.5229151013,0.0,0.0,748800.0,0.0,0.0,,,,,,,,,,
commit:27,0,time_zero,0.0,0.0,0.0,0.0,0.0,0.0,0.0,27,0.0,0.0,0.0,1.0,0.0,0.0,0.0,0.0,0.0,0.0,0.0,,,,,,,,,,
commit:27,1,2026-10,744.0,924267843072.0002,924267843072.0002,0.0,4008.9996392945927,0.0,0.0,27,16079.000360705408,0.0,0.0,0.992088943446991,803520.0,797163.3078385262,0.0,0.0,803520.0,0.0,0.0,,,,,,,,,,
commit:27,2,2026-11,720.0,898925015116.8,898925015116.8,0.0,3899.0754556365146,0.0,0.0,27,15540.924544363486,0.0,0.0,0.9842404717097668,777600.0,765345.3908015146,0.0,0.0,777600.0,0.0,0.0,,,,,,,,,,
commit:27,3,2026-12,744.0,933533628198.7966,933533628198.7966,0.0,4049.18986067852,0.0,0.0,27,16038.81013932148,0.0,0.0,0.9764540896763105,803520.0,784600.3901367091,0.0,0.0,803520.0,0.0,0.0,,,,,,,,,,
commit:27,4,2027-01,744.0,938201296339.7905,938201296339.7905,0.0,4069.435809981912,0.0,0.0,27,16018.564190018089,0.0,0.0,0.9687293061514642,803520.0,778393.3720788246,0.0,0.0,803520.0,0.0,0.0,,,,,,,,,,
commit:27,5,2027-02,672.0,851644660612.9583,851644660612.9583,0.0,3693.9975384803547,0.0,0.0,27,14450.002461519645,0.0,0.0,0.9610656338259428,725760.0,697502.9944055162,0.0,0.0,725760.0,0.0,0.0,,,,,,,,,,
commit:27,6,2027-03,744.0,947606764335.5967,947606764335.5967,0.0,4110.231903976979,0.0,0.0,27,15977.768096023021,0.0,0.0,0.9534625892455922,803520.0,766126.2597106183,0.0,0.0,803520.0,0.0,0.0,,,,,,,,,,
commit:27,7,2027-04,720.0,921623998216.7175,921623998216.7175,0.0,3997.5319969324496,0.0,0.0,27,15442.46800306755,0.0,0.0,0.9459196927808919,777600.0,735547.1531064216,0.0,0.0,777600.0,0.0,0.0,,,,,,,,,,
commit:27,8,2027-05,744.0,957106522148.061,957106522148.061,0.0,4151.436978814349,0.0,0.0,27,15936.563021185651,0.0,0.0,0.9384364685966974,803520.0,754052.4712468183,0.0,0.0,803520.0,0.0,0.0,,,,,,,,,,
commit:27,9,2027-06,720.0,930863278798.8401,930863278798.8401,0.0,4037.607255201697,0.0,0.0,27,15402.392744798302,0.0,0.0,0.9310124446222228,777600.0,723955.2769382404,0.0,0.0,777600.0,0.0,0.0,,,,,,,,,,
commit:27,10,2027-07,744.0,966701515032.5951,966701515032.5951,0.0,4193.055134526961,0.0,0.0,27,15894.944865473039,0.0,0.0,0.9236471525212612,803520.0,742168.9599938837,0.0,0.0,803520.0,0.0,0.0,,,,,,,,,,
commit:27,11,2027-08,744.0,971535022607.758,971535022607.758,0.0,4214.020410199596,0.0,0.0,27,15873.979589800405,0.0,0.0,0.9163401276626397,803520.0,736297.6193794843,0.0,0.0,803520.0,0.0,0.0,,,,,,,,,,
commit:27,12,2027-09,720.0,944896159084.6421,944896159084.6421,0.0,4098.474689274768,0.0,0.0,27,15341.525310725232,0.0,0.0,0.9090909090909091,777600.0,706909.0909090909,0.0,0.0,777600.0,0.0,0.0,,,,,,,,,,
commit:27,13,2027-10,744.0,981274661209.4006,981274661209.4006,0.0,4256.265964811846,0.0,0.0,27,15831.734035188154,0.0,0.0,0.9018990394972645,803520.0,724693.9162168419,0.0,0.0,803520.0,0.0,0.0,,,,,,,,,,
commit:27,14,2027-11,720.0,954368743079.4653,954368743079.4653,0.0,4139.561898034746,0.0,0.0,27,15300.438101965254,0.0,0.0,0.894764065190697,777600.0,695768.5370922859,0.0,0.0,777600.0,0.0,0.0,,,,,,,,,,
commit:27,15,2027-12,744.0,991111939688.0247,991111939688.0247,0.0,4298.935031109084,0.0,0.0,27,15789.064968890916,0.0,0.0,0.8876855360693732,803520.0,713273.0819424627,0.0,0.0,803520.0,0.0,0.0,,,,,,,,,,
commit:27,16,2028-01,744.0,996067499386.4646,996067499386.4646,0.0,4320.429706264628,0.0,0.0,27,15767.57029373537,0.0,0.0,0.8806630055922402,803520.0,707630.3382534769,0.0,0.0,803520.0,0.0,0.0,,,,,,,,,,
commit:27,17,2028-02,696.0,936464105471.565,936464105471.565,0.0,4061.9007673897618,0.0,0.0,27,14730.099232610239,0.0,0.0,0.873696030750857,751680.0,656739.8323948042,0.0,0.0,751680.0,0.0,0.0,,,,,,,,,,
commit:27,18,2028-03,744.0,1006053076067.8136,1006053076067.8136,0.0,4363.74201406993,0.0,0.0,27,15724.257985930071,0.0,0.0,0.8667841720414474,803520.0,696478.4179187438,0.0,0.0,803520.0,0.0,0.0,,,,,,,,,,
commit:27,19,2028-04,720.0,978467749788.5349,978467749788.5349,0.0,4244.091023361561,0.0,0.0,27,15195.908976638439,0.0,0.0,0.8599269934371745,777600.0,668679.2300967469,0.0,0.0,777600.0,0.0,0.0,,,,,,,,,,
commit:27,20,2028-05,744.0,1016138758155.3933,1016138758155.3933,0.0,4407.488527760981,0.0,0.0,27,15680.511472239019,0.0,0.0,0.8531240623606339,803520.0,685502.2465880165,0.0,0.0,803520.0,0.0,0.0,,,,,,,,,,
commit:27,21,2028-06,720.0,988276888980.1646,988276888980.1646,0.0,4286.638035870759,0.0,0.0,27,15153.36196412924,0.0,0.0,0.8463749496565661,777600.0,658141.1608529458,0.0,0.0,777600.0,0.0,0.0,,,,,,,,,,
commit:27,22,2028-07,744.0,1026325549205.9009,1026325549205.9009,0.0,4451.673600251784,0.0,0.0,27,15636.326399748217,0.0,0.0,0.8396792295647828,803520.0,674699.0545398943,0.0,0.0,803520.0,0.0,0.0,,,,,,,,,,
commit:27,23,2028-08,744.0,1031457176951.9302,1031457176951.9302,0.0,4473.931968253041,0.0,0.0,27,15614.06803174696,0.0,0.0,0.8330364796933087,803520.0,669361.4721631674,0.0,0.0,803520.0,0.0,0.0,,,,,,,,,,
commit:27,24,2028-09,720.0,1003175286616.1516,1003175286616.1516,0.0,4351.259640091264,0.0,0.0,27,15088.740359908736,0.0,0.0,0.8264462809917354,777600.0,642644.6280991735,0.0,0.0,777600.0,0.0,0.0,,,,,,,,,,
commit:27,25,2028-10,744.0,1041797535150.8733,1041797535150.8733,0.0,4518.783136234778,0.0,0.0,27,15569.216863765221,0.0,0.0,0.8199082177247857,803520.0,658812.6511062199,0.0,0.0,803520.0,0.0,0.0,,,,,,,,,,
commit:27,26,2028-11,720.0,1013232118864.478,1013232118864.478,0.0,4394.881017983178,0.0,0.0,27,15045.118982016822,0.0,0.0,0.8134218774460882,777600.0,632516.8519020781,0.0,0.0,777600.0,0.0,0.0,,,,,,,,,,
commit:27,27,2028-12,744.0,1052241555440.7605,1052241555440.7605,0.0,4564.08393717553,0.0,0.0,27,15523.91606282447,0.0,0.0,0.8069868509721573,803520.0,648430.0744931478,0.0,0.0,803520.0,0.0,0.0,,,,,,,,,,
commit:27,28,2029-01,744.0,1057502763217.9641,1057502763217.9641,0.0,4586.904356861408,0.0,0.0,27,15501.095643138593,0.0,0.0,0.8006027323565819,803520.0,643300.3075031607,0.0,0.0,803520.0,0.0,0.0,,,,,,,,,,
commit:27,29,2029-02,672.0,959939605063.0164,959939605063.0164,0.0,4163.725438776774,0.0,0.0,27,13980.274561223225,0.0,0.0,0.7942691188644154,725760.0,576448.7557070381,0.0,0.0,725760.0,0.0,0.0,,,,,,,,,,
commit:27,30,2029-03,744.0,1068104228419.2241,1068104228419.2241,0.0,4632.888073038943,0.0,0.0,27,15455.111926961057,0.0,0.0,0.7879856109467703,803520.0,633162.1981079489,0.0,0.0,803520.0,0.0,0.0,,,,,,,,,,
commit:27,31,2029-04,720.0,1038817499575.4711,1038817499575.4711,0.0,4505.857271036261,0.0,0.0,27,14934.14272896374,0.0,0.0,0.7817518122156131,777600.0,607890.2091788608,0.0,0.0,777600.0,0.0,0.0,,,,,,,,,,
commit:27,32,2029-05,744.0,1078811973309.1265,1078811973309.1265,0.0,4679.332775971157,0.0,0.0,27,15408.667224028843,0.0,0.0,0.7755673294187581,803520.0,623183.8605345605,0.0,0.0,803520.0,0.0,0.0,,,,,,,,,,
commit:27,33,2029-06,720.0,1049231645008.715,1049231645008.715,0.0,4551.028490178399,0.0,0.0,27,14888.9715098216,0.0,0.0,0.76943177241506,777600.0,598310.1462299507,0.0,0.0,777600.0,0.0,0.0,,,,,,,,,,
commit:27,34,2029-07,744.0,1089627063341.5503,1089627063341.5503,0.0,4726.243087050267,0.0,0.0,27,15361.756912949733,0.0,0.0,0.7633447541498025,803520.0,613362.7768544493,0.0,0.0,803520.0,0.0,0.0,,,,,,,,,,
commit:27,35,2029-08,744.0,1095075198658.2579,1095075198658.2579,0.0,4749.874302485518,0.0,0.0,27,15338.125697514482,0.0,0.0,0.7573058906302806,803520.0,608510.4292392432,0.0,0.0,803520.0,0.0,0.0,,,,,,,,,,
commit:27,36,2029-09,720.0,1065048943211.1765,1065048943211.1765,0.0,4619.635813546398,0.0,0.0,27,14820.364186453602,0.0,0.0,0.7513148009015775,777600.0,584222.3891810667,0.0,0.0,777600.0,0.0,0.0,,,,,,,,,,
commit:28,0,time_zero,0.0,0.0,0.0,0.0,0.0,0.0,0.0,28,0.0,0.0,0.0,1.0,0.0,0.0,0.0,0.0,0.0,0.0,0.0,,,,,,,,,,
commit:28,1,2026-10,744.0,924267843072.0002,924267843072.0002,0.0,4008.9996392945927,0.0,0.0,28,16823.000360705406,0.0,0.0,0.992088943446991,833280.0,826687.8747955086,0.0,0.0,833280.0,0.0,0.0,,,,,,,,,,
commit:28,2,2026-11,720.0,898925015116.8,898925015116.8,0.0,3899.0754556365146,0.0,0.0,28,16260.924544363486,0.0,0.0,0.9842404717097668,806400.0,793691.516386756,0.0,0.0,806400.0,0.0,0.0,,,,,,,,,,
commit:28,3,2026-12,744.0,933533628198.7966,933533628198.7966,0.0,4049.18986067852,0.0,0.0,28,16782.810139321482,0.0,0.0,0.9764540896763105,833280.0,813659.663845476,0.0,0.0,833280.0,0.0,0.0,,,,,,,,,,
commit:28,4,2027-01,744.0,938201296339.7905,938201296339.7905,0.0,4069.435809981912,0.0,0.0,28,16762.56419001809,0.0,0.0,0.9687293061514642,833280.0,807222.7562298921,0.0,0.0,833280.0,0.0,0.0,,,,,,,,,,
commit:28,5,2027-02,672.0,851644660612.9583,851644660612.9583,0.0,3693.9975384803547,0.0,0.0,28,15122.002461519645,0.0,0.0,0.9610656338259428,752640.0,723336.4386427576,0.0,0.0,752640.0,0.0,0.0,,,,,,,,,,
commit:28,6,2027-03,744.0,947606764335.5967,947606764335.5967,0.0,4110.231903976979,0.0,0.0,28,16721.76809602302,0.0,0.0,0.9534625892455922,833280.0,794501.3063665672,0.0,0.0,833280.0,0.0,0.0,,,,,,,,,,
commit:28,7,2027-04,720.0,921623998216.7175,921623998216.7175,0.0,3997.5319969324496,0.0,0.0,28,16162.46800306755,0.0,0.0,0.9459196927808919,806400.0,762789.6402585113,0.0,0.0,806400.0,0.0,0.0,,,,,,,,,,
commit:28,8,2027-05,744.0,957106522148.061,957106522148.061,0.0,4151.436978814349,0.0,0.0,28,16680.56302118565,0.0,0.0,0.9384364685966974,833280.0,781980.340552256,0.0,0.0,833280.0,0.0,0.0,,,,,,,,,,
commit:28,9,2027-06,720.0,930863278798.8401,930863278798.8401,0.0,4037.607255201697,0.0,0.0,28,16122.392744798302,0.0,0.0,0.9310124446222228,806400.0,750768.4353433604,0.0,0.0,806400.0,0.0,0.0,,,,,,,,,,
commit:28,10,2027-07,744.0,966701515032.5951,966701515032.5951,0.0,4193.055134526961,0.0,0.0,28,16638.944865473037,0.0,0.0,0.9236471525212612,833280.0,769656.6992529165,0.0,0.0,833280.0,0.0,0.0,,,,,,,,,,
commit:28,11,2027-08,744.0,971535022607.758,971535022607.758,0.0,4214.020410199596,0.0,0.0,28,16617.979589800405,0.0,0.0,0.9163401276626397,833280.0,763567.9015787244,0.0,0.0,833280.0,0.0,0.0,,,,,,,,,,
commit:28,12,2027-09,720.0,944896159084.6421,944896159084.6421,0.0,4098.474689274768,0.0,0.0,28,16061.525310725232,0.0,0.0,0.9090909090909091,806400.0,733090.9090909091,0.0,0.0,806400.0,0.0,0.0,,,,,,,,,,
commit:28,13,2027-10,744.0,981274661209.4006,981274661209.4006,0.0,4256.265964811846,0.0,0.0,28,16575.734035188154,0.0,0.0,0.9018990394972645,833280.0,751534.4316322806,0.0,0.0,833280.0,0.0,0.0,,,,,,,,,,
commit:28,14,2027-11,720.0,954368743079.4653,954368743079.4653,0.0,4139.561898034746,0.0,0.0,28,16020.438101965254,0.0,0.0,0.894764065190697,806400.0,721537.742169778,0.0,0.0,806400.0,0.0,0.0,,,,,,,,,,
commit:28,15,2027-12,744.0,991111939688.0247,991111939688.0247,0.0,4298.935031109084,0.0,0.0,28,16533.064968890918,0.0,0.0,0.8876855360693732,833280.0,739690.6034958872,0.0,0.0,833280.0,0.0,0.0,,,,,,,,,,
commit:28,16,2028-01,744.0,996067499386.4646,996067499386.4646,0.0,4320.429706264628,0.0,0.0,28,16511.57029373537,0.0,0.0,0.8806630055922402,833280.0,733838.8692999019,0.0,0.0,833280.0,0.0,0.0,,,,,,,,,,
commit:28,17,2028-02,696.0,936464105471.565,936464105471.565,0.0,4061.9007673897618,0.0,0.0,28,15426.099232610239,0.0,0.0,0.873696030750857,779520.0,681063.529890908,0.0,0.0,779520.0,0.0,0.0,,,,,,,,,,
commit:28,18,2028-03,744.0,1006053076067.8136,1006053076067.8136,0.0,4363.74201406993,0.0,0.0,28,16468.25798593007,0.0,0.0,0.8667841720414474,833280.0,722273.9148786973,0.0,0.0,833280.0,0.0,0.0,,,,,,,,,,
commit:28,19,2028-04,720.0,978467749788.5349,978467749788.5349,0.0,4244.091023361561,0.0,0.0,28,15915.908976638439,0.0,0.0,0.8599269934371745,806400.0,693445.1275077375,0.0,0.0,806400.0,0.0,0.0,,,,,,,,,,
commit:28,20,2028-05,744.0,1016138758155.3933,1016138758155.3933,0.0,4407.488527760981,0.0,0.0,28,16424.51147223902,0.0,0.0,0.8531240623606339,833280.0,710891.218683869,0.0,0.0,833280.0,0.0,0.0,,,,,,,,,,
commit:28,21,2028-06,720.0,988276888980.1646,988276888980.1646,0.0,4286.638035870759,0.0,0.0,28,15873.36196412924,0.0,0.0,0.8463749496565661,806400.0,682516.759403055,0.0,0.0,806400.0,0.0,0.0,,,,,,,,,,
commit:28,22,2028-07,744.0,1026325549205.9009,1026325549205.9009,0.0,4451.673600251784,0.0,0.0,28,16380.326399748217,0.0,0.0,0.8396792295647828,833280.0,699687.9084117422,0.0,0.0,833280.0,0.0,0.0,,,,,,,,,,
commit:28,23,2028-08,744.0,1031457176951.9302,1031457176951.9302,0.0,4473.931968253041,0.0,0.0,28,16358.06803174696,0.0,0.0,0.8330364796933087,833280.0,694152.6377988403,0.0,0.0,833280.0,0.0,0.0,,,,,,,,,,
commit:28,24,2028-09,720.0,1003175286616.1516,1003175286616.1516,0.0,4351.259640091264,0.0,0.0,28,15808.740359908736,0.0,0.0,0.8264462809917354,806400.0,666446.2809917355,0.0,0.0,806400.0,0.0,0.0,,,,,,,,,,
commit:28,25,2028-10,744.0,1041797535150.8733,1041797535150.8733,0.0,4518.783136234778,0.0,0.0,28,16313.216863765221,0.0,0.0,0.8199082177247857,833280.0,683213.1196657094,0.0,0.0,833280.0,0.0,0.0,,,,,,,,,,
commit:28,26,2028-11,720.0,1013232118864.478,1013232118864.478,0.0,4394.881017983178,0.0,0.0,28,15765.118982016822,0.0,0.0,0.8134218774460882,806400.0,655943.4019725255,0.0,0.0,806400.0,0.0,0.0,,,,,,,,,,
commit:28,27,2028-12,744.0,1052241555440.7605,1052241555440.7605,0.0,4564.08393717553,0.0,0.0,28,16267.91606282447,0.0,0.0,0.8069868509721573,833280.0,672446.0031780793,0.0,0.0,833280.0,0.0,0.0,,,,,,,,,,
commit:28,28,2029-01,744.0,1057502763217.9641,1057502763217.9641,0.0,4586.904356861408,0.0,0.0,28,16245.095643138593,0.0,0.0,0.8006027323565819,833280.0,667126.2448180926,0.0,0.0,833280.0,0.0,0.0,,,,,,,,,,
commit:28,29,2029-02,672.0,959939605063.0164,959939605063.0164,0.0,4163.725438776774,0.0,0.0,28,14652.274561223225,0.0,0.0,0.7942691188644154,752640.0,597798.7096221136,0.0,0.0,752640.0,0.0,0.0,,,,,,,,,,
commit:28,30,2029-03,744.0,1068104228419.2241,1068104228419.2241,0.0,4632.888073038943,0.0,0.0,28,16199.111926961057,0.0,0.0,0.7879856109467703,833280.0,656612.6498897248,0.0,0.0,833280.0,0.0,0.0,,,,,,,,,,
commit:28,31,2029-04,720.0,1038817499575.4711,1038817499575.4711,0.0,4505.857271036261,0.0,0.0,28,15654.14272896374,0.0,0.0,0.7817518122156131,806400.0,630404.6613706704,0.0,0.0,806400.0,0.0,0.0,,,,,,,,,,
commit:28,32,2029-05,744.0,1078811973309.1265,1078811973309.1265,0.0,4679.332775971157,0.0,0.0,28,16152.667224028843,0.0,0.0,0.7755673294187581,833280.0,646264.7442580627,0.0,0.0,833280.0,0.0,0.0,,,,,,,,,,
commit:28,33,2029-06,720.0,1049231645008.715,1049231645008.715,0.0,4551.028490178399,0.0,0.0,28,15608.9715098216,0.0,0.0,0.76943177241506,806400.0,620469.7812755044,0.0,0.0,806400.0,0.0,0.0,,,,,,,,,,
commit:28,34,2029-07,744.0,1089627063341.5503,1089627063341.5503,0.0,4726.243087050267,0.0,0.0,28,16105.756912949733,0.0,0.0,0.7633447541498025,833280.0,636079.9167379475,0.0,0.0,833280.0,0.0,0.0,,,,,,,,,,
commit:28,35,2029-08,744.0,1095075198658.2579,1095075198658.2579,0.0,4749.874302485518,0.0,0.0,28,16082.125697514482,0.0,0.0,0.7573058906302806,833280.0,631047.8525444003,0.0,0.0,833280.0,0.0,0.0,,,,,,,,,,
commit:28,36,2029-09,720.0,1065048943211.1765,1065048943211.1765,0.0,4619.635813546398,0.0,0.0,28,15540.364186453602,0.0,0.0,0.7513148009015775,806400.0,605860.2554470322,0.0,0.0,806400.0,0.0,0.0,,,,,,,,,,
commit:29,0,time_zero,0.0,0.0,0.0,0.0,0.0,0.0,0.0,29,0.0,0.0,0.0,1.0,0.0,0.0,0.0,0.0,0.0,0.0,0.0,,,,,,,,,,
commit:29,1,2026-10,744.0,924267843072.0002,924267843072.0002,0.0,4008.9996392945927,0.0,0.0,29,17567.000360705406,0.0,0.0,0.992088943446991,863040.0,856212.441752491,0.0,0.0,863040.0,0.0,0.0,,,,,,,,,,
commit:29,2,2026-11,720.0,898925015116.8,898925015116.8,0.0,3899.0754556365146,0.0,0.0,29,16980.924544363486,0.0,0.0,0.9842404717097668,835200.0,822037.6419719972,0.0,0.0,835200.0,0.0,0.0,,,,,,,,,,
commit:29,3,2026-12,744.0,933533628198.7966,933533628198.7966,0.0,4049.18986067852,0.0,0.0,29,17526.810139321482,0.0,0.0,0.9764540896763105,863040.0,842718.937554243,0.0,0.0,863040.0,0.0,0.0,,,,,,,,,,
commit:29,4,2027-01,744.0,938201296339.7905,938201296339.7905,0.0,4069.435809981912,0.0,0.0,29,17506.56419001809,0.0,0.0,0.9687293061514642,863040.0,836052.1403809597,0.0,0.0,863040.0,0.0,0.0,,,,,,,,,,
commit:29,5,2027-02,672.0,851644660612.9583,851644660612.9583,0.0,3693.9975384803547,0.0,0.0,29,15794.002461519645,0.0,0.0,0.9610656338259428,779520.0,749169.8828799989,0.0,0.0,779520.0,0.0,0.0,,,,,,,,,,
commit:29,6,2027-03,744.0,947606764335.5967,947606764335.5967,0.0,4110.231903976979,0.0,0.0,29,17465.76809602302,0.0,0.0,0.9534625892455922,863040.0,822876.3530225159,0.0,0.0,863040.0,0.0,0.0,,,,,,,,,,
commit:29,7,2027-04,720.0,921623998216.7175,921623998216.7175,0.0,3997.5319969324496,0.0,0.0,29,16882.46800306755,0.0,0.0,0.9459196927808919,835200.0,790032.1274106009,0.0,0.0,835200.0,0.0,0.0,,,,,,,,,,
commit:29,8,2027-05,744.0,957106522148.061,957106522148.061,0.0,4151.436978814349,0.0,0.0,29,17424.56302118565,0.0,0.0,0.9384364685966974,863040.0,809908.2098576938,0.0,0.0,863040.0,0.0,0.0,,,,,,,,,,
commit:29,9,2027-06,720.0,930863278798.8401,930863278798.8401,0.0,4037.607255201697,0.0,0.0,29,16842.392744798304,0.0,0.0,0.9310124446222228,835200.0,777581.5937484804,0.0,0.0,835200.0,0.0,0.0,,,,,,,,,,
commit:29,10,2027-07,744.0,966701515032.5951,966701515032.5951,0.0,4193.055134526961,0.0,0.0,29,17382.944865473037,0.0,0.0,0.9236471525212612,863040.0,797144.4385119493,0.0,0.0,863040.0,0.0,0.0,,,,,,,,,,
commit:29,11,2027-08,744.0,971535022607.758,971535022607.758,0.0,4214.020410199596,0.0,0.0,29,17361.979589800405,0.0,0.0,0.9163401276626397,863040.0,790838.1837779646,0.0,0.0,863040.0,0.0,0.0,,,,,,,,,,
commit:29,12,2027-09,720.0,944896159084.6421,944896159084.6421,0.0,4098.474689274768,0.0,0.0,29,16781.525310725232,0.0,0.0,0.9090909090909091,835200.0,759272.7272727273,0.0,0.0,835200.0,0.0,0.0,,,,,,,,,,
commit:29,13,2027-10,744.0,981274661209.4006,981274661209.4006,0.0,4256.265964811846,0.0,0.0,29,17319.734035188154,0.0,0.0,0.9018990394972645,863040.0,778374.9470477191,0.0,0.0,863040.0,0.0,0.0,,,,,,,,,,
commit:29,14,2027-11,720.0,954368743079.4653,954368743079.4653,0.0,4139.561898034746,0.0,0.0,29,16740.438101965254,0.0,0.0,0.894764065190697,835200.0,747306.9472472701,0.0,0.0,835200.0,0.0,0.0,,,,,,,,,,
commit:29,15,2027-12,744.0,991111939688.0247,991111939688.0247,0.0,4298.935031109084,0.0,0.0,29,17277.064968890918,0.0,0.0,0.8876855360693732,863040.0,766108.1250493118,0.0,0.0,863040.0,0.0,0.0,,,,,,,,,,
commit:29,16,2028-01,744.0,996067499386.4646,996067499386.4646,0.0,4320.429706264628,0.0,0.0,29,17255.57029373537,0.0,0.0,0.8806630055922402,863040.0,760047.400346327,0.0,0.0,863040.0,0.0,0.0,,,,,,,,,,
commit:29,17,2028-02,696.0,936464105471.565,936464105471.565,0.0,4061.9007673897618,0.0,0.0,29,16122.099232610239,0.0,0.0,0.873696030750857,807360.0,705387.2273870119,0.0,0.0,807360.0,0.0,0.0,,,,,,,,,,
commit:29,18,2028-03,744.0,1006053076067.8136,1006053076067.8136,0.0,4363.74201406993,0.0,0.0,29,17212.25798593007,0.0,0.0,0.8667841720414474,863040.0,748069.4118386508,0.0,0.0,863040.0,0.0,0.0,,,,,,,,,,
commit:29,19,2028-04,720.0,978467749788.5349,978467749788.5349,0.0,4244.091023361561,0.0,0.0,29,16635.90897663844,0.0,0.0,0.8599269934371745,835200.0,718211.0249187282,0.0,0.0,835200.0,0.0,0.0,,,,,,,,,,
commit:29,20,2028-05,744.0,1016138758155.3933,1016138758155.3933,0.0,4407.488527760981,0.0,0.0,29,17168.51147223902,0.0,0.0,0.8531240623606339,863040.0,736280.1907797215,0.0,0.0,863040.0,0.0,0.0,,,,,,,,,,
commit:29,21,2028-06,720.0,988276888980.1646,988276888980.1646,0.0,4286.638035870759,0.0,0.0,29,16593.36196412924,0.0,0.0,0.8463749496565661,835200.0,706892.357953164,0.0,0.0,835200.0,0.0,0.0,,,,,,,,,,
commit:29,22,2028-07,744.0,1026325549205.9009,1026325549205.9009,0.0,4451.673600251784,0.0,0.0,29,17124.326399748217,0.0,0.0,0.8396792295647828,863040.0,724676.7622835902,0.0,0.0,863040.0,0.0,0.0,,,,,,,,,,
commit:29,23,2028-08,744.0,1031457176951.9302,1031457176951.9302,0.0,4473.931968253041,0.0,0.0,29,17102.06803174696,0.0,0.0,0.8330364796933087,863040.0,718943.8034345132,0.0,0.0,863040.0,0.0,0.0,,,,,,,,,,
commit:29,24,2028-09,720.0,1003175286616.1516,1003175286616.1516,0.0,4351.259640091264,0.0,0.0,29,16528.740359908734,0.0,0.0,0.8264462809917354,835200.0,690247.9338842975,0.0,0.0,835200.0,0.0,0.0,,,,,,,,,,
commit:29,25,2028-10,744.0,1041797535150.8733,1041797535150.8733,0.0,4518.783136234778,0.0,0.0,29,17057.21686376522,0.0,0.0,0.8199082177247857,863040.0,707613.588225199,0.0,0.0,863040.0,0.0,0.0,,,,,,,,,,
commit:29,26,2028-11,720.0,1013232118864.478,1013232118864.478,0.0,4394.881017983178,0.0,0.0,29,16485.118982016822,0.0,0.0,0.8134218774460882,835200.0,679369.9520429729,0.0,0.0,835200.0,0.0,0.0,,,,,,,,,,
commit:29,27,2028-12,744.0,1052241555440.7605,1052241555440.7605,0.0,4564.08393717553,0.0,0.0,29,17011.91606282447,0.0,0.0,0.8069868509721573,863040.0,696461.9318630106,0.0,0.0,863040.0,0.0,0.0,,,,,,,,,,
commit:29,28,2029-01,744.0,1057502763217.9641,1057502763217.9641,0.0,4586.904356861408,0.0,0.0,29,16989.095643138593,0.0,0.0,0.8006027323565819,863040.0,690952.1821330244,0.0,0.0,863040.0,0.0,0.0,,,,,,,,,,
commit:29,29,2029-02,672.0,959939605063.0164,959939605063.0164,0.0,4163.725438776774,0.0,0.0,29,15324.274561223225,0.0,0.0,0.7942691188644154,779520.0,619148.6635371891,0.0,0.0,779520.0,0.0,0.0,,,,,,,,,,
commit:29,30,2029-03,744.0,1068104228419.2241,1068104228419.2241,0.0,4632.888073038943,0.0,0.0,29,16943.111926961057,0.0,0.0,0.7879856109467703,863040.0,680063.1016715007,0.0,0.0,863040.0,0.0,0.0,,,,,,,,,,
commit:29,31,2029-04,720.0,1038817499575.4711,1038817499575.4711,0.0,4505.857271036261,0.0,0.0,29,16374.14272896374,0.0,0.0,0.7817518122156131,835200.0,652919.1135624801,0.0,0.0,835200.0,0.0,0.0,,,,,,,,,,
commit:29,32,2029-05,744.0,1078811973309.1265,1078811973309.1265,0.0,4679.332775971157,0.0,0.0,29,16896.667224028843,0.0,0.0,0.7755673294187581,863040.0,669345.627981565,0.0,0.0,863040.0,0.0,0.0,,,,,,,,,,
commit:29,33,2029-06,720.0,1049231645008.715,1049231645008.715,0.0,4551.028490178399,0.0,0.0,29,16328.9715098216,0.0,0.0,0.76943177241506,835200.0,642629.4163210581,0.0,0.0,835200.0,0.0,0.0,,,,,,,,,,
commit:29,34,2029-07,744.0,1089627063341.5503,1089627063341.5503,0.0,4726.243087050267,0.0,0.0,29,16849.756912949735,0.0,0.0,0.7633447541498025,863040.0,658797.0566214456,0.0,0.0,863040.0,0.0,0.0,,,,,,,,,,
commit:29,35,2029-08,744.0,1095075198658.2579,1095075198658.2579,0.0,4749.874302485518,0.0,0.0,29,16826.125697514482,0.0,0.0,0.7573058906302806,863040.0,653585.2758495574,0.0,0.0,863040.0,0.0,0.0,,,,,,,,,,
commit:29,36,2029-09,720.0,1065048943211.1765,1065048943211.1765,0.0,4619.635813546398,0.0,0.0,29,16260.364186453602,0.0,0.0,0.7513148009015775,835200.0,627498.1217129976,0.0,0.0,835200.0,0.0,0.0,,,,,,,,,,
commit:30,0,time_zero,0.0,0.0,0.0,0.0,0.0,0.0,0.0,30,0.0,0.0,0.0,1.0,0.0,0.0,0.0,0.0,0.0,0.0,0.0,,,,,,,,,,
commit:30,1,2026-10,744.0,924267843072.0002,924267843072.0002,0.0,4008.9996392945927,0.0,0.0,30,18311.000360705406,0.0,0.0,0.992088943446991,892800.0,885737.0087094735,0.0,0.0,892800.0,0.0,0.0,,,,,,,,,,
commit:30,2,2026-11,720.0,898925015116.8,898925015116.8,0.0,3899.0754556365146,0.0,0.0,30,17700.924544363486,0.0,0.0,0.9842404717097668,864000.0,850383.7675572386,0.0,0.0,864000.0,0.0,0.0,,,,,,,,,,
commit:30,3,2026-12,744.0,933533628198.7966,933533628198.7966,0.0,4049.18986067852,0.0,0.0,30,18270.810139321482,0.0,0.0,0.9764540896763105,892800.0,871778.21126301,0.0,0.0,892800.0,0.0,0.0,,,,,,,,,,
commit:30,4,2027-01,744.0,938201296339.7905,938201296339.7905,0.0,4069.435809981912,0.0,0.0,30,18250.56419001809,0.0,0.0,0.9687293061514642,892800.0,864881.5245320273,0.0,0.0,892800.0,0.0,0.0,,,,,,,,,,
commit:30,5,2027-02,672.0,851644660612.9583,851644660612.9583,0.0,3693.9975384803547,0.0,0.0,30,16466.002461519645,0.0,0.0,0.9610656338259428,806400.0,775003.3271172403,0.0,0.0,806400.0,0.0,0.0,,,,,,,,,,
commit:30,6,2027-03,744.0,947606764335.5967,947606764335.5967,0.0,4110.231903976979,0.0,0.0,30,18209.76809602302,0.0,0.0,0.9534625892455922,892800.0,851251.3996784647,0.0,0.0,892800.0,0.0,0.0,,,,,,,,,,
commit:30,7,2027-04,720.0,921623998216.7175,921623998216.7175,0.0,3997.5319969324496,0.0,0.0,30,17602.46800306755,0.0,0.0,0.9459196927808919,864000.0,817274.6145626906,0.0,0.0,864000.0,0.0,0.0,,,,,,,,,,
commit:30,8,2027-05,744.0,957106522148.061,957106522148.061,0.0,4151.436978814349,0.0,0.0,30,18168.56302118565,0.0,0.0,0.9384364685966974,892800.0,837836.0791631314,0.0,0.0,892800.0,0.0,0.0,,,,,,,,,,
commit:30,9,2027-06,720.0,930863278798.8401,930863278798.8401,0.0,4037.607255201697,0.0,0.0,30,17562.392744798304,0.0,0.0,0.9310124446222228,864000.0,804394.7521536004,0.0,0.0,864000.0,0.0,0.0,,,,,,,,,,
commit:30,10,2027-07,744.0,966701515032.5951,966701515032.5951,0.0,4193.055134526961,0.0,0.0,30,18126.944865473037,0.0,0.0,0.9236471525212612,892800.0,824632.177770982,0.0,0.0,892800.0,0.0,0.0,,,,,,,,,,
commit:30,11,2027-08,744.0,971535022607.758,971535022607.758,0.0,4214.020410199596,0.0,0.0,30,18105.979589800405,0.0,0.0,0.9163401276626397,892800.0,818108.4659772047,0.0,0.0,892800.0,0.0,0.0,,,,,,,,,,
commit:30,12,2027-09,720.0,944896159084.6421,944896159084.6421,0.0,4098.474689274768,0.0,0.0,30,17501.525310725232,0.0,0.0,0.9090909090909091,864000.0,785454.5454545454,0.0,0.0,864000.0,0.0,0.0,,,,,,,,,,
commit:30,13,2027-10,744.0,981274661209.4006,981274661209.4006,0.0,4256.265964811846,0.0,0.0,30,18063.734035188154,0.0,0.0,0.9018990394972645,892800.0,805215.4624631577,0.0,0.0,892800.0,0.0,0.0,,,,,,,,,,
commit:30,14,2027-11,720.0,954368743079.4653,954368743079.4653,0.0,4139.561898034746,0.0,0.0,30,17460.438101965254,0.0,0.0,0.894764065190697,864000.0,773076.1523247622,0.0,0.0,864000.0,0.0,0.0,,,,,,,,,,
commit:30,15,2027-12,744.0,991111939688.0247,991111939688.0247,0.0,4298.935031109084,0.0,0.0,30,18021.064968890918,0.0,0.0,0.8876855360693732,892800.0,792525.6466027363,0.0,0.0,892800.0,0.0,0.0,,,,,,,,,,
commit:30,16,2028-01,744.0,996067499386.4646,996067499386.4646,0.0,4320.429706264628,0.0,0.0,30,17999.57029373537,0.0,0.0,0.8806630055922402,892800.0,786255.9313927521,0.0,0.0,892800.0,0.0,0.0,,,,,,,,,,
commit:30,17,2028-02,696.0,936464105471.565,936464105471.565,0.0,4061.9007673897618,0.0,0.0,30,16818.09923261024,0.0,0.0,0.873696030750857,835200.0,729710.9248831158,0.0,0.0,835200.0,0.0,0.0,,,,,,,,,,
commit:30,18,2028-03,744.0,1006053076067.8136,1006053076067.8136,0.0,4363.74201406993,0.0,0.0,30,17956.25798593007,0.0,0.0,0.8667841720414474,892800.0,773864.9087986043,0.0,0.0,892800.0,0.0,0.0,,,,,,,,,,
commit:30,19,2028-04,720.0,978467749788.5349,978467749788.5349,0.0,4244.091023361561,0.0,0.0,30,17355.90897663844,0.0,0.0,0.8599269934371745,864000.0,742976.9223297187,0.0,0.0,864000.0,0.0,0.0,,,,,,,,,,
commit:30,20,2028-05,744.0,1016138758155.3933,1016138758155.3933,0.0,4407.488527760981,0.0,0.0,30,17912.51147223902,0.0,0.0,0.8531240623606339,892800.0,761669.162875574,0.0,0.0,892800.0,0.0,0.0,,,,,,,,,,
commit:30,21,2028-06,720.0,988276888980.1646,988276888980.1646,0.0,4286.638035870759,0.0,0.0,30,17313.36196412924,0.0,0.0,0.8463749496565661,864000.0,731267.9565032731,0.0,0.0,864000.0,0.0,0.0,,,,,,,,,,
commit:30,22,2028-07,744.0,1026325549205.9009,1026325549205.9009,0.0,4451.673600251784,0.0,0.0,30,17868.326399748217,0.0,0.0,0.8396792295647828,892800.0,749665.6161554381,0.0,0.0,892800.0,0.0,0.0,,,,,,,,,,
commit:30,23,2028-08,744.0,1031457176951.9302,1031457176951.9302,0.0,4473.931968253041,0.0,0.0,30,17846.06803174696,0.0,0.0,0.8330364796933087,892800.0,743734.969070186,0.0,0.0,892800.0,0.0,0.0,,,,,,,,,,
commit:30,24,2028-09,720.0,1003175286616.1516,1003175286616.1516,0.0,4351.259640091264,0.0,0.0,30,17248.740359908734,0.0,0.0,0.8264462809917354,864000.0,714049.5867768595,0.0,0.0,864000.0,0.0,0.0,,,,,,,,,,
commit:30,25,2028-10,744.0,1041797535150.8733,1041797535150.8733,0.0,4518.783136234778,0.0,0.0,30,17801.21686376522,0.0,0.0,0.8199082177247857,892800.0,732014.0567846887,0.0,0.0,892800.0,0.0,0.0,,,,,,,,,,
commit:30,26,2028-11,720.0,1013232118864.478,1013232118864.478,0.0,4394.881017983178,0.0,0.0,30,17205.118982016822,0.0,0.0,0.8134218774460882,864000.0,702796.5021134202,0.0,0.0,864000.0,0.0,0.0,,,,,,,,,,
commit:30,27,2028-12,744.0,1052241555440.7605,1052241555440.7605,0.0,4564.08393717553,0.0,0.0,30,17755.91606282447,0.0,0.0,0.8069868509721573,892800.0,720477.860547942,0.0,0.0,892800.0,0.0,0.0,,,,,,,,,,
commit:30,28,2029-01,744.0,1057502763217.9641,1057502763217.9641,0.0,4586.904356861408,0.0,0.0,30,17733.095643138593,0.0,0.0,0.8006027323565819,892800.0,714778.1194479563,0.0,0.0,892800.0,0.0,0.0,,,,,,,,,,
commit:30,29,2029-02,672.0,959939605063.0164,959939605063.0164,0.0,4163.725438776774,0.0,0.0,30,15996.274561223225,0.0,0.0,0.7942691188644154,806400.0,640498.6174522646,0.0,0.0,806400.0,0.0,0.0,,,,,,,,,,
commit:30,30,2029-03,744.0,1068104228419.2241,1068104228419.2241,0.0,4632.888073038943,0.0,0.0,30,17687.111926961057,0.0,0.0,0.7879856109467703,892800.0,703513.5534532765,0.0,0.0,892800.0,0.0,0.0,,,,,,,,,,
commit:30,31,2029-04,720.0,1038817499575.4711,1038817499575.4711,0.0,4505.857271036261,0.0,0.0,30,17094.14272896374,0.0,0.0,0.7817518122156131,864000.0,675433.5657542897,0.0,0.0,864000.0,0.0,0.0,,,,,,,,,,
commit:30,32,2029-05,744.0,1078811973309.1265,1078811973309.1265,0.0,4679.332775971157,0.0,0.0,30,17640.667224028843,0.0,0.0,0.7755673294187581,892800.0,692426.5117050672,0.0,0.0,892800.0,0.0,0.0,,,,,,,,,,
commit:30,33,2029-06,720.0,1049231645008.715,1049231645008.715,0.0,4551.028490178399,0.0,0.0,30,17048.9715098216,0.0,0.0,0.76943177241506,864000.0,664789.0513666118,0.0,0.0,864000.0,0.0,0.0,,,,,,,,,,
commit:30,34,2029-07,744.0,1089627063341.5503,1089627063341.5503,0.0,4726.243087050267,0.0,0.0,30,17593.756912949735,0.0,0.0,0.7633447541498025,892800.0,681514.1965049437,0.0,0.0,892800.0,0.0,0.0,,,,,,,,,,
commit:30,35,2029-08,744.0,1095075198658.2579,1095075198658.2579,0.0,4749.874302485518,0.0,0.0,30,17570.125697514482,0.0,0.0,0.7573058906302806,892800.0,676122.6991547146,0.0,0.0,892800.0,0.0,0.0,,,,,,,,,,
commit:30,36,2029-09,720.0,1065048943211.1765,1065048943211.1765,0.0,4619.635813546398,0.0,0.0,30,16980.364186453604,0.0,0.0,0.7513148009015775,864000.0,649135.987978963,0.0,0.0,864000.0,0.0,0.0,,,,,,,,,,
commit:31,0,time_zero,0.0,0.0,0.0,0.0,0.0,0.0,0.0,31,0.0,0.0,0.0,1.0,0.0,0.0,0.0,0.0,0.0,0.0,0.0,,,,,,,,,,
commit:31,1,2026-10,744.0,924267843072.0002,924267843072.0002,0.0,4008.9996392945927,0.0,0.0,31,19055.000360705406,0.0,0.0,0.992088943446991,922560.0,915261.575666456,0.0,0.0,922560.0,0.0,0.0,,,,,,,,,,
commit:31,2,2026-11,720.0,898925015116.8,898925015116.8,0.0,3899.0754556365146,0.0,0.0,31,18420.924544363486,0.0,0.0,0.9842404717097668,892800.0,878729.8931424798,0.0,0.0,892800.0,0.0,0.0,,,,,,,,,,
commit:31,3,2026-12,744.0,933533628198.7966,933533628198.7966,0.0,4049.18986067852,0.0,0.0,31,19014.810139321482,0.0,0.0,0.9764540896763105,922560.0,900837.4849717771,0.0,0.0,922560.0,0.0,0.0,,,,,,,,,,
commit:31,4,2027-01,744.0,938201296339.7905,938201296339.7905,0.0,4069.435809981912,0.0,0.0,31,18994.56419001809,0.0,0.0,0.9687293061514642,922560.0,893710.9086830949,0.0,0.0,922560.0,0.0,0.0,,,,,,,,,,
commit:31,5,2027-02,672.0,851644660612.9583,851644660612.9583,0.0,3693.9975384803547,0.0,0.0,31,17138.002461519645,0.0,0.0,0.9610656338259428,833280.0,800836.7713544816,0.0,0.0,833280.0,0.0,0.0,,,,,,,,,,
commit:31,6,2027-03,744.0,947606764335.5967,947606764335.5967,0.0,4110.231903976979,0.0,0.0,31,18953.76809602302,0.0,0.0,0.9534625892455922,922560.0,879626.4463344136,0.0,0.0,922560.0,0.0,0.0,,,,,,,,,,
commit:31,7,2027-04,720.0,921623998216.7175,921623998216.7175,0.0,3997.5319969324496,0.0,0.0,31,18322.46800306755,0.0,0.0,0.9459196927808919,892800.0,844517.1017147803,0.0,0.0,892800.0,0.0,0.0,,,,,,,,,,
commit:31,8,2027-05,744.0,957106522148.061,957106522148.061,0.0,4151.436978814349,0.0,0.0,31,18912.56302118565,0.0,0.0,0.9384364685966974,922560.0,865763.9484685691,0.0,0.0,922560.0,0.0,0.0,,,,,,,,,,
commit:31,9,2027-06,720.0,930863278798.8401,930863278798.8401,0.0,4037.607255201697,0.0,0.0,31,18282.392744798304,0.0,0.0,0.9310124446222228,892800.0,831207.9105587205,0.0,0.0,892800.0,0.0,0.0,,,,,,,,,,
commit:31,10,2027-07,744.0,966701515032.5951,966701515032.5951,0.0,4193.055134526961,0.0,0.0,31,18870.944865473037,0.0,0.0,0.9236471525212612,922560.0,852119.9170300147,0.0,0.0,922560.0,0.0,0.0,,,,,,,,,,
commit:31,11,2027-08,744.0,971535022607.758,971535022607.758,0.0,4214.020410199596,0.0,0.0,31,18849.979589800405,0.0,0.0,0.9163401276626397,922560.0,845378.7481764449,0.0,0.0,922560.0,0.0,0.0,,,,,,,,,,
commit:31,12,2027-09,720.0,944896159084.6421,944896159084.6421,0.0,4098.474689274768,0.0,0.0,31,18221.525310725232,0.0,0.0,0.9090909090909091,892800.0,811636.3636363636,0.0,0.0,892800.0,0.0,0.0,,,,,,,,,,
commit:31,13,2027-10,744.0,981274661209.4006,981274661209.4006,0.0,4256.265964811846,0.0,0.0,31,18807.734035188154,0.0,0.0,0.9018990394972645,922560.0,832055.9778785963,0.0,0.0,922560.0,0.0,0.0,,,,,,,,,,
commit:31,14,2027-11,720.0,954368743079.4653,954368743079.4653,0.0,4139.561898034746,0.0,0.0,31,18180.438101965254,0.0,0.0,0.894764065190697,892800.0,798845.3574022542,0.0,0.0,892800.0,0.0,0.0,,,,,,,,,,
commit:31,15,2027-12,744.0,991111939688.0247,991111939688.0247,0.0,4298.935031109084,0.0,0.0,31,18765.064968890918,0.0,0.0,0.8876855360693732,922560.0,818943.1681561609,0.0,0.0,922560.0,0.0,0.0,,,,,,,,,,
commit:31,16,2028-01,744.0,996067499386.4646,996067499386.4646,0.0,4320.429706264628,0.0,0.0,31,18743.57029373537,0.0,0.0,0.8806630055922402,922560.0,812464.4624391771,0.0,0.0,922560.0,0.0,0.0,,,,,,,,,,
commit:31,17,2028-02,696.0,936464105471.565,936464105471.565,0.0,4061.9007673897618,0.0,0.0,31,17514.09923261024,0.0,0.0,0.873696030750857,863040.0,754034.6223792196,0.0,0.0,863040.0,0.0,0.0,,,,,,,,,,
commit:31,18,2028-03,744.0,1006053076067.8136,1006053076067.8136,0.0,4363.74201406993,0.0,0.0,31,18700.25798593007,0.0,0.0,0.8667841720414474,922560.0,799660.4057585577,0.0,0.0,922560.0,0.0,0.0,,,,,,,,,,
commit:31,19,2028-04,720.0,978467749788.5349,978467749788.5349,0.0,4244.091023361561,0.0,0.0,31,18075.90897663844,0.0,0.0,0.8599269934371745,892800.0,767742.8197407094,0.0,0.0,892800.0,0.0,0.0,,,,,,,,,,
commit:31,20,2028-05,744.0,1016138758155.3933,1016138758155.3933,0.0,4407.488527760981,0.0,0.0,31,18656.51147223902,0.0,0.0,0.8531240623606339,922560.0,787058.1349714263,0.0,0.0,922560.0,0.0,0.0,,,,,,,,,,
commit:31,21,2028-06,720.0,988276888980.1646,988276888980.1646,0.0,4286.638035870759,0.0,0.0,31,18033.36196412924,0.0,0.0,0.8463749496565661,892800.0,755643.5550533822,0.0,0.0,892800.0,0.0,0.0,,,,,,,,,,
commit:31,22,2028-07,744.0,1026325549205.9009,1026325549205.9009,0.0,4451.673600251784,0.0,0.0,31,18612.326399748217,0.0,0.0,0.8396792295647828,922560.0,774654.470027286,0.0,0.0,922560.0,0.0,0.0,,,,,,,,,,
commit:31,23,2028-08,744.0,1031457176951.9302,1031457176951.9302,0.0,4473.931968253041,0.0,0.0,31,18590.06803174696,0.0,0.0,0.8330364796933087,922560.0,768526.1347058589,0.0,0.0,922560.0,0.0,0.0,,,,,,,,,,
commit:31,24,2028-09,720.0,1003175286616.1516,1003175286616.1516,0.0,4351.259640091264,0.0,0.0,31,17968.740359908734,0.0,0.0,0.8264462809917354,892800.0,737851.2396694215,0.0,0.0,892800.0,0.0,0.0,,,,,,,,,,
commit:31,25,2028-10,744.0,1041797535150.8733,1041797535150.8733,0.0,4518.783136234778,0.0,0.0,31,18545.21686376522,0.0,0.0,0.8199082177247857,922560.0,756414.5253441783,0.0,0.0,922560.0,0.0,0.0,,,,,,,,,,
commit:31,26,2028-11,720.0,1013232118864.478,1013232118864.478,0.0,4394.881017983178,0.0,0.0,31,17925.118982016822,0.0,0.0,0.8134218774460882,892800.0,726223.0521838675,0.0,0.0,892800.0,0.0,0.0,,,,,,,,,,
commit:31,27,2028-12,744.0,1052241555440.7605,1052241555440.7605,0.0,4564.08393717553,0.0,0.0,31,18499.91606282447,0.0,0.0,0.8069868509721573,922560.0,744493.7892328735,0.0,0.0,922560.0,0.0,0.0,,,,,,,,,,
commit:31,28,2029-01,744.0,1057502763217.9641,1057502763217.9641,0.0,4586.904356861408,0.0,0.0,31,18477.095643138593,0.0,0.0,0.8006027323565819,922560.0,738604.0567628882,0.0,0.0,922560.0,0.0,0.0,,,,,,,,,,
commit:31,29,2029-02,672.0,959939605063.0164,959939605063.0164,0.0,4163.725438776774,0.0,0.0,31,16668.274561223225,0.0,0.0,0.7942691188644154,833280.0,661848.57136734,0.0,0.0,833280.0,0.0,0.0,,,,,,,,,,
commit:31,30,2029-03,744.0,1068104228419.2241,1068104228419.2241,0.0,4632.888073038943,0.0,0.0,31,18431.111926961057,0.0,0.0,0.7879856109467703,922560.0,726964.0052350524,0.0,0.0,922560.0,0.0,0.0,,,,,,,,,,
commit:31,31,2029-04,720.0,1038817499575.4711,1038817499575.4711,0.0,4505.857271036261,0.0,0.0,31,17814.14272896374,0.0,0.0,0.7817518122156131,892800.0,697948.0179460994,0.0,0.0,892800.0,0.0,0.0,,,,,,,,,,
commit:31,32,2029-05,744.0,1078811973309.1265,1078811973309.1265,0.0,4679.332775971157,0.0,0.0,31,18384.667224028843,0.0,0.0,0.7755673294187581,922560.0,715507.3954285694,0.0,0.0,922560.0,0.0,0.0,,,,,,,,,,
commit:31,33,2029-06,720.0,1049231645008.715,1049231645008.715,0.0,4551.028490178399,0.0,0.0,31,17768.9715098216,0.0,0.0,0.76943177241506,892800.0,686948.6864121655,0.0,0.0,892800.0,0.0,0.0,,,,,,,,,,
commit:31,34,2029-07,744.0,1089627063341.5503,1089627063341.5503,0.0,4726.243087050267,0.0,0.0,31,18337.756912949735,0.0,0.0,0.7633447541498025,922560.0,704231.3363884419,0.0,0.0,922560.0,0.0,0.0,,,,,,,,,,
commit:31,35,2029-08,744.0,1095075198658.2579,1095075198658.2579,0.0,4749.874302485518,0.0,0.0,31,18314.125697514482,0.0,0.0,0.7573058906302806,922560.0,698660.1224598717,0.0,0.0,922560.0,0.0,0.0,,,,,,,,,,
commit:31,36,2029-09,720.0,1065048943211.1765,1065048943211.1765,0.0,4619.635813546398,0.0,0.0,31,17700.364186453604,0.0,0.0,0.7513148009015775,892800.0,670773.8542449285,0.0,0.0,892800.0,0.0,0.0,,,,,,,,,,
commit:32,0,time_zero,0.0,0.0,0.0,0.0,0.0,0.0,0.0,32,0.0,0.0,0.0,1.0,0.0,0.0,0.0,0.0,0.0,0.0,0.0,,,,,,,,,,
commit:32,1,2026-10,744.0,924267843072.0002,924267843072.0002,0.0,4008.9996392945927,0.0,0.0,32,19799.000360705406,0.0,0.0,0.992088943446991,952320.0,944786.1426234384,0.0,0.0,952320.0,0.0,0.0,,,,,,,,,,
commit:32,2,2026-11,720.0,898925015116.8,898925015116.8,0.0,3899.0754556365146,0.0,0.0,32,19140.924544363486,0.0,0.0,0.9842404717097668,921600.0,907076.0187277211,0.0,0.0,921600.0,0.0,0.0,,,,,,,,,,
commit:32,3,2026-12,744.0,933533628198.7966,933533628198.7966,0.0,4049.18986067852,0.0,0.0,32,19758.810139321482,0.0,0.0,0.9764540896763105,952320.0,929896.7586805441,0.0,0.0,952320.0,0.0,0.0,,,,,,,,,,
commit:32,4,2027-01,744.0,938201296339.7905,938201296339.7905,0.0,4069.435809981912,0.0,0.0,32,19738.56419001809,0.0,0.0,0.9687293061514642,952320.0,922540.2928341625,0.0,0.0,952320.0,0.0,0.0,,,,,,,,,,
commit:32,5,2027-02,672.0,851644660612.9583,851644660612.9583,0.0,3693.9975384803547,0.0,0.0,32,17810.002461519645,0.0,0.0,0.9610656338259428,860160.0,826670.215591723,0.0,0.0,860160.0,0.0,0.0,,,,,,,,,,
commit:32,6,2027-03,744.0,947606764335.5967,947606764335.5967,0.0,4110.231903976979,0.0,0.0,32,19697.76809602302,0.0,0.0,0.9534625892455922,952320.0,908001.4929903625,0.0,0.0,952320.0,0.0,0.0,,,,,,,,,,
commit:32,7,2027-04,720.0,921623998216.7175,921623998216.7175,0.0,3997.5319969324496,0.0,0.0,32,19042.46800306755,0.0,0.0,0.9459196927808919,921600.0,871759.58886687,0.0,0.0,921600.0,0.0,0.0,,,,,,,,,,
commit:32,8,2027-05,744.0,957106522148.061,957106522148.061,0.0,4151.436978814349,0.0,0.0,32,19656.56302118565,0.0,0.0,0.9384364685966974,952320.0,893691.8177740069,0.0,0.0,952320.0,0.0,0.0,,,,,,,,,,
commit:32,9,2027-06,720.0,930863278798.8401,930863278798.8401,0.0,4037.607255201697,0.0,0.0,32,19002.392744798304,0.0,0.0,0.9310124446222228,921600.0,858021.0689638405,0.0,0.0,921600.0,0.0,0.0,,,,,,,,,,
commit:32,10,2027-07,744.0,966701515032.5951,966701515032.5951,0.0,4193.055134526961,0.0,0.0,32,19614.944865473037,0.0,0.0,0.9236471525212612,952320.0,879607.6562890474,0.0,0.0,952320.0,0.0,0.0,,,,,,,,,,
commit:32,11,2027-08,744.0,971535022607.758,971535022607.758,0.0,4214.020410199596,0.0,0.0,32,19593.979589800405,0.0,0.0,0.9163401276626397,952320.0,872649.0303756851,0.0,0.0,952320.0,0.0,0.0,,,,,,,,,,
commit:32,12,2027-09,720.0,944896159084.6421,944896159084.6421,0.0,4098.474689274768,0.0,0.0,32,18941.525310725232,0.0,0.0,0.9090909090909091,921600.0,837818.1818181818,0.0,0.0,921600.0,0.0,0.0,,,,,,,,,,
commit:32,13,2027-10,744.0,981274661209.4006,981274661209.4006,0.0,4256.265964811846,0.0,0.0,32,19551.734035188154,0.0,0.0,0.9018990394972645,952320.0,858896.4932940349,0.0,0.0,952320.0,0.0,0.0,,,,,,,,,,
commit:32,14,2027-11,720.0,954368743079.4653,954368743079.4653,0.0,4139.561898034746,0.0,0.0,32,18900.438101965254,0.0,0.0,0.894764065190697,921600.0,824614.5624797463,0.0,0.0,921600.0,0.0,0.0,,,,,,,,,,
commit:32,15,2027-12,744.0,991111939688.0247,991111939688.0247,0.0,4298.935031109084,0.0,0.0,32,19509.064968890918,0.0,0.0,0.8876855360693732,952320.0,845360.6897095855,0.0,0.0,952320.0,0.0,0.0,,,,,,,,,,
commit:32,16,2028-01,744.0,996067499386.4646,996067499386.4646,0.0,4320.429706264628,0.0,0.0,32,19487.57029373537,0.0,0.0,0.8806630055922402,952320.0,838672.9934856022,0.0,0.0,952320.0,0.0,0.0,,,,,,,,,,
commit:32,17,2028-02,696.0,936464105471.565,936464105471.565,0.0,4061.9007673897618,0.0,0.0,32,18210.09923261024,0.0,0.0,0.873696030750857,890880.0,778358.3198753234,0.0,0.0,890880.0,0.0,0.0,,,,,,,,,,
commit:32,18,2028-03,744.0,1006053076067.8136,1006053076067.8136,0.0,4363.74201406993,0.0,0.0,32,19444.25798593007,0.0,0.0,0.8667841720414474,952320.0,825455.9027185112,0.0,0.0,952320.0,0.0,0.0,,,,,,,,,,
commit:32,19,2028-04,720.0,978467749788.5349,978467749788.5349,0.0,4244.091023361561,0.0,0.0,32,18795.90897663844,0.0,0.0,0.8599269934371745,921600.0,792508.7171517,0.0,0.0,921600.0,0.0,0.0,,,,,,,,,,
commit:32,20,2028-05,744.0,1016138758155.3933,1016138758155.3933,0.0,4407.488527760981,0.0,0.0,32,19400.51147223902,0.0,0.0,0.8531240623606339,952320.0,812447.1070672788,0.0,0.0,952320.0,0.0,0.0,,,,,,,,,,
commit:32,21,2028-06,720.0,988276888980.1646,988276888980.1646,0.0,4286.638035870759,0.0,0.0,32,18753.36196412924,0.0,0.0,0.8463749496565661,921600.0,780019.1536034914,0.0,0.0,921600.0,0.0,0.0,,,,,,,,,,
commit:32,22,2028-07,744.0,1026325549205.9009,1026325549205.9009,0.0,4451.673600251784,0.0,0.0,32,19356.326399748217,0.0,0.0,0.8396792295647828,952320.0,799643.323899134,0.0,0.0,952320.0,0.0,0.0,,,,,,,,,,
commit:32,23,2028-08,744.0,1031457176951.9302,1031457176951.9302,0.0,4473.931968253041,0.0,0.0,32,19334.06803174696,0.0,0.0,0.8330364796933087,952320.0,793317.3003415318,0.0,0.0,952320.0,0.0,0.0,,,,,,,,,,
commit:32,24,2028-09,720.0,1003175286616.1516,1003175286616.1516,0.0,4351.259640091264,0.0,0.0,32,18688.740359908734,0.0,0.0,0.8264462809917354,921600.0,761652.8925619834,0.0,0.0,921600.0,0.0,0.0,,,,,,,,,,
commit:32,25,2028-10,744.0,1041797535150.8733,1041797535150.8733,0.0,4518.783136234778,0.0,0.0,32,19289.21686376522,0.0,0.0,0.8199082177247857,952320.0,780814.9939036679,0.0,0.0,952320.0,0.0,0.0,,,,,,,,,,
commit:32,26,2028-11,720.0,1013232118864.478,1013232118864.478,0.0,4394.881017983178,0.0,0.0,32,18645.118982016822,0.0,0.0,0.8134218774460882,921600.0,749649.6022543148,0.0,0.0,921600.0,0.0,0.0,,,,,,,,,,
commit:32,27,2028-12,744.0,1052241555440.7605,1052241555440.7605,0.0,4564.08393717553,0.0,0.0,32,19243.91606282447,0.0,0.0,0.8069868509721573,952320.0,768509.7179178048,0.0,0.0,952320.0,0.0,0.0,,,,,,,,,,
commit:32,28,2029-01,744.0,1057502763217.9641,1057502763217.9641,0.0,4586.904356861408,0.0,0.0,32,19221.095643138593,0.0,0.0,0.8006027323565819,952320.0,762429.99407782,0.0,0.0,952320.0,0.0,0.0,,,,,,,,,,
commit:32,29,2029-02,672.0,959939605063.0164,959939605063.0164,0.0,4163.725438776774,0.0,0.0,32,17340.274561223225,0.0,0.0,0.7942691188644154,860160.0,683198.5252824156,0.0,0.0,860160.0,0.0,0.0,,,,,,,,,,
commit:32,30,2029-03,744.0,1068104228419.2241,1068104228419.2241,0.0,4632.888073038943,0.0,0.0,32,19175.111926961057,0.0,0.0,0.7879856109467703,952320.0,750414.4570168284,0.0,0.0,952320.0,0.0,0.0,,,,,,,,,,
commit:32,31,2029-04,720.0,1038817499575.4711,1038817499575.4711,0.0,4505.857271036261,0.0,0.0,32,18534.14272896374,0.0,0.0,0.7817518122156131,921600.0,720462.470137909,0.0,0.0,921600.0,0.0,0.0,,,,,,,,,,
commit:32,32,2029-05,744.0,1078811973309.1265,1078811973309.1265,0.0,4679.332775971157,0.0,0.0,32,19128.667224028843,0.0,0.0,0.7755673294187581,952320.0,738588.2791520717,0.0,0.0,952320.0,0.0,0.0,,,,,,,,,,
commit:32,33,2029-06,720.0,1049231645008.715,1049231645008.715,0.0,4551.028490178399,0.0,0.0,32,18488.9715098216,0.0,0.0,0.76943177241506,921600.0,709108.3214577193,0.0,0.0,921600.0,0.0,0.0,,,,,,,,,,
commit:32,34,2029-07,744.0,1089627063341.5503,1089627063341.5503,0.0,4726.243087050267,0.0,0.0,32,19081.756912949735,0.0,0.0,0.7633447541498025,952320.0,726948.4762719399,0.0,0.0,952320.0,0.0,0.0,,,,,,,,,,
commit:32,35,2029-08,744.0,1095075198658.2579,1095075198658.2579,0.0,4749.874302485518,0.0,0.0,32,19058.125697514482,0.0,0.0,0.7573058906302806,952320.0,721197.5457650289,0.0,0.0,952320.0,0.0,0.0,,,,,,,,,,
commit:32,36,2029-09,720.0,1065048943211.1765,1065048943211.1765,0.0,4619.635813546398,0.0,0.0,32,18420.364186453604,0.0,0.0,0.7513148009015775,921600.0,692411.7205108939,0.0,0.0,921600.0,0.0,0.0,,,,,,,,,,
own:1,0,time_zero,0.0,0.0,0.0,0.0,0.0,0.0,0.0,1,0.0,0.0,0.0,1.0,450000.0,450000.0,0.0,0.0,,,,400000.0,50000.0,0.0,0.0,0.0,0.0,0.0,0.0,0.0,0.0
own:1,1,2026-10,744.0,924267843072.0002,671485605194.8799,252782237877.1203,0.0,2912.5599999999995,2972.0,1,0.0,0.0,0.0,0.992088943446991,204473.6,202855.99778680265,204473.6,0.0,,,,0.0,0.0,0.0,0.0,0.0,0.0,0.0,0.0,0.0,0.0
own:1,2,2026-11,720.0,898925015116.8,650699375155.2,248225639961.60022,0.0,2822.4,2880.0,1,0.0,0.0,0.0,0.9842404717097668,198144.0,195021.34402646002,198144.0,0.0,,,,0.0,0.0,0.0,0.0,0.0,0.0,0.0,0.0,0.0,0.0
own:1,3,2026-12,744.0,933533628198.7966,671485605194.8799,262048023003.9168,0.0,2912.5599999999995,2972.0,1,0.0,0.0,0.0,0.9764540896763105,204473.6,199659.08295083806,204473.6,0.0,,,,0.0,0.0,0.0,0.0,0.0,0.0,0.0,0.0,0.0,0.0
own:1,4,2027-01,744.0,938201296339.7905,671485605194.8799,266715691144.9107,0.0,2912.5599999999995,2972.0,1,0.0,0.0,0.0,0.9687293061514642,204473.6,198079.56865429203,204473.6,0.0,,,,0.0,0.0,0.0,0.0,0.0,0.0,0.0,0.0,0.0,0.0
own:1,5,2027-02,672.0,851644660612.9583,606415667679.3599,245228992933.59842,0.0,2630.3199999999997,2684.0,1,0.0,0.0,0.0,0.9610656338259428,184659.19999999998,177469.61108979152,184659.19999999998,0.0,,,,0.0,0.0,0.0,0.0,0.0,0.0,0.0,0.0,0.0,0.0
own:1,6,2027-03,744.0,947606764335.5967,671485605194.8799,276121159140.71686,0.0,2912.5599999999995,2972.0,1,0.0,0.0,0.0,0.9534625892455922,204473.6,194957.92808836754,204473.6,0.0,,,,0.0,0.0,0.0,0.0,0.0,0.0,0.0,0.0,0.0,0.0
own:1,7,2027-04,720.0,921623998216.7175,777090842599.9451,144533155616.77252,705.6,2665.0213312882997,2720.0,1,14.399999999999977,7084.8,8856.0,0.9459196927808919,190354.93333333335,180060.48005799385,187136.0,0.0,,,,0.0,0.0,0.0,0.0,2333.3333333333335,0.0,885.6,0.0,0.0,0.0
own:1,8,2027-05,744.0,957106522148.061,805445354041.406,151661168106.65503,729.1200000000001,2764.4886525428988,2824.0,1,14.879999999999882,7320.960000000001,9151.2,0.9384364685966974,197539.65333333332,185378.41468194913,194291.19999999998,0.0,,,,0.0,0.0,0.0,0.0,2333.3333333333335,0.0,915.1200000000001,0.0,0.0,0.0
own:1,9,2027-06,720.0,930863278798.8401,783250362988.0266,147612915810.81335,705.6,2691.738170134465,2748.0,1,14.399999999999977,7084.8,8856.0,0.9310124446222228,192281.33333333334,179016.31420188717,189062.4,0.0,,,,0.0,0.0,0.0,0.0,2333.3333333333335,0.0,885.6,0.0,0.0,0.0
own:1,10,2027-07,744.0,966701515032.5951,811842015964.4287,154859499068.16638,729.1200000000001,2792.234089684641,2852.0,1,14.879999999999882,7320.960000000001,9151.2,0.9236471525212612,199466.05333333334,184236.25218598737,196217.6,0.0,,,,0.0,0.0,0.0,0.0,2333.3333333333335,0.0,915.1200000000001,0.0,0.0,0.0
own:1,11,2027-08,744.0,971535022607.758,815064354347.8707,156470668259.8874,729.1200000000001,2806.210940133064,2864.0,1,14.879999999999882,7320.960000000001,9151.2,0.9163401276626397,200291.65333333332,183535.27918522785,197043.19999999998,0.0,,,,0.0,0.0,0.0,0.0,2333.3333333333335,0.0,915.1200000000001,0.0,0.0,0.0
own:1,12,2027-09,720.0,944896159084.6421,792605616511.8948,152290542572.74738,705.6,2732.316459516512,2792.0,1,14.399999999999977,7084.8,8856.0,0.9090909090909091,195308.53333333335,177553.21212121213,192089.6,0.0,,,,0.0,0.0,0.0,0.0,2333.3333333333335,0.0,885.6,0.0,0.0,0.0
own:1,13,2027-10,744.0,981274661209.4006,821557446748.9657,159717214460.43488,729.1200000000001,2834.374643207897,2896.0,1,14.879999999999882,7320.960000000001,9151.2,0.9018990394972645,202493.25333333333,182628.47068600956,199244.8,0.0,,,,0.0,0.0,0.0,0.0,2333.3333333333335,0.0,915.1200000000001,0.0,0.0,0.0
own:1,14,2027-11,720.0,954368743079.4653,798920672508.4436,155448070571.0218,705.6,2759.707932023164,2820.0,1,14.399999999999977,7084.8,8856.0,0.894764065190697,197234.93333333335,176478.73074694944,194016.0,0.0,,,,0.0,0.0,0.0,0.0,2333.3333333333335,0.0,885.6,0.0,0.0,0.0
own:1,15,2027-12,744.0,991111939688.0247,828115632401.3817,162996307286.64288,729.1200000000001,2862.8206874060556,2924.0,1,14.879999999999882,7320.960000000001,9151.2,0.8876855360693732,204419.65333333332,181460.36955231542,201171.19999999998,0.0,,,,0.0,0.0,0.0,0.0,2333.3333333333335,0.0,915.1200000000001,0.0,0.0,0.0
own:1,16,2028-01,744.0,996067499386.4646,831419338867.0084,164648160519.45624,729.1200000000001,2877.1504708430857,2936.0,1,14.879999999999882,7320.960000000001,9151.2,0.8806630055922402,205245.25333333333,180751.90168407408,201996.8,0.0,,,,0.0,0.0,0.0,0.0,2333.3333333333335,0.0,915.1200000000001,0.0,0.0,0.0
own:1,17,2028-02,696.0,936464105471.565,781381002817.1179,155083102654.44702,682.0800000000002,2707.1498449265077,2764.0,1,13.919999999999845,6848.640000000001,8560.800000000001,0.873696030750857,193352.6133333333,168931.41080463855,190163.19999999998,0.0,,,,0.0,0.0,0.0,0.0,2333.3333333333335,0.0,856.0800000000002,0.0,0.0,0.0
own:1,18,2028-03,744.0,1006053076067.8136,838076389987.9077,167976686079.90588,729.1200000000001,2906.0253427132866,2968.0,1,14.879999999999882,7320.960000000001,9151.2,0.8667841720414474,207446.85333333333,179811.64900913692,204198.4,0.0,,,,0.0,0.0,0.0,0.0,2333.3333333333335,0.0,915.1200000000001,0.0,0.0,0.0
own:1,19,2028-04,720.0,978467749788.5349,813374218944.0,165093530844.53497,705.6,2822.4,2880.0,1,14.399999999999977,7084.8,8856.0,0.8599269934371745,201362.93333333335,173157.42185102354,198144.0,0.0,,,,0.0,0.0,0.0,0.0,2333.3333333333335,0.0,885.6,0.0,0.0,0.0
own:1,20,2028-05,744.0,1016138758155.3933,839582943776.6399,176555814378.75348,729.1200000000001,2912.5599999999995,2972.0,1,14.879999999999882,7320.960000000001,9151.2,0.8531240623606339,207722.05333333334,177212.6819816256,204473.6,0.0,,,,0.0,0.0,0.0,0.0,2333.3333333333335,0.0,915.1200000000001,0.0,0.0,0.0
own:1,21,2028-06,720.0,988276888980.1646,813374218944.0,174902670036.16473,705.6,2822.4,2880.0,1,14.399999999999977,7084.8,8856.0,0.8463749496565661,201362.93333333335,170428.54256269848,198144.0,0.0,,,,0.0,0.0,0.0,0.0,2333.3333333333335,0.0,885.6,0.0,0.0,0.0
own:1,22,2028-07,744.0,1026325549205.9009,839582943776.6399,186742605429.2611,729.1200000000001,2912.5599999999995,2972.0,1,14.879999999999882,7320.960000000001,9151.2,0.8396792295647828,207722.05333333334,174419.89370654806,204473.6,0.0,,,,0.0,0.0,0.0,0.0,2333.3333333333335,0.0,915.1200000000001,0.0,0.0,0.0
own:1,23,2028-08,744.0,1031457176951.9302,839582943776.6399,191874233175.2904,729.1200000000001,2912.5599999999995,2972.0,1,14.879999999999882,7320.960000000001,9151.2,0.8330364796933087,207722.05333333334,173040.04806346574,204473.6,0.0,,,,0.0,0.0,0.0,0.0,2333.3333333333335,0.0,915.1200000000001,0.0,0.0,0.0
own:1,24,2028-09,720.0,1003175286616.1516,813374218944.0,189801067672.15167,705.6,2822.4,2880.0,1,14.399999999999977,7084.8,8856.0,0.8264462809917354,201362.93333333335,166415.6473829201,198144.0,0.0,,,,0.0,0.0,0.0,0.0,2333.3333333333335,0.0,885.6,0.0,0.0,0.0
own:1,25,2028-10,744.0,1041797535150.8733,839582943776.6399,202214591374.2334,729.1200000000001,2912.5599999999995,2972.0,1,14.879999999999882,7320.960000000001,9151.2,0.8199082177247857,207722.05333333334,170313.01853066622,204473.6,0.0,,,,0.0,0.0,0.0,0.0,2333.3333333333335,0.0,915.1200000000001,0.0,0.0,0.0
own:1,26,2028-11,720.0,1013232118864.478,813374218944.0,199857899920.47815,705.6,2822.4,2880.0,1,14.399999999999977,7084.8,8856.0,0.8134218774460882,201362.93333333335,163793.0152800515,198144.0,0.0,,,,0.0,0.0,0.0,0.0,2333.3333333333335,0.0,885.6,0.0,0.0,0.0
own:1,27,2028-12,744.0,1052241555440.7605,839582943776.6399,212658611664.12067,729.1200000000001,2912.5599999999995,2972.0,1,14.879999999999882,7320.960000000001,9151.2,0.8069868509721573,207722.05333333334,167628.96569693717,204473.6,0.0,,,,0.0,0.0,0.0,0.0,2333.3333333333335,0.0,915.1200000000001,0.0,0.0,0.0
own:1,28,2029-01,744.0,1057502763217.9641,839582943776.6399,217919819441.32434,729.1200000000001,2912.5599999999995,2972.0,1,14.879999999999882,7320.960000000001,9151.2,0.8006027323565819,207722.05333333334,166302.8434693863,204473.6,0.0,,,,0.0,0.0,0.0,0.0,2333.3333333333335,0.0,915.1200000000001,0.0,0.0,0.0
own:1,29,2029-02,672.0,959939605063.0164,758245521882.2399,201694083180.77658,658.56,2630.3199999999997,2684.0,1,13.440000000000055,6612.48,8265.599999999999,0.7942691188644154,187819.09333333332,149178.90576778006,184659.19999999998,0.0,,,,0.0,0.0,0.0,0.0,2333.3333333333335,0.0,826.56,0.0,0.0,0.0
own:1,30,2029-03,744.0,1068104228419.2241,839582943776.6399,228521284642.58423,729.1200000000001,2912.5599999999995,2972.0,1,14.879999999999882,7320.960000000001,9151.2,0.7879856109467703,207722.05333333334,163681.98910298428,204473.6,0.0,,,,0.0,0.0,0.0,0.0,2333.3333333333335,0.0,915.1200000000001,0.0,0.0,0.0
own:1,31,2029-04,720.0,1038817499575.4711,813374218944.0,225443280631.47113,705.6,2822.4,2880.0,1,14.399999999999977,7084.8,8856.0,0.7817518122156131,201362.93333333335,157415.83804638503,198144.0,0.0,,,,0.0,0.0,0.0,0.0,2333.3333333333335,0.0,885.6,0.0,0.0,0.0
own:1,32,2029-05,744.0,1078811973309.1265,839582943776.6399,239229029532.4867,729.1200000000001,2912.5599999999995,2972.0,1,14.879999999999882,7320.960000000001,9151.2,0.7755673294187581,207722.05333333334,161102.43816511417,204473.6,0.0,,,,0.0,0.0,0.0,0.0,2333.3333333333335,0.0,915.1200000000001,0.0,0.0,0.0
own:1,33,2029-06,720.0,1049231645008.715,813374218944.0,235857426064.71503,705.6,2822.4,2880.0,1,14.399999999999977,7084.8,8856.0,0.76943177241506,201362.93333333335,154935.03869336224,198144.0,0.0,,,,0.0,0.0,0.0,0.0,2333.3333333333335,0.0,885.6,0.0,0.0,0.0
own:1,34,2029-07,744.0,1089627063341.5503,839582943776.6399,250044119564.91046,729.1200000000001,2912.5599999999995,2972.0,1,14.879999999999882,7320.960000000001,9151.2,0.7633447541498025,207722.05333333334,158563.5397332255,204473.6,0.0,,,,0.0,0.0,0.0,0.0,2333.3333333333335,0.0,915.1200000000001,0.0,0.0,0.0
own:1,35,2029-08,744.0,1095075198658.2579,839582943776.6399,255492254881.6181,729.1200000000001,2912.5599999999995,2972.0,1,14.879999999999882,7320.960000000001,9151.2,0.7573058906302806,207722.05333333334,157309.13460315065,204473.6,0.0,,,,0.0,0.0,0.0,0.0,2333.3333333333335,0.0,915.1200000000001,0.0,0.0,0.0
own:1,36,2029-09,720.0,1065048943211.1765,813374218944.0,251674724267.17676,705.6,2822.4,2880.0,1,14.399999999999977,7084.8,8856.0,0.7513148009015775,201362.93333333335,151286.95216629098,198144.0,0.0,,,,0.0,0.0,0.0,0.0,2333.3333333333335,0.0,885.6,0.0,0.0,0.0
own:2,0,time_zero,0.0,0.0,0.0,0.0,0.0,0.0,0.0,2,0.0,0.0,0.0,1.0,850000.0,850000.0,0.0,0.0,,,,800000.0,50000.0,0.0,0.0,0.0,0.0,0.0,0.0,0.0,0.0
own:2,1,2026-10,744.0,924267843072.0002,671485605194.8799,252782237877.1203,0.0,2912.5599999999995,2972.0,2,0.0,0.0,0.0,0.992088943446991,204473.6,202855.99778680265,204473.6,0.0,,,,0.0,0.0,0.0,0.0,0.0,0.0,0.0,0.0,0.0,0.0
own:2,2,2026-11,720.0,898925015116.8,650699375155.2,248225639961.60022,0.0,2822.4,2880.0,2,0.0,0.0,0.0,0.9842404717097668,198144.0,195021.34402646002,198144.0,0.0,,,,0.0,0.0,0.0,0.0,0.0,0.0,0.0,0.0,0.0,0.0
own:2,3,2026-12,744.0,933533628198.7966,671485605194.8799,262048023003.9168,0.0,2912.5599999999995,2972.0,2,0.0,0.0,0.0,0.9764540896763105,204473.6,199659.08295083806,204473.6,0.0,,,,0.0,0.0,0.0,0.0,0.0,0.0,0.0,0.0,0.0,0.0
own:2,4,2027-01,744.0,938201296339.7905,671485605194.8799,266715691144.9107,0.0,2912.5599999999995,2972.0,2,0.0,0.0,0.0,0.9687293061514642,204473.6,198079.56865429203,204473.6,0.0,,,,0.0,0.0,0.0,0.0,0.0,0.0,0.0,0.0,0.0,0.0
own:2,5,2027-02,672.0,851644660612.9583,606415667679.3599,245228992933.59842,0.0,2630.3199999999997,2684.0,2,0.0,0.0,0.0,0.9610656338259428,184659.19999999998,177469.61108979152,184659.19999999998,0.0,,,,0.0,0.0,0.0,0.0,0.0,0.0,0.0,0.0,0.0,0.0
own:2,6,2027-03,744.0,947606764335.5967,671485605194.8799,276121159140.71686,0.0,2912.5599999999995,2972.0,2,0.0,0.0,0.0,0.9534625892455922,204473.6,194957.92808836754,204473.6,0.0,,,,0.0,0.0,0.0,0.0,0.0,0.0,0.0,0.0,0.0,0.0
own:2,7,2027-04,720.0,921623998216.7175,809625811357.705,111998186859.01254,1411.2,2100.5413312883,2145.0,2,28.799999999999955,14169.6,17712.0,0.9459196927808919,152013.86666666667,143792.9100557688,147576.0,0.0,,,,0.0,0.0,0.0,0.0,2666.6666666666665,0.0,1771.2,0.0,0.0,0.0
own:2,8,2027-05,744.0,957106522148.061,839064821757.758,118041700390.30305,1458.2400000000002,2181.192652542899,2227.0,2,29.759999999999764,14641.920000000002,18302.4,0.9384364685966974,157714.50666666665,148005.04468273695,153217.6,0.0,,,,0.0,0.0,0.0,0.0,2666.6666666666665,0.0,1830.2400000000002,0.0,0.0,0.0
own:2,9,2027-06,720.0,930863278798.8401,815785331745.7866,115077947053.05338,1411.2,2127.2581701344648,2172.0,2,28.799999999999955,14169.6,17712.0,0.9310124446222228,153871.46666666667,143256.2503389402,149433.6,0.0,,,,0.0,0.0,0.0,0.0,2666.6666666666665,0.0,1771.2,0.0,0.0,0.0
own:2,10,2027-07,744.0,966701515032.5951,845461483680.7808,121240031351.8144,1458.2400000000002,2208.9380896846405,2257.0,2,29.759999999999764,14641.920000000002,18302.4,0.9236471525212612,159778.50666666665,147578.962716766,155281.6,0.0,,,,0.0,0.0,0.0,0.0,2666.6666666666665,0.0,1830.2400000000002,0.0,0.0,0.0
own:2,11,2027-08,744.0,971535022607.758,848683822064.2227,122851200543.53542,1458.2400000000002,2222.914940133064,2269.0,2,29.759999999999764,14641.920000000002,18302.4,0.9163401276626397,160604.10666666663,147167.9876060775,156107.19999999998,0.0,,,,0.0,0.0,0.0,0.0,2666.6666666666665,0.0,1830.2400000000002,0.0,0.0,0.0
own:2,12,2027-09,720.0,944896159084.6421,825140585269.6547,119755573814.9874,1411.2,2167.836459516512,2214.0,2,28.799999999999955,14169.6,17712.0,0.9090909090909091,156761.06666666665,142510.06060606058,152323.19999999998,0.0,,,,0.0,0.0,0.0,0.0,2666.6666666666665,0.0,1771.2,0.0,0.0,0.0
own:2,13,2027-10,744.0,981274661209.4006,855176914465.3176,126097746744.0829,1458.2400000000002,2251.078643207897,2299.0,2,29.759999999999764,14641.920000000002,18302.4,0.9018990394972645,162668.10666666663,146710.2091595052,158171.19999999998,0.0,,,,0.0,0.0,0.0,0.0,2666.6666666666665,0.0,1830.2400000000002,0.0,0.0,0.0
own:2,14,2027-11,720.0,954368743079.4653,831455641266.2035,122913101813.26181,1411.2,2195.2279320231646,2241.0,2,28.799999999999955,14169.6,17712.0,0.894764065190697,158618.66666666666,141926.28300179474,154180.8,0.0,,,,0.0,0.0,0.0,0.0,2666.6666666666665,0.0,1771.2,0.0,0.0,0.0
own:2,15,2027-12,744.0,991111939688.0247,861735100117.7336,129376839570.29091,1458.2400000000002,2279.524687406056,2329.0,2,29.759999999999764,14641.920000000002,18302.4,0.8876855360693732,164732.10666666663,146230.30841423714,160235.19999999998,0.0,,,,0.0,0.0,0.0,0.0,2666.6666666666665,0.0,1830.2400000000002,0.0,0.0,0.0
own:2,16,2028-01,744.0,996067499386.4646,865038806583.3604,131028692803.10426,1458.2400000000002,2293.854470843086,2341.0,2,29.759999999999764,14641.920000000002,18302.4,0.8806630055922402,165557.70666666664,145800.5475520251,161060.8,0.0,,,,0.0,0.0,0.0,0.0,2666.6666666666665,0.0,1830.2400000000002,0.0,0.0,0.0
own:2,17,2028-02,696.0,936464105471.565,812831472616.2859,123632632855.279,1364.1600000000003,2161.4858449265075,2206.0,2,27.83999999999969,13697.280000000002,17121.600000000002,0.873696030750857,156151.62666666665,136429.05641395634,151772.8,0.0,,,,0.0,0.0,0.0,0.0,2666.6666666666665,0.0,1712.1600000000003,0.0,0.0,0.0
own:2,18,2028-03,744.0,1006053076067.8136,871695857704.2598,134357218363.55391,1458.2400000000002,2322.7293427132868,2371.0,2,29.759999999999764,14641.920000000002,18302.4,0.8667841720414474,167621.70666666664,145291.842229241,163124.8,0.0,,,,0.0,0.0,0.0,0.0,2666.6666666666665,0.0,1830.2400000000002,0.0,0.0,0.0
own:2,19,2028-04,720.0,978467749788.5349,847521645738.9165,130946104049.61832,1411.2,2264.9140155743744,2312.0,2,28.799999999999955,14169.6,17712.0,0.8599269934371745,163503.46666666667,140601.04450722196,159065.6,0.0,,,,0.0,0.0,0.0,0.0,2666.6666666666665,0.0,1771.2,0.0,0.0,0.0
own:2,20,2028-05,744.0,1016138758155.3933,878419645762.6462,137719112392.74713,1458.2400000000002,2351.893685173987,2400.0,2,29.759999999999764,14641.920000000002,18302.4,0.8531240623606339,169616.90666666665,144704.26446051113,165120.0,0.0,,,,0.0,0.0,0.0,0.0,2666.6666666666665,0.0,1830.2400000000002,0.0,0.0,0.0
own:2,21,2028-06,720.0,988276888980.1646,854061071866.6697,134215817113.4949,1411.2,2293.278690580506,2344.0,2,28.799999999999955,14169.6,17712.0,0.8463749496565661,165705.06666666665,140248.6174578379,161267.19999999998,0.0,,,,0.0,0.0,0.0,0.0,2666.6666666666665,0.0,1771.2,0.0,0.0,0.0
own:2,22,2028-07,744.0,1026325549205.9009,885210839796.3179,141114709409.583,1458.2400000000002,2381.3504001678557,2432.0,2,29.759999999999764,14641.920000000002,18302.4,0.8396792295647828,171818.50666666665,144272.43130283814,167321.6,0.0,,,,0.0,0.0,0.0,0.0,2666.6666666666665,0.0,1830.2400000000002,0.0,0.0,0.0
own:2,23,2028-08,744.0,1031457176951.9302,888631924960.3374,142825251991.59277,1458.2400000000002,2396.1893121686944,2448.0,2,29.759999999999764,14641.920000000002,18302.4,0.8330364796933087,172919.30666666664,144048.09049660768,168422.4,0.0,,,,0.0,0.0,0.0,0.0,2666.6666666666665,0.0,1830.2400000000002,0.0,0.0,0.0
own:2,24,2028-09,720.0,1003175286616.1516,863993336957.3276,139181949658.82388,1411.2,2336.3597600608437,2388.0,2,28.799999999999955,14169.6,17712.0,0.8264462809917354,168732.26666666666,139448.15426997244,164294.4,0.0,,,,0.0,0.0,0.0,0.0,2666.6666666666665,0.0,1771.2,0.0,0.0,0.0
own:2,25,2028-10,744.0,1041797535150.8733,895525497092.9661,146272038057.9071,1458.2400000000002,2426.090090823185,2476.0,2,29.759999999999764,14641.920000000002,18302.4,0.8199082177247857,174845.70666666664,143357.43172989733,170348.8,0.0,,,,0.0,0.0,0.0,0.0,2666.6666666666665,0.0,1830.2400000000002,0.0,0.0,0.0
own:2,26,2028-11,720.0,1013232118864.478,870697891789.5453,142534227074.9327,1411.2,2365.440678655452,2416.0,2,28.799999999999955,14169.6,17712.0,0.8134218774460882,170658.66666666666,138817.49304244615,166220.8,0.0,,,,0.0,0.0,0.0,0.0,2666.6666666666665,0.0,1771.2,0.0,0.0,0.0
own:2,27,2028-12,744.0,1052241555440.7605,902488177286.2244,149753378154.5362,1458.2400000000002,2456.290624783687,2508.0,2,29.759999999999764,14641.920000000002,18302.4,0.8069868509721573,177047.30666666664,142874.84848003514,172550.4,0.0,,,,0.0,0.0,0.0,0.0,2666.6666666666665,0.0,1830.2400000000002,0.0,0.0,0.0
own:2,28,2029-01,744.0,1057502763217.9641,905995649137.6934,151507114080.27075,1458.2400000000002,2471.504237907605,2524.0,2,29.759999999999764,14641.920000000002,18302.4,0.8006027323565819,178148.10666666663,142625.8609614851,173651.19999999998,0.0,,,,0.0,0.0,0.0,0.0,2666.6666666666665,0.0,1830.2400000000002,0.0,0.0,0.0
own:2,29,2029-02,672.0,959939605063.0164,821794062099.2695,138145542963.74686,1317.12,2247.400959184516,2296.0,2,26.88000000000011,13224.96,16531.199999999997,0.7942691188644154,162284.58666666664,128897.63565700917,157964.8,0.0,,,,0.0,0.0,0.0,0.0,2666.6666666666665,0.0,1653.12,0.0,0.0,0.0
own:2,30,2029-03,744.0,1068104228419.2241,913063292605.2,155040935814.02405,1458.2400000000002,2502.160048692628,2556.0,2,29.759999999999764,14641.920000000002,18302.4,0.7879856109467703,180349.70666666664,142112.97379180414,175852.8,0.0,,,,0.0,0.0,0.0,0.0,2666.6666666666665,0.0,1830.2400000000002,0.0,0.0,0.0
own:2,31,2029-04,720.0,1038817499575.4711,887754812263.5406,151062687311.93036,1411.2,2439.4248473575076,2492.0,2,28.799999999999955,14169.6,17712.0,0.7817518122156131,175887.46666666667,137500.3458126799,171449.6,0.0,,,,0.0,0.0,0.0,0.0,2666.6666666666665,0.0,1771.2,0.0,0.0,0.0
own:2,32,2029-05,744.0,1078811973309.1265,920201789198.4683,158610184110.6582,1458.2400000000002,2533.123183980771,2588.0,2,29.759999999999764,14641.920000000002,18302.4,0.7755673294187581,182551.30666666664,141580.82939337136,178054.4,0.0,,,,0.0,0.0,0.0,0.0,2666.6666666666665,0.0,1830.2400000000002,0.0,0.0,0.0
own:2,33,2029-06,720.0,1049231645008.715,894697575885.7032,154534069123.01166,1411.2,2469.5389934522664,2520.0,2,28.799999999999955,14169.6,17712.0,0.76943177241506,177813.86666666667,136815.63858930848,173376.0,0.0,,,,0.0,0.0,0.0,0.0,2666.6666666666665,0.0,1771.2,0.0,0.0,0.0
own:2,34,2029-07,744.0,1089627063341.5503,927411849220.0842,162215214121.46613,1458.2400000000002,2564.3967247001774,2620.0,2,29.759999999999764,14641.920000000002,18302.4,0.7633447541498025,184752.90666666665,141030.16211792806,180256.0,0.0,,,,0.0,0.0,0.0,0.0,2666.6666666666665,0.0,1830.2400000000002,0.0,0.0,0.0
own:2,35,2029-08,744.0,1095075198658.2579,931043939431.2227,164031259227.03534,1458.2400000000002,2580.150868323678,2636.0,2,29.759999999999764,14641.920000000002,18302.4,0.7573058906302806,185853.70666666664,140748.1068541389,181356.8,0.0,,,,0.0,0.0,0.0,0.0,2666.6666666666665,0.0,1830.2400000000002,0.0,0.0,0.0
own:2,36,2029-09,720.0,1065048943211.1765,905242441354.011,159806501857.1656,1411.2,2515.2772090309318,2568.0,2,28.799999999999955,14169.6,17712.0,0.7513148009015775,181116.26666666666,136075.33183070368,176678.4,0.0,,,,0.0,0.0,0.0,0.0,2666.6666666666665,0.0,1771.2,0.0,0.0,0.0
own:3,0,time_zero,0.0,0.0,0.0,0.0,0.0,0.0,0.0,3,0.0,0.0,0.0,1.0,1250000.0,1250000.0,0.0,0.0,,,,1200000.0,50000.0,0.0,0.0,0.0,0.0,0.0,0.0,0.0,0.0
own:3,1,2026-10,744.0,924267843072.0002,671485605194.8799,252782237877.1203,0.0,2912.5599999999995,2972.0,3,0.0,0.0,0.0,0.992088943446991,204473.6,202855.99778680265,204473.6,0.0,,,,0.0,0.0,0.0,0.0,0.0,0.0,0.0,0.0,0.0,0.0
own:3,2,2026-11,720.0,898925015116.8,650699375155.2,248225639961.60022,0.0,2822.4,2880.0,3,0.0,0.0,0.0,0.9842404717097668,198144.0,195021.34402646002,198144.0,0.0,,,,0.0,0.0,0.0,0.0,0.0,0.0,0.0,0.0,0.0,0.0
own:3,3,2026-12,744.0,933533628198.7966,671485605194.8799,262048023003.9168,0.0,2912.5599999999995,2972.0,3,0.0,0.0,0.0,0.9764540896763105,204473.6,199659.08295083806,204473.6,0.0,,,,0.0,0.0,0.0,0.0,0.0,0.0,0.0,0.0,0.0,0.0
own:3,4,2027-01,744.0,938201296339.7905,671485605194.8799,266715691144.9107,0.0,2912.5599999999995,2972.0,3,0.0,0.0,0.0,0.9687293061514642,204473.6,198079.56865429203,204473.6,0.0,,,,0.0,0.0,0.0,0.0,0.0,0.0,0.0,0.0,0.0,0.0
own:3,5,2027-02,672.0,851644660612.9583,606415667679.3599,245228992933.59842,0.0,2630.3199999999997,2684.0,3,0.0,0.0,0.0,0.9610656338259428,184659.19999999998,177469.61108979152,184659.19999999998,0.0,,,,0.0,0.0,0.0,0.0,0.0,0.0,0.0,0.0,0.0,0.0
own:3,6,2027-03,744.0,947606764335.5967,671485605194.8799,276121159140.71686,0.0,2912.5599999999995,2972.0,3,0.0,0.0,0.0,0.9534625892455922,204473.6,194957.92808836754,204473.6,0.0,,,,0.0,0.0,0.0,0.0,0.0,0.0,0.0,0.0,0.0,0.0
own:3,7,2027-04,720.0,921623998216.7175,842160780115.465,79463218101.25256,2116.7999999999997,1536.0613312883,1568.0,3,43.20000000000027,21254.399999999998,26567.999999999996,0.9459196927808919,113535.2,107395.18150381712,107878.4,0.0,,,,0.0,0.0,0.0,0.0,3000.0,0.0,2656.7999999999997,0.0,0.0,0.0
own:3,8,2027-05,744.0,957106522148.061,872684289474.11,84422232673.95107,2187.3599999999997,1597.8966525428991,1632.0,3,44.64000000000033,21962.879999999997,27453.6,0.9384364685966974,118026.95999999999,110760.80354160364,112281.59999999999,0.0,,,,0.0,0.0,0.0,0.0,3000.0,0.0,2745.36,0.0,0.0,0.0
own:3,9,2027-06,720.0,930863278798.8401,848320300503.5466,82542978295.2934,2116.7999999999997,1562.7781701344647,1596.0,3,43.20000000000027,21254.399999999998,26567.999999999996,0.9310124446222228,115461.59999999999,107496.18647599322,109804.79999999999,0.0,,,,0.0,0.0,0.0,0.0,3000.0,0.0,2656.7999999999997,0.0,0.0,0.0
own:3,10,2027-07,744.0,966701515032.5951,879080951397.1327,87620563635.46242,2187.3599999999997,1625.6420896846407,1660.0,3,44.64000000000033,21962.879999999997,27453.6,0.9236471525212612,119953.36,110794.57939935775,114208.0,0.0,,,,0.0,0.0,0.0,0.0,3000.0,0.0,2745.36,0.0,0.0,0.0
own:3,11,2027-08,744.0,971535022607.758,882303289780.5747,89231732827.18343,2187.3599999999997,1639.6189401330644,1674.0,3,44.64000000000033,21962.879999999997,27453.6,0.9163401276626397,120916.56,110800.69602692724,115171.2,0.0,,,,0.0,0.0,0.0,0.0,3000.0,0.0,2745.36,0.0,0.0,0.0
own:3,12,2027-09,720.0,944896159084.6421,857675554027.4147,87220605057.22742,2116.7999999999997,1603.3564595165124,1638.0,3,43.20000000000027,21254.399999999998,26567.999999999996,0.9090909090909091,118351.2,107592.0,112694.4,0.0,,,,0.0,0.0,0.0,0.0,3000.0,0.0,2656.7999999999997,0.0,0.0,0.0
own:3,13,2027-10,744.0,981274661209.4006,888796382181.6697,92478279027.73091,2187.3599999999997,1667.7826432078973,1702.0,3,44.64000000000033,21962.879999999997,27453.6,0.9018990394972645,122842.95999999999,110791.94763300088,117097.59999999999,0.0,,,,0.0,0.0,0.0,0.0,3000.0,0.0,2745.36,0.0,0.0,0.0
own:3,14,2027-11,720.0,954368743079.4653,863990610023.9635,90378133055.50183,2116.7999999999997,1630.7479320231644,1666.0,3,43.20000000000027,21254.399999999998,26567.999999999996,0.894764065190697,120277.59999999999,107620.07432738057,114620.79999999999,0.0,,,,0.0,0.0,0.0,0.0,3000.0,0.0,2656.7999999999997,0.0,0.0,0.0
own:3,15,2027-12,744.0,991111939688.0247,895354567834.0857,95757371853.93892,2187.3599999999997,1696.2286874060555,1732.0,3,44.64000000000033,21962.879999999997,27453.6,0.8876855360693732,124906.95999999999,110878.10174639574,119161.59999999999,0.0,,,,0.0,0.0,0.0,0.0,3000.0,0.0,2745.36,0.0,0.0,0.0
own:3,16,2028-01,744.0,996067499386.4646,898658274299.7124,97409225086.75227,2187.3599999999997,1710.558470843086,1746.0,3,44.64000000000033,21962.879999999997,27453.6,0.8806630055922402,125870.15999999999,110849.19341997616,120124.79999999999,0.0,,,,0.0,0.0,0.0,0.0,3000.0,0.0,2745.36,0.0,0.0,0.0
own:3,17,2028-02,696.0,936464105471.565,844281942415.4539,92182163056.11101,2046.2400000000002,1615.8218449265073,1650.0,3,41.75999999999976,20545.920000000002,25682.4,0.873696030750857,119088.24,104046.92259710544,113520.0,0.0,,,,0.0,0.0,0.0,0.0,3000.0,0.0,2568.2400000000002,0.0,0.0,0.0
own:3,18,2028-03,744.0,1006053076067.8136,905315325420.6117,100737750647.20192,2187.3599999999997,1739.433342713287,1776.0,3,44.64000000000033,21962.879999999997,27453.6,0.8667841720414474,127934.15999999999,110891.30495141805,122188.79999999999,0.0,,,,0.0,0.0,0.0,0.0,3000.0,0.0,2745.36,0.0,0.0,0.0
own:3,19,2028-04,720.0,978467749788.5349,880056614496.6765,98411135291.85834,2116.7999999999997,1700.4340155743741,1737.0,3,43.20000000000027,21254.399999999998,26567.999999999996,0.8599269934371745,125162.4,107630.526323381,119505.59999999999,0.0,,,,0.0,0.0,0.0,0.0,3000.0,0.0,2656.7999999999997,0.0,0.0,0.0
own:3,20,2028-05,744.0,1016138758155.3933,912039113478.9982,104099644676.39516,2187.3599999999997,1768.597685173987,1807.0,3,44.64000000000033,21962.879999999997,27453.6,0.8531240623606339,130066.95999999999,110963.25329409806,124321.59999999999,0.0,,,,0.0,0.0,0.0,0.0,3000.0,0.0,2745.36,0.0,0.0,0.0
own:3,21,2028-06,720.0,988276888980.1646,886596040624.4297,101680848355.73492,2116.7999999999997,1728.7986905805064,1767.0,3,43.20000000000027,21254.399999999998,26567.999999999996,0.8463749496565661,127226.4,107681.23789498614,121569.59999999999,0.0,,,,0.0,0.0,0.0,0.0,3000.0,0.0,2656.7999999999997,0.0,0.0,0.0
own:3,22,2028-07,744.0,1026325549205.9009,918830307512.6699,107495241693.23103,2187.3599999999997,1798.0544001678559,1837.0,3,44.64000000000033,21962.879999999997,27453.6,0.8396792295647828,132130.96,110947.62269445513,126385.59999999999,0.0,,,,0.0,0.0,0.0,0.0,3000.0,0.0,2745.36,0.0,0.0,0.0
own:3,23,2028-08,744.0,1031457176951.9302,922251392676.6895,109205784275.2408,2187.3599999999997,1812.8933121686946,1852.0,3,44.64000000000033,21962.879999999997,27453.6,0.8330364796933087,133162.96,110929.60342394088,127417.59999999999,0.0,,,,0.0,0.0,0.0,0.0,3000.0,0.0,2745.36,0.0,0.0,0.0
own:3,24,2028-09,720.0,1003175286616.1516,896528305715.0876,106646980901.0639,2116.7999999999997,1771.8797600608434,1809.0,3,43.20000000000027,21254.399999999998,26567.999999999996,0.8264462809917354,130116.0,107533.88429752065,124459.2,0.0,,,,0.0,0.0,0.0,0.0,3000.0,0.0,2656.7999999999997,0.0,0.0,0.0
own:3,25,2028-10,744.0,1041797535150.8733,929144964809.3181,112652570341.55513,2187.3599999999997,1842.7940908231853,1882.0,3,44.64000000000033,21962.879999999997,27453.6,0.8199082177247857,135226.95999999996,110873.69576194086,129481.59999999999,0.0,,,,0.0,0.0,0.0,0.0,3000.0,0.0,2745.36,0.0,0.0,0.0
own:3,26,2028-11,720.0,1013232118864.478,903232860547.3053,109999258317.17273,2116.7999999999997,1800.960678655452,1839.0,3,43.20000000000027,21254.399999999998,26567.999999999996,0.8134218774460882,132180.0,107518.10376082394,126523.2,0.0,,,,0.0,0.0,0.0,0.0,3000.0,0.0,2656.7999999999997,0.0,0.0,0.0
own:3,27,2028-12,744.0,1052241555440.7605,936107645002.5763,116133910438.18422,2187.3599999999997,1872.994624783687,1912.0,3,44.64000000000033,21962.879999999997,27453.6,0.8069868509721573,137290.96,110791.9994773444,131545.6,0.0,,,,0.0,0.0,0.0,0.0,3000.0,0.0,2745.36,0.0,0.0,0.0
own:3,28,2029-01,744.0,1057502763217.9641,939615116854.0454,117887646363.91878,2187.3599999999997,1888.208237907605,1927.0,3,44.64000000000033,21962.879999999997,27453.6,0.8006027323565819,138322.96,110741.73972365017,132577.6,0.0,,,,0.0,0.0,0.0,0.0,3000.0,0.0,2745.36,0.0,0.0,0.0
own:3,29,2029-02,672.0,959939605063.0164,852160032939.8456,107779572123.17087,1975.6799999999998,1720.552959184516,1757.0,3,40.320000000000164,19837.44,24796.8,0.7942691188644154,126361.28,100364.86252417968,120881.59999999999,0.0,,,,0.0,0.0,0.0,0.0,3000.0,0.0,2479.6800000000003,0.0,0.0,0.0
own:3,30,2029-03,744.0,1068104228419.2241,946682760321.552,121421468097.67207,2187.3599999999997,1918.8640486926283,1960.0,3,44.64000000000033,21962.879999999997,27453.6,0.7879856109467703,140593.36,110785.5446746592,134848.0,0.0,,,,0.0,0.0,0.0,0.0,3000.0,0.0,2745.36,0.0,0.0,0.0
own:3,31,2029-04,720.0,1038817499575.4711,920289781021.3007,118527718554.17041,2116.7999999999997,1874.9448473575076,1914.0,3,43.20000000000027,21254.399999999998,26567.999999999996,0.7817518122156131,137339.99999999997,107365.79388969227,131683.19999999998,0.0,,,,0.0,0.0,0.0,0.0,3000.0,0.0,2656.7999999999997,0.0,0.0,0.0
own:3,32,2029-05,744.0,1078811973309.1265,953821256914.8203,124990716394.30623,2187.3599999999997,1949.8271839807712,1990.0,3,44.64000000000033,21962.879999999997,27453.6,0.7755673294187581,142657.36,110640.38771713035,136912.0,0.0,,,,0.0,0.0,0.0,0.0,3000.0,0.0,2745.36,0.0,0.0,0.0
own:3,33,2029-06,720.0,1049231645008.715,927232544643.4633,121999100365.25171,2116.7999999999997,1905.0589934522661,1944.0,3,43.20000000000027,21254.399999999998,26567.999999999996,0.76943177241506,139403.99999999997,107261.866801749,133747.19999999998,0.0,,,,0.0,0.0,0.0,0.0,3000.0,0.0,2656.7999999999997,0.0,0.0,0.0
own:3,34,2029-07,744.0,1089627063341.5503,961031316936.4362,128595746405.11415,2187.3599999999997,1981.1007247001776,2023.0,3,44.64000000000033,21962.879999999997,27453.6,0.7633447541498025,144927.75999999998,110629.84532668156,139182.4,0.0,,,,0.0,0.0,0.0,0.0,3000.0,0.0,2745.36,0.0,0.0,0.0
own:3,35,2029-08,744.0,1095075198658.2579,964663407147.5746,130411791510.68336,2187.3599999999997,1996.8548683236781,2038.0,3,44.64000000000033,21962.879999999997,27453.6,0.7573058906302806,145959.75999999998,110536.186042982,140214.4,0.0,,,,0.0,0.0,0.0,0.0,3000.0,0.0,2745.36,0.0,0.0,0.0
own:3,36,2029-09,720.0,1065048943211.1765,937777410111.771,127271533099.40558,2116.7999999999997,1950.797209030932,1992.0,3,43.20000000000027,21254.399999999998,26567.999999999996,0.7513148009015775,142706.4,107217.43050338088,137049.6,0.0,,,,0.0,0.0,0.0,0.0,3000.0,0.0,2656.7999999999997,0.0,0.0,0.0
own:4,0,time_zero,0.0,0.0,0.0,0.0,0.0,0.0,0.0,4,0.0,0.0,0.0,1.0,1650000.0,1650000.0,0.0,0.0,,,,1600000.0,50000.0,0.0,0.0,0.0,0.0,0.0,0.0,0.0,0.0
own:4,1,2026-10,744.0,924267843072.0002,671485605194.8799,252782237877.1203,0.0,2912.5599999999995,2972.0,4,0.0,0.0,0.0,0.992088943446991,204473.6,202855.99778680265,204473.6,0.0,,,,0.0,0.0,0.0,0.0,0.0,0.0,0.0,0.0,0.0,0.0
own:4,2,2026-11,720.0,898925015116.8,650699375155.2,248225639961.60022,0.0,2822.4,2880.0,4,0.0,0.0,0.0,0.9842404717097668,198144.0,195021.34402646002,198144.0,0.0,,,,0.0,0.0,0.0,0.0,0.0,0.0,0.0,0.0,0.0,0.0
own:4,3,2026-12,744.0,933533628198.7966,671485605194.8799,262048023003.9168,0.0,2912.5599999999995,2972.0,4,0.0,0.0,0.0,0.9764540896763105,204473.6,199659.08295083806,204473.6,0.0,,,,0.0,0.0,0.0,0.0,0.0,0.0,0.0,0.0,0.0,0.0
own:4,4,2027-01,744.0,938201296339.7905,671485605194.8799,266715691144.9107,0.0,2912.5599999999995,2972.0,4,0.0,0.0,0.0,0.9687293061514642,204473.6,198079.56865429203,204473.6,0.0,,,,0.0,0.0,0.0,0.0,0.0,0.0,0.0,0.0,0.0,0.0
own:4,5,2027-02,672.0,851644660612.9583,606415667679.3599,245228992933.59842,0.0,2630.3199999999997,2684.0,4,0.0,0.0,0.0,0.9610656338259428,184659.19999999998,177469.61108979152,184659.19999999998,0.0,,,,0.0,0.0,0.0,0.0,0.0,0.0,0.0,0.0,0.0,0.0
own:4,6,2027-03,744.0,947606764335.5967,671485605194.8799,276121159140.71686,0.0,2912.5599999999995,2972.0,4,0.0,0.0,0.0,0.9534625892455922,204473.6,194957.92808836754,204473.6,0.0,,,,0.0,0.0,0.0,0.0,0.0,0.0,0.0,0.0,0.0,0.0
own:4,7,2027-04,720.0,921623998216.7175,874695748873.225,46928249343.49255,2822.4,971.5813312882999,992.0,4,57.59999999999991,28339.2,35424.0,0.9459196927808919,75125.33333333331,71062.53222672876,68249.59999999999,0.0,,,,0.0,0.0,0.0,0.0,3333.3333333333335,0.0,3542.4,0.0,0.0,0.0
own:4,8,2027-05,744.0,957106522148.061,906303757190.4619,50802764957.599045,2916.4800000000005,1014.6006525428988,1036.0,4,59.51999999999953,29283.840000000004,36604.8,0.9384364685966974,78270.61333333333,73451.9979714309,71276.8,0.0,,,,0.0,0.0,0.0,0.0,3333.3333333333335,0.0,3660.4800000000005,0.0,0.0,0.0
own:4,9,2027-06,720.0,930863278798.8401,880855269261.3066,50008009537.53339,2822.4,998.2981701344648,1019.0,4,57.59999999999991,28339.2,35424.0,0.9310124446222228,76982.93333333332,71672.06895685625,70107.2,0.0,,,,0.0,0.0,0.0,0.0,3333.3333333333335,0.0,3542.4,0.0,0.0,0.0
own:4,10,2027-07,744.0,966701515032.5951,912700419113.4846,54001095919.1104,2916.4800000000005,1042.3460896846407,1064.0,4,59.51999999999953,29283.840000000004,36604.8,0.9236471525212612,80197.01333333332,74073.74300604293,73203.2,0.0,,,,0.0,0.0,0.0,0.0,3333.3333333333335,0.0,3660.4800000000005,0.0,0.0,0.0
own:4,11,2027-08,744.0,971535022607.758,915922757496.9268,55612265110.831406,2916.4800000000005,1056.322940133064,1078.0,4,59.51999999999953,29283.840000000004,36604.8,0.9163401276626397,81160.21333333332,74370.36024699373,74166.4,0.0,,,,0.0,0.0,0.0,0.0,3333.3333333333335,0.0,3660.4800000000005,0.0,0.0,0.0
own:4,12,2027-09,720.0,944896159084.6421,890210522785.1747,54685636299.46741,2822.4,1038.8764595165123,1061.0,4,57.59999999999991,28339.2,35424.0,0.9090909090909091,79872.53333333333,72611.39393939394,72996.8,0.0,,,,0.0,0.0,0.0,0.0,3333.3333333333335,0.0,3542.4,0.0,0.0,0.0
own:4,13,2027-10,744.0,981274661209.4006,922415849898.0217,58858811311.37889,2916.4800000000005,1084.486643207897,1107.0,4,59.51999999999953,29283.840000000004,36604.8,0.9018990394972645,83155.41333333332,74997.78741433134,76161.59999999999,0.0,,,,0.0,0.0,0.0,0.0,3333.3333333333335,0.0,3660.4800000000005,0.0,0.0,0.0
own:4,14,2027-11,720.0,954368743079.4653,896525578781.7235,57843164297.74182,2822.4,1066.2679320231646,1089.0,4,57.59999999999991,28339.2,35424.0,0.894764065190697,81798.93333333332,73190.74611759612,74923.2,0.0,,,,0.0,0.0,0.0,0.0,3333.3333333333335,0.0,3542.4,0.0,0.0,0.0
own:4,15,2027-12,744.0,991111939688.0247,928974035550.4377,62137904137.5869,2916.4800000000005,1112.9326874060557,1136.0,4,59.51999999999953,29283.840000000004,36604.8,0.8876855360693732,85150.61333333333,75586.96784343591,78156.8,0.0,,,,0.0,0.0,0.0,0.0,3333.3333333333335,0.0,3660.4800000000005,0.0,0.0,0.0
own:4,16,2028-01,744.0,996067499386.4646,932277742016.0645,63789757370.40025,2916.4800000000005,1127.2624708430858,1151.0,4,59.51999999999953,29283.840000000004,36604.8,0.8806630055922402,86182.61333333333,75897.8392879272,79188.8,0.0,,,,0.0,0.0,0.0,0.0,3333.3333333333335,0.0,3660.4800000000005,0.0,0.0,0.0
own:4,17,2028-02,696.0,936464105471.565,875732412214.622,60731693256.94301,2728.3200000000006,1070.1578449265076,1092.0,4,55.67999999999938,27394.560000000005,34243.200000000004,0.873696030750857,81887.25333333333,71544.56820642321,75129.59999999999,0.0,,,,0.0,0.0,0.0,0.0,3333.3333333333335,0.0,3424.3200000000006,0.0,0.0,0.0
own:4,18,2028-03,744.0,1006053076067.8136,938934793136.9636,67118282930.8499,2916.4800000000005,1156.1373427132867,1180.0,4,59.51999999999953,29283.840000000004,36604.8,0.8667841720414474,88177.81333333332,76431.13292255862,81184.0,0.0,,,,0.0,0.0,0.0,0.0,3333.3333333333335,0.0,3660.4800000000005,0.0,0.0,0.0
own:4,19,2028-04,720.0,978467749788.5349,912591583254.4365,65876166534.09833,2822.4,1135.9540155743741,1160.0,4,57.59999999999991,28339.2,35424.0,0.8599269934371745,86683.73333333332,74541.6821852431,79808.0,0.0,,,,0.0,0.0,0.0,0.0,3333.3333333333335,0.0,3542.4,0.0,0.0,0.0
own:4,20,2028-05,744.0,1016138758155.3933,945658581195.3501,70480176960.04314,2916.4800000000005,1185.301685173987,1210.0,4,59.51999999999953,29283.840000000004,36604.8,0.8531240623606339,90241.81333333332,76987.46238572334,83248.0,0.0,,,,0.0,0.0,0.0,0.0,3333.3333333333335,0.0,3660.4800000000005,0.0,0.0,0.0
own:4,21,2028-06,720.0,988276888980.1646,919131009382.1897,69145879597.97491,2822.4,1164.3186905805064,1190.0,4,57.59999999999991,28339.2,35424.0,0.8463749496565661,88747.73333333332,75113.85833213435,81872.0,0.0,,,,0.0,0.0,0.0,0.0,3333.3333333333335,0.0,3542.4,0.0,0.0,0.0
own:4,22,2028-07,744.0,1026325549205.9009,952449775229.022,73875773976.87901,2916.4800000000005,1214.7584001678556,1240.0,4,59.51999999999953,29283.840000000004,36604.8,0.8396792295647828,92305.81333333332,77507.27422408399,85312.0,0.0,,,,0.0,0.0,0.0,0.0,3333.3333333333335,0.0,3660.4800000000005,0.0,0.0,0.0
own:4,23,2028-08,744.0,1031457176951.9302,955870860393.0415,75586316558.88878,2916.4800000000005,1229.5973121686943,1256.0,4,59.51999999999953,29283.840000000004,36604.8,0.8330364796933087,93406.61333333333,77811.11635127407,86412.8,0.0,,,,0.0,0.0,0.0,0.0,3333.3333333333335,0.0,3660.4800000000005,0.0,0.0,0.0
own:4,24,2028-09,720.0,1003175286616.1516,929063274472.8477,74112012143.3039,2822.4,1207.3997600608434,1234.0,4,57.59999999999991,28339.2,35424.0,0.8264462809917354,91774.93333333332,75847.05234159778,84899.2,0.0,,,,0.0,0.0,0.0,0.0,3333.3333333333335,0.0,3542.4,0.0,0.0,0.0
own:4,25,2028-10,744.0,1041797535150.8733,962764432525.6702,79033102625.20311,2916.4800000000005,1259.498090823185,1286.0,4,59.51999999999953,29283.840000000004,36604.8,0.8199082177247857,95470.61333333333,78277.14042322549,88476.8,0.0,,,,0.0,0.0,0.0,0.0,3333.3333333333335,0.0,3660.4800000000005,0.0,0.0,0.0
own:4,26,2028-11,720.0,1013232118864.478,935767829305.0653,77464289559.41272,2822.4,1236.480678655452,1262.0,4,57.59999999999991,28339.2,35424.0,0.8134218774460882,93701.33333333331,76218.7144792017,86825.59999999999,0.0,,,,0.0,0.0,0.0,0.0,3333.3333333333335,0.0,3542.4,0.0,0.0,0.0
own:4,27,2028-12,744.0,1052241555440.7605,969727112718.9282,82514442721.8322,2916.4800000000005,1289.698624783687,1318.0,4,59.51999999999953,29283.840000000004,36604.8,0.8069868509721573,97672.21333333332,78820.19186534741,90678.4,0.0,,,,0.0,0.0,0.0,0.0,3333.3333333333335,0.0,3660.4800000000005,0.0,0.0,0.0
own:4,28,2029-01,744.0,1057502763217.9641,973234584570.3975,84268178647.56676,2916.4800000000005,1304.9122379076048,1332.0,4,59.51999999999953,29283.840000000004,36604.8,0.8006027323565819,98635.41333333332,78967.78142178748,91641.59999999999,0.0,,,,0.0,0.0,0.0,0.0,3333.3333333333335,0.0,3660.4800000000005,0.0,0.0,0.0
own:4,29,2029-02,672.0,959939605063.0164,882526003780.4216,77413601282.59485,2634.24,1193.7049591845162,1220.0,4,53.76000000000022,26449.92,33062.399999999994,0.7942691188644154,90575.57333333333,71941.38082210592,83936.0,0.0,,,,0.0,0.0,0.0,0.0,3333.3333333333335,0.0,3306.24,0.0,0.0,0.0
own:4,30,2029-03,744.0,1068104228419.2241,980302228037.904,87802000381.32005,2916.4800000000005,1335.568048692628,1364.0,4,59.51999999999953,29283.840000000004,36604.8,0.7879856109467703,100837.01333333332,79458.11555751428,93843.2,0.0,,,,0.0,0.0,0.0,0.0,3333.3333333333335,0.0,3660.4800000000005,0.0,0.0,0.0
own:4,31,2029-04,720.0,1038817499575.4711,952824749779.0607,85992749796.4104,2822.4,1310.4648473575076,1338.0,4,57.59999999999991,28339.2,35424.0,0.7817518122156131,98930.13333333332,77338.81101606555,92054.4,0.0,,,,0.0,0.0,0.0,0.0,3333.3333333333335,0.0,3542.4,0.0,0.0,0.0
own:4,32,2029-05,744.0,1078811973309.1265,987440724631.1724,91371248677.95421,2916.4800000000005,1366.531183980771,1396.0,4,59.51999999999953,29283.840000000004,36604.8,0.7755673294187581,103038.61333333333,79913.38216994537,96044.8,0.0,,,,0.0,0.0,0.0,0.0,3333.3333333333335,0.0,3660.4800000000005,0.0,0.0,0.0
own:4,33,2029-06,720.0,1049231645008.715,959767513401.2233,89464131607.4917,2822.4,1340.578993452266,1368.0,4,57.59999999999991,28339.2,35424.0,0.76943177241506,100994.13333333332,77708.09501418954,94118.4,0.0,,,,0.0,0.0,0.0,0.0,3333.3333333333335,0.0,3542.4,0.0,0.0,0.0
own:4,34,2029-07,744.0,1089627063341.5503,994650784652.7881,94976278688.76213,2916.4800000000005,1397.8047247001775,1428.0,4,59.51999999999953,29283.840000000004,36604.8,0.7633447541498025,105240.21333333332,80334.5647736061,98246.4,0.0,,,,0.0,0.0,0.0,0.0,3333.3333333333335,0.0,3660.4800000000005,0.0,0.0,0.0
own:4,35,2029-08,744.0,1095075198658.2579,998282874863.9265,96792323794.33134,2916.4800000000005,1413.558868323678,1444.0,4,59.51999999999953,29283.840000000004,36604.8,0.7573058906302806,106341.01333333332,80532.67581292654,99347.2,0.0,,,,0.0,0.0,0.0,0.0,3333.3333333333335,0.0,3660.4800000000005,0.0,0.0,0.0
own:4,36,2029-09,720.0,1065048943211.1765,970312378869.531,94736564341.64557,2822.4,1386.3172090309322,1416.0,4,57.59999999999991,28339.2,35424.0,0.7513148009015775,104296.53333333333,78359.52917605807,97420.8,0.0,,,,0.0,0.0,0.0,0.0,3333.3333333333335,0.0,3542.4,0.0,0.0,0.0
own:5,0,time_zero,0.0,0.0,0.0,0.0,0.0,0.0,0.0,5,0.0,0.0,0.0,1.0,2050000.0,2050000.0,0.0,0.0,,,,2000000.0,50000.0,0.0,0.0,0.0,0.0,0.0,0.0,0.0,0.0
own:5,1,2026-10,744.0,924267843072.0002,671485605194.8799,252782237877.1203,0.0,2912.5599999999995,2972.0,5,0.0,0.0,0.0,0.992088943446991,204473.6,202855.99778680265,204473.6,0.0,,,,0.0,0.0,0.0,0.0,0.0,0.0,0.0,0.0,0.0,0.0
own:5,2,2026-11,720.0,898925015116.8,650699375155.2,248225639961.60022,0.0,2822.4,2880.0,5,0.0,0.0,0.0,0.9842404717097668,198144.0,195021.34402646002,198144.0,0.0,,,,0.0,0.0,0.0,0.0,0.0,0.0,0.0,0.0,0.0,0.0
own:5,3,2026-12,744.0,933533628198.7966,671485605194.8799,262048023003.9168,0.0,2912.5599999999995,2972.0,5,0.0,0.0,0.0,0.9764540896763105,204473.6,199659.08295083806,204473.6,0.0,,,,0.0,0.0,0.0,0.0,0.0,0.0,0.0,0.0,0.0,0.0
own:5,4,2027-01,744.0,938201296339.7905,671485605194.8799,266715691144.9107,0.0,2912.5599999999995,2972.0,5,0.0,0.0,0.0,0.9687293061514642,204473.6,198079.56865429203,204473.6,0.0,,,,0.0,0.0,0.0,0.0,0.0,0.0,0.0,0.0,0.0,0.0
own:5,5,2027-02,672.0,851644660612.9583,606415667679.3599,245228992933.59842,0.0,2630.3199999999997,2684.0,5,0.0,0.0,0.0,0.9610656338259428,184659.19999999998,177469.61108979152,184659.19999999998,0.0,,,,0.0,0.0,0.0,0.0,0.0,0.0,0.0,0.0,0.0,0.0
own:5,6,2027-03,744.0,947606764335.5967,671485605194.8799,276121159140.71686,0.0,2912.5599999999995,2972.0,5,0.0,0.0,0.0,0.9534625892455922,204473.6,194957.92808836754,204473.6,0.0,,,,0.0,0.0,0.0,0.0,0.0,0.0,0.0,0.0,0.0,0.0
own:5,7,2027-04,720.0,921623998216.7175,907230717630.985,14393280585.732544,3370.6213312882996,564.48,576.0,5,229.37866871170036,34164.97065030639,42706.21331288299,0.9459196927808919,47566.08799795496,44993.69934581443,39628.799999999996,0.0,,,,0.0,0.0,0.0,0.0,3666.6666666666665,0.0,4270.621331288299,0.0,0.0,0.0
own:5,8,2027-05,744.0,957106522148.061,939923224906.814,17183297241.247055,3496.744652542899,580.16,592.0,5,223.25534745710092,35413.95722034319,44267.44652542898,0.9384364685966974,48823.01131920956,45817.294328655604,40729.6,0.0,,,,0.0,0.0,0.0,0.0,3666.6666666666665,0.0,4426.744652542899,0.0,0.0,0.0
own:5,9,2027-06,720.0,930863278798.8401,913390238019.0667,17473040779.773376,3397.3381701344647,564.48,576.0,5,202.6618298655353,34378.705361075714,42973.38170134464,0.9310124446222228,47592.80483680112,44309.49357753856,39628.799999999996,0.0,,,,0.0,0.0,0.0,0.0,3666.6666666666665,0.0,4297.338170134464,0.0,0.0,0.0
own:5,10,2027-07,744.0,966701515032.5951,946319886829.8367,20381628202.758408,3524.4900896846407,580.16,592.0,5,195.50991031535932,35635.92071747713,44544.90089684641,0.9236471525212612,48850.7567563513,45120.86237651264,40729.6,0.0,,,,0.0,0.0,0.0,0.0,3666.6666666666665,0.0,4454.490089684641,0.0,0.0,0.0
own:5,11,2027-08,744.0,971535022607.758,949542225213.2787,21992797394.479416,3538.466940133064,580.16,592.0,5,181.53305986693613,35747.73552106451,44684.66940133064,0.9163401276626397,48864.733606799724,44776.71623145574,40729.6,0.0,,,,0.0,0.0,0.0,0.0,3666.6666666666665,0.0,4468.466940133064,0.0,0.0,0.0
own:5,12,2027-09,720.0,944896159084.6421,922745491542.9347,22150667541.707397,3437.916459516512,564.48,576.0,5,162.08354048348792,34703.3316761321,43379.16459516512,0.9090909090909091,47633.38312618317,43303.07556925743,39628.799999999996,0.0,,,,0.0,0.0,0.0,0.0,3666.6666666666665,0.0,4337.916459516512,0.0,0.0,0.0
own:5,13,2027-10,744.0,981274661209.4006,956035317614.3737,25239343595.0269,3566.6306432078973,580.16,592.0,5,153.36935679210274,35973.04514566318,44966.30643207897,0.9018990394972645,48892.89730987456,44096.45712201425,40729.6,0.0,,,,0.0,0.0,0.0,0.0,3666.6666666666665,0.0,4496.630643207897,0.0,0.0,0.0
own:5,14,2027-11,720.0,954368743079.4653,929060547539.4835,25308195539.98181,3465.307932023164,564.48,576.0,5,134.69206797683592,34922.463456185316,43653.07932023164,0.894764065190697,47660.77459868982,42645.148430061214,39628.799999999996,0.0,,,,0.0,0.0,0.0,0.0,3666.6666666666665,0.0,4365.3079320231645,0.0,0.0,0.0
own:5,15,2027-12,744.0,991111939688.0247,962593503266.7897,28518436421.23491,3595.0766874060555,580.16,592.0,5,124.9233125939445,36200.613499248444,45250.76687406056,0.8876855360693732,48921.34335407272,43426.76890049391,40729.6,0.0,,,,0.0,0.0,0.0,0.0,3666.6666666666665,0.0,4525.076687406056,0.0,0.0,0.0
own:5,16,2028-01,744.0,996067499386.4646,965897209732.4164,30170289654.048264,3609.4064708430856,580.16,592.0,5,110.59352915691443,36315.25176674468,45394.06470843085,0.8806630055922402,48935.673137509744,43095.836985958784,40729.6,0.0,,,,0.0,0.0,0.0,0.0,3666.6666666666665,0.0,4539.406470843085,0.0,0.0,0.0
own:5,17,2028-02,696.0,936464105471.565,907182882013.7899,29281223457.77501,3390.0138449265078,544.88,556.0,5,89.98615507349223,34080.11075941206,42600.138449265076,0.873696030750857,46179.48051159317,40346.8288251155,38252.799999999996,0.0,,,,0.0,0.0,0.0,0.0,3666.6666666666665,0.0,4260.013844926508,0.0,0.0,0.0
own:5,18,2028-03,744.0,1006053076067.8136,972554260853.3157,33498815214.49791,3638.2813427132864,580.16,592.0,5,81.71865728671355,36546.25074170629,45682.81342713286,0.8667841720414474,48964.54800937995,42441.6952056941,40729.6,0.0,,,,0.0,0.0,0.0,0.0,3666.6666666666665,0.0,4568.281342713286,0.0,0.0,0.0
own:5,19,2028-04,720.0,978467749788.5349,945126552012.1965,33341197776.338318,3528.0,571.4740155743739,584.0,5,72.0,35424.0,44280.0,0.8599269934371745,48273.86666666666,41512.001024253696,40179.2,0.0,,,,0.0,0.0,0.0,0.0,3666.6666666666665,0.0,4428.0,0.0,0.0,0.0
own:5,20,2028-05,744.0,1016138758155.3933,979278048911.7021,36860709243.69115,3645.6,602.005685173987,615.0,5,74.40000000000009,36604.8,45756.0,0.8531240623606339,50554.26666666666,43129.061348329444,42312.0,0.0,,,,0.0,0.0,0.0,0.0,3666.6666666666665,0.0,4575.6,0.0,0.0,0.0
own:5,21,2028-06,720.0,988276888980.1646,951665978139.9497,36610910840.214905,3528.0,599.8386905805062,613.0,5,72.0,35424.0,44280.0,0.8463749496565661,50269.066666666666,42546.47876928256,42174.4,0.0,,,,0.0,0.0,0.0,0.0,3666.6666666666665,0.0,4428.0,0.0,0.0,0.0
own:5,22,2028-07,744.0,1026325549205.9009,986069242945.3739,40256306260.52702,3645.6,631.4624001678557,645.0,5,74.40000000000009,36604.8,45756.0,0.8396792295647828,52618.26666666666,44182.46561570095,44376.0,0.0,,,,0.0,0.0,0.0,0.0,3666.6666666666665,0.0,4575.6,0.0,0.0,0.0
own:5,23,2028-08,744.0,1031457176951.9302,989490328109.3934,41966848842.53679,3645.6,646.3013121686944,660.0,5,74.40000000000009,36604.8,45756.0,0.8330364796933087,53650.26666666666,44692.62927860726,45408.0,0.0,,,,0.0,0.0,0.0,0.0,3666.6666666666665,0.0,4575.6,0.0,0.0,0.0
own:5,24,2028-09,720.0,1003175286616.1516,961598243230.6077,41577043385.543884,3528.0,642.9197600608431,657.0,5,72.0,35424.0,44280.0,0.8264462809917354,53296.26666666666,44046.50137741046,45201.6,0.0,,,,0.0,0.0,0.0,0.0,3666.6666666666665,0.0,4428.0,0.0,0.0,0.0
own:5,25,2028-10,744.0,1041797535150.8733,996383900242.0221,45413634908.85112,3645.6,676.2020908231852,691.0,5,74.40000000000009,36604.8,45756.0,0.8199082177247857,55783.06666666666,45736.99476988956,47540.799999999996,0.0,,,,0.0,0.0,0.0,0.0,3666.6666666666665,0.0,4575.6,0.0,0.0,0.0
own:5,26,2028-11,720.0,1013232118864.478,968302798062.8253,44929320801.65271,3528.0,672.0006786554518,686.0,5,72.0,35424.0,44280.0,0.8134218774460882,55291.46666666666,44975.2886227478,47196.799999999996,0.0,,,,0.0,0.0,0.0,0.0,3666.6666666666665,0.0,4428.0,0.0,0.0,0.0
own:5,27,2028-12,744.0,1052241555440.7605,1003346580435.2803,48894975005.48021,3645.6,706.402624783687,721.0,5,74.40000000000009,36604.8,45756.0,0.8069868509721573,57847.06666666666,46681.82216730977,49604.799999999996,0.0,,,,0.0,0.0,0.0,0.0,3666.6666666666665,0.0,4575.6,0.0,0.0,0.0
own:5,28,2029-01,744.0,1057502763217.9641,1006854052286.7494,50648710931.21477,3645.6,721.6162379076051,737.0,5,74.40000000000009,36604.8,45756.0,0.8006027323565819,58947.86666666666,47193.823119924804,50705.6,0.0,,,,0.0,0.0,0.0,0.0,3666.6666666666665,0.0,4575.6,0.0,0.0,0.0
own:5,29,2029-02,672.0,959939605063.0164,912891974620.9976,47047630442.01886,3292.7999999999997,666.8569591845162,681.0,5,67.20000000000027,33062.399999999994,41327.99999999999,0.7942691188644154,54652.26666666666,43408.607689276396,46852.799999999996,0.0,,,,0.0,0.0,0.0,0.0,3666.6666666666665,0.0,4132.799999999999,0.0,0.0,0.0
own:5,30,2029-03,744.0,1068104228419.2241,1013921695754.256,54182532664.96806,3645.6,752.2720486926282,768.0,5,74.40000000000009,36604.8,45756.0,0.7879856109467703,61080.66666666666,48130.686440369354,52838.399999999994,0.0,,,,0.0,0.0,0.0,0.0,3666.6666666666665,0.0,4575.6,0.0,0.0,0.0
own:5,31,2029-04,720.0,1038817499575.4711,985359718536.8207,53457781038.65039,3528.0,745.9848473575074,762.0,5,72.0,35424.0,44280.0,0.7817518122156131,60520.26666666666,47311.828142438826,52425.6,0.0,,,,0.0,0.0,0.0,0.0,3666.6666666666665,0.0,4428.0,0.0,0.0,0.0
own:5,32,2029-05,744.0,1078811973309.1265,1021060192347.5243,57751780961.60222,3645.6,783.235183980771,800.0,5,74.40000000000009,36604.8,45756.0,0.7755673294187581,63282.26666666666,49079.65855823235,55040.0,0.0,,,,0.0,0.0,0.0,0.0,3666.6666666666665,0.0,4575.6,0.0,0.0,0.0
own:5,33,2029-06,720.0,1049231645008.715,992302482158.9833,56929162849.73169,3528.0,776.0989934522659,792.0,5,72.0,35424.0,44280.0,0.76943177241506,62584.26666666666,48154.32322663009,54489.6,0.0,,,,0.0,0.0,0.0,0.0,3666.6666666666665,0.0,4428.0,0.0,0.0,0.0
own:5,34,2029-07,744.0,1089627063341.5503,1028270252369.1401,61356810972.41014,3645.6,814.5087247001776,832.0,5,74.40000000000009,36604.8,45756.0,0.7633447541498025,65483.86666666666,49986.76610144511,57241.6,0.0,,,,0.0,0.0,0.0,0.0,3666.6666666666665,0.0,4575.6,0.0,0.0,0.0
own:5,35,2029-08,744.0,1095075198658.2579,1031902342580.2786,63172856077.979355,3645.6,830.2628683236782,848.0,5,74.40000000000009,36604.8,45756.0,0.7573058906302806,66584.66666666666,50424.96029232035,58342.399999999994,0.0,,,,0.0,0.0,0.0,0.0,3666.6666666666665,0.0,4575.6,0.0,0.0,0.0
own:5,36,2029-09,720.0,1065048943211.1765,1002847347627.291,62201595583.88556,3528.0,821.8372090309318,839.0,5,72.0,35424.0,44280.0,0.7513148009015775,65817.86666666667,49449.937390433246,57723.2,0.0,,,,0.0,0.0,0.0,0.0,3666.6666666666665,0.0,4428.0,0.0,0.0,0.0
own:6,0,time_zero,0.0,0.0,0.0,0.0,0.0,0.0,0.0,6,0.0,0.0,0.0,1.0,2450000.0,2450000.0,0.0,0.0,,,,2400000.0,50000.0,0.0,0.0,0.0,0.0,0.0,0.0,0.0,0.0
own:6,1,2026-10,744.0,924267843072.0002,671485605194.8799,252782237877.1203,0.0,2912.5599999999995,2972.0,6,0.0,0.0,0.0,0.992088943446991,204473.6,202855.99778680265,204473.6,0.0,,,,0.0,0.0,0.0,0.0,0.0,0.0,0.0,0.0,0.0,0.0
own:6,2,2026-11,720.0,898925015116.8,650699375155.2,248225639961.60022,0.0,2822.4,2880.0,6,0.0,0.0,0.0,0.9842404717097668,198144.0,195021.34402646002,198144.0,0.0,,,,0.0,0.0,0.0,0.0,0.0,0.0,0.0,0.0,0.0,0.0
own:6,3,2026-12,744.0,933533628198.7966,671485605194.8799,262048023003.9168,0.0,2912.5599999999995,2972.0,6,0.0,0.0,0.0,0.9764540896763105,204473.6,199659.08295083806,204473.6,0.0,,,,0.0,0.0,0.0,0.0,0.0,0.0,0.0,0.0,0.0,0.0
own:6,4,2027-01,744.0,938201296339.7905,671485605194.8799,266715691144.9107,0.0,2912.5599999999995,2972.0,6,0.0,0.0,0.0,0.9687293061514642,204473.6,198079.56865429203,204473.6,0.0,,,,0.0,0.0,0.0,0.0,0.0,0.0,0.0,0.0,0.0,0.0
own:6,5,2027-02,672.0,851644660612.9583,606415667679.3599,245228992933.59842,0.0,2630.3199999999997,2684.0,6,0.0,0.0,0.0,0.9610656338259428,184659.19999999998,177469.61108979152,184659.19999999998,0.0,,,,0.0,0.0,0.0,0.0,0.0,0.0,0.0,0.0,0.0,0.0
own:6,6,2027-03,744.0,947606764335.5967,671485605194.8799,276121159140.71686,0.0,2912.5599999999995,2972.0,6,0.0,0.0,0.0,0.9534625892455922,204473.6,194957.92808836754,204473.6,0.0,,,,0.0,0.0,0.0,0.0,0.0,0.0,0.0,0.0,0.0,0.0
own:6,7,2027-04,720.0,921623998216.7175,921623998216.7175,0.0,3511.7413312882995,485.79066564414995,496.0,6,808.2586687117005,36733.9306503064,45917.413312883,0.9459196927808919,42716.541331288296,40406.4176527545,34124.799999999996,0.0,,,,0.0,0.0,0.0,0.0,4000.0,0.0,4591.7413312883,0.0,0.0,0.0
own:6,8,2027-05,744.0,957106522148.061,957106522148.061,0.0,3642.568652542899,508.8683262714495,520.0,6,821.4313474571009,38068.54922034319,47585.68652542899,0.9384364685966974,44534.5686525429,41792.86333676954,35776.0,0.0,,,,0.0,0.0,0.0,0.0,4000.0,0.0,4758.568652542899,0.0,0.0,0.0
own:6,9,2027-06,720.0,930863278798.8401,930863278798.8401,0.0,3538.4581701344646,499.1490850672324,512.0,6,781.5418298655354,36947.66536107572,46184.58170134465,0.9310124446222228,43844.05817013446,40819.36377913583,35225.6,0.0,,,,0.0,0.0,0.0,0.0,4000.0,0.0,4618.458170134465,0.0,0.0,0.0
own:6,10,2027-07,744.0,966701515032.5951,966701515032.5951,0.0,3670.3140896846407,522.7410448423204,536.0,6,793.6859103153593,38290.512717477126,47863.14089684641,0.9236471525212612,45663.114089684634,42176.60530419069,36876.799999999996,0.0,,,,0.0,0.0,0.0,0.0,4000.0,0.0,4786.314089684641,0.0,0.0,0.0
own:6,11,2027-08,744.0,971535022607.758,971535022607.758,0.0,3684.290940133064,529.7294700665321,544.0,6,779.7090598669361,38402.32752106451,48002.90940133063,0.9163401276626397,46227.49094013306,42360.10494960505,37427.2,0.0,,,,0.0,0.0,0.0,0.0,4000.0,0.0,4800.2909401330635,0.0,0.0,0.0
own:6,12,2027-09,720.0,944896159084.6421,944896159084.6421,0.0,3579.036459516512,519.4382297582562,532.0,6,740.963540483488,37272.291676132096,46590.36459516512,0.9090909090909091,45260.63645951651,41146.033145015004,36601.6,0.0,,,,0.0,0.0,0.0,0.0,4000.0,0.0,4659.036459516512,0.0,0.0,0.0
own:6,13,2027-10,744.0,981274661209.4006,981274661209.4006,0.0,3712.4546432078973,543.8113216039486,556.0,6,751.5453567921027,38627.637145663175,48284.54643207897,0.9018990394972645,47081.254643207896,42462.538341035324,38252.799999999996,0.0,,,,0.0,0.0,0.0,0.0,4000.0,0.0,4828.454643207897,0.0,0.0,0.0
own:6,14,2027-11,720.0,954368743079.4653,954368743079.4653,0.0,3606.427932023164,533.1339660115822,548.0,6,713.572067976836,37491.42345618531,46864.27932023164,0.894764065190697,46388.82793202317,41507.0562598888,37702.4,0.0,,,,0.0,0.0,0.0,0.0,4000.0,0.0,4686.427932023164,0.0,0.0,0.0
own:6,15,2027-12,744.0,991111939688.0247,991111939688.0247,0.0,3740.9006874060556,558.0343437030278,572.0,6,723.0993125939444,38855.20549924845,48569.006874060564,0.8876855360693732,48210.50068740606,42795.76414687293,39353.6,0.0,,,,0.0,0.0,0.0,0.0,4000.0,0.0,4856.900687406057,0.0,0.0,0.0
own:6,16,2028-01,744.0,996067499386.4646,996067499386.4646,0.0,3755.2304708430856,565.199235421543,580.0,6,708.7695291569144,38969.843766744685,48712.30470843086,0.8806630055922402,48775.23047084309,42954.541064906894,39904.0,0.0,,,,0.0,0.0,0.0,0.0,4000.0,0.0,4871.230470843086,0.0,0.0,0.0
own:6,17,2028-02,696.0,936464105471.565,936464105471.565,0.0,3526.429844926508,535.4709224632537,548.0,6,649.5701550734921,36563.43875941206,45704.29844926508,0.873696030750857,46272.82984492651,40428.38776712209,37702.4,0.0,,,,0.0,0.0,0.0,0.0,4000.0,0.0,4570.429844926508,0.0,0.0,0.0
own:6,18,2028-03,744.0,1006053076067.8136,1006053076067.8136,0.0,3784.1053427132865,579.6366713566434,592.0,6,679.8946572867135,39200.84274170629,49001.053427132865,0.8667841720414474,49629.705342713285,43018.24305414473,40729.6,0.0,,,,0.0,0.0,0.0,0.0,4000.0,0.0,4900.1053427132865,0.0,0.0,0.0
own:6,19,2028-04,720.0,978467749788.5349,977661520769.9565,806229018.5783386,3676.1140155743738,564.48,576.0,6,643.8859844256262,38048.912124594994,47561.14015574374,0.8599269934371745,48384.914015574366,41607.49363712907,39628.799999999996,0.0,,,,0.0,0.0,0.0,0.0,4000.0,0.0,4756.114015574374,0.0,0.0,0.0
own:6,20,2028-05,744.0,1016138758155.3933,1012897516628.0542,3241241527.339157,3813.269685173987,580.16,592.0,6,650.730314826013,39434.1574813919,49292.69685173988,0.8531240623606339,49658.86968517399,42365.176638052966,40729.6,0.0,,,,0.0,0.0,0.0,0.0,4000.0,0.0,4929.269685173988,0.0,0.0,0.0
own:6,21,2028-06,720.0,988276888980.1646,984200946897.7097,4075942082.4549255,3704.4786905805063,564.48,576.0,6,615.5213094194937,38275.829524644054,47844.78690580507,0.8463749496565661,48413.278690580504,40975.78631444938,39628.799999999996,0.0,,,,0.0,0.0,0.0,0.0,4000.0,0.0,4784.478690580508,0.0,0.0,0.0
own:6,22,2028-07,744.0,1026325549205.9009,1019688710661.7258,6636838544.175034,3842.726400167856,580.16,592.0,6,621.2735998321441,39669.81120134285,49587.26400167856,0.8396792295647828,49688.326400167854,41722.2556300564,40729.6,0.0,,,,0.0,0.0,0.0,0.0,4000.0,0.0,4958.726400167856,0.0,0.0,0.0
own:6,23,2028-08,744.0,1031457176951.9302,1023109795825.7454,8347381126.184799,3857.565312168694,580.16,592.0,6,606.4346878313058,39788.52249734955,49735.65312168693,0.8330364796933087,49703.16531216869,41404.54986126358,40729.6,0.0,,,,0.0,0.0,0.0,0.0,4000.0,0.0,4973.565312168694,0.0,0.0,0.0
own:6,24,2028-09,720.0,1003175286616.1516,994133211988.3677,9042074627.783905,3747.559760060843,564.48,576.0,6,572.440239939157,38620.47808048675,48275.59760060844,0.8264462809917354,48456.35976006084,40046.57831409986,39628.799999999996,0.0,,,,0.0,0.0,0.0,0.0,4000.0,0.0,4827.559760060844,0.0,0.0,0.0
own:6,25,2028-10,744.0,1041797535150.8733,1030003367958.374,11794167192.49913,3887.4660908231854,580.16,592.0,6,576.5339091768146,40027.72872658548,50034.660908231854,0.8199082177247857,49733.06609082318,40776.54958051581,40729.6,0.0,,,,0.0,0.0,0.0,0.0,4000.0,0.0,5003.466090823185,0.0,0.0,0.0
own:6,26,2028-11,720.0,1013232118864.478,1000837766820.5853,12394352043.89273,3776.6406786554517,564.48,576.0,6,543.3593213445483,38853.12542924361,48566.406786554515,0.8134218774460882,48485.44067865545,39439.11818563285,39628.799999999996,0.0,,,,0.0,0.0,0.0,0.0,4000.0,0.0,4856.640678655452,0.0,0.0,0.0
own:6,27,2028-12,744.0,1052241555440.7605,1036966048151.6323,15275507289.12822,3917.666624783687,580.16,592.0,6,546.333375216313,40269.3329982695,50336.666247836874,0.8069868509721573,49763.26662478369,40158.30182762205,40729.6,0.0,,,,0.0,0.0,0.0,0.0,4000.0,0.0,5033.666624783687,0.0,0.0,0.0
own:6,28,2029-01,744.0,1057502763217.9641,1040473520003.1013,17029243214.862778,3932.880237907605,580.16,592.0,6,531.1197620923949,40391.04190326084,50488.80237907605,0.8006027323565819,49778.480237907606,39852.78729102694,40729.6,0.0,,,,0.0,0.0,0.0,0.0,4000.0,0.0,5048.880237907605,0.0,0.0,0.0
own:6,29,2029-02,672.0,959939605063.0164,943257945461.5735,16681659601.442871,3566.088959184516,525.28,536.0,6,465.91104081548383,36592.71167347613,45740.88959184516,0.7942691188644154,45450.888959184515,36100.237525215874,36876.799999999996,0.0,,,,0.0,0.0,0.0,0.0,4000.0,0.0,4574.088959184516,0.0,0.0,0.0
own:6,30,2029-03,744.0,1068104228419.2241,1047541163470.6079,20563064948.616074,3963.5360486926284,580.16,592.0,6,500.46395130737164,40636.28838954103,50795.360486926285,0.7879856109467703,49809.13604869263,39248.88250005986,40729.6,0.0,,,,0.0,0.0,0.0,0.0,4000.0,0.0,5079.536048692629,0.0,0.0,0.0
own:6,31,2029-04,720.0,1038817499575.4711,1017894687294.5807,20922812280.89041,3850.6248473575074,564.48,576.0,6,469.3751526424926,39444.998778860056,49306.24847357507,0.7817518122156131,48559.4248473575,37961.41837456959,39628.799999999996,0.0,,,,0.0,0.0,0.0,0.0,4000.0,0.0,4930.624847357507,0.0,0.0,0.0
own:6,32,2029-05,744.0,1078811973309.1265,1054679660063.8762,24132313245.25023,3994.4991839807712,580.16,592.0,6,469.50081601922875,40883.99347184617,51104.99183980771,0.7755673294187581,49840.09918398077,38654.352622085986,40729.6,0.0,,,,0.0,0.0,0.0,0.0,4000.0,0.0,5110.499183980772,0.0,0.0,0.0
own:6,33,2029-06,720.0,1049231645008.715,1024837450916.7433,24394194091.97171,3880.7389934522657,564.48,576.0,6,439.26100654773427,39685.91194761812,49607.38993452265,0.76943177241506,48589.53899345226,37386.33510856264,39628.799999999996,0.0,,,,0.0,0.0,0.0,0.0,4000.0,0.0,4960.738993452265,0.0,0.0,0.0
own:6,34,2029-07,744.0,1089627063341.5503,1061889720085.4922,27737343256.05815,4025.7727247001776,580.16,592.0,6,438.2272752998224,41134.18179760142,51417.72724700178,0.7633447541498025,49871.37272470018,38069.050751649425,40729.6,0.0,,,,0.0,0.0,0.0,0.0,4000.0,0.0,5141.7727247001785,0.0,0.0,0.0
own:6,35,2029-08,744.0,1095075198658.2579,1065521810296.6306,29553388361.627365,4041.526868323678,580.16,592.0,6,422.4731316763218,41260.214946589425,51575.26868323678,0.7573058906302806,49887.12686832368,37779.81504400167,40729.6,0.0,,,,0.0,0.0,0.0,0.0,4000.0,0.0,5157.526868323679,0.0,0.0,0.0
own:6,36,2029-09,720.0,1065048943211.1765,1035382316385.051,29666626826.12558,3926.4772090309316,564.48,576.0,6,393.5227909690684,40051.81767224745,50064.772090309314,0.7513148009015775,48635.27720903093,36540.4036130961,39628.799999999996,0.0,,,,0.0,0.0,0.0,0.0,4000.0,0.0,5006.477209030932,0.0,0.0,0.0
own:7,0,time_zero,0.0,0.0,0.0,0.0,0.0,0.0,0.0,7,0.0,0.0,0.0,1.0,2850000.0,2850000.0,0.0,0.0,,,,2800000.0,50000.0,0.0,0.0,0.0,0.0,0.0,0.0,0.0,0.0
own:7,1,2026-10,744.0,924267843072.0002,671485605194.8799,252782237877.1203,0.0,2912.5599999999995,2972.0,7,0.0,0.0,0.0,0.992088943446991,204473.6,202855.99778680265,204473.6,0.0,,,,0.0,0.0,0.0,0.0,0.0,0.0,0.0,0.0,0.0,0.0
own:7,2,2026-11,720.0,898925015116.8,650699375155.2,248225639961.60022,0.0,2822.4,2880.0,7,0.0,0.0,0.0,0.9842404717097668,198144.0,195021.34402646002,198144.0,0.0,,,,0.0,0.0,0.0,0.0,0.0,0.0,0.0,0.0,0.0,0.0
own:7,3,2026-12,744.0,933533628198.7966,671485605194.8799,262048023003.9168,0.0,2912.5599999999995,2972.0,7,0.0,0.0,0.0,0.9764540896763105,204473.6,199659.08295083806,204473.6,0.0,,,,0.0,0.0,0.0,0.0,0.0,0.0,0.0,0.0,0.0,0.0
own:7,4,2027-01,744.0,938201296339.7905,671485605194.8799,266715691144.9107,0.0,2912.5599999999995,2972.0,7,0.0,0.0,0.0,0.9687293061514642,204473.6,198079.56865429203,204473.6,0.0,,,,0.0,0.0,0.0,0.0,0.0,0.0,0.0,0.0,0.0,0.0
own:7,5,2027-02,672.0,851644660612.9583,606415667679.3599,245228992933.59842,0.0,2630.3199999999997,2684.0,7,0.0,0.0,0.0,0.9610656338259428,184659.19999999998,177469.61108979152,184659.19999999998,0.0,,,,0.0,0.0,0.0,0.0,0.0,0.0,0.0,0.0,0.0,0.0
own:7,6,2027-03,744.0,947606764335.5967,671485605194.8799,276121159140.71686,0.0,2912.5599999999995,2972.0,7,0.0,0.0,0.0,0.9534625892455922,204473.6,194957.92808836754,204473.6,0.0,,,,0.0,0.0,0.0,0.0,0.0,0.0,0.0,0.0,0.0,0.0
own:7,7,2027-04,720.0,921623998216.7175,921623998216.7175,0.0,3652.8613312883,344.67066564415,354.0,7,1387.1386687117001,39302.8906503064,49128.613312883,0.9459196927808919,33601.394664621635,31784.220918168397,24355.2,0.0,,,,0.0,0.0,0.0,0.0,4333.333333333333,0.0,4912.8613312883,0.0,0.0,0.0
own:7,8,2027-05,744.0,957106522148.061,957106522148.061,0.0,3788.392652542899,363.0443262714494,372.0,7,1419.6073474571008,40723.1412203432,50903.92652542899,0.9384364685966974,35017.32598587623,32861.53573788505,25593.6,0.0,,,,0.0,0.0,0.0,0.0,4333.333333333333,0.0,5090.3926525429,0.0,0.0,0.0
own:7,9,2027-06,720.0,930863278798.8401,930863278798.8401,0.0,3679.578170134465,358.0290850672325,366.0,7,1360.421829865535,39516.62536107572,49395.78170134465,0.9310124446222228,34453.7115034678,32076.834173152354,25180.8,0.0,,,,0.0,0.0,0.0,0.0,4333.333333333333,0.0,4939.578170134465,0.0,0.0,0.0
own:7,10,2027-07,744.0,966701515032.5951,966701515032.5951,0.0,3816.138089684641,376.9170448423203,387.0,7,1391.8619103153592,40945.10471747712,51181.3808968464,0.9236471525212612,36077.07142301797,33322.48429117671,26625.6,0.0,,,,0.0,0.0,0.0,0.0,4333.333333333333,0.0,5118.13808968464,0.0,0.0,0.0
own:7,11,2027-08,744.0,971535022607.758,971535022607.758,0.0,3830.114940133064,383.905470066532,393.0,7,1377.885059866936,41056.91952106451,51321.14940133064,0.9163401276626397,36503.84827346639,33449.94098708582,27038.399999999998,0.0,,,,0.0,0.0,0.0,0.0,4333.333333333333,0.0,5132.114940133064,0.0,0.0,0.0
own:7,12,2027-09,720.0,944896159084.6421,944896159084.6421,0.0,3720.156459516512,378.31822975825617,387.0,7,1319.8435404834881,39841.251676132095,49801.56459516512,0.9090909090909091,35939.089792849845,32671.899811681677,26625.6,0.0,,,,0.0,0.0,0.0,0.0,4333.333333333333,0.0,4980.156459516512,0.0,0.0,0.0
own:7,13,2027-10,744.0,981274661209.4006,981274661209.4006,0.0,3858.2786432078974,397.98732160394854,408.0,7,1349.7213567921026,41282.22914566318,51602.786432078974,0.9018990394972645,37564.011976541224,33878.94632130627,28070.399999999998,0.0,,,,0.0,0.0,0.0,0.0,4333.333333333333,0.0,5160.278643207897,0.0,0.0,0.0
own:7,14,2027-11,720.0,954368743079.4653,954368743079.4653,0.0,3747.5479320231643,392.0139660115823,402.0,7,1292.4520679768357,40060.383456185315,50075.47932023164,0.894764065190697,36998.481265356495,33104.911502872215,27657.6,0.0,,,,0.0,0.0,0.0,0.0,4333.333333333333,0.0,5007.547932023164,0.0,0.0,0.0
own:7,15,2027-12,744.0,991111939688.0247,991111939688.0247,0.0,3886.7246874060556,412.2103437030278,423.0,7,1321.2753125939444,41509.797499248445,51887.246874060555,0.8876855360693732,38624.45802073939,34286.37272352904,29102.399999999998,0.0,,,,0.0,0.0,0.0,0.0,4333.333333333333,0.0,5188.724687406056,0.0,0.0,0.0
own:7,16,2028-01,744.0,996067499386.4646,996067499386.4646,0.0,3901.0544708430857,419.37523542154287,429.0,7,1306.9455291569143,41624.43576674469,52030.54470843086,0.8806630055922402,39051.58780417642,34391.28868877528,29515.199999999997,0.0,,,,0.0,0.0,0.0,0.0,4333.333333333333,0.0,5203.054470843086,0.0,0.0,0.0
own:7,17,2028-02,696.0,936464105471.565,936464105471.565,0.0,3662.845844926508,399.0549224632538,408.0,7,1209.154155073492,39046.766759412065,48808.45844926508,0.873696030750857,37284.57917825984,32575.38883626167,28070.399999999998,0.0,,,,0.0,0.0,0.0,0.0,4333.333333333333,0.0,4880.845844926508,0.0,0.0,0.0
own:7,18,2028-03,744.0,1006053076067.8136,1006053076067.8136,0.0,3929.9293427132866,433.81267135664325,444.0,7,1278.0706572867134,41855.434741706296,52319.29342713287,0.8667841720414474,40112.46267604662,34768.84774920053,30547.199999999997,0.0,,,,0.0,0.0,0.0,0.0,4333.333333333333,0.0,5231.929342713287,0.0,0.0,0.0
own:7,19,2028-04,720.0,978467749788.5349,978467749788.5349,0.0,3817.234015574374,426.8570077871871,436.0,7,1222.765984425626,40617.87212459499,50772.34015574374,0.8599269934371745,39407.367348907705,33887.45892362048,29996.8,0.0,,,,0.0,0.0,0.0,0.0,4333.333333333333,0.0,5077.234015574374,0.0,0.0,0.0
own:7,20,2028-05,744.0,1016138758155.3933,1016138758155.3933,0.0,3959.093685173987,448.39484258699343,460.0,7,1248.906314826013,42088.7494813919,52610.93685173987,0.8531240623606339,41242.427018507326,35184.906879640934,31648.0,0.0,,,,0.0,0.0,0.0,0.0,4333.333333333333,0.0,5261.093685173987,0.0,0.0,0.0
own:7,21,2028-06,720.0,988276888980.1646,988276888980.1646,0.0,3845.5986905805066,441.03934529025327,452.0,7,1194.4013094194934,40844.78952464405,51055.98690580507,0.8463749496565661,40536.53202391384,34309.10525099185,31097.6,0.0,,,,0.0,0.0,0.0,0.0,4333.333333333333,0.0,5105.5986905805075,0.0,0.0,0.0
own:7,22,2028-07,744.0,1026325549205.9009,1026325549205.9009,0.0,3988.550400167856,463.12320008392777,476.0,7,1219.449599832144,42324.40320134285,52905.504001678564,0.8396792295647828,42372.68373350119,35579.46243193848,32748.8,0.0,,,,0.0,0.0,0.0,0.0,4333.333333333333,0.0,5290.550400167856,0.0,0.0,0.0
own:7,23,2028-08,744.0,1031457176951.9302,1031457176951.9302,0.0,4003.3893121686942,470.54265608434713,484.0,7,1204.6106878313058,42443.114497349554,53053.89312168694,0.8330364796933087,42937.922645502025,35768.85592595261,33299.2,0.0,,,,0.0,0.0,0.0,0.0,4333.333333333333,0.0,5305.389312168694,0.0,0.0,0.0
own:7,24,2028-09,720.0,1003175286616.1516,1003175286616.1516,0.0,3888.6797600608434,462.57988003042175,476.0,7,1151.3202399391566,41189.43808048675,51486.797600608435,0.8264462809917354,42230.81309339417,34901.4984242927,32748.8,0.0,,,,0.0,0.0,0.0,0.0,4333.333333333333,0.0,5148.679760060844,0.0,0.0,0.0
own:7,25,2028-10,744.0,1041797535150.8733,1041797535150.8733,0.0,4033.2900908231854,485.49304541159256,496.0,7,1174.7099091768146,42682.32072658549,53352.90090823186,0.8199082177247857,43793.423424156514,35906.58774776705,34124.799999999996,0.0,,,,0.0,0.0,0.0,0.0,4333.333333333333,0.0,5335.290090823186,0.0,0.0,0.0
own:7,26,2028-11,720.0,1013232118864.478,1013232118864.478,0.0,3917.7606786554516,477.1203393277261,488.0,7,1122.2393213445484,41422.08542924361,51777.60678655452,0.8134218774460882,43085.49401198879,35046.68342992411,33574.4,0.0,,,,0.0,0.0,0.0,0.0,4333.333333333333,0.0,5177.7606786554525,0.0,0.0,0.0
own:7,27,2028-12,744.0,1052241555440.7605,1052241555440.7605,0.0,4063.490624783687,500.5933123918434,512.0,7,1144.509375216313,42923.9249982695,53654.90624783687,0.8069868509721573,44924.423958117026,36253.419421699,35225.6,0.0,,,,0.0,0.0,0.0,0.0,4333.333333333333,0.0,5365.490624783688,0.0,0.0,0.0
own:7,28,2029-01,744.0,1057502763217.9641,1057502763217.9641,0.0,4078.704237907605,508.2001189538025,520.0,7,1129.2957620923949,43045.63390326084,53807.04237907605,0.8006027323565819,45490.037571240944,36419.44837453907,35776.0,0.0,,,,0.0,0.0,0.0,0.0,4333.333333333333,0.0,5380.704237907605,0.0,0.0,0.0
own:7,29,2029-02,672.0,959939605063.0164,959939605063.0164,0.0,3697.800959184516,465.924479592258,476.0,7,1006.1990408154838,38990.40767347613,48738.00959184517,0.7942691188644154,41955.93429251785,33324.30296165146,32748.8,0.0,,,,0.0,0.0,0.0,0.0,4333.333333333333,0.0,4873.8009591845175,0.0,0.0,0.0
own:7,30,2029-03,744.0,1068104228419.2241,1068104228419.2241,0.0,4109.360048692628,523.528024346314,536.0,7,1098.639951307372,43290.880389541024,54113.60048692628,0.7879856109467703,46621.49338202596,36737.065945886534,36876.799999999996,0.0,,,,0.0,0.0,0.0,0.0,4333.333333333333,0.0,5411.360048692629,0.0,0.0,0.0
own:7,31,2029-04,720.0,1038817499575.4711,1038817499575.4711,0.0,3991.7448473575078,514.1124236787539,528.0,7,1048.2551526424922,42013.95877886006,52517.448473575074,0.7817518122156131,45911.47818069084,35891.38126925265,36326.4,0.0,,,,0.0,0.0,0.0,0.0,4333.333333333333,0.0,5251.744847357508,0.0,0.0,0.0
own:7,32,2029-05,744.0,1078811973309.1265,1078811973309.1265,0.0,4140.323183980771,539.0095919903855,552.0,7,1067.6768160192287,43538.58547184617,54423.23183980771,0.7755673294187581,47753.256517314105,37035.865628182204,37977.6,0.0,,,,0.0,0.0,0.0,0.0,4333.333333333333,0.0,5442.323183980771,0.0,0.0,0.0
own:7,33,2029-06,720.0,1049231645008.715,1049231645008.715,0.0,4021.858993452266,529.1694967261332,540.0,7,1018.1410065477339,42254.87194761813,52818.589934522664,0.76943177241506,46767.192326785604,35984.16368287464,37152.0,0.0,,,,0.0,0.0,0.0,0.0,4333.333333333333,0.0,5281.858993452267,0.0,0.0,0.0
own:7,34,2029-07,744.0,1089627063341.5503,1089627063341.5503,0.0,4171.596724700177,554.6463623500888,568.0,7,1036.4032752998228,43788.77379760142,54735.96724700177,0.7633447541498025,48885.33005803351,37316.360254681545,39078.4,0.0,,,,0.0,0.0,0.0,0.0,4333.333333333333,0.0,5473.596724700177,0.0,0.0,0.0
own:7,35,2029-08,744.0,1095075198658.2579,1095075198658.2579,0.0,4187.350868323678,562.5234341618391,576.0,7,1020.6491316763222,43914.80694658942,54893.50868323678,0.7573058906302806,49451.48420165701,37449.900286325115,39628.799999999996,0.0,,,,0.0,0.0,0.0,0.0,4333.333333333333,0.0,5489.350868323679,0.0,0.0,0.0
own:7,36,2029-09,720.0,1065048943211.1765,1065048943211.1765,0.0,4067.5972090309315,552.0386045154661,564.0,7,972.4027909690685,42620.77767224745,53275.97209030931,0.7513148009015775,48464.13054236426,36411.81858930447,38803.2,0.0,,,,0.0,0.0,0.0,0.0,4333.333333333333,0.0,5327.5972090309315,0.0,0.0,0.0
own:8,0,time_zero,0.0,0.0,0.0,0.0,0.0,0.0,0.0,8,0.0,0.0,0.0,1.0,3250000.0,3250000.0,0.0,0.0,,,,3200000.0,50000.0,0.0,0.0,0.0,0.0,0.0,0.0,0.0,0.0
own:8,1,2026-10,744.0,924267843072.0002,671485605194.8799,252782237877.1203,0.0,2912.5599999999995,2972.0,8,0.0,0.0,0.0,0.992088943446991,204473.6,202855.99778680265,204473.6,0.0,,,,0.0,0.0,0.0,0.0,0.0,0.0,0.0,0.0,0.0,0.0
own:8,2,2026-11,720.0,898925015116.8,650699375155.2,248225639961.60022,0.0,2822.4,2880.0,8,0.0,0.0,0.0,0.9842404717097668,198144.0,195021.34402646002,198144.0,0.0,,,,0.0,0.0,0.0,0.0,0.0,0.0,0.0,0.0,0.0,0.0
own:8,3,2026-12,744.0,933533628198.7966,671485605194.8799,262048023003.9168,0.0,2912.5599999999995,2972.0,8,0.0,0.0,0.0,0.9764540896763105,204473.6,199659.08295083806,204473.6,0.0,,,,0.0,0.0,0.0,0.0,0.0,0.0,0.0,0.0,0.0,0.0
own:8,4,2027-01,744.0,938201296339.7905,671485605194.8799,266715691144.9107,0.0,2912.5599999999995,2972.0,8,0.0,0.0,0.0,0.9687293061514642,204473.6,198079.56865429203,204473.6,0.0,,,,0.0,0.0,0.0,0.0,0.0,0.0,0.0,0.0,0.0,0.0
own:8,5,2027-02,672.0,851644660612.9583,606415667679.3599,245228992933.59842,0.0,2630.3199999999997,2684.0,8,0.0,0.0,0.0,0.9610656338259428,184659.19999999998,177469.61108979152,184659.19999999998,0.0,,,,0.0,0.0,0.0,0.0,0.0,0.0,0.0,0.0,0.0,0.0
own:8,6,2027-03,744.0,947606764335.5967,671485605194.8799,276121159140.71686,0.0,2912.5599999999995,2972.0,8,0.0,0.0,0.0,0.9534625892455922,204473.6,194957.92808836754,204473.6,0.0,,,,0.0,0.0,0.0,0.0,0.0,0.0,0.0,0.0,0.0,0.0
own:8,7,2027-04,720.0,921623998216.7175,921623998216.7175,0.0,3793.9813312882998,203.55066564414994,208.0,8,1966.0186687117002,41871.8506503064,52339.813312882994,0.9459196927808919,24211.047997954964,22901.70708412899,14310.4,0.0,,,,0.0,0.0,0.0,0.0,4666.666666666667,0.0,5233.9813312883,0.0,0.0,0.0
own:8,8,2027-05,744.0,957106522148.061,957106522148.061,0.0,3934.2166525428993,217.22032627144944,222.0,8,2017.7833474571007,43377.733220343194,54222.16652542899,0.9384364685966974,25362.483319209565,23801.07928092167,15273.599999999999,0.0,,,,0.0,0.0,0.0,0.0,4666.666666666667,0.0,5422.216652542899,0.0,0.0,0.0
own:8,9,2027-06,720.0,930863278798.8401,930863278798.8401,0.0,3820.698170134465,216.9090850672324,222.0,8,1939.3018298655352,42085.58536107572,52606.981701344645,0.9310124446222228,25200.964836801133,23462.411879548898,15273.599999999999,0.0,,,,0.0,0.0,0.0,0.0,4666.666666666667,0.0,5260.698170134465,0.0,0.0,0.0
own:8,10,2027-07,744.0,966701515032.5951,966701515032.5951,0.0,3961.962089684641,231.09304484232035,236.0,8,1990.037910315359,43599.69671747713,54499.620896846405,0.9236471525212612,26353.428756351306,24341.269429975804,16236.8,0.0,,,,0.0,0.0,0.0,0.0,4666.666666666667,0.0,5449.962089684641,0.0,0.0,0.0
own:8,11,2027-08,744.0,971535022607.758,971535022607.758,0.0,3975.938940133064,238.081470066532,244.0,8,1976.061059866936,43711.511521064516,54639.38940133064,0.9163401276626397,26917.80560679973,24665.865426132987,16787.2,0.0,,,,0.0,0.0,0.0,0.0,4666.666666666667,0.0,5463.9389401330645,0.0,0.0,0.0
own:8,12,2027-09,720.0,944896159084.6421,944896159084.6421,0.0,3861.276459516512,237.19822975825613,244.0,8,1898.7235404834878,42410.211676132094,53012.76459516512,0.9090909090909091,26755.143126183182,24322.857387439257,16787.2,0.0,,,,0.0,0.0,0.0,0.0,4666.666666666667,0.0,5301.276459516513,0.0,0.0,0.0
own:8,13,2027-10,744.0,981274661209.4006,981274661209.4006,0.0,4004.1026432078975,252.16332160394853,258.0,8,1947.8973567921025,43936.82114566318,54921.02643207898,0.9018990394972645,27909.169309874564,25171.2529937424,17750.399999999998,0.0,,,,0.0,0.0,0.0,0.0,4666.666666666667,0.0,5492.102643207898,0.0,0.0,0.0
own:8,14,2027-11,720.0,954368743079.4653,954368743079.4653,0.0,3888.667932023164,250.89396601158222,258.0,8,1871.3320679768358,42629.343456185314,53286.67932023164,0.894764065190697,27745.73459868983,24825.88628122588,17750.399999999998,0.0,,,,0.0,0.0,0.0,0.0,4666.666666666667,0.0,5328.667932023164,0.0,0.0,0.0
own:8,15,2027-12,744.0,991111939688.0247,991111939688.0247,0.0,4032.5486874060557,266.3863437030278,272.0,8,1919.4513125939443,44164.38949924844,55205.48687406055,0.8876855360693732,28900.81535407272,25654.835770422014,18713.6,0.0,,,,0.0,0.0,0.0,0.0,4666.666666666667,0.0,5520.548687406055,0.0,0.0,0.0
own:8,16,2028-01,744.0,996067499386.4646,996067499386.4646,0.0,4046.878470843086,273.55123542154286,280.0,8,1905.1215291569142,44279.027766744686,55348.78470843086,0.8806630055922402,29465.545137509755,25949.21554221316,19264.0,0.0,,,,0.0,0.0,0.0,0.0,4666.666666666667,0.0,5534.878470843087,0.0,0.0,0.0
own:8,17,2028-02,696.0,936464105471.565,936464105471.565,0.0,3799.2618449265083,262.6389224632537,268.0,8,1768.7381550734917,41530.094759412066,51912.61844926508,0.873696030750857,28296.328511593172,24722.389905401258,18438.399999999998,0.0,,,,0.0,0.0,0.0,0.0,4666.666666666667,0.0,5191.261844926508,0.0,0.0,0.0
own:8,18,2028-03,744.0,1006053076067.8136,1006053076067.8136,0.0,4075.7533427132867,287.9886713566433,294.0,8,1876.2466572867133,44510.02674170629,55637.53342713287,0.8667841720414474,30457.620009379956,26400.182942183426,20227.2,0.0,,,,0.0,0.0,0.0,0.0,4666.666666666667,0.0,5563.753342713288,0.0,0.0,0.0
own:8,19,2028-04,720.0,978467749788.5349,978467749788.5349,0.0,3958.354015574374,285.73700778718705,294.0,8,1801.645984425626,43186.83212459499,53983.54015574374,0.8599269934371745,30292.220682241044,26049.098255814937,20227.2,0.0,,,,0.0,0.0,0.0,0.0,4666.666666666667,0.0,5398.354015574375,0.0,0.0,0.0
own:8,20,2028-05,744.0,1016138758155.3933,1016138758155.3933,0.0,4104.917685173987,302.5708425869935,309.0,8,1847.0823148260133,44743.34148139189,55929.17685173987,0.8531240623606339,31518.784351840655,26889.43334691108,21259.2,0.0,,,,0.0,0.0,0.0,0.0,4666.666666666667,0.0,5592.917685173987,0.0,0.0,0.0
own:8,21,2028-06,720.0,988276888980.1646,988276888980.1646,0.0,3986.7186905805065,299.9193452902532,309.0,8,1773.2813094194935,43413.74952464405,54267.186905805065,0.8463749496565661,31352.585357247175,26536.04285334327,21259.2,0.0,,,,0.0,0.0,0.0,0.0,4666.666666666667,0.0,5426.7186905805065,0.0,0.0,0.0
own:8,22,2028-07,744.0,1026325549205.9009,1026325549205.9009,0.0,4134.374400167856,317.2992000839278,324.0,8,1817.625599832144,44978.99520134285,56223.74400167856,0.8396792295647828,32580.241066834526,27356.95171803451,22291.2,0.0,,,,0.0,0.0,0.0,0.0,4666.666666666667,0.0,5622.374400167857,0.0,0.0,0.0
own:8,23,2028-08,744.0,1031457176951.9302,1031457176951.9302,0.0,4149.213312168695,324.7186560843472,333.0,8,1802.7866878313052,45097.70649734956,56372.133121686944,0.8330364796933087,33214.27997883536,27668.70686911695,22910.399999999998,0.0,,,,0.0,0.0,0.0,0.0,4666.666666666667,0.0,5637.213312168695,0.0,0.0,0.0
own:8,24,2028-09,720.0,1003175286616.1516,1003175286616.1516,0.0,4029.7997600608433,321.4598800304217,330.0,8,1730.2002399391567,43758.398080486746,54697.99760060843,0.8264462809917354,32840.46642672751,27140.881344402897,22704.0,0.0,,,,0.0,0.0,0.0,0.0,4666.666666666667,0.0,5469.799760060843,0.0,0.0,0.0
own:8,25,2028-10,744.0,1041797535150.8733,1041797535150.8733,0.0,4179.1140908231855,339.6690454115926,348.0,8,1772.8859091768145,45336.912726585484,56671.14090823186,0.8199082177247857,34276.180757489856,28103.322275286104,23942.399999999998,0.0,,,,0.0,0.0,0.0,0.0,4666.666666666667,0.0,5667.114090823186,0.0,0.0,0.0
own:8,26,2028-11,720.0,1013232118864.478,1013232118864.478,0.0,4058.880678655452,336.000339327726,345.0,8,1701.119321344548,43991.04542924362,54988.80678655452,0.8134218774460882,33901.54734532212,27576.260289959366,23736.0,0.0,,,,0.0,0.0,0.0,0.0,4666.666666666667,0.0,5498.880678655452,0.0,0.0,0.0
own:8,27,2028-12,744.0,1052241555440.7605,1052241555440.7605,0.0,4209.314624783687,354.76931239184347,363.0,8,1742.6853752163133,45578.51699826949,56973.14624783686,0.8069868509721573,35338.38129145035,28517.609036840913,24974.399999999998,0.0,,,,0.0,0.0,0.0,0.0,4666.666666666667,0.0,5697.314624783687,0.0,0.0,0.0
own:8,28,2029-01,744.0,1057502763217.9641,1057502763217.9641,0.0,4224.528237907605,362.37611895380246,372.0,8,1727.4717620923948,45700.22590326084,57125.28237907605,0.8006027323565819,35972.79490457427,28799.917891105088,25593.6,0.0,,,,0.0,0.0,0.0,0.0,4666.666666666667,0.0,5712.528237907605,0.0,0.0,0.0
own:8,29,2029-02,672.0,959939605063.0164,959939605063.0164,0.0,3829.512959184516,334.21247959225803,342.0,8,1546.4870408154839,41388.10367347613,51735.129591845165,0.7942691188644154,33369.77962585118,26504.58546012454,23529.6,0.0,,,,0.0,0.0,0.0,0.0,4666.666666666667,0.0,5173.512959184517,0.0,0.0,0.0
own:8,30,2029-03,744.0,1068104228419.2241,1068104228419.2241,0.0,4255.1840486926285,377.70402434631404,387.0,8,1696.8159513073715,45945.47238954103,57431.84048692629,0.7879856109467703,37035.45071535929,29183.402258631395,26625.6,0.0,,,,0.0,0.0,0.0,0.0,4666.666666666667,0.0,5743.184048692629,0.0,0.0,0.0
own:8,31,2029-04,720.0,1038817499575.4711,1038817499575.4711,0.0,4132.864847357508,372.9924236787538,381.0,8,1627.1351526424924,44582.91877886006,55728.64847357508,0.7817518122156131,36452.331514024176,28496.676220572703,26212.8,0.0,,,,0.0,0.0,0.0,0.0,4666.666666666667,0.0,5572.864847357509,0.0,0.0,0.0
own:8,32,2029-05,744.0,1078811973309.1265,1078811973309.1265,0.0,4286.147183980771,393.1855919903855,402.0,8,1665.852816019229,46193.17747184617,57741.47183980771,0.7755673294187581,38098.41385064744,29547.88508523726,27657.6,0.0,,,,0.0,0.0,0.0,0.0,4666.666666666667,0.0,5774.147183980771,0.0,0.0,0.0
own:8,33,2029-06,720.0,1049231645008.715,1049231645008.715,0.0,4162.978993452266,388.04949672613304,396.0,8,1597.021006547734,44823.83194761813,56029.78993452266,0.76943177241506,37514.44566011893,28864.806415433763,27244.8,0.0,,,,0.0,0.0,0.0,0.0,4666.666666666667,0.0,5602.978993452267,0.0,0.0,0.0
own:8,34,2029-07,744.0,1089627063341.5503,1089627063341.5503,0.0,4317.420724700178,408.8223623500888,420.0,8,1634.5792752998223,46443.36579760142,58054.207247001774,0.7633447541498025,39368.08739136684,30051.42299111086,28896.0,0.0,,,,0.0,0.0,0.0,0.0,4666.666666666667,0.0,5805.420724700178,0.0,0.0,0.0
own:8,35,2029-08,744.0,1095075198658.2579,1095075198658.2579,0.0,4333.174868323678,416.69943416183906,426.0,8,1618.8251316763217,46569.39894658943,58211.74868323679,0.7573058906302806,39796.64153499035,30138.231061749884,29308.8,0.0,,,,0.0,0.0,0.0,0.0,4666.666666666667,0.0,5821.174868323679,0.0,0.0,0.0
own:8,36,2029-09,720.0,1065048943211.1765,1065048943211.1765,0.0,4208.717209030932,410.91860451546603,420.0,8,1551.2827909690677,45189.73767224746,56487.17209030932,0.7513148009015775,39211.3838756976,29460.093069645067,28896.0,0.0,,,,0.0,0.0,0.0,0.0,4666.666666666667,0.0,5648.717209030932,0.0,0.0,0.0
own:9,0,time_zero,0.0,0.0,0.0,0.0,0.0,0.0,0.0,9,0.0,0.0,0.0,1.0,3650000.0,3650000.0,0.0,0.0,,,,3600000.0,50000.0,0.0,0.0,0.0,0.0,0.0,0.0,0.0,0.0
own:9,1,2026-10,744.0,924267843072.0002,671485605194.8799,252782237877.1203,0.0,2912.5599999999995,2972.0,9,0.0,0.0,0.0,0.992088943446991,204473.6,202855.99778680265,204473.6,0.0,,,,0.0,0.0,0.0,0.0,0.0,0.0,0.0,0.0,0.0,0.0
own:9,2,2026-11,720.0,898925015116.8,650699375155.2,248225639961.60022,0.0,2822.4,2880.0,9,0.0,0.0,0.0,0.9842404717097668,198144.0,195021.34402646002,198144.0,0.0,,,,0.0,0.0,0.0,0.0,0.0,0.0,0.0,0.0,0.0,0.0
own:9,3,2026-12,744.0,933533628198.7966,671485605194.8799,262048023003.9168,0.0,2912.5599999999995,2972.0,9,0.0,0.0,0.0,0.9764540896763105,204473.6,199659.08295083806,204473.6,0.0,,,,0.0,0.0,0.0,0.0,0.0,0.0,0.0,0.0,0.0,0.0
own:9,4,2027-01,744.0,938201296339.7905,671485605194.8799,266715691144.9107,0.0,2912.5599999999995,2972.0,9,0.0,0.0,0.0,0.9687293061514642,204473.6,198079.56865429203,204473.6,0.0,,,,0.0,0.0,0.0,0.0,0.0,0.0,0.0,0.0,0.0,0.0
own:9,5,2027-02,672.0,851644660612.9583,606415667679.3599,245228992933.59842,0.0,2630.3199999999997,2684.0,9,0.0,0.0,0.0,0.9610656338259428,184659.19999999998,177469.61108979152,184659.19999999998,0.0,,,,0.0,0.0,0.0,0.0,0.0,0.0,0.0,0.0,0.0,0.0
own:9,6,2027-03,744.0,947606764335.5967,671485605194.8799,276121159140.71686,0.0,2912.5599999999995,2972.0,9,0.0,0.0,0.0,0.9534625892455922,204473.6,194957.92808836754,204473.6,0.0,,,,0.0,0.0,0.0,0.0,0.0,0.0,0.0,0.0,0.0,0.0
own:9,7,2027-04,720.0,921623998216.7175,921623998216.7175,0.0,3935.1013312882997,62.430665644149876,64.0,9,2544.8986687117003,44440.8106503064,55551.013312883,0.9459196927808919,14958.301331288301,14149.351799816237,4403.2,0.0,,,,0.0,0.0,0.0,0.0,5000.0,0.0,5555.101331288301,0.0,0.0,0.0
own:9,8,2027-05,744.0,957106522148.061,957106522148.061,0.0,4080.040652542899,71.39632627144945,73.0,9,2615.959347457101,46032.32522034319,57540.40652542899,0.9384364685966974,15776.440652542899,14805.187252997734,5022.4,0.0,,,,0.0,0.0,0.0,0.0,5000.0,0.0,5754.040652542899,0.0,0.0,0.0
own:9,9,2027-06,720.0,930863278798.8401,930863278798.8401,0.0,3961.8181701344647,75.78908506723234,78.0,9,2518.1818298655353,44654.54536107572,55818.18170134465,0.9310124446222228,15948.218170134465,14847.989585945441,5366.4,0.0,,,,0.0,0.0,0.0,0.0,5000.0,0.0,5581.818170134466,0.0,0.0,0.0
own:9,10,2027-07,744.0,966701515032.5951,966701515032.5951,0.0,4107.7860896846405,85.26904484232037,88.0,9,2588.2139103153595,46254.288717477124,57817.8608968464,0.9236471525212612,16836.18608968464,15550.695341055285,6054.4,0.0,,,,0.0,0.0,0.0,0.0,5000.0,0.0,5781.7860896846405,0.0,0.0,0.0
own:9,11,2027-08,744.0,971535022607.758,971535022607.758,0.0,4121.762940133064,92.25747006653205,95.0,9,2574.237059866936,46366.10352106451,57957.62940133064,0.9163401276626397,17331.762940133063,15881.789865180139,6536.0,0.0,,,,0.0,0.0,0.0,0.0,5000.0,0.0,5795.762940133064,0.0,0.0,0.0
own:9,12,2027-09,720.0,944896159084.6421,944896159084.6421,0.0,4002.396459516512,96.07822975825607,99.0,9,2477.603540483488,44979.1716761321,56223.964595165126,0.9090909090909091,17433.596459516513,15848.72405410592,6811.2,0.0,,,,0.0,0.0,0.0,0.0,5000.0,0.0,5622.396459516513,0.0,0.0,0.0
own:9,13,2027-10,744.0,981274661209.4006,981274661209.4006,0.0,4149.9266432078975,106.33932160394856,109.0,9,2546.0733567921025,46591.41314566318,58239.26643207898,0.9018990394972645,18323.1266432079,16525.61032009594,7499.2,0.0,,,,0.0,0.0,0.0,0.0,5000.0,0.0,5823.926643207898,0.0,0.0,0.0
own:9,14,2027-11,720.0,954368743079.4653,954368743079.4653,0.0,4029.787932023164,109.77396601158216,113.0,9,2450.212067976836,45198.30345618531,56497.879320231645,0.894764065190697,18424.187932023164,16485.301291894426,7774.4,0.0,,,,0.0,0.0,0.0,0.0,5000.0,0.0,5649.787932023165,0.0,0.0,0.0
own:9,15,2027-12,744.0,991111939688.0247,991111939688.0247,0.0,4178.372687406056,120.56234370302784,124.0,9,2517.627312593944,46818.981499248446,58523.72687406056,0.8876855360693732,19383.572687406057,17206.517111959707,8531.199999999999,0.0,,,,0.0,0.0,0.0,0.0,5000.0,0.0,5852.372687406056,0.0,0.0,0.0
own:9,16,2028-01,744.0,996067499386.4646,996067499386.4646,0.0,4192.702470843085,127.72723542154289,131.0,9,2503.2975291569146,46933.61976674468,58667.02470843085,0.8806630055922402,19879.502470843086,17507.142395651037,9012.8,0.0,,,,0.0,0.0,0.0,0.0,5000.0,0.0,5866.702470843085,0.0,0.0,0.0
own:9,17,2028-02,696.0,936464105471.565,936464105471.565,0.0,3935.6778449265075,126.22292246325385,129.0,9,2328.3221550734925,44013.42275941206,55016.778449265075,0.873696030750857,19376.87784492651,16929.50126145651,8875.199999999999,0.0,,,,0.0,0.0,0.0,0.0,5000.0,0.0,5501.6778449265075,0.0,0.0,0.0
own:9,18,2028-03,744.0,1006053076067.8136,1006053076067.8136,0.0,4221.577342713286,142.1646713566433,146.0,9,2474.4226572867137,47164.61874170629,58955.773427132866,0.8667841720414474,20940.377342713287,18150.78763723922,10044.8,0.0,,,,0.0,0.0,0.0,0.0,5000.0,0.0,5895.577342713287,0.0,0.0,0.0
own:9,19,2028-04,720.0,978467749788.5349,978467749788.5349,0.0,4099.474015574374,144.61700778718702,148.0,9,2380.525984425626,45755.79212459499,57194.74015574374,0.8599269934371745,20901.874015574373,17974.08567941547,10182.4,0.0,,,,0.0,0.0,0.0,0.0,5000.0,0.0,5719.474015574375,0.0,0.0,0.0
own:9,20,2028-05,744.0,1016138758155.3933,1016138758155.3933,0.0,4250.741685173987,156.7468425869935,160.0,9,2445.258314826013,47397.9334813919,59247.41685173987,0.8531240623606339,21932.741685173987,18711.349685162048,11008.0,0.0,,,,0.0,0.0,0.0,0.0,5000.0,0.0,5924.741685173987,0.0,0.0,0.0
own:9,21,2028-06,720.0,988276888980.1646,988276888980.1646,0.0,4127.838690580506,158.79934529025311,164.0,9,2352.1613094194936,45982.70952464405,57478.38690580506,0.8463749496565661,22031.038690580506,18646.519262621936,11283.199999999999,0.0,,,,0.0,0.0,0.0,0.0,5000.0,0.0,5747.838690580506,0.0,0.0,0.0
own:9,22,2028-07,744.0,1026325549205.9009,1026325549205.9009,0.0,4280.198400167856,171.47520008392783,176.0,9,2415.8015998321443,47633.587201342845,59541.98400167856,0.8396792295647828,23062.998400167857,19365.520728106763,12108.8,0.0,,,,0.0,0.0,0.0,0.0,5000.0,0.0,5954.198400167857,0.0,0.0,0.0
own:9,23,2028-08,744.0,1031457176951.9302,1031457176951.9302,0.0,4295.037312168694,178.8946560843472,184.0,9,2400.9626878313056,47752.298497349555,59690.37312168694,0.8330364796933087,23628.23731216869,19683.183631887092,12659.199999999999,0.0,,,,0.0,0.0,0.0,0.0,5000.0,0.0,5969.037312168694,0.0,0.0,0.0
own:9,24,2028-09,720.0,1003175286616.1516,1003175286616.1516,0.0,4170.919760060843,180.33988003042163,186.0,9,2309.080239939157,46327.358080486745,57909.19760060843,0.8264462809917354,23587.71976006084,19493.983272777554,12796.8,0.0,,,,0.0,0.0,0.0,0.0,5000.0,0.0,5790.919760060843,0.0,0.0,0.0
own:9,25,2028-10,744.0,1041797535150.8733,1041797535150.8733,0.0,4324.938090823185,193.8450454115926,198.0,9,2371.061909176815,47991.50472658548,59989.38090823185,0.8199082177247857,24621.338090823185,20187.237432046215,13622.4,0.0,,,,0.0,0.0,0.0,0.0,5000.0,0.0,5998.938090823185,0.0,0.0,0.0
own:9,26,2028-11,720.0,1013232118864.478,1013232118864.478,0.0,4200.000678655451,194.88033932772595,200.0,9,2279.9993213445487,46560.00542924361,58200.00678655451,0.8134218774460882,24580.00067865545,19993.91029965804,13760.0,0.0,,,,0.0,0.0,0.0,0.0,5000.0,0.0,5820.000678655451,0.0,0.0,0.0
own:9,27,2028-12,744.0,1052241555440.7605,1052241555440.7605,0.0,4355.138624783687,208.9453123918435,214.0,9,2340.861375216313,48233.1089982695,60291.38624783687,0.8069868509721573,25752.338624783682,20781.79865198284,14723.199999999999,0.0,,,,0.0,0.0,0.0,0.0,5000.0,0.0,6029.138624783687,0.0,0.0,0.0
own:9,28,2029-01,744.0,1057502763217.9641,1057502763217.9641,0.0,4370.352237907605,216.5521189538025,222.0,9,2325.647762092395,48354.81790326084,60443.52237907605,0.8006027323565819,26317.952237907604,21070.224471698846,15273.599999999999,0.0,,,,0.0,0.0,0.0,0.0,5000.0,0.0,6044.352237907606,0.0,0.0,0.0
own:9,29,2029-02,672.0,959939605063.0164,959939605063.0164,0.0,3961.224959184516,202.50047959225807,208.0,9,2086.775040815484,43785.799673476125,54732.24959184516,0.7942691188644154,24783.62495918452,19684.86795859762,14310.4,0.0,,,,0.0,0.0,0.0,0.0,5000.0,0.0,5473.224959184517,0.0,0.0,0.0
own:9,30,2029-03,744.0,1068104228419.2241,1068104228419.2241,0.0,4401.008048692628,231.8800243463141,238.0,9,2294.991951307372,48600.064389541025,60750.08048692628,0.7879856109467703,27449.40804869263,21629.738571376256,16374.4,0.0,,,,0.0,0.0,0.0,0.0,5000.0,0.0,6075.008048692628,0.0,0.0,0.0
own:9,31,2029-04,720.0,1038817499575.4711,1038817499575.4711,0.0,4273.9848473575075,231.87242367875376,238.0,9,2206.0151526424925,47151.87877886006,58939.848473575075,0.7817518122156131,27268.38484735751,21317.109270614495,16374.4,0.0,,,,0.0,0.0,0.0,0.0,5000.0,0.0,5893.9848473575075,0.0,0.0,0.0
own:9,32,2029-05,744.0,1078811973309.1265,1078811973309.1265,0.0,4431.9711839807715,247.3615919903855,254.0,9,2264.0288160192285,48847.76947184617,61059.711839807715,0.7755673294187581,28581.171183980772,22166.622606820332,17475.2,0.0,,,,0.0,0.0,0.0,0.0,5000.0,0.0,6105.9711839807715,0.0,0.0,0.0
own:9,33,2029-06,720.0,1049231645008.715,1049231645008.715,0.0,4304.098993452266,246.92949672613298,252.0,9,2175.901006547734,47392.79194761813,59240.98993452266,0.76943177241506,28261.698993452264,21745.449147992895,17337.6,0.0,,,,0.0,0.0,0.0,0.0,5000.0,0.0,5924.098993452266,0.0,0.0,0.0
own:9,34,2029-07,744.0,1089627063341.5503,1089627063341.5503,0.0,4463.244724700177,262.9983623500888,270.0,9,2232.7552752998226,49097.95779760142,61372.44724700177,0.7633447541498025,29713.244724700176,22681.449489369174,18576.0,0.0,,,,0.0,0.0,0.0,0.0,5000.0,0.0,6137.244724700177,0.0,0.0,0.0
own:9,35,2029-08,744.0,1095075198658.2579,1095075198658.2579,0.0,4478.998868323678,270.8754341618391,278.0,9,2217.001131676322,49223.99094658942,61529.98868323678,0.7573058906302806,30279.398868323675,22930.767127725372,19126.399999999998,0.0,,,,0.0,0.0,0.0,0.0,5000.0,0.0,6152.998868323678,0.0,0.0,0.0
own:9,36,2029-09,720.0,1065048943211.1765,1065048943211.1765,0.0,4349.837209030931,269.79860451546597,276.0,9,2130.1627909690687,47758.69767224745,59698.37209030931,0.7513148009015775,29958.63720903093,22508.367549985665,18988.8,0.0,,,,0.0,0.0,0.0,0.0,5000.0,0.0,5969.837209030931,0.0,0.0,0.0
own:10,0,time_zero,0.0,0.0,0.0,0.0,0.0,0.0,0.0,10,0.0,0.0,0.0,1.0,4050000.0,4050000.0,0.0,0.0,,,,4000000.0,50000.0,0.0,0.0,0.0,0.0,0.0,0.0,0.0,0.0
own:10,1,2026-10,744.0,924267843072.0002,671485605194.8799,252782237877.1203,0.0,2912.5599999999995,2972.0,10,0.0,0.0,0.0,0.992088943446991,204473.6,202855.99778680265,204473.6,0.0,,,,0.0,0.0,0.0,0.0,0.0,0.0,0.0,0.0,0.0,0.0
own:10,2,2026-11,720.0,898925015116.8,650699375155.2,248225639961.60022,0.0,2822.4,2880.0,10,0.0,0.0,0.0,0.9842404717097668,198144.0,195021.34402646002,198144.0,0.0,,,,0.0,0.0,0.0,0.0,0.0,0.0,0.0,0.0,0.0,0.0
own:10,3,2026-12,744.0,933533628198.7966,671485605194.8799,262048023003.9168,0.0,2912.5599999999995,2972.0,10,0.0,0.0,0.0,0.9764540896763105,204473.6,199659.08295083806,204473.6,0.0,,,,0.0,0.0,0.0,0.0,0.0,0.0,0.0,0.0,0.0,0.0
own:10,4,2027-01,744.0,938201296339.7905,671485605194.8799,266715691144.9107,0.0,2912.5599999999995,2972.0,10,0.0,0.0,0.0,0.9687293061514642,204473.6,198079.56865429203,204473.6,0.0,,,,0.0,0.0,0.0,0.0,0.0,0.0,0.0,0.0,0.0,0.0
own:10,5,2027-02,672.0,851644660612.9583,606415667679.3599,245228992933.59842,0.0,2630.3199999999997,2684.0,10,0.0,0.0,0.0,0.9610656338259428,184659.19999999998,177469.61108979152,184659.19999999998,0.0,,,,0.0,0.0,0.0,0.0,0.0,0.0,0.0,0.0,0.0,0.0
own:10,6,2027-03,744.0,947606764335.5967,671485605194.8799,276121159140.71686,0.0,2912.5599999999995,2972.0,10,0.0,0.0,0.0,0.9534625892455922,204473.6,194957.92808836754,204473.6,0.0,,,,0.0,0.0,0.0,0.0,0.0,0.0,0.0,0.0,0.0,0.0
own:10,7,2027-04,720.0,921623998216.7175,921623998216.7175,0.0,3997.5319969324496,0.0,0.0,10,3202.4680030675504,46380.2559754596,57975.3199693245,0.9459196927808919,11130.865330265784,10528.904713590491,0.0,0.0,,,,0.0,0.0,0.0,0.0,5333.333333333333,0.0,5797.53199693245,0.0,0.0,0.0
own:10,8,2027-05,744.0,957106522148.061,957106522148.061,0.0,4151.436978814349,0.0,0.0,10,3288.5630211856515,48091.49583051479,60114.369788143485,0.9384364685966974,11344.77031214768,10646.346188772523,0.0,0.0,,,,0.0,0.0,0.0,0.0,5333.333333333333,0.0,6011.436978814349,0.0,0.0,0.0
own:10,9,2027-06,720.0,930863278798.8401,930863278798.8401,0.0,4037.607255201697,0.0,0.0,10,3162.392744798303,46700.85804161358,58376.07255201698,0.9310124446222228,11170.940588535032,10400.284706061611,0.0,0.0,,,,0.0,0.0,0.0,0.0,5333.333333333333,0.0,5837.6072552016985,0.0,0.0,0.0
own:10,10,2027-07,744.0,966701515032.5951,966701515032.5951,0.0,4193.055134526961,0.0,0.0,10,3246.9448654730386,48424.44107621569,60530.55134526962,0.9236471525212612,11386.388467860295,10517.005285840087,0.0,0.0,,,,0.0,0.0,0.0,0.0,5333.333333333333,0.0,6053.055134526962,0.0,0.0,0.0
own:10,11,2027-08,744.0,971535022607.758,971535022607.758,0.0,4214.020410199596,0.0,0.0,10,3225.979589800404,48592.16328159677,60740.20410199596,0.9163401276626397,11407.353743532929,10453.015985641856,0.0,0.0,,,,0.0,0.0,0.0,0.0,5333.333333333333,0.0,6074.020410199596,0.0,0.0,0.0
own:10,12,2027-09,720.0,944896159084.6421,944896159084.6421,0.0,4098.474689274768,0.0,0.0,10,3101.525310725232,47187.797514198144,58984.74689274768,0.9090909090909091,11231.8080226081,10210.734566007364,0.0,0.0,,,,0.0,0.0,0.0,0.0,5333.333333333333,0.0,5898.474689274768,0.0,0.0,0.0
own:10,13,2027-10,744.0,981274661209.4006,981274661209.4006,0.0,4256.265964811846,0.0,0.0,10,3183.734035188154,48930.12771849477,61162.65964811846,0.9018990394972645,11449.599298145178,10326.382609625689,0.0,0.0,,,,0.0,0.0,0.0,0.0,5333.333333333333,0.0,6116.265964811846,0.0,0.0,0.0
own:10,14,2027-11,720.0,954368743079.4653,954368743079.4653,0.0,4139.561898034746,0.0,0.0,10,3060.4381019652537,47516.49518427797,59395.61898034746,0.894764065190697,11272.895231368078,10086.581563687723,0.0,0.0,,,,0.0,0.0,0.0,0.0,5333.333333333333,0.0,5939.561898034746,0.0,0.0,0.0
own:10,15,2027-12,744.0,991111939688.0247,991111939688.0247,0.0,4298.935031109084,0.0,0.0,10,3141.064968890916,49271.48024887267,61589.350311090835,0.8876855360693732,11492.268364442418,10201.520403743167,0.0,0.0,,,,0.0,0.0,0.0,0.0,5333.333333333333,0.0,6158.935031109084,0.0,0.0,0.0
own:10,16,2028-01,744.0,996067499386.4646,996067499386.4646,0.0,4320.429706264628,0.0,0.0,10,3119.5702937353717,49443.437650117026,61804.297062646285,0.8806630055922402,11513.763039597961,10139.745164129188,0.0,0.0,,,,0.0,0.0,0.0,0.0,5333.333333333333,0.0,6180.429706264629,0.0,0.0,0.0
own:10,17,2028-02,696.0,936464105471.565,936464105471.565,0.0,4061.9007673897618,0.0,0.0,10,2898.0992326102382,46415.20613911809,58019.00767389761,0.873696030750857,11135.234100723093,9728.809835283355,0.0,0.0,,,,0.0,0.0,0.0,0.0,5333.333333333333,0.0,5801.900767389761,0.0,0.0,0.0
own:10,18,2028-03,744.0,1006053076067.8136,1006053076067.8136,0.0,4363.74201406993,0.0,0.0,10,3076.2579859300704,49789.93611255944,62237.420140699294,0.8667841720414474,11557.075347403263,10017.48998621956,0.0,0.0,,,,0.0,0.0,0.0,0.0,5333.333333333333,0.0,6223.74201406993,0.0,0.0,0.0
own:10,19,2028-04,720.0,978467749788.5349,978467749788.5349,0.0,4240.594015574374,3.4970077871869503,4.0,10,2959.4059844256262,48324.75212459499,60405.94015574374,0.8599269934371745,11649.127348907707,10017.399057312967,275.2,0.0,,,,0.0,0.0,0.0,0.0,5333.333333333333,0.0,6040.594015574374,0.0,0.0,0.0
own:10,20,2028-05,744.0,1016138758155.3933,1016138758155.3933,0.0,4396.565685173987,10.922842586993527,12.0,10,3043.434314826013,50052.525481391895,62565.65685173987,0.8531240623606339,12415.49901850732,10591.960958903428,825.5999999999999,0.0,,,,0.0,0.0,0.0,0.0,5333.333333333333,0.0,6256.565685173988,0.0,0.0,0.0
own:10,21,2028-06,720.0,988276888980.1646,988276888980.1646,0.0,4268.958690580506,17.679345290253064,19.0,10,2931.0413094194937,48551.66952464405,60689.58690580506,0.8463749496565661,12709.49202391384,10756.995671900604,1307.2,0.0,,,,0.0,0.0,0.0,0.0,5333.333333333333,0.0,6068.958690580506,0.0,0.0,0.0
own:10,22,2028-07,744.0,1026325549205.9009,1026325549205.9009,0.0,4426.022400167856,25.651200083927865,27.0,10,3013.977599832144,50288.17920134285,62860.224001678565,0.8396792295647828,13476.955733501189,11316.31980718496,1857.6,0.0,,,,0.0,0.0,0.0,0.0,5333.333333333333,0.0,6286.022400167857,0.0,0.0,0.0
own:10,23,2028-08,744.0,1031457176951.9302,1031457176951.9302,0.0,4440.861312168694,33.070656084347206,34.0,10,2999.138687831306,50406.89049734955,63008.61312168694,0.8330364796933087,13973.394645502027,11640.347484854337,2339.2,0.0,,,,0.0,0.0,0.0,0.0,5333.333333333333,0.0,6300.861312168694,0.0,0.0,0.0
own:10,24,2028-09,720.0,1003175286616.1516,1003175286616.1516,0.0,4312.039760060843,39.21988003042155,41.0,10,2887.960239939157,48896.318080486744,61120.39760060843,0.8264462809917354,14266.173093394176,11790.22569701998,2820.7999999999997,0.0,,,,0.0,0.0,0.0,0.0,5333.333333333333,0.0,6112.039760060843,0.0,0.0,0.0
own:10,25,2028-10,744.0,1041797535150.8733,1041797535150.8733,0.0,4470.762090823186,48.02104541159263,50.0,10,2969.2379091768144,50646.096726585485,63307.62090823185,0.8199082177247857,15104.095424156518,12383.971959565262,3440.0,0.0,,,,0.0,0.0,0.0,0.0,5333.333333333333,0.0,6330.762090823186,0.0,0.0,0.0
own:10,26,2028-11,720.0,1013232118864.478,1013232118864.478,0.0,4341.120678655452,53.76033932772589,55.0,10,2858.879321344548,49128.96542924362,61411.206786554525,0.8134218774460882,15258.454011988786,12411.560309356715,3784.0,0.0,,,,0.0,0.0,0.0,0.0,5333.333333333333,0.0,6141.120678655453,0.0,0.0,0.0
own:10,27,2028-12,744.0,1052241555440.7605,1052241555440.7605,0.0,4500.962624783687,63.1213123918435,65.0,10,2939.037375216313,50887.700998269494,63609.626247836866,0.8069868509721573,16166.295958117018,13045.988267124767,4472.0,0.0,,,,0.0,0.0,0.0,0.0,5333.333333333333,0.0,6360.962624783687,0.0,0.0,0.0
own:10,28,2029-01,744.0,1057502763217.9641,1057502763217.9641,0.0,4516.176237907605,70.72811895380254,73.0,10,2923.8237620923946,51009.40990326084,63761.762379076055,0.8006027323565819,16731.90957124094,13395.61252027874,5022.4,0.0,,,,0.0,0.0,0.0,0.0,5333.333333333333,0.0,6376.176237907606,0.0,0.0,0.0
own:10,29,2029-02,672.0,959939605063.0164,959939605063.0164,0.0,4092.936959184516,70.7884795922581,73.0,10,2627.063040815484,46183.49567347613,57729.36959184516,0.7942691188644154,16128.67029251785,12810.504741692826,5022.4,0.0,,,,0.0,0.0,0.0,0.0,5333.333333333333,0.0,5772.936959184517,0.0,0.0,0.0
own:10,30,2029-03,744.0,1068104228419.2241,1068104228419.2241,0.0,4546.832048692629,86.05602434631412,88.0,10,2893.1679513073714,51254.65638954103,64068.320486926285,0.7879856109467703,17794.56538202596,14021.861474087977,6054.4,0.0,,,,0.0,0.0,0.0,0.0,5333.333333333333,0.0,6406.832048692629,0.0,0.0,0.0
own:10,31,2029-04,720.0,1038817499575.4711,1038817499575.4711,0.0,4415.104847357507,90.75242367875371,93.0,10,2784.8951526424926,49720.83877886006,62151.04847357507,0.7817518122156131,17946.83818069084,14029.973271295421,6398.4,0.0,,,,0.0,0.0,0.0,0.0,5333.333333333333,0.0,6215.104847357507,0.0,0.0,0.0
own:10,32,2029-05,744.0,1078811973309.1265,1078811973309.1265,0.0,4577.795183980771,101.53759199038554,104.0,10,2862.204816019229,51502.36147184617,64377.95183980771,0.7755673294187581,18926.328517314105,14678.642063875383,7155.2,0.0,,,,0.0,0.0,0.0,0.0,5333.333333333333,0.0,6437.795183980772,0.0,0.0,0.0
own:10,33,2029-06,720.0,1049231645008.715,1049231645008.715,0.0,4445.218993452266,105.80949672613293,108.0,10,2754.7810065477343,49961.751947618126,62452.189934522656,0.76943177241506,19008.9523267856,14626.091880552021,7430.4,0.0,,,,0.0,0.0,0.0,0.0,5333.333333333333,0.0,6245.218993452266,0.0,0.0,0.0
own:10,34,2029-07,744.0,1089627063341.5503,1089627063341.5503,0.0,4609.068724700178,117.17436235008883,120.0,10,2830.931275299822,51752.54979760142,64690.68724700178,0.7633447541498025,20058.40205803351,15311.475987627482,8256.0,0.0,,,,0.0,0.0,0.0,0.0,5333.333333333333,0.0,6469.068724700178,0.0,0.0,0.0
own:10,35,2029-08,744.0,1095075198658.2579,1095075198658.2579,0.0,4624.822868323678,125.05143416183911,128.0,10,2815.1771316763216,51878.58294658943,64848.22868323678,0.7573058906302806,20624.55620165701,15619.097903150141,8806.4,0.0,,,,0.0,0.0,0.0,0.0,5333.333333333333,0.0,6484.822868323678,0.0,0.0,0.0
own:10,36,2029-09,720.0,1065048943211.1765,1065048943211.1765,0.0,4490.957209030932,128.6786045154659,132.0,10,2709.042790969068,50327.65767224746,62909.57209030932,0.7513148009015775,20705.890542364265,15556.642030326264,9081.6,0.0,,,,0.0,0.0,0.0,0.0,5333.333333333333,0.0,6290.957209030932,0.0,0.0,0.0
own:11,0,time_zero,0.0,0.0,0.0,0.0,0.0,0.0,0.0,11,0.0,0.0,0.0,1.0,4450000.0,4450000.0,0.0,0.0,,,,4400000.0,50000.0,0.0,0.0,0.0,0.0,0.0,0.0,0.0,0.0
own:11,1,2026-10,744.0,924267843072.0002,671485605194.8799,252782237877.1203,0.0,2912.5599999999995,2972.0,11,0.0,0.0,0.0,0.992088943446991,204473.6,202855.99778680265,204473.6,0.0,,,,0.0,0.0,0.0,0.0,0.0,0.0,0.0,0.0,0.0,0.0
own:11,2,2026-11,720.0,898925015116.8,650699375155.2,248225639961.60022,0.0,2822.4,2880.0,11,0.0,0.0,0.0,0.9842404717097668,198144.0,195021.34402646002,198144.0,0.0,,,,0.0,0.0,0.0,0.0,0.0,0.0,0.0,0.0,0.0,0.0
own:11,3,2026-12,744.0,933533628198.7966,671485605194.8799,262048023003.9168,0.0,2912.5599999999995,2972.0,11,0.0,0.0,0.0,0.9764540896763105,204473.6,199659.08295083806,204473.6,0.0,,,,0.0,0.0,0.0,0.0,0.0,0.0,0.0,0.0,0.0,0.0
own:11,4,2027-01,744.0,938201296339.7905,671485605194.8799,266715691144.9107,0.0,2912.5599999999995,2972.0,11,0.0,0.0,0.0,0.9687293061514642,204473.6,198079.56865429203,204473.6,0.0,,,,0.0,0.0,0.0,0.0,0.0,0.0,0.0,0.0,0.0,0.0
own:11,5,2027-02,672.0,851644660612.9583,606415667679.3599,245228992933.59842,0.0,2630.3199999999997,2684.0,11,0.0,0.0,0.0,0.9610656338259428,184659.19999999998,177469.61108979152,184659.19999999998,0.0,,,,0.0,0.0,0.0,0.0,0.0,0.0,0.0,0.0,0.0,0.0
own:11,6,2027-03,744.0,947606764335.5967,671485605194.8799,276121159140.71686,0.0,2912.5599999999995,2972.0,11,0.0,0.0,0.0,0.9534625892455922,204473.6,194957.92808836754,204473.6,0.0,,,,0.0,0.0,0.0,0.0,0.0,0.0,0.0,0.0,0.0,0.0
own:11,7,2027-04,720.0,921623998216.7175,921623998216.7175,0.0,3997.5319969324496,0.0,0.0,11,3922.4680030675504,47820.2559754596,59775.3199693245,0.9459196927808919,11644.198663599116,11014.476822551349,0.0,0.0,,,,0.0,0.0,0.0,0.0,5666.666666666667,0.0,5977.53199693245,0.0,0.0,0.0
own:11,8,2027-05,744.0,957106522148.061,957106522148.061,0.0,4151.436978814349,0.0,0.0,11,4032.5630211856515,49579.49583051479,61974.369788143485,0.9384364685966974,11864.103645481016,11133.70752813041,0.0,0.0,,,,0.0,0.0,0.0,0.0,5666.666666666667,0.0,6197.436978814349,0.0,0.0,0.0
own:11,9,2027-06,720.0,930863278798.8401,930863278798.8401,0.0,4037.607255201697,0.0,0.0,11,3882.392744798303,48140.85804161358,60176.07255201698,0.9310124446222228,11684.273921868366,10878.204427634353,0.0,0.0,,,,0.0,0.0,0.0,0.0,5666.666666666667,0.0,6017.6072552016985,0.0,0.0,0.0
own:11,10,2027-07,744.0,966701515032.5951,966701515032.5951,0.0,4193.055134526961,0.0,0.0,11,3990.9448654730386,49912.44107621569,62390.55134526962,0.9236471525212612,11905.72180119363,10996.686040382796,0.0,0.0,,,,0.0,0.0,0.0,0.0,5666.666666666667,0.0,6239.055134526962,0.0,0.0,0.0
own:11,11,2027-08,744.0,971535022607.758,971535022607.758,0.0,4214.020410199596,0.0,0.0,11,3969.979589800404,50080.16328159677,62600.20410199596,0.9163401276626397,11926.687076866263,10928.901958607987,0.0,0.0,,,,0.0,0.0,0.0,0.0,5666.666666666667,0.0,6260.020410199596,0.0,0.0,0.0
own:11,12,2027-09,720.0,944896159084.6421,944896159084.6421,0.0,4098.474689274768,0.0,0.0,11,3821.525310725232,48627.797514198144,60784.74689274768,0.9090909090909091,11745.141355941436,10677.401232674032,0.0,0.0,,,,0.0,0.0,0.0,0.0,5666.666666666667,0.0,6078.474689274768,0.0,0.0,0.0
own:11,13,2027-10,744.0,981274661209.4006,981274661209.4006,0.0,4256.265964811846,0.0,0.0,11,3927.734035188154,50418.12771849477,63022.65964811846,0.9018990394972645,11968.932631478514,10794.768844137938,0.0,0.0,,,,0.0,0.0,0.0,0.0,5666.666666666667,0.0,6302.265964811846,0.0,0.0,0.0
own:11,14,2027-11,720.0,954368743079.4653,954368743079.4653,0.0,4139.561898034746,0.0,0.0,11,3780.4381019652537,48956.49518427797,61195.61898034746,0.894764065190697,11786.228564701414,10545.89378381895,0.0,0.0,,,,0.0,0.0,0.0,0.0,5666.666666666667,0.0,6119.561898034746,0.0,0.0,0.0
own:11,15,2027-12,744.0,991111939688.0247,991111939688.0247,0.0,4298.935031109084,0.0,0.0,11,3885.064968890916,50759.48024887267,63449.350311090835,0.8876855360693732,12011.60169777575,10662.52509214186,0.0,0.0,,,,0.0,0.0,0.0,0.0,5666.666666666667,0.0,6344.935031109084,0.0,0.0,0.0
own:11,16,2028-01,744.0,996067499386.4646,996067499386.4646,0.0,4320.429706264628,0.0,0.0,11,3863.5702937353717,50931.437650117026,63664.297062646285,0.8806630055922402,12033.096372931297,10597.10281836676,0.0,0.0,,,,0.0,0.0,0.0,0.0,5666.666666666667,0.0,6366.429706264629,0.0,0.0,0.0
own:11,17,2028-02,696.0,936464105471.565,936464105471.565,0.0,4061.9007673897618,0.0,0.0,11,3594.0992326102382,47807.20613911809,59759.00767389761,0.873696030750857,11642.56743405643,10172.064954884292,0.0,0.0,,,,0.0,0.0,0.0,0.0,5666.666666666667,0.0,5975.900767389761,0.0,0.0,0.0
own:11,18,2028-03,744.0,1006053076067.8136,1006053076067.8136,0.0,4363.74201406993,0.0,0.0,11,3820.2579859300704,51277.93611255944,64097.420140699294,0.8667841720414474,12076.408680736597,10467.639899566419,0.0,0.0,,,,0.0,0.0,0.0,0.0,5666.666666666667,0.0,6409.74201406993,0.0,0.0,0.0
own:11,19,2028-04,720.0,978467749788.5349,978467749788.5349,0.0,4244.091023361561,0.0,0.0,11,3675.9089766384386,49792.72818689249,62240.910233615614,0.8599269934371745,11890.75769002823,10225.183510075938,0.0,0.0,,,,0.0,0.0,0.0,0.0,5666.666666666667,0.0,6224.091023361561,0.0,0.0,0.0
own:11,20,2028-05,744.0,1016138758155.3933,1016138758155.3933,0.0,4407.488527760981,0.0,0.0,11,3776.511472239019,51627.90822208785,64534.88527760981,0.8531240623606339,12120.155194427647,10339.996035911452,0.0,0.0,,,,0.0,0.0,0.0,0.0,5666.666666666667,0.0,6453.488527760981,0.0,0.0,0.0
own:11,21,2028-06,720.0,988276888980.1646,988276888980.1646,0.0,4286.638035870759,0.0,0.0,11,3633.3619641292407,50133.104286966074,62666.380358707596,0.8463749496565661,11933.304702537427,10100.050166846579,0.0,0.0,,,,0.0,0.0,0.0,0.0,5666.666666666667,0.0,6266.63803587076,0.0,0.0,0.0
own:11,22,2028-07,744.0,1026325549205.9009,1026325549205.9009,0.0,4451.673600251784,0.0,0.0,11,3732.3263997482163,51981.38880201427,64976.736002517835,0.8396792295647828,12164.34026691845,10214.14386348995,0.0,0.0,,,,0.0,0.0,0.0,0.0,5666.666666666667,0.0,6497.673600251784,0.0,0.0,0.0
own:11,23,2028-08,744.0,1031457176951.9302,1031457176951.9302,0.0,4473.931968253041,0.0,0.0,11,3710.0680317469587,52159.45574602433,65199.31968253041,0.8330364796933087,12186.598634919708,10151.881226268795,0.0,0.0,,,,0.0,0.0,0.0,0.0,5666.666666666667,0.0,6519.931968253041,0.0,0.0,0.0
own:11,24,2028-09,720.0,1003175286616.1516,1003175286616.1516,0.0,4351.259640091264,0.0,0.0,11,3568.7403599087356,50650.077120730115,63312.59640091265,0.8264462809917354,11997.926306757932,9915.641575833,0.0,0.0,,,,0.0,0.0,0.0,0.0,5666.666666666667,0.0,6331.259640091265,0.0,0.0,0.0
own:11,25,2028-10,744.0,1041797535150.8733,1041797535150.8733,0.0,4518.783136234778,0.0,0.0,11,3665.216863765222,52518.26508987822,65647.83136234777,0.8199082177247857,12231.449802901445,10028.666208087105,0.0,0.0,,,,0.0,0.0,0.0,0.0,5666.666666666667,0.0,6564.783136234778,0.0,0.0,0.0
own:11,26,2028-11,720.0,1013232118864.478,1013232118864.478,0.0,4394.881017983178,0.0,0.0,11,3525.118982016822,50999.048143865424,63748.81017983178,0.8134218774460882,12041.547684649846,9794.858325004474,0.0,0.0,,,,0.0,0.0,0.0,0.0,5666.666666666667,0.0,6374.881017983178,0.0,0.0,0.0
own:11,27,2028-12,744.0,1052241555440.7605,1052241555440.7605,0.0,4564.08393717553,0.0,0.0,11,3619.91606282447,52880.67149740424,66100.8393717553,0.8069868509721573,12276.750603842196,9907.176309965143,0.0,0.0,,,,0.0,0.0,0.0,0.0,5666.666666666667,0.0,6610.08393717553,0.0,0.0,0.0
own:11,28,2029-01,744.0,1057502763217.9641,1057502763217.9641,0.0,4586.904356861408,0.0,0.0,11,3597.095643138592,53063.23485489126,66329.04356861408,0.8006027323565819,12299.571023528075,9847.070168250417,0.0,0.0,,,,0.0,0.0,0.0,0.0,5666.666666666667,0.0,6632.904356861409,0.0,0.0,0.0
own:11,29,2029-02,672.0,959939605063.0164,959939605063.0164,0.0,4163.725438776774,0.0,0.0,11,3228.2745612232256,48093.803510214195,60117.254387767745,0.7942691188644154,11678.392105443443,9275.786207343708,0.0,0.0,,,,0.0,0.0,0.0,0.0,5666.666666666667,0.0,6011.725438776775,0.0,0.0,0.0
own:11,30,2029-03,744.0,1068104228419.2241,1068104228419.2241,0.0,4632.888073038943,0.0,0.0,11,3551.111926961057,53431.10458431154,66788.88073038943,0.7879856109467703,12345.55473970561,9728.119494043722,0.0,0.0,,,,0.0,0.0,0.0,0.0,5666.666666666667,0.0,6678.888073038943,0.0,0.0,0.0
own:11,31,2029-04,720.0,1038817499575.4711,1038817499575.4711,0.0,4505.857271036261,0.0,0.0,11,3414.1427289637386,51886.85816829009,64858.57271036261,0.7817518122156131,12152.523937702928,9500.257611292882,0.0,0.0,,,,0.0,0.0,0.0,0.0,5666.666666666667,0.0,6485.857271036261,0.0,0.0,0.0
own:11,32,2029-05,744.0,1078811973309.1265,1078811973309.1265,0.0,4679.332775971157,0.0,0.0,11,3504.6672240288426,53802.66220776926,67253.32775971157,0.7755673294187581,12391.999442637825,9610.829913885356,0.0,0.0,,,,0.0,0.0,0.0,0.0,5666.666666666667,0.0,6725.332775971157,0.0,0.0,0.0
own:11,33,2029-06,720.0,1049231645008.715,1049231645008.715,0.0,4551.028490178399,0.0,0.0,11,3368.971509821601,52248.22792142719,65310.28490178399,0.76943177241506,12197.695156845068,9385.294203909894,0.0,0.0,,,,0.0,0.0,0.0,0.0,5666.666666666667,0.0,6531.0284901784,0.0,0.0,0.0
own:11,34,2029-07,744.0,1089627063341.5503,1089627063341.5503,0.0,4726.243087050267,0.0,0.0,11,3457.7569129497333,54177.94469640213,67722.43087050266,0.7633447541498025,12438.909753716933,9495.176507842632,0.0,0.0,,,,0.0,0.0,0.0,0.0,5666.666666666667,0.0,6772.243087050267,0.0,0.0,0.0
own:11,35,2029-08,744.0,1095075198658.2579,1095075198658.2579,0.0,4749.874302485518,0.0,0.0,11,3434.1256975144825,54366.99441988414,67958.74302485518,0.7573058906302806,12462.540969152185,9437.955688160157,0.0,0.0,,,,0.0,0.0,0.0,0.0,5666.666666666667,0.0,6795.8743024855185,0.0,0.0,0.0
own:11,36,2029-09,720.0,1065048943211.1765,1065048943211.1765,0.0,4619.635813546398,0.0,0.0,11,3300.364186453602,52797.08650837118,65996.35813546398,0.7513148009015775,12266.302480213064,9215.854605719805,0.0,0.0,,,,0.0,0.0,0.0,0.0,5666.666666666667,0.0,6599.635813546398,0.0,0.0,0.0
own:12,0,time_zero,0.0,0.0,0.0,0.0,0.0,0.0,0.0,12,0.0,0.0,0.0,1.0,4850000.0,4850000.0,0.0,0.0,,,,4800000.0,50000.0,0.0,0.0,0.0,0.0,0.0,0.0,0.0,0.0
own:12,1,2026-10,744.0,924267843072.0002,671485605194.8799,252782237877.1203,0.0,2912.5599999999995,2972.0,12,0.0,0.0,0.0,0.992088943446991,204473.6,202855.99778680265,204473.6,0.0,,,,0.0,0.0,0.0,0.0,0.0,0.0,0.0,0.0,0.0,0.0
own:12,2,2026-11,720.0,898925015116.8,650699375155.2,248225639961.60022,0.0,2822.4,2880.0,12,0.0,0.0,0.0,0.9842404717097668,198144.0,195021.34402646002,198144.0,0.0,,,,0.0,0.0,0.0,0.0,0.0,0.0,0.0,0.0,0.0,0.0
own:12,3,2026-12,744.0,933533628198.7966,671485605194.8799,262048023003.9168,0.0,2912.5599999999995,2972.0,12,0.0,0.0,0.0,0.9764540896763105,204473.6,199659.08295083806,204473.6,0.0,,,,0.0,0.0,0.0,0.0,0.0,0.0,0.0,0.0,0.0,0.0
own:12,4,2027-01,744.0,938201296339.7905,671485605194.8799,266715691144.9107,0.0,2912.5599999999995,2972.0,12,0.0,0.0,0.0,0.9687293061514642,204473.6,198079.56865429203,204473.6,0.0,,,,0.0,0.0,0.0,0.0,0.0,0.0,0.0,0.0,0.0,0.0
own:12,5,2027-02,672.0,851644660612.9583,606415667679.3599,245228992933.59842,0.0,2630.3199999999997,2684.0,12,0.0,0.0,0.0,0.9610656338259428,184659.19999999998,177469.61108979152,184659.19999999998,0.0,,,,0.0,0.0,0.0,0.0,0.0,0.0,0.0,0.0,0.0,0.0
own:12,6,2027-03,744.0,947606764335.5967,671485605194.8799,276121159140.71686,0.0,2912.5599999999995,2972.0,12,0.0,0.0,0.0,0.9534625892455922,204473.6,194957.92808836754,204473.6,0.0,,,,0.0,0.0,0.0,0.0,0.0,0.0,0.0,0.0,0.0,0.0
own:12,7,2027-04,720.0,921623998216.7175,921623998216.7175,0.0,3997.5319969324496,0.0,0.0,12,4642.46800306755,49260.2559754596,61575.3199693245,0.9459196927808919,12157.53199693245,11500.048931512207,0.0,0.0,,,,0.0,0.0,0.0,0.0,6000.0,0.0,6157.53199693245,0.0,0.0,0.0
own:12,8,2027-05,744.0,957106522148.061,957106522148.061,0.0,4151.436978814349,0.0,0.0,12,4776.563021185651,51067.49583051479,63834.369788143485,0.9384364685966974,12383.436978814349,11621.068867488293,0.0,0.0,,,,0.0,0.0,0.0,0.0,6000.0,0.0,6383.436978814349,0.0,0.0,0.0
own:12,9,2027-06,720.0,930863278798.8401,930863278798.8401,0.0,4037.607255201697,0.0,0.0,12,4602.392744798302,49580.85804161358,61976.07255201698,0.9310124446222228,12197.6072552017,11356.124149207095,0.0,0.0,,,,0.0,0.0,0.0,0.0,6000.0,0.0,6197.6072552016985,0.0,0.0,0.0
own:12,10,2027-07,744.0,966701515032.5951,966701515032.5951,0.0,4193.055134526961,0.0,0.0,12,4734.944865473039,51400.44107621569,64250.55134526962,0.9236471525212612,12425.055134526963,11476.366794925505,0.0,0.0,,,,0.0,0.0,0.0,0.0,6000.0,0.0,6425.055134526962,0.0,0.0,0.0
own:12,11,2027-08,744.0,971535022607.758,971535022607.758,0.0,4214.020410199596,0.0,0.0,12,4713.979589800404,51568.16328159677,64460.20410199596,0.9163401276626397,12446.020410199595,11404.787931574117,0.0,0.0,,,,0.0,0.0,0.0,0.0,6000.0,0.0,6446.020410199596,0.0,0.0,0.0
own:12,12,2027-09,720.0,944896159084.6421,944896159084.6421,0.0,4098.474689274768,0.0,0.0,12,4541.525310725232,50067.797514198144,62584.74689274768,0.9090909090909091,12258.474689274768,11144.067899340698,0.0,0.0,,,,0.0,0.0,0.0,0.0,6000.0,0.0,6258.474689274768,0.0,0.0,0.0
own:12,13,2027-10,744.0,981274661209.4006,981274661209.4006,0.0,4256.265964811846,0.0,0.0,12,4671.734035188154,51906.12771849477,64882.65964811846,0.9018990394972645,12488.265964811846,11263.155078650183,0.0,0.0,,,,0.0,0.0,0.0,0.0,6000.0,0.0,6488.265964811846,0.0,0.0,0.0
own:12,14,2027-11,720.0,954368743079.4653,954368743079.4653,0.0,4139.561898034746,0.0,0.0,12,4500.438101965254,50396.49518427797,62995.61898034746,0.894764065190697,12299.561898034746,11005.206003950174,0.0,0.0,,,,0.0,0.0,0.0,0.0,6000.0,0.0,6299.561898034746,0.0,0.0,0.0
own:12,15,2027-12,744.0,991111939688.0247,991111939688.0247,0.0,4298.935031109084,0.0,0.0,12,4629.064968890916,52247.48024887267,65309.350311090835,0.8876855360693732,12530.935031109084,11123.529780540555,0.0,0.0,,,,0.0,0.0,0.0,0.0,6000.0,0.0,6530.935031109084,0.0,0.0,0.0
own:12,16,2028-01,744.0,996067499386.4646,996067499386.4646,0.0,4320.429706264628,0.0,0.0,12,4607.570293735372,52419.437650117026,65524.297062646285,0.8806630055922402,12552.42970626463,11054.460472604329,0.0,0.0,,,,0.0,0.0,0.0,0.0,6000.0,0.0,6552.429706264629,0.0,0.0,0.0
own:12,17,2028-02,696.0,936464105471.565,936464105471.565,0.0,4061.9007673897618,0.0,0.0,12,4290.099232610239,49199.20613911809,61499.00767389761,0.873696030750857,12149.900767389761,10615.320074485226,0.0,0.0,,,,0.0,0.0,0.0,0.0,6000.0,0.0,6149.900767389761,0.0,0.0,0.0
own:12,18,2028-03,744.0,1006053076067.8136,1006053076067.8136,0.0,4363.74201406993,0.0,0.0,12,4564.25798593007,52765.93611255944,65957.4201406993,0.8667841720414474,12595.742014069929,10917.789812913277,0.0,0.0,,,,0.0,0.0,0.0,0.0,6000.0,0.0,6595.74201406993,0.0,0.0,0.0
own:12,19,2028-04,720.0,978467749788.5349,978467749788.5349,0.0,4244.091023361561,0.0,0.0,12,4395.908976638439,51232.72818689249,64040.910233615614,0.8599269934371745,12404.091023361561,10666.612700040352,0.0,0.0,,,,0.0,0.0,0.0,0.0,6000.0,0.0,6404.091023361561,0.0,0.0,0.0
own:12,20,2028-05,744.0,1016138758155.3933,1016138758155.3933,0.0,4407.488527760981,0.0,0.0,12,4520.511472239019,53115.90822208785,66394.8852776098,0.8531240623606339,12639.488527760981,10783.051798964076,0.0,0.0,,,,0.0,0.0,0.0,0.0,6000.0,0.0,6639.488527760981,0.0,0.0,0.0
own:12,21,2028-06,720.0,988276888980.1646,988276888980.1646,0.0,4286.638035870759,0.0,0.0,12,4353.361964129241,51573.104286966074,64466.380358707596,0.8463749496565661,12446.638035870761,10534.522641003616,0.0,0.0,,,,0.0,0.0,0.0,0.0,6000.0,0.0,6446.63803587076,0.0,0.0,0.0
own:12,22,2028-07,744.0,1026325549205.9009,1026325549205.9009,0.0,4451.673600251784,0.0,0.0,12,4476.326399748216,53469.38880201427,66836.73600251784,0.8396792295647828,12683.673600251783,10650.217276710591,0.0,0.0,,,,0.0,0.0,0.0,0.0,6000.0,0.0,6683.673600251784,0.0,0.0,0.0
own:12,23,2028-08,744.0,1031457176951.9302,1031457176951.9302,0.0,4473.931968253041,0.0,0.0,12,4454.068031746959,53647.45574602433,67059.31968253042,0.8330364796933087,12705.931968253042,10584.504838056188,0.0,0.0,,,,0.0,0.0,0.0,0.0,6000.0,0.0,6705.931968253042,0.0,0.0,0.0
own:12,24,2028-09,720.0,1003175286616.1516,1003175286616.1516,0.0,4351.259640091264,0.0,0.0,12,4288.740359908736,52090.077120730115,65112.59640091265,0.8264462809917354,12511.259640091266,10339.884000075426,0.0,0.0,,,,0.0,0.0,0.0,0.0,6000.0,0.0,6511.259640091265,0.0,0.0,0.0
own:12,25,2028-10,744.0,1041797535150.8733,1041797535150.8733,0.0,4518.783136234778,0.0,0.0,12,4409.216863765222,54006.26508987822,67507.83136234777,0.8199082177247857,12750.783136234779,10454.471875825511,0.0,0.0,,,,0.0,0.0,0.0,0.0,6000.0,0.0,6750.783136234778,0.0,0.0,0.0
own:12,26,2028-11,720.0,1013232118864.478,1013232118864.478,0.0,4394.881017983178,0.0,0.0,12,4245.118982016822,52439.048143865424,65548.81017983178,0.8134218774460882,12554.881017983178,10212.414888760131,0.0,0.0,,,,0.0,0.0,0.0,0.0,6000.0,0.0,6554.881017983178,0.0,0.0,0.0
own:12,27,2028-12,744.0,1052241555440.7605,1052241555440.7605,0.0,4564.08393717553,0.0,0.0,12,4363.91606282447,54368.67149740424,67960.8393717553,0.8069868509721573,12796.08393717553,10326.271481236685,0.0,0.0,,,,0.0,0.0,0.0,0.0,6000.0,0.0,6796.08393717553,0.0,0.0,0.0
own:12,28,2029-01,744.0,1057502763217.9641,1057502763217.9641,0.0,4586.904356861408,0.0,0.0,12,4341.095643138592,54551.23485489126,68189.04356861408,0.8006027323565819,12818.904356861409,10262.849853920936,0.0,0.0,,,,0.0,0.0,0.0,0.0,6000.0,0.0,6818.904356861409,0.0,0.0,0.0
own:12,29,2029-02,672.0,959939605063.0164,959939605063.0164,0.0,4163.725438776774,0.0,0.0,12,3900.2745612232256,49437.803510214195,61797.254387767745,0.7942691188644154,12179.725438776775,9673.979792267735,0.0,0.0,,,,0.0,0.0,0.0,0.0,6000.0,0.0,6179.725438776775,0.0,0.0,0.0
own:12,30,2029-03,744.0,1068104228419.2241,1068104228419.2241,0.0,4632.888073038943,0.0,0.0,12,4295.111926961057,54919.10458431154,68648.88073038943,0.7879856109467703,12864.888073038943,10137.34668799541,0.0,0.0,,,,0.0,0.0,0.0,0.0,6000.0,0.0,6864.888073038943,0.0,0.0,0.0
own:12,31,2029-04,720.0,1038817499575.4711,1038817499575.4711,0.0,4505.857271036261,0.0,0.0,12,4134.142728963739,53326.85816829009,66658.57271036261,0.7817518122156131,12665.85727103626,9901.556874896896,0.0,0.0,,,,0.0,0.0,0.0,0.0,6000.0,0.0,6665.857271036261,0.0,0.0,0.0
own:12,32,2029-05,744.0,1078811973309.1265,1078811973309.1265,0.0,4679.332775971157,0.0,0.0,12,4248.667224028843,55290.66220776926,69113.32775971157,0.7755673294187581,12911.332775971157,10013.607880296831,0.0,0.0,,,,0.0,0.0,0.0,0.0,6000.0,0.0,6911.332775971157,0.0,0.0,0.0
own:12,33,2029-06,720.0,1049231645008.715,1049231645008.715,0.0,4551.028490178399,0.0,0.0,12,4088.971509821601,53688.22792142719,67110.28490178399,0.76943177241506,12711.0284901784,9780.26918041629,0.0,0.0,,,,0.0,0.0,0.0,0.0,6000.0,0.0,6711.0284901784,0.0,0.0,0.0
own:12,34,2029-07,744.0,1089627063341.5503,1089627063341.5503,0.0,4726.243087050267,0.0,0.0,12,4201.756912949733,55665.94469640213,69582.43087050266,0.7633447541498025,12958.243087050267,9891.606883497763,0.0,0.0,,,,0.0,0.0,0.0,0.0,6000.0,0.0,6958.243087050267,0.0,0.0,0.0
own:12,35,2029-08,744.0,1095075198658.2579,1095075198658.2579,0.0,4749.874302485518,0.0,0.0,12,4178.125697514482,55854.99441988414,69818.74302485518,0.7573058906302806,12981.874302485518,9831.249880694148,0.0,0.0,,,,0.0,0.0,0.0,0.0,6000.0,0.0,6981.8743024855185,0.0,0.0,0.0
own:12,36,2029-09,720.0,1065048943211.1765,1065048943211.1765,0.0,4619.635813546398,0.0,0.0,12,4020.364186453602,54237.08650837118,67796.35813546398,0.7513148009015775,12779.635813546398,9601.529536849283,0.0,0.0,,,,0.0,0.0,0.0,0.0,6000.0,0.0,6779.635813546398,0.0,0.0,0.0
own:13,0,time_zero,0.0,0.0,0.0,0.0,0.0,0.0,0.0,13,0.0,0.0,0.0,1.0,5250000.0,5250000.0,0.0,0.0,,,,5200000.0,50000.0,0.0,0.0,0.0,0.0,0.0,0.0,0.0,0.0
own:13,1,2026-10,744.0,924267843072.0002,671485605194.8799,252782237877.1203,0.0,2912.5599999999995,2972.0,13,0.0,0.0,0.0,0.992088943446991,204473.6,202855.99778680265,204473.6,0.0,,,,0.0,0.0,0.0,0.0,0.0,0.0,0.0,0.0,0.0,0.0
own:13,2,2026-11,720.0,898925015116.8,650699375155.2,248225639961.60022,0.0,2822.4,2880.0,13,0.0,0.0,0.0,0.9842404717097668,198144.0,195021.34402646002,198144.0,0.0,,,,0.0,0.0,0.0,0.0,0.0,0.0,0.0,0.0,0.0,0.0
own:13,3,2026-12,744.0,933533628198.7966,671485605194.8799,262048023003.9168,0.0,2912.5599999999995,2972.0,13,0.0,0.0,0.0,0.9764540896763105,204473.6,199659.08295083806,204473.6,0.0,,,,0.0,0.0,0.0,0.0,0.0,0.0,0.0,0.0,0.0,0.0
own:13,4,2027-01,744.0,938201296339.7905,671485605194.8799,266715691144.9107,0.0,2912.5599999999995,2972.0,13,0.0,0.0,0.0,0.9687293061514642,204473.6,198079.56865429203,204473.6,0.0,,,,0.0,0.0,0.0,0.0,0.0,0.0,0.0,0.0,0.0,0.0
own:13,5,2027-02,672.0,851644660612.9583,606415667679.3599,245228992933.59842,0.0,2630.3199999999997,2684.0,13,0.0,0.0,0.0,0.9610656338259428,184659.19999999998,177469.61108979152,184659.19999999998,0.0,,,,0.0,0.0,0.0,0.0,0.0,0.0,0.0,0.0,0.0,0.0
own:13,6,2027-03,744.0,947606764335.5967,671485605194.8799,276121159140.71686,0.0,2912.5599999999995,2972.0,13,0.0,0.0,0.0,0.9534625892455922,204473.6,194957.92808836754,204473.6,0.0,,,,0.0,0.0,0.0,0.0,0.0,0.0,0.0,0.0,0.0,0.0
own:13,7,2027-04,720.0,921623998216.7175,921623998216.7175,0.0,3997.5319969324496,0.0,0.0,13,5362.46800306755,50700.2559754596,63375.3199693245,0.9459196927808919,12670.865330265784,11985.621040473065,0.0,0.0,,,,0.0,0.0,0.0,0.0,6333.333333333333,0.0,6337.53199693245,0.0,0.0,0.0
own:13,8,2027-05,744.0,957106522148.061,957106522148.061,0.0,4151.436978814349,0.0,0.0,13,5520.563021185651,52555.49583051479,65694.3697881435,0.9384364685966974,12902.770312147682,12108.430206846178,0.0,0.0,,,,0.0,0.0,0.0,0.0,6333.333333333333,0.0,6569.4369788143495,0.0,0.0,0.0
own:13,9,2027-06,720.0,930863278798.8401,930863278798.8401,0.0,4037.607255201697,0.0,0.0,13,5322.392744798302,51020.85804161358,63776.07255201698,0.9310124446222228,12710.940588535032,11834.043870779835,0.0,0.0,,,,0.0,0.0,0.0,0.0,6333.333333333333,0.0,6377.6072552016985,0.0,0.0,0.0
own:13,10,2027-07,744.0,966701515032.5951,966701515032.5951,0.0,4193.055134526961,0.0,0.0,13,5478.944865473039,52888.44107621569,66110.55134526962,0.9236471525212612,12944.388467860295,11956.047549468212,0.0,0.0,,,,0.0,0.0,0.0,0.0,6333.333333333333,0.0,6611.055134526962,0.0,0.0,0.0
own:13,11,2027-08,744.0,971535022607.758,971535022607.758,0.0,4214.020410199596,0.0,0.0,13,5457.979589800404,53056.16328159677,66320.20410199596,0.9163401276626397,12965.353743532929,11880.673904540248,0.0,0.0,,,,0.0,0.0,0.0,0.0,6333.333333333333,0.0,6632.020410199596,0.0,0.0,0.0
own:13,12,2027-09,720.0,944896159084.6421,944896159084.6421,0.0,4098.474689274768,0.0,0.0,13,5261.525310725232,51507.797514198144,64384.74689274768,0.9090909090909091,12771.8080226081,11610.734566007364,0.0,0.0,,,,0.0,0.0,0.0,0.0,6333.333333333333,0.0,6438.474689274768,0.0,0.0,0.0
own:13,13,2027-10,744.0,981274661209.4006,981274661209.4006,0.0,4256.265964811846,0.0,0.0,13,5415.734035188154,53394.12771849477,66742.65964811845,0.9018990394972645,13007.599298145178,11731.541313162428,0.0,0.0,,,,0.0,0.0,0.0,0.0,6333.333333333333,0.0,6674.265964811846,0.0,0.0,0.0
own:13,14,2027-11,720.0,954368743079.4653,954368743079.4653,0.0,4139.561898034746,0.0,0.0,13,5220.438101965254,51836.49518427797,64795.61898034746,0.894764065190697,12812.895231368078,11464.518224081397,0.0,0.0,,,,0.0,0.0,0.0,0.0,6333.333333333333,0.0,6479.561898034746,0.0,0.0,0.0
own:13,15,2027-12,744.0,991111939688.0247,991111939688.0247,0.0,4298.935031109084,0.0,0.0,13,5373.064968890916,53735.48024887267,67169.35031109084,0.8876855360693732,13050.268364442418,11584.53446893925,0.0,0.0,,,,0.0,0.0,0.0,0.0,6333.333333333333,0.0,6716.935031109084,0.0,0.0,0.0
own:13,16,2028-01,744.0,996067499386.4646,996067499386.4646,0.0,4320.429706264628,0.0,0.0,13,5351.570293735372,53907.437650117026,67384.29706264628,0.8806630055922402,13071.763039597961,11511.818126841898,0.0,0.0,,,,0.0,0.0,0.0,0.0,6333.333333333333,0.0,6738.429706264628,0.0,0.0,0.0
own:13,17,2028-02,696.0,936464105471.565,936464105471.565,0.0,4061.9007673897618,0.0,0.0,13,4986.099232610239,50591.20613911809,63239.00767389761,0.873696030750857,12657.234100723093,11058.57519408616,0.0,0.0,,,,0.0,0.0,0.0,0.0,6333.333333333333,0.0,6323.900767389761,0.0,0.0,0.0
own:13,18,2028-03,744.0,1006053076067.8136,1006053076067.8136,0.0,4363.74201406993,0.0,0.0,13,5308.25798593007,54253.93611255944,67817.4201406993,0.8667841720414474,13115.075347403263,11367.939726260136,0.0,0.0,,,,0.0,0.0,0.0,0.0,6333.333333333333,0.0,6781.74201406993,0.0,0.0,0.0
own:13,19,2028-04,720.0,978467749788.5349,978467749788.5349,0.0,4244.091023361561,0.0,0.0,13,5115.908976638439,52672.72818689249,65840.9102336156,0.8599269934371745,12917.424356694894,11108.041890004768,0.0,0.0,,,,0.0,0.0,0.0,0.0,6333.333333333333,0.0,6584.091023361561,0.0,0.0,0.0
own:13,20,2028-05,744.0,1016138758155.3933,1016138758155.3933,0.0,4407.488527760981,0.0,0.0,13,5264.511472239019,54603.90822208785,68254.8852776098,0.8531240623606339,13158.821861094315,11226.1075620167,0.0,0.0,,,,0.0,0.0,0.0,0.0,6333.333333333333,0.0,6825.488527760981,0.0,0.0,0.0
own:13,21,2028-06,720.0,988276888980.1646,988276888980.1646,0.0,4286.638035870759,0.0,0.0,13,5073.361964129241,53013.104286966074,66266.3803587076,0.8463749496565661,12959.971369204093,10968.995115160653,0.0,0.0,,,,0.0,0.0,0.0,0.0,6333.333333333333,0.0,6626.63803587076,0.0,0.0,0.0
own:13,22,2028-07,744.0,1026325549205.9009,1026325549205.9009,0.0,4451.673600251784,0.0,0.0,13,5220.326399748216,54957.38880201427,68696.73600251784,0.8396792295647828,13203.006933585117,11086.290689931237,0.0,0.0,,,,0.0,0.0,0.0,0.0,6333.333333333333,0.0,6869.673600251784,0.0,0.0,0.0
own:13,23,2028-08,744.0,1031457176951.9302,1031457176951.9302,0.0,4473.931968253041,0.0,0.0,13,5198.068031746959,55135.45574602433,68919.31968253042,0.8330364796933087,13225.265301586376,11017.12844984358,0.0,0.0,,,,0.0,0.0,0.0,0.0,6333.333333333333,0.0,6891.931968253042,0.0,0.0,0.0
own:13,24,2028-09,720.0,1003175286616.1516,1003175286616.1516,0.0,4351.259640091264,0.0,0.0,13,5008.740359908736,53530.077120730115,66912.59640091265,0.8264462809917354,13024.592973424598,10764.126424317848,0.0,0.0,,,,0.0,0.0,0.0,0.0,6333.333333333333,0.0,6691.259640091265,0.0,0.0,0.0
own:13,25,2028-10,744.0,1041797535150.8733,1041797535150.8733,0.0,4518.783136234778,0.0,0.0,13,5153.216863765222,55494.26508987822,69367.83136234777,0.8199082177247857,13270.116469568111,10880.277543563916,0.0,0.0,,,,0.0,0.0,0.0,0.0,6333.333333333333,0.0,6936.783136234778,0.0,0.0,0.0
own:13,26,2028-11,720.0,1013232118864.478,1013232118864.478,0.0,4394.881017983178,0.0,0.0,13,4965.118982016822,53879.048143865424,67348.81017983178,0.8134218774460882,13068.21435131651,10629.971452515789,0.0,0.0,,,,0.0,0.0,0.0,0.0,6333.333333333333,0.0,6734.881017983178,0.0,0.0,0.0
own:13,27,2028-12,744.0,1052241555440.7605,1052241555440.7605,0.0,4564.08393717553,0.0,0.0,13,5107.91606282447,55856.67149740424,69820.8393717553,0.8069868509721573,13315.417270508864,10745.366652508226,0.0,0.0,,,,0.0,0.0,0.0,0.0,6333.333333333333,0.0,6982.08393717553,0.0,0.0,0.0
own:13,28,2029-01,744.0,1057502763217.9641,1057502763217.9641,0.0,4586.904356861408,0.0,0.0,13,5085.095643138592,56039.23485489126,70049.04356861408,0.8006027323565819,13338.237690194743,10678.629539591455,0.0,0.0,,,,0.0,0.0,0.0,0.0,6333.333333333333,0.0,7004.904356861409,0.0,0.0,0.0
own:13,29,2029-02,672.0,959939605063.0164,959939605063.0164,0.0,4163.725438776774,0.0,0.0,13,4572.274561223226,50781.803510214195,63477.254387767745,0.7942691188644154,12681.058772110107,10072.17337719176,0.0,0.0,,,,0.0,0.0,0.0,0.0,6333.333333333333,0.0,6347.725438776775,0.0,0.0,0.0
own:13,30,2029-03,744.0,1068104228419.2241,1068104228419.2241,0.0,4632.888073038943,0.0,0.0,13,5039.111926961057,56407.10458431154,70508.88073038943,0.7879856109467703,13384.221406372275,10546.573881947099,0.0,0.0,,,,0.0,0.0,0.0,0.0,6333.333333333333,0.0,7050.888073038943,0.0,0.0,0.0
own:13,31,2029-04,720.0,1038817499575.4711,1038817499575.4711,0.0,4505.857271036261,0.0,0.0,13,4854.142728963739,54766.85816829009,68458.57271036261,0.7817518122156131,13179.190604369594,10302.85613850091,0.0,0.0,,,,0.0,0.0,0.0,0.0,6333.333333333333,0.0,6845.857271036261,0.0,0.0,0.0
own:13,32,2029-05,744.0,1078811973309.1265,1078811973309.1265,0.0,4679.332775971157,0.0,0.0,13,4992.667224028843,56778.66220776926,70973.32775971157,0.7755673294187581,13430.66610930449,10416.385846708305,0.0,0.0,,,,0.0,0.0,0.0,0.0,6333.333333333333,0.0,7097.332775971157,0.0,0.0,0.0
own:13,33,2029-06,720.0,1049231645008.715,1049231645008.715,0.0,4551.028490178399,0.0,0.0,13,4808.971509821601,55128.22792142719,68910.28490178399,0.76943177241506,13224.361823511732,10175.244156922687,0.0,0.0,,,,0.0,0.0,0.0,0.0,6333.333333333333,0.0,6891.0284901784,0.0,0.0,0.0
own:13,34,2029-07,744.0,1089627063341.5503,1089627063341.5503,0.0,4726.243087050267,0.0,0.0,13,4945.756912949733,57153.94469640213,71442.43087050266,0.7633447541498025,13477.5764203836,10288.037259152896,0.0,0.0,,,,0.0,0.0,0.0,0.0,6333.333333333333,0.0,7144.243087050267,0.0,0.0,0.0
own:13,35,2029-08,744.0,1095075198658.2579,1095075198658.2579,0.0,4749.874302485518,0.0,0.0,13,4922.125697514482,57342.99441988414,71678.74302485518,0.7573058906302806,13501.207635818851,10224.54407322814,0.0,0.0,,,,0.0,0.0,0.0,0.0,6333.333333333333,0.0,7167.8743024855185,0.0,0.0,0.0
own:13,36,2029-09,720.0,1065048943211.1765,1065048943211.1765,0.0,4619.635813546398,0.0,0.0,13,4740.364186453602,55677.08650837118,69596.35813546398,0.7513148009015775,13292.969146879732,9987.20446797876,0.0,0.0,,,,0.0,0.0,0.0,0.0,6333.333333333333,0.0,6959.635813546398,0.0,0.0,0.0
own:14,0,time_zero,0.0,0.0,0.0,0.0,0.0,0.0,0.0,14,0.0,0.0,0.0,1.0,5650000.0,5650000.0,0.0,0.0,,,,5600000.0,50000.0,0.0,0.0,0.0,0.0,0.0,0.0,0.0,0.0
own:14,1,2026-10,744.0,924267843072.0002,671485605194.8799,252782237877.1203,0.0,2912.5599999999995,2972.0,14,0.0,0.0,0.0,0.992088943446991,204473.6,202855.99778680265,204473.6,0.0,,,,0.0,0.0,0.0,0.0,0.0,0.0,0.0,0.0,0.0,0.0
own:14,2,2026-11,720.0,898925015116.8,650699375155.2,248225639961.60022,0.0,2822.4,2880.0,14,0.0,0.0,0.0,0.9842404717097668,198144.0,195021.34402646002,198144.0,0.0,,,,0.0,0.0,0.0,0.0,0.0,0.0,0.0,0.0,0.0,0.0
own:14,3,2026-12,744.0,933533628198.7966,671485605194.8799,262048023003.9168,0.0,2912.5599999999995,2972.0,14,0.0,0.0,0.0,0.9764540896763105,204473.6,199659.08295083806,204473.6,0.0,,,,0.0,0.0,0.0,0.0,0.0,0.0,0.0,0.0,0.0,0.0
own:14,4,2027-01,744.0,938201296339.7905,671485605194.8799,266715691144.9107,0.0,2912.5599999999995,2972.0,14,0.0,0.0,0.0,0.9687293061514642,204473.6,198079.56865429203,204473.6,0.0,,,,0.0,0.0,0.0,0.0,0.0,0.0,0.0,0.0,0.0,0.0
own:14,5,2027-02,672.0,851644660612.9583,606415667679.3599,245228992933.59842,0.0,2630.3199999999997,2684.0,14,0.0,0.0,0.0,0.9610656338259428,184659.19999999998,177469.61108979152,184659.19999999998,0.0,,,,0.0,0.0,0.0,0.0,0.0,0.0,0.0,0.0,0.0,0.0
own:14,6,2027-03,744.0,947606764335.5967,671485605194.8799,276121159140.71686,0.0,2912.5599999999995,2972.0,14,0.0,0.0,0.0,0.9534625892455922,204473.6,194957.92808836754,204473.6,0.0,,,,0.0,0.0,0.0,0.0,0.0,0.0,0.0,0.0,0.0,0.0
own:14,7,2027-04,720.0,921623998216.7175,921623998216.7175,0.0,3997.5319969324496,0.0,0.0,14,6082.46800306755,52140.2559754596,65175.3199693245,0.9459196927808919,13184.198663599116,12471.193149433922,0.0,0.0,,,,0.0,0.0,0.0,0.0,6666.666666666667,0.0,6517.53199693245,0.0,0.0,0.0
own:14,8,2027-05,744.0,957106522148.061,957106522148.061,0.0,4151.436978814349,0.0,0.0,14,6264.563021185651,54043.49583051479,67554.3697881435,0.9384364685966974,13422.103645481016,12595.791546204064,0.0,0.0,,,,0.0,0.0,0.0,0.0,6666.666666666667,0.0,6755.4369788143495,0.0,0.0,0.0
own:14,9,2027-06,720.0,930863278798.8401,930863278798.8401,0.0,4037.607255201697,0.0,0.0,14,6042.392744798302,52460.85804161358,65576.07255201698,0.9310124446222228,13224.273921868366,12311.963592352577,0.0,0.0,,,,0.0,0.0,0.0,0.0,6666.666666666667,0.0,6557.6072552016985,0.0,0.0,0.0
own:14,10,2027-07,744.0,966701515032.5951,966701515032.5951,0.0,4193.055134526961,0.0,0.0,14,6222.944865473039,54376.44107621569,67970.55134526962,0.9236471525212612,13463.72180119363,12435.728304010921,0.0,0.0,,,,0.0,0.0,0.0,0.0,6666.666666666667,0.0,6797.055134526962,0.0,0.0,0.0
own:14,11,2027-08,744.0,971535022607.758,971535022607.758,0.0,4214.020410199596,0.0,0.0,14,6201.979589800404,54544.16328159677,68180.20410199596,0.9163401276626397,13484.687076866263,12356.559877506379,0.0,0.0,,,,0.0,0.0,0.0,0.0,6666.666666666667,0.0,6818.020410199596,0.0,0.0,0.0
own:14,12,2027-09,720.0,944896159084.6421,944896159084.6421,0.0,4098.474689274768,0.0,0.0,14,5981.525310725232,52947.797514198144,66184.74689274767,0.9090909090909091,13285.141355941436,12077.401232674032,0.0,0.0,,,,0.0,0.0,0.0,0.0,6666.666666666667,0.0,6618.474689274768,0.0,0.0,0.0
own:14,13,2027-10,744.0,981274661209.4006,981274661209.4006,0.0,4256.265964811846,0.0,0.0,14,6159.734035188154,54882.12771849477,68602.65964811845,0.9018990394972645,13526.932631478514,12199.927547674675,0.0,0.0,,,,0.0,0.0,0.0,0.0,6666.666666666667,0.0,6860.265964811846,0.0,0.0,0.0
own:14,14,2027-11,720.0,954368743079.4653,954368743079.4653,0.0,4139.561898034746,0.0,0.0,14,5940.438101965254,53276.49518427797,66595.61898034747,0.894764065190697,13326.228564701414,11923.830444212625,0.0,0.0,,,,0.0,0.0,0.0,0.0,6666.666666666667,0.0,6659.561898034747,0.0,0.0,0.0
own:14,15,2027-12,744.0,991111939688.0247,991111939688.0247,0.0,4298.935031109084,0.0,0.0,14,6117.064968890916,55223.48024887267,69029.35031109084,0.8876855360693732,13569.60169777575,12045.539157337942,0.0,0.0,,,,0.0,0.0,0.0,0.0,6666.666666666667,0.0,6902.935031109084,0.0,0.0,0.0
own:14,16,2028-01,744.0,996067499386.4646,996067499386.4646,0.0,4320.429706264628,0.0,0.0,14,6095.570293735372,55395.437650117026,69244.29706264628,0.8806630055922402,13591.096372931295,11969.175781079468,0.0,0.0,,,,0.0,0.0,0.0,0.0,6666.666666666667,0.0,6924.429706264628,0.0,0.0,0.0
own:14,17,2028-02,696.0,936464105471.565,936464105471.565,0.0,4061.9007673897618,0.0,0.0,14,5682.099232610239,51983.20613911809,64979.00767389761,0.873696030750857,13164.56743405643,11501.830313687096,0.0,0.0,,,,0.0,0.0,0.0,0.0,6666.666666666667,0.0,6497.900767389761,0.0,0.0,0.0
own:14,18,2028-03,744.0,1006053076067.8136,1006053076067.8136,0.0,4363.74201406993,0.0,0.0,14,6052.25798593007,55741.93611255944,69677.4201406993,0.8667841720414474,13634.408680736597,11818.089639606995,0.0,0.0,,,,0.0,0.0,0.0,0.0,6666.666666666667,0.0,6967.74201406993,0.0,0.0,0.0
own:14,19,2028-04,720.0,978467749788.5349,978467749788.5349,0.0,4244.091023361561,0.0,0.0,14,5835.908976638439,54112.72818689249,67640.9102336156,0.8599269934371745,13430.75769002823,11549.471079969186,0.0,0.0,,,,0.0,0.0,0.0,0.0,6666.666666666667,0.0,6764.091023361561,0.0,0.0,0.0
own:14,20,2028-05,744.0,1016138758155.3933,1016138758155.3933,0.0,4407.488527760981,0.0,0.0,14,6008.511472239019,56091.90822208785,70114.8852776098,0.8531240623606339,13678.155194427647,11669.16332506932,0.0,0.0,,,,0.0,0.0,0.0,0.0,6666.666666666667,0.0,7011.488527760981,0.0,0.0,0.0
own:14,21,2028-06,720.0,988276888980.1646,988276888980.1646,0.0,4286.638035870759,0.0,0.0,14,5793.361964129241,54453.104286966074,68066.3803587076,0.8463749496565661,13473.304702537427,11403.46758931769,0.0,0.0,,,,0.0,0.0,0.0,0.0,6666.666666666667,0.0,6806.63803587076,0.0,0.0,0.0
own:14,22,2028-07,744.0,1026325549205.9009,1026325549205.9009,0.0,4451.673600251784,0.0,0.0,14,5964.326399748216,56445.38880201427,70556.73600251784,0.8396792295647828,13722.34026691845,11522.36410315188,0.0,0.0,,,,0.0,0.0,0.0,0.0,6666.666666666667,0.0,7055.673600251784,0.0,0.0,0.0
own:14,23,2028-08,744.0,1031457176951.9302,1031457176951.9302,0.0,4473.931968253041,0.0,0.0,14,5942.068031746959,56623.45574602433,70779.31968253042,0.8330364796933087,13744.598634919708,11449.75206163097,0.0,0.0,,,,0.0,0.0,0.0,0.0,6666.666666666667,0.0,7077.931968253042,0.0,0.0,0.0
own:14,24,2028-09,720.0,1003175286616.1516,1003175286616.1516,0.0,4351.259640091264,0.0,0.0,14,5728.740359908736,54970.077120730115,68712.59640091265,0.8264462809917354,13537.926306757932,11188.368848560274,0.0,0.0,,,,0.0,0.0,0.0,0.0,6666.666666666667,0.0,6871.259640091265,0.0,0.0,0.0
own:14,25,2028-10,744.0,1041797535150.8733,1041797535150.8733,0.0,4518.783136234778,0.0,0.0,14,5897.216863765222,56982.26508987822,71227.83136234777,0.8199082177247857,13789.449802901445,11306.08321130232,0.0,0.0,,,,0.0,0.0,0.0,0.0,6666.666666666667,0.0,7122.783136234778,0.0,0.0,0.0
own:14,26,2028-11,720.0,1013232118864.478,1013232118864.478,0.0,4394.881017983178,0.0,0.0,14,5685.118982016822,55319.048143865424,69148.81017983178,0.8134218774460882,13581.547684649846,11047.52801627145,0.0,0.0,,,,0.0,0.0,0.0,0.0,6666.666666666667,0.0,6914.881017983178,0.0,0.0,0.0
own:14,27,2028-12,744.0,1052241555440.7605,1052241555440.7605,0.0,4564.08393717553,0.0,0.0,14,5851.91606282447,57344.67149740424,71680.8393717553,0.8069868509721573,13834.750603842196,11164.461823779766,0.0,0.0,,,,0.0,0.0,0.0,0.0,6666.666666666667,0.0,7168.08393717553,0.0,0.0,0.0
own:14,28,2029-01,744.0,1057502763217.9641,1057502763217.9641,0.0,4586.904356861408,0.0,0.0,14,5829.095643138592,57527.23485489126,71909.04356861408,0.8006027323565819,13857.571023528075,11094.409225261972,0.0,0.0,,,,0.0,0.0,0.0,0.0,6666.666666666667,0.0,7190.904356861409,0.0,0.0,0.0
own:14,29,2029-02,672.0,959939605063.0164,959939605063.0164,0.0,4163.725438776774,0.0,0.0,14,5244.274561223226,52125.803510214195,65157.254387767745,0.7942691188644154,13182.392105443443,10470.36696211579,0.0,0.0,,,,0.0,0.0,0.0,0.0,6666.666666666667,0.0,6515.725438776775,0.0,0.0,0.0
own:14,30,2029-03,744.0,1068104228419.2241,1068104228419.2241,0.0,4632.888073038943,0.0,0.0,14,5783.111926961057,57895.10458431154,72368.88073038943,0.7879856109467703,13903.55473970561,10955.80107589879,0.0,0.0,,,,0.0,0.0,0.0,0.0,6666.666666666667,0.0,7236.888073038943,0.0,0.0,0.0
own:14,31,2029-04,720.0,1038817499575.4711,1038817499575.4711,0.0,4505.857271036261,0.0,0.0,14,5574.142728963739,56206.85816829009,70258.57271036261,0.7817518122156131,13692.523937702928,10704.155402104927,0.0,0.0,,,,0.0,0.0,0.0,0.0,6666.666666666667,0.0,7025.857271036261,0.0,0.0,0.0
own:14,32,2029-05,744.0,1078811973309.1265,1078811973309.1265,0.0,4679.332775971157,0.0,0.0,14,5736.667224028843,58266.66220776926,72833.32775971157,0.7755673294187581,13949.999442637825,10819.163813119781,0.0,0.0,,,,0.0,0.0,0.0,0.0,6666.666666666667,0.0,7283.332775971157,0.0,0.0,0.0
own:14,33,2029-06,720.0,1049231645008.715,1049231645008.715,0.0,4551.028490178399,0.0,0.0,14,5528.971509821601,56568.22792142719,70710.28490178399,0.76943177241506,13737.695156845068,10570.219133429086,0.0,0.0,,,,0.0,0.0,0.0,0.0,6666.666666666667,0.0,7071.0284901784,0.0,0.0,0.0
own:14,34,2029-07,744.0,1089627063341.5503,1089627063341.5503,0.0,4726.243087050267,0.0,0.0,14,5689.756912949733,58641.94469640213,73302.43087050266,0.7633447541498025,13996.909753716933,10684.467634808025,0.0,0.0,,,,0.0,0.0,0.0,0.0,6666.666666666667,0.0,7330.243087050267,0.0,0.0,0.0
own:14,35,2029-08,744.0,1095075198658.2579,1095075198658.2579,0.0,4749.874302485518,0.0,0.0,14,5666.125697514482,58830.99441988414,73538.74302485518,0.7573058906302806,14020.540969152185,10617.838265762133,0.0,0.0,,,,0.0,0.0,0.0,0.0,6666.666666666667,0.0,7353.8743024855185,0.0,0.0,0.0
own:14,36,2029-09,720.0,1065048943211.1765,1065048943211.1765,0.0,4619.635813546398,0.0,0.0,14,5460.364186453602,57117.08650837118,71396.35813546398,0.7513148009015775,13806.302480213064,10372.879399108235,0.0,0.0,,,,0.0,0.0,0.0,0.0,6666.666666666667,0.0,7139.635813546398,0.0,0.0,0.0
own:15,0,time_zero,0.0,0.0,0.0,0.0,0.0,0.0,0.0,15,0.0,0.0,0.0,1.0,6050000.0,6050000.0,0.0,0.0,,,,6000000.0,50000.0,0.0,0.0,0.0,0.0,0.0,0.0,0.0,0.0
own:15,1,2026-10,744.0,924267843072.0002,671485605194.8799,252782237877.1203,0.0,2912.5599999999995,2972.0,15,0.0,0.0,0.0,0.992088943446991,204473.6,202855.99778680265,204473.6,0.0,,,,0.0,0.0,0.0,0.0,0.0,0.0,0.0,0.0,0.0,0.0
own:15,2,2026-11,720.0,898925015116.8,650699375155.2,248225639961.60022,0.0,2822.4,2880.0,15,0.0,0.0,0.0,0.9842404717097668,198144.0,195021.34402646002,198144.0,0.0,,,,0.0,0.0,0.0,0.0,0.0,0.0,0.0,0.0,0.0,0.0
own:15,3,2026-12,744.0,933533628198.7966,671485605194.8799,262048023003.9168,0.0,2912.5599999999995,2972.0,15,0.0,0.0,0.0,0.9764540896763105,204473.6,199659.08295083806,204473.6,0.0,,,,0.0,0.0,0.0,0.0,0.0,0.0,0.0,0.0,0.0,0.0
own:15,4,2027-01,744.0,938201296339.7905,671485605194.8799,266715691144.9107,0.0,2912.5599999999995,2972.0,15,0.0,0.0,0.0,0.9687293061514642,204473.6,198079.56865429203,204473.6,0.0,,,,0.0,0.0,0.0,0.0,0.0,0.0,0.0,0.0,0.0,0.0
own:15,5,2027-02,672.0,851644660612.9583,606415667679.3599,245228992933.59842,0.0,2630.3199999999997,2684.0,15,0.0,0.0,0.0,0.9610656338259428,184659.19999999998,177469.61108979152,184659.19999999998,0.0,,,,0.0,0.0,0.0,0.0,0.0,0.0,0.0,0.0,0.0,0.0
own:15,6,2027-03,744.0,947606764335.5967,671485605194.8799,276121159140.71686,0.0,2912.5599999999995,2972.0,15,0.0,0.0,0.0,0.9534625892455922,204473.6,194957.92808836754,204473.6,0.0,,,,0.0,0.0,0.0,0.0,0.0,0.0,0.0,0.0,0.0,0.0
own:15,7,2027-04,720.0,921623998216.7175,921623998216.7175,0.0,3997.5319969324496,0.0,0.0,15,6802.46800306755,53580.2559754596,66975.3199693245,0.9459196927808919,13697.53199693245,12956.76525839478,0.0,0.0,,,,0.0,0.0,0.0,0.0,7000.0,0.0,6697.53199693245,0.0,0.0,0.0
own:15,8,2027-05,744.0,957106522148.061,957106522148.061,0.0,4151.436978814349,0.0,0.0,15,7008.563021185651,55531.49583051479,69414.3697881435,0.9384364685966974,13941.436978814349,13083.152885561947,0.0,0.0,,,,0.0,0.0,0.0,0.0,7000.0,0.0,6941.4369788143495,0.0,0.0,0.0
own:15,9,2027-06,720.0,930863278798.8401,930863278798.8401,0.0,4037.607255201697,0.0,0.0,15,6762.392744798302,53900.85804161358,67376.07255201698,0.9310124446222228,13737.6072552017,12789.883313925318,0.0,0.0,,,,0.0,0.0,0.0,0.0,7000.0,0.0,6737.6072552016985,0.0,0.0,0.0
own:15,10,2027-07,744.0,966701515032.5951,966701515032.5951,0.0,4193.055134526961,0.0,0.0,15,6966.944865473039,55864.44107621569,69830.55134526962,0.9236471525212612,13983.055134526963,12915.40905855363,0.0,0.0,,,,0.0,0.0,0.0,0.0,7000.0,0.0,6983.055134526962,0.0,0.0,0.0
own:15,11,2027-08,744.0,971535022607.758,971535022607.758,0.0,4214.020410199596,0.0,0.0,15,6945.979589800404,56032.16328159677,70040.20410199596,0.9163401276626397,14004.020410199595,12832.44585047251,0.0,0.0,,,,0.0,0.0,0.0,0.0,7000.0,0.0,7004.020410199596,0.0,0.0,0.0
own:15,12,2027-09,720.0,944896159084.6421,944896159084.6421,0.0,4098.474689274768,0.0,0.0,15,6701.525310725232,54387.797514198144,67984.74689274767,0.9090909090909091,13798.474689274768,12544.067899340698,0.0,0.0,,,,0.0,0.0,0.0,0.0,7000.0,0.0,6798.474689274768,0.0,0.0,0.0
own:15,13,2027-10,744.0,981274661209.4006,981274661209.4006,0.0,4256.265964811846,0.0,0.0,15,6903.734035188154,56370.12771849477,70462.65964811845,0.9018990394972645,14046.265964811846,12668.31378218692,0.0,0.0,,,,0.0,0.0,0.0,0.0,7000.0,0.0,7046.265964811846,0.0,0.0,0.0
own:15,14,2027-11,720.0,954368743079.4653,954368743079.4653,0.0,4139.561898034746,0.0,0.0,15,6660.438101965254,54716.49518427797,68395.61898034747,0.894764065190697,13839.561898034746,12383.142664343848,0.0,0.0,,,,0.0,0.0,0.0,0.0,7000.0,0.0,6839.561898034747,0.0,0.0,0.0
own:15,15,2027-12,744.0,991111939688.0247,991111939688.0247,0.0,4298.935031109084,0.0,0.0,15,6861.064968890916,56711.48024887267,70889.35031109084,0.8876855360693732,14088.935031109084,12506.543845736638,0.0,0.0,,,,0.0,0.0,0.0,0.0,7000.0,0.0,7088.935031109084,0.0,0.0,0.0
own:15,16,2028-01,744.0,996067499386.4646,996067499386.4646,0.0,4320.429706264628,0.0,0.0,15,6839.570293735372,56883.437650117026,71104.29706264628,0.8806630055922402,14110.42970626463,12426.53343531704,0.0,0.0,,,,0.0,0.0,0.0,0.0,7000.0,0.0,7110.429706264628,0.0,0.0,0.0
own:15,17,2028-02,696.0,936464105471.565,936464105471.565,0.0,4061.9007673897618,0.0,0.0,15,6378.099232610239,53375.20613911809,66719.0076738976,0.873696030750857,13671.900767389761,11945.08543328803,0.0,0.0,,,,0.0,0.0,0.0,0.0,7000.0,0.0,6671.900767389761,0.0,0.0,0.0
own:15,18,2028-03,744.0,1006053076067.8136,1006053076067.8136,0.0,4363.74201406993,0.0,0.0,15,6796.25798593007,57229.93611255944,71537.4201406993,0.8667841720414474,14153.742014069929,12268.239552953852,0.0,0.0,,,,0.0,0.0,0.0,0.0,7000.0,0.0,7153.74201406993,0.0,0.0,0.0
own:15,19,2028-04,720.0,978467749788.5349,978467749788.5349,0.0,4244.091023361561,0.0,0.0,15,6555.908976638439,55552.72818689249,69440.9102336156,0.8599269934371745,13944.091023361561,11990.900269933602,0.0,0.0,,,,0.0,0.0,0.0,0.0,7000.0,0.0,6944.091023361561,0.0,0.0,0.0
own:15,20,2028-05,744.0,1016138758155.3933,1016138758155.3933,0.0,4407.488527760981,0.0,0.0,15,6752.511472239019,57579.90822208785,71974.8852776098,0.8531240623606339,14197.488527760981,12112.219088121943,0.0,0.0,,,,0.0,0.0,0.0,0.0,7000.0,0.0,7197.488527760981,0.0,0.0,0.0
own:15,21,2028-06,720.0,988276888980.1646,988276888980.1646,0.0,4286.638035870759,0.0,0.0,15,6513.361964129241,55893.104286966074,69866.3803587076,0.8463749496565661,13986.638035870761,11837.940063474729,0.0,0.0,,,,0.0,0.0,0.0,0.0,7000.0,0.0,6986.63803587076,0.0,0.0,0.0
own:15,22,2028-07,744.0,1026325549205.9009,1026325549205.9009,0.0,4451.673600251784,0.0,0.0,15,6708.326399748216,57933.38880201427,72416.73600251784,0.8396792295647828,14241.673600251783,11958.437516372524,0.0,0.0,,,,0.0,0.0,0.0,0.0,7000.0,0.0,7241.673600251784,0.0,0.0,0.0
own:15,23,2028-08,744.0,1031457176951.9302,1031457176951.9302,0.0,4473.931968253041,0.0,0.0,15,6686.068031746959,58111.45574602433,72639.31968253042,0.8330364796933087,14263.931968253042,11882.375673418363,0.0,0.0,,,,0.0,0.0,0.0,0.0,7000.0,0.0,7263.931968253042,0.0,0.0,0.0
own:15,24,2028-09,720.0,1003175286616.1516,1003175286616.1516,0.0,4351.259640091264,0.0,0.0,15,6448.740359908736,56410.077120730115,70512.59640091265,0.8264462809917354,14051.259640091266,11612.611272802698,0.0,0.0,,,,0.0,0.0,0.0,0.0,7000.0,0.0,7051.259640091265,0.0,0.0,0.0
own:15,25,2028-10,744.0,1041797535150.8733,1041797535150.8733,0.0,4518.783136234778,0.0,0.0,15,6641.216863765222,58470.26508987822,73087.83136234777,0.8199082177247857,14308.783136234779,11731.888879040727,0.0,0.0,,,,0.0,0.0,0.0,0.0,7000.0,0.0,7308.783136234778,0.0,0.0,0.0
own:15,26,2028-11,720.0,1013232118864.478,1013232118864.478,0.0,4394.881017983178,0.0,0.0,15,6405.118982016822,56759.048143865424,70948.81017983178,0.8134218774460882,14094.881017983178,11465.084580027107,0.0,0.0,,,,0.0,0.0,0.0,0.0,7000.0,0.0,7094.881017983178,0.0,0.0,0.0
own:15,27,2028-12,744.0,1052241555440.7605,1052241555440.7605,0.0,4564.08393717553,0.0,0.0,15,6595.91606282447,58832.67149740424,73540.8393717553,0.8069868509721573,14354.08393717553,11583.556995051305,0.0,0.0,,,,0.0,0.0,0.0,0.0,7000.0,0.0,7354.08393717553,0.0,0.0,0.0
own:15,28,2029-01,744.0,1057502763217.9641,1057502763217.9641,0.0,4586.904356861408,0.0,0.0,15,6573.095643138592,59015.23485489126,73769.04356861408,0.8006027323565819,14376.904356861409,11510.18891093249,0.0,0.0,,,,0.0,0.0,0.0,0.0,7000.0,0.0,7376.904356861409,0.0,0.0,0.0
own:15,29,2029-02,672.0,959939605063.0164,959939605063.0164,0.0,4163.725438776774,0.0,0.0,15,5916.274561223226,53469.803510214195,66837.25438776774,0.7942691188644154,13683.725438776775,10868.560547039815,0.0,0.0,,,,0.0,0.0,0.0,0.0,7000.0,0.0,6683.725438776774,0.0,0.0,0.0
own:15,30,2029-03,744.0,1068104228419.2241,1068104228419.2241,0.0,4632.888073038943,0.0,0.0,15,6527.111926961057,59383.10458431154,74228.88073038943,0.7879856109467703,14422.888073038943,11365.028269850478,0.0,0.0,,,,0.0,0.0,0.0,0.0,7000.0,0.0,7422.888073038943,0.0,0.0,0.0
own:15,31,2029-04,720.0,1038817499575.4711,1038817499575.4711,0.0,4505.857271036261,0.0,0.0,15,6294.142728963739,57646.85816829009,72058.57271036261,0.7817518122156131,14205.85727103626,11105.45466570894,0.0,0.0,,,,0.0,0.0,0.0,0.0,7000.0,0.0,7205.857271036261,0.0,0.0,0.0
own:15,32,2029-05,744.0,1078811973309.1265,1078811973309.1265,0.0,4679.332775971157,0.0,0.0,15,6480.667224028843,59754.66220776926,74693.32775971157,0.7755673294187581,14469.332775971157,11221.941779531255,0.0,0.0,,,,0.0,0.0,0.0,0.0,7000.0,0.0,7469.332775971157,0.0,0.0,0.0
own:15,33,2029-06,720.0,1049231645008.715,1049231645008.715,0.0,4551.028490178399,0.0,0.0,15,6248.971509821601,58008.22792142719,72510.28490178399,0.76943177241506,14251.0284901784,10965.194109935483,0.0,0.0,,,,0.0,0.0,0.0,0.0,7000.0,0.0,7251.0284901784,0.0,0.0,0.0
own:15,34,2029-07,744.0,1089627063341.5503,1089627063341.5503,0.0,4726.243087050267,0.0,0.0,15,6433.756912949733,60129.94469640213,75162.43087050266,0.7633447541498025,14516.243087050267,11080.898010463156,0.0,0.0,,,,0.0,0.0,0.0,0.0,7000.0,0.0,7516.243087050267,0.0,0.0,0.0
own:15,35,2029-08,744.0,1095075198658.2579,1095075198658.2579,0.0,4749.874302485518,0.0,0.0,15,6410.125697514482,60318.99441988414,75398.74302485518,0.7573058906302806,14539.874302485518,11011.132458296126,0.0,0.0,,,,0.0,0.0,0.0,0.0,7000.0,0.0,7539.8743024855185,0.0,0.0,0.0
own:15,36,2029-09,720.0,1065048943211.1765,1065048943211.1765,0.0,4619.635813546398,0.0,0.0,15,6180.364186453602,58557.08650837118,73196.35813546398,0.7513148009015775,14319.635813546398,10758.554330237712,0.0,0.0,,,,0.0,0.0,0.0,0.0,7000.0,0.0,7319.635813546398,0.0,0.0,0.0
own:16,0,time_zero,0.0,0.0,0.0,0.0,0.0,0.0,0.0,16,0.0,0.0,0.0,1.0,6450000.0,6450000.0,0.0,0.0,,,,6400000.0,50000.0,0.0,0.0,0.0,0.0,0.0,0.0,0.0,0.0
own:16,1,2026-10,744.0,924267843072.0002,671485605194.8799,252782237877.1203,0.0,2912.5599999999995,2972.0,16,0.0,0.0,0.0,0.992088943446991,204473.6,202855.99778680265,204473.6,0.0,,,,0.0,0.0,0.0,0.0,0.0,0.0,0.0,0.0,0.0,0.0
own:16,2,2026-11,720.0,898925015116.8,650699375155.2,248225639961.60022,0.0,2822.4,2880.0,16,0.0,0.0,0.0,0.9842404717097668,198144.0,195021.34402646002,198144.0,0.0,,,,0.0,0.0,0.0,0.0,0.0,0.0,0.0,0.0,0.0,0.0
own:16,3,2026-12,744.0,933533628198.7966,671485605194.8799,262048023003.9168,0.0,2912.5599999999995,2972.0,16,0.0,0.0,0.0,0.9764540896763105,204473.6,199659.08295083806,204473.6,0.0,,,,0.0,0.0,0.0,0.0,0.0,0.0,0.0,0.0,0.0,0.0
own:16,4,2027-01,744.0,938201296339.7905,671485605194.8799,266715691144.9107,0.0,2912.5599999999995,2972.0,16,0.0,0.0,0.0,0.9687293061514642,204473.6,198079.56865429203,204473.6,0.0,,,,0.0,0.0,0.0,0.0,0.0,0.0,0.0,0.0,0.0,0.0
own:16,5,2027-02,672.0,851644660612.9583,606415667679.3599,245228992933.59842,0.0,2630.3199999999997,2684.0,16,0.0,0.0,0.0,0.9610656338259428,184659.19999999998,177469.61108979152,184659.19999999998,0.0,,,,0.0,0.0,0.0,0.0,0.0,0.0,0.0,0.0,0.0,0.0
own:16,6,2027-03,744.0,947606764335.5967,671485605194.8799,276121159140.71686,0.0,2912.5599999999995,2972.0,16,0.0,0.0,0.0,0.9534625892455922,204473.6,194957.92808836754,204473.6,0.0,,,,0.0,0.0,0.0,0.0,0.0,0.0,0.0,0.0,0.0,0.0
own:16,7,2027-04,720.0,921623998216.7175,921623998216.7175,0.0,3997.5319969324496,0.0,0.0,16,7522.46800306755,55020.2559754596,68775.3199693245,0.9459196927808919,14210.865330265784,13442.337367355638,0.0,0.0,,,,0.0,0.0,0.0,0.0,7333.333333333333,0.0,6877.53199693245,0.0,0.0,0.0
own:16,8,2027-05,744.0,957106522148.061,957106522148.061,0.0,4151.436978814349,0.0,0.0,16,7752.563021185651,57019.49583051479,71274.3697881435,0.9384364685966974,14460.770312147682,13570.514224919832,0.0,0.0,,,,0.0,0.0,0.0,0.0,7333.333333333333,0.0,7127.4369788143495,0.0,0.0,0.0
own:16,9,2027-06,720.0,930863278798.8401,930863278798.8401,0.0,4037.607255201697,0.0,0.0,16,7482.392744798302,55340.85804161358,69176.07255201698,0.9310124446222228,14250.940588535032,13267.803035498058,0.0,0.0,,,,0.0,0.0,0.0,0.0,7333.333333333333,0.0,6917.6072552016985,0.0,0.0,0.0
own:16,10,2027-07,744.0,966701515032.5951,966701515032.5951,0.0,4193.055134526961,0.0,0.0,16,7710.944865473039,57352.44107621569,71690.55134526962,0.9236471525212612,14502.388467860295,13395.089813096338,0.0,0.0,,,,0.0,0.0,0.0,0.0,7333.333333333333,0.0,7169.055134526962,0.0,0.0,0.0
own:16,11,2027-08,744.0,971535022607.758,971535022607.758,0.0,4214.020410199596,0.0,0.0,16,7689.979589800404,57520.16328159677,71900.20410199596,0.9163401276626397,14523.353743532929,13308.33182343864,0.0,0.0,,,,0.0,0.0,0.0,0.0,7333.333333333333,0.0,7190.020410199596,0.0,0.0,0.0
own:16,12,2027-09,720.0,944896159084.6421,944896159084.6421,0.0,4098.474689274768,0.0,0.0,16,7421.525310725232,55827.797514198144,69784.74689274767,0.9090909090909091,14311.8080226081,13010.734566007362,0.0,0.0,,,,0.0,0.0,0.0,0.0,7333.333333333333,0.0,6978.474689274768,0.0,0.0,0.0
own:16,13,2027-10,744.0,981274661209.4006,981274661209.4006,0.0,4256.265964811846,0.0,0.0,16,7647.734035188154,57858.12771849477,72322.65964811845,0.9018990394972645,14565.599298145178,13136.700016699166,0.0,0.0,,,,0.0,0.0,0.0,0.0,7333.333333333333,0.0,7232.265964811846,0.0,0.0,0.0
own:16,14,2027-11,720.0,954368743079.4653,954368743079.4653,0.0,4139.561898034746,0.0,0.0,16,7380.438101965254,56156.49518427797,70195.61898034747,0.894764065190697,14352.89523136808,12842.454884475072,0.0,0.0,,,,0.0,0.0,0.0,0.0,7333.333333333333,0.0,7019.561898034747,0.0,0.0,0.0
own:16,15,2027-12,744.0,991111939688.0247,991111939688.0247,0.0,4298.935031109084,0.0,0.0,16,7605.064968890916,58199.48024887267,72749.35031109084,0.8876855360693732,14608.268364442418,12967.548534135332,0.0,0.0,,,,0.0,0.0,0.0,0.0,7333.333333333333,0.0,7274.935031109084,0.0,0.0,0.0
own:16,16,2028-01,744.0,996067499386.4646,996067499386.4646,0.0,4320.429706264628,0.0,0.0,16,7583.570293735372,58371.437650117026,72964.29706264628,0.8806630055922402,14629.763039597961,12883.891089554609,0.0,0.0,,,,0.0,0.0,0.0,0.0,7333.333333333333,0.0,7296.429706264628,0.0,0.0,0.0
own:16,17,2028-02,696.0,936464105471.565,936464105471.565,0.0,4061.9007673897618,0.0,0.0,16,7074.099232610239,54767.20613911809,68459.0076738976,0.873696030750857,14179.234100723093,12388.340552888963,0.0,0.0,,,,0.0,0.0,0.0,0.0,7333.333333333333,0.0,6845.900767389761,0.0,0.0,0.0
own:16,18,2028-03,744.0,1006053076067.8136,1006053076067.8136,0.0,4363.74201406993,0.0,0.0,16,7540.25798593007,58717.93611255944,73397.4201406993,0.8667841720414474,14673.075347403263,12718.38946630071,0.0,0.0,,,,0.0,0.0,0.0,0.0,7333.333333333333,0.0,7339.74201406993,0.0,0.0,0.0
own:16,19,2028-04,720.0,978467749788.5349,978467749788.5349,0.0,4244.091023361561,0.0,0.0,16,7275.908976638439,56992.72818689249,71240.9102336156,0.8599269934371745,14457.424356694894,12432.329459898016,0.0,0.0,,,,0.0,0.0,0.0,0.0,7333.333333333333,0.0,7124.091023361561,0.0,0.0,0.0
own:16,20,2028-05,744.0,1016138758155.3933,1016138758155.3933,0.0,4407.488527760981,0.0,0.0,16,7496.511472239019,59067.90822208785,73834.8852776098,0.8531240623606339,14716.821861094315,12555.274851174567,0.0,0.0,,,,0.0,0.0,0.0,0.0,7333.333333333333,0.0,7383.488527760981,0.0,0.0,0.0
own:16,21,2028-06,720.0,988276888980.1646,988276888980.1646,0.0,4286.638035870759,0.0,0.0,16,7233.361964129241,57333.104286966074,71666.3803587076,0.8463749496565661,14499.971369204093,12272.412537631764,0.0,0.0,,,,0.0,0.0,0.0,0.0,7333.333333333333,0.0,7166.63803587076,0.0,0.0,0.0
own:16,22,2028-07,744.0,1026325549205.9009,1026325549205.9009,0.0,4451.673600251784,0.0,0.0,16,7452.326399748216,59421.38880201427,74276.73600251784,0.8396792295647828,14761.006933585117,12394.510929593167,0.0,0.0,,,,0.0,0.0,0.0,0.0,7333.333333333333,0.0,7427.673600251784,0.0,0.0,0.0
own:16,23,2028-08,744.0,1031457176951.9302,1031457176951.9302,0.0,4473.931968253041,0.0,0.0,16,7430.068031746959,59599.45574602433,74499.31968253042,0.8330364796933087,14783.265301586376,12314.999285205755,0.0,0.0,,,,0.0,0.0,0.0,0.0,7333.333333333333,0.0,7449.931968253042,0.0,0.0,0.0
own:16,24,2028-09,720.0,1003175286616.1516,1003175286616.1516,0.0,4351.259640091264,0.0,0.0,16,7168.740359908736,57850.077120730115,72312.59640091265,0.8264462809917354,14564.592973424598,12036.85369704512,0.0,0.0,,,,0.0,0.0,0.0,0.0,7333.333333333333,0.0,7231.259640091265,0.0,0.0,0.0
own:16,25,2028-10,744.0,1041797535150.8733,1041797535150.8733,0.0,4518.783136234778,0.0,0.0,16,7385.216863765222,59958.26508987822,74947.83136234777,0.8199082177247857,14828.116469568111,12157.694546779132,0.0,0.0,,,,0.0,0.0,0.0,0.0,7333.333333333333,0.0,7494.783136234778,0.0,0.0,0.0
own:16,26,2028-11,720.0,1013232118864.478,1013232118864.478,0.0,4394.881017983178,0.0,0.0,16,7125.118982016822,58199.048143865424,72748.81017983178,0.8134218774460882,14608.21435131651,11882.641143782765,0.0,0.0,,,,0.0,0.0,0.0,0.0,7333.333333333333,0.0,7274.881017983178,0.0,0.0,0.0
own:16,27,2028-12,744.0,1052241555440.7605,1052241555440.7605,0.0,4564.08393717553,0.0,0.0,16,7339.91606282447,60320.67149740424,75400.8393717553,0.8069868509721573,14873.417270508864,12002.652166322847,0.0,0.0,,,,0.0,0.0,0.0,0.0,7333.333333333333,0.0,7540.08393717553,0.0,0.0,0.0
own:16,28,2029-01,744.0,1057502763217.9641,1057502763217.9641,0.0,4586.904356861408,0.0,0.0,16,7317.095643138592,60503.23485489126,75629.04356861408,0.8006027323565819,14896.237690194743,11925.968596603008,0.0,0.0,,,,0.0,0.0,0.0,0.0,7333.333333333333,0.0,7562.904356861409,0.0,0.0,0.0
own:16,29,2029-02,672.0,959939605063.0164,959939605063.0164,0.0,4163.725438776774,0.0,0.0,16,6588.274561223226,54813.803510214195,68517.25438776774,0.7942691188644154,14185.058772110107,11266.754131963842,0.0,0.0,,,,0.0,0.0,0.0,0.0,7333.333333333333,0.0,6851.725438776774,0.0,0.0,0.0
own:16,30,2029-03,744.0,1068104228419.2241,1068104228419.2241,0.0,4632.888073038943,0.0,0.0,16,7271.111926961057,60871.10458431154,76088.88073038943,0.7879856109467703,14942.221406372275,11774.255463802167,0.0,0.0,,,,0.0,0.0,0.0,0.0,7333.333333333333,0.0,7608.888073038943,0.0,0.0,0.0
own:16,31,2029-04,720.0,1038817499575.4711,1038817499575.4711,0.0,4505.857271036261,0.0,0.0,16,7014.142728963739,59086.85816829009,73858.57271036261,0.7817518122156131,14719.190604369594,11506.753929312956,0.0,0.0,,,,0.0,0.0,0.0,0.0,7333.333333333333,0.0,7385.857271036261,0.0,0.0,0.0
own:16,32,2029-05,744.0,1078811973309.1265,1078811973309.1265,0.0,4679.332775971157,0.0,0.0,16,7224.667224028843,61242.66220776926,76553.32775971157,0.7755673294187581,14988.66610930449,11624.71974594273,0.0,0.0,,,,0.0,0.0,0.0,0.0,7333.333333333333,0.0,7655.332775971157,0.0,0.0,0.0
own:16,33,2029-06,720.0,1049231645008.715,1049231645008.715,0.0,4551.028490178399,0.0,0.0,16,6968.971509821601,59448.22792142719,74310.28490178399,0.76943177241506,14764.361823511732,11360.16908644188,0.0,0.0,,,,0.0,0.0,0.0,0.0,7333.333333333333,0.0,7431.0284901784,0.0,0.0,0.0
own:16,34,2029-07,744.0,1089627063341.5503,1089627063341.5503,0.0,4726.243087050267,0.0,0.0,16,7177.756912949733,61617.94469640213,77022.43087050266,0.7633447541498025,15035.5764203836,11477.328386118288,0.0,0.0,,,,0.0,0.0,0.0,0.0,7333.333333333333,0.0,7702.243087050267,0.0,0.0,0.0
own:16,35,2029-08,744.0,1095075198658.2579,1095075198658.2579,0.0,4749.874302485518,0.0,0.0,16,7154.125697514482,61806.99441988414,77258.74302485518,0.7573058906302806,15059.207635818851,11404.426650830119,0.0,0.0,,,,0.0,0.0,0.0,0.0,7333.333333333333,0.0,7725.8743024855185,0.0,0.0,0.0
own:16,36,2029-09,720.0,1065048943211.1765,1065048943211.1765,0.0,4619.635813546398,0.0,0.0,16,6900.364186453602,59997.08650837118,74996.35813546398,0.7513148009015775,14832.969146879732,11144.229261367189,0.0,0.0,,,,0.0,0.0,0.0,0.0,7333.333333333333,0.0,7499.635813546398,0.0,0.0,0.0
own:17,0,time_zero,0.0,0.0,0.0,0.0,0.0,0.0,0.0,17,0.0,0.0,0.0,1.0,6850000.0,6850000.0,0.0,0.0,,,,6800000.0,50000.0,0.0,0.0,0.0,0.0,0.0,0.0,0.0,0.0
own:17,1,2026-10,744.0,924267843072.0002,671485605194.8799,252782237877.1203,0.0,2912.5599999999995,2972.0,17,0.0,0.0,0.0,0.992088943446991,204473.6,202855.99778680265,204473.6,0.0,,,,0.0,0.0,0.0,0.0,0.0,0.0,0.0,0.0,0.0,0.0
own:17,2,2026-11,720.0,898925015116.8,650699375155.2,248225639961.60022,0.0,2822.4,2880.0,17,0.0,0.0,0.0,0.9842404717097668,198144.0,195021.34402646002,198144.0,0.0,,,,0.0,0.0,0.0,0.0,0.0,0.0,0.0,0.0,0.0,0.0
own:17,3,2026-12,744.0,933533628198.7966,671485605194.8799,262048023003.9168,0.0,2912.5599999999995,2972.0,17,0.0,0.0,0.0,0.9764540896763105,204473.6,199659.08295083806,204473.6,0.0,,,,0.0,0.0,0.0,0.0,0.0,0.0,0.0,0.0,0.0,0.0
own:17,4,2027-01,744.0,938201296339.7905,671485605194.8799,266715691144.9107,0.0,2912.5599999999995,2972.0,17,0.0,0.0,0.0,0.9687293061514642,204473.6,198079.56865429203,204473.6,0.0,,,,0.0,0.0,0.0,0.0,0.0,0.0,0.0,0.0,0.0,0.0
own:17,5,2027-02,672.0,851644660612.9583,606415667679.3599,245228992933.59842,0.0,2630.3199999999997,2684.0,17,0.0,0.0,0.0,0.9610656338259428,184659.19999999998,177469.61108979152,184659.19999999998,0.0,,,,0.0,0.0,0.0,0.0,0.0,0.0,0.0,0.0,0.0,0.0
own:17,6,2027-03,744.0,947606764335.5967,671485605194.8799,276121159140.71686,0.0,2912.5599999999995,2972.0,17,0.0,0.0,0.0,0.9534625892455922,204473.6,194957.92808836754,204473.6,0.0,,,,0.0,0.0,0.0,0.0,0.0,0.0,0.0,0.0,0.0,0.0
own:17,7,2027-04,720.0,921623998216.7175,921623998216.7175,0.0,3997.5319969324496,0.0,0.0,17,8242.46800306755,56460.2559754596,70575.3199693245,0.9459196927808919,14724.198663599116,13927.909476316496,0.0,0.0,,,,0.0,0.0,0.0,0.0,7666.666666666667,0.0,7057.53199693245,0.0,0.0,0.0
own:17,8,2027-05,744.0,957106522148.061,957106522148.061,0.0,4151.436978814349,0.0,0.0,17,8496.563021185651,58507.49583051479,73134.3697881435,0.9384364685966974,14980.103645481016,14057.875564277718,0.0,0.0,,,,0.0,0.0,0.0,0.0,7666.666666666667,0.0,7313.4369788143495,0.0,0.0,0.0
own:17,9,2027-06,720.0,930863278798.8401,930863278798.8401,0.0,4037.607255201697,0.0,0.0,17,8202.392744798302,56780.85804161358,70976.07255201698,0.9310124446222228,14764.273921868366,13745.7227570708,0.0,0.0,,,,0.0,0.0,0.0,0.0,7666.666666666667,0.0,7097.6072552016985,0.0,0.0,0.0
own:17,10,2027-07,744.0,966701515032.5951,966701515032.5951,0.0,4193.055134526961,0.0,0.0,17,8454.944865473039,58840.44107621569,73550.55134526962,0.9236471525212612,15021.72180119363,13874.770567639047,0.0,0.0,,,,0.0,0.0,0.0,0.0,7666.666666666667,0.0,7355.055134526962,0.0,0.0,0.0
own:17,11,2027-08,744.0,971535022607.758,971535022607.758,0.0,4214.020410199596,0.0,0.0,17,8433.979589800405,59008.16328159677,73760.20410199596,0.9163401276626397,15042.687076866263,13784.217796404771,0.0,0.0,,,,0.0,0.0,0.0,0.0,7666.666666666667,0.0,7376.020410199596,0.0,0.0,0.0
own:17,12,2027-09,720.0,944896159084.6421,944896159084.6421,0.0,4098.474689274768,0.0,0.0,17,8141.525310725232,57267.797514198144,71584.74689274767,0.9090909090909091,14825.141355941436,13477.401232674032,0.0,0.0,,,,0.0,0.0,0.0,0.0,7666.666666666667,0.0,7158.474689274768,0.0,0.0,0.0
own:17,13,2027-10,744.0,981274661209.4006,981274661209.4006,0.0,4256.265964811846,0.0,0.0,17,8391.734035188154,59346.12771849477,74182.65964811845,0.9018990394972645,15084.932631478514,13605.086251211414,0.0,0.0,,,,0.0,0.0,0.0,0.0,7666.666666666667,0.0,7418.265964811846,0.0,0.0,0.0
own:17,14,2027-11,720.0,954368743079.4653,954368743079.4653,0.0,4139.561898034746,0.0,0.0,17,8100.438101965254,57596.49518427797,71995.61898034747,0.894764065190697,14866.228564701414,13301.767104606297,0.0,0.0,,,,0.0,0.0,0.0,0.0,7666.666666666667,0.0,7199.561898034747,0.0,0.0,0.0
own:17,15,2027-12,744.0,991111939688.0247,991111939688.0247,0.0,4298.935031109084,0.0,0.0,17,8349.064968890916,59687.48024887267,74609.35031109084,0.8876855360693732,15127.60169777575,13428.553222534027,0.0,0.0,,,,0.0,0.0,0.0,0.0,7666.666666666667,0.0,7460.935031109084,0.0,0.0,0.0
own:17,16,2028-01,744.0,996067499386.4646,996067499386.4646,0.0,4320.429706264628,0.0,0.0,17,8327.57029373537,59859.437650117026,74824.29706264628,0.8806630055922402,15149.096372931295,13341.248743792179,0.0,0.0,,,,0.0,0.0,0.0,0.0,7666.666666666667,0.0,7482.429706264628,0.0,0.0,0.0
own:17,17,2028-02,696.0,936464105471.565,936464105471.565,0.0,4061.9007673897618,0.0,0.0,17,7770.099232610239,56159.20613911809,70199.0076738976,0.873696030750857,14686.56743405643,12831.5956724899,0.0,0.0,,,,0.0,0.0,0.0,0.0,7666.666666666667,0.0,7019.900767389761,0.0,0.0,0.0
own:17,18,2028-03,744.0,1006053076067.8136,1006053076067.8136,0.0,4363.74201406993,0.0,0.0,17,8284.257985930071,60205.93611255944,75257.4201406993,0.8667841720414474,15192.408680736597,13168.53937964757,0.0,0.0,,,,0.0,0.0,0.0,0.0,7666.666666666667,0.0,7525.74201406993,0.0,0.0,0.0
own:17,19,2028-04,720.0,978467749788.5349,978467749788.5349,0.0,4244.091023361561,0.0,0.0,17,7995.908976638439,58432.72818689249,73040.9102336156,0.8599269934371745,14970.75769002823,12873.758649862435,0.0,0.0,,,,0.0,0.0,0.0,0.0,7666.666666666667,0.0,7304.091023361561,0.0,0.0,0.0
own:17,20,2028-05,744.0,1016138758155.3933,1016138758155.3933,0.0,4407.488527760981,0.0,0.0,17,8240.511472239019,60555.90822208785,75694.8852776098,0.8531240623606339,15236.155194427647,12998.330614227189,0.0,0.0,,,,0.0,0.0,0.0,0.0,7666.666666666667,0.0,7569.488527760981,0.0,0.0,0.0
own:17,21,2028-06,720.0,988276888980.1646,988276888980.1646,0.0,4286.638035870759,0.0,0.0,17,7953.361964129241,58773.104286966074,73466.3803587076,0.8463749496565661,15013.304702537427,12706.885011788801,0.0,0.0,,,,0.0,0.0,0.0,0.0,7666.666666666667,0.0,7346.63803587076,0.0,0.0,0.0
own:17,22,2028-07,744.0,1026325549205.9009,1026325549205.9009,0.0,4451.673600251784,0.0,0.0,17,8196.326399748217,60909.38880201427,76136.73600251784,0.8396792295647828,15280.34026691845,12830.584342813812,0.0,0.0,,,,0.0,0.0,0.0,0.0,7666.666666666667,0.0,7613.673600251784,0.0,0.0,0.0
own:17,23,2028-08,744.0,1031457176951.9302,1031457176951.9302,0.0,4473.931968253041,0.0,0.0,17,8174.068031746959,61087.45574602433,76359.31968253042,0.8330364796933087,15302.598634919708,12747.622896993145,0.0,0.0,,,,0.0,0.0,0.0,0.0,7666.666666666667,0.0,7635.931968253042,0.0,0.0,0.0
own:17,24,2028-09,720.0,1003175286616.1516,1003175286616.1516,0.0,4351.259640091264,0.0,0.0,17,7888.740359908736,59290.077120730115,74112.59640091265,0.8264462809917354,15077.926306757932,12461.096121287546,0.0,0.0,,,,0.0,0.0,0.0,0.0,7666.666666666667,0.0,7411.259640091265,0.0,0.0,0.0
own:17,25,2028-10,744.0,1041797535150.8733,1041797535150.8733,0.0,4518.783136234778,0.0,0.0,17,8129.216863765222,61446.26508987822,76807.83136234777,0.8199082177247857,15347.449802901445,12583.500214517537,0.0,0.0,,,,0.0,0.0,0.0,0.0,7666.666666666667,0.0,7680.783136234778,0.0,0.0,0.0
own:17,26,2028-11,720.0,1013232118864.478,1013232118864.478,0.0,4394.881017983178,0.0,0.0,17,7845.118982016822,59639.048143865424,74548.81017983178,0.8134218774460882,15121.547684649846,12300.197707538426,0.0,0.0,,,,0.0,0.0,0.0,0.0,7666.666666666667,0.0,7454.881017983178,0.0,0.0,0.0
own:17,27,2028-12,744.0,1052241555440.7605,1052241555440.7605,0.0,4564.08393717553,0.0,0.0,17,8083.91606282447,61808.67149740424,77260.8393717553,0.8069868509721573,15392.750603842196,12421.747337594386,0.0,0.0,,,,0.0,0.0,0.0,0.0,7666.666666666667,0.0,7726.08393717553,0.0,0.0,0.0
own:17,28,2029-01,744.0,1057502763217.9641,1057502763217.9641,0.0,4586.904356861408,0.0,0.0,17,8061.095643138592,61991.23485489126,77489.04356861408,0.8006027323565819,15415.571023528075,12341.748282273526,0.0,0.0,,,,0.0,0.0,0.0,0.0,7666.666666666667,0.0,7748.904356861409,0.0,0.0,0.0
own:17,29,2029-02,672.0,959939605063.0164,959939605063.0164,0.0,4163.725438776774,0.0,0.0,17,7260.274561223226,56157.803510214195,70197.25438776774,0.7942691188644154,14686.392105443441,11664.94771688787,0.0,0.0,,,,0.0,0.0,0.0,0.0,7666.666666666667,0.0,7019.725438776774,0.0,0.0,0.0
own:17,30,2029-03,744.0,1068104228419.2241,1068104228419.2241,0.0,4632.888073038943,0.0,0.0,17,8015.111926961057,62359.10458431154,77948.88073038943,0.7879856109467703,15461.55473970561,12183.482657753859,0.0,0.0,,,,0.0,0.0,0.0,0.0,7666.666666666667,0.0,7794.888073038943,0.0,0.0,0.0
own:17,31,2029-04,720.0,1038817499575.4711,1038817499575.4711,0.0,4505.857271036261,0.0,0.0,17,7734.142728963739,60526.85816829009,75658.57271036261,0.7817518122156131,15232.523937702928,11908.05319291697,0.0,0.0,,,,0.0,0.0,0.0,0.0,7666.666666666667,0.0,7565.857271036261,0.0,0.0,0.0
own:17,32,2029-05,744.0,1078811973309.1265,1078811973309.1265,0.0,4679.332775971157,0.0,0.0,17,7968.667224028843,62730.66220776926,78413.32775971157,0.7755673294187581,15507.999442637825,12027.497712354207,0.0,0.0,,,,0.0,0.0,0.0,0.0,7666.666666666667,0.0,7841.332775971157,0.0,0.0,0.0
own:17,33,2029-06,720.0,1049231645008.715,1049231645008.715,0.0,4551.028490178399,0.0,0.0,17,7688.971509821601,60888.22792142719,76110.28490178399,0.76943177241506,15277.695156845068,11755.144062948279,0.0,0.0,,,,0.0,0.0,0.0,0.0,7666.666666666667,0.0,7611.0284901784,0.0,0.0,0.0
own:17,34,2029-07,744.0,1089627063341.5503,1089627063341.5503,0.0,4726.243087050267,0.0,0.0,17,7921.756912949733,63105.94469640213,78882.43087050266,0.7633447541498025,15554.909753716933,11873.758761773417,0.0,0.0,,,,0.0,0.0,0.0,0.0,7666.666666666667,0.0,7888.243087050267,0.0,0.0,0.0
own:17,35,2029-08,744.0,1095075198658.2579,1095075198658.2579,0.0,4749.874302485518,0.0,0.0,17,7898.125697514482,63294.99441988414,79118.74302485518,0.7573058906302806,15578.540969152185,11797.720843364112,0.0,0.0,,,,0.0,0.0,0.0,0.0,7666.666666666667,0.0,7911.8743024855185,0.0,0.0,0.0
own:17,36,2029-09,720.0,1065048943211.1765,1065048943211.1765,0.0,4619.635813546398,0.0,0.0,17,7620.364186453602,61437.08650837118,76796.35813546398,0.7513148009015775,15346.302480213064,11529.904192496664,0.0,0.0,,,,0.0,0.0,0.0,0.0,7666.666666666667,0.0,7679.635813546398,0.0,0.0,0.0
own:18,0,time_zero,0.0,0.0,0.0,0.0,0.0,0.0,0.0,18,0.0,0.0,0.0,1.0,7250000.0,7250000.0,0.0,0.0,,,,7200000.0,50000.0,0.0,0.0,0.0,0.0,0.0,0.0,0.0,0.0
own:18,1,2026-10,744.0,924267843072.0002,671485605194.8799,252782237877.1203,0.0,2912.5599999999995,2972.0,18,0.0,0.0,0.0,0.992088943446991,204473.6,202855.99778680265,204473.6,0.0,,,,0.0,0.0,0.0,0.0,0.0,0.0,0.0,0.0,0.0,0.0
own:18,2,2026-11,720.0,898925015116.8,650699375155.2,248225639961.60022,0.0,2822.4,2880.0,18,0.0,0.0,0.0,0.9842404717097668,198144.0,195021.34402646002,198144.0,0.0,,,,0.0,0.0,0.0,0.0,0.0,0.0,0.0,0.0,0.0,0.0
own:18,3,2026-12,744.0,933533628198.7966,671485605194.8799,262048023003.9168,0.0,2912.5599999999995,2972.0,18,0.0,0.0,0.0,0.9764540896763105,204473.6,199659.08295083806,204473.6,0.0,,,,0.0,0.0,0.0,0.0,0.0,0.0,0.0,0.0,0.0,0.0
own:18,4,2027-01,744.0,938201296339.7905,671485605194.8799,266715691144.9107,0.0,2912.5599999999995,2972.0,18,0.0,0.0,0.0,0.9687293061514642,204473.6,198079.56865429203,204473.6,0.0,,,,0.0,0.0,0.0,0.0,0.0,0.0,0.0,0.0,0.0,0.0
own:18,5,2027-02,672.0,851644660612.9583,606415667679.3599,245228992933.59842,0.0,2630.3199999999997,2684.0,18,0.0,0.0,0.0,0.9610656338259428,184659.19999999998,177469.61108979152,184659.19999999998,0.0,,,,0.0,0.0,0.0,0.0,0.0,0.0,0.0,0.0,0.0,0.0
own:18,6,2027-03,744.0,947606764335.5967,671485605194.8799,276121159140.71686,0.0,2912.5599999999995,2972.0,18,0.0,0.0,0.0,0.9534625892455922,204473.6,194957.92808836754,204473.6,0.0,,,,0.0,0.0,0.0,0.0,0.0,0.0,0.0,0.0,0.0,0.0
own:18,7,2027-04,720.0,921623998216.7175,921623998216.7175,0.0,3997.5319969324496,0.0,0.0,18,8962.46800306755,57900.2559754596,72375.3199693245,0.9459196927808919,15237.53199693245,14413.481585277354,0.0,0.0,,,,0.0,0.0,0.0,0.0,8000.0,0.0,7237.53199693245,0.0,0.0,0.0
own:18,8,2027-05,744.0,957106522148.061,957106522148.061,0.0,4151.436978814349,0.0,0.0,18,9240.563021185651,59995.49583051479,74994.3697881435,0.9384364685966974,15499.436978814349,14545.236903635601,0.0,0.0,,,,0.0,0.0,0.0,0.0,8000.0,0.0,7499.4369788143495,0.0,0.0,0.0
own:18,9,2027-06,720.0,930863278798.8401,930863278798.8401,0.0,4037.607255201697,0.0,0.0,18,8922.392744798302,58220.85804161358,72776.07255201698,0.9310124446222228,15277.6072552017,14223.642478643542,0.0,0.0,,,,0.0,0.0,0.0,0.0,8000.0,0.0,7277.6072552016985,0.0,0.0,0.0
own:18,10,2027-07,744.0,966701515032.5951,966701515032.5951,0.0,4193.055134526961,0.0,0.0,18,9198.944865473039,60328.44107621569,75410.55134526962,0.9236471525212612,15541.055134526963,14354.451322181754,0.0,0.0,,,,0.0,0.0,0.0,0.0,8000.0,0.0,7541.055134526962,0.0,0.0,0.0
own:18,11,2027-08,744.0,971535022607.758,971535022607.758,0.0,4214.020410199596,0.0,0.0,18,9177.979589800405,60496.16328159677,75620.20410199596,0.9163401276626397,15562.020410199595,14260.103769370902,0.0,0.0,,,,0.0,0.0,0.0,0.0,8000.0,0.0,7562.020410199596,0.0,0.0,0.0
own:18,12,2027-09,720.0,944896159084.6421,944896159084.6421,0.0,4098.474689274768,0.0,0.0,18,8861.525310725232,58707.797514198144,73384.74689274767,0.9090909090909091,15338.474689274768,13944.067899340698,0.0,0.0,,,,0.0,0.0,0.0,0.0,8000.0,0.0,7338.474689274768,0.0,0.0,0.0
own:18,13,2027-10,744.0,981274661209.4006,981274661209.4006,0.0,4256.265964811846,0.0,0.0,18,9135.734035188154,60834.12771849477,76042.65964811845,0.9018990394972645,15604.265964811846,14073.472485723658,0.0,0.0,,,,0.0,0.0,0.0,0.0,8000.0,0.0,7604.265964811846,0.0,0.0,0.0
own:18,14,2027-11,720.0,954368743079.4653,954368743079.4653,0.0,4139.561898034746,0.0,0.0,18,8820.438101965254,59036.49518427797,73795.61898034747,0.894764065190697,15379.561898034746,13761.07932473752,0.0,0.0,,,,0.0,0.0,0.0,0.0,8000.0,0.0,7379.561898034747,0.0,0.0,0.0
own:18,15,2027-12,744.0,991111939688.0247,991111939688.0247,0.0,4298.935031109084,0.0,0.0,18,9093.064968890916,61175.48024887267,76469.35031109084,0.8876855360693732,15646.935031109084,13889.557910932721,0.0,0.0,,,,0.0,0.0,0.0,0.0,8000.0,0.0,7646.935031109084,0.0,0.0,0.0
own:18,16,2028-01,744.0,996067499386.4646,996067499386.4646,0.0,4320.429706264628,0.0,0.0,18,9071.57029373537,61347.437650117026,76684.29706264628,0.8806630055922402,15668.42970626463,13798.60639802975,0.0,0.0,,,,0.0,0.0,0.0,0.0,8000.0,0.0,7668.429706264628,0.0,0.0,0.0
own:18,17,2028-02,696.0,936464105471.565,936464105471.565,0.0,4061.9007673897618,0.0,0.0,18,8466.099232610239,57551.20613911809,71939.0076738976,0.873696030750857,15193.900767389761,13274.850792090834,0.0,0.0,,,,0.0,0.0,0.0,0.0,8000.0,0.0,7193.900767389761,0.0,0.0,0.0
own:18,18,2028-03,744.0,1006053076067.8136,1006053076067.8136,0.0,4363.74201406993,0.0,0.0,18,9028.257985930071,61693.93611255944,77117.4201406993,0.8667841720414474,15711.742014069929,13618.689292994426,0.0,0.0,,,,0.0,0.0,0.0,0.0,8000.0,0.0,7711.74201406993,0.0,0.0,0.0
own:18,19,2028-04,720.0,978467749788.5349,978467749788.5349,0.0,4244.091023361561,0.0,0.0,18,8715.908976638439,59872.72818689249,74840.9102336156,0.8599269934371745,15484.091023361561,13315.187839826849,0.0,0.0,,,,0.0,0.0,0.0,0.0,8000.0,0.0,7484.091023361561,0.0,0.0,0.0
own:18,20,2028-05,744.0,1016138758155.3933,1016138758155.3933,0.0,4407.488527760981,0.0,0.0,18,8984.511472239019,62043.90822208785,77554.8852776098,0.8531240623606339,15755.488527760981,13441.38637727981,0.0,0.0,,,,0.0,0.0,0.0,0.0,8000.0,0.0,7755.488527760981,0.0,0.0,0.0
own:18,21,2028-06,720.0,988276888980.1646,988276888980.1646,0.0,4286.638035870759,0.0,0.0,18,8673.36196412924,60213.104286966074,75266.3803587076,0.8463749496565661,15526.638035870761,13141.35748594584,0.0,0.0,,,,0.0,0.0,0.0,0.0,8000.0,0.0,7526.63803587076,0.0,0.0,0.0
own:18,22,2028-07,744.0,1026325549205.9009,1026325549205.9009,0.0,4451.673600251784,0.0,0.0,18,8940.326399748217,62397.38880201427,77996.73600251784,0.8396792295647828,15799.673600251783,13266.657756034456,0.0,0.0,,,,0.0,0.0,0.0,0.0,8000.0,0.0,7799.673600251784,0.0,0.0,0.0
own:18,23,2028-08,744.0,1031457176951.9302,1031457176951.9302,0.0,4473.931968253041,0.0,0.0,18,8918.06803174696,62575.45574602433,78219.31968253042,0.8330364796933087,15821.931968253042,13180.246508780538,0.0,0.0,,,,0.0,0.0,0.0,0.0,8000.0,0.0,7821.931968253042,0.0,0.0,0.0
own:18,24,2028-09,720.0,1003175286616.1516,1003175286616.1516,0.0,4351.259640091264,0.0,0.0,18,8608.740359908736,60730.077120730115,75912.59640091265,0.8264462809917354,15591.259640091266,12885.33854552997,0.0,0.0,,,,0.0,0.0,0.0,0.0,8000.0,0.0,7591.259640091265,0.0,0.0,0.0
own:18,25,2028-10,744.0,1041797535150.8733,1041797535150.8733,0.0,4518.783136234778,0.0,0.0,18,8873.216863765221,62934.26508987822,78667.83136234777,0.8199082177247857,15866.783136234779,13009.305882255943,0.0,0.0,,,,0.0,0.0,0.0,0.0,8000.0,0.0,7866.783136234778,0.0,0.0,0.0
own:18,26,2028-11,720.0,1013232118864.478,1013232118864.478,0.0,4394.881017983178,0.0,0.0,18,8565.118982016822,61079.048143865424,76348.81017983178,0.8134218774460882,15634.881017983178,12717.754271294083,0.0,0.0,,,,0.0,0.0,0.0,0.0,8000.0,0.0,7634.881017983178,0.0,0.0,0.0
own:18,27,2028-12,744.0,1052241555440.7605,1052241555440.7605,0.0,4564.08393717553,0.0,0.0,18,8827.91606282447,63296.67149740424,79120.8393717553,0.8069868509721573,15912.08393717553,12840.842508865928,0.0,0.0,,,,0.0,0.0,0.0,0.0,8000.0,0.0,7912.08393717553,0.0,0.0,0.0
own:18,28,2029-01,744.0,1057502763217.9641,1057502763217.9641,0.0,4586.904356861408,0.0,0.0,18,8805.095643138593,63479.23485489126,79349.04356861408,0.8006027323565819,15934.904356861409,12757.527967944045,0.0,0.0,,,,0.0,0.0,0.0,0.0,8000.0,0.0,7934.904356861409,0.0,0.0,0.0
own:18,29,2029-02,672.0,959939605063.0164,959939605063.0164,0.0,4163.725438776774,0.0,0.0,18,7932.274561223226,57501.803510214195,71877.25438776774,0.7942691188644154,15187.725438776775,12063.141301811896,0.0,0.0,,,,0.0,0.0,0.0,0.0,8000.0,0.0,7187.725438776774,0.0,0.0,0.0
own:18,30,2029-03,744.0,1068104228419.2241,1068104228419.2241,0.0,4632.888073038943,0.0,0.0,18,8759.111926961057,63847.10458431154,79808.88073038943,0.7879856109467703,15980.888073038943,12592.709851705547,0.0,0.0,,,,0.0,0.0,0.0,0.0,8000.0,0.0,7980.888073038943,0.0,0.0,0.0
own:18,31,2029-04,720.0,1038817499575.4711,1038817499575.4711,0.0,4505.857271036261,0.0,0.0,18,8454.14272896374,61966.85816829009,77458.57271036261,0.7817518122156131,15745.85727103626,12309.352456520985,0.0,0.0,,,,0.0,0.0,0.0,0.0,8000.0,0.0,7745.857271036261,0.0,0.0,0.0
own:18,32,2029-05,744.0,1078811973309.1265,1078811973309.1265,0.0,4679.332775971157,0.0,0.0,18,8712.667224028843,64218.66220776926,80273.32775971157,0.7755673294187581,16027.332775971157,12430.27567876568,0.0,0.0,,,,0.0,0.0,0.0,0.0,8000.0,0.0,8027.332775971157,0.0,0.0,0.0
own:18,33,2029-06,720.0,1049231645008.715,1049231645008.715,0.0,4551.028490178399,0.0,0.0,18,8408.9715098216,62328.22792142719,77910.28490178399,0.76943177241506,15791.0284901784,12150.119039454676,0.0,0.0,,,,0.0,0.0,0.0,0.0,8000.0,0.0,7791.0284901784,0.0,0.0,0.0
own:18,34,2029-07,744.0,1089627063341.5503,1089627063341.5503,0.0,4726.243087050267,0.0,0.0,18,8665.756912949733,64593.94469640213,80742.43087050266,0.7633447541498025,16074.243087050267,12270.189137428548,0.0,0.0,,,,0.0,0.0,0.0,0.0,8000.0,0.0,8074.243087050267,0.0,0.0,0.0
own:18,35,2029-08,744.0,1095075198658.2579,1095075198658.2579,0.0,4749.874302485518,0.0,0.0,18,8642.125697514482,64782.99441988414,80978.74302485518,0.7573058906302806,16097.874302485518,12191.015035898103,0.0,0.0,,,,0.0,0.0,0.0,0.0,8000.0,0.0,8097.8743024855185,0.0,0.0,0.0
own:18,36,2029-09,720.0,1065048943211.1765,1065048943211.1765,0.0,4619.635813546398,0.0,0.0,18,8340.364186453602,62877.08650837118,78596.35813546398,0.7513148009015775,15859.635813546398,11915.579123626141,0.0,0.0,,,,0.0,0.0,0.0,0.0,8000.0,0.0,7859.635813546398,0.0,0.0,0.0
own:19,0,time_zero,0.0,0.0,0.0,0.0,0.0,0.0,0.0,19,0.0,0.0,0.0,1.0,7650000.0,7650000.0,0.0,0.0,,,,7600000.0,50000.0,0.0,0.0,0.0,0.0,0.0,0.0,0.0,0.0
own:19,1,2026-10,744.0,924267843072.0002,671485605194.8799,252782237877.1203,0.0,2912.5599999999995,2972.0,19,0.0,0.0,0.0,0.992088943446991,204473.6,202855.99778680265,204473.6,0.0,,,,0.0,0.0,0.0,0.0,0.0,0.0,0.0,0.0,0.0,0.0
own:19,2,2026-11,720.0,898925015116.8,650699375155.2,248225639961.60022,0.0,2822.4,2880.0,19,0.0,0.0,0.0,0.9842404717097668,198144.0,195021.34402646002,198144.0,0.0,,,,0.0,0.0,0.0,0.0,0.0,0.0,0.0,0.0,0.0,0.0
own:19,3,2026-12,744.0,933533628198.7966,671485605194.8799,262048023003.9168,0.0,2912.5599999999995,2972.0,19,0.0,0.0,0.0,0.9764540896763105,204473.6,199659.08295083806,204473.6,0.0,,,,0.0,0.0,0.0,0.0,0.0,0.0,0.0,0.0,0.0,0.0
own:19,4,2027-01,744.0,938201296339.7905,671485605194.8799,266715691144.9107,0.0,2912.5599999999995,2972.0,19,0.0,0.0,0.0,0.9687293061514642,204473.6,198079.56865429203,204473.6,0.0,,,,0.0,0.0,0.0,0.0,0.0,0.0,0.0,0.0,0.0,0.0
own:19,5,2027-02,672.0,851644660612.9583,606415667679.3599,245228992933.59842,0.0,2630.3199999999997,2684.0,19,0.0,0.0,0.0,0.9610656338259428,184659.19999999998,177469.61108979152,184659.19999999998,0.0,,,,0.0,0.0,0.0,0.0,0.0,0.0,0.0,0.0,0.0,0.0
own:19,6,2027-03,744.0,947606764335.5967,671485605194.8799,276121159140.71686,0.0,2912.5599999999995,2972.0,19,0.0,0.0,0.0,0.9534625892455922,204473.6,194957.92808836754,204473.6,0.0,,,,0.0,0.0,0.0,0.0,0.0,0.0,0.0,0.0,0.0,0.0
own:19,7,2027-04,720.0,921623998216.7175,921623998216.7175,0.0,3997.5319969324496,0.0,0.0,19,9682.46800306755,59340.2559754596,74175.3199693245,0.9459196927808919,15750.865330265784,14899.053694238213,0.0,0.0,,,,0.0,0.0,0.0,0.0,8333.333333333334,0.0,7417.53199693245,0.0,0.0,0.0
own:19,8,2027-05,744.0,957106522148.061,957106522148.061,0.0,4151.436978814349,0.0,0.0,19,9984.563021185651,61483.49583051479,76854.3697881435,0.9384364685966974,16018.770312147684,15032.598242993488,0.0,0.0,,,,0.0,0.0,0.0,0.0,8333.333333333334,0.0,7685.4369788143495,0.0,0.0,0.0
own:19,9,2027-06,720.0,930863278798.8401,930863278798.8401,0.0,4037.607255201697,0.0,0.0,19,9642.392744798302,59660.85804161358,74576.07255201698,0.9310124446222228,15790.940588535032,14701.562200216282,0.0,0.0,,,,0.0,0.0,0.0,0.0,8333.333333333334,0.0,7457.6072552016985,0.0,0.0,0.0
own:19,10,2027-07,744.0,966701515032.5951,966701515032.5951,0.0,4193.055134526961,0.0,0.0,19,9942.944865473039,61816.44107621569,77270.55134526962,0.9236471525212612,16060.388467860295,14834.132076724462,0.0,0.0,,,,0.0,0.0,0.0,0.0,8333.333333333334,0.0,7727.055134526962,0.0,0.0,0.0
own:19,11,2027-08,744.0,971535022607.758,971535022607.758,0.0,4214.020410199596,0.0,0.0,19,9921.979589800405,61984.16328159677,77480.20410199596,0.9163401276626397,16081.35374353293,14735.989742337035,0.0,0.0,,,,0.0,0.0,0.0,0.0,8333.333333333334,0.0,7748.020410199596,0.0,0.0,0.0
own:19,12,2027-09,720.0,944896159084.6421,944896159084.6421,0.0,4098.474689274768,0.0,0.0,19,9581.525310725232,60147.797514198144,75184.74689274767,0.9090909090909091,15851.808022608102,14410.734566007364,0.0,0.0,,,,0.0,0.0,0.0,0.0,8333.333333333334,0.0,7518.474689274768,0.0,0.0,0.0
own:19,13,2027-10,744.0,981274661209.4006,981274661209.4006,0.0,4256.265964811846,0.0,0.0,19,9879.734035188154,62322.12771849477,77902.65964811845,0.9018990394972645,16123.59929814518,14541.858720235905,0.0,0.0,,,,0.0,0.0,0.0,0.0,8333.333333333334,0.0,7790.265964811846,0.0,0.0,0.0
own:19,14,2027-11,720.0,954368743079.4653,954368743079.4653,0.0,4139.561898034746,0.0,0.0,19,9540.438101965254,60476.49518427797,75595.61898034747,0.894764065190697,15892.895231368082,14220.391544868748,0.0,0.0,,,,0.0,0.0,0.0,0.0,8333.333333333334,0.0,7559.561898034747,0.0,0.0,0.0
own:19,15,2027-12,744.0,991111939688.0247,991111939688.0247,0.0,4298.935031109084,0.0,0.0,19,9837.064968890916,62663.48024887267,78329.35031109084,0.8876855360693732,16166.268364442418,14350.562599331417,0.0,0.0,,,,0.0,0.0,0.0,0.0,8333.333333333334,0.0,7832.935031109084,0.0,0.0,0.0
own:19,16,2028-01,744.0,996067499386.4646,996067499386.4646,0.0,4320.429706264628,0.0,0.0,19,9815.57029373537,62835.437650117026,78544.29706264628,0.8806630055922402,16187.763039597961,14255.964052267318,0.0,0.0,,,,0.0,0.0,0.0,0.0,8333.333333333334,0.0,7854.429706264628,0.0,0.0,0.0
own:19,17,2028-02,696.0,936464105471.565,936464105471.565,0.0,4061.9007673897618,0.0,0.0,19,9162.099232610239,58943.20613911809,73679.0076738976,0.873696030750857,15701.234100723095,13718.10591169177,0.0,0.0,,,,0.0,0.0,0.0,0.0,8333.333333333334,0.0,7367.900767389761,0.0,0.0,0.0
own:19,18,2028-03,744.0,1006053076067.8136,1006053076067.8136,0.0,4363.74201406993,0.0,0.0,19,9772.257985930071,63181.93611255944,78977.4201406993,0.8667841720414474,16231.075347403264,14068.839206341287,0.0,0.0,,,,0.0,0.0,0.0,0.0,8333.333333333334,0.0,7897.74201406993,0.0,0.0,0.0
own:19,19,2028-04,720.0,978467749788.5349,978467749788.5349,0.0,4244.091023361561,0.0,0.0,19,9435.908976638439,61312.72818689249,76640.9102336156,0.8599269934371745,15997.424356694895,13756.617029791267,0.0,0.0,,,,0.0,0.0,0.0,0.0,8333.333333333334,0.0,7664.091023361561,0.0,0.0,0.0
own:19,20,2028-05,744.0,1016138758155.3933,1016138758155.3933,0.0,4407.488527760981,0.0,0.0,19,9728.511472239019,63531.90822208785,79414.8852776098,0.8531240623606339,16274.821861094315,13884.442140332434,0.0,0.0,,,,0.0,0.0,0.0,0.0,8333.333333333334,0.0,7941.488527760981,0.0,0.0,0.0
own:19,21,2028-06,720.0,988276888980.1646,988276888980.1646,0.0,4286.638035870759,0.0,0.0,19,9393.36196412924,61653.104286966074,77066.3803587076,0.8463749496565661,16039.971369204093,13575.829960102876,0.0,0.0,,,,0.0,0.0,0.0,0.0,8333.333333333334,0.0,7706.63803587076,0.0,0.0,0.0
own:19,22,2028-07,744.0,1026325549205.9009,1026325549205.9009,0.0,4451.673600251784,0.0,0.0,19,9684.326399748217,63885.38880201427,79856.73600251784,0.8396792295647828,16319.006933585119,13702.731169255101,0.0,0.0,,,,0.0,0.0,0.0,0.0,8333.333333333334,0.0,7985.673600251784,0.0,0.0,0.0
own:19,23,2028-08,744.0,1031457176951.9302,1031457176951.9302,0.0,4473.931968253041,0.0,0.0,19,9662.06803174696,64063.45574602433,80079.31968253042,0.8330364796933087,16341.265301586376,13612.87012056793,0.0,0.0,,,,0.0,0.0,0.0,0.0,8333.333333333334,0.0,8007.931968253042,0.0,0.0,0.0
own:19,24,2028-09,720.0,1003175286616.1516,1003175286616.1516,0.0,4351.259640091264,0.0,0.0,19,9328.740359908736,62170.077120730115,77712.59640091265,0.8264462809917354,16104.592973424598,13309.580969772394,0.0,0.0,,,,0.0,0.0,0.0,0.0,8333.333333333334,0.0,7771.259640091265,0.0,0.0,0.0
own:19,25,2028-10,744.0,1041797535150.8733,1041797535150.8733,0.0,4518.783136234778,0.0,0.0,19,9617.216863765221,64422.26508987822,80527.83136234777,0.8199082177247857,16386.11646956811,13435.111549994348,0.0,0.0,,,,0.0,0.0,0.0,0.0,8333.333333333334,0.0,8052.783136234778,0.0,0.0,0.0
own:19,26,2028-11,720.0,1013232118864.478,1013232118864.478,0.0,4394.881017983178,0.0,0.0,19,9285.118982016822,62519.048143865424,78148.81017983178,0.8134218774460882,16148.214351316512,13135.310835049742,0.0,0.0,,,,0.0,0.0,0.0,0.0,8333.333333333334,0.0,7814.881017983178,0.0,0.0,0.0
own:19,27,2028-12,744.0,1052241555440.7605,1052241555440.7605,0.0,4564.08393717553,0.0,0.0,19,9571.91606282447,64784.67149740424,80980.8393717553,0.8069868509721573,16431.417270508864,13259.937680137467,0.0,0.0,,,,0.0,0.0,0.0,0.0,8333.333333333334,0.0,8098.08393717553,0.0,0.0,0.0
own:19,28,2029-01,744.0,1057502763217.9641,1057502763217.9641,0.0,4586.904356861408,0.0,0.0,19,9549.095643138593,64967.23485489126,81209.04356861408,0.8006027323565819,16454.237690194743,13173.307653614564,0.0,0.0,,,,0.0,0.0,0.0,0.0,8333.333333333334,0.0,8120.904356861409,0.0,0.0,0.0
own:19,29,2029-02,672.0,959939605063.0164,959939605063.0164,0.0,4163.725438776774,0.0,0.0,19,8604.274561223225,58845.803510214195,73557.25438776774,0.7942691188644154,15689.058772110107,12461.334886735922,0.0,0.0,,,,0.0,0.0,0.0,0.0,8333.333333333334,0.0,7355.725438776774,0.0,0.0,0.0
own:19,30,2029-03,744.0,1068104228419.2241,1068104228419.2241,0.0,4632.888073038943,0.0,0.0,19,9503.111926961057,65335.10458431154,81668.88073038943,0.7879856109467703,16500.22140637228,13001.937045657238,0.0,0.0,,,,0.0,0.0,0.0,0.0,8333.333333333334,0.0,8166.888073038943,0.0,0.0,0.0
own:19,31,2029-04,720.0,1038817499575.4711,1038817499575.4711,0.0,4505.857271036261,0.0,0.0,19,9174.14272896374,63406.85816829009,79258.57271036261,0.7817518122156131,16259.190604369596,12710.651720125,0.0,0.0,,,,0.0,0.0,0.0,0.0,8333.333333333334,0.0,7925.857271036261,0.0,0.0,0.0
own:19,32,2029-05,744.0,1078811973309.1265,1078811973309.1265,0.0,4679.332775971157,0.0,0.0,19,9456.667224028843,65706.66220776926,82133.32775971157,0.7755673294187581,16546.66610930449,12833.053645177155,0.0,0.0,,,,0.0,0.0,0.0,0.0,8333.333333333334,0.0,8213.332775971157,0.0,0.0,0.0
own:19,33,2029-06,720.0,1049231645008.715,1049231645008.715,0.0,4551.028490178399,0.0,0.0,19,9128.9715098216,63768.22792142719,79710.28490178399,0.76943177241506,16304.361823511734,12545.094015961073,0.0,0.0,,,,0.0,0.0,0.0,0.0,8333.333333333334,0.0,7971.0284901784,0.0,0.0,0.0
own:19,34,2029-07,744.0,1089627063341.5503,1089627063341.5503,0.0,4726.243087050267,0.0,0.0,19,9409.756912949733,66081.94469640213,82602.43087050266,0.7633447541498025,16593.5764203836,12666.61951308368,0.0,0.0,,,,0.0,0.0,0.0,0.0,8333.333333333334,0.0,8260.243087050267,0.0,0.0,0.0
own:19,35,2029-08,744.0,1095075198658.2579,1095075198658.2579,0.0,4749.874302485518,0.0,0.0,19,9386.125697514482,66270.99441988414,82838.74302485518,0.7573058906302806,16617.207635818853,12584.309228432097,0.0,0.0,,,,0.0,0.0,0.0,0.0,8333.333333333334,0.0,8283.87430248552,0.0,0.0,0.0
own:19,36,2029-09,720.0,1065048943211.1765,1065048943211.1765,0.0,4619.635813546398,0.0,0.0,19,9060.364186453602,64317.08650837118,80396.35813546398,0.7513148009015775,16372.969146879732,12301.254054755618,0.0,0.0,,,,0.0,0.0,0.0,0.0,8333.333333333334,0.0,8039.635813546398,0.0,0.0,0.0
own:20,0,time_zero,0.0,0.0,0.0,0.0,0.0,0.0,0.0,20,0.0,0.0,0.0,1.0,8050000.0,8050000.0,0.0,0.0,,,,8000000.0,50000.0,0.0,0.0,0.0,0.0,0.0,0.0,0.0,0.0
own:20,1,2026-10,744.0,924267843072.0002,671485605194.8799,252782237877.1203,0.0,2912.5599999999995,2972.0,20,0.0,0.0,0.0,0.992088943446991,204473.6,202855.99778680265,204473.6,0.0,,,,0.0,0.0,0.0,0.0,0.0,0.0,0.0,0.0,0.0,0.0
own:20,2,2026-11,720.0,898925015116.8,650699375155.2,248225639961.60022,0.0,2822.4,2880.0,20,0.0,0.0,0.0,0.9842404717097668,198144.0,195021.34402646002,198144.0,0.0,,,,0.0,0.0,0.0,0.0,0.0,0.0,0.0,0.0,0.0,0.0
own:20,3,2026-12,744.0,933533628198.7966,671485605194.8799,262048023003.9168,0.0,2912.5599999999995,2972.0,20,0.0,0.0,0.0,0.9764540896763105,204473.6,199659.08295083806,204473.6,0.0,,,,0.0,0.0,0.0,0.0,0.0,0.0,0.0,0.0,0.0,0.0
own:20,4,2027-01,744.0,938201296339.7905,671485605194.8799,266715691144.9107,0.0,2912.5599999999995,2972.0,20,0.0,0.0,0.0,0.9687293061514642,204473.6,198079.56865429203,204473.6,0.0,,,,0.0,0.0,0.0,0.0,0.0,0.0,0.0,0.0,0.0,0.0
own:20,5,2027-02,672.0,851644660612.9583,606415667679.3599,245228992933.59842,0.0,2630.3199999999997,2684.0,20,0.0,0.0,0.0,0.9610656338259428,184659.19999999998,177469.61108979152,184659.19999999998,0.0,,,,0.0,0.0,0.0,0.0,0.0,0.0,0.0,0.0,0.0,0.0
own:20,6,2027-03,744.0,947606764335.5967,671485605194.8799,276121159140.71686,0.0,2912.5599999999995,2972.0,20,0.0,0.0,0.0,0.9534625892455922,204473.6,194957.92808836754,204473.6,0.0,,,,0.0,0.0,0.0,0.0,0.0,0.0,0.0,0.0,0.0,0.0
own:20,7,2027-04,720.0,921623998216.7175,921623998216.7175,0.0,3997.5319969324496,0.0,0.0,20,10402.46800306755,60780.2559754596,75975.3199693245,0.9459196927808919,16264.198663599116,15384.62580319907,0.0,0.0,,,,0.0,0.0,0.0,0.0,8666.666666666666,0.0,7597.53199693245,0.0,0.0,0.0
own:20,8,2027-05,744.0,957106522148.061,957106522148.061,0.0,4151.436978814349,0.0,0.0,20,10728.563021185651,62971.49583051479,78714.3697881435,0.9384364685966974,16538.103645481016,15519.959582351372,0.0,0.0,,,,0.0,0.0,0.0,0.0,8666.666666666666,0.0,7871.4369788143495,0.0,0.0,0.0
own:20,9,2027-06,720.0,930863278798.8401,930863278798.8401,0.0,4037.607255201697,0.0,0.0,20,10362.392744798302,61100.85804161358,76376.07255201698,0.9310124446222228,16304.273921868364,15179.48192178902,0.0,0.0,,,,0.0,0.0,0.0,0.0,8666.666666666666,0.0,7637.6072552016985,0.0,0.0,0.0
own:20,10,2027-07,744.0,966701515032.5951,966701515032.5951,0.0,4193.055134526961,0.0,0.0,20,10686.944865473039,63304.44107621569,79130.55134526962,0.9236471525212612,16579.721801193627,15313.812831267169,0.0,0.0,,,,0.0,0.0,0.0,0.0,8666.666666666666,0.0,7913.055134526962,0.0,0.0,0.0
own:20,11,2027-08,744.0,971535022607.758,971535022607.758,0.0,4214.020410199596,0.0,0.0,20,10665.979589800405,63472.16328159677,79340.20410199596,0.9163401276626397,16600.687076866263,15211.875715303166,0.0,0.0,,,,0.0,0.0,0.0,0.0,8666.666666666666,0.0,7934.020410199596,0.0,0.0,0.0
own:20,12,2027-09,720.0,944896159084.6421,944896159084.6421,0.0,4098.474689274768,0.0,0.0,20,10301.525310725232,61587.797514198144,76984.74689274767,0.9090909090909091,16365.141355941434,14877.40123267403,0.0,0.0,,,,0.0,0.0,0.0,0.0,8666.666666666666,0.0,7698.474689274768,0.0,0.0,0.0
own:20,13,2027-10,744.0,981274661209.4006,981274661209.4006,0.0,4256.265964811846,0.0,0.0,20,10623.734035188154,63810.12771849477,79762.65964811845,0.9018990394972645,16642.932631478514,15010.244954748152,0.0,0.0,,,,0.0,0.0,0.0,0.0,8666.666666666666,0.0,7976.265964811846,0.0,0.0,0.0
own:20,14,2027-11,720.0,954368743079.4653,954368743079.4653,0.0,4139.561898034746,0.0,0.0,20,10260.438101965254,61916.49518427797,77395.61898034747,0.894764065190697,16406.228564701414,14679.703764999971,0.0,0.0,,,,0.0,0.0,0.0,0.0,8666.666666666666,0.0,7739.561898034747,0.0,0.0,0.0
own:20,15,2027-12,744.0,991111939688.0247,991111939688.0247,0.0,4298.935031109084,0.0,0.0,20,10581.064968890916,64151.48024887267,80189.35031109084,0.8876855360693732,16685.60169777575,14811.56728773011,0.0,0.0,,,,0.0,0.0,0.0,0.0,8666.666666666666,0.0,8018.935031109084,0.0,0.0,0.0
own:20,16,2028-01,744.0,996067499386.4646,996067499386.4646,0.0,4320.429706264628,0.0,0.0,20,10559.57029373537,64323.437650117026,80404.29706264628,0.8806630055922402,16707.096372931293,14713.321706504888,0.0,0.0,,,,0.0,0.0,0.0,0.0,8666.666666666666,0.0,8040.429706264628,0.0,0.0,0.0
own:20,17,2028-02,696.0,936464105471.565,936464105471.565,0.0,4061.9007673897618,0.0,0.0,20,9858.099232610239,60335.20613911809,75419.0076738976,0.873696030750857,16208.567434056427,14161.361031292703,0.0,0.0,,,,0.0,0.0,0.0,0.0,8666.666666666666,0.0,7541.900767389761,0.0,0.0,0.0
own:20,18,2028-03,744.0,1006053076067.8136,1006053076067.8136,0.0,4363.74201406993,0.0,0.0,20,10516.257985930071,64669.93611255944,80837.4201406993,0.8667841720414474,16750.408680736597,14518.989119688144,0.0,0.0,,,,0.0,0.0,0.0,0.0,8666.666666666666,0.0,8083.74201406993,0.0,0.0,0.0
own:20,19,2028-04,720.0,978467749788.5349,978467749788.5349,0.0,4244.091023361561,0.0,0.0,20,10155.908976638439,62752.72818689249,78440.9102336156,0.8599269934371745,16510.75769002823,14198.046219755683,0.0,0.0,,,,0.0,0.0,0.0,0.0,8666.666666666666,0.0,7844.091023361561,0.0,0.0,0.0
own:20,20,2028-05,744.0,1016138758155.3933,1016138758155.3933,0.0,4407.488527760981,0.0,0.0,20,10472.511472239019,65019.90822208785,81274.8852776098,0.8531240623606339,16794.155194427647,14327.497903385056,0.0,0.0,,,,0.0,0.0,0.0,0.0,8666.666666666666,0.0,8127.488527760981,0.0,0.0,0.0
own:20,21,2028-06,720.0,988276888980.1646,988276888980.1646,0.0,4286.638035870759,0.0,0.0,20,10113.36196412924,63093.104286966074,78866.3803587076,0.8463749496565661,16553.304702537425,14010.302434259913,0.0,0.0,,,,0.0,0.0,0.0,0.0,8666.666666666666,0.0,7886.63803587076,0.0,0.0,0.0
own:20,22,2028-07,744.0,1026325549205.9009,1026325549205.9009,0.0,4451.673600251784,0.0,0.0,20,10428.326399748217,65373.38880201427,81716.73600251784,0.8396792295647828,16838.34026691845,14138.804582475745,0.0,0.0,,,,0.0,0.0,0.0,0.0,8666.666666666666,0.0,8171.673600251784,0.0,0.0,0.0
own:20,23,2028-08,744.0,1031457176951.9302,1031457176951.9302,0.0,4473.931968253041,0.0,0.0,20,10406.06803174696,65551.45574602432,81939.3196825304,0.8330364796933087,16860.598634919705,14045.493732355317,0.0,0.0,,,,0.0,0.0,0.0,0.0,8666.666666666666,0.0,8193.93196825304,0.0,0.0,0.0
own:20,24,2028-09,720.0,1003175286616.1516,1003175286616.1516,0.0,4351.259640091264,0.0,0.0,20,10048.740359908736,63610.077120730115,79512.59640091265,0.8264462809917354,16617.92630675793,13733.823394014817,0.0,0.0,,,,0.0,0.0,0.0,0.0,8666.666666666666,0.0,7951.259640091265,0.0,0.0,0.0
own:20,25,2028-10,744.0,1041797535150.8733,1041797535150.8733,0.0,4518.783136234778,0.0,0.0,20,10361.216863765221,65910.26508987823,82387.83136234779,0.8199082177247857,16905.449802901443,13860.917217732753,0.0,0.0,,,,0.0,0.0,0.0,0.0,8666.666666666666,0.0,8238.783136234779,0.0,0.0,0.0
own:20,26,2028-11,720.0,1013232118864.478,1013232118864.478,0.0,4394.881017983178,0.0,0.0,20,10005.118982016822,63959.048143865424,79948.81017983178,0.8134218774460882,16661.547684649842,13552.867398805398,0.0,0.0,,,,0.0,0.0,0.0,0.0,8666.666666666666,0.0,7994.881017983178,0.0,0.0,0.0
own:20,27,2028-12,744.0,1052241555440.7605,1052241555440.7605,0.0,4564.08393717553,0.0,0.0,20,10315.91606282447,66272.67149740424,82840.8393717553,0.8069868509721573,16950.750603842196,13679.032851409007,0.0,0.0,,,,0.0,0.0,0.0,0.0,8666.666666666666,0.0,8284.08393717553,0.0,0.0,0.0
own:20,28,2029-01,744.0,1057502763217.9641,1057502763217.9641,0.0,4586.904356861408,0.0,0.0,20,10293.095643138593,66455.23485489126,83069.04356861407,0.8006027323565819,16973.57102352807,13589.087339285077,0.0,0.0,,,,0.0,0.0,0.0,0.0,8666.666666666666,0.0,8306.904356861407,0.0,0.0,0.0
own:20,29,2029-02,672.0,959939605063.0164,959939605063.0164,0.0,4163.725438776774,0.0,0.0,20,9276.274561223225,60189.803510214195,75237.25438776774,0.7942691188644154,16190.39210544344,12859.528471659949,0.0,0.0,,,,0.0,0.0,0.0,0.0,8666.666666666666,0.0,7523.725438776774,0.0,0.0,0.0
own:20,30,2029-03,744.0,1068104228419.2241,1068104228419.2241,0.0,4632.888073038943,0.0,0.0,20,10247.111926961057,66823.10458431154,83528.88073038943,0.7879856109467703,17019.554739705607,13411.164239608923,0.0,0.0,,,,0.0,0.0,0.0,0.0,8666.666666666666,0.0,8352.888073038943,0.0,0.0,0.0
own:20,31,2029-04,720.0,1038817499575.4711,1038817499575.4711,0.0,4505.857271036261,0.0,0.0,20,9894.14272896374,64846.85816829009,81058.57271036261,0.7817518122156131,16772.52393770293,13111.950983729015,0.0,0.0,,,,0.0,0.0,0.0,0.0,8666.666666666666,0.0,8105.857271036261,0.0,0.0,0.0
own:20,32,2029-05,744.0,1078811973309.1265,1078811973309.1265,0.0,4679.332775971157,0.0,0.0,20,10200.667224028843,67194.66220776926,83993.32775971157,0.7755673294187581,17065.999442637825,13235.831611588632,0.0,0.0,,,,0.0,0.0,0.0,0.0,8666.666666666666,0.0,8399.332775971157,0.0,0.0,0.0
own:20,33,2029-06,720.0,1049231645008.715,1049231645008.715,0.0,4551.028490178399,0.0,0.0,20,9848.9715098216,65208.22792142719,81510.28490178399,0.76943177241506,16817.695156845068,12940.068992467472,0.0,0.0,,,,0.0,0.0,0.0,0.0,8666.666666666666,0.0,8151.0284901784,0.0,0.0,0.0
own:20,34,2029-07,744.0,1089627063341.5503,1089627063341.5503,0.0,4726.243087050267,0.0,0.0,20,10153.756912949733,67569.94469640213,84462.43087050266,0.7633447541498025,17112.909753716933,13063.04988873881,0.0,0.0,,,,0.0,0.0,0.0,0.0,8666.666666666666,0.0,8446.243087050267,0.0,0.0,0.0
own:20,35,2029-08,744.0,1095075198658.2579,1095075198658.2579,0.0,4749.874302485518,0.0,0.0,20,10130.125697514482,67758.99441988414,84698.74302485518,0.7573058906302806,17136.540969152185,12977.603420966088,0.0,0.0,,,,0.0,0.0,0.0,0.0,8666.666666666666,0.0,8469.87430248552,0.0,0.0,0.0
own:20,36,2029-09,720.0,1065048943211.1765,1065048943211.1765,0.0,4619.635813546398,0.0,0.0,20,9780.364186453602,65757.08650837118,82196.35813546398,0.7513148009015775,16886.302480213064,12686.928985885093,0.0,0.0,,,,0.0,0.0,0.0,0.0,8666.666666666666,0.0,8219.635813546398,0.0,0.0,0.0
own:21,0,time_zero,0.0,0.0,0.0,0.0,0.0,0.0,0.0,21,0.0,0.0,0.0,1.0,8450000.0,8450000.0,0.0,0.0,,,,8400000.0,50000.0,0.0,0.0,0.0,0.0,0.0,0.0,0.0,0.0
own:21,1,2026-10,744.0,924267843072.0002,671485605194.8799,252782237877.1203,0.0,2912.5599999999995,2972.0,21,0.0,0.0,0.0,0.992088943446991,204473.6,202855.99778680265,204473.6,0.0,,,,0.0,0.0,0.0,0.0,0.0,0.0,0.0,0.0,0.0,0.0
own:21,2,2026-11,720.0,898925015116.8,650699375155.2,248225639961.60022,0.0,2822.4,2880.0,21,0.0,0.0,0.0,0.9842404717097668,198144.0,195021.34402646002,198144.0,0.0,,,,0.0,0.0,0.0,0.0,0.0,0.0,0.0,0.0,0.0,0.0
own:21,3,2026-12,744.0,933533628198.7966,671485605194.8799,262048023003.9168,0.0,2912.5599999999995,2972.0,21,0.0,0.0,0.0,0.9764540896763105,204473.6,199659.08295083806,204473.6,0.0,,,,0.0,0.0,0.0,0.0,0.0,0.0,0.0,0.0,0.0,0.0
own:21,4,2027-01,744.0,938201296339.7905,671485605194.8799,266715691144.9107,0.0,2912.5599999999995,2972.0,21,0.0,0.0,0.0,0.9687293061514642,204473.6,198079.56865429203,204473.6,0.0,,,,0.0,0.0,0.0,0.0,0.0,0.0,0.0,0.0,0.0,0.0
own:21,5,2027-02,672.0,851644660612.9583,606415667679.3599,245228992933.59842,0.0,2630.3199999999997,2684.0,21,0.0,0.0,0.0,0.9610656338259428,184659.19999999998,177469.61108979152,184659.19999999998,0.0,,,,0.0,0.0,0.0,0.0,0.0,0.0,0.0,0.0,0.0,0.0
own:21,6,2027-03,744.0,947606764335.5967,671485605194.8799,276121159140.71686,0.0,2912.5599999999995,2972.0,21,0.0,0.0,0.0,0.9534625892455922,204473.6,194957.92808836754,204473.6,0.0,,,,0.0,0.0,0.0,0.0,0.0,0.0,0.0,0.0,0.0,0.0
own:21,7,2027-04,720.0,921623998216.7175,921623998216.7175,0.0,3997.5319969324496,0.0,0.0,21,11122.46800306755,62220.2559754596,77775.3199693245,0.9459196927808919,16777.53199693245,15870.197912159925,0.0,0.0,,,,0.0,0.0,0.0,0.0,9000.0,0.0,7777.53199693245,0.0,0.0,0.0
own:21,8,2027-05,744.0,957106522148.061,957106522148.061,0.0,4151.436978814349,0.0,0.0,21,11472.563021185651,64459.49583051479,80574.3697881435,0.9384364685966974,17057.43697881435,16007.320921709255,0.0,0.0,,,,0.0,0.0,0.0,0.0,9000.0,0.0,8057.4369788143495,0.0,0.0,0.0
own:21,9,2027-06,720.0,930863278798.8401,930863278798.8401,0.0,4037.607255201697,0.0,0.0,21,11082.392744798302,62540.85804161358,78176.07255201698,0.9310124446222228,16817.6072552017,15657.401643361763,0.0,0.0,,,,0.0,0.0,0.0,0.0,9000.0,0.0,7817.6072552016985,0.0,0.0,0.0
own:21,10,2027-07,744.0,966701515032.5951,966701515032.5951,0.0,4193.055134526961,0.0,0.0,21,11430.944865473039,64792.44107621569,80990.55134526962,0.9236471525212612,17099.055134526963,15793.49358580988,0.0,0.0,,,,0.0,0.0,0.0,0.0,9000.0,0.0,8099.055134526962,0.0,0.0,0.0
own:21,11,2027-08,744.0,971535022607.758,971535022607.758,0.0,4214.020410199596,0.0,0.0,21,11409.979589800405,64960.16328159677,81200.20410199596,0.9163401276626397,17120.020410199595,15687.761688269295,0.0,0.0,,,,0.0,0.0,0.0,0.0,9000.0,0.0,8120.020410199596,0.0,0.0,0.0
own:21,12,2027-09,720.0,944896159084.6421,944896159084.6421,0.0,4098.474689274768,0.0,0.0,21,11021.525310725232,63027.797514198144,78784.74689274767,0.9090909090909091,16878.474689274768,15344.067899340698,0.0,0.0,,,,0.0,0.0,0.0,0.0,9000.0,0.0,7878.474689274768,0.0,0.0,0.0
own:21,13,2027-10,744.0,981274661209.4006,981274661209.4006,0.0,4256.265964811846,0.0,0.0,21,11367.734035188154,65298.12771849477,81622.65964811845,0.9018990394972645,17162.265964811846,15478.631189260397,0.0,0.0,,,,0.0,0.0,0.0,0.0,9000.0,0.0,8162.265964811846,0.0,0.0,0.0
own:21,14,2027-11,720.0,954368743079.4653,954368743079.4653,0.0,4139.561898034746,0.0,0.0,21,10980.438101965254,63356.49518427797,79195.61898034747,0.894764065190697,16919.561898034746,15139.015985131195,0.0,0.0,,,,0.0,0.0,0.0,0.0,9000.0,0.0,7919.561898034747,0.0,0.0,0.0
own:21,15,2027-12,744.0,991111939688.0247,991111939688.0247,0.0,4298.935031109084,0.0,0.0,21,11325.064968890916,65639.48024887267,82049.35031109084,0.8876855360693732,17204.935031109082,15272.571976128804,0.0,0.0,,,,0.0,0.0,0.0,0.0,9000.0,0.0,8204.935031109084,0.0,0.0,0.0
own:21,16,2028-01,744.0,996067499386.4646,996067499386.4646,0.0,4320.429706264628,0.0,0.0,21,11303.57029373537,65811.43765011703,82264.29706264629,0.8806630055922402,17226.42970626463,15170.67936074246,0.0,0.0,,,,0.0,0.0,0.0,0.0,9000.0,0.0,8226.42970626463,0.0,0.0,0.0
own:21,17,2028-02,696.0,936464105471.565,936464105471.565,0.0,4061.9007673897618,0.0,0.0,21,10554.099232610239,61727.20613911809,77159.0076738976,0.873696030750857,16715.90076738976,14604.616150893638,0.0,0.0,,,,0.0,0.0,0.0,0.0,9000.0,0.0,7715.900767389761,0.0,0.0,0.0
own:21,18,2028-03,744.0,1006053076067.8136,1006053076067.8136,0.0,4363.74201406993,0.0,0.0,21,11260.257985930071,66157.93611255943,82697.42014069928,0.8667841720414474,17269.74201406993,14969.139033035002,0.0,0.0,,,,0.0,0.0,0.0,0.0,9000.0,0.0,8269.742014069929,0.0,0.0,0.0
own:21,19,2028-04,720.0,978467749788.5349,978467749788.5349,0.0,4244.091023361561,0.0,0.0,21,10875.908976638439,64192.72818689249,80240.9102336156,0.8599269934371745,17024.09102336156,14639.475409720098,0.0,0.0,,,,0.0,0.0,0.0,0.0,9000.0,0.0,8024.091023361561,0.0,0.0,0.0
own:21,20,2028-05,744.0,1016138758155.3933,1016138758155.3933,0.0,4407.488527760981,0.0,0.0,21,11216.511472239019,66507.90822208785,83134.8852776098,0.8531240623606339,17313.48852776098,14770.553666437676,0.0,0.0,,,,0.0,0.0,0.0,0.0,9000.0,0.0,8313.488527760981,0.0,0.0,0.0
own:21,21,2028-06,720.0,988276888980.1646,988276888980.1646,0.0,4286.638035870759,0.0,0.0,21,10833.36196412924,64533.104286966074,80666.3803587076,0.8463749496565661,17066.63803587076,14444.774908416952,0.0,0.0,,,,0.0,0.0,0.0,0.0,9000.0,0.0,8066.63803587076,0.0,0.0,0.0
own:21,22,2028-07,744.0,1026325549205.9009,1026325549205.9009,0.0,4451.673600251784,0.0,0.0,21,11172.326399748217,66861.38880201426,83576.73600251784,0.8396792295647828,17357.673600251786,14574.87799569639,0.0,0.0,,,,0.0,0.0,0.0,0.0,9000.0,0.0,8357.673600251785,0.0,0.0,0.0
own:21,23,2028-08,744.0,1031457176951.9302,1031457176951.9302,0.0,4473.931968253041,0.0,0.0,21,11150.06803174696,67039.45574602432,83799.3196825304,0.8330364796933087,17379.93196825304,14478.11734414271,0.0,0.0,,,,0.0,0.0,0.0,0.0,9000.0,0.0,8379.93196825304,0.0,0.0,0.0
own:21,24,2028-09,720.0,1003175286616.1516,1003175286616.1516,0.0,4351.259640091264,0.0,0.0,21,10768.740359908736,65050.077120730115,81312.59640091265,0.8264462809917354,17131.259640091266,14158.065818257242,0.0,0.0,,,,0.0,0.0,0.0,0.0,9000.0,0.0,8131.259640091265,0.0,0.0,0.0
own:21,25,2028-10,744.0,1041797535150.8733,1041797535150.8733,0.0,4518.783136234778,0.0,0.0,21,11105.216863765221,67398.26508987823,84247.83136234779,0.8199082177247857,17424.78313623478,14286.72288547116,0.0,0.0,,,,0.0,0.0,0.0,0.0,9000.0,0.0,8424.783136234779,0.0,0.0,0.0
own:21,26,2028-11,720.0,1013232118864.478,1013232118864.478,0.0,4394.881017983178,0.0,0.0,21,10725.118982016822,65399.048143865424,81748.81017983178,0.8134218774460882,17174.881017983178,13970.423962561059,0.0,0.0,,,,0.0,0.0,0.0,0.0,9000.0,0.0,8174.881017983178,0.0,0.0,0.0
own:21,27,2028-12,744.0,1052241555440.7605,1052241555440.7605,0.0,4564.08393717553,0.0,0.0,21,11059.91606282447,67760.67149740424,84700.8393717553,0.8069868509721573,17470.08393717553,14098.128022680547,0.0,0.0,,,,0.0,0.0,0.0,0.0,9000.0,0.0,8470.08393717553,0.0,0.0,0.0
own:21,28,2029-01,744.0,1057502763217.9641,1057502763217.9641,0.0,4586.904356861408,0.0,0.0,21,11037.095643138593,67943.23485489126,84929.04356861407,0.8006027323565819,17492.904356861407,14004.867024955598,0.0,0.0,,,,0.0,0.0,0.0,0.0,9000.0,0.0,8492.904356861407,0.0,0.0,0.0
own:21,29,2029-02,672.0,959939605063.0164,959939605063.0164,0.0,4163.725438776774,0.0,0.0,21,9948.274561223225,61533.803510214195,76917.25438776774,0.7942691188644154,16691.725438776775,13257.722056583978,0.0,0.0,,,,0.0,0.0,0.0,0.0,9000.0,0.0,7691.725438776774,0.0,0.0,0.0
own:21,30,2029-03,744.0,1068104228419.2241,1068104228419.2241,0.0,4632.888073038943,0.0,0.0,21,10991.111926961057,68311.10458431154,85388.88073038943,0.7879856109467703,17538.888073038943,13820.391433560615,0.0,0.0,,,,0.0,0.0,0.0,0.0,9000.0,0.0,8538.888073038943,0.0,0.0,0.0
own:21,31,2029-04,720.0,1038817499575.4711,1038817499575.4711,0.0,4505.857271036261,0.0,0.0,21,10614.14272896374,66286.85816829008,82858.57271036261,0.7817518122156131,17285.857271036264,13513.250247333031,0.0,0.0,,,,0.0,0.0,0.0,0.0,9000.0,0.0,8285.857271036262,0.0,0.0,0.0
own:21,32,2029-05,744.0,1078811973309.1265,1078811973309.1265,0.0,4679.332775971157,0.0,0.0,21,10944.667224028843,68682.66220776926,85853.32775971157,0.7755673294187581,17585.332775971157,13638.609578000105,0.0,0.0,,,,0.0,0.0,0.0,0.0,9000.0,0.0,8585.332775971157,0.0,0.0,0.0
own:21,33,2029-06,720.0,1049231645008.715,1049231645008.715,0.0,4551.028490178399,0.0,0.0,21,10568.9715098216,66648.2279214272,83310.284901784,0.76943177241506,17331.028490178403,13335.04396897387,0.0,0.0,,,,0.0,0.0,0.0,0.0,9000.0,0.0,8331.028490178402,0.0,0.0,0.0
own:21,34,2029-07,744.0,1089627063341.5503,1089627063341.5503,0.0,4726.243087050267,0.0,0.0,21,10897.756912949733,69057.94469640213,86322.43087050266,0.7633447541498025,17632.243087050265,13459.48026439394,0.0,0.0,,,,0.0,0.0,0.0,0.0,9000.0,0.0,8632.243087050267,0.0,0.0,0.0
own:21,35,2029-08,744.0,1095075198658.2579,1095075198658.2579,0.0,4749.874302485518,0.0,0.0,21,10874.125697514482,69246.99441988414,86558.74302485518,0.7573058906302806,17655.87430248552,13370.897613500083,0.0,0.0,,,,0.0,0.0,0.0,0.0,9000.0,0.0,8655.87430248552,0.0,0.0,0.0
own:21,36,2029-09,720.0,1065048943211.1765,1065048943211.1765,0.0,4619.635813546398,0.0,0.0,21,10500.364186453602,67197.08650837118,83996.35813546398,0.7513148009015775,17399.635813546396,13072.603917014569,0.0,0.0,,,,0.0,0.0,0.0,0.0,9000.0,0.0,8399.635813546398,0.0,0.0,0.0
own:22,0,time_zero,0.0,0.0,0.0,0.0,0.0,0.0,0.0,22,0.0,0.0,0.0,1.0,8850000.0,8850000.0,0.0,0.0,,,,8800000.0,50000.0,0.0,0.0,0.0,0.0,0.0,0.0,0.0,0.0
own:22,1,2026-10,744.0,924267843072.0002,671485605194.8799,252782237877.1203,0.0,2912.5599999999995,2972.0,22,0.0,0.0,0.0,0.992088943446991,204473.6,202855.99778680265,204473.6,0.0,,,,0.0,0.0,0.0,0.0,0.0,0.0,0.0,0.0,0.0,0.0
own:22,2,2026-11,720.0,898925015116.8,650699375155.2,248225639961.60022,0.0,2822.4,2880.0,22,0.0,0.0,0.0,0.9842404717097668,198144.0,195021.34402646002,198144.0,0.0,,,,0.0,0.0,0.0,0.0,0.0,0.0,0.0,0.0,0.0,0.0
own:22,3,2026-12,744.0,933533628198.7966,671485605194.8799,262048023003.9168,0.0,2912.5599999999995,2972.0,22,0.0,0.0,0.0,0.9764540896763105,204473.6,199659.08295083806,204473.6,0.0,,,,0.0,0.0,0.0,0.0,0.0,0.0,0.0,0.0,0.0,0.0
own:22,4,2027-01,744.0,938201296339.7905,671485605194.8799,266715691144.9107,0.0,2912.5599999999995,2972.0,22,0.0,0.0,0.0,0.9687293061514642,204473.6,198079.56865429203,204473.6,0.0,,,,0.0,0.0,0.0,0.0,0.0,0.0,0.0,0.0,0.0,0.0
own:22,5,2027-02,672.0,851644660612.9583,606415667679.3599,245228992933.59842,0.0,2630.3199999999997,2684.0,22,0.0,0.0,0.0,0.9610656338259428,184659.19999999998,177469.61108979152,184659.19999999998,0.0,,,,0.0,0.0,0.0,0.0,0.0,0.0,0.0,0.0,0.0,0.0
own:22,6,2027-03,744.0,947606764335.5967,671485605194.8799,276121159140.71686,0.0,2912.5599999999995,2972.0,22,0.0,0.0,0.0,0.9534625892455922,204473.6,194957.92808836754,204473.6,0.0,,,,0.0,0.0,0.0,0.0,0.0,0.0,0.0,0.0,0.0,0.0
own:22,7,2027-04,720.0,921623998216.7175,921623998216.7175,0.0,3997.5319969324496,0.0,0.0,22,11842.46800306755,63660.2559754596,79575.3199693245,0.9459196927808919,17290.865330265784,16355.770021120787,0.0,0.0,,,,0.0,0.0,0.0,0.0,9333.333333333334,0.0,7957.53199693245,0.0,0.0,0.0
own:22,8,2027-05,744.0,957106522148.061,957106522148.061,0.0,4151.436978814349,0.0,0.0,22,12216.563021185651,65947.49583051479,82434.3697881435,0.9384364685966974,17576.770312147684,16494.682261067144,0.0,0.0,,,,0.0,0.0,0.0,0.0,9333.333333333334,0.0,8243.43697881435,0.0,0.0,0.0
own:22,9,2027-06,720.0,930863278798.8401,930863278798.8401,0.0,4037.607255201697,0.0,0.0,22,11802.392744798302,63980.85804161358,79976.07255201698,0.9310124446222228,17330.94058853503,16135.321364934503,0.0,0.0,,,,0.0,0.0,0.0,0.0,9333.333333333334,0.0,7997.6072552016985,0.0,0.0,0.0
own:22,10,2027-07,744.0,966701515032.5951,966701515032.5951,0.0,4193.055134526961,0.0,0.0,22,12174.944865473039,66280.44107621569,82850.55134526962,0.9236471525212612,17618.388467860295,16273.174340352587,0.0,0.0,,,,0.0,0.0,0.0,0.0,9333.333333333334,0.0,8285.055134526961,0.0,0.0,0.0
own:22,11,2027-08,744.0,971535022607.758,971535022607.758,0.0,4214.020410199596,0.0,0.0,22,12153.979589800405,66448.16328159676,83060.20410199594,0.9163401276626397,17639.353743532927,16163.647661235424,0.0,0.0,,,,0.0,0.0,0.0,0.0,9333.333333333334,0.0,8306.020410199595,0.0,0.0,0.0
own:22,12,2027-09,720.0,944896159084.6421,944896159084.6421,0.0,4098.474689274768,0.0,0.0,22,11741.525310725232,64467.797514198144,80584.74689274767,0.9090909090909091,17391.8080226081,15810.734566007362,0.0,0.0,,,,0.0,0.0,0.0,0.0,9333.333333333334,0.0,8058.474689274768,0.0,0.0,0.0
own:22,13,2027-10,744.0,981274661209.4006,981274661209.4006,0.0,4256.265964811846,0.0,0.0,22,12111.734035188154,66786.12771849477,83482.65964811845,0.9018990394972645,17681.59929814518,15947.017423772642,0.0,0.0,,,,0.0,0.0,0.0,0.0,9333.333333333334,0.0,8348.265964811846,0.0,0.0,0.0
own:22,14,2027-11,720.0,954368743079.4653,954368743079.4653,0.0,4139.561898034746,0.0,0.0,22,11700.438101965254,64796.49518427797,80995.61898034747,0.894764065190697,17432.895231368082,15598.32820526242,0.0,0.0,,,,0.0,0.0,0.0,0.0,9333.333333333334,0.0,8099.561898034747,0.0,0.0,0.0
own:22,15,2027-12,744.0,991111939688.0247,991111939688.0247,0.0,4298.935031109084,0.0,0.0,22,12069.064968890916,67127.48024887267,83909.35031109084,0.8876855360693732,17724.268364442418,15733.5766645275,0.0,0.0,,,,0.0,0.0,0.0,0.0,9333.333333333334,0.0,8390.935031109084,0.0,0.0,0.0
own:22,16,2028-01,744.0,996067499386.4646,996067499386.4646,0.0,4320.429706264628,0.0,0.0,22,12047.57029373537,67299.43765011703,84124.29706264629,0.8806630055922402,17745.763039597965,15628.037014980033,0.0,0.0,,,,0.0,0.0,0.0,0.0,9333.333333333334,0.0,8412.42970626463,0.0,0.0,0.0
own:22,17,2028-02,696.0,936464105471.565,936464105471.565,0.0,4061.9007673897618,0.0,0.0,22,11250.099232610239,63119.20613911809,78899.0076738976,0.873696030750857,17223.234100723093,15047.871270494572,0.0,0.0,,,,0.0,0.0,0.0,0.0,9333.333333333334,0.0,7889.900767389761,0.0,0.0,0.0
own:22,18,2028-03,744.0,1006053076067.8136,1006053076067.8136,0.0,4363.74201406993,0.0,0.0,22,12004.257985930071,67645.93611255943,84557.42014069928,0.8667841720414474,17789.07534740326,15419.28894638186,0.0,0.0,,,,0.0,0.0,0.0,0.0,9333.333333333334,0.0,8455.742014069929,0.0,0.0,0.0
own:22,19,2028-04,720.0,978467749788.5349,978467749788.5349,0.0,4244.091023361561,0.0,0.0,22,11595.908976638439,65632.72818689249,82040.9102336156,0.8599269934371745,17537.424356694894,15080.904599684514,0.0,0.0,,,,0.0,0.0,0.0,0.0,9333.333333333334,0.0,8204.091023361561,0.0,0.0,0.0
own:22,20,2028-05,744.0,1016138758155.3933,1016138758155.3933,0.0,4407.488527760981,0.0,0.0,22,11960.511472239019,67995.90822208785,84994.8852776098,0.8531240623606339,17832.821861094315,15213.609429490301,0.0,0.0,,,,0.0,0.0,0.0,0.0,9333.333333333334,0.0,8499.488527760981,0.0,0.0,0.0
own:22,21,2028-06,720.0,988276888980.1646,988276888980.1646,0.0,4286.638035870759,0.0,0.0,22,11553.36196412924,65973.10428696607,82466.3803587076,0.8463749496565661,17579.971369204093,14879.247382573989,0.0,0.0,,,,0.0,0.0,0.0,0.0,9333.333333333334,0.0,8246.63803587076,0.0,0.0,0.0
own:22,22,2028-07,744.0,1026325549205.9009,1026325549205.9009,0.0,4451.673600251784,0.0,0.0,22,11916.326399748217,68349.38880201426,85436.73600251784,0.8396792295647828,17877.00693358512,15010.951408917033,0.0,0.0,,,,0.0,0.0,0.0,0.0,9333.333333333334,0.0,8543.673600251785,0.0,0.0,0.0
own:22,23,2028-08,744.0,1031457176951.9302,1031457176951.9302,0.0,4473.931968253041,0.0,0.0,22,11894.06803174696,68527.45574602432,85659.3196825304,0.8330364796933087,17899.265301586376,14910.740955930105,0.0,0.0,,,,0.0,0.0,0.0,0.0,9333.333333333334,0.0,8565.93196825304,0.0,0.0,0.0
own:22,24,2028-09,720.0,1003175286616.1516,1003175286616.1516,0.0,4351.259640091264,0.0,0.0,22,11488.740359908736,66490.07712073011,83112.59640091265,0.8264462809917354,17644.5929734246,14582.308242499666,0.0,0.0,,,,0.0,0.0,0.0,0.0,9333.333333333334,0.0,8311.259640091264,0.0,0.0,0.0
own:22,25,2028-10,744.0,1041797535150.8733,1041797535150.8733,0.0,4518.783136234778,0.0,0.0,22,11849.216863765221,68886.26508987823,86107.83136234779,0.8199082177247857,17944.116469568115,14712.528553209568,0.0,0.0,,,,0.0,0.0,0.0,0.0,9333.333333333334,0.0,8610.783136234779,0.0,0.0,0.0
own:22,26,2028-11,720.0,1013232118864.478,1013232118864.478,0.0,4394.881017983178,0.0,0.0,22,11445.118982016822,66839.04814386542,83548.81017983178,0.8134218774460882,17688.214351316514,14387.98052631672,0.0,0.0,,,,0.0,0.0,0.0,0.0,9333.333333333334,0.0,8354.881017983178,0.0,0.0,0.0
own:22,27,2028-12,744.0,1052241555440.7605,1052241555440.7605,0.0,4564.08393717553,0.0,0.0,22,11803.91606282447,69248.67149740424,86560.8393717553,0.8069868509721573,17989.417270508864,14517.22319395209,0.0,0.0,,,,0.0,0.0,0.0,0.0,9333.333333333334,0.0,8656.08393717553,0.0,0.0,0.0
own:22,28,2029-01,744.0,1057502763217.9641,1057502763217.9641,0.0,4586.904356861408,0.0,0.0,22,11781.095643138593,69431.23485489126,86789.04356861407,0.8006027323565819,18012.237690194743,14420.646710626117,0.0,0.0,,,,0.0,0.0,0.0,0.0,9333.333333333334,0.0,8678.904356861407,0.0,0.0,0.0
own:22,29,2029-02,672.0,959939605063.0164,959939605063.0164,0.0,4163.725438776774,0.0,0.0,22,10620.274561223225,62877.803510214195,78597.25438776774,0.7942691188644154,17193.058772110107,13655.915641508003,0.0,0.0,,,,0.0,0.0,0.0,0.0,9333.333333333334,0.0,7859.725438776774,0.0,0.0,0.0
own:22,30,2029-03,744.0,1068104228419.2241,1068104228419.2241,0.0,4632.888073038943,0.0,0.0,22,11735.111926961057,69799.10458431154,87248.88073038943,0.7879856109467703,18058.22140637228,14229.618627512305,0.0,0.0,,,,0.0,0.0,0.0,0.0,9333.333333333334,0.0,8724.888073038943,0.0,0.0,0.0
own:22,31,2029-04,720.0,1038817499575.4711,1038817499575.4711,0.0,4505.857271036261,0.0,0.0,22,11334.14272896374,67726.85816829008,84658.57271036261,0.7817518122156131,17799.190604369596,13914.549510937046,0.0,0.0,,,,0.0,0.0,0.0,0.0,9333.333333333334,0.0,8465.857271036262,0.0,0.0,0.0
own:22,32,2029-05,744.0,1078811973309.1265,1078811973309.1265,0.0,4679.332775971157,0.0,0.0,22,11688.667224028843,70170.66220776926,87713.32775971157,0.7755673294187581,18104.66610930449,14041.38754441158,0.0,0.0,,,,0.0,0.0,0.0,0.0,9333.333333333334,0.0,8771.332775971157,0.0,0.0,0.0
own:22,33,2029-06,720.0,1049231645008.715,1049231645008.715,0.0,4551.028490178399,0.0,0.0,22,11288.9715098216,68088.2279214272,85110.284901784,0.76943177241506,17844.361823511736,13730.018945480268,0.0,0.0,,,,0.0,0.0,0.0,0.0,9333.333333333334,0.0,8511.028490178402,0.0,0.0,0.0
own:22,34,2029-07,744.0,1089627063341.5503,1089627063341.5503,0.0,4726.243087050267,0.0,0.0,22,11641.756912949733,70545.94469640213,88182.43087050266,0.7633447541498025,18151.5764203836,13855.910640049073,0.0,0.0,,,,0.0,0.0,0.0,0.0,9333.333333333334,0.0,8818.243087050267,0.0,0.0,0.0
own:22,35,2029-08,744.0,1095075198658.2579,1095075198658.2579,0.0,4749.874302485518,0.0,0.0,22,11618.125697514482,70734.99441988414,88418.74302485518,0.7573058906302806,18175.207635818853,13764.191806034074,0.0,0.0,,,,0.0,0.0,0.0,0.0,9333.333333333334,0.0,8841.87430248552,0.0,0.0,0.0
own:22,36,2029-09,720.0,1065048943211.1765,1065048943211.1765,0.0,4619.635813546398,0.0,0.0,22,11220.364186453602,68637.08650837118,85796.35813546398,0.7513148009015775,17912.969146879732,13458.278848144048,0.0,0.0,,,,0.0,0.0,0.0,0.0,9333.333333333334,0.0,8579.635813546398,0.0,0.0,0.0
own:23,0,time_zero,0.0,0.0,0.0,0.0,0.0,0.0,0.0,23,0.0,0.0,0.0,1.0,9250000.0,9250000.0,0.0,0.0,,,,9200000.0,50000.0,0.0,0.0,0.0,0.0,0.0,0.0,0.0,0.0
own:23,1,2026-10,744.0,924267843072.0002,671485605194.8799,252782237877.1203,0.0,2912.5599999999995,2972.0,23,0.0,0.0,0.0,0.992088943446991,204473.6,202855.99778680265,204473.6,0.0,,,,0.0,0.0,0.0,0.0,0.0,0.0,0.0,0.0,0.0,0.0
own:23,2,2026-11,720.0,898925015116.8,650699375155.2,248225639961.60022,0.0,2822.4,2880.0,23,0.0,0.0,0.0,0.9842404717097668,198144.0,195021.34402646002,198144.0,0.0,,,,0.0,0.0,0.0,0.0,0.0,0.0,0.0,0.0,0.0,0.0
own:23,3,2026-12,744.0,933533628198.7966,671485605194.8799,262048023003.9168,0.0,2912.5599999999995,2972.0,23,0.0,0.0,0.0,0.9764540896763105,204473.6,199659.08295083806,204473.6,0.0,,,,0.0,0.0,0.0,0.0,0.0,0.0,0.0,0.0,0.0,0.0
own:23,4,2027-01,744.0,938201296339.7905,671485605194.8799,266715691144.9107,0.0,2912.5599999999995,2972.0,23,0.0,0.0,0.0,0.9687293061514642,204473.6,198079.56865429203,204473.6,0.0,,,,0.0,0.0,0.0,0.0,0.0,0.0,0.0,0.0,0.0,0.0
own:23,5,2027-02,672.0,851644660612.9583,606415667679.3599,245228992933.59842,0.0,2630.3199999999997,2684.0,23,0.0,0.0,0.0,0.9610656338259428,184659.19999999998,177469.61108979152,184659.19999999998,0.0,,,,0.0,0.0,0.0,0.0,0.0,0.0,0.0,0.0,0.0,0.0
own:23,6,2027-03,744.0,947606764335.5967,671485605194.8799,276121159140.71686,0.0,2912.5599999999995,2972.0,23,0.0,0.0,0.0,0.9534625892455922,204473.6,194957.92808836754,204473.6,0.0,,,,0.0,0.0,0.0,0.0,0.0,0.0,0.0,0.0,0.0,0.0
own:23,7,2027-04,720.0,921623998216.7175,921623998216.7175,0.0,3997.5319969324496,0.0,0.0,23,12562.46800306755,65100.2559754596,81375.3199693245,0.9459196927808919,17804.198663599116,16841.342130081644,0.0,0.0,,,,0.0,0.0,0.0,0.0,9666.666666666666,0.0,8137.53199693245,0.0,0.0,0.0
own:23,8,2027-05,744.0,957106522148.061,957106522148.061,0.0,4151.436978814349,0.0,0.0,23,12960.563021185651,67435.49583051479,84294.3697881435,0.9384364685966974,18096.103645481016,16982.043600425026,0.0,0.0,,,,0.0,0.0,0.0,0.0,9666.666666666666,0.0,8429.43697881435,0.0,0.0,0.0
own:23,9,2027-06,720.0,930863278798.8401,930863278798.8401,0.0,4037.607255201697,0.0,0.0,23,12522.392744798302,65420.85804161358,81776.07255201698,0.9310124446222228,17844.273921868364,16613.241086507245,0.0,0.0,,,,0.0,0.0,0.0,0.0,9666.666666666666,0.0,8177.6072552016985,0.0,0.0,0.0
own:23,10,2027-07,744.0,966701515032.5951,966701515032.5951,0.0,4193.055134526961,0.0,0.0,23,12918.944865473039,67768.44107621569,84710.55134526962,0.9236471525212612,18137.721801193627,16752.855094895294,0.0,0.0,,,,0.0,0.0,0.0,0.0,9666.666666666666,0.0,8471.055134526961,0.0,0.0,0.0
own:23,11,2027-08,744.0,971535022607.758,971535022607.758,0.0,4214.020410199596,0.0,0.0,23,12897.979589800405,67936.16328159676,84920.20410199594,0.9163401276626397,18158.687076866263,16639.533634201558,0.0,0.0,,,,0.0,0.0,0.0,0.0,9666.666666666666,0.0,8492.020410199595,0.0,0.0,0.0
own:23,12,2027-09,720.0,944896159084.6421,944896159084.6421,0.0,4098.474689274768,0.0,0.0,23,12461.525310725232,65907.79751419814,82384.74689274767,0.9090909090909091,17905.141355941436,16277.401232674032,0.0,0.0,,,,0.0,0.0,0.0,0.0,9666.666666666666,0.0,8238.474689274768,0.0,0.0,0.0
own:23,13,2027-10,744.0,981274661209.4006,981274661209.4006,0.0,4256.265964811846,0.0,0.0,23,12855.734035188154,68274.12771849477,85342.65964811845,0.9018990394972645,18200.932631478514,16415.40365828489,0.0,0.0,,,,0.0,0.0,0.0,0.0,9666.666666666666,0.0,8534.265964811846,0.0,0.0,0.0
own:23,14,2027-11,720.0,954368743079.4653,954368743079.4653,0.0,4139.561898034746,0.0,0.0,23,12420.438101965254,66236.49518427797,82795.61898034747,0.894764065190697,17946.228564701414,16057.640425393643,0.0,0.0,,,,0.0,0.0,0.0,0.0,9666.666666666666,0.0,8279.561898034748,0.0,0.0,0.0
own:23,15,2027-12,744.0,991111939688.0247,991111939688.0247,0.0,4298.935031109084,0.0,0.0,23,12813.064968890916,68615.48024887267,85769.35031109084,0.8876855360693732,18243.60169777575,16194.581352926192,0.0,0.0,,,,0.0,0.0,0.0,0.0,9666.666666666666,0.0,8576.935031109084,0.0,0.0,0.0
own:23,16,2028-01,744.0,996067499386.4646,996067499386.4646,0.0,4320.429706264628,0.0,0.0,23,12791.57029373537,68787.43765011703,85984.29706264629,0.8806630055922402,18265.096372931293,16085.394669217598,0.0,0.0,,,,0.0,0.0,0.0,0.0,9666.666666666666,0.0,8598.42970626463,0.0,0.0,0.0
own:23,17,2028-02,696.0,936464105471.565,936464105471.565,0.0,4061.9007673897618,0.0,0.0,23,11946.099232610239,64511.20613911809,80639.0076738976,0.873696030750857,17730.56743405643,15491.12639009551,0.0,0.0,,,,0.0,0.0,0.0,0.0,9666.666666666666,0.0,8063.900767389761,0.0,0.0,0.0
own:23,18,2028-03,744.0,1006053076067.8136,1006053076067.8136,0.0,4363.74201406993,0.0,0.0,23,12748.257985930071,69133.93611255943,86417.42014069928,0.8667841720414474,18308.408680736597,15869.43885972872,0.0,0.0,,,,0.0,0.0,0.0,0.0,9666.666666666666,0.0,8641.742014069929,0.0,0.0,0.0
own:23,19,2028-04,720.0,978467749788.5349,978467749788.5349,0.0,4244.091023361561,0.0,0.0,23,12315.908976638439,67072.72818689249,83840.9102336156,0.8599269934371745,18050.75769002823,15522.333789648932,0.0,0.0,,,,0.0,0.0,0.0,0.0,9666.666666666666,0.0,8384.091023361561,0.0,0.0,0.0
own:23,20,2028-05,744.0,1016138758155.3933,1016138758155.3933,0.0,4407.488527760981,0.0,0.0,23,12704.511472239019,69483.90822208785,86854.8852776098,0.8531240623606339,18352.155194427647,15656.665192542923,0.0,0.0,,,,0.0,0.0,0.0,0.0,9666.666666666666,0.0,8685.488527760981,0.0,0.0,0.0
own:23,21,2028-06,720.0,988276888980.1646,988276888980.1646,0.0,4286.638035870759,0.0,0.0,23,12273.36196412924,67413.10428696607,84266.3803587076,0.8463749496565661,18093.304702537425,15313.719856731024,0.0,0.0,,,,0.0,0.0,0.0,0.0,9666.666666666666,0.0,8426.63803587076,0.0,0.0,0.0
own:23,22,2028-07,744.0,1026325549205.9009,1026325549205.9009,0.0,4451.673600251784,0.0,0.0,23,12660.326399748217,69837.38880201426,87296.73600251784,0.8396792295647828,18396.34026691845,15447.024822137675,0.0,0.0,,,,0.0,0.0,0.0,0.0,9666.666666666666,0.0,8729.673600251785,0.0,0.0,0.0
own:23,23,2028-08,744.0,1031457176951.9302,1031457176951.9302,0.0,4473.931968253041,0.0,0.0,23,12638.06803174696,70015.45574602432,87519.3196825304,0.8330364796933087,18418.598634919705,15343.364567717492,0.0,0.0,,,,0.0,0.0,0.0,0.0,9666.666666666666,0.0,8751.93196825304,0.0,0.0,0.0
own:23,24,2028-09,720.0,1003175286616.1516,1003175286616.1516,0.0,4351.259640091264,0.0,0.0,23,12208.740359908736,67930.07712073011,84912.59640091265,0.8264462809917354,18157.92630675793,15006.55066674209,0.0,0.0,,,,0.0,0.0,0.0,0.0,9666.666666666666,0.0,8491.259640091264,0.0,0.0,0.0
own:23,25,2028-10,744.0,1041797535150.8733,1041797535150.8733,0.0,4518.783136234778,0.0,0.0,23,12593.216863765221,70374.26508987823,87967.83136234779,0.8199082177247857,18463.449802901443,15138.334220947969,0.0,0.0,,,,0.0,0.0,0.0,0.0,9666.666666666666,0.0,8796.783136234779,0.0,0.0,0.0
own:23,26,2028-11,720.0,1013232118864.478,1013232118864.478,0.0,4394.881017983178,0.0,0.0,23,12165.118982016822,68279.04814386542,85348.81017983178,0.8134218774460882,18201.547684649842,14805.537090072374,0.0,0.0,,,,0.0,0.0,0.0,0.0,9666.666666666666,0.0,8534.881017983178,0.0,0.0,0.0
own:23,27,2028-12,744.0,1052241555440.7605,1052241555440.7605,0.0,4564.08393717553,0.0,0.0,23,12547.91606282447,70736.67149740424,88420.8393717553,0.8069868509721573,18508.750603842196,14936.318365223628,0.0,0.0,,,,0.0,0.0,0.0,0.0,9666.666666666666,0.0,8842.08393717553,0.0,0.0,0.0
own:23,28,2029-01,744.0,1057502763217.9641,1057502763217.9641,0.0,4586.904356861408,0.0,0.0,23,12525.095643138593,70919.23485489126,88649.04356861407,0.8006027323565819,18531.57102352807,14836.426396296632,0.0,0.0,,,,0.0,0.0,0.0,0.0,9666.666666666666,0.0,8864.904356861407,0.0,0.0,0.0
own:23,29,2029-02,672.0,959939605063.0164,959939605063.0164,0.0,4163.725438776774,0.0,0.0,23,11292.274561223225,64221.803510214195,80277.25438776774,0.7942691188644154,17694.39210544344,14054.109226432029,0.0,0.0,,,,0.0,0.0,0.0,0.0,9666.666666666666,0.0,8027.725438776774,0.0,0.0,0.0
own:23,30,2029-03,744.0,1068104228419.2241,1068104228419.2241,0.0,4632.888073038943,0.0,0.0,23,12479.111926961057,71287.10458431154,89108.88073038943,0.7879856109467703,18577.554739705607,14638.845821463992,0.0,0.0,,,,0.0,0.0,0.0,0.0,9666.666666666666,0.0,8910.888073038943,0.0,0.0,0.0
own:23,31,2029-04,720.0,1038817499575.4711,1038817499575.4711,0.0,4505.857271036261,0.0,0.0,23,12054.14272896374,69166.85816829008,86458.57271036261,0.7817518122156131,18312.52393770293,14315.848774541058,0.0,0.0,,,,0.0,0.0,0.0,0.0,9666.666666666666,0.0,8645.857271036262,0.0,0.0,0.0
own:23,32,2029-05,744.0,1078811973309.1265,1078811973309.1265,0.0,4679.332775971157,0.0,0.0,23,12432.667224028843,71658.66220776926,89573.32775971157,0.7755673294187581,18623.999442637825,14444.165510823057,0.0,0.0,,,,0.0,0.0,0.0,0.0,9666.666666666666,0.0,8957.332775971157,0.0,0.0,0.0
own:23,33,2029-06,720.0,1049231645008.715,1049231645008.715,0.0,4551.028490178399,0.0,0.0,23,12008.9715098216,69528.2279214272,86910.284901784,0.76943177241506,18357.695156845068,14124.993921986663,0.0,0.0,,,,0.0,0.0,0.0,0.0,9666.666666666666,0.0,8691.028490178402,0.0,0.0,0.0
own:23,34,2029-07,744.0,1089627063341.5503,1089627063341.5503,0.0,4726.243087050267,0.0,0.0,23,12385.756912949733,72033.94469640213,90042.43087050266,0.7633447541498025,18670.909753716933,14252.341015704202,0.0,0.0,,,,0.0,0.0,0.0,0.0,9666.666666666666,0.0,9004.243087050267,0.0,0.0,0.0
own:23,35,2029-08,744.0,1095075198658.2579,1095075198658.2579,0.0,4749.874302485518,0.0,0.0,23,12362.125697514482,72222.99441988414,90278.74302485518,0.7573058906302806,18694.540969152185,14157.485998568065,0.0,0.0,,,,0.0,0.0,0.0,0.0,9666.666666666666,0.0,9027.87430248552,0.0,0.0,0.0
own:23,36,2029-09,720.0,1065048943211.1765,1065048943211.1765,0.0,4619.635813546398,0.0,0.0,23,11940.364186453602,70077.08650837118,87596.35813546398,0.7513148009015775,18426.302480213064,13843.953779273523,0.0,0.0,,,,0.0,0.0,0.0,0.0,9666.666666666666,0.0,8759.635813546398,0.0,0.0,0.0
own:24,0,time_zero,0.0,0.0,0.0,0.0,0.0,0.0,0.0,24,0.0,0.0,0.0,1.0,9650000.0,9650000.0,0.0,0.0,,,,9600000.0,50000.0,0.0,0.0,0.0,0.0,0.0,0.0,0.0,0.0
own:24,1,2026-10,744.0,924267843072.0002,671485605194.8799,252782237877.1203,0.0,2912.5599999999995,2972.0,24,0.0,0.0,0.0,0.992088943446991,204473.6,202855.99778680265,204473.6,0.0,,,,0.0,0.0,0.0,0.0,0.0,0.0,0.0,0.0,0.0,0.0
own:24,2,2026-11,720.0,898925015116.8,650699375155.2,248225639961.60022,0.0,2822.4,2880.0,24,0.0,0.0,0.0,0.9842404717097668,198144.0,195021.34402646002,198144.0,0.0,,,,0.0,0.0,0.0,0.0,0.0,0.0,0.0,0.0,0.0,0.0
own:24,3,2026-12,744.0,933533628198.7966,671485605194.8799,262048023003.9168,0.0,2912.5599999999995,2972.0,24,0.0,0.0,0.0,0.9764540896763105,204473.6,199659.08295083806,204473.6,0.0,,,,0.0,0.0,0.0,0.0,0.0,0.0,0.0,0.0,0.0,0.0
own:24,4,2027-01,744.0,938201296339.7905,671485605194.8799,266715691144.9107,0.0,2912.5599999999995,2972.0,24,0.0,0.0,0.0,0.9687293061514642,204473.6,198079.56865429203,204473.6,0.0,,,,0.0,0.0,0.0,0.0,0.0,0.0,0.0,0.0,0.0,0.0
own:24,5,2027-02,672.0,851644660612.9583,606415667679.3599,245228992933.59842,0.0,2630.3199999999997,2684.0,24,0.0,0.0,0.0,0.9610656338259428,184659.19999999998,177469.61108979152,184659.19999999998,0.0,,,,0.0,0.0,0.0,0.0,0.0,0.0,0.0,0.0,0.0,0.0
own:24,6,2027-03,744.0,947606764335.5967,671485605194.8799,276121159140.71686,0.0,2912.5599999999995,2972.0,24,0.0,0.0,0.0,0.9534625892455922,204473.6,194957.92808836754,204473.6,0.0,,,,0.0,0.0,0.0,0.0,0.0,0.0,0.0,0.0,0.0,0.0
own:24,7,2027-04,720.0,921623998216.7175,921623998216.7175,0.0,3997.5319969324496,0.0,0.0,24,13282.46800306755,66540.2559754596,83175.3199693245,0.9459196927808919,18317.53199693245,17326.9142390425,0.0,0.0,,,,0.0,0.0,0.0,0.0,10000.0,0.0,8317.53199693245,0.0,0.0,0.0
own:24,8,2027-05,744.0,957106522148.061,957106522148.061,0.0,4151.436978814349,0.0,0.0,24,13704.563021185651,68923.49583051479,86154.3697881435,0.9384364685966974,18615.436978814352,17469.404939782915,0.0,0.0,,,,0.0,0.0,0.0,0.0,10000.0,0.0,8615.43697881435,0.0,0.0,0.0
own:24,9,2027-06,720.0,930863278798.8401,930863278798.8401,0.0,4037.607255201697,0.0,0.0,24,13242.392744798302,66860.85804161358,83576.07255201698,0.9310124446222228,18357.6072552017,17091.16080807999,0.0,0.0,,,,0.0,0.0,0.0,0.0,10000.0,0.0,8357.607255201698,0.0,0.0,0.0
own:24,10,2027-07,744.0,966701515032.5951,966701515032.5951,0.0,4193.055134526961,0.0,0.0,24,13662.944865473039,69256.44107621569,86570.55134526962,0.9236471525212612,18657.055134526963,17232.535849438005,0.0,0.0,,,,0.0,0.0,0.0,0.0,10000.0,0.0,8657.055134526961,0.0,0.0,0.0
own:24,11,2027-08,744.0,971535022607.758,971535022607.758,0.0,4214.020410199596,0.0,0.0,24,13641.979589800405,69424.16328159676,86780.20410199594,0.9163401276626397,18678.020410199595,17115.41960716769,0.0,0.0,,,,0.0,0.0,0.0,0.0,10000.0,0.0,8678.020410199595,0.0,0.0,0.0
own:24,12,2027-09,720.0,944896159084.6421,944896159084.6421,0.0,4098.474689274768,0.0,0.0,24,13181.525310725232,67347.79751419814,84184.74689274767,0.9090909090909091,18418.474689274768,16744.0678993407,0.0,0.0,,,,0.0,0.0,0.0,0.0,10000.0,0.0,8418.474689274768,0.0,0.0,0.0
own:24,13,2027-10,744.0,981274661209.4006,981274661209.4006,0.0,4256.265964811846,0.0,0.0,24,13599.734035188154,69762.12771849477,87202.65964811845,0.9018990394972645,18720.265964811846,16883.789892797136,0.0,0.0,,,,0.0,0.0,0.0,0.0,10000.0,0.0,8720.265964811846,0.0,0.0,0.0
own:24,14,2027-11,720.0,954368743079.4653,954368743079.4653,0.0,4139.561898034746,0.0,0.0,24,13140.438101965254,67676.49518427797,84595.61898034747,0.894764065190697,18459.56189803475,16516.95264552487,0.0,0.0,,,,0.0,0.0,0.0,0.0,10000.0,0.0,8459.561898034748,0.0,0.0,0.0
own:24,15,2027-12,744.0,991111939688.0247,991111939688.0247,0.0,4298.935031109084,0.0,0.0,24,13557.064968890916,70103.48024887267,87629.35031109084,0.8876855360693732,18762.935031109082,16655.586041324885,0.0,0.0,,,,0.0,0.0,0.0,0.0,10000.0,0.0,8762.935031109084,0.0,0.0,0.0
own:24,16,2028-01,744.0,996067499386.4646,996067499386.4646,0.0,4320.429706264628,0.0,0.0,24,13535.57029373537,70275.43765011703,87844.29706264629,0.8806630055922402,18784.42970626463,16542.75232345517,0.0,0.0,,,,0.0,0.0,0.0,0.0,10000.0,0.0,8784.42970626463,0.0,0.0,0.0
own:24,17,2028-02,696.0,936464105471.565,936464105471.565,0.0,4061.9007673897618,0.0,0.0,24,12642.099232610239,65903.20613911809,82379.0076738976,0.873696030750857,18237.90076738976,15934.381509696443,0.0,0.0,,,,0.0,0.0,0.0,0.0,10000.0,0.0,8237.900767389761,0.0,0.0,0.0
own:24,18,2028-03,744.0,1006053076067.8136,1006053076067.8136,0.0,4363.74201406993,0.0,0.0,24,13492.257985930071,70621.93611255943,88277.42014069928,0.8667841720414474,18827.74201406993,16319.588773075577,0.0,0.0,,,,0.0,0.0,0.0,0.0,10000.0,0.0,8827.742014069929,0.0,0.0,0.0
own:24,19,2028-04,720.0,978467749788.5349,978467749788.5349,0.0,4244.091023361561,0.0,0.0,24,13035.908976638439,68512.72818689249,85640.9102336156,0.8599269934371745,18564.09102336156,15963.762979613348,0.0,0.0,,,,0.0,0.0,0.0,0.0,10000.0,0.0,8564.091023361561,0.0,0.0,0.0
own:24,20,2028-05,744.0,1016138758155.3933,1016138758155.3933,0.0,4407.488527760981,0.0,0.0,24,13448.511472239019,70971.90822208785,88714.8852776098,0.8531240623606339,18871.48852776098,16099.720955595545,0.0,0.0,,,,0.0,0.0,0.0,0.0,10000.0,0.0,8871.488527760981,0.0,0.0,0.0
own:24,21,2028-06,720.0,988276888980.1646,988276888980.1646,0.0,4286.638035870759,0.0,0.0,24,12993.36196412924,68853.10428696607,86066.3803587076,0.8463749496565661,18606.63803587076,15748.192330888063,0.0,0.0,,,,0.0,0.0,0.0,0.0,10000.0,0.0,8606.63803587076,0.0,0.0,0.0
own:24,22,2028-07,744.0,1026325549205.9009,1026325549205.9009,0.0,4451.673600251784,0.0,0.0,24,13404.326399748217,71325.38880201426,89156.73600251784,0.8396792295647828,18915.673600251786,15883.098235358322,0.0,0.0,,,,0.0,0.0,0.0,0.0,10000.0,0.0,8915.673600251785,0.0,0.0,0.0
own:24,23,2028-08,744.0,1031457176951.9302,1031457176951.9302,0.0,4473.931968253041,0.0,0.0,24,13382.06803174696,71503.45574602432,89379.3196825304,0.8330364796933087,18937.93196825304,15775.988179504886,0.0,0.0,,,,0.0,0.0,0.0,0.0,10000.0,0.0,8937.93196825304,0.0,0.0,0.0
own:24,24,2028-09,720.0,1003175286616.1516,1003175286616.1516,0.0,4351.259640091264,0.0,0.0,24,12928.740359908736,69370.07712073011,86712.59640091265,0.8264462809917354,18671.259640091266,15430.793090984516,0.0,0.0,,,,0.0,0.0,0.0,0.0,10000.0,0.0,8671.259640091264,0.0,0.0,0.0
own:24,25,2028-10,744.0,1041797535150.8733,1041797535150.8733,0.0,4518.783136234778,0.0,0.0,24,13337.216863765221,71862.26508987823,89827.83136234779,0.8199082177247857,18982.78313623478,15564.139888686375,0.0,0.0,,,,0.0,0.0,0.0,0.0,10000.0,0.0,8982.783136234779,0.0,0.0,0.0
own:24,26,2028-11,720.0,1013232118864.478,1013232118864.478,0.0,4394.881017983178,0.0,0.0,24,12885.118982016822,69719.04814386542,87148.81017983178,0.8134218774460882,18714.881017983178,15223.093653828035,0.0,0.0,,,,0.0,0.0,0.0,0.0,10000.0,0.0,8714.881017983178,0.0,0.0,0.0
own:24,27,2028-12,744.0,1052241555440.7605,1052241555440.7605,0.0,4564.08393717553,0.0,0.0,24,13291.91606282447,72224.67149740424,90280.8393717553,0.8069868509721573,19028.08393717553,15355.413536495167,0.0,0.0,,,,0.0,0.0,0.0,0.0,10000.0,0.0,9028.08393717553,0.0,0.0,0.0
own:24,28,2029-01,744.0,1057502763217.9641,1057502763217.9641,0.0,4586.904356861408,0.0,0.0,24,13269.095643138593,72407.23485489126,90509.04356861407,0.8006027323565819,19050.904356861407,15252.206081967151,0.0,0.0,,,,0.0,0.0,0.0,0.0,10000.0,0.0,9050.904356861407,0.0,0.0,0.0
own:24,29,2029-02,672.0,959939605063.0164,959939605063.0164,0.0,4163.725438776774,0.0,0.0,24,11964.274561223225,65565.8035102142,81957.25438776775,0.7942691188644154,18195.725438776775,14452.302811356058,0.0,0.0,,,,0.0,0.0,0.0,0.0,10000.0,0.0,8195.725438776775,0.0,0.0,0.0
own:24,30,2029-03,744.0,1068104228419.2241,1068104228419.2241,0.0,4632.888073038943,0.0,0.0,24,13223.111926961057,72775.10458431154,90968.88073038943,0.7879856109467703,19096.888073038943,15048.073015415683,0.0,0.0,,,,0.0,0.0,0.0,0.0,10000.0,0.0,9096.888073038943,0.0,0.0,0.0
own:24,31,2029-04,720.0,1038817499575.4711,1038817499575.4711,0.0,4505.857271036261,0.0,0.0,24,12774.14272896374,70606.85816829008,88258.57271036261,0.7817518122156131,18825.857271036264,14717.148038145075,0.0,0.0,,,,0.0,0.0,0.0,0.0,10000.0,0.0,8825.857271036262,0.0,0.0,0.0
own:24,32,2029-05,744.0,1078811973309.1265,1078811973309.1265,0.0,4679.332775971157,0.0,0.0,24,13176.667224028843,73146.66220776926,91433.32775971157,0.7755673294187581,19143.332775971157,14846.94347723453,0.0,0.0,,,,0.0,0.0,0.0,0.0,10000.0,0.0,9143.332775971157,0.0,0.0,0.0
own:24,33,2029-06,720.0,1049231645008.715,1049231645008.715,0.0,4551.028490178399,0.0,0.0,24,12728.9715098216,70968.2279214272,88710.284901784,0.76943177241506,18871.028490178403,14519.968898493064,0.0,0.0,,,,0.0,0.0,0.0,0.0,10000.0,0.0,8871.028490178402,0.0,0.0,0.0
own:24,34,2029-07,744.0,1089627063341.5503,1089627063341.5503,0.0,4726.243087050267,0.0,0.0,24,13129.756912949733,73521.94469640213,91902.43087050266,0.7633447541498025,19190.243087050265,14648.771391359332,0.0,0.0,,,,0.0,0.0,0.0,0.0,10000.0,0.0,9190.243087050267,0.0,0.0,0.0
own:24,35,2029-08,744.0,1095075198658.2579,1095075198658.2579,0.0,4749.874302485518,0.0,0.0,24,13106.125697514482,73710.99441988414,92138.74302485518,0.7573058906302806,19213.87430248552,14550.78019110206,0.0,0.0,,,,0.0,0.0,0.0,0.0,10000.0,0.0,9213.87430248552,0.0,0.0,0.0
own:24,36,2029-09,720.0,1065048943211.1765,1065048943211.1765,0.0,4619.635813546398,0.0,0.0,24,12660.364186453602,71517.08650837118,89396.35813546398,0.7513148009015775,18939.635813546396,14229.628710402998,0.0,0.0,,,,0.0,0.0,0.0,0.0,10000.0,0.0,8939.635813546398,0.0,0.0,0.0
own:25,0,time_zero,0.0,0.0,0.0,0.0,0.0,0.0,0.0,25,0.0,0.0,0.0,1.0,10050000.0,10050000.0,0.0,0.0,,,,10000000.0,50000.0,0.0,0.0,0.0,0.0,0.0,0.0,0.0,0.0
own:25,1,2026-10,744.0,924267843072.0002,671485605194.8799,252782237877.1203,0.0,2912.5599999999995,2972.0,25,0.0,0.0,0.0,0.992088943446991,204473.6,202855.99778680265,204473.6,0.0,,,,0.0,0.0,0.0,0.0,0.0,0.0,0.0,0.0,0.0,0.0
own:25,2,2026-11,720.0,898925015116.8,650699375155.2,248225639961.60022,0.0,2822.4,2880.0,25,0.0,0.0,0.0,0.9842404717097668,198144.0,195021.34402646002,198144.0,0.0,,,,0.0,0.0,0.0,0.0,0.0,0.0,0.0,0.0,0.0,0.0
own:25,3,2026-12,744.0,933533628198.7966,671485605194.8799,262048023003.9168,0.0,2912.5599999999995,2972.0,25,0.0,0.0,0.0,0.9764540896763105,204473.6,199659.08295083806,204473.6,0.0,,,,0.0,0.0,0.0,0.0,0.0,0.0,0.0,0.0,0.0,0.0
own:25,4,2027-01,744.0,938201296339.7905,671485605194.8799,266715691144.9107,0.0,2912.5599999999995,2972.0,25,0.0,0.0,0.0,0.9687293061514642,204473.6,198079.56865429203,204473.6,0.0,,,,0.0,0.0,0.0,0.0,0.0,0.0,0.0,0.0,0.0,0.0
own:25,5,2027-02,672.0,851644660612.9583,606415667679.3599,245228992933.59842,0.0,2630.3199999999997,2684.0,25,0.0,0.0,0.0,0.9610656338259428,184659.19999999998,177469.61108979152,184659.19999999998,0.0,,,,0.0,0.0,0.0,0.0,0.0,0.0,0.0,0.0,0.0,0.0
own:25,6,2027-03,744.0,947606764335.5967,671485605194.8799,276121159140.71686,0.0,2912.5599999999995,2972.0,25,0.0,0.0,0.0,0.9534625892455922,204473.6,194957.92808836754,204473.6,0.0,,,,0.0,0.0,0.0,0.0,0.0,0.0,0.0,0.0,0.0,0.0
own:25,7,2027-04,720.0,921623998216.7175,921623998216.7175,0.0,3997.5319969324496,0.0,0.0,25,14002.46800306755,67980.2559754596,84975.3199693245,0.9459196927808919,18830.865330265784,17812.48634800336,0.0,0.0,,,,0.0,0.0,0.0,0.0,10333.333333333334,0.0,8497.53199693245,0.0,0.0,0.0
own:25,8,2027-05,744.0,957106522148.061,957106522148.061,0.0,4151.436978814349,0.0,0.0,25,14448.563021185651,70411.49583051479,88014.3697881435,0.9384364685966974,19134.770312147684,17956.766279140797,0.0,0.0,,,,0.0,0.0,0.0,0.0,10333.333333333334,0.0,8801.43697881435,0.0,0.0,0.0
own:25,9,2027-06,720.0,930863278798.8401,930863278798.8401,0.0,4037.607255201697,0.0,0.0,25,13962.392744798302,68300.85804161358,85376.07255201698,0.9310124446222228,18870.94058853503,17569.08052965273,0.0,0.0,,,,0.0,0.0,0.0,0.0,10333.333333333334,0.0,8537.607255201698,0.0,0.0,0.0
own:25,10,2027-07,744.0,966701515032.5951,966701515032.5951,0.0,4193.055134526961,0.0,0.0,25,14406.944865473039,70744.44107621569,88430.55134526962,0.9236471525212612,19176.388467860295,17712.216603980713,0.0,0.0,,,,0.0,0.0,0.0,0.0,10333.333333333334,0.0,8843.055134526961,0.0,0.0,0.0
own:25,11,2027-08,744.0,971535022607.758,971535022607.758,0.0,4214.020410199596,0.0,0.0,25,14385.979589800405,70912.16328159676,88640.20410199594,0.9163401276626397,19197.353743532927,17591.305580133816,0.0,0.0,,,,0.0,0.0,0.0,0.0,10333.333333333334,0.0,8864.020410199595,0.0,0.0,0.0
own:25,12,2027-09,720.0,944896159084.6421,944896159084.6421,0.0,4098.474689274768,0.0,0.0,25,13901.525310725232,68787.79751419814,85984.74689274767,0.9090909090909091,18931.8080226081,17210.734566007362,0.0,0.0,,,,0.0,0.0,0.0,0.0,10333.333333333334,0.0,8598.474689274768,0.0,0.0,0.0
own:25,13,2027-10,744.0,981274661209.4006,981274661209.4006,0.0,4256.265964811846,0.0,0.0,25,14343.734035188154,71250.12771849477,89062.65964811845,0.9018990394972645,19239.59929814518,17352.17612730938,0.0,0.0,,,,0.0,0.0,0.0,0.0,10333.333333333334,0.0,8906.265964811846,0.0,0.0,0.0
own:25,14,2027-11,720.0,954368743079.4653,954368743079.4653,0.0,4139.561898034746,0.0,0.0,25,13860.438101965254,69116.49518427797,86395.61898034747,0.894764065190697,18972.895231368082,16976.264865656092,0.0,0.0,,,,0.0,0.0,0.0,0.0,10333.333333333334,0.0,8639.561898034748,0.0,0.0,0.0
own:25,15,2027-12,744.0,991111939688.0247,991111939688.0247,0.0,4298.935031109084,0.0,0.0,25,14301.064968890916,71591.48024887267,89489.35031109084,0.8876855360693732,19282.268364442418,17116.590729723583,0.0,0.0,,,,0.0,0.0,0.0,0.0,10333.333333333334,0.0,8948.935031109084,0.0,0.0,0.0
own:25,16,2028-01,744.0,996067499386.4646,996067499386.4646,0.0,4320.429706264628,0.0,0.0,25,14279.57029373537,71763.43765011703,89704.29706264629,0.8806630055922402,19303.763039597965,17000.109977692744,0.0,0.0,,,,0.0,0.0,0.0,0.0,10333.333333333334,0.0,8970.42970626463,0.0,0.0,0.0
own:25,17,2028-02,696.0,936464105471.565,936464105471.565,0.0,4061.9007673897618,0.0,0.0,25,13338.099232610239,67295.20613911809,84119.0076738976,0.873696030750857,18745.234100723093,16377.636629297376,0.0,0.0,,,,0.0,0.0,0.0,0.0,10333.333333333334,0.0,8411.900767389761,0.0,0.0,0.0
own:25,18,2028-03,744.0,1006053076067.8136,1006053076067.8136,0.0,4363.74201406993,0.0,0.0,25,14236.257985930071,72109.93611255943,90137.42014069928,0.8667841720414474,19347.07534740326,16769.738686422435,0.0,0.0,,,,0.0,0.0,0.0,0.0,10333.333333333334,0.0,9013.742014069929,0.0,0.0,0.0
own:25,19,2028-04,720.0,978467749788.5349,978467749788.5349,0.0,4244.091023361561,0.0,0.0,25,13755.908976638439,69952.72818689249,87440.9102336156,0.8599269934371745,19077.424356694894,16405.192169577764,0.0,0.0,,,,0.0,0.0,0.0,0.0,10333.333333333334,0.0,8744.091023361561,0.0,0.0,0.0
own:25,20,2028-05,744.0,1016138758155.3933,1016138758155.3933,0.0,4407.488527760981,0.0,0.0,25,14192.511472239019,72459.90822208785,90574.8852776098,0.8531240623606339,19390.821861094315,16542.77671864817,0.0,0.0,,,,0.0,0.0,0.0,0.0,10333.333333333334,0.0,9057.488527760981,0.0,0.0,0.0
own:25,21,2028-06,720.0,988276888980.1646,988276888980.1646,0.0,4286.638035870759,0.0,0.0,25,13713.36196412924,70293.10428696607,87866.3803587076,0.8463749496565661,19119.971369204093,16182.6648050451,0.0,0.0,,,,0.0,0.0,0.0,0.0,10333.333333333334,0.0,8786.63803587076,0.0,0.0,0.0
own:25,22,2028-07,744.0,1026325549205.9009,1026325549205.9009,0.0,4451.673600251784,0.0,0.0,25,14148.326399748217,72813.38880201426,91016.73600251784,0.8396792295647828,19435.00693358512,16319.171648578964,0.0,0.0,,,,0.0,0.0,0.0,0.0,10333.333333333334,0.0,9101.673600251785,0.0,0.0,0.0
own:25,23,2028-08,744.0,1031457176951.9302,1031457176951.9302,0.0,4473.931968253041,0.0,0.0,25,14126.06803174696,72991.45574602432,91239.3196825304,0.8330364796933087,19457.265301586376,16208.61179129228,0.0,0.0,,,,0.0,0.0,0.0,0.0,10333.333333333334,0.0,9123.93196825304,0.0,0.0,0.0
own:25,24,2028-09,720.0,1003175286616.1516,1003175286616.1516,0.0,4351.259640091264,0.0,0.0,25,13648.740359908736,70810.07712073011,88512.59640091265,0.8264462809917354,19184.5929734246,15855.035515226939,0.0,0.0,,,,0.0,0.0,0.0,0.0,10333.333333333334,0.0,8851.259640091264,0.0,0.0,0.0
own:25,25,2028-10,744.0,1041797535150.8733,1041797535150.8733,0.0,4518.783136234778,0.0,0.0,25,14081.216863765221,73350.26508987823,91687.83136234779,0.8199082177247857,19502.116469568115,15989.945556424784,0.0,0.0,,,,0.0,0.0,0.0,0.0,10333.333333333334,0.0,9168.783136234779,0.0,0.0,0.0
own:25,26,2028-11,720.0,1013232118864.478,1013232118864.478,0.0,4394.881017983178,0.0,0.0,25,13605.118982016822,71159.04814386542,88948.81017983178,0.8134218774460882,19228.214351316514,15640.650217583696,0.0,0.0,,,,0.0,0.0,0.0,0.0,10333.333333333334,0.0,8894.881017983178,0.0,0.0,0.0
own:25,27,2028-12,744.0,1052241555440.7605,1052241555440.7605,0.0,4564.08393717553,0.0,0.0,25,14035.91606282447,73712.67149740424,92140.8393717553,0.8069868509721573,19547.417270508864,15774.50870776671,0.0,0.0,,,,0.0,0.0,0.0,0.0,10333.333333333334,0.0,9214.08393717553,0.0,0.0,0.0
own:25,28,2029-01,744.0,1057502763217.9641,1057502763217.9641,0.0,4586.904356861408,0.0,0.0,25,14013.095643138593,73895.23485489126,92369.04356861407,0.8006027323565819,19570.237690194743,15667.985767637672,0.0,0.0,,,,0.0,0.0,0.0,0.0,10333.333333333334,0.0,9236.904356861407,0.0,0.0,0.0
own:25,29,2029-02,672.0,959939605063.0164,959939605063.0164,0.0,4163.725438776774,0.0,0.0,25,12636.274561223225,66909.8035102142,83637.25438776775,0.7942691188644154,18697.05877211011,14850.496396280087,0.0,0.0,,,,0.0,0.0,0.0,0.0,10333.333333333334,0.0,8363.725438776775,0.0,0.0,0.0
own:25,30,2029-03,744.0,1068104228419.2241,1068104228419.2241,0.0,4632.888073038943,0.0,0.0,25,13967.111926961057,74263.10458431154,92828.88073038943,0.7879856109467703,19616.22140637228,15457.300209367375,0.0,0.0,,,,0.0,0.0,0.0,0.0,10333.333333333334,0.0,9282.888073038943,0.0,0.0,0.0
own:25,31,2029-04,720.0,1038817499575.4711,1038817499575.4711,0.0,4505.857271036261,0.0,0.0,25,13494.14272896374,72046.85816829008,90058.57271036261,0.7817518122156131,19339.190604369596,15118.44730174909,0.0,0.0,,,,0.0,0.0,0.0,0.0,10333.333333333334,0.0,9005.857271036262,0.0,0.0,0.0
own:25,32,2029-05,744.0,1078811973309.1265,1078811973309.1265,0.0,4679.332775971157,0.0,0.0,25,13920.667224028843,74634.66220776926,93293.32775971157,0.7755673294187581,19662.66610930449,15249.721443646005,0.0,0.0,,,,0.0,0.0,0.0,0.0,10333.333333333334,0.0,9329.332775971157,0.0,0.0,0.0
own:25,33,2029-06,720.0,1049231645008.715,1049231645008.715,0.0,4551.028490178399,0.0,0.0,25,13448.9715098216,72408.2279214272,90510.284901784,0.76943177241506,19384.361823511736,14914.943874999459,0.0,0.0,,,,0.0,0.0,0.0,0.0,10333.333333333334,0.0,9051.028490178402,0.0,0.0,0.0
own:25,34,2029-07,744.0,1089627063341.5503,1089627063341.5503,0.0,4726.243087050267,0.0,0.0,25,13873.756912949733,75009.94469640213,93762.43087050266,0.7633447541498025,19709.5764203836,15045.201767014465,0.0,0.0,,,,0.0,0.0,0.0,0.0,10333.333333333334,0.0,9376.243087050267,0.0,0.0,0.0
own:25,35,2029-08,744.0,1095075198658.2579,1095075198658.2579,0.0,4749.874302485518,0.0,0.0,25,13850.125697514482,75198.99441988414,93998.74302485518,0.7573058906302806,19733.207635818853,14944.07438363605,0.0,0.0,,,,0.0,0.0,0.0,0.0,10333.333333333334,0.0,9399.87430248552,0.0,0.0,0.0
own:25,36,2029-09,720.0,1065048943211.1765,1065048943211.1765,0.0,4619.635813546398,0.0,0.0,25,13380.364186453602,72957.08650837118,91196.35813546398,0.7513148009015775,19452.969146879732,14615.303641532477,0.0,0.0,,,,0.0,0.0,0.0,0.0,10333.333333333334,0.0,9119.635813546398,0.0,0.0,0.0
own:26,0,time_zero,0.0,0.0,0.0,0.0,0.0,0.0,0.0,26,0.0,0.0,0.0,1.0,10450000.0,10450000.0,0.0,0.0,,,,10400000.0,50000.0,0.0,0.0,0.0,0.0,0.0,0.0,0.0,0.0
own:26,1,2026-10,744.0,924267843072.0002,671485605194.8799,252782237877.1203,0.0,2912.5599999999995,2972.0,26,0.0,0.0,0.0,0.992088943446991,204473.6,202855.99778680265,204473.6,0.0,,,,0.0,0.0,0.0,0.0,0.0,0.0,0.0,0.0,0.0,0.0
own:26,2,2026-11,720.0,898925015116.8,650699375155.2,248225639961.60022,0.0,2822.4,2880.0,26,0.0,0.0,0.0,0.9842404717097668,198144.0,195021.34402646002,198144.0,0.0,,,,0.0,0.0,0.0,0.0,0.0,0.0,0.0,0.0,0.0,0.0
own:26,3,2026-12,744.0,933533628198.7966,671485605194.8799,262048023003.9168,0.0,2912.5599999999995,2972.0,26,0.0,0.0,0.0,0.9764540896763105,204473.6,199659.08295083806,204473.6,0.0,,,,0.0,0.0,0.0,0.0,0.0,0.0,0.0,0.0,0.0,0.0
own:26,4,2027-01,744.0,938201296339.7905,671485605194.8799,266715691144.9107,0.0,2912.5599999999995,2972.0,26,0.0,0.0,0.0,0.9687293061514642,204473.6,198079.56865429203,204473.6,0.0,,,,0.0,0.0,0.0,0.0,0.0,0.0,0.0,0.0,0.0,0.0
own:26,5,2027-02,672.0,851644660612.9583,606415667679.3599,245228992933.59842,0.0,2630.3199999999997,2684.0,26,0.0,0.0,0.0,0.9610656338259428,184659.19999999998,177469.61108979152,184659.19999999998,0.0,,,,0.0,0.0,0.0,0.0,0.0,0.0,0.0,0.0,0.0,0.0
own:26,6,2027-03,744.0,947606764335.5967,671485605194.8799,276121159140.71686,0.0,2912.5599999999995,2972.0,26,0.0,0.0,0.0,0.9534625892455922,204473.6,194957.92808836754,204473.6,0.0,,,,0.0,0.0,0.0,0.0,0.0,0.0,0.0,0.0,0.0,0.0
own:26,7,2027-04,720.0,921623998216.7175,921623998216.7175,0.0,3997.5319969324496,0.0,0.0,26,14722.46800306755,69420.2559754596,86775.3199693245,0.9459196927808919,19344.198663599116,18298.058456964216,0.0,0.0,,,,0.0,0.0,0.0,0.0,10666.666666666666,0.0,8677.53199693245,0.0,0.0,0.0
own:26,8,2027-05,744.0,957106522148.061,957106522148.061,0.0,4151.436978814349,0.0,0.0,26,15192.563021185651,71899.49583051479,89874.3697881435,0.9384364685966974,19654.103645481016,18444.127618498682,0.0,0.0,,,,0.0,0.0,0.0,0.0,10666.666666666666,0.0,8987.43697881435,0.0,0.0,0.0
own:26,9,2027-06,720.0,930863278798.8401,930863278798.8401,0.0,4037.607255201697,0.0,0.0,26,14682.392744798302,69740.85804161358,87176.07255201698,0.9310124446222228,19384.273921868364,18047.00025122547,0.0,0.0,,,,0.0,0.0,0.0,0.0,10666.666666666666,0.0,8717.607255201698,0.0,0.0,0.0
own:26,10,2027-07,744.0,966701515032.5951,966701515032.5951,0.0,4193.055134526961,0.0,0.0,26,15150.944865473039,72232.44107621569,90290.55134526962,0.9236471525212612,19695.721801193627,18191.89735852342,0.0,0.0,,,,0.0,0.0,0.0,0.0,10666.666666666666,0.0,9029.055134526961,0.0,0.0,0.0
own:26,11,2027-08,744.0,971535022607.758,971535022607.758,0.0,4214.020410199596,0.0,0.0,26,15129.979589800405,72400.16328159676,90500.20410199594,0.9163401276626397,19716.687076866263,18067.19155309995,0.0,0.0,,,,0.0,0.0,0.0,0.0,10666.666666666666,0.0,9050.020410199595,0.0,0.0,0.0
own:26,12,2027-09,720.0,944896159084.6421,944896159084.6421,0.0,4098.474689274768,0.0,0.0,26,14621.525310725232,70227.79751419814,87784.74689274767,0.9090909090909091,19445.141355941436,17677.40123267403,0.0,0.0,,,,0.0,0.0,0.0,0.0,10666.666666666666,0.0,8778.474689274768,0.0,0.0,0.0
own:26,13,2027-10,744.0,981274661209.4006,981274661209.4006,0.0,4256.265964811846,0.0,0.0,26,15087.734035188154,72738.12771849477,90922.65964811845,0.9018990394972645,19758.932631478514,17820.562361821627,0.0,0.0,,,,0.0,0.0,0.0,0.0,10666.666666666666,0.0,9092.265964811846,0.0,0.0,0.0
own:26,14,2027-11,720.0,954368743079.4653,954368743079.4653,0.0,4139.561898034746,0.0,0.0,26,14580.438101965254,70556.49518427797,88195.61898034747,0.894764065190697,19486.228564701414,17435.577085787318,0.0,0.0,,,,0.0,0.0,0.0,0.0,10666.666666666666,0.0,8819.561898034748,0.0,0.0,0.0
own:26,15,2027-12,744.0,991111939688.0247,991111939688.0247,0.0,4298.935031109084,0.0,0.0,26,15045.064968890916,73079.48024887267,91349.35031109084,0.8876855360693732,19801.60169777575,17577.595418122277,0.0,0.0,,,,0.0,0.0,0.0,0.0,10666.666666666666,0.0,9134.935031109084,0.0,0.0,0.0
own:26,16,2028-01,744.0,996067499386.4646,996067499386.4646,0.0,4320.429706264628,0.0,0.0,26,15023.57029373537,73251.43765011703,91564.29706264629,0.8806630055922402,19823.096372931293,17457.467631930307,0.0,0.0,,,,0.0,0.0,0.0,0.0,10666.666666666666,0.0,9156.42970626463,0.0,0.0,0.0
own:26,17,2028-02,696.0,936464105471.565,936464105471.565,0.0,4061.9007673897618,0.0,0.0,26,14034.099232610239,68687.20613911809,85859.0076738976,0.873696030750857,19252.56743405643,16820.891748898313,0.0,0.0,,,,0.0,0.0,0.0,0.0,10666.666666666666,0.0,8585.900767389761,0.0,0.0,0.0
own:26,18,2028-03,744.0,1006053076067.8136,1006053076067.8136,0.0,4363.74201406993,0.0,0.0,26,14980.257985930071,73597.93611255943,91997.42014069928,0.8667841720414474,19866.408680736597,17219.888599769296,0.0,0.0,,,,0.0,0.0,0.0,0.0,10666.666666666666,0.0,9199.742014069929,0.0,0.0,0.0
own:26,19,2028-04,720.0,978467749788.5349,978467749788.5349,0.0,4244.091023361561,0.0,0.0,26,14475.908976638439,71392.72818689249,89240.9102336156,0.8599269934371745,19590.75769002823,16846.62135954218,0.0,0.0,,,,0.0,0.0,0.0,0.0,10666.666666666666,0.0,8924.091023361561,0.0,0.0,0.0
own:26,20,2028-05,744.0,1016138758155.3933,1016138758155.3933,0.0,4407.488527760981,0.0,0.0,26,14936.511472239019,73947.90822208785,92434.8852776098,0.8531240623606339,19910.155194427647,16985.83248170079,0.0,0.0,,,,0.0,0.0,0.0,0.0,10666.666666666666,0.0,9243.488527760981,0.0,0.0,0.0
own:26,21,2028-06,720.0,988276888980.1646,988276888980.1646,0.0,4286.638035870759,0.0,0.0,26,14433.36196412924,71733.10428696607,89666.3803587076,0.8463749496565661,19633.304702537425,16617.137279202136,0.0,0.0,,,,0.0,0.0,0.0,0.0,10666.666666666666,0.0,8966.63803587076,0.0,0.0,0.0
own:26,22,2028-07,744.0,1026325549205.9009,1026325549205.9009,0.0,4451.673600251784,0.0,0.0,26,14892.326399748217,74301.38880201426,92876.73600251784,0.8396792295647828,19954.34026691845,16755.245061799607,0.0,0.0,,,,0.0,0.0,0.0,0.0,10666.666666666666,0.0,9287.673600251785,0.0,0.0,0.0
own:26,23,2028-08,744.0,1031457176951.9302,1031457176951.9302,0.0,4473.931968253041,0.0,0.0,26,14870.06803174696,74479.45574602432,93099.3196825304,0.8330364796933087,19976.598634919705,16641.235403079667,0.0,0.0,,,,0.0,0.0,0.0,0.0,10666.666666666666,0.0,9309.93196825304,0.0,0.0,0.0
own:26,24,2028-09,720.0,1003175286616.1516,1003175286616.1516,0.0,4351.259640091264,0.0,0.0,26,14368.740359908736,72250.07712073011,90312.59640091265,0.8264462809917354,19697.92630675793,16279.277939469363,0.0,0.0,,,,0.0,0.0,0.0,0.0,10666.666666666666,0.0,9031.259640091264,0.0,0.0,0.0
own:26,25,2028-10,744.0,1041797535150.8733,1041797535150.8733,0.0,4518.783136234778,0.0,0.0,26,14825.216863765221,74838.26508987823,93547.83136234779,0.8199082177247857,20021.449802901443,16415.751224163185,0.0,0.0,,,,0.0,0.0,0.0,0.0,10666.666666666666,0.0,9354.783136234779,0.0,0.0,0.0
own:26,26,2028-11,720.0,1013232118864.478,1013232118864.478,0.0,4394.881017983178,0.0,0.0,26,14325.118982016822,72599.04814386542,90748.81017983178,0.8134218774460882,19741.547684649842,16058.20678133935,0.0,0.0,,,,0.0,0.0,0.0,0.0,10666.666666666666,0.0,9074.881017983178,0.0,0.0,0.0
own:26,27,2028-12,744.0,1052241555440.7605,1052241555440.7605,0.0,4564.08393717553,0.0,0.0,26,14779.91606282447,75200.67149740424,94000.8393717553,0.8069868509721573,20066.750603842196,16193.60387903825,0.0,0.0,,,,0.0,0.0,0.0,0.0,10666.666666666666,0.0,9400.08393717553,0.0,0.0,0.0
own:26,28,2029-01,744.0,1057502763217.9641,1057502763217.9641,0.0,4586.904356861408,0.0,0.0,26,14757.095643138593,75383.23485489126,94229.04356861407,0.8006027323565819,20089.57102352807,16083.765453308186,0.0,0.0,,,,0.0,0.0,0.0,0.0,10666.666666666666,0.0,9422.904356861407,0.0,0.0,0.0
own:26,29,2029-02,672.0,959939605063.0164,959939605063.0164,0.0,4163.725438776774,0.0,0.0,26,13308.274561223225,68253.8035102142,85317.25438776775,0.7942691188644154,19198.39210544344,15248.68998120411,0.0,0.0,,,,0.0,0.0,0.0,0.0,10666.666666666666,0.0,8531.725438776775,0.0,0.0,0.0
own:26,30,2029-03,744.0,1068104228419.2241,1068104228419.2241,0.0,4632.888073038943,0.0,0.0,26,14711.111926961057,75751.10458431154,94688.88073038943,0.7879856109467703,20135.554739705607,15866.52740331906,0.0,0.0,,,,0.0,0.0,0.0,0.0,10666.666666666666,0.0,9468.888073038943,0.0,0.0,0.0
own:26,31,2029-04,720.0,1038817499575.4711,1038817499575.4711,0.0,4505.857271036261,0.0,0.0,26,14214.14272896374,73486.85816829008,91858.57271036261,0.7817518122156131,19852.52393770293,15519.746565353104,0.0,0.0,,,,0.0,0.0,0.0,0.0,10666.666666666666,0.0,9185.857271036262,0.0,0.0,0.0
own:26,32,2029-05,744.0,1078811973309.1265,1078811973309.1265,0.0,4679.332775971157,0.0,0.0,26,14664.667224028843,76122.66220776926,95153.32775971157,0.7755673294187581,20181.999442637825,15652.499410057482,0.0,0.0,,,,0.0,0.0,0.0,0.0,10666.666666666666,0.0,9515.332775971157,0.0,0.0,0.0
own:26,33,2029-06,720.0,1049231645008.715,1049231645008.715,0.0,4551.028490178399,0.0,0.0,26,14168.9715098216,73848.2279214272,92310.284901784,0.76943177241506,19897.695156845068,15309.918851505856,0.0,0.0,,,,0.0,0.0,0.0,0.0,10666.666666666666,0.0,9231.028490178402,0.0,0.0,0.0
own:26,34,2029-07,744.0,1089627063341.5503,1089627063341.5503,0.0,4726.243087050267,0.0,0.0,26,14617.756912949733,76497.94469640213,95622.43087050266,0.7633447541498025,20228.909753716933,15441.632142669594,0.0,0.0,,,,0.0,0.0,0.0,0.0,10666.666666666666,0.0,9562.243087050267,0.0,0.0,0.0
own:26,35,2029-08,744.0,1095075198658.2579,1095075198658.2579,0.0,4749.874302485518,0.0,0.0,26,14594.125697514482,76686.99441988414,95858.74302485518,0.7573058906302806,20252.540969152185,15337.368576170044,0.0,0.0,,,,0.0,0.0,0.0,0.0,10666.666666666666,0.0,9585.87430248552,0.0,0.0,0.0
own:26,36,2029-09,720.0,1065048943211.1765,1065048943211.1765,0.0,4619.635813546398,0.0,0.0,26,14100.364186453602,74397.08650837118,92996.35813546398,0.7513148009015775,19966.302480213064,15000.978572661952,0.0,0.0,,,,0.0,0.0,0.0,0.0,10666.666666666666,0.0,9299.635813546398,0.0,0.0,0.0
own:27,0,time_zero,0.0,0.0,0.0,0.0,0.0,0.0,0.0,27,0.0,0.0,0.0,1.0,10850000.0,10850000.0,0.0,0.0,,,,10800000.0,50000.0,0.0,0.0,0.0,0.0,0.0,0.0,0.0,0.0
own:27,1,2026-10,744.0,924267843072.0002,671485605194.8799,252782237877.1203,0.0,2912.5599999999995,2972.0,27,0.0,0.0,0.0,0.992088943446991,204473.6,202855.99778680265,204473.6,0.0,,,,0.0,0.0,0.0,0.0,0.0,0.0,0.0,0.0,0.0,0.0
own:27,2,2026-11,720.0,898925015116.8,650699375155.2,248225639961.60022,0.0,2822.4,2880.0,27,0.0,0.0,0.0,0.9842404717097668,198144.0,195021.34402646002,198144.0,0.0,,,,0.0,0.0,0.0,0.0,0.0,0.0,0.0,0.0,0.0,0.0
own:27,3,2026-12,744.0,933533628198.7966,671485605194.8799,262048023003.9168,0.0,2912.5599999999995,2972.0,27,0.0,0.0,0.0,0.9764540896763105,204473.6,199659.08295083806,204473.6,0.0,,,,0.0,0.0,0.0,0.0,0.0,0.0,0.0,0.0,0.0,0.0
own:27,4,2027-01,744.0,938201296339.7905,671485605194.8799,266715691144.9107,0.0,2912.5599999999995,2972.0,27,0.0,0.0,0.0,0.9687293061514642,204473.6,198079.56865429203,204473.6,0.0,,,,0.0,0.0,0.0,0.0,0.0,0.0,0.0,0.0,0.0,0.0
own:27,5,2027-02,672.0,851644660612.9583,606415667679.3599,245228992933.59842,0.0,2630.3199999999997,2684.0,27,0.0,0.0,0.0,0.9610656338259428,184659.19999999998,177469.61108979152,184659.19999999998,0.0,,,,0.0,0.0,0.0,0.0,0.0,0.0,0.0,0.0,0.0,0.0
own:27,6,2027-03,744.0,947606764335.5967,671485605194.8799,276121159140.71686,0.0,2912.5599999999995,2972.0,27,0.0,0.0,0.0,0.9534625892455922,204473.6,194957.92808836754,204473.6,0.0,,,,0.0,0.0,0.0,0.0,0.0,0.0,0.0,0.0,0.0,0.0
own:27,7,2027-04,720.0,921623998216.7175,921623998216.7175,0.0,3997.5319969324496,0.0,0.0,27,15442.46800306755,70860.2559754596,88575.3199693245,0.9459196927808919,19857.53199693245,18783.630565925072,0.0,0.0,,,,0.0,0.0,0.0,0.0,11000.0,0.0,8857.53199693245,0.0,0.0,0.0
own:27,8,2027-05,744.0,957106522148.061,957106522148.061,0.0,4151.436978814349,0.0,0.0,27,15936.563021185651,73387.49583051479,91734.3697881435,0.9384364685966974,20173.436978814352,18931.488957856567,0.0,0.0,,,,0.0,0.0,0.0,0.0,11000.0,0.0,9173.43697881435,0.0,0.0,0.0
own:27,9,2027-06,720.0,930863278798.8401,930863278798.8401,0.0,4037.607255201697,0.0,0.0,27,15402.392744798302,71180.85804161358,88976.07255201698,0.9310124446222228,19897.6072552017,18524.91997279821,0.0,0.0,,,,0.0,0.0,0.0,0.0,11000.0,0.0,8897.607255201698,0.0,0.0,0.0
own:27,10,2027-07,744.0,966701515032.5951,966701515032.5951,0.0,4193.055134526961,0.0,0.0,27,15894.944865473039,73720.44107621569,92150.55134526962,0.9236471525212612,20215.055134526963,18671.57811306613,0.0,0.0,,,,0.0,0.0,0.0,0.0,11000.0,0.0,9215.055134526961,0.0,0.0,0.0
own:27,11,2027-08,744.0,971535022607.758,971535022607.758,0.0,4214.020410199596,0.0,0.0,27,15873.979589800405,73888.16328159676,92360.20410199594,0.9163401276626397,20236.020410199595,18543.07752606608,0.0,0.0,,,,0.0,0.0,0.0,0.0,11000.0,0.0,9236.020410199595,0.0,0.0,0.0
own:27,12,2027-09,720.0,944896159084.6421,944896159084.6421,0.0,4098.474689274768,0.0,0.0,27,15341.525310725232,71667.79751419814,89584.74689274767,0.9090909090909091,19958.474689274768,18144.0678993407,0.0,0.0,,,,0.0,0.0,0.0,0.0,11000.0,0.0,8958.474689274768,0.0,0.0,0.0
own:27,13,2027-10,744.0,981274661209.4006,981274661209.4006,0.0,4256.265964811846,0.0,0.0,27,15831.734035188154,74226.12771849477,92782.65964811845,0.9018990394972645,20278.265964811846,18288.948596333874,0.0,0.0,,,,0.0,0.0,0.0,0.0,11000.0,0.0,9278.265964811846,0.0,0.0,0.0
own:27,14,2027-11,720.0,954368743079.4653,954368743079.4653,0.0,4139.561898034746,0.0,0.0,27,15300.438101965254,71996.49518427797,89995.61898034747,0.894764065190697,19999.56189803475,17894.889305918543,0.0,0.0,,,,0.0,0.0,0.0,0.0,11000.0,0.0,8999.561898034748,0.0,0.0,0.0
own:27,15,2027-12,744.0,991111939688.0247,991111939688.0247,0.0,4298.935031109084,0.0,0.0,27,15789.064968890916,74567.48024887267,93209.35031109084,0.8876855360693732,20320.935031109082,18038.60010652097,0.0,0.0,,,,0.0,0.0,0.0,0.0,11000.0,0.0,9320.935031109084,0.0,0.0,0.0
own:27,16,2028-01,744.0,996067499386.4646,996067499386.4646,0.0,4320.429706264628,0.0,0.0,27,15767.57029373537,74739.43765011703,93424.29706264629,0.8806630055922402,20342.42970626463,17914.82528616788,0.0,0.0,,,,0.0,0.0,0.0,0.0,11000.0,0.0,9342.42970626463,0.0,0.0,0.0
own:27,17,2028-02,696.0,936464105471.565,936464105471.565,0.0,4061.9007673897618,0.0,0.0,27,14730.099232610239,70079.20613911809,87599.0076738976,0.873696030750857,19759.90076738976,17264.146868499247,0.0,0.0,,,,0.0,0.0,0.0,0.0,11000.0,0.0,8759.900767389761,0.0,0.0,0.0
own:27,18,2028-03,744.0,1006053076067.8136,1006053076067.8136,0.0,4363.74201406993,0.0,0.0,27,15724.257985930071,75085.93611255943,93857.42014069928,0.8667841720414474,20385.74201406993,17670.038513116153,0.0,0.0,,,,0.0,0.0,0.0,0.0,11000.0,0.0,9385.742014069929,0.0,0.0,0.0
own:27,19,2028-04,720.0,978467749788.5349,978467749788.5349,0.0,4244.091023361561,0.0,0.0,27,15195.908976638439,72832.72818689249,91040.9102336156,0.8599269934371745,20104.09102336156,17288.050549506595,0.0,0.0,,,,0.0,0.0,0.0,0.0,11000.0,0.0,9104.091023361561,0.0,0.0,0.0
own:27,20,2028-05,744.0,1016138758155.3933,1016138758155.3933,0.0,4407.488527760981,0.0,0.0,27,15680.511472239019,75435.90822208785,94294.8852776098,0.8531240623606339,20429.48852776098,17428.888244753412,0.0,0.0,,,,0.0,0.0,0.0,0.0,11000.0,0.0,9429.488527760981,0.0,0.0,0.0
own:27,21,2028-06,720.0,988276888980.1646,988276888980.1646,0.0,4286.638035870759,0.0,0.0,27,15153.36196412924,73173.10428696607,91466.3803587076,0.8463749496565661,20146.63803587076,17051.609753359175,0.0,0.0,,,,0.0,0.0,0.0,0.0,11000.0,0.0,9146.63803587076,0.0,0.0,0.0
own:27,22,2028-07,744.0,1026325549205.9009,1026325549205.9009,0.0,4451.673600251784,0.0,0.0,27,15636.326399748217,75789.38880201426,94736.73600251784,0.8396792295647828,20473.673600251786,17191.318475020253,0.0,0.0,,,,0.0,0.0,0.0,0.0,11000.0,0.0,9473.673600251785,0.0,0.0,0.0
own:27,23,2028-08,744.0,1031457176951.9302,1031457176951.9302,0.0,4473.931968253041,0.0,0.0,27,15614.06803174696,75967.45574602432,94959.3196825304,0.8330364796933087,20495.93196825304,17073.859014867063,0.0,0.0,,,,0.0,0.0,0.0,0.0,11000.0,0.0,9495.93196825304,0.0,0.0,0.0
own:27,24,2028-09,720.0,1003175286616.1516,1003175286616.1516,0.0,4351.259640091264,0.0,0.0,27,15088.740359908736,73690.07712073011,92112.59640091265,0.8264462809917354,20211.259640091266,16703.52036371179,0.0,0.0,,,,0.0,0.0,0.0,0.0,11000.0,0.0,9211.259640091264,0.0,0.0,0.0
own:27,25,2028-10,744.0,1041797535150.8733,1041797535150.8733,0.0,4518.783136234778,0.0,0.0,27,15569.216863765221,76326.26508987823,95407.83136234779,0.8199082177247857,20540.78313623478,16841.556891901593,0.0,0.0,,,,0.0,0.0,0.0,0.0,11000.0,0.0,9540.783136234779,0.0,0.0,0.0
own:27,26,2028-11,720.0,1013232118864.478,1013232118864.478,0.0,4394.881017983178,0.0,0.0,27,15045.118982016822,74039.04814386542,92548.81017983178,0.8134218774460882,20254.881017983178,16475.76334509501,0.0,0.0,,,,0.0,0.0,0.0,0.0,11000.0,0.0,9254.881017983178,0.0,0.0,0.0
own:27,27,2028-12,744.0,1052241555440.7605,1052241555440.7605,0.0,4564.08393717553,0.0,0.0,27,15523.91606282447,76688.67149740424,95860.8393717553,0.8069868509721573,20586.08393717553,16612.699050309788,0.0,0.0,,,,0.0,0.0,0.0,0.0,11000.0,0.0,9586.08393717553,0.0,0.0,0.0
own:27,28,2029-01,744.0,1057502763217.9641,1057502763217.9641,0.0,4586.904356861408,0.0,0.0,27,15501.095643138593,76871.23485489126,96089.04356861407,0.8006027323565819,20608.904356861407,16499.54513897871,0.0,0.0,,,,0.0,0.0,0.0,0.0,11000.0,0.0,9608.904356861407,0.0,0.0,0.0
own:27,29,2029-02,672.0,959939605063.0164,959939605063.0164,0.0,4163.725438776774,0.0,0.0,27,13980.274561223225,69597.8035102142,86997.25438776775,0.7942691188644154,19699.725438776775,15646.88356612814,0.0,0.0,,,,0.0,0.0,0.0,0.0,11000.0,0.0,8699.725438776775,0.0,0.0,0.0
own:27,30,2029-03,744.0,1068104228419.2241,1068104228419.2241,0.0,4632.888073038943,0.0,0.0,27,15455.111926961057,77239.10458431154,96548.88073038943,0.7879856109467703,20654.888073038943,16275.75459727075,0.0,0.0,,,,0.0,0.0,0.0,0.0,11000.0,0.0,9654.888073038943,0.0,0.0,0.0
own:27,31,2029-04,720.0,1038817499575.4711,1038817499575.4711,0.0,4505.857271036261,0.0,0.0,27,14934.14272896374,74926.85816829008,93658.57271036261,0.7817518122156131,20365.857271036264,15921.04582895712,0.0,0.0,,,,0.0,0.0,0.0,0.0,11000.0,0.0,9365.857271036262,0.0,0.0,0.0
own:27,32,2029-05,744.0,1078811973309.1265,1078811973309.1265,0.0,4679.332775971157,0.0,0.0,27,15408.667224028843,77610.66220776926,97013.32775971157,0.7755673294187581,20701.332775971157,16055.277376468955,0.0,0.0,,,,0.0,0.0,0.0,0.0,11000.0,0.0,9701.332775971157,0.0,0.0,0.0
own:27,33,2029-06,720.0,1049231645008.715,1049231645008.715,0.0,4551.028490178399,0.0,0.0,27,14888.9715098216,75288.2279214272,94110.284901784,0.76943177241506,20411.028490178403,15704.893828012255,0.0,0.0,,,,0.0,0.0,0.0,0.0,11000.0,0.0,9411.028490178402,0.0,0.0,0.0
own:27,34,2029-07,744.0,1089627063341.5503,1089627063341.5503,0.0,4726.243087050267,0.0,0.0,27,15361.756912949733,77985.94469640213,97482.43087050266,0.7633447541498025,20748.243087050265,15838.062518324725,0.0,0.0,,,,0.0,0.0,0.0,0.0,11000.0,0.0,9748.243087050267,0.0,0.0,0.0
own:27,35,2029-08,744.0,1095075198658.2579,1095075198658.2579,0.0,4749.874302485518,0.0,0.0,27,15338.125697514482,78174.99441988414,97718.74302485518,0.7573058906302806,20771.87430248552,15730.662768704036,0.0,0.0,,,,0.0,0.0,0.0,0.0,11000.0,0.0,9771.87430248552,0.0,0.0,0.0
own:27,36,2029-09,720.0,1065048943211.1765,1065048943211.1765,0.0,4619.635813546398,0.0,0.0,27,14820.364186453602,75837.08650837118,94796.35813546398,0.7513148009015775,20479.635813546396,15386.653503791427,0.0,0.0,,,,0.0,0.0,0.0,0.0,11000.0,0.0,9479.635813546398,0.0,0.0,0.0
own:28,0,time_zero,0.0,0.0,0.0,0.0,0.0,0.0,0.0,28,0.0,0.0,0.0,1.0,11250000.0,11250000.0,0.0,0.0,,,,11200000.0,50000.0,0.0,0.0,0.0,0.0,0.0,0.0,0.0,0.0
own:28,1,2026-10,744.0,924267843072.0002,671485605194.8799,252782237877.1203,0.0,2912.5599999999995,2972.0,28,0.0,0.0,0.0,0.992088943446991,204473.6,202855.99778680265,204473.6,0.0,,,,0.0,0.0,0.0,0.0,0.0,0.0,0.0,0.0,0.0,0.0
own:28,2,2026-11,720.0,898925015116.8,650699375155.2,248225639961.60022,0.0,2822.4,2880.0,28,0.0,0.0,0.0,0.9842404717097668,198144.0,195021.34402646002,198144.0,0.0,,,,0.0,0.0,0.0,0.0,0.0,0.0,0.0,0.0,0.0,0.0
own:28,3,2026-12,744.0,933533628198.7966,671485605194.8799,262048023003.9168,0.0,2912.5599999999995,2972.0,28,0.0,0.0,0.0,0.9764540896763105,204473.6,199659.08295083806,204473.6,0.0,,,,0.0,0.0,0.0,0.0,0.0,0.0,0.0,0.0,0.0,0.0
own:28,4,2027-01,744.0,938201296339.7905,671485605194.8799,266715691144.9107,0.0,2912.5599999999995,2972.0,28,0.0,0.0,0.0,0.9687293061514642,204473.6,198079.56865429203,204473.6,0.0,,,,0.0,0.0,0.0,0.0,0.0,0.0,0.0,0.0,0.0,0.0
own:28,5,2027-02,672.0,851644660612.9583,606415667679.3599,245228992933.59842,0.0,2630.3199999999997,2684.0,28,0.0,0.0,0.0,0.9610656338259428,184659.19999999998,177469.61108979152,184659.19999999998,0.0,,,,0.0,0.0,0.0,0.0,0.0,0.0,0.0,0.0,0.0,0.0
own:28,6,2027-03,744.0,947606764335.5967,671485605194.8799,276121159140.71686,0.0,2912.5599999999995,2972.0,28,0.0,0.0,0.0,0.9534625892455922,204473.6,194957.92808836754,204473.6,0.0,,,,0.0,0.0,0.0,0.0,0.0,0.0,0.0,0.0,0.0,0.0
own:28,7,2027-04,720.0,921623998216.7175,921623998216.7175,0.0,3997.5319969324496,0.0,0.0,28,16162.46800306755,72300.2559754596,90375.3199693245,0.9459196927808919,20370.865330265784,19269.20267488593,0.0,0.0,,,,0.0,0.0,0.0,0.0,11333.333333333334,0.0,9037.53199693245,0.0,0.0,0.0
own:28,8,2027-05,744.0,957106522148.061,957106522148.061,0.0,4151.436978814349,0.0,0.0,28,16680.56302118565,74875.49583051479,93594.3697881435,0.9384364685966974,20692.770312147684,19418.850297214452,0.0,0.0,,,,0.0,0.0,0.0,0.0,11333.333333333334,0.0,9359.43697881435,0.0,0.0,0.0
own:28,9,2027-06,720.0,930863278798.8401,930863278798.8401,0.0,4037.607255201697,0.0,0.0,28,16122.392744798302,72620.85804161358,90776.07255201698,0.9310124446222228,20410.94058853503,19002.83969437095,0.0,0.0,,,,0.0,0.0,0.0,0.0,11333.333333333334,0.0,9077.607255201698,0.0,0.0,0.0
own:28,10,2027-07,744.0,966701515032.5951,966701515032.5951,0.0,4193.055134526961,0.0,0.0,28,16638.944865473037,75208.44107621569,94010.55134526962,0.9236471525212612,20734.388467860295,19151.258867608838,0.0,0.0,,,,0.0,0.0,0.0,0.0,11333.333333333334,0.0,9401.055134526961,0.0,0.0,0.0
own:28,11,2027-08,744.0,971535022607.758,971535022607.758,0.0,4214.020410199596,0.0,0.0,28,16617.979589800405,75376.16328159676,94220.20410199594,0.9163401276626397,20755.353743532927,19018.96349903221,0.0,0.0,,,,0.0,0.0,0.0,0.0,11333.333333333334,0.0,9422.020410199595,0.0,0.0,0.0
own:28,12,2027-09,720.0,944896159084.6421,944896159084.6421,0.0,4098.474689274768,0.0,0.0,28,16061.525310725232,73107.79751419814,91384.74689274767,0.9090909090909091,20471.8080226081,18610.734566007362,0.0,0.0,,,,0.0,0.0,0.0,0.0,11333.333333333334,0.0,9138.474689274768,0.0,0.0,0.0
own:28,13,2027-10,744.0,981274661209.4006,981274661209.4006,0.0,4256.265964811846,0.0,0.0,28,16575.734035188154,75714.12771849477,94642.65964811845,0.9018990394972645,20797.59929814518,18757.334830846117,0.0,0.0,,,,0.0,0.0,0.0,0.0,11333.333333333334,0.0,9464.265964811846,0.0,0.0,0.0
own:28,14,2027-11,720.0,954368743079.4653,954368743079.4653,0.0,4139.561898034746,0.0,0.0,28,16020.438101965254,73436.49518427797,91795.61898034747,0.894764065190697,20512.895231368082,18354.20152604977,0.0,0.0,,,,0.0,0.0,0.0,0.0,11333.333333333334,0.0,9179.561898034748,0.0,0.0,0.0
own:28,15,2027-12,744.0,991111939688.0247,991111939688.0247,0.0,4298.935031109084,0.0,0.0,28,16533.064968890918,76055.48024887267,95069.35031109084,0.8876855360693732,20840.268364442418,18499.604794919665,0.0,0.0,,,,0.0,0.0,0.0,0.0,11333.333333333334,0.0,9506.935031109084,0.0,0.0,0.0
own:28,16,2028-01,744.0,996067499386.4646,996067499386.4646,0.0,4320.429706264628,0.0,0.0,28,16511.57029373537,76227.43765011703,95284.29706264629,0.8806630055922402,20861.763039597965,18372.18294040545,0.0,0.0,,,,0.0,0.0,0.0,0.0,11333.333333333334,0.0,9528.42970626463,0.0,0.0,0.0
own:28,17,2028-02,696.0,936464105471.565,936464105471.565,0.0,4061.9007673897618,0.0,0.0,28,15426.099232610239,71471.20613911809,89339.0076738976,0.873696030750857,20267.234100723093,17707.40198810018,0.0,0.0,,,,0.0,0.0,0.0,0.0,11333.333333333334,0.0,8933.900767389761,0.0,0.0,0.0
own:28,18,2028-03,744.0,1006053076067.8136,1006053076067.8136,0.0,4363.74201406993,0.0,0.0,28,16468.25798593007,76573.93611255943,95717.42014069928,0.8667841720414474,20905.07534740326,18120.18842646301,0.0,0.0,,,,0.0,0.0,0.0,0.0,11333.333333333334,0.0,9571.742014069929,0.0,0.0,0.0
own:28,19,2028-04,720.0,978467749788.5349,978467749788.5349,0.0,4244.091023361561,0.0,0.0,28,15915.908976638439,74272.72818689249,92840.9102336156,0.8599269934371745,20617.424356694894,17729.47973947101,0.0,0.0,,,,0.0,0.0,0.0,0.0,11333.333333333334,0.0,9284.091023361561,0.0,0.0,0.0
own:28,20,2028-05,744.0,1016138758155.3933,1016138758155.3933,0.0,4407.488527760981,0.0,0.0,28,16424.51147223902,76923.90822208785,96154.8852776098,0.8531240623606339,20948.821861094315,17871.944007806036,0.0,0.0,,,,0.0,0.0,0.0,0.0,11333.333333333334,0.0,9615.488527760981,0.0,0.0,0.0
own:28,21,2028-06,720.0,988276888980.1646,988276888980.1646,0.0,4286.638035870759,0.0,0.0,28,15873.36196412924,74613.10428696607,93266.3803587076,0.8463749496565661,20659.971369204093,17486.082227516214,0.0,0.0,,,,0.0,0.0,0.0,0.0,11333.333333333334,0.0,9326.63803587076,0.0,0.0,0.0
own:28,22,2028-07,744.0,1026325549205.9009,1026325549205.9009,0.0,4451.673600251784,0.0,0.0,28,16380.326399748217,77277.38880201426,96596.73600251784,0.8396792295647828,20993.00693358512,17627.391888240894,0.0,0.0,,,,0.0,0.0,0.0,0.0,11333.333333333334,0.0,9659.673600251785,0.0,0.0,0.0
own:28,23,2028-08,744.0,1031457176951.9302,1031457176951.9302,0.0,4473.931968253041,0.0,0.0,28,16358.06803174696,77455.45574602432,96819.3196825304,0.8330364796933087,21015.265301586376,17506.482626654455,0.0,0.0,,,,0.0,0.0,0.0,0.0,11333.333333333334,0.0,9681.93196825304,0.0,0.0,0.0
own:28,24,2028-09,720.0,1003175286616.1516,1003175286616.1516,0.0,4351.259640091264,0.0,0.0,28,15808.740359908736,75130.07712073011,93912.59640091265,0.8264462809917354,20724.5929734246,17127.762787954212,0.0,0.0,,,,0.0,0.0,0.0,0.0,11333.333333333334,0.0,9391.259640091264,0.0,0.0,0.0
own:28,25,2028-10,744.0,1041797535150.8733,1041797535150.8733,0.0,4518.783136234778,0.0,0.0,28,16313.216863765221,77814.26508987823,97267.83136234779,0.8199082177247857,21060.116469568115,17267.362559639998,0.0,0.0,,,,0.0,0.0,0.0,0.0,11333.333333333334,0.0,9726.783136234779,0.0,0.0,0.0
own:28,26,2028-11,720.0,1013232118864.478,1013232118864.478,0.0,4394.881017983178,0.0,0.0,28,15765.118982016822,75479.04814386542,94348.81017983178,0.8134218774460882,20768.214351316514,16893.31990885067,0.0,0.0,,,,0.0,0.0,0.0,0.0,11333.333333333334,0.0,9434.881017983178,0.0,0.0,0.0
own:28,27,2028-12,744.0,1052241555440.7605,1052241555440.7605,0.0,4564.08393717553,0.0,0.0,28,16267.91606282447,78176.67149740424,97720.8393717553,0.8069868509721573,21105.417270508864,17031.79422158133,0.0,0.0,,,,0.0,0.0,0.0,0.0,11333.333333333334,0.0,9772.08393717553,0.0,0.0,0.0
own:28,28,2029-01,744.0,1057502763217.9641,1057502763217.9641,0.0,4586.904356861408,0.0,0.0,28,16245.095643138593,78359.23485489126,97949.04356861407,0.8006027323565819,21128.237690194743,16915.324824649226,0.0,0.0,,,,0.0,0.0,0.0,0.0,11333.333333333334,0.0,9794.904356861407,0.0,0.0,0.0
own:28,29,2029-02,672.0,959939605063.0164,959939605063.0164,0.0,4163.725438776774,0.0,0.0,28,14652.274561223225,70941.8035102142,88677.25438776775,0.7942691188644154,20201.05877211011,16045.077151052168,0.0,0.0,,,,0.0,0.0,0.0,0.0,11333.333333333334,0.0,8867.725438776775,0.0,0.0,0.0
own:28,30,2029-03,744.0,1068104228419.2241,1068104228419.2241,0.0,4632.888073038943,0.0,0.0,28,16199.111926961057,78727.10458431154,98408.88073038943,0.7879856109467703,21174.22140637228,16684.981791222443,0.0,0.0,,,,0.0,0.0,0.0,0.0,11333.333333333334,0.0,9840.888073038943,0.0,0.0,0.0
own:28,31,2029-04,720.0,1038817499575.4711,1038817499575.4711,0.0,4505.857271036261,0.0,0.0,28,15654.14272896374,76366.85816829008,95458.57271036261,0.7817518122156131,20879.190604369596,16322.345092561134,0.0,0.0,,,,0.0,0.0,0.0,0.0,11333.333333333334,0.0,9545.857271036262,0.0,0.0,0.0
own:28,32,2029-05,744.0,1078811973309.1265,1078811973309.1265,0.0,4679.332775971157,0.0,0.0,28,16152.667224028843,79098.66220776926,98873.32775971157,0.7755673294187581,21220.66610930449,16458.05534288043,0.0,0.0,,,,0.0,0.0,0.0,0.0,11333.333333333334,0.0,9887.332775971157,0.0,0.0,0.0
own:28,33,2029-06,720.0,1049231645008.715,1049231645008.715,0.0,4551.028490178399,0.0,0.0,28,15608.9715098216,76728.2279214272,95910.284901784,0.76943177241506,20924.361823511736,16099.868804518652,0.0,0.0,,,,0.0,0.0,0.0,0.0,11333.333333333334,0.0,9591.028490178402,0.0,0.0,0.0
own:28,34,2029-07,744.0,1089627063341.5503,1089627063341.5503,0.0,4726.243087050267,0.0,0.0,28,16105.756912949733,79473.94469640213,99342.43087050266,0.7633447541498025,21267.5764203836,16234.492893979857,0.0,0.0,,,,0.0,0.0,0.0,0.0,11333.333333333334,0.0,9934.243087050267,0.0,0.0,0.0
own:28,35,2029-08,744.0,1095075198658.2579,1095075198658.2579,0.0,4749.874302485518,0.0,0.0,28,16082.125697514482,79662.99441988414,99578.74302485518,0.7573058906302806,21291.207635818853,16123.95696123803,0.0,0.0,,,,0.0,0.0,0.0,0.0,11333.333333333334,0.0,9957.87430248552,0.0,0.0,0.0
own:28,36,2029-09,720.0,1065048943211.1765,1065048943211.1765,0.0,4619.635813546398,0.0,0.0,28,15540.364186453602,77277.08650837118,96596.35813546398,0.7513148009015775,20992.969146879732,15772.328434920906,0.0,0.0,,,,0.0,0.0,0.0,0.0,11333.333333333334,0.0,9659.635813546398,0.0,0.0,0.0
own:29,0,time_zero,0.0,0.0,0.0,0.0,0.0,0.0,0.0,29,0.0,0.0,0.0,1.0,11650000.0,11650000.0,0.0,0.0,,,,11600000.0,50000.0,0.0,0.0,0.0,0.0,0.0,0.0,0.0,0.0
own:29,1,2026-10,744.0,924267843072.0002,671485605194.8799,252782237877.1203,0.0,2912.5599999999995,2972.0,29,0.0,0.0,0.0,0.992088943446991,204473.6,202855.99778680265,204473.6,0.0,,,,0.0,0.0,0.0,0.0,0.0,0.0,0.0,0.0,0.0,0.0
own:29,2,2026-11,720.0,898925015116.8,650699375155.2,248225639961.60022,0.0,2822.4,2880.0,29,0.0,0.0,0.0,0.9842404717097668,198144.0,195021.34402646002,198144.0,0.0,,,,0.0,0.0,0.0,0.0,0.0,0.0,0.0,0.0,0.0,0.0
own:29,3,2026-12,744.0,933533628198.7966,671485605194.8799,262048023003.9168,0.0,2912.5599999999995,2972.0,29,0.0,0.0,0.0,0.9764540896763105,204473.6,199659.08295083806,204473.6,0.0,,,,0.0,0.0,0.0,0.0,0.0,0.0,0.0,0.0,0.0,0.0
own:29,4,2027-01,744.0,938201296339.7905,671485605194.8799,266715691144.9107,0.0,2912.5599999999995,2972.0,29,0.0,0.0,0.0,0.9687293061514642,204473.6,198079.56865429203,204473.6,0.0,,,,0.0,0.0,0.0,0.0,0.0,0.0,0.0,0.0,0.0,0.0
own:29,5,2027-02,672.0,851644660612.9583,606415667679.3599,245228992933.59842,0.0,2630.3199999999997,2684.0,29,0.0,0.0,0.0,0.9610656338259428,184659.19999999998,177469.61108979152,184659.19999999998,0.0,,,,0.0,0.0,0.0,0.0,0.0,0.0,0.0,0.0,0.0,0.0
own:29,6,2027-03,744.0,947606764335.5967,671485605194.8799,276121159140.71686,0.0,2912.5599999999995,2972.0,29,0.0,0.0,0.0,0.9534625892455922,204473.6,194957.92808836754,204473.6,0.0,,,,0.0,0.0,0.0,0.0,0.0,0.0,0.0,0.0,0.0,0.0
own:29,7,2027-04,720.0,921623998216.7175,921623998216.7175,0.0,3997.5319969324496,0.0,0.0,29,16882.46800306755,73740.2559754596,92175.3199693245,0.9459196927808919,20884.198663599116,19754.77478384679,0.0,0.0,,,,0.0,0.0,0.0,0.0,11666.666666666666,0.0,9217.53199693245,0.0,0.0,0.0
own:29,8,2027-05,744.0,957106522148.061,957106522148.061,0.0,4151.436978814349,0.0,0.0,29,17424.56302118565,76363.49583051479,95454.3697881435,0.9384364685966974,21212.103645481016,19906.211636572338,0.0,0.0,,,,0.0,0.0,0.0,0.0,11666.666666666666,0.0,9545.43697881435,0.0,0.0,0.0
own:29,9,2027-06,720.0,930863278798.8401,930863278798.8401,0.0,4037.607255201697,0.0,0.0,29,16842.392744798304,74060.85804161358,92576.07255201698,0.9310124446222228,20924.273921868364,19480.75941594369,0.0,0.0,,,,0.0,0.0,0.0,0.0,11666.666666666666,0.0,9257.607255201698,0.0,0.0,0.0
own:29,10,2027-07,744.0,966701515032.5951,966701515032.5951,0.0,4193.055134526961,0.0,0.0,29,17382.944865473037,76696.44107621569,95870.55134526962,0.9236471525212612,21253.721801193627,19630.939622151545,0.0,0.0,,,,0.0,0.0,0.0,0.0,11666.666666666666,0.0,9587.055134526961,0.0,0.0,0.0
own:29,11,2027-08,744.0,971535022607.758,971535022607.758,0.0,4214.020410199596,0.0,0.0,29,17361.979589800405,76864.16328159676,96080.20410199594,0.9163401276626397,21274.687076866263,19494.849471998343,0.0,0.0,,,,0.0,0.0,0.0,0.0,11666.666666666666,0.0,9608.020410199595,0.0,0.0,0.0
own:29,12,2027-09,720.0,944896159084.6421,944896159084.6421,0.0,4098.474689274768,0.0,0.0,29,16781.525310725232,74547.79751419814,93184.74689274767,0.9090909090909091,20985.141355941436,19077.40123267403,0.0,0.0,,,,0.0,0.0,0.0,0.0,11666.666666666666,0.0,9318.474689274768,0.0,0.0,0.0
own:29,13,2027-10,744.0,981274661209.4006,981274661209.4006,0.0,4256.265964811846,0.0,0.0,29,17319.734035188154,77202.12771849477,96502.65964811845,0.9018990394972645,21316.932631478514,19225.721065358364,0.0,0.0,,,,0.0,0.0,0.0,0.0,11666.666666666666,0.0,9650.265964811846,0.0,0.0,0.0
own:29,14,2027-11,720.0,954368743079.4653,954368743079.4653,0.0,4139.561898034746,0.0,0.0,29,16740.438101965254,74876.49518427797,93595.61898034747,0.894764065190697,21026.228564701414,18813.51374618099,0.0,0.0,,,,0.0,0.0,0.0,0.0,11666.666666666666,0.0,9359.561898034748,0.0,0.0,0.0
own:29,15,2027-12,744.0,991111939688.0247,991111939688.0247,0.0,4298.935031109084,0.0,0.0,29,17277.064968890918,77543.48024887267,96929.35031109084,0.8876855360693732,21359.60169777575,18960.60948331836,0.0,0.0,,,,0.0,0.0,0.0,0.0,11666.666666666666,0.0,9692.935031109084,0.0,0.0,0.0
own:29,16,2028-01,744.0,996067499386.4646,996067499386.4646,0.0,4320.429706264628,0.0,0.0,29,17255.57029373537,77715.43765011703,97144.29706264629,0.8806630055922402,21381.096372931293,18829.54059464302,0.0,0.0,,,,0.0,0.0,0.0,0.0,11666.666666666666,0.0,9714.42970626463,0.0,0.0,0.0
own:29,17,2028-02,696.0,936464105471.565,936464105471.565,0.0,4061.9007673897618,0.0,0.0,29,16122.099232610239,72863.20613911809,91079.0076738976,0.873696030750857,20774.56743405643,18150.657107701118,0.0,0.0,,,,0.0,0.0,0.0,0.0,11666.666666666666,0.0,9107.900767389761,0.0,0.0,0.0
own:29,18,2028-03,744.0,1006053076067.8136,1006053076067.8136,0.0,4363.74201406993,0.0,0.0,29,17212.25798593007,78061.93611255943,97577.42014069928,0.8667841720414474,21424.408680736597,18570.33833980987,0.0,0.0,,,,0.0,0.0,0.0,0.0,11666.666666666666,0.0,9757.742014069929,0.0,0.0,0.0
own:29,19,2028-04,720.0,978467749788.5349,978467749788.5349,0.0,4244.091023361561,0.0,0.0,29,16635.90897663844,75712.72818689249,94640.9102336156,0.8599269934371745,21130.75769002823,18170.90892943543,0.0,0.0,,,,0.0,0.0,0.0,0.0,11666.666666666666,0.0,9464.091023361561,0.0,0.0,0.0
own:29,20,2028-05,744.0,1016138758155.3933,1016138758155.3933,0.0,4407.488527760981,0.0,0.0,29,17168.51147223902,78411.90822208785,98014.8852776098,0.8531240623606339,21468.155194427647,18314.99977085866,0.0,0.0,,,,0.0,0.0,0.0,0.0,11666.666666666666,0.0,9801.488527760981,0.0,0.0,0.0
own:29,21,2028-06,720.0,988276888980.1646,988276888980.1646,0.0,4286.638035870759,0.0,0.0,29,16593.36196412924,76053.10428696607,95066.3803587076,0.8463749496565661,21173.304702537425,17920.55470167325,0.0,0.0,,,,0.0,0.0,0.0,0.0,11666.666666666666,0.0,9506.63803587076,0.0,0.0,0.0
own:29,22,2028-07,744.0,1026325549205.9009,1026325549205.9009,0.0,4451.673600251784,0.0,0.0,29,17124.326399748217,78765.38880201426,98456.73600251784,0.8396792295647828,21512.34026691845,18063.46530146154,0.0,0.0,,,,0.0,0.0,0.0,0.0,11666.666666666666,0.0,9845.673600251785,0.0,0.0,0.0
own:29,23,2028-08,744.0,1031457176951.9302,1031457176951.9302,0.0,4473.931968253041,0.0,0.0,29,17102.06803174696,78943.45574602432,98679.3196825304,0.8330364796933087,21534.598634919705,17939.106238441844,0.0,0.0,,,,0.0,0.0,0.0,0.0,11666.666666666666,0.0,9867.93196825304,0.0,0.0,0.0
own:29,24,2028-09,720.0,1003175286616.1516,1003175286616.1516,0.0,4351.259640091264,0.0,0.0,29,16528.740359908734,76570.07712073011,95712.59640091265,0.8264462809917354,21237.92630675793,17552.005212196636,0.0,0.0,,,,0.0,0.0,0.0,0.0,11666.666666666666,0.0,9571.259640091264,0.0,0.0,0.0
own:29,25,2028-10,744.0,1041797535150.8733,1041797535150.8733,0.0,4518.783136234778,0.0,0.0,29,17057.21686376522,79302.26508987823,99127.83136234779,0.8199082177247857,21579.449802901443,17693.1682273784,0.0,0.0,,,,0.0,0.0,0.0,0.0,11666.666666666666,0.0,9912.783136234779,0.0,0.0,0.0
own:29,26,2028-11,720.0,1013232118864.478,1013232118864.478,0.0,4394.881017983178,0.0,0.0,29,16485.118982016822,76919.04814386542,96148.81017983178,0.8134218774460882,21281.547684649842,17310.876472606327,0.0,0.0,,,,0.0,0.0,0.0,0.0,11666.666666666666,0.0,9614.881017983178,0.0,0.0,0.0
own:29,27,2028-12,744.0,1052241555440.7605,1052241555440.7605,0.0,4564.08393717553,0.0,0.0,29,17011.91606282447,79664.67149740424,99580.8393717553,0.8069868509721573,21624.750603842196,17450.88939285287,0.0,0.0,,,,0.0,0.0,0.0,0.0,11666.666666666666,0.0,9958.08393717553,0.0,0.0,0.0
own:29,28,2029-01,744.0,1057502763217.9641,1057502763217.9641,0.0,4586.904356861408,0.0,0.0,29,16989.095643138593,79847.23485489126,99809.04356861407,0.8006027323565819,21647.57102352807,17331.104510319743,0.0,0.0,,,,0.0,0.0,0.0,0.0,11666.666666666666,0.0,9980.904356861407,0.0,0.0,0.0
own:29,29,2029-02,672.0,959939605063.0164,959939605063.0164,0.0,4163.725438776774,0.0,0.0,29,15324.274561223225,72285.8035102142,90357.25438776775,0.7942691188644154,20702.39210544344,16443.27073597619,0.0,0.0,,,,0.0,0.0,0.0,0.0,11666.666666666666,0.0,9035.725438776775,0.0,0.0,0.0
own:29,30,2029-03,744.0,1068104228419.2241,1068104228419.2241,0.0,4632.888073038943,0.0,0.0,29,16943.111926961057,80215.10458431154,100268.88073038943,0.7879856109467703,21693.554739705607,17094.20898517413,0.0,0.0,,,,0.0,0.0,0.0,0.0,11666.666666666666,0.0,10026.888073038943,0.0,0.0,0.0
own:29,31,2029-04,720.0,1038817499575.4711,1038817499575.4711,0.0,4505.857271036261,0.0,0.0,29,16374.14272896374,77806.85816829008,97258.57271036261,0.7817518122156131,21392.52393770293,16723.644356165147,0.0,0.0,,,,0.0,0.0,0.0,0.0,11666.666666666666,0.0,9725.857271036262,0.0,0.0,0.0
own:29,32,2029-05,744.0,1078811973309.1265,1078811973309.1265,0.0,4679.332775971157,0.0,0.0,29,16896.667224028843,80586.66220776926,100733.32775971157,0.7755673294187581,21739.999442637825,16860.833309291906,0.0,0.0,,,,0.0,0.0,0.0,0.0,11666.666666666666,0.0,10073.332775971157,0.0,0.0,0.0
own:29,33,2029-06,720.0,1049231645008.715,1049231645008.715,0.0,4551.028490178399,0.0,0.0,29,16328.9715098216,78168.2279214272,97710.284901784,0.76943177241506,21437.695156845068,16494.843781025047,0.0,0.0,,,,0.0,0.0,0.0,0.0,11666.666666666666,0.0,9771.028490178402,0.0,0.0,0.0
own:29,34,2029-07,744.0,1089627063341.5503,1089627063341.5503,0.0,4726.243087050267,0.0,0.0,29,16849.756912949735,80961.94469640213,101202.43087050266,0.7633447541498025,21786.909753716933,16630.923269634986,0.0,0.0,,,,0.0,0.0,0.0,0.0,11666.666666666666,0.0,10120.243087050267,0.0,0.0,0.0
own:29,35,2029-08,744.0,1095075198658.2579,1095075198658.2579,0.0,4749.874302485518,0.0,0.0,29,16826.125697514482,81150.99441988414,101438.74302485518,0.7573058906302806,21810.540969152185,16517.25115377202,0.0,0.0,,,,0.0,0.0,0.0,0.0,11666.666666666666,0.0,10143.87430248552,0.0,0.0,0.0
own:29,36,2029-09,720.0,1065048943211.1765,1065048943211.1765,0.0,4619.635813546398,0.0,0.0,29,16260.364186453602,78717.08650837118,98396.35813546398,0.7513148009015775,21506.302480213064,16158.003366050381,0.0,0.0,,,,0.0,0.0,0.0,0.0,11666.666666666666,0.0,9839.635813546398,0.0,0.0,0.0
own:30,0,time_zero,0.0,0.0,0.0,0.0,0.0,0.0,0.0,30,0.0,0.0,0.0,1.0,12050000.0,12050000.0,0.0,0.0,,,,12000000.0,50000.0,0.0,0.0,0.0,0.0,0.0,0.0,0.0,0.0
own:30,1,2026-10,744.0,924267843072.0002,671485605194.8799,252782237877.1203,0.0,2912.5599999999995,2972.0,30,0.0,0.0,0.0,0.992088943446991,204473.6,202855.99778680265,204473.6,0.0,,,,0.0,0.0,0.0,0.0,0.0,0.0,0.0,0.0,0.0,0.0
own:30,2,2026-11,720.0,898925015116.8,650699375155.2,248225639961.60022,0.0,2822.4,2880.0,30,0.0,0.0,0.0,0.9842404717097668,198144.0,195021.34402646002,198144.0,0.0,,,,0.0,0.0,0.0,0.0,0.0,0.0,0.0,0.0,0.0,0.0
own:30,3,2026-12,744.0,933533628198.7966,671485605194.8799,262048023003.9168,0.0,2912.5599999999995,2972.0,30,0.0,0.0,0.0,0.9764540896763105,204473.6,199659.08295083806,204473.6,0.0,,,,0.0,0.0,0.0,0.0,0.0,0.0,0.0,0.0,0.0,0.0
own:30,4,2027-01,744.0,938201296339.7905,671485605194.8799,266715691144.9107,0.0,2912.5599999999995,2972.0,30,0.0,0.0,0.0,0.9687293061514642,204473.6,198079.56865429203,204473.6,0.0,,,,0.0,0.0,0.0,0.0,0.0,0.0,0.0,0.0,0.0,0.0
own:30,5,2027-02,672.0,851644660612.9583,606415667679.3599,245228992933.59842,0.0,2630.3199999999997,2684.0,30,0.0,0.0,0.0,0.9610656338259428,184659.19999999998,177469.61108979152,184659.19999999998,0.0,,,,0.0,0.0,0.0,0.0,0.0,0.0,0.0,0.0,0.0,0.0
own:30,6,2027-03,744.0,947606764335.5967,671485605194.8799,276121159140.71686,0.0,2912.5599999999995,2972.0,30,0.0,0.0,0.0,0.9534625892455922,204473.6,194957.92808836754,204473.6,0.0,,,,0.0,0.0,0.0,0.0,0.0,0.0,0.0,0.0,0.0,0.0
own:30,7,2027-04,720.0,921623998216.7175,921623998216.7175,0.0,3997.5319969324496,0.0,0.0,30,17602.46800306755,75180.2559754596,93975.3199693245,0.9459196927808919,21397.53199693245,20240.346892807647,0.0,0.0,,,,0.0,0.0,0.0,0.0,12000.0,0.0,9397.53199693245,0.0,0.0,0.0
own:30,8,2027-05,744.0,957106522148.061,957106522148.061,0.0,4151.436978814349,0.0,0.0,30,18168.56302118565,77851.49583051479,97314.3697881435,0.9384364685966974,21731.436978814352,20393.572975930223,0.0,0.0,,,,0.0,0.0,0.0,0.0,12000.0,0.0,9731.43697881435,0.0,0.0,0.0
own:30,9,2027-06,720.0,930863278798.8401,930863278798.8401,0.0,4037.607255201697,0.0,0.0,30,17562.392744798304,75500.85804161358,94376.07255201698,0.9310124446222228,21437.6072552017,19958.679137516432,0.0,0.0,,,,0.0,0.0,0.0,0.0,12000.0,0.0,9437.607255201698,0.0,0.0,0.0
own:30,10,2027-07,744.0,966701515032.5951,966701515032.5951,0.0,4193.055134526961,0.0,0.0,30,18126.944865473037,78184.44107621569,97730.55134526962,0.9236471525212612,21773.055134526963,20110.620376694256,0.0,0.0,,,,0.0,0.0,0.0,0.0,12000.0,0.0,9773.055134526961,0.0,0.0,0.0
own:30,11,2027-08,744.0,971535022607.758,971535022607.758,0.0,4214.020410199596,0.0,0.0,30,18105.979589800405,78352.16328159676,97940.20410199594,0.9163401276626397,21794.020410199595,19970.735444964474,0.0,0.0,,,,0.0,0.0,0.0,0.0,12000.0,0.0,9794.020410199595,0.0,0.0,0.0
own:30,12,2027-09,720.0,944896159084.6421,944896159084.6421,0.0,4098.474689274768,0.0,0.0,30,17501.525310725232,75987.79751419814,94984.74689274767,0.9090909090909091,21498.474689274768,19544.0678993407,0.0,0.0,,,,0.0,0.0,0.0,0.0,12000.0,0.0,9498.474689274768,0.0,0.0,0.0
own:30,13,2027-10,744.0,981274661209.4006,981274661209.4006,0.0,4256.265964811846,0.0,0.0,30,18063.734035188154,78690.12771849477,98362.65964811845,0.9018990394972645,21836.265964811846,19694.10729987061,0.0,0.0,,,,0.0,0.0,0.0,0.0,12000.0,0.0,9836.265964811846,0.0,0.0,0.0
own:30,14,2027-11,720.0,954368743079.4653,954368743079.4653,0.0,4139.561898034746,0.0,0.0,30,17460.438101965254,76316.49518427797,95395.61898034747,0.894764065190697,21539.56189803475,19272.82596631222,0.0,0.0,,,,0.0,0.0,0.0,0.0,12000.0,0.0,9539.561898034748,0.0,0.0,0.0
own:30,15,2027-12,744.0,991111939688.0247,991111939688.0247,0.0,4298.935031109084,0.0,0.0,30,18021.064968890918,79031.48024887267,98789.35031109084,0.8876855360693732,21878.935031109082,19421.614171717054,0.0,0.0,,,,0.0,0.0,0.0,0.0,12000.0,0.0,9878.935031109084,0.0,0.0,0.0
own:30,16,2028-01,744.0,996067499386.4646,996067499386.4646,0.0,4320.429706264628,0.0,0.0,30,17999.57029373537,79203.43765011703,99004.29706264629,0.8806630055922402,21900.42970626463,19286.898248880592,0.0,0.0,,,,0.0,0.0,0.0,0.0,12000.0,0.0,9900.42970626463,0.0,0.0,0.0
own:30,17,2028-02,696.0,936464105471.565,936464105471.565,0.0,4061.9007673897618,0.0,0.0,30,16818.09923261024,74255.20613911809,92819.0076738976,0.873696030750857,21281.90076738976,18593.91222730205,0.0,0.0,,,,0.0,0.0,0.0,0.0,12000.0,0.0,9281.900767389761,0.0,0.0,0.0
own:30,18,2028-03,744.0,1006053076067.8136,1006053076067.8136,0.0,4363.74201406993,0.0,0.0,30,17956.25798593007,79549.93611255943,99437.42014069928,0.8667841720414474,21943.74201406993,19020.488253156727,0.0,0.0,,,,0.0,0.0,0.0,0.0,12000.0,0.0,9943.742014069929,0.0,0.0,0.0
own:30,19,2028-04,720.0,978467749788.5349,978467749788.5349,0.0,4244.091023361561,0.0,0.0,30,17355.90897663844,77152.72818689249,96440.9102336156,0.8599269934371745,21644.09102336156,18612.338119399843,0.0,0.0,,,,0.0,0.0,0.0,0.0,12000.0,0.0,9644.091023361561,0.0,0.0,0.0
own:30,20,2028-05,744.0,1016138758155.3933,1016138758155.3933,0.0,4407.488527760981,0.0,0.0,30,17912.51147223902,79899.90822208785,99874.8852776098,0.8531240623606339,21987.48852776098,18758.05553391128,0.0,0.0,,,,0.0,0.0,0.0,0.0,12000.0,0.0,9987.488527760981,0.0,0.0,0.0
own:30,21,2028-06,720.0,988276888980.1646,988276888980.1646,0.0,4286.638035870759,0.0,0.0,30,17313.36196412924,77493.10428696607,96866.3803587076,0.8463749496565661,21686.63803587076,18355.027175830288,0.0,0.0,,,,0.0,0.0,0.0,0.0,12000.0,0.0,9686.63803587076,0.0,0.0,0.0
own:30,22,2028-07,744.0,1026325549205.9009,1026325549205.9009,0.0,4451.673600251784,0.0,0.0,30,17868.326399748217,80253.38880201426,100316.73600251784,0.8396792295647828,22031.673600251786,18499.538714682185,0.0,0.0,,,,0.0,0.0,0.0,0.0,12000.0,0.0,10031.673600251785,0.0,0.0,0.0
own:30,23,2028-08,744.0,1031457176951.9302,1031457176951.9302,0.0,4473.931968253041,0.0,0.0,30,17846.06803174696,80431.45574602432,100539.3196825304,0.8330364796933087,22053.93196825304,18371.729850229236,0.0,0.0,,,,0.0,0.0,0.0,0.0,12000.0,0.0,10053.93196825304,0.0,0.0,0.0
own:30,24,2028-09,720.0,1003175286616.1516,1003175286616.1516,0.0,4351.259640091264,0.0,0.0,30,17248.740359908734,78010.07712073011,97512.59640091265,0.8264462809917354,21751.259640091266,17976.24763643906,0.0,0.0,,,,0.0,0.0,0.0,0.0,12000.0,0.0,9751.259640091264,0.0,0.0,0.0
own:30,25,2028-10,744.0,1041797535150.8733,1041797535150.8733,0.0,4518.783136234778,0.0,0.0,30,17801.21686376522,80790.26508987823,100987.83136234779,0.8199082177247857,22098.78313623478,18118.973895116807,0.0,0.0,,,,0.0,0.0,0.0,0.0,12000.0,0.0,10098.783136234779,0.0,0.0,0.0
own:30,26,2028-11,720.0,1013232118864.478,1013232118864.478,0.0,4394.881017983178,0.0,0.0,30,17205.118982016822,78359.04814386542,97948.81017983178,0.8134218774460882,21794.881017983178,17728.433036361985,0.0,0.0,,,,0.0,0.0,0.0,0.0,12000.0,0.0,9794.881017983178,0.0,0.0,0.0
own:30,27,2028-12,744.0,1052241555440.7605,1052241555440.7605,0.0,4564.08393717553,0.0,0.0,30,17755.91606282447,81152.67149740424,101440.8393717553,0.8069868509721573,22144.08393717553,17869.98456412441,0.0,0.0,,,,0.0,0.0,0.0,0.0,12000.0,0.0,10144.08393717553,0.0,0.0,0.0
own:30,28,2029-01,744.0,1057502763217.9641,1057502763217.9641,0.0,4586.904356861408,0.0,0.0,30,17733.095643138593,81335.23485489126,101669.04356861407,0.8006027323565819,22166.904356861407,17746.88419599026,0.0,0.0,,,,0.0,0.0,0.0,0.0,12000.0,0.0,10166.904356861407,0.0,0.0,0.0
own:30,29,2029-02,672.0,959939605063.0164,959939605063.0164,0.0,4163.725438776774,0.0,0.0,30,15996.274561223225,73629.8035102142,92037.25438776775,0.7942691188644154,21203.725438776775,16841.46432090022,0.0,0.0,,,,0.0,0.0,0.0,0.0,12000.0,0.0,9203.725438776775,0.0,0.0,0.0
own:30,30,2029-03,744.0,1068104228419.2241,1068104228419.2241,0.0,4632.888073038943,0.0,0.0,30,17687.111926961057,81703.10458431154,102128.88073038943,0.7879856109467703,22212.888073038943,17503.43617912582,0.0,0.0,,,,0.0,0.0,0.0,0.0,12000.0,0.0,10212.888073038943,0.0,0.0,0.0
own:30,31,2029-04,720.0,1038817499575.4711,1038817499575.4711,0.0,4505.857271036261,0.0,0.0,30,17094.14272896374,79246.85816829008,99058.57271036261,0.7817518122156131,21905.857271036264,17124.943619769165,0.0,0.0,,,,0.0,0.0,0.0,0.0,12000.0,0.0,9905.857271036262,0.0,0.0,0.0
own:30,32,2029-05,744.0,1078811973309.1265,1078811973309.1265,0.0,4679.332775971157,0.0,0.0,30,17640.667224028843,82074.66220776926,102593.32775971157,0.7755673294187581,22259.332775971157,17263.61127570338,0.0,0.0,,,,0.0,0.0,0.0,0.0,12000.0,0.0,10259.332775971157,0.0,0.0,0.0
own:30,33,2029-06,720.0,1049231645008.715,1049231645008.715,0.0,4551.028490178399,0.0,0.0,30,17048.9715098216,79608.2279214272,99510.284901784,0.76943177241506,21951.028490178403,16889.818757531448,0.0,0.0,,,,0.0,0.0,0.0,0.0,12000.0,0.0,9951.028490178402,0.0,0.0,0.0
own:30,34,2029-07,744.0,1089627063341.5503,1089627063341.5503,0.0,4726.243087050267,0.0,0.0,30,17593.756912949735,82449.94469640213,103062.43087050266,0.7633447541498025,22306.243087050265,17027.353645290117,0.0,0.0,,,,0.0,0.0,0.0,0.0,12000.0,0.0,10306.243087050267,0.0,0.0,0.0
own:30,35,2029-08,744.0,1095075198658.2579,1095075198658.2579,0.0,4749.874302485518,0.0,0.0,30,17570.125697514482,82638.99441988414,103298.74302485518,0.7573058906302806,22329.87430248552,16910.545346306015,0.0,0.0,,,,0.0,0.0,0.0,0.0,12000.0,0.0,10329.87430248552,0.0,0.0,0.0
own:30,36,2029-09,720.0,1065048943211.1765,1065048943211.1765,0.0,4619.635813546398,0.0,0.0,30,16980.364186453604,80157.08650837118,100196.35813546398,0.7513148009015775,22019.635813546396,16543.678297179857,0.0,0.0,,,,0.0,0.0,0.0,0.0,12000.0,0.0,10019.635813546398,0.0,0.0,0.0
own:31,0,time_zero,0.0,0.0,0.0,0.0,0.0,0.0,0.0,31,0.0,0.0,0.0,1.0,12450000.0,12450000.0,0.0,0.0,,,,12400000.0,50000.0,0.0,0.0,0.0,0.0,0.0,0.0,0.0,0.0
own:31,1,2026-10,744.0,924267843072.0002,671485605194.8799,252782237877.1203,0.0,2912.5599999999995,2972.0,31,0.0,0.0,0.0,0.992088943446991,204473.6,202855.99778680265,204473.6,0.0,,,,0.0,0.0,0.0,0.0,0.0,0.0,0.0,0.0,0.0,0.0
own:31,2,2026-11,720.0,898925015116.8,650699375155.2,248225639961.60022,0.0,2822.4,2880.0,31,0.0,0.0,0.0,0.9842404717097668,198144.0,195021.34402646002,198144.0,0.0,,,,0.0,0.0,0.0,0.0,0.0,0.0,0.0,0.0,0.0,0.0
own:31,3,2026-12,744.0,933533628198.7966,671485605194.8799,262048023003.9168,0.0,2912.5599999999995,2972.0,31,0.0,0.0,0.0,0.9764540896763105,204473.6,199659.08295083806,204473.6,0.0,,,,0.0,0.0,0.0,0.0,0.0,0.0,0.0,0.0,0.0,0.0
own:31,4,2027-01,744.0,938201296339.7905,671485605194.8799,266715691144.9107,0.0,2912.5599999999995,2972.0,31,0.0,0.0,0.0,0.9687293061514642,204473.6,198079.56865429203,204473.6,0.0,,,,0.0,0.0,0.0,0.0,0.0,0.0,0.0,0.0,0.0,0.0
own:31,5,2027-02,672.0,851644660612.9583,606415667679.3599,245228992933.59842,0.0,2630.3199999999997,2684.0,31,0.0,0.0,0.0,0.9610656338259428,184659.19999999998,177469.61108979152,184659.19999999998,0.0,,,,0.0,0.0,0.0,0.0,0.0,0.0,0.0,0.0,0.0,0.0
own:31,6,2027-03,744.0,947606764335.5967,671485605194.8799,276121159140.71686,0.0,2912.5599999999995,2972.0,31,0.0,0.0,0.0,0.9534625892455922,204473.6,194957.92808836754,204473.6,0.0,,,,0.0,0.0,0.0,0.0,0.0,0.0,0.0,0.0,0.0,0.0
own:31,7,2027-04,720.0,921623998216.7175,921623998216.7175,0.0,3997.5319969324496,0.0,0.0,31,18322.46800306755,76620.2559754596,95775.3199693245,0.9459196927808919,21910.865330265784,20725.919001768507,0.0,0.0,,,,0.0,0.0,0.0,0.0,12333.333333333334,0.0,9577.53199693245,0.0,0.0,0.0
own:31,8,2027-05,744.0,957106522148.061,957106522148.061,0.0,4151.436978814349,0.0,0.0,31,18912.56302118565,79339.49583051479,99174.3697881435,0.9384364685966974,22250.770312147684,20880.93431528811,0.0,0.0,,,,0.0,0.0,0.0,0.0,12333.333333333334,0.0,9917.43697881435,0.0,0.0,0.0
own:31,9,2027-06,720.0,930863278798.8401,930863278798.8401,0.0,4037.607255201697,0.0,0.0,31,18282.392744798304,76940.85804161358,96176.07255201698,0.9310124446222228,21950.94058853503,20436.598859089172,0.0,0.0,,,,0.0,0.0,0.0,0.0,12333.333333333334,0.0,9617.607255201698,0.0,0.0,0.0
own:31,10,2027-07,744.0,966701515032.5951,966701515032.5951,0.0,4193.055134526961,0.0,0.0,31,18870.944865473037,79672.44107621569,99590.55134526962,0.9236471525212612,22292.3884678603,20590.301131236964,0.0,0.0,,,,0.0,0.0,0.0,0.0,12333.333333333334,0.0,9959.055134526963,0.0,0.0,0.0
own:31,11,2027-08,744.0,971535022607.758,971535022607.758,0.0,4214.020410199596,0.0,0.0,31,18849.979589800405,79840.16328159676,99800.20410199594,0.9163401276626397,22313.353743532927,20446.6214179306,0.0,0.0,,,,0.0,0.0,0.0,0.0,12333.333333333334,0.0,9980.020410199595,0.0,0.0,0.0
own:31,12,2027-09,720.0,944896159084.6421,944896159084.6421,0.0,4098.474689274768,0.0,0.0,31,18221.525310725232,77427.79751419814,96784.74689274767,0.9090909090909091,22011.8080226081,20010.734566007362,0.0,0.0,,,,0.0,0.0,0.0,0.0,12333.333333333334,0.0,9678.474689274768,0.0,0.0,0.0
own:31,13,2027-10,744.0,981274661209.4006,981274661209.4006,0.0,4256.265964811846,0.0,0.0,31,18807.734035188154,80178.12771849477,100222.65964811845,0.9018990394972645,22355.59929814518,20162.493534382855,0.0,0.0,,,,0.0,0.0,0.0,0.0,12333.333333333334,0.0,10022.265964811846,0.0,0.0,0.0
own:31,14,2027-11,720.0,954368743079.4653,954368743079.4653,0.0,4139.561898034746,0.0,0.0,31,18180.438101965254,77756.49518427797,97195.61898034747,0.894764065190697,22052.895231368082,19732.13818644344,0.0,0.0,,,,0.0,0.0,0.0,0.0,12333.333333333334,0.0,9719.561898034748,0.0,0.0,0.0
own:31,15,2027-12,744.0,991111939688.0247,991111939688.0247,0.0,4298.935031109084,0.0,0.0,31,18765.064968890918,80519.48024887267,100649.35031109084,0.8876855360693732,22398.268364442418,19882.61886011575,0.0,0.0,,,,0.0,0.0,0.0,0.0,12333.333333333334,0.0,10064.935031109084,0.0,0.0,0.0
own:31,16,2028-01,744.0,996067499386.4646,996067499386.4646,0.0,4320.429706264628,0.0,0.0,31,18743.57029373537,80691.43765011703,100864.29706264629,0.8806630055922402,22419.763039597965,19744.255903118163,0.0,0.0,,,,0.0,0.0,0.0,0.0,12333.333333333334,0.0,10086.42970626463,0.0,0.0,0.0
own:31,17,2028-02,696.0,936464105471.565,936464105471.565,0.0,4061.9007673897618,0.0,0.0,31,17514.09923261024,75647.20613911809,94559.0076738976,0.873696030750857,21789.234100723093,19037.167346902985,0.0,0.0,,,,0.0,0.0,0.0,0.0,12333.333333333334,0.0,9455.900767389761,0.0,0.0,0.0
own:31,18,2028-03,744.0,1006053076067.8136,1006053076067.8136,0.0,4363.74201406993,0.0,0.0,31,18700.25798593007,81037.93611255943,101297.42014069928,0.8667841720414474,22463.07534740326,19470.638166503584,0.0,0.0,,,,0.0,0.0,0.0,0.0,12333.333333333334,0.0,10129.742014069929,0.0,0.0,0.0
own:31,19,2028-04,720.0,978467749788.5349,978467749788.5349,0.0,4244.091023361561,0.0,0.0,31,18075.90897663844,78592.72818689249,98240.9102336156,0.8599269934371745,22157.424356694894,19053.76730936426,0.0,0.0,,,,0.0,0.0,0.0,0.0,12333.333333333334,0.0,9824.091023361561,0.0,0.0,0.0
own:31,20,2028-05,744.0,1016138758155.3933,1016138758155.3933,0.0,4407.488527760981,0.0,0.0,31,18656.51147223902,81387.90822208785,101734.8852776098,0.8531240623606339,22506.821861094315,19201.111296963903,0.0,0.0,,,,0.0,0.0,0.0,0.0,12333.333333333334,0.0,10173.488527760981,0.0,0.0,0.0
own:31,21,2028-06,720.0,988276888980.1646,988276888980.1646,0.0,4286.638035870759,0.0,0.0,31,18033.36196412924,78933.10428696607,98666.3803587076,0.8463749496565661,22199.971369204097,18789.499649987327,0.0,0.0,,,,0.0,0.0,0.0,0.0,12333.333333333334,0.0,9866.638035870761,0.0,0.0,0.0
own:31,22,2028-07,744.0,1026325549205.9009,1026325549205.9009,0.0,4451.673600251784,0.0,0.0,31,18612.326399748217,81741.38880201426,102176.73600251784,0.8396792295647828,22551.00693358512,18935.612127902827,0.0,0.0,,,,0.0,0.0,0.0,0.0,12333.333333333334,0.0,10217.673600251785,0.0,0.0,0.0
own:31,23,2028-08,744.0,1031457176951.9302,1031457176951.9302,0.0,4473.931968253041,0.0,0.0,31,18590.06803174696,81919.45574602432,102399.3196825304,0.8330364796933087,22573.265301586376,18804.35346201663,0.0,0.0,,,,0.0,0.0,0.0,0.0,12333.333333333334,0.0,10239.93196825304,0.0,0.0,0.0
own:31,24,2028-09,720.0,1003175286616.1516,1003175286616.1516,0.0,4351.259640091264,0.0,0.0,31,17968.740359908734,79450.07712073011,99312.59640091265,0.8264462809917354,22264.592973424602,18400.490060681488,0.0,0.0,,,,0.0,0.0,0.0,0.0,12333.333333333334,0.0,9931.259640091266,0.0,0.0,0.0
own:31,25,2028-10,744.0,1041797535150.8733,1041797535150.8733,0.0,4518.783136234778,0.0,0.0,31,18545.21686376522,82278.26508987823,102847.83136234779,0.8199082177247857,22618.116469568115,18544.779562855216,0.0,0.0,,,,0.0,0.0,0.0,0.0,12333.333333333334,0.0,10284.783136234779,0.0,0.0,0.0
own:31,26,2028-11,720.0,1013232118864.478,1013232118864.478,0.0,4394.881017983178,0.0,0.0,31,17925.118982016822,79799.04814386542,99748.81017983178,0.8134218774460882,22308.214351316514,18145.989600117646,0.0,0.0,,,,0.0,0.0,0.0,0.0,12333.333333333334,0.0,9974.881017983178,0.0,0.0,0.0
own:31,27,2028-12,744.0,1052241555440.7605,1052241555440.7605,0.0,4564.08393717553,0.0,0.0,31,18499.91606282447,82640.67149740424,103300.8393717553,0.8069868509721573,22663.417270508864,18289.079735395953,0.0,0.0,,,,0.0,0.0,0.0,0.0,12333.333333333334,0.0,10330.08393717553,0.0,0.0,0.0
own:31,28,2029-01,744.0,1057502763217.9641,1057502763217.9641,0.0,4586.904356861408,0.0,0.0,31,18477.095643138593,82823.23485489126,103529.04356861407,0.8006027323565819,22686.237690194743,18162.66388166078,0.0,0.0,,,,0.0,0.0,0.0,0.0,12333.333333333334,0.0,10352.904356861407,0.0,0.0,0.0
own:31,29,2029-02,672.0,959939605063.0164,959939605063.0164,0.0,4163.725438776774,0.0,0.0,31,16668.274561223225,74973.8035102142,93717.25438776775,0.7942691188644154,21705.05877211011,17239.65790582425,0.0,0.0,,,,0.0,0.0,0.0,0.0,12333.333333333334,0.0,9371.725438776775,0.0,0.0,0.0
own:31,30,2029-03,744.0,1068104228419.2241,1068104228419.2241,0.0,4632.888073038943,0.0,0.0,31,18431.111926961057,83191.10458431154,103988.88073038943,0.7879856109467703,22732.22140637228,17912.66337307751,0.0,0.0,,,,0.0,0.0,0.0,0.0,12333.333333333334,0.0,10398.888073038943,0.0,0.0,0.0
own:31,31,2029-04,720.0,1038817499575.4711,1038817499575.4711,0.0,4505.857271036261,0.0,0.0,31,17814.14272896374,80686.85816829008,100858.57271036261,0.7817518122156131,22419.190604369596,17526.24288337318,0.0,0.0,,,,0.0,0.0,0.0,0.0,12333.333333333334,0.0,10085.857271036262,0.0,0.0,0.0
own:31,32,2029-05,744.0,1078811973309.1265,1078811973309.1265,0.0,4679.332775971157,0.0,0.0,31,18384.667224028843,83562.66220776926,104453.32775971157,0.7755673294187581,22778.66610930449,17666.389242114856,0.0,0.0,,,,0.0,0.0,0.0,0.0,12333.333333333334,0.0,10445.332775971157,0.0,0.0,0.0
own:31,33,2029-06,720.0,1049231645008.715,1049231645008.715,0.0,4551.028490178399,0.0,0.0,31,17768.9715098216,81048.2279214272,101310.284901784,0.76943177241506,22464.361823511736,17284.793734037845,0.0,0.0,,,,0.0,0.0,0.0,0.0,12333.333333333334,0.0,10131.028490178402,0.0,0.0,0.0
own:31,34,2029-07,744.0,1089627063341.5503,1089627063341.5503,0.0,4726.243087050267,0.0,0.0,31,18337.756912949735,83937.94469640213,104922.43087050266,0.7633447541498025,22825.5764203836,17423.784020945248,0.0,0.0,,,,0.0,0.0,0.0,0.0,12333.333333333334,0.0,10492.243087050267,0.0,0.0,0.0
own:31,35,2029-08,744.0,1095075198658.2579,1095075198658.2579,0.0,4749.874302485518,0.0,0.0,31,18314.125697514482,84126.99441988414,105158.74302485518,0.7573058906302806,22849.207635818853,17303.839538840006,0.0,0.0,,,,0.0,0.0,0.0,0.0,12333.333333333334,0.0,10515.87430248552,0.0,0.0,0.0
own:31,36,2029-09,720.0,1065048943211.1765,1065048943211.1765,0.0,4619.635813546398,0.0,0.0,31,17700.364186453604,81597.08650837118,101996.35813546398,0.7513148009015775,22532.969146879732,16929.353228309334,0.0,0.0,,,,0.0,0.0,0.0,0.0,12333.333333333334,0.0,10199.635813546398,0.0,0.0,0.0
own:32,0,time_zero,0.0,0.0,0.0,0.0,0.0,0.0,0.0,32,0.0,0.0,0.0,1.0,12850000.0,12850000.0,0.0,0.0,,,,12800000.0,50000.0,0.0,0.0,0.0,0.0,0.0,0.0,0.0,0.0
own:32,1,2026-10,744.0,924267843072.0002,671485605194.8799,252782237877.1203,0.0,2912.5599999999995,2972.0,32,0.0,0.0,0.0,0.992088943446991,204473.6,202855.99778680265,204473.6,0.0,,,,0.0,0.0,0.0,0.0,0.0,0.0,0.0,0.0,0.0,0.0
own:32,2,2026-11,720.0,898925015116.8,650699375155.2,248225639961.60022,0.0,2822.4,2880.0,32,0.0,0.0,0.0,0.9842404717097668,198144.0,195021.34402646002,198144.0,0.0,,,,0.0,0.0,0.0,0.0,0.0,0.0,0.0,0.0,0.0,0.0
own:32,3,2026-12,744.0,933533628198.7966,671485605194.8799,262048023003.9168,0.0,2912.5599999999995,2972.0,32,0.0,0.0,0.0,0.9764540896763105,204473.6,199659.08295083806,204473.6,0.0,,,,0.0,0.0,0.0,0.0,0.0,0.0,0.0,0.0,0.0,0.0
own:32,4,2027-01,744.0,938201296339.7905,671485605194.8799,266715691144.9107,0.0,2912.5599999999995,2972.0,32,0.0,0.0,0.0,0.9687293061514642,204473.6,198079.56865429203,204473.6,0.0,,,,0.0,0.0,0.0,0.0,0.0,0.0,0.0,0.0,0.0,0.0
own:32,5,2027-02,672.0,851644660612.9583,606415667679.3599,245228992933.59842,0.0,2630.3199999999997,2684.0,32,0.0,0.0,0.0,0.9610656338259428,184659.19999999998,177469.61108979152,184659.19999999998,0.0,,,,0.0,0.0,0.0,0.0,0.0,0.0,0.0,0.0,0.0,0.0
own:32,6,2027-03,744.0,947606764335.5967,671485605194.8799,276121159140.71686,0.0,2912.5599999999995,2972.0,32,0.0,0.0,0.0,0.9534625892455922,204473.6,194957.92808836754,204473.6,0.0,,,,0.0,0.0,0.0,0.0,0.0,0.0,0.0,0.0,0.0,0.0
own:32,7,2027-04,720.0,921623998216.7175,921623998216.7175,0.0,3997.5319969324496,0.0,0.0,32,19042.46800306755,78060.2559754596,97575.3199693245,0.9459196927808919,22424.198663599116,21211.491110729363,0.0,0.0,,,,0.0,0.0,0.0,0.0,12666.666666666666,0.0,9757.53199693245,0.0,0.0,0.0
own:32,8,2027-05,744.0,957106522148.061,957106522148.061,0.0,4151.436978814349,0.0,0.0,32,19656.56302118565,80827.49583051479,101034.3697881435,0.9384364685966974,22770.103645481016,21368.29565464599,0.0,0.0,,,,0.0,0.0,0.0,0.0,12666.666666666666,0.0,10103.43697881435,0.0,0.0,0.0
own:32,9,2027-06,720.0,930863278798.8401,930863278798.8401,0.0,4037.607255201697,0.0,0.0,32,19002.392744798304,78380.85804161358,97976.07255201698,0.9310124446222228,22464.273921868364,20914.518580661912,0.0,0.0,,,,0.0,0.0,0.0,0.0,12666.666666666666,0.0,9797.607255201698,0.0,0.0,0.0
own:32,10,2027-07,744.0,966701515032.5951,966701515032.5951,0.0,4193.055134526961,0.0,0.0,32,19614.944865473037,81160.44107621569,101450.55134526962,0.9236471525212612,22811.721801193627,21069.98188577967,0.0,0.0,,,,0.0,0.0,0.0,0.0,12666.666666666666,0.0,10145.055134526963,0.0,0.0,0.0
own:32,11,2027-08,744.0,971535022607.758,971535022607.758,0.0,4214.020410199596,0.0,0.0,32,19593.979589800405,81328.16328159676,101660.20410199594,0.9163401276626397,22832.687076866263,20922.507390896735,0.0,0.0,,,,0.0,0.0,0.0,0.0,12666.666666666666,0.0,10166.020410199595,0.0,0.0,0.0
own:32,12,2027-09,720.0,944896159084.6421,944896159084.6421,0.0,4098.474689274768,0.0,0.0,32,18941.525310725232,78867.79751419814,98584.74689274767,0.9090909090909091,22525.141355941436,20477.40123267403,0.0,0.0,,,,0.0,0.0,0.0,0.0,12666.666666666666,0.0,9858.474689274768,0.0,0.0,0.0
own:32,13,2027-10,744.0,981274661209.4006,981274661209.4006,0.0,4256.265964811846,0.0,0.0,32,19551.734035188154,81666.12771849477,102082.65964811845,0.9018990394972645,22874.932631478514,20630.879768895105,0.0,0.0,,,,0.0,0.0,0.0,0.0,12666.666666666666,0.0,10208.265964811846,0.0,0.0,0.0
own:32,14,2027-11,720.0,954368743079.4653,954368743079.4653,0.0,4139.561898034746,0.0,0.0,32,18900.438101965254,79196.49518427797,98995.61898034747,0.894764065190697,22566.228564701414,20191.450406574662,0.0,0.0,,,,0.0,0.0,0.0,0.0,12666.666666666666,0.0,9899.561898034748,0.0,0.0,0.0
own:32,15,2027-12,744.0,991111939688.0247,991111939688.0247,0.0,4298.935031109084,0.0,0.0,32,19509.064968890918,82007.48024887267,102509.35031109084,0.8876855360693732,22917.60169777575,20343.623548514443,0.0,0.0,,,,0.0,0.0,0.0,0.0,12666.666666666666,0.0,10250.935031109084,0.0,0.0,0.0
own:32,16,2028-01,744.0,996067499386.4646,996067499386.4646,0.0,4320.429706264628,0.0,0.0,32,19487.57029373537,82179.43765011703,102724.29706264629,0.8806630055922402,22939.096372931293,20201.61355735573,0.0,0.0,,,,0.0,0.0,0.0,0.0,12666.666666666666,0.0,10272.42970626463,0.0,0.0,0.0
own:32,17,2028-02,696.0,936464105471.565,936464105471.565,0.0,4061.9007673897618,0.0,0.0,32,18210.09923261024,77039.20613911809,96299.0076738976,0.873696030750857,22296.56743405643,19480.422466503922,0.0,0.0,,,,0.0,0.0,0.0,0.0,12666.666666666666,0.0,9629.900767389761,0.0,0.0,0.0
own:32,18,2028-03,744.0,1006053076067.8136,1006053076067.8136,0.0,4363.74201406993,0.0,0.0,32,19444.25798593007,82525.93611255943,103157.42014069928,0.8667841720414474,22982.408680736597,19920.788079850445,0.0,0.0,,,,0.0,0.0,0.0,0.0,12666.666666666666,0.0,10315.742014069929,0.0,0.0,0.0
own:32,19,2028-04,720.0,978467749788.5349,978467749788.5349,0.0,4244.091023361561,0.0,0.0,32,18795.90897663844,80032.72818689249,100040.9102336156,0.8599269934371745,22670.75769002823,19495.19649932868,0.0,0.0,,,,0.0,0.0,0.0,0.0,12666.666666666666,0.0,10004.091023361561,0.0,0.0,0.0
own:32,20,2028-05,744.0,1016138758155.3933,1016138758155.3933,0.0,4407.488527760981,0.0,0.0,32,19400.51147223902,82875.90822208785,103594.8852776098,0.8531240623606339,23026.155194427647,19644.167060016527,0.0,0.0,,,,0.0,0.0,0.0,0.0,12666.666666666666,0.0,10359.488527760981,0.0,0.0,0.0
own:32,21,2028-06,720.0,988276888980.1646,988276888980.1646,0.0,4286.638035870759,0.0,0.0,32,18753.36196412924,80373.10428696607,100466.3803587076,0.8463749496565661,22713.304702537425,19223.97212414436,0.0,0.0,,,,0.0,0.0,0.0,0.0,12666.666666666666,0.0,10046.638035870761,0.0,0.0,0.0
own:32,22,2028-07,744.0,1026325549205.9009,1026325549205.9009,0.0,4451.673600251784,0.0,0.0,32,19356.326399748217,83229.38880201426,104036.73600251784,0.8396792295647828,23070.34026691845,19371.685541123472,0.0,0.0,,,,0.0,0.0,0.0,0.0,12666.666666666666,0.0,10403.673600251785,0.0,0.0,0.0
own:32,23,2028-08,744.0,1031457176951.9302,1031457176951.9302,0.0,4473.931968253041,0.0,0.0,32,19334.06803174696,83407.45574602432,104259.3196825304,0.8330364796933087,23092.598634919705,19236.977073804017,0.0,0.0,,,,0.0,0.0,0.0,0.0,12666.666666666666,0.0,10425.93196825304,0.0,0.0,0.0
own:32,24,2028-09,720.0,1003175286616.1516,1003175286616.1516,0.0,4351.259640091264,0.0,0.0,32,18688.740359908734,80890.07712073011,101112.59640091265,0.8264462809917354,22777.92630675793,18824.73248492391,0.0,0.0,,,,0.0,0.0,0.0,0.0,12666.666666666666,0.0,10111.259640091266,0.0,0.0,0.0
own:32,25,2028-10,744.0,1041797535150.8733,1041797535150.8733,0.0,4518.783136234778,0.0,0.0,32,19289.21686376522,83766.26508987823,104707.83136234779,0.8199082177247857,23137.449802901443,18970.585230593617,0.0,0.0,,,,0.0,0.0,0.0,0.0,12666.666666666666,0.0,10470.783136234779,0.0,0.0,0.0
own:32,26,2028-11,720.0,1013232118864.478,1013232118864.478,0.0,4394.881017983178,0.0,0.0,32,18645.118982016822,81239.04814386542,101548.81017983178,0.8134218774460882,22821.547684649842,18563.546163873303,0.0,0.0,,,,0.0,0.0,0.0,0.0,12666.666666666666,0.0,10154.881017983178,0.0,0.0,0.0
own:32,27,2028-12,744.0,1052241555440.7605,1052241555440.7605,0.0,4564.08393717553,0.0,0.0,32,19243.91606282447,84128.67149740424,105160.8393717553,0.8069868509721573,23182.750603842196,18708.174906667493,0.0,0.0,,,,0.0,0.0,0.0,0.0,12666.666666666666,0.0,10516.08393717553,0.0,0.0,0.0
own:32,28,2029-01,744.0,1057502763217.9641,1057502763217.9641,0.0,4586.904356861408,0.0,0.0,32,19221.095643138593,84311.23485489126,105389.04356861407,0.8006027323565819,23205.57102352807,18578.443567331295,0.0,0.0,,,,0.0,0.0,0.0,0.0,12666.666666666666,0.0,10538.904356861407,0.0,0.0,0.0
own:32,29,2029-02,672.0,959939605063.0164,959939605063.0164,0.0,4163.725438776774,0.0,0.0,32,17340.274561223225,76317.8035102142,95397.25438776775,0.7942691188644154,22206.39210544344,17637.85149074827,0.0,0.0,,,,0.0,0.0,0.0,0.0,12666.666666666666,0.0,9539.725438776775,0.0,0.0,0.0
own:32,30,2029-03,744.0,1068104228419.2241,1068104228419.2241,0.0,4632.888073038943,0.0,0.0,32,19175.111926961057,84679.10458431154,105848.88073038943,0.7879856109467703,23251.554739705607,18321.890567029197,0.0,0.0,,,,0.0,0.0,0.0,0.0,12666.666666666666,0.0,10584.888073038943,0.0,0.0,0.0
own:32,31,2029-04,720.0,1038817499575.4711,1038817499575.4711,0.0,4505.857271036261,0.0,0.0,32,18534.14272896374,82126.85816829008,102658.57271036261,0.7817518122156131,22932.52393770293,17927.54214697719,0.0,0.0,,,,0.0,0.0,0.0,0.0,12666.666666666666,0.0,10265.857271036262,0.0,0.0,0.0
own:32,32,2029-05,744.0,1078811973309.1265,1078811973309.1265,0.0,4679.332775971157,0.0,0.0,32,19128.667224028843,85050.66220776926,106313.32775971157,0.7755673294187581,23297.999442637825,18069.16720852633,0.0,0.0,,,,0.0,0.0,0.0,0.0,12666.666666666666,0.0,10631.332775971157,0.0,0.0,0.0
own:32,33,2029-06,720.0,1049231645008.715,1049231645008.715,0.0,4551.028490178399,0.0,0.0,32,18488.9715098216,82488.2279214272,103110.284901784,0.76943177241506,22977.695156845068,17679.768710544242,0.0,0.0,,,,0.0,0.0,0.0,0.0,12666.666666666666,0.0,10311.028490178402,0.0,0.0,0.0
own:32,34,2029-07,744.0,1089627063341.5503,1089627063341.5503,0.0,4726.243087050267,0.0,0.0,32,19081.756912949735,85425.94469640213,106782.43087050266,0.7633447541498025,23344.909753716933,17820.21439660038,0.0,0.0,,,,0.0,0.0,0.0,0.0,12666.666666666666,0.0,10678.243087050267,0.0,0.0,0.0
own:32,35,2029-08,744.0,1095075198658.2579,1095075198658.2579,0.0,4749.874302485518,0.0,0.0,32,19058.125697514482,85614.99441988414,107018.74302485518,0.7573058906302806,23368.540969152185,17697.133731373997,0.0,0.0,,,,0.0,0.0,0.0,0.0,12666.666666666666,0.0,10701.87430248552,0.0,0.0,0.0
own:32,36,2029-09,720.0,1065048943211.1765,1065048943211.1765,0.0,4619.635813546398,0.0,0.0,32,18420.364186453604,83037.08650837118,103796.35813546398,0.7513148009015775,23046.302480213064,17315.02815943881,0.0,0.0,,,,0.0,0.0,0.0,0.0,12666.666666666666,0.0,10379.635813546398,0.0,0.0,0.0
