policy_id,period,block,duration_hours,demand_tokens,baseline_tokens,baseline_execution_hours,baseline_capacity_tokens,service_nodes,overflow_tokens,unmet_tokens,od_required_hours,od_execution_hours,od_nodes,od_billed_hours
on_demand:0,1,0,595.2,616178562048.0001,0.0,0.0,0.0,0.0,616178562048.0001,0.0,2727.2106389759133,2672.666426196395,5.0,2730.0
on_demand:0,1,1,148.8,308089281024.00006,0.0,0.0,0.0,0.0,308089281024.00006,0.0,1363.6053194879566,1336.3332130981976,10.0,1370.0
on_demand:0,2,0,576.0,599283343411.2001,0.0,0.0,0.0,0.0,599283343411.2001,0.0,2652.4322827459287,2599.38363709101,5.0,2655.0
on_demand:0,2,1,144.0,299641671705.60004,0.0,0.0,0.0,0.0,299641671705.60004,0.0,1326.2161413729643,1299.691818545505,10.0,1330.0
on_demand:0,3,0,595.2,622355752132.5311,0.0,0.0,0.0,0.0,622355752132.5311,0.0,2754.5509256316464,2699.459907119013,5.0,2755.0
on_demand:0,3,1,148.8,311177876066.26556,0.0,0.0,0.0,0.0,311177876066.26556,0.0,1377.2754628158232,1349.7299535595066,10.0,1380.0
on_demand:0,4,0,595.2,625467530893.1937,0.0,0.0,0.0,0.0,625467530893.1937,0.0,2768.323680259804,2712.957206654608,5.0,2770.0
on_demand:0,4,1,148.8,312733765446.59686,0.0,0.0,0.0,0.0,312733765446.59686,0.0,1384.161840129902,1356.478603327304,10.0,1390.0
on_demand:0,5,0,537.6,567763107075.3055,0.0,0.0,0.0,0.0,567763107075.3055,0.0,2512.9234955648676,2462.66502565357,5.0,2515.0
on_demand:0,5,1,134.4,283881553537.6528,0.0,0.0,0.0,0.0,283881553537.6528,0.0,1256.4617477824338,1231.332512826785,10.0,1260.0
on_demand:0,6,0,595.2,631737842890.3978,0.0,0.0,0.0,0.0,631737842890.3978,0.0,2796.076125154408,2740.1546026513197,5.0,2800.0
on_demand:0,6,1,148.8,315868921445.1989,0.0,0.0,0.0,0.0,315868921445.1989,0.0,1398.038062577204,1370.0773013256598,10.0,1400.0
on_demand:0,7,0,576.0,307207999405.5725,0.0,0.0,0.0,0.0,307207999405.5725,0.0,1359.7047608613775,1332.5106656441499,3.0,1362.0
on_demand:0,7,1,144.0,153603999702.78625,0.0,0.0,0.0,0.0,153603999702.78625,0.0,679.8523804306888,666.2553328220749,5.0,680.0
on_demand:0,8,0,595.2,319035507382.687,0.0,0.0,0.0,0.0,319035507382.687,0.0,1412.0533941545405,1383.8123262714496,3.0,1413.0
on_demand:0,8,1,148.8,159517753691.3435,0.0,0.0,0.0,0.0,159517753691.3435,0.0,706.0266970772702,691.9061631357248,5.0,710.0
on_demand:0,9,0,576.0,310287759599.61334,0.0,0.0,0.0,0.0,310287759599.61334,0.0,1373.3358010890126,1345.8690850672324,3.0,1374.0
on_demand:0,9,1,144.0,155143879799.80667,0.0,0.0,0.0,0.0,155143879799.80667,0.0,686.6679005445063,672.9345425336162,5.0,690.0
on_demand:0,10,0,595.2,322233838344.19836,0.0,0.0,0.0,0.0,322233838344.19836,0.0,1426.2092294309393,1397.6850448423204,3.0,1428.0
on_demand:0,10,1,148.8,161116919172.09918,0.0,0.0,0.0,0.0,161116919172.09918,0.0,713.1046147154697,698.8425224211602,5.0,715.0
on_demand:0,11,0,595.2,323845007535.9194,0.0,0.0,0.0,0.0,323845007535.9194,0.0,1433.340275578094,1404.673470066532,3.0,1434.0
on_demand:0,11,1,148.8,161922503767.9597,0.0,0.0,0.0,0.0,161922503767.9597,0.0,716.670137789047,702.336735033266,5.0,720.0
on_demand:0,12,0,576.0,314965386361.54736,0.0,0.0,0.0,0.0,314965386361.54736,0.0,1394.0390099574042,1366.158229758256,3.0,1395.0
on_demand:0,12,1,144.0,157482693180.77368,0.0,0.0,0.0,0.0,157482693180.77368,0.0,697.0195049787021,683.079114879128,5.0,700.0
on_demand:0,13,0,595.2,327091553736.46686,0.0,0.0,0.0,0.0,327091553736.46686,0.0,1447.709511840764,1418.7553216039487,3.0,1449.0
on_demand:0,13,1,148.8,163545776868.23343,0.0,0.0,0.0,0.0,163545776868.23343,0.0,723.854755920382,709.3776608019743,5.0,725.0
on_demand:0,14,0,576.0,318122914359.8218,0.0,0.0,0.0,0.0,318122914359.8218,0.0,1408.0142510322269,1379.853966011582,3.0,1410.0
on_demand:0,14,1,144.0,159061457179.9109,0.0,0.0,0.0,0.0,159061457179.9109,0.0,704.0071255161134,689.926983005791,5.0,705.0
on_demand:0,15,0,595.2,330370646562.67487,0.0,0.0,0.0,0.0,330370646562.67487,0.0,1462.2227996969673,1432.9783437030278,3.0,1464.0
on_demand:0,15,1,148.8,165185323281.33743,0.0,0.0,0.0,0.0,165185323281.33743,0.0,731.1113998484836,716.4891718515139,5.0,735.0
on_demand:0,16,0,595.2,332022499795.4882,0.0,0.0,0.0,0.0,332022499795.4882,0.0,1469.533913695452,1440.1432354215428,3.0,1470.0
on_demand:0,16,1,148.8,166011249897.7441,0.0,0.0,0.0,0.0,166011249897.7441,0.0,734.766956847726,720.0716177107714,5.0,735.0
on_demand:0,17,0,556.8000000000001,312154701823.855,0.0,0.0,0.0,0.0,312154701823.855,0.0,1381.598900472708,1353.966922463254,3.0,1383.0
on_demand:0,17,1,139.20000000000002,156077350911.9275,0.0,0.0,0.0,0.0,156077350911.9275,0.0,690.799450236354,676.983461231627,5.0,695.0
on_demand:0,18,0,595.2,335351025355.93787,0.0,0.0,0.0,0.0,335351025355.93787,0.0,1484.2659911802484,1454.5806713566433,3.0,1485.0
on_demand:0,18,1,148.8,167675512677.96893,0.0,0.0,0.0,0.0,167675512677.96893,0.0,742.1329955901242,727.2903356783216,6.0,744.0
on_demand:0,19,0,576.0,326155916596.1783,0.0,0.0,0.0,0.0,326155916596.1783,0.0,1443.5683752930481,1414.697007787187,3.0,1446.0
on_demand:0,19,1,144.0,163077958298.08914,0.0,0.0,0.0,0.0,163077958298.08914,0.0,721.7841876465241,707.3485038935935,6.0,726.0
on_demand:0,20,0,595.2,338712919385.1311,0.0,0.0,0.0,0.0,338712919385.1311,0.0,1499.1457577418303,1469.1628425869935,3.0,1500.0
on_demand:0,20,1,148.8,169356459692.56555,0.0,0.0,0.0,0.0,169356459692.56555,0.0,749.5728788709151,734.5814212934968,6.0,750.0
on_demand:0,21,0,576.0,329425629660.0549,0.0,0.0,0.0,0.0,329425629660.0549,0.0,1458.0401482553605,1428.8793452902532,3.0,1461.0
on_demand:0,21,1,144.0,164712814830.02744,0.0,0.0,0.0,0.0,164712814830.02744,0.0,729.0200741276802,714.4396726451266,6.0,732.0
on_demand:0,22,0,595.2,342108516401.967,0.0,0.0,0.0,0.0,342108516401.967,0.0,1514.1746939631917,1483.891200083928,3.0,1515.0
on_demand:0,22,1,148.8,171054258200.9835,0.0,0.0,0.0,0.0,171054258200.9835,0.0,757.0873469815958,741.945600041964,6.0,762.0
on_demand:0,23,0,595.2,343819058983.97675,0.0,0.0,0.0,0.0,343819058983.97675,0.0,1521.7455674330074,1491.310656084347,3.0,1524.0
on_demand:0,23,1,148.8,171909529491.98837,0.0,0.0,0.0,0.0,171909529491.98837,0.0,760.8727837165037,745.6553280421736,6.0,762.0
on_demand:0,24,0,576.0,334391762205.38385,0.0,0.0,0.0,0.0,334391762205.38385,0.0,1480.0202857453282,1450.4198800304216,3.0,1482.0
on_demand:0,24,1,144.0,167195881102.69193,0.0,0.0,0.0,0.0,167195881102.69193,0.0,740.0101428726641,725.2099400152108,6.0,744.0
on_demand:0,25,0,595.2,347265845050.2911,0.0,0.0,0.0,0.0,347265845050.2911,0.0,1537.001066746523,1506.2610454115927,3.0,1539.0
on_demand:0,25,1,148.8,173632922525.14554,0.0,0.0,0.0,0.0,173632922525.14554,0.0,768.5005333732615,753.1305227057964,6.0,774.0
on_demand:0,26,0,576.0,337744039621.4927,0.0,0.0,0.0,0.0,337744039621.4927,0.0,1494.8574891099245,1464.960339327726,3.0,1497.0
on_demand:0,26,1,144.0,168872019810.74634,0.0,0.0,0.0,0.0,168872019810.74634,0.0,747.4287445549622,732.480169663863,6.0,750.0
on_demand:0,27,0,595.2,350747185146.92017,0.0,0.0,0.0,0.0,350747185146.92017,0.0,1552.4095024406568,1521.3613123918435,3.0,1554.0
on_demand:0,27,1,148.8,175373592573.46008,0.0,0.0,0.0,0.0,175373592573.46008,0.0,776.2047512203284,760.6806561959218,6.0,780.0
on_demand:0,28,0,595.2,352500921072.6547,0.0,0.0,0.0,0.0,352500921072.6547,0.0,1560.1715499528598,1528.9681189538026,3.0,1563.0
on_demand:0,28,1,148.8,176250460536.32736,0.0,0.0,0.0,0.0,176250460536.32736,0.0,780.0857749764299,764.4840594769013,6.0,786.0
on_demand:0,29,0,537.6,319979868354.3388,0.0,0.0,0.0,0.0,319979868354.3388,0.0,1416.2331424410797,1387.9084795922581,3.0,1419.0
on_demand:0,29,1,134.4,159989934177.1694,0.0,0.0,0.0,0.0,159989934177.1694,0.0,708.1165712205399,693.9542397961291,6.0,714.0
on_demand:0,30,0,595.2,356034742806.408,0.0,0.0,0.0,0.0,356034742806.408,0.0,1575.812269741137,1544.2960243463142,3.0,1578.0
on_demand:0,30,1,148.8,178017371403.204,0.0,0.0,0.0,0.0,178017371403.204,0.0,787.9061348705685,772.1480121731571,6.0,792.0
on_demand:0,31,0,576.0,346272499858.49036,0.0,0.0,0.0,0.0,346272499858.49036,0.0,1532.604513957912,1501.9524236787538,3.0,1533.0
on_demand:0,31,1,144.0,173136249929.24518,0.0,0.0,0.0,0.0,173136249929.24518,0.0,766.302256978956,750.9762118393769,6.0,768.0
on_demand:0,32,0,595.2,359603991103.0422,0.0,0.0,0.0,0.0,359603991103.0422,0.0,1591.6097877452914,1559.7775919903856,3.0,1593.0
on_demand:0,32,1,148.8,179801995551.5211,0.0,0.0,0.0,0.0,179801995551.5211,0.0,795.8048938726457,779.8887959951928,6.0,798.0
on_demand:0,33,0,576.0,349743881669.57166,0.0,0.0,0.0,0.0,349743881669.57166,0.0,1547.96887421034,1517.009496726133,3.0,1548.0
on_demand:0,33,1,144.0,174871940834.78583,0.0,0.0,0.0,0.0,174871940834.78583,0.0,773.98443710517,758.5047483630665,6.0,774.0
on_demand:0,34,0,595.2,363209021113.8501,0.0,0.0,0.0,0.0,363209021113.8501,0.0,1607.5656758674377,1575.4143623500888,3.0,1608.0
on_demand:0,34,1,148.8,181604510556.92505,0.0,0.0,0.0,0.0,181604510556.92505,0.0,803.7828379337188,787.7071811750444,6.0,804.0
on_demand:0,35,0,595.2,365025066219.4193,0.0,0.0,0.0,0.0,365025066219.4193,0.0,1615.6035042467747,1583.291434161839,3.0,1617.0
on_demand:0,35,1,148.8,182512533109.70966,0.0,0.0,0.0,0.0,182512533109.70966,0.0,807.8017521233874,791.6457170809196,6.0,810.0
on_demand:0,36,0,576.0,355016314403.7255,0.0,0.0,0.0,0.0,355016314403.7255,0.0,1571.3046984851694,1539.878604515466,3.0,1572.0
on_demand:0,36,1,144.0,177508157201.86276,0.0,0.0,0.0,0.0,177508157201.86276,0.0,785.6523492425847,769.939302257733,6.0,786.0
commit:1,1,0,595.2,616178562048.0001,134477870865.40799,583.296,134477870865.40799,1.0,481700691182.59216,0.0,2132.0106389759135,2089.3704261963953,4.0,2136.0
commit:1,1,1,148.8,308089281024.00006,33619467716.351997,145.824,33619467716.351997,1.0,274469813307.64807,0.0,1214.8053194879567,1190.5092130981975,9.0,1215.0
commit:1,2,0,576.0,599283343411.2001,130139875031.03998,564.48,130139875031.03998,1.0,469143468380.1601,0.0,2076.4322827459287,2034.9036370910098,4.0,2080.0
commit:1,2,1,144.0,299641671705.60004,32534968757.759995,141.12,32534968757.759995,1.0,267106702947.84003,0.0,1182.2161413729643,1158.5718185455048,9.0,1188.0
commit:1,3,0,595.2,622355752132.5311,134477870865.40799,583.296,134477870865.40799,1.0,487877881267.12317,0.0,2159.350925631646,2116.1639071190134,4.0,2160.0
commit:1,3,1,148.8,311177876066.26556,33619467716.351997,145.824,33619467716.351997,1.0,277558408349.9136,0.0,1228.4754628158232,1203.9059535595065,9.0,1233.0
commit:1,4,0,595.2,625467530893.1937,134477870865.40799,583.296,134477870865.40799,1.0,490989660027.78577,0.0,2173.123680259804,2129.661206654608,4.0,2176.0
commit:1,4,1,148.8,312733765446.59686,33619467716.351997,145.824,33619467716.351997,1.0,279114297730.2449,0.0,1235.361840129902,1210.654603327304,9.0,1242.0
commit:1,5,0,537.6,567763107075.3055,121463883362.30399,526.848,121463883362.30399,1.0,446299223713.0016,0.0,1975.3234955648675,1935.8170256535702,4.0,1976.0
commit:1,5,1,134.4,283881553537.6528,30365970840.575996,131.712,30365970840.575996,1.0,253515582697.07678,0.0,1122.0617477824337,1099.620512826785,9.0,1125.0
commit:1,6,0,595.2,631737842890.3978,134477870865.40799,583.296,134477870865.40799,1.0,497259972024.98987,0.0,2200.876125154408,2156.85860265132,4.0,2204.0
commit:1,6,1,148.8,315868921445.1989,33619467716.351997,145.824,33619467716.351997,1.0,282249453728.8469,0.0,1249.238062577204,1224.2533013256598,9.0,1251.0
commit:1,7,0,576.0,307207999405.5725,130139875031.03998,564.48,130139875031.03998,1.0,177068124374.53253,0.0,783.7047608613775,768.03066564415,2.0,784.0
commit:1,7,1,144.0,153603999702.78625,32534968757.759995,141.12,32534968757.759995,1.0,121069030945.02626,0.0,535.8523804306888,525.1353328220749,4.0,536.0
commit:1,8,0,595.2,319035507382.687,134477870865.40799,583.296,134477870865.40799,1.0,184557636517.27902,0.0,816.8533941545403,800.5163262714494,2.0,818.0
commit:1,8,1,148.8,159517753691.3435,33619467716.351997,145.824,33619467716.351997,1.0,125898285974.99152,0.0,557.2266970772702,546.0821631357247,4.0,560.0
commit:1,9,0,576.0,310287759599.61334,130139875031.03998,564.48,130139875031.03998,1.0,180147884568.57336,0.0,797.3358010890126,781.3890850672324,2.0,798.0
commit:1,9,1,144.0,155143879799.80667,32534968757.759995,141.12,32534968757.759995,1.0,122608911042.04668,0.0,542.6679005445063,531.8145425336162,4.0,544.0
commit:1,10,0,595.2,322233838344.19836,134477870865.40799,583.296,134477870865.40799,1.0,187755967478.79037,0.0,831.0092294309392,814.3890448423203,2.0,832.0
commit:1,10,1,148.8,161116919172.09918,33619467716.351997,145.824,33619467716.351997,1.0,127497451455.7472,0.0,564.3046147154696,553.0185224211602,4.0,568.0
commit:1,11,0,595.2,323845007535.9194,134477870865.40799,583.296,134477870865.40799,1.0,189367136670.51138,0.0,838.1402755780939,821.377470066532,2.0,840.0
commit:1,11,1,148.8,161922503767.9597,33619467716.351997,145.824,33619467716.351997,1.0,128303036051.6077,0.0,567.870137789047,556.512735033266,4.0,568.0
commit:1,12,0,576.0,314965386361.54736,130139875031.03998,564.48,130139875031.03998,1.0,184825511330.5074,0.0,818.0390099574042,801.6782297582561,2.0,820.0
commit:1,12,1,144.0,157482693180.77368,32534968757.759995,141.12,32534968757.759995,1.0,124947724423.01369,0.0,553.0195049787021,541.959114879128,4.0,556.0
commit:1,13,0,595.2,327091553736.46686,134477870865.40799,583.296,134477870865.40799,1.0,192613682871.05887,0.0,852.5095118407639,835.4593216039485,2.0,854.0
commit:1,13,1,148.8,163545776868.23343,33619467716.351997,145.824,33619467716.351997,1.0,129926309151.88144,0.0,575.054755920382,563.5536608019743,4.0,576.0
commit:1,14,0,576.0,318122914359.8218,130139875031.03998,564.48,130139875031.03998,1.0,187983039328.7818,0.0,832.0142510322268,815.3739660115822,2.0,834.0
commit:1,14,1,144.0,159061457179.9109,32534968757.759995,141.12,32534968757.759995,1.0,126526488422.1509,0.0,560.0071255161134,548.806983005791,4.0,564.0
commit:1,15,0,595.2,330370646562.67487,134477870865.40799,583.296,134477870865.40799,1.0,195892775697.26688,0.0,867.0227996969672,849.6823437030279,2.0,868.0
commit:1,15,1,148.8,165185323281.33743,33619467716.351997,145.824,33619467716.351997,1.0,131565855564.98544,0.0,582.3113998484837,570.665171851514,4.0,584.0
commit:1,16,0,595.2,332022499795.4882,134477870865.40799,583.296,134477870865.40799,1.0,197544628930.08023,0.0,874.333913695452,856.8472354215429,2.0,876.0
commit:1,16,1,148.8,166011249897.7441,33619467716.351997,145.824,33619467716.351997,1.0,132391782181.39212,0.0,585.966956847726,574.2476177107715,4.0,588.0
commit:1,17,0,556.8000000000001,312154701823.855,125801879196.672,545.6640000000001,125801879196.672,1.0,186352822627.18298,0.0,824.7989004727079,808.3029224632538,2.0,826.0
commit:1,17,1,139.20000000000002,156077350911.9275,31450469799.168,136.41600000000003,31450469799.168,1.0,124626881112.75949,0.0,551.599450236354,540.5674612316269,4.0,552.0
commit:1,18,0,595.2,335351025355.93787,134477870865.40799,583.296,134477870865.40799,1.0,200873154490.52988,0.0,889.0659911802484,871.2846713566433,2.0,890.0
commit:1,18,1,148.8,167675512677.96893,33619467716.351997,145.824,33619467716.351997,1.0,134056044961.61694,0.0,593.3329955901243,581.4663356783217,5.0,595.0
commit:1,19,0,576.0,326155916596.1783,130139875031.03998,564.48,130139875031.03998,1.0,196016041565.1383,0.0,867.568375293048,850.2170077871871,2.0,868.0
commit:1,19,1,144.0,163077958298.08914,32534968757.759995,141.12,32534968757.759995,1.0,130542989540.32915,0.0,577.7841876465241,566.2285038935935,5.0,580.0
commit:1,20,0,595.2,338712919385.1311,134477870865.40799,583.296,134477870865.40799,1.0,204235048519.7231,0.0,903.9457577418301,885.8668425869935,2.0,904.0
commit:1,20,1,148.8,169356459692.56555,33619467716.351997,145.824,33619467716.351997,1.0,135736991976.21356,0.0,600.7728788709151,588.7574212934968,5.0,605.0
commit:1,21,0,576.0,329425629660.0549,130139875031.03998,564.48,130139875031.03998,1.0,199285754629.0149,0.0,882.0401482553604,864.3993452902531,2.0,884.0
commit:1,21,1,144.0,164712814830.02744,32534968757.759995,141.12,32534968757.759995,1.0,132177846072.26744,0.0,585.0200741276802,573.3196726451266,5.0,590.0
commit:1,22,0,595.2,342108516401.967,134477870865.40799,583.296,134477870865.40799,1.0,207630645536.559,0.0,918.9746939631917,900.5952000839278,2.0,920.0
commit:1,22,1,148.8,171054258200.9835,33619467716.351997,145.824,33619467716.351997,1.0,137434790484.6315,0.0,608.2873469815959,596.1216000419639,5.0,610.0
commit:1,23,0,595.2,343819058983.97675,134477870865.40799,583.296,134477870865.40799,1.0,209341188118.56876,0.0,926.5455674330074,908.0146560843472,2.0,928.0
commit:1,23,1,148.8,171909529491.98837,33619467716.351997,145.824,33619467716.351997,1.0,138290061775.63638,0.0,612.0727837165037,599.8313280421736,5.0,615.0
commit:1,24,0,576.0,334391762205.38385,130139875031.03998,564.48,130139875031.03998,1.0,204251887174.34387,0.0,904.0202857453282,885.9398800304217,2.0,906.0
commit:1,24,1,144.0,167195881102.69193,32534968757.759995,141.12,32534968757.759995,1.0,134660912344.93193,0.0,596.0101428726641,584.0899400152108,5.0,600.0
commit:1,25,0,595.2,347265845050.2911,134477870865.40799,583.296,134477870865.40799,1.0,212787974184.8831,0.0,941.8010667465231,922.9650454115927,2.0,942.0
commit:1,25,1,148.8,173632922525.14554,33619467716.351997,145.824,33619467716.351997,1.0,140013454808.79355,0.0,619.7005333732616,607.3065227057964,5.0,620.0
commit:1,26,0,576.0,337744039621.4927,130139875031.03998,564.48,130139875031.03998,1.0,207604164590.4527,0.0,918.8574891099245,900.480339327726,2.0,920.0
commit:1,26,1,144.0,168872019810.74634,32534968757.759995,141.12,32534968757.759995,1.0,136337051052.98634,0.0,603.4287445549622,591.360169663863,5.0,605.0
commit:1,27,0,595.2,350747185146.92017,134477870865.40799,583.296,134477870865.40799,1.0,216269314281.51218,0.0,957.2095024406567,938.0653123918435,2.0,958.0
commit:1,27,1,148.8,175373592573.46008,33619467716.351997,145.824,33619467716.351997,1.0,141754124857.1081,0.0,627.4047512203284,614.8566561959218,5.0,630.0
commit:1,28,0,595.2,352500921072.6547,134477870865.40799,583.296,134477870865.40799,1.0,218023050207.24673,0.0,964.9715499528597,945.6721189538025,2.0,966.0
commit:1,28,1,148.8,176250460536.32736,33619467716.351997,145.824,33619467716.351997,1.0,142630992819.97537,0.0,631.2857749764299,618.6600594769013,5.0,635.0
commit:1,29,0,537.6,319979868354.3388,121463883362.30399,526.848,121463883362.30399,1.0,198515984992.03482,0.0,878.6331424410797,861.060479592258,2.0,880.0
commit:1,29,1,134.4,159989934177.1694,30365970840.575996,131.712,30365970840.575996,1.0,129623963336.59341,0.0,573.7165712205399,562.2422397961291,5.0,575.0
commit:1,30,0,595.2,356034742806.408,134477870865.40799,583.296,134477870865.40799,1.0,221556871941.00003,0.0,980.6122697411369,961.0000243463141,2.0,982.0
commit:1,30,1,148.8,178017371403.204,33619467716.351997,145.824,33619467716.351997,1.0,144397903686.85202,0.0,639.1061348705684,626.324012173157,5.0,640.0
commit:1,31,0,576.0,346272499858.49036,130139875031.03998,564.48,130139875031.03998,1.0,216132624827.45038,0.0,956.6045139579121,937.4724236787538,2.0,958.0
commit:1,31,1,144.0,173136249929.24518,32534968757.759995,141.12,32534968757.759995,1.0,140601281171.48517,0.0,622.3022569789559,609.8562118393768,5.0,625.0
commit:1,32,0,595.2,359603991103.0422,134477870865.40799,583.296,134477870865.40799,1.0,225126120237.6342,0.0,996.4097877452914,976.4815919903855,2.0,998.0
commit:1,32,1,148.8,179801995551.5211,33619467716.351997,145.824,33619467716.351997,1.0,146182527835.1691,0.0,647.0048938726458,634.0647959951928,5.0,650.0
commit:1,33,0,576.0,349743881669.57166,130139875031.03998,564.48,130139875031.03998,1.0,219604006638.53168,0.0,971.9688742103399,952.5294967261331,2.0,972.0
commit:1,33,1,144.0,174871940834.78583,32534968757.759995,141.12,32534968757.759995,1.0,142336972077.02582,0.0,629.9844371051698,617.3847483630665,5.0,630.0
commit:1,34,0,595.2,363209021113.8501,134477870865.40799,583.296,134477870865.40799,1.0,228731150248.4421,0.0,1012.3656758674376,992.1183623500888,2.0,1014.0
commit:1,34,1,148.8,181604510556.92505,33619467716.351997,145.824,33619467716.351997,1.0,147985042840.57306,0.0,654.9828379337189,641.8831811750445,5.0,655.0
commit:1,35,0,595.2,365025066219.4193,134477870865.40799,583.296,134477870865.40799,1.0,230547195354.01132,0.0,1020.4035042467747,999.9954341618391,2.0,1022.0
commit:1,35,1,148.8,182512533109.70966,33619467716.351997,145.824,33619467716.351997,1.0,148893065393.35767,0.0,659.0017521233874,645.8217170809196,5.0,660.0
commit:1,36,0,576.0,355016314403.7255,130139875031.03998,564.48,130139875031.03998,1.0,224876439372.68555,0.0,995.3046984851694,975.398604515466,2.0,996.0
commit:1,36,1,144.0,177508157201.86276,32534968757.759995,141.12,32534968757.759995,1.0,144973188444.10278,0.0,641.6523492425848,628.819302257733,5.0,645.0
commit:2,1,0,595.2,616178562048.0001,268955741730.81598,1166.592,268955741730.81598,2.0,347222820317.18414,0.0,1536.8106389759134,1506.074426196395,3.0,1539.0
commit:2,1,1,148.8,308089281024.00006,67238935432.703995,291.648,67238935432.703995,2.0,240850345591.29608,0.0,1066.0053194879567,1044.6852130981977,8.0,1072.0
commit:2,2,0,576.0,599283343411.2001,260279750062.07996,1128.96,260279750062.07996,2.0,339003593349.1201,0.0,1500.4322827459287,1470.42363709101,3.0,1503.0
commit:2,2,1,144.0,299641671705.60004,65069937515.51999,282.24,65069937515.51999,2.0,234571734190.08005,0.0,1038.2161413729643,1017.4518185455049,8.0,1040.0
commit:2,3,0,595.2,622355752132.5311,268955741730.81598,1166.592,268955741730.81598,2.0,353400010401.71515,0.0,1564.150925631646,1532.8679071190131,3.0,1566.0
commit:2,3,1,148.8,311177876066.26556,67238935432.703995,291.648,67238935432.703995,2.0,243938940633.56158,0.0,1079.675462815823,1058.0819535595067,8.0,1080.0
commit:2,4,0,595.2,625467530893.1937,268955741730.81598,1166.592,268955741730.81598,2.0,356511789162.37775,0.0,1577.923680259804,1546.3652066546078,3.0,1578.0
commit:2,4,1,148.8,312733765446.59686,67238935432.703995,291.648,67238935432.703995,2.0,245494830013.89288,0.0,1086.561840129902,1064.830603327304,8.0,1088.0
commit:2,5,0,537.6,567763107075.3055,242927766724.60797,1053.696,242927766724.60797,2.0,324835340350.6976,0.0,1437.7234955648673,1408.96902565357,3.0,1440.0
commit:2,5,1,134.4,283881553537.6528,60731941681.15199,263.424,60731941681.15199,2.0,223149611856.5008,0.0,987.6617477824337,967.9085128267851,8.0,992.0
commit:2,6,0,595.2,631737842890.3978,268955741730.81598,1166.592,268955741730.81598,2.0,362782101159.58185,0.0,1605.6761251544078,1573.5626026513196,3.0,1608.0
commit:2,6,1,148.8,315868921445.1989,67238935432.703995,291.648,67238935432.703995,2.0,248629986012.49493,0.0,1100.438062577204,1078.42930132566,8.0,1104.0
commit:2,7,0,576.0,307207999405.5725,260279750062.07996,1128.96,260279750062.07996,2.0,46928249343.49255,0.0,207.7047608613775,203.55066564414994,1.0,208.0
commit:2,7,1,144.0,153603999702.78625,65069937515.51999,282.24,65069937515.51999,2.0,88534062187.26627,0.0,391.85238043068875,384.015332822075,3.0,393.0
commit:2,8,0,595.2,319035507382.687,268955741730.81598,1166.592,268955741730.81598,2.0,50079765651.87103,0.0,221.65339415454025,217.22032627144944,1.0,222.0
commit:2,8,1,148.8,159517753691.3435,67238935432.703995,291.648,67238935432.703995,2.0,92278818258.63951,0.0,408.42669707727015,400.2581631357247,3.0,411.0
commit:2,9,0,576.0,310287759599.61334,260279750062.07996,1128.96,260279750062.07996,2.0,50008009537.53339,0.0,221.33580108901268,216.9090850672324,1.0,222.0
commit:2,9,1,144.0,155143879799.80667,65069937515.51999,282.24,65069937515.51999,2.0,90073942284.28668,0.0,398.6679005445063,390.6945425336162,3.0,399.0
commit:2,10,0,595.2,322233838344.19836,268955741730.81598,1166.592,268955741730.81598,2.0,53278096613.382385,0.0,235.80922943093913,231.09304484232035,1.0,236.0
commit:2,10,1,148.8,161116919172.09918,67238935432.703995,291.648,67238935432.703995,2.0,93877983739.39519,0.0,415.5046147154696,407.1945224211602,3.0,417.0
commit:2,11,0,595.2,323845007535.9194,268955741730.81598,1166.592,268955741730.81598,2.0,54889265805.10339,0.0,242.94027557809392,238.081470066532,1.0,243.0
commit:2,11,1,148.8,161922503767.9597,67238935432.703995,291.648,67238935432.703995,2.0,94683568335.25569,0.0,419.07013778904695,410.688735033266,3.0,420.0
commit:2,12,0,576.0,314965386361.54736,260279750062.07996,1128.96,260279750062.07996,2.0,54685636299.46741,0.0,242.03900995740423,237.19822975825613,1.0,243.0
commit:2,12,1,144.0,157482693180.77368,65069937515.51999,282.24,65069937515.51999,2.0,92412755665.2537,0.0,409.0195049787021,400.83911487912803,3.0,411.0
commit:2,13,0,595.2,327091553736.46686,268955741730.81598,1166.592,268955741730.81598,2.0,58135812005.65088,0.0,257.30951184076383,252.16332160394853,1.0,258.0
commit:2,13,1,148.8,163545776868.23343,67238935432.703995,291.648,67238935432.703995,2.0,96306841435.52943,0.0,426.25475592038197,417.72966080197426,3.0,429.0
commit:2,14,0,576.0,318122914359.8218,260279750062.07996,1128.96,260279750062.07996,2.0,57843164297.74182,0.0,256.01425103222675,250.89396601158222,1.0,257.0
commit:2,14,1,144.0,159061457179.9109,65069937515.51999,282.24,65069937515.51999,2.0,93991519664.3909,0.0,416.0071255161134,407.6869830057911,3.0,417.0
commit:2,15,0,595.2,330370646562.67487,268955741730.81598,1166.592,268955741730.81598,2.0,61414904831.85889,0.0,271.8227996969672,266.3863437030278,1.0,272.0
commit:2,15,1,148.8,165185323281.33743,67238935432.703995,291.648,67238935432.703995,2.0,97946387848.63344,0.0,433.5113998484836,424.84117185151393,3.0,435.0
commit:2,16,0,595.2,332022499795.4882,268955741730.81598,1166.592,268955741730.81598,2.0,63066758064.67224,0.0,279.1339136954519,273.55123542154286,1.0,280.0
commit:2,16,1,148.8,166011249897.7441,67238935432.703995,291.648,67238935432.703995,2.0,98772314465.04012,0.0,437.166956847726,428.42361771077145,3.0,438.0
commit:2,17,0,556.8000000000001,312154701823.855,251603758393.344,1091.3280000000002,251603758393.344,2.0,60550943430.51099,0.0,267.99890047270793,262.6389224632537,1.0,268.0
commit:2,17,1,139.20000000000002,156077350911.9275,62900939598.336,272.83200000000005,62900939598.336,2.0,93176411313.59149,0.0,412.39945023635397,404.1514612316269,3.0,414.0
commit:2,18,0,595.2,335351025355.93787,268955741730.81598,1166.592,268955741730.81598,2.0,66395283625.12189,0.0,293.8659911802483,287.9886713566433,1.0,294.0
commit:2,18,1,148.8,167675512677.96893,67238935432.703995,291.648,67238935432.703995,2.0,100436577245.26494,0.0,444.5329955901242,435.6423356783217,4.0,448.0
commit:2,19,0,576.0,326155916596.1783,260279750062.07996,1128.96,260279750062.07996,2.0,65876166534.09833,0.0,291.56837529304806,285.73700778718705,1.0,292.0
commit:2,19,1,144.0,163077958298.08914,65069937515.51999,282.24,65069937515.51999,2.0,98008020782.56915,0.0,433.784187646524,425.10850389359354,4.0,436.0
commit:2,20,0,595.2,338712919385.1311,268955741730.81598,1166.592,268955741730.81598,2.0,69757177654.31512,0.0,308.74575774183006,302.5708425869935,1.0,309.0
commit:2,20,1,148.8,169356459692.56555,67238935432.703995,291.648,67238935432.703995,2.0,102117524259.86156,0.0,451.97287887091505,442.93342129349674,4.0,452.0
commit:2,21,0,576.0,329425629660.0549,260279750062.07996,1128.96,260279750062.07996,2.0,69145879597.97491,0.0,306.0401482553604,299.9193452902532,1.0,307.0
commit:2,21,1,144.0,164712814830.02744,65069937515.51999,282.24,65069937515.51999,2.0,99642877314.50745,0.0,441.0200741276802,432.19967264512655,4.0,444.0
commit:2,22,0,595.2,342108516401.967,268955741730.81598,1166.592,268955741730.81598,2.0,73152774671.151,0.0,323.7746939631917,317.2992000839278,1.0,324.0
commit:2,22,1,148.8,171054258200.9835,67238935432.703995,291.648,67238935432.703995,2.0,103815322768.2795,0.0,459.48734698159586,450.2976000419639,4.0,460.0
commit:2,23,0,595.2,343819058983.97675,268955741730.81598,1166.592,268955741730.81598,2.0,74863317253.16077,0.0,331.3455674330073,324.7186560843472,1.0,332.0
commit:2,23,1,148.8,171909529491.98837,67238935432.703995,291.648,67238935432.703995,2.0,104670594059.28438,0.0,463.2727837165037,454.0073280421736,4.0,464.0
commit:2,24,0,576.0,334391762205.38385,260279750062.07996,1128.96,260279750062.07996,2.0,74112012143.3039,0.0,328.02028574532824,321.4598800304217,1.0,329.0
commit:2,24,1,144.0,167195881102.69193,65069937515.51999,282.24,65069937515.51999,2.0,102125943587.17194,0.0,452.0101428726641,442.96994001521085,4.0,456.0
commit:2,25,0,595.2,347265845050.2911,268955741730.81598,1166.592,268955741730.81598,2.0,78310103319.4751,0.0,346.60106674652303,339.6690454115926,1.0,347.0
commit:2,25,1,148.8,173632922525.14554,67238935432.703995,291.648,67238935432.703995,2.0,106393987092.44154,0.0,470.90053337326157,461.4825227057963,4.0,472.0
commit:2,26,0,576.0,337744039621.4927,260279750062.07996,1128.96,260279750062.07996,2.0,77464289559.41272,0.0,342.85748910992453,336.000339327726,1.0,343.0
commit:2,26,1,144.0,168872019810.74634,65069937515.51999,282.24,65069937515.51999,2.0,103802082295.22635,0.0,459.42874455496224,450.240169663863,4.0,460.0
commit:2,27,0,595.2,350747185146.92017,268955741730.81598,1166.592,268955741730.81598,2.0,81791443416.10419,0.0,362.0095024406566,354.76931239184347,1.0,363.0
commit:2,27,1,148.8,175373592573.46008,67238935432.703995,291.648,67238935432.703995,2.0,108134657140.75609,0.0,478.60475122032835,469.03265619592173,4.0,480.0
commit:2,28,0,595.2,352500921072.6547,268955741730.81598,1166.592,268955741730.81598,2.0,83545179341.83875,0.0,369.7715499528597,362.37611895380246,1.0,370.0
commit:2,28,1,148.8,176250460536.32736,67238935432.703995,291.648,67238935432.703995,2.0,109011525103.62337,0.0,482.48577497642987,472.83605947690126,4.0,484.0
commit:2,29,0,537.6,319979868354.3388,242927766724.60797,1053.696,242927766724.60797,2.0,77052101629.73083,0.0,341.03314244107963,334.21247959225803,1.0,342.0
commit:2,29,1,134.4,159989934177.1694,60731941681.15199,263.424,60731941681.15199,2.0,99257992496.01741,0.0,439.31657122053986,430.530239796129,4.0,440.0
commit:2,30,0,595.2,356034742806.408,268955741730.81598,1166.592,268955741730.81598,2.0,87079001075.59204,0.0,385.4122697411368,377.70402434631404,1.0,386.0
commit:2,30,1,148.8,178017371403.204,67238935432.703995,291.648,67238935432.703995,2.0,110778435970.50002,0.0,490.3061348705684,480.5000121731571,4.0,492.0
commit:2,31,0,576.0,346272499858.49036,260279750062.07996,1128.96,260279750062.07996,2.0,85992749796.4104,0.0,380.6045139579121,372.9924236787538,1.0,381.0
commit:2,31,1,144.0,173136249929.24518,65069937515.51999,282.24,65069937515.51999,2.0,108066312413.72519,0.0,478.30225697895605,468.7362118393769,4.0,480.0
commit:2,32,0,595.2,359603991103.0422,268955741730.81598,1166.592,268955741730.81598,2.0,90648249372.2262,0.0,401.20978774529135,393.1855919903855,1.0,402.0
commit:2,32,1,148.8,179801995551.5211,67238935432.703995,291.648,67238935432.703995,2.0,112563060118.8171,0.0,498.2048938726457,488.24079599519274,4.0,500.0
commit:2,33,0,576.0,349743881669.57166,260279750062.07996,1128.96,260279750062.07996,2.0,89464131607.4917,0.0,395.9688742103399,388.04949672613304,1.0,396.0
commit:2,33,1,144.0,174871940834.78583,65069937515.51999,282.24,65069937515.51999,2.0,109802003319.26584,0.0,485.98443710516995,476.26474836306653,4.0,488.0
commit:2,34,0,595.2,363209021113.8501,268955741730.81598,1166.592,268955741730.81598,2.0,94253279383.03412,0.0,417.1656758674375,408.8223623500888,1.0,418.0
commit:2,34,1,148.8,181604510556.92505,67238935432.703995,291.648,67238935432.703995,2.0,114365575124.22105,0.0,506.1828379337188,496.0591811750444,4.0,508.0
commit:2,35,0,595.2,365025066219.4193,268955741730.81598,1166.592,268955741730.81598,2.0,96069324488.60333,0.0,425.20350424677457,416.69943416183906,1.0,426.0
commit:2,35,1,148.8,182512533109.70966,67238935432.703995,291.648,67238935432.703995,2.0,115273597677.00566,0.0,510.20175212338734,499.99771708091953,4.0,512.0
commit:2,36,0,576.0,355016314403.7255,260279750062.07996,1128.96,260279750062.07996,2.0,94736564341.64557,0.0,419.3046984851694,410.91860451546603,1.0,420.0
commit:2,36,1,144.0,177508157201.86276,65069937515.51999,282.24,65069937515.51999,2.0,112438219686.34277,0.0,497.6523492425847,487.699302257733,4.0,500.0
commit:3,1,0,595.2,616178562048.0001,403433612596.22394,1749.888,403433612596.22394,3.0,212744949451.77618,0.0,941.6106389759135,922.7784261963952,2.0,942.0
commit:3,1,1,148.8,308089281024.00006,100858403149.05598,437.472,100858403149.05598,3.0,207230877874.9441,0.0,917.2053194879568,898.8612130981976,7.0,924.0
commit:3,2,0,576.0,599283343411.2001,390419625093.11993,1693.4399999999998,390419625093.11993,3.0,208863718318.08014,0.0,924.4322827459285,905.9436370910099,2.0,926.0
commit:3,2,1,144.0,299641671705.60004,97604906273.27998,423.35999999999996,97604906273.27998,3.0,202036765432.32007,0.0,894.2161413729643,876.331818545505,7.0,896.0
commit:3,3,0,595.2,622355752132.5311,403433612596.22394,1749.888,403433612596.22394,3.0,218922139536.3072,0.0,968.9509256316461,949.5719071190132,2.0,970.0
commit:3,3,1,148.8,311177876066.26556,100858403149.05598,437.472,100858403149.05598,3.0,210319472917.2096,0.0,930.8754628158232,912.2579535595066,7.0,931.0
commit:3,4,0,595.2,625467530893.1937,403433612596.22394,1749.888,403433612596.22394,3.0,222033918296.9698,0.0,982.7236802598042,963.069206654608,2.0,984.0
commit:3,4,1,148.8,312733765446.59686,100858403149.05598,437.472,100858403149.05598,3.0,211875362297.5409,0.0,937.7618401299021,919.0066033273041,7.0,938.0
commit:3,5,0,537.6,567763107075.3055,364391650086.9119,1580.5439999999999,364391650086.9119,3.0,203371456988.39362,0.0,900.1234955648675,882.1210256535701,2.0,902.0
commit:3,5,1,134.4,283881553537.6528,91097912521.72798,395.13599999999997,91097912521.72798,3.0,192783641015.9248,0.0,853.2617477824338,836.1965128267851,7.0,854.0
commit:3,6,0,595.2,631737842890.3978,403433612596.22394,1749.888,403433612596.22394,3.0,228304230294.1739,0.0,1010.4761251544079,990.2666026513198,2.0,1012.0
commit:3,6,1,148.8,315868921445.1989,100858403149.05598,437.472,100858403149.05598,3.0,215010518296.14294,0.0,951.638062577204,932.6053013256599,7.0,952.0
commit:3,7,0,576.0,307207999405.5725,307207999405.5725,1332.5106656441499,390419625093.11993,3.0,0.0,0.0,0.0,0.0,0.0,0.0
commit:3,7,1,144.0,153603999702.78625,97604906273.27998,423.35999999999996,97604906273.27998,3.0,55999093429.50627,0.0,247.85238043068875,242.89533282207498,2.0,248.0
commit:3,8,0,595.2,319035507382.687,319035507382.687,1383.8123262714496,403433612596.22394,3.0,0.0,0.0,0.0,0.0,0.0,0.0
commit:3,8,1,148.8,159517753691.3435,100858403149.05598,437.472,100858403149.05598,3.0,58659350542.28752,0.0,259.6266970772702,254.43416313572476,2.0,260.0
commit:3,9,0,576.0,310287759599.61334,310287759599.61334,1345.8690850672324,390419625093.11993,3.0,0.0,0.0,0.0,0.0,0.0,0.0
commit:3,9,1,144.0,155143879799.80667,97604906273.27998,423.35999999999996,97604906273.27998,3.0,57538973526.52669,0.0,254.66790054450632,249.5745425336162,2.0,256.0
commit:3,10,0,595.2,322233838344.19836,322233838344.19836,1397.6850448423204,403433612596.22394,3.0,0.0,0.0,0.0,0.0,0.0,0.0
commit:3,10,1,148.8,161116919172.09918,100858403149.05598,437.472,100858403149.05598,3.0,60258516023.0432,0.0,266.70461471546963,261.3705224211602,2.0,268.0
commit:3,11,0,595.2,323845007535.9194,323845007535.9194,1404.673470066532,403433612596.22394,3.0,0.0,0.0,0.0,0.0,0.0,0.0
commit:3,11,1,148.8,161922503767.9597,100858403149.05598,437.472,100858403149.05598,3.0,61064100618.9037,0.0,270.270137789047,264.8647350332661,2.0,272.0
commit:3,12,0,576.0,314965386361.54736,314965386361.54736,1366.158229758256,390419625093.11993,3.0,0.0,0.0,0.0,0.0,0.0,0.0
commit:3,12,1,144.0,157482693180.77368,97604906273.27998,423.35999999999996,97604906273.27998,3.0,59877786907.4937,0.0,265.0195049787021,259.7191148791281,2.0,266.0
commit:3,13,0,595.2,327091553736.46686,327091553736.46686,1418.7553216039487,403433612596.22394,3.0,0.0,0.0,0.0,0.0,0.0,0.0
commit:3,13,1,148.8,163545776868.23343,100858403149.05598,437.472,100858403149.05598,3.0,62687373719.177444,0.0,277.45475592038196,271.9056608019743,2.0,278.0
commit:3,14,0,576.0,318122914359.8218,318122914359.8218,1379.853966011582,390419625093.11993,3.0,0.0,0.0,0.0,0.0,0.0,0.0
commit:3,14,1,144.0,159061457179.9109,97604906273.27998,423.35999999999996,97604906273.27998,3.0,61456550906.630905,0.0,272.0071255161134,266.5669830057911,2.0,274.0
commit:3,15,0,595.2,330370646562.67487,330370646562.67487,1432.9783437030278,403433612596.22394,3.0,0.0,0.0,0.0,0.0,0.0,0.0
commit:3,15,1,148.8,165185323281.33743,100858403149.05598,437.472,100858403149.05598,3.0,64326920132.28145,0.0,284.7113998484836,279.0171718515139,2.0,286.0
commit:3,16,0,595.2,332022499795.4882,332022499795.4882,1440.1432354215428,403433612596.22394,3.0,0.0,0.0,0.0,0.0,0.0,0.0
commit:3,16,1,148.8,166011249897.7441,100858403149.05598,437.472,100858403149.05598,3.0,65152846748.688126,0.0,288.366956847726,282.5996177107715,2.0,290.0
commit:3,17,0,556.8000000000001,312154701823.855,312154701823.855,1353.966922463254,377405637590.016,3.0,0.0,0.0,0.0,0.0,0.0,0.0
commit:3,17,1,139.20000000000002,156077350911.9275,94351409397.504,409.24800000000005,94351409397.504,3.0,61725941514.42349,0.0,273.199450236354,267.73546123162686,2.0,274.0
commit:3,18,0,595.2,335351025355.93787,335351025355.93787,1454.5806713566433,403433612596.22394,3.0,0.0,0.0,0.0,0.0,0.0,0.0
commit:3,18,1,148.8,167675512677.96893,100858403149.05598,437.472,100858403149.05598,3.0,66817109528.91295,0.0,295.7329955901242,289.8183356783217,2.0,296.0
commit:3,19,0,576.0,326155916596.1783,326155916596.1783,1414.697007787187,390419625093.11993,3.0,0.0,0.0,0.0,0.0,0.0,0.0
commit:3,19,1,144.0,163077958298.08914,97604906273.27998,423.35999999999996,97604906273.27998,3.0,65473052024.80916,0.0,289.784187646524,283.98850389359353,3.0,291.0
commit:3,20,0,595.2,338712919385.1311,338712919385.1311,1469.1628425869935,403433612596.22394,3.0,0.0,0.0,0.0,0.0,0.0,0.0
commit:3,20,1,148.8,169356459692.56555,100858403149.05598,437.472,100858403149.05598,3.0,68498056543.50957,0.0,303.1728788709151,297.1094212934968,3.0,306.0
commit:3,21,0,576.0,329425629660.0549,329425629660.0549,1428.8793452902532,390419625093.11993,3.0,0.0,0.0,0.0,0.0,0.0,0.0
commit:3,21,1,144.0,164712814830.02744,97604906273.27998,423.35999999999996,97604906273.27998,3.0,67107908556.74745,0.0,297.0200741276802,291.0796726451266,3.0,300.0
commit:3,22,0,595.2,342108516401.967,342108516401.967,1483.891200083928,403433612596.22394,3.0,0.0,0.0,0.0,0.0,0.0,0.0
commit:3,22,1,148.8,171054258200.9835,100858403149.05598,437.472,100858403149.05598,3.0,70195855051.9275,0.0,310.68734698159585,304.47360004196395,3.0,312.0
commit:3,23,0,595.2,343819058983.97675,343819058983.97675,1491.310656084347,403433612596.22394,3.0,0.0,0.0,0.0,0.0,0.0,0.0
commit:3,23,1,148.8,171909529491.98837,100858403149.05598,437.472,100858403149.05598,3.0,71051126342.93239,0.0,314.4727837165037,308.1833280421736,3.0,315.0
commit:3,24,0,576.0,334391762205.38385,334391762205.38385,1450.4198800304216,390419625093.11993,3.0,0.0,0.0,0.0,0.0,0.0,0.0
commit:3,24,1,144.0,167195881102.69193,97604906273.27998,423.35999999999996,97604906273.27998,3.0,69590974829.41194,0.0,308.0101428726641,301.84994001521085,3.0,309.0
commit:3,25,0,595.2,347265845050.2911,347265845050.2911,1506.2610454115927,403433612596.22394,3.0,0.0,0.0,0.0,0.0,0.0,0.0
commit:3,25,1,148.8,173632922525.14554,100858403149.05598,437.472,100858403149.05598,3.0,72774519376.08955,0.0,322.10053337326156,315.6585227057963,3.0,324.0
commit:3,26,0,576.0,337744039621.4927,337744039621.4927,1464.960339327726,390419625093.11993,3.0,0.0,0.0,0.0,0.0,0.0,0.0
commit:3,26,1,144.0,168872019810.74634,97604906273.27998,423.35999999999996,97604906273.27998,3.0,71267113537.46635,0.0,315.42874455496224,309.120169663863,3.0,318.0
commit:3,27,0,595.2,350747185146.92017,350747185146.92017,1521.3613123918435,403433612596.22394,3.0,0.0,0.0,0.0,0.0,0.0,0.0
commit:3,27,1,148.8,175373592573.46008,100858403149.05598,437.472,100858403149.05598,3.0,74515189424.4041,0.0,329.80475122032834,323.2086561959218,3.0,330.0
commit:3,28,0,595.2,352500921072.6547,352500921072.6547,1528.9681189538026,403433612596.22394,3.0,0.0,0.0,0.0,0.0,0.0,0.0
commit:3,28,1,148.8,176250460536.32736,100858403149.05598,437.472,100858403149.05598,3.0,75392057387.27138,0.0,333.6857749764299,327.0120594769013,3.0,336.0
commit:3,29,0,537.6,319979868354.3388,319979868354.3388,1387.9084795922581,364391650086.9119,3.0,0.0,0.0,0.0,0.0,0.0,0.0
commit:3,29,1,134.4,159989934177.1694,91097912521.72798,395.13599999999997,91097912521.72798,3.0,68892021655.44142,0.0,304.9165712205399,298.81823979612903,3.0,306.0
commit:3,30,0,595.2,356034742806.408,356034742806.408,1544.2960243463142,403433612596.22394,3.0,0.0,0.0,0.0,0.0,0.0,0.0
commit:3,30,1,148.8,178017371403.204,100858403149.05598,437.472,100858403149.05598,3.0,77158968254.14803,0.0,341.5061348705685,334.67601217315706,3.0,342.0
commit:3,31,0,576.0,346272499858.49036,346272499858.49036,1501.9524236787538,390419625093.11993,3.0,0.0,0.0,0.0,0.0,0.0,0.0
commit:3,31,1,144.0,173136249929.24518,97604906273.27998,423.35999999999996,97604906273.27998,3.0,75531343655.9652,0.0,334.30225697895605,327.6162118393769,3.0,336.0
commit:3,32,0,595.2,359603991103.0422,359603991103.0422,1559.7775919903856,403433612596.22394,3.0,0.0,0.0,0.0,0.0,0.0,0.0
commit:3,32,1,148.8,179801995551.5211,100858403149.05598,437.472,100858403149.05598,3.0,78943592402.4651,0.0,349.4048938726457,342.4167959951928,3.0,351.0
commit:3,33,0,576.0,349743881669.57166,349743881669.57166,1517.009496726133,390419625093.11993,3.0,0.0,0.0,0.0,0.0,0.0,0.0
commit:3,33,1,144.0,174871940834.78583,97604906273.27998,423.35999999999996,97604906273.27998,3.0,77267034561.50584,0.0,341.98443710516995,335.1447483630665,3.0,342.0
commit:3,34,0,595.2,363209021113.8501,363209021113.8501,1575.4143623500888,403433612596.22394,3.0,0.0,0.0,0.0,0.0,0.0,0.0
commit:3,34,1,148.8,181604510556.92505,100858403149.05598,437.472,100858403149.05598,3.0,80746107407.86906,0.0,357.3828379337188,350.23518117504443,3.0,360.0
commit:3,35,0,595.2,365025066219.4193,365025066219.4193,1583.291434161839,403433612596.22394,3.0,0.0,0.0,0.0,0.0,0.0,0.0
commit:3,35,1,148.8,182512533109.70966,100858403149.05598,437.472,100858403149.05598,3.0,81654129960.65367,0.0,361.4017521233873,354.1737170809196,3.0,363.0
commit:3,36,0,576.0,355016314403.7255,355016314403.7255,1539.878604515466,390419625093.11993,3.0,0.0,0.0,0.0,0.0,0.0,0.0
commit:3,36,1,144.0,177508157201.86276,97604906273.27998,423.35999999999996,97604906273.27998,3.0,79903250928.58278,0.0,353.6523492425847,346.579302257733,3.0,354.0
commit:4,1,0,595.2,616178562048.0001,537911483461.63196,2333.184,537911483461.63196,4.0,78267078586.36816,0.0,346.4106389759133,339.482426196395,1.0,347.0
commit:4,1,1,148.8,308089281024.00006,134477870865.40799,583.296,134477870865.40799,4.0,173611410158.59207,0.0,768.4053194879567,753.0372130981975,6.0,774.0
commit:4,2,0,576.0,599283343411.2001,520559500124.1599,2257.92,520559500124.1599,4.0,78723843287.04016,0.0,348.4322827459286,341.46363709101,1.0,349.0
commit:4,2,1,144.0,299641671705.60004,130139875031.03998,564.48,130139875031.03998,4.0,169501796674.56006,0.0,750.2161413729643,735.211818545505,6.0,756.0
commit:4,3,0,595.2,622355752132.5311,537911483461.63196,2333.184,537911483461.63196,4.0,84444268670.89917,0.0,373.75092563164594,366.275907119013,1.0,374.0
commit:4,3,1,148.8,311177876066.26556,134477870865.40799,583.296,134477870865.40799,4.0,176700005200.85757,0.0,782.075462815823,766.4339535595066,6.0,786.0
commit:4,4,0,595.2,625467530893.1937,537911483461.63196,2333.184,537911483461.63196,4.0,87556047431.56177,0.0,387.52368025980394,379.77320665460786,1.0,388.0
commit:4,4,1,148.8,312733765446.59686,134477870865.40799,583.296,134477870865.40799,4.0,178255894581.18887,0.0,788.961840129902,773.1826033273039,6.0,792.0
commit:4,5,0,537.6,567763107075.3055,485855533449.21594,2107.392,485855533449.21594,4.0,81907573626.0896,0.0,362.52349556486735,355.27302565356996,1.0,363.0
commit:4,5,1,134.4,283881553537.6528,121463883362.30399,526.848,121463883362.30399,4.0,162417670175.3488,0.0,718.8617477824337,704.484512826785,6.0,720.0
commit:4,6,0,595.2,631737842890.3978,537911483461.63196,2333.184,537911483461.63196,4.0,93826359428.76587,0.0,415.27612515440774,406.97060265131955,1.0,416.0
commit:4,6,1,148.8,315868921445.1989,134477870865.40799,583.296,134477870865.40799,4.0,181391050579.79092,0.0,802.8380625772039,786.7813013256598,6.0,804.0
commit:4,7,0,576.0,307207999405.5725,307207999405.5725,1332.5106656441499,520559500124.1599,4.0,0.0,0.0,0.0,0.0,0.0,0.0
commit:4,7,1,144.0,153603999702.78625,130139875031.03998,564.48,130139875031.03998,4.0,23464124671.746277,0.0,103.85238043068875,101.77533282207497,1.0,104.0
commit:4,8,0,595.2,319035507382.687,319035507382.687,1383.8123262714496,537911483461.63196,4.0,0.0,0.0,0.0,0.0,0.0,0.0
commit:4,8,1,148.8,159517753691.3435,134477870865.40799,583.296,134477870865.40799,4.0,25039882825.935516,0.0,110.82669707727013,108.61016313572472,1.0,111.0
commit:4,9,0,576.0,310287759599.61334,310287759599.61334,1345.8690850672324,520559500124.1599,4.0,0.0,0.0,0.0,0.0,0.0,0.0
commit:4,9,1,144.0,155143879799.80667,130139875031.03998,564.48,130139875031.03998,4.0,25004004768.766693,0.0,110.66790054450634,108.4545425336162,1.0,111.0
commit:4,10,0,595.2,322233838344.19836,322233838344.19836,1397.6850448423204,537911483461.63196,4.0,0.0,0.0,0.0,0.0,0.0,0.0
commit:4,10,1,148.8,161116919172.09918,134477870865.40799,583.296,134477870865.40799,4.0,26639048306.691193,0.0,117.90461471546956,115.54652242116018,1.0,118.0
commit:4,11,0,595.2,323845007535.9194,323845007535.9194,1404.673470066532,537911483461.63196,4.0,0.0,0.0,0.0,0.0,0.0,0.0
commit:4,11,1,148.8,161922503767.9597,134477870865.40799,583.296,134477870865.40799,4.0,27444632902.551697,0.0,121.47013778904696,119.040735033266,1.0,122.0
commit:4,12,0,576.0,314965386361.54736,314965386361.54736,1366.158229758256,520559500124.1599,4.0,0.0,0.0,0.0,0.0,0.0,0.0
commit:4,12,1,144.0,157482693180.77368,130139875031.03998,564.48,130139875031.03998,4.0,27342818149.733704,0.0,121.01950497870212,118.59911487912807,1.0,122.0
commit:4,13,0,595.2,327091553736.46686,327091553736.46686,1418.7553216039487,537911483461.63196,4.0,0.0,0.0,0.0,0.0,0.0,0.0
commit:4,13,1,148.8,163545776868.23343,134477870865.40799,583.296,134477870865.40799,4.0,29067906002.82544,0.0,128.65475592038192,126.08166080197427,1.0,129.0
commit:4,14,0,576.0,318122914359.8218,318122914359.8218,1379.853966011582,520559500124.1599,4.0,0.0,0.0,0.0,0.0,0.0,0.0
commit:4,14,1,144.0,159061457179.9109,130139875031.03998,564.48,130139875031.03998,4.0,28921582148.87091,0.0,128.00712551611338,125.44698300579111,1.0,129.0
commit:4,15,0,595.2,330370646562.67487,330370646562.67487,1432.9783437030278,537911483461.63196,4.0,0.0,0.0,0.0,0.0,0.0,0.0
commit:4,15,1,148.8,165185323281.33743,134477870865.40799,583.296,134477870865.40799,4.0,30707452415.929443,0.0,135.9113998484836,133.1931718515139,1.0,136.0
commit:4,16,0,595.2,332022499795.4882,332022499795.4882,1440.1432354215428,537911483461.63196,4.0,0.0,0.0,0.0,0.0,0.0,0.0
commit:4,16,1,148.8,166011249897.7441,134477870865.40799,583.296,134477870865.40799,4.0,31533379032.33612,0.0,139.56695684772595,136.77561771077143,1.0,140.0
commit:4,17,0,556.8000000000001,312154701823.855,312154701823.855,1353.966922463254,503207516786.688,4.0,0.0,0.0,0.0,0.0,0.0,0.0
commit:4,17,1,139.20000000000002,156077350911.9275,125801879196.672,545.6640000000001,125801879196.672,4.0,30275471715.255493,0.0,133.99945023635397,131.31946123162686,1.0,134.0
commit:4,18,0,595.2,335351025355.93787,335351025355.93787,1454.5806713566433,537911483461.63196,4.0,0.0,0.0,0.0,0.0,0.0,0.0
commit:4,18,1,148.8,167675512677.96893,134477870865.40799,583.296,134477870865.40799,4.0,33197641812.560944,0.0,146.93299559012414,143.99433567832165,1.0,147.0
commit:4,19,0,576.0,326155916596.1783,326155916596.1783,1414.697007787187,520559500124.1599,4.0,0.0,0.0,0.0,0.0,0.0,0.0
commit:4,19,1,144.0,163077958298.08914,130139875031.03998,564.48,130139875031.03998,4.0,32938083267.049164,0.0,145.78418764652403,142.86850389359353,2.0,146.0
commit:4,20,0,595.2,338712919385.1311,338712919385.1311,1469.1628425869935,537911483461.63196,4.0,0.0,0.0,0.0,0.0,0.0,0.0
commit:4,20,1,148.8,169356459692.56555,134477870865.40799,583.296,134477870865.40799,4.0,34878588827.15756,0.0,154.37287887091503,151.28542129349674,2.0,156.0
commit:4,21,0,576.0,329425629660.0549,329425629660.0549,1428.8793452902532,520559500124.1599,4.0,0.0,0.0,0.0,0.0,0.0,0.0
commit:4,21,1,144.0,164712814830.02744,130139875031.03998,564.48,130139875031.03998,4.0,34572939798.98746,0.0,153.0200741276802,149.9596726451266,2.0,154.0
commit:4,22,0,595.2,342108516401.967,342108516401.967,1483.891200083928,537911483461.63196,4.0,0.0,0.0,0.0,0.0,0.0,0.0
commit:4,22,1,148.8,171054258200.9835,134477870865.40799,583.296,134477870865.40799,4.0,36576387335.5755,0.0,161.88734698159584,158.6496000419639,2.0,162.0
commit:4,23,0,595.2,343819058983.97675,343819058983.97675,1491.310656084347,537911483461.63196,4.0,0.0,0.0,0.0,0.0,0.0,0.0
commit:4,23,1,148.8,171909529491.98837,134477870865.40799,583.296,134477870865.40799,4.0,37431658626.58038,0.0,165.67278371650366,162.3593280421736,2.0,166.0
commit:4,24,0,576.0,334391762205.38385,334391762205.38385,1450.4198800304216,520559500124.1599,4.0,0.0,0.0,0.0,0.0,0.0,0.0
commit:4,24,1,144.0,167195881102.69193,130139875031.03998,564.48,130139875031.03998,4.0,37056006071.65195,0.0,164.01014287266412,160.72994001521084,2.0,166.0
commit:4,25,0,595.2,347265845050.2911,347265845050.2911,1506.2610454115927,537911483461.63196,4.0,0.0,0.0,0.0,0.0,0.0,0.0
commit:4,25,1,148.8,173632922525.14554,134477870865.40799,583.296,134477870865.40799,4.0,39155051659.73755,0.0,173.30053337326152,169.8345227057963,2.0,174.0
commit:4,26,0,576.0,337744039621.4927,337744039621.4927,1464.960339327726,520559500124.1599,4.0,0.0,0.0,0.0,0.0,0.0,0.0
commit:4,26,1,144.0,168872019810.74634,130139875031.03998,564.48,130139875031.03998,4.0,38732144779.70636,0.0,171.42874455496226,168.000169663863,2.0,172.0
commit:4,27,0,595.2,350747185146.92017,350747185146.92017,1521.3613123918435,537911483461.63196,4.0,0.0,0.0,0.0,0.0,0.0,0.0
commit:4,27,1,148.8,175373592573.46008,134477870865.40799,583.296,134477870865.40799,4.0,40895721708.05209,0.0,181.0047512203283,177.38465619592174,2.0,182.0
commit:4,28,0,595.2,352500921072.6547,352500921072.6547,1528.9681189538026,537911483461.63196,4.0,0.0,0.0,0.0,0.0,0.0,0.0
commit:4,28,1,148.8,176250460536.32736,134477870865.40799,583.296,134477870865.40799,4.0,41772589670.91937,0.0,184.88577497642984,181.18805947690123,2.0,186.0
commit:4,29,0,537.6,319979868354.3388,319979868354.3388,1387.9084795922581,485855533449.21594,4.0,0.0,0.0,0.0,0.0,0.0,0.0
commit:4,29,1,134.4,159989934177.1694,121463883362.30399,526.848,121463883362.30399,4.0,38526050814.86542,0.0,170.51657122053982,167.10623979612902,2.0,172.0
commit:4,30,0,595.2,356034742806.408,356034742806.408,1544.2960243463142,537911483461.63196,4.0,0.0,0.0,0.0,0.0,0.0,0.0
commit:4,30,1,148.8,178017371403.204,134477870865.40799,583.296,134477870865.40799,4.0,43539500537.79602,0.0,192.7061348705684,188.85201217315702,2.0,194.0
commit:4,31,0,576.0,346272499858.49036,346272499858.49036,1501.9524236787538,520559500124.1599,4.0,0.0,0.0,0.0,0.0,0.0,0.0
commit:4,31,1,144.0,173136249929.24518,130139875031.03998,564.48,130139875031.03998,4.0,42996374898.2052,0.0,190.30225697895605,186.4962118393769,2.0,192.0
commit:4,32,0,595.2,359603991103.0422,359603991103.0422,1559.7775919903856,537911483461.63196,4.0,0.0,0.0,0.0,0.0,0.0,0.0
commit:4,32,1,148.8,179801995551.5211,134477870865.40799,583.296,134477870865.40799,4.0,45324124686.1131,0.0,200.60489387264568,196.59279599519274,2.0,202.0
commit:4,33,0,576.0,349743881669.57166,349743881669.57166,1517.009496726133,520559500124.1599,4.0,0.0,0.0,0.0,0.0,0.0,0.0
commit:4,33,1,144.0,174871940834.78583,130139875031.03998,564.48,130139875031.03998,4.0,44732065803.74585,0.0,197.98443710516995,194.02474836306652,2.0,198.0
commit:4,34,0,595.2,363209021113.8501,363209021113.8501,1575.4143623500888,537911483461.63196,4.0,0.0,0.0,0.0,0.0,0.0,0.0
commit:4,34,1,148.8,181604510556.92505,134477870865.40799,583.296,134477870865.40799,4.0,47126639691.51706,0.0,208.58283793371876,204.4111811750444,2.0,210.0
commit:4,35,0,595.2,365025066219.4193,365025066219.4193,1583.291434161839,537911483461.63196,4.0,0.0,0.0,0.0,0.0,0.0,0.0
commit:4,35,1,148.8,182512533109.70966,134477870865.40799,583.296,134477870865.40799,4.0,48034662244.30167,0.0,212.60175212338729,208.34971708091953,2.0,214.0
commit:4,36,0,576.0,355016314403.7255,355016314403.7255,1539.878604515466,520559500124.1599,4.0,0.0,0.0,0.0,0.0,0.0,0.0
commit:4,36,1,144.0,177508157201.86276,130139875031.03998,564.48,130139875031.03998,4.0,47368282170.822784,0.0,209.6523492425847,205.45930225773301,2.0,210.0
commit:5,1,0,595.2,616178562048.0001,616178562048.0001,2672.666426196395,672389354327.0399,5.0,0.0,0.0,0.0,0.0,0.0,0.0
commit:5,1,1,148.8,308089281024.00006,168097338581.75998,729.12,168097338581.75998,5.0,139991942442.24008,0.0,619.6053194879568,607.2132130981976,5.0,620.0
commit:5,2,0,576.0,599283343411.2001,599283343411.2001,2599.38363709101,650699375155.2,5.0,0.0,0.0,0.0,0.0,0.0,0.0
commit:5,2,1,144.0,299641671705.60004,162674843788.8,705.6,162674843788.8,5.0,136966827916.80005,0.0,606.2161413729642,594.0918185455049,5.0,610.0
commit:5,3,0,595.2,622355752132.5311,622355752132.5311,2699.459907119013,672389354327.0399,5.0,0.0,0.0,0.0,0.0,0.0,0.0
commit:5,3,1,148.8,311177876066.26556,168097338581.75998,729.12,168097338581.75998,5.0,143080537484.50558,0.0,633.2754628158231,620.6099535595066,5.0,635.0
commit:5,4,0,595.2,625467530893.1937,625467530893.1937,2712.957206654608,672389354327.0399,5.0,0.0,0.0,0.0,0.0,0.0,0.0
commit:5,4,1,148.8,312733765446.59686,168097338581.75998,729.12,168097338581.75998,5.0,144636426864.83688,0.0,640.1618401299021,627.358603327304,5.0,645.0
commit:5,5,0,537.6,567763107075.3055,567763107075.3055,2462.66502565357,607319416811.5199,5.0,0.0,0.0,0.0,0.0,0.0,0.0
commit:5,5,1,134.4,283881553537.6528,151829854202.87997,658.56,151829854202.87997,5.0,132051699334.7728,0.0,584.4617477824337,572.772512826785,5.0,585.0
commit:5,6,0,595.2,631737842890.3978,631737842890.3978,2740.1546026513197,672389354327.0399,5.0,0.0,0.0,0.0,0.0,0.0,0.0
commit:5,6,1,148.8,315868921445.1989,168097338581.75998,729.12,168097338581.75998,5.0,147771582863.43893,0.0,654.038062577204,640.9573013256598,5.0,655.0
commit:5,7,0,576.0,307207999405.5725,307207999405.5725,1332.5106656441499,650699375155.2,5.0,0.0,0.0,0.0,0.0,0.0,0.0
commit:5,7,1,144.0,153603999702.78625,153603999702.78625,666.2553328220749,162674843788.8,5.0,0.0,0.0,0.0,0.0,0.0,0.0
commit:5,8,0,595.2,319035507382.687,319035507382.687,1383.8123262714496,672389354327.0399,5.0,0.0,0.0,0.0,0.0,0.0,0.0
commit:5,8,1,148.8,159517753691.3435,159517753691.3435,691.9061631357248,168097338581.75998,5.0,0.0,0.0,0.0,0.0,0.0,0.0
commit:5,9,0,576.0,310287759599.61334,310287759599.61334,1345.8690850672324,650699375155.2,5.0,0.0,0.0,0.0,0.0,0.0,0.0
commit:5,9,1,144.0,155143879799.80667,155143879799.80667,672.9345425336162,162674843788.8,5.0,0.0,0.0,0.0,0.0,0.0,0.0
commit:5,10,0,595.2,322233838344.19836,322233838344.19836,1397.6850448423204,672389354327.0399,5.0,0.0,0.0,0.0,0.0,0.0,0.0
commit:5,10,1,148.8,161116919172.09918,161116919172.09918,698.8425224211602,168097338581.75998,5.0,0.0,0.0,0.0,0.0,0.0,0.0
commit:5,11,0,595.2,323845007535.9194,323845007535.9194,1404.673470066532,672389354327.0399,5.0,0.0,0.0,0.0,0.0,0.0,0.0
commit:5,11,1,148.8,161922503767.9597,161922503767.9597,702.336735033266,168097338581.75998,5.0,0.0,0.0,0.0,0.0,0.0,0.0
commit:5,12,0,576.0,314965386361.54736,314965386361.54736,1366.158229758256,650699375155.2,5.0,0.0,0.0,0.0,0.0,0.0,0.0
commit:5,12,1,144.0,157482693180.77368,157482693180.77368,683.079114879128,162674843788.8,5.0,0.0,0.0,0.0,0.0,0.0,0.0
commit:5,13,0,595.2,327091553736.46686,327091553736.46686,1418.7553216039487,672389354327.0399,5.0,0.0,0.0,0.0,0.0,0.0,0.0
commit:5,13,1,148.8,163545776868.23343,163545776868.23343,709.3776608019743,168097338581.75998,5.0,0.0,0.0,0.0,0.0,0.0,0.0
commit:5,14,0,576.0,318122914359.8218,318122914359.8218,1379.853966011582,650699375155.2,5.0,0.0,0.0,0.0,0.0,0.0,0.0
commit:5,14,1,144.0,159061457179.9109,159061457179.9109,689.926983005791,162674843788.8,5.0,0.0,0.0,0.0,0.0,0.0,0.0
commit:5,15,0,595.2,330370646562.67487,330370646562.67487,1432.9783437030278,672389354327.0399,5.0,0.0,0.0,0.0,0.0,0.0,0.0
commit:5,15,1,148.8,165185323281.33743,165185323281.33743,716.4891718515139,168097338581.75998,5.0,0.0,0.0,0.0,0.0,0.0,0.0
commit:5,16,0,595.2,332022499795.4882,332022499795.4882,1440.1432354215428,672389354327.0399,5.0,0.0,0.0,0.0,0.0,0.0,0.0
commit:5,16,1,148.8,166011249897.7441,166011249897.7441,720.0716177107714,168097338581.75998,5.0,0.0,0.0,0.0,0.0,0.0,0.0
commit:5,17,0,556.8000000000001,312154701823.855,312154701823.855,1353.966922463254,629009395983.36,5.0,0.0,0.0,0.0,0.0,0.0,0.0
commit:5,17,1,139.20000000000002,156077350911.9275,156077350911.9275,676.983461231627,157252348995.84,5.0,0.0,0.0,0.0,0.0,0.0,0.0
commit:5,18,0,595.2,335351025355.93787,335351025355.93787,1454.5806713566433,672389354327.0399,5.0,0.0,0.0,0.0,0.0,0.0,0.0
commit:5,18,1,148.8,167675512677.96893,167675512677.96893,727.2903356783216,168097338581.75998,5.0,0.0,0.0,0.0,0.0,0.0,0.0
commit:5,19,0,576.0,326155916596.1783,326155916596.1783,1414.697007787187,650699375155.2,5.0,0.0,0.0,0.0,0.0,0.0,0.0
commit:5,19,1,144.0,163077958298.08914,162674843788.8,705.6,162674843788.8,5.0,403114509.28915405,0.0,1.7841876465239543,1.7485038935934751,1.0,2.0
commit:5,20,0,595.2,338712919385.1311,338712919385.1311,1469.1628425869935,672389354327.0399,5.0,0.0,0.0,0.0,0.0,0.0,0.0
commit:5,20,1,148.8,169356459692.56555,168097338581.75998,729.12,168097338581.75998,5.0,1259121110.8055725,0.0,5.572878870915066,5.461421293496763,1.0,6.0
commit:5,21,0,576.0,329425629660.0549,329425629660.0549,1428.8793452902532,650699375155.2,5.0,0.0,0.0,0.0,0.0,0.0,0.0
commit:5,21,1,144.0,164712814830.02744,162674843788.8,705.6,162674843788.8,5.0,2037971041.2274475,0.0,9.020074127680136,8.839672645126532,1.0,10.0
commit:5,22,0,595.2,342108516401.967,342108516401.967,1483.891200083928,672389354327.0399,5.0,0.0,0.0,0.0,0.0,0.0,0.0
commit:5,22,1,148.8,171054258200.9835,168097338581.75998,729.12,168097338581.75998,5.0,2956919619.2235107,0.0,13.08734698159585,12.825600041963932,1.0,14.0
commit:5,23,0,595.2,343819058983.97675,343819058983.97675,1491.310656084347,672389354327.0399,5.0,0.0,0.0,0.0,0.0,0.0,0.0
commit:5,23,1,148.8,171909529491.98837,168097338581.75998,729.12,168097338581.75998,5.0,3812190910.2283936,0.0,16.872783716503676,16.535328042173603,1.0,17.0
commit:5,24,0,576.0,334391762205.38385,334391762205.38385,1450.4198800304216,650699375155.2,5.0,0.0,0.0,0.0,0.0,0.0,0.0
commit:5,24,1,144.0,167195881102.69193,162674843788.8,705.6,162674843788.8,5.0,4521037313.891937,0.0,20.01014287266406,19.609940015210775,1.0,21.0
commit:5,25,0,595.2,347265845050.2911,347265845050.2911,1506.2610454115927,672389354327.0399,5.0,0.0,0.0,0.0,0.0,0.0,0.0
commit:5,25,1,148.8,173632922525.14554,168097338581.75998,729.12,168097338581.75998,5.0,5535583943.385559,0.0,24.500533373261547,24.010522705796316,1.0,25.0
commit:5,26,0,576.0,337744039621.4927,337744039621.4927,1464.960339327726,650699375155.2,5.0,0.0,0.0,0.0,0.0,0.0,0.0
commit:5,26,1,144.0,168872019810.74634,162674843788.8,705.6,162674843788.8,5.0,6197176021.94635,0.0,27.42874455496219,26.880169663862944,1.0,28.0
commit:5,27,0,595.2,350747185146.92017,350747185146.92017,1521.3613123918435,672389354327.0399,5.0,0.0,0.0,0.0,0.0,0.0,0.0
commit:5,27,1,148.8,175373592573.46008,168097338581.75998,729.12,168097338581.75998,5.0,7276253991.700104,0.0,32.20475122032832,31.56065619592175,1.0,33.0
commit:5,28,0,595.2,352500921072.6547,352500921072.6547,1528.9681189538026,672389354327.0399,5.0,0.0,0.0,0.0,0.0,0.0,0.0
commit:5,28,1,148.8,176250460536.32736,168097338581.75998,729.12,168097338581.75998,5.0,8153121954.567383,0.0,36.08577497642987,35.36405947690127,1.0,37.0
commit:5,29,0,537.6,319979868354.3388,319979868354.3388,1387.9084795922581,607319416811.5199,5.0,0.0,0.0,0.0,0.0,0.0,0.0
commit:5,29,1,134.4,159989934177.1694,151829854202.87997,658.56,151829854202.87997,5.0,8160079974.289429,0.0,36.116571220539846,35.39423979612905,1.0,37.0
commit:5,30,0,595.2,356034742806.408,356034742806.408,1544.2960243463142,672389354327.0399,5.0,0.0,0.0,0.0,0.0,0.0,0.0
commit:5,30,1,148.8,178017371403.204,168097338581.75998,729.12,168097338581.75998,5.0,9920032821.44403,0.0,43.90613487056843,43.02801217315706,1.0,44.0
commit:5,31,0,576.0,346272499858.49036,346272499858.49036,1501.9524236787538,650699375155.2,5.0,0.0,0.0,0.0,0.0,0.0,0.0
commit:5,31,1,144.0,173136249929.24518,162674843788.8,705.6,162674843788.8,5.0,10461406140.44519,0.0,46.30225697895598,45.37621183937686,1.0,47.0
commit:5,32,0,595.2,359603991103.0422,359603991103.0422,1559.7775919903856,672389354327.0399,5.0,0.0,0.0,0.0,0.0,0.0,0.0
commit:5,32,1,148.8,179801995551.5211,168097338581.75998,729.12,168097338581.75998,5.0,11704656969.761108,0.0,51.804893872645685,50.76879599519277,1.0,52.0
commit:5,33,0,576.0,349743881669.57166,349743881669.57166,1517.009496726133,650699375155.2,5.0,0.0,0.0,0.0,0.0,0.0,0.0
commit:5,33,1,144.0,174871940834.78583,162674843788.8,705.6,162674843788.8,5.0,12197097045.98584,0.0,53.98443710516987,52.90474836306647,1.0,54.0
commit:5,34,0,595.2,363209021113.8501,363209021113.8501,1575.4143623500888,672389354327.0399,5.0,0.0,0.0,0.0,0.0,0.0,0.0
commit:5,34,1,148.8,181604510556.92505,168097338581.75998,729.12,168097338581.75998,5.0,13507171975.16507,0.0,59.782837933718795,58.587181175044414,1.0,60.0
commit:5,35,0,595.2,365025066219.4193,365025066219.4193,1583.291434161839,672389354327.0399,5.0,0.0,0.0,0.0,0.0,0.0,0.0
commit:5,35,1,148.8,182512533109.70966,168097338581.75998,729.12,168097338581.75998,5.0,14415194527.949677,0.0,63.80175212338731,62.525717080919556,1.0,64.0
commit:5,36,0,576.0,355016314403.7255,355016314403.7255,1539.878604515466,650699375155.2,5.0,0.0,0.0,0.0,0.0,0.0,0.0
commit:5,36,1,144.0,177508157201.86276,162674843788.8,705.6,162674843788.8,5.0,14833313413.062775,0.0,65.65234924258465,64.33930225773295,1.0,66.0
commit:6,1,0,595.2,616178562048.0001,616178562048.0001,2672.666426196395,806867225192.4479,6.0,0.0,0.0,0.0,0.0,0.0,0.0
commit:6,1,1,148.8,308089281024.00006,201716806298.11197,874.944,201716806298.11197,6.0,106372474725.88809,0.0,470.80531948795675,461.3892130981976,4.0,472.0
commit:6,2,0,576.0,599283343411.2001,599283343411.2001,2599.38363709101,780839250186.2399,6.0,0.0,0.0,0.0,0.0,0.0,0.0
commit:6,2,1,144.0,299641671705.60004,195209812546.55997,846.7199999999999,195209812546.55997,6.0,104431859159.04007,0.0,462.2161413729643,452.97181854550496,4.0,464.0
commit:6,3,0,595.2,622355752132.5311,622355752132.5311,2699.459907119013,806867225192.4479,6.0,0.0,0.0,0.0,0.0,0.0,0.0
commit:6,3,1,148.8,311177876066.26556,201716806298.11197,874.944,201716806298.11197,6.0,109461069768.1536,0.0,484.47546281582305,474.7859535595066,4.0,488.0
commit:6,4,0,595.2,625467530893.1937,625467530893.1937,2712.957206654608,806867225192.4479,6.0,0.0,0.0,0.0,0.0,0.0,0.0
commit:6,4,1,148.8,312733765446.59686,201716806298.11197,874.944,201716806298.11197,6.0,111016959148.4849,0.0,491.3618401299021,481.534603327304,4.0,492.0
commit:6,5,0,537.6,567763107075.3055,567763107075.3055,2462.66502565357,728783300173.8239,6.0,0.0,0.0,0.0,0.0,0.0,0.0
commit:6,5,1,134.4,283881553537.6528,182195825043.45596,790.2719999999999,182195825043.45596,6.0,101685728494.19681,0.0,450.06174778243377,441.06051282678504,4.0,452.0
commit:6,6,0,595.2,631737842890.3978,631737842890.3978,2740.1546026513197,806867225192.4479,6.0,0.0,0.0,0.0,0.0,0.0,0.0
commit:6,6,1,148.8,315868921445.1989,201716806298.11197,874.944,201716806298.11197,6.0,114152115147.08694,0.0,505.23806257720395,495.1333013256599,4.0,508.0
commit:6,7,0,576.0,307207999405.5725,307207999405.5725,1332.5106656441499,780839250186.2399,6.0,0.0,0.0,0.0,0.0,0.0,0.0
commit:6,7,1,144.0,153603999702.78625,153603999702.78625,666.2553328220749,195209812546.55997,6.0,0.0,0.0,0.0,0.0,0.0,0.0
commit:6,8,0,595.2,319035507382.687,319035507382.687,1383.8123262714496,806867225192.4479,6.0,0.0,0.0,0.0,0.0,0.0,0.0
commit:6,8,1,148.8,159517753691.3435,159517753691.3435,691.9061631357248,201716806298.11197,6.0,0.0,0.0,0.0,0.0,0.0,0.0
commit:6,9,0,576.0,310287759599.61334,310287759599.61334,1345.8690850672324,780839250186.2399,6.0,0.0,0.0,0.0,0.0,0.0,0.0
commit:6,9,1,144.0,155143879799.80667,155143879799.80667,672.9345425336162,195209812546.55997,6.0,0.0,0.0,0.0,0.0,0.0,0.0
commit:6,10,0,595.2,322233838344.19836,322233838344.19836,1397.6850448423204,806867225192.4479,6.0,0.0,0.0,0.0,0.0,0.0,0.0
commit:6,10,1,148.8,161116919172.09918,161116919172.09918,698.8425224211602,201716806298.11197,6.0,0.0,0.0,0.0,0.0,0.0,0.0
commit:6,11,0,595.2,323845007535.9194,323845007535.9194,1404.673470066532,806867225192.4479,6.0,0.0,0.0,0.0,0.0,0.0,0.0
commit:6,11,1,148.8,161922503767.9597,161922503767.9597,702.336735033266,201716806298.11197,6.0,0.0,0.0,0.0,0.0,0.0,0.0
commit:6,12,0,576.0,314965386361.54736,314965386361.54736,1366.158229758256,780839250186.2399,6.0,0.0,0.0,0.0,0.0,0.0,0.0
commit:6,12,1,144.0,157482693180.77368,157482693180.77368,683.079114879128,195209812546.55997,6.0,0.0,0.0,0.0,0.0,0.0,0.0
commit:6,13,0,595.2,327091553736.46686,327091553736.46686,1418.7553216039487,806867225192.4479,6.0,0.0,0.0,0.0,0.0,0.0,0.0
commit:6,13,1,148.8,163545776868.23343,163545776868.23343,709.3776608019743,201716806298.11197,6.0,0.0,0.0,0.0,0.0,0.0,0.0
commit:6,14,0,576.0,318122914359.8218,318122914359.8218,1379.853966011582,780839250186.2399,6.0,0.0,0.0,0.0,0.0,0.0,0.0
commit:6,14,1,144.0,159061457179.9109,159061457179.9109,689.926983005791,195209812546.55997,6.0,0.0,0.0,0.0,0.0,0.0,0.0
commit:6,15,0,595.2,330370646562.67487,330370646562.67487,1432.9783437030278,806867225192.4479,6.0,0.0,0.0,0.0,0.0,0.0,0.0
commit:6,15,1,148.8,165185323281.33743,165185323281.33743,716.4891718515139,201716806298.11197,6.0,0.0,0.0,0.0,0.0,0.0,0.0
commit:6,16,0,595.2,332022499795.4882,332022499795.4882,1440.1432354215428,806867225192.4479,6.0,0.0,0.0,0.0,0.0,0.0,0.0
commit:6,16,1,148.8,166011249897.7441,166011249897.7441,720.0716177107714,201716806298.11197,6.0,0.0,0.0,0.0,0.0,0.0,0.0
commit:6,17,0,556.8000000000001,312154701823.855,312154701823.855,1353.966922463254,754811275180.032,6.0,0.0,0.0,0.0,0.0,0.0,0.0
commit:6,17,1,139.20000000000002,156077350911.9275,156077350911.9275,676.983461231627,188702818795.008,6.0,0.0,0.0,0.0,0.0,0.0,0.0
commit:6,18,0,595.2,335351025355.93787,335351025355.93787,1454.5806713566433,806867225192.4479,6.0,0.0,0.0,0.0,0.0,0.0,0.0
commit:6,18,1,148.8,167675512677.96893,167675512677.96893,727.2903356783216,201716806298.11197,6.0,0.0,0.0,0.0,0.0,0.0,0.0
commit:6,19,0,576.0,326155916596.1783,326155916596.1783,1414.697007787187,780839250186.2399,6.0,0.0,0.0,0.0,0.0,0.0,0.0
commit:6,19,1,144.0,163077958298.08914,163077958298.08914,707.3485038935935,195209812546.55997,6.0,0.0,0.0,0.0,0.0,0.0,0.0
commit:6,20,0,595.2,338712919385.1311,338712919385.1311,1469.1628425869935,806867225192.4479,6.0,0.0,0.0,0.0,0.0,0.0,0.0
commit:6,20,1,148.8,169356459692.56555,169356459692.56555,734.5814212934968,201716806298.11197,6.0,0.0,0.0,0.0,0.0,0.0,0.0
commit:6,21,0,576.0,329425629660.0549,329425629660.0549,1428.8793452902532,780839250186.2399,6.0,0.0,0.0,0.0,0.0,0.0,0.0
commit:6,21,1,144.0,164712814830.02744,164712814830.02744,714.4396726451266,195209812546.55997,6.0,0.0,0.0,0.0,0.0,0.0,0.0
commit:6,22,0,595.2,342108516401.967,342108516401.967,1483.891200083928,806867225192.4479,6.0,0.0,0.0,0.0,0.0,0.0,0.0
commit:6,22,1,148.8,171054258200.9835,171054258200.9835,741.945600041964,201716806298.11197,6.0,0.0,0.0,0.0,0.0,0.0,0.0
commit:6,23,0,595.2,343819058983.97675,343819058983.97675,1491.310656084347,806867225192.4479,6.0,0.0,0.0,0.0,0.0,0.0,0.0
commit:6,23,1,148.8,171909529491.98837,171909529491.98837,745.6553280421736,201716806298.11197,6.0,0.0,0.0,0.0,0.0,0.0,0.0
commit:6,24,0,576.0,334391762205.38385,334391762205.38385,1450.4198800304216,780839250186.2399,6.0,0.0,0.0,0.0,0.0,0.0,0.0
commit:6,24,1,144.0,167195881102.69193,167195881102.69193,725.2099400152108,195209812546.55997,6.0,0.0,0.0,0.0,0.0,0.0,0.0
commit:6,25,0,595.2,347265845050.2911,347265845050.2911,1506.2610454115927,806867225192.4479,6.0,0.0,0.0,0.0,0.0,0.0,0.0
commit:6,25,1,148.8,173632922525.14554,173632922525.14554,753.1305227057964,201716806298.11197,6.0,0.0,0.0,0.0,0.0,0.0,0.0
commit:6,26,0,576.0,337744039621.4927,337744039621.4927,1464.960339327726,780839250186.2399,6.0,0.0,0.0,0.0,0.0,0.0,0.0
commit:6,26,1,144.0,168872019810.74634,168872019810.74634,732.480169663863,195209812546.55997,6.0,0.0,0.0,0.0,0.0,0.0,0.0
commit:6,27,0,595.2,350747185146.92017,350747185146.92017,1521.3613123918435,806867225192.4479,6.0,0.0,0.0,0.0,0.0,0.0,0.0
commit:6,27,1,148.8,175373592573.46008,175373592573.46008,760.6806561959218,201716806298.11197,6.0,0.0,0.0,0.0,0.0,0.0,0.0
commit:6,28,0,595.2,352500921072.6547,352500921072.6547,1528.9681189538026,806867225192.4479,6.0,0.0,0.0,0.0,0.0,0.0,0.0
commit:6,28,1,148.8,176250460536.32736,176250460536.32736,764.4840594769013,201716806298.11197,6.0,0.0,0.0,0.0,0.0,0.0,0.0
commit:6,29,0,537.6,319979868354.3388,319979868354.3388,1387.9084795922581,728783300173.8239,6.0,0.0,0.0,0.0,0.0,0.0,0.0
commit:6,29,1,134.4,159989934177.1694,159989934177.1694,693.9542397961291,182195825043.45596,6.0,0.0,0.0,0.0,0.0,0.0,0.0
commit:6,30,0,595.2,356034742806.408,356034742806.408,1544.2960243463142,806867225192.4479,6.0,0.0,0.0,0.0,0.0,0.0,0.0
commit:6,30,1,148.8,178017371403.204,178017371403.204,772.1480121731571,201716806298.11197,6.0,0.0,0.0,0.0,0.0,0.0,0.0
commit:6,31,0,576.0,346272499858.49036,346272499858.49036,1501.9524236787538,780839250186.2399,6.0,0.0,0.0,0.0,0.0,0.0,0.0
commit:6,31,1,144.0,173136249929.24518,173136249929.24518,750.9762118393769,195209812546.55997,6.0,0.0,0.0,0.0,0.0,0.0,0.0
commit:6,32,0,595.2,359603991103.0422,359603991103.0422,1559.7775919903856,806867225192.4479,6.0,0.0,0.0,0.0,0.0,0.0,0.0
commit:6,32,1,148.8,179801995551.5211,179801995551.5211,779.8887959951928,201716806298.11197,6.0,0.0,0.0,0.0,0.0,0.0,0.0
commit:6,33,0,576.0,349743881669.57166,349743881669.57166,1517.009496726133,780839250186.2399,6.0,0.0,0.0,0.0,0.0,0.0,0.0
commit:6,33,1,144.0,174871940834.78583,174871940834.78583,758.5047483630665,195209812546.55997,6.0,0.0,0.0,0.0,0.0,0.0,0.0
commit:6,34,0,595.2,363209021113.8501,363209021113.8501,1575.4143623500888,806867225192.4479,6.0,0.0,0.0,0.0,0.0,0.0,0.0
commit:6,34,1,148.8,181604510556.92505,181604510556.92505,787.7071811750444,201716806298.11197,6.0,0.0,0.0,0.0,0.0,0.0,0.0
commit:6,35,0,595.2,365025066219.4193,365025066219.4193,1583.291434161839,806867225192.4479,6.0,0.0,0.0,0.0,0.0,0.0,0.0
commit:6,35,1,148.8,182512533109.70966,182512533109.70966,791.6457170809196,201716806298.11197,6.0,0.0,0.0,0.0,0.0,0.0,0.0
commit:6,36,0,576.0,355016314403.7255,355016314403.7255,1539.878604515466,780839250186.2399,6.0,0.0,0.0,0.0,0.0,0.0,0.0
commit:6,36,1,144.0,177508157201.86276,177508157201.86276,769.939302257733,195209812546.55997,6.0,0.0,0.0,0.0,0.0,0.0,0.0
commit:7,1,0,595.2,616178562048.0001,616178562048.0001,2672.666426196395,941345096057.856,7.0,0.0,0.0,0.0,0.0,0.0,0.0
commit:7,1,1,148.8,308089281024.00006,235336274014.464,1020.768,235336274014.464,7.0,72753007009.53607,0.0,322.0053194879566,315.5652130981975,3.0,324.0
commit:7,2,0,576.0,599283343411.2001,599283343411.2001,2599.38363709101,910979125217.2798,7.0,0.0,0.0,0.0,0.0,0.0,0.0
commit:7,2,1,144.0,299641671705.60004,227744781304.31995,987.8399999999999,227744781304.31995,7.0,71896890401.28009,0.0,318.2161413729644,311.85181854550507,3.0,321.0
commit:7,3,0,595.2,622355752132.5311,622355752132.5311,2699.459907119013,941345096057.856,7.0,0.0,0.0,0.0,0.0,0.0,0.0
commit:7,3,1,148.8,311177876066.26556,235336274014.464,1020.768,235336274014.464,7.0,75841602051.80157,0.0,335.675462815823,328.96195355950647,3.0,336.0
commit:7,4,0,595.2,625467530893.1937,625467530893.1937,2712.957206654608,941345096057.856,7.0,0.0,0.0,0.0,0.0,0.0,0.0
commit:7,4,1,148.8,312733765446.59686,235336274014.464,1020.768,235336274014.464,7.0,77397491432.13287,0.0,342.56184012990195,335.7106033273039,3.0,345.0
commit:7,5,0,537.6,567763107075.3055,567763107075.3055,2462.66502565357,850247183536.1279,7.0,0.0,0.0,0.0,0.0,0.0,0.0
commit:7,5,1,134.4,283881553537.6528,212561795884.03198,921.984,212561795884.03198,7.0,71319757653.62079,0.0,315.6617477824336,309.34851282678494,3.0,318.0
commit:7,6,0,595.2,631737842890.3978,631737842890.3978,2740.1546026513197,941345096057.856,7.0,0.0,0.0,0.0,0.0,0.0,0.0
commit:7,6,1,148.8,315868921445.1989,235336274014.464,1020.768,235336274014.464,7.0,80532647430.73492,0.0,356.4380625772038,349.30930132565976,3.0,357.0
commit:7,7,0,576.0,307207999405.5725,307207999405.5725,1332.5106656441499,910979125217.2798,7.0,0.0,0.0,0.0,0.0,0.0,0.0
commit:7,7,1,144.0,153603999702.78625,153603999702.78625,666.2553328220749,227744781304.31995,7.0,0.0,0.0,0.0,0.0,0.0,0.0
commit:7,8,0,595.2,319035507382.687,319035507382.687,1383.8123262714496,941345096057.856,7.0,0.0,0.0,0.0,0.0,0.0,0.0
commit:7,8,1,148.8,159517753691.3435,159517753691.3435,691.9061631357248,235336274014.464,7.0,0.0,0.0,0.0,0.0,0.0,0.0
commit:7,9,0,576.0,310287759599.61334,310287759599.61334,1345.8690850672324,910979125217.2798,7.0,0.0,0.0,0.0,0.0,0.0,0.0
commit:7,9,1,144.0,155143879799.80667,155143879799.80667,672.9345425336162,227744781304.31995,7.0,0.0,0.0,0.0,0.0,0.0,0.0
commit:7,10,0,595.2,322233838344.19836,322233838344.19836,1397.6850448423204,941345096057.856,7.0,0.0,0.0,0.0,0.0,0.0,0.0
commit:7,10,1,148.8,161116919172.09918,161116919172.09918,698.8425224211602,235336274014.464,7.0,0.0,0.0,0.0,0.0,0.0,0.0
commit:7,11,0,595.2,323845007535.9194,323845007535.9194,1404.673470066532,941345096057.856,7.0,0.0,0.0,0.0,0.0,0.0,0.0
commit:7,11,1,148.8,161922503767.9597,161922503767.9597,702.336735033266,235336274014.464,7.0,0.0,0.0,0.0,0.0,0.0,0.0
commit:7,12,0,576.0,314965386361.54736,314965386361.54736,1366.158229758256,910979125217.2798,7.0,0.0,0.0,0.0,0.0,0.0,0.0
commit:7,12,1,144.0,157482693180.77368,157482693180.77368,683.079114879128,227744781304.31995,7.0,0.0,0.0,0.0,0.0,0.0,0.0
commit:7,13,0,595.2,327091553736.46686,327091553736.46686,1418.7553216039487,941345096057.856,7.0,0.0,0.0,0.0,0.0,0.0,0.0
commit:7,13,1,148.8,163545776868.23343,163545776868.23343,709.3776608019743,235336274014.464,7.0,0.0,0.0,0.0,0.0,0.0,0.0
commit:7,14,0,576.0,318122914359.8218,318122914359.8218,1379.853966011582,910979125217.2798,7.0,0.0,0.0,0.0,0.0,0.0,0.0
commit:7,14,1,144.0,159061457179.9109,159061457179.9109,689.926983005791,227744781304.31995,7.0,0.0,0.0,0.0,0.0,0.0,0.0
commit:7,15,0,595.2,330370646562.67487,330370646562.67487,1432.9783437030278,941345096057.856,7.0,0.0,0.0,0.0,0.0,0.0,0.0
commit:7,15,1,148.8,165185323281.33743,165185323281.33743,716.4891718515139,235336274014.464,7.0,0.0,0.0,0.0,0.0,0.0,0.0
commit:7,16,0,595.2,332022499795.4882,332022499795.4882,1440.1432354215428,941345096057.856,7.0,0.0,0.0,0.0,0.0,0.0,0.0
commit:7,16,1,148.8,166011249897.7441,166011249897.7441,720.0716177107714,235336274014.464,7.0,0.0,0.0,0.0,0.0,0.0,0.0
commit:7,17,0,556.8000000000001,312154701823.855,312154701823.855,1353.966922463254,880613154376.704,7.0,0.0,0.0,0.0,0.0,0.0,0.0
commit:7,17,1,139.20000000000002,156077350911.9275,156077350911.9275,676.983461231627,220153288594.176,7.0,0.0,0.0,0.0,0.0,0.0,0.0
commit:7,18,0,595.2,335351025355.93787,335351025355.93787,1454.5806713566433,941345096057.856,7.0,0.0,0.0,0.0,0.0,0.0,0.0
commit:7,18,1,148.8,167675512677.96893,167675512677.96893,727.2903356783216,235336274014.464,7.0,0.0,0.0,0.0,0.0,0.0,0.0
commit:7,19,0,576.0,326155916596.1783,326155916596.1783,1414.697007787187,910979125217.2798,7.0,0.0,0.0,0.0,0.0,0.0,0.0
commit:7,19,1,144.0,163077958298.08914,163077958298.08914,707.3485038935935,227744781304.31995,7.0,0.0,0.0,0.0,0.0,0.0,0.0
commit:7,20,0,595.2,338712919385.1311,338712919385.1311,1469.1628425869935,941345096057.856,7.0,0.0,0.0,0.0,0.0,0.0,0.0
commit:7,20,1,148.8,169356459692.56555,169356459692.56555,734.5814212934968,235336274014.464,7.0,0.0,0.0,0.0,0.0,0.0,0.0
commit:7,21,0,576.0,329425629660.0549,329425629660.0549,1428.8793452902532,910979125217.2798,7.0,0.0,0.0,0.0,0.0,0.0,0.0
commit:7,21,1,144.0,164712814830.02744,164712814830.02744,714.4396726451266,227744781304.31995,7.0,0.0,0.0,0.0,0.0,0.0,0.0
commit:7,22,0,595.2,342108516401.967,342108516401.967,1483.891200083928,941345096057.856,7.0,0.0,0.0,0.0,0.0,0.0,0.0
commit:7,22,1,148.8,171054258200.9835,171054258200.9835,741.945600041964,235336274014.464,7.0,0.0,0.0,0.0,0.0,0.0,0.0
commit:7,23,0,595.2,343819058983.97675,343819058983.97675,1491.310656084347,941345096057.856,7.0,0.0,0.0,0.0,0.0,0.0,0.0
commit:7,23,1,148.8,171909529491.98837,171909529491.98837,745.6553280421736,235336274014.464,7.0,0.0,0.0,0.0,0.0,0.0,0.0
commit:7,24,0,576.0,334391762205.38385,334391762205.38385,1450.4198800304216,910979125217.2798,7.0,0.0,0.0,0.0,0.0,0.0,0.0
commit:7,24,1,144.0,167195881102.69193,167195881102.69193,725.2099400152108,227744781304.31995,7.0,0.0,0.0,0.0,0.0,0.0,0.0
commit:7,25,0,595.2,347265845050.2911,347265845050.2911,1506.2610454115927,941345096057.856,7.0,0.0,0.0,0.0,0.0,0.0,0.0
commit:7,25,1,148.8,173632922525.14554,173632922525.14554,753.1305227057964,235336274014.464,7.0,0.0,0.0,0.0,0.0,0.0,0.0
commit:7,26,0,576.0,337744039621.4927,337744039621.4927,1464.960339327726,910979125217.2798,7.0,0.0,0.0,0.0,0.0,0.0,0.0
commit:7,26,1,144.0,168872019810.74634,168872019810.74634,732.480169663863,227744781304.31995,7.0,0.0,0.0,0.0,0.0,0.0,0.0
commit:7,27,0,595.2,350747185146.92017,350747185146.92017,1521.3613123918435,941345096057.856,7.0,0.0,0.0,0.0,0.0,0.0,0.0
commit:7,27,1,148.8,175373592573.46008,175373592573.46008,760.6806561959218,235336274014.464,7.0,0.0,0.0,0.0,0.0,0.0,0.0
commit:7,28,0,595.2,352500921072.6547,352500921072.6547,1528.9681189538026,941345096057.856,7.0,0.0,0.0,0.0,0.0,0.0,0.0
commit:7,28,1,148.8,176250460536.32736,176250460536.32736,764.4840594769013,235336274014.464,7.0,0.0,0.0,0.0,0.0,0.0,0.0
commit:7,29,0,537.6,319979868354.3388,319979868354.3388,1387.9084795922581,850247183536.1279,7.0,0.0,0.0,0.0,0.0,0.0,0.0
commit:7,29,1,134.4,159989934177.1694,159989934177.1694,693.9542397961291,212561795884.03198,7.0,0.0,0.0,0.0,0.0,0.0,0.0
commit:7,30,0,595.2,356034742806.408,356034742806.408,1544.2960243463142,941345096057.856,7.0,0.0,0.0,0.0,0.0,0.0,0.0
commit:7,30,1,148.8,178017371403.204,178017371403.204,772.1480121731571,235336274014.464,7.0,0.0,0.0,0.0,0.0,0.0,0.0
commit:7,31,0,576.0,346272499858.49036,346272499858.49036,1501.9524236787538,910979125217.2798,7.0,0.0,0.0,0.0,0.0,0.0,0.0
commit:7,31,1,144.0,173136249929.24518,173136249929.24518,750.9762118393769,227744781304.31995,7.0,0.0,0.0,0.0,0.0,0.0,0.0
commit:7,32,0,595.2,359603991103.0422,359603991103.0422,1559.7775919903856,941345096057.856,7.0,0.0,0.0,0.0,0.0,0.0,0.0
commit:7,32,1,148.8,179801995551.5211,179801995551.5211,779.8887959951928,235336274014.464,7.0,0.0,0.0,0.0,0.0,0.0,0.0
commit:7,33,0,576.0,349743881669.57166,349743881669.57166,1517.009496726133,910979125217.2798,7.0,0.0,0.0,0.0,0.0,0.0,0.0
commit:7,33,1,144.0,174871940834.78583,174871940834.78583,758.5047483630665,227744781304.31995,7.0,0.0,0.0,0.0,0.0,0.0,0.0
commit:7,34,0,595.2,363209021113.8501,363209021113.8501,1575.4143623500888,941345096057.856,7.0,0.0,0.0,0.0,0.0,0.0,0.0
commit:7,34,1,148.8,181604510556.92505,181604510556.92505,787.7071811750444,235336274014.464,7.0,0.0,0.0,0.0,0.0,0.0,0.0
commit:7,35,0,595.2,365025066219.4193,365025066219.4193,1583.291434161839,941345096057.856,7.0,0.0,0.0,0.0,0.0,0.0,0.0
commit:7,35,1,148.8,182512533109.70966,182512533109.70966,791.6457170809196,235336274014.464,7.0,0.0,0.0,0.0,0.0,0.0,0.0
commit:7,36,0,576.0,355016314403.7255,355016314403.7255,1539.878604515466,910979125217.2798,7.0,0.0,0.0,0.0,0.0,0.0,0.0
commit:7,36,1,144.0,177508157201.86276,177508157201.86276,769.939302257733,227744781304.31995,7.0,0.0,0.0,0.0,0.0,0.0,0.0
commit:8,1,0,595.2,616178562048.0001,616178562048.0001,2672.666426196395,1075822966923.2639,8.0,0.0,0.0,0.0,0.0,0.0,0.0
commit:8,1,1,148.8,308089281024.00006,268955741730.81598,1166.592,268955741730.81598,8.0,39133539293.18408,0.0,173.20531948795664,169.7412130981975,2.0,174.0
commit:8,2,0,576.0,599283343411.2001,599283343411.2001,2599.38363709101,1041119000248.3198,8.0,0.0,0.0,0.0,0.0,0.0,0.0
commit:8,2,1,144.0,299641671705.60004,260279750062.07996,1128.96,260279750062.07996,8.0,39361921643.52008,0.0,174.2161413729643,170.731818545505,2.0,176.0
commit:8,3,0,595.2,622355752132.5311,622355752132.5311,2699.459907119013,1075822966923.2639,8.0,0.0,0.0,0.0,0.0,0.0,0.0
commit:8,3,1,148.8,311177876066.26556,268955741730.81598,1166.592,268955741730.81598,8.0,42222134335.449585,0.0,186.87546281582297,183.1379535595065,2.0,188.0
commit:8,4,0,595.2,625467530893.1937,625467530893.1937,2712.957206654608,1075822966923.2639,8.0,0.0,0.0,0.0,0.0,0.0,0.0
commit:8,4,1,148.8,312733765446.59686,268955741730.81598,1166.592,268955741730.81598,8.0,43778023715.78088,0.0,193.76184012990197,189.88660332730393,2.0,194.0
commit:8,5,0,537.6,567763107075.3055,567763107075.3055,2462.66502565357,971711066898.4319,8.0,0.0,0.0,0.0,0.0,0.0,0.0
commit:8,5,1,134.4,283881553537.6528,242927766724.60797,1053.696,242927766724.60797,8.0,40953786813.0448,0.0,181.26174778243367,177.63651282678498,2.0,182.0
commit:8,6,0,595.2,631737842890.3978,631737842890.3978,2740.1546026513197,1075822966923.2639,8.0,0.0,0.0,0.0,0.0,0.0,0.0
commit:8,6,1,148.8,315868921445.1989,268955741730.81598,1166.592,268955741730.81598,8.0,46913179714.382935,0.0,207.63806257720387,203.48530132565978,2.0,208.0
commit:8,7,0,576.0,307207999405.5725,307207999405.5725,1332.5106656441499,1041119000248.3198,8.0,0.0,0.0,0.0,0.0,0.0,0.0
commit:8,7,1,144.0,153603999702.78625,153603999702.78625,666.2553328220749,260279750062.07996,8.0,0.0,0.0,0.0,0.0,0.0,0.0
commit:8,8,0,595.2,319035507382.687,319035507382.687,1383.8123262714496,1075822966923.2639,8.0,0.0,0.0,0.0,0.0,0.0,0.0
commit:8,8,1,148.8,159517753691.3435,159517753691.3435,691.9061631357248,268955741730.81598,8.0,0.0,0.0,0.0,0.0,0.0,0.0
commit:8,9,0,576.0,310287759599.61334,310287759599.61334,1345.8690850672324,1041119000248.3198,8.0,0.0,0.0,0.0,0.0,0.0,0.0
commit:8,9,1,144.0,155143879799.80667,155143879799.80667,672.9345425336162,260279750062.07996,8.0,0.0,0.0,0.0,0.0,0.0,0.0
commit:8,10,0,595.2,322233838344.19836,322233838344.19836,1397.6850448423204,1075822966923.2639,8.0,0.0,0.0,0.0,0.0,0.0,0.0
commit:8,10,1,148.8,161116919172.09918,161116919172.09918,698.8425224211602,268955741730.81598,8.0,0.0,0.0,0.0,0.0,0.0,0.0
commit:8,11,0,595.2,323845007535.9194,323845007535.9194,1404.673470066532,1075822966923.2639,8.0,0.0,0.0,0.0,0.0,0.0,0.0
commit:8,11,1,148.8,161922503767.9597,161922503767.9597,702.336735033266,268955741730.81598,8.0,0.0,0.0,0.0,0.0,0.0,0.0
commit:8,12,0,576.0,314965386361.54736,314965386361.54736,1366.158229758256,1041119000248.3198,8.0,0.0,0.0,0.0,0.0,0.0,0.0
commit:8,12,1,144.0,157482693180.77368,157482693180.77368,683.079114879128,260279750062.07996,8.0,0.0,0.0,0.0,0.0,0.0,0.0
commit:8,13,0,595.2,327091553736.46686,327091553736.46686,1418.7553216039487,1075822966923.2639,8.0,0.0,0.0,0.0,0.0,0.0,0.0
commit:8,13,1,148.8,163545776868.23343,163545776868.23343,709.3776608019743,268955741730.81598,8.0,0.0,0.0,0.0,0.0,0.0,0.0
commit:8,14,0,576.0,318122914359.8218,318122914359.8218,1379.853966011582,1041119000248.3198,8.0,0.0,0.0,0.0,0.0,0.0,0.0
commit:8,14,1,144.0,159061457179.9109,159061457179.9109,689.926983005791,260279750062.07996,8.0,0.0,0.0,0.0,0.0,0.0,0.0
commit:8,15,0,595.2,330370646562.67487,330370646562.67487,1432.9783437030278,1075822966923.2639,8.0,0.0,0.0,0.0,0.0,0.0,0.0
commit:8,15,1,148.8,165185323281.33743,165185323281.33743,716.4891718515139,268955741730.81598,8.0,0.0,0.0,0.0,0.0,0.0,0.0
commit:8,16,0,595.2,332022499795.4882,332022499795.4882,1440.1432354215428,1075822966923.2639,8.0,0.0,0.0,0.0,0.0,0.0,0.0
commit:8,16,1,148.8,166011249897.7441,166011249897.7441,720.0716177107714,268955741730.81598,8.0,0.0,0.0,0.0,0.0,0.0,0.0
commit:8,17,0,556.8000000000001,312154701823.855,312154701823.855,1353.966922463254,1006415033573.376,8.0,0.0,0.0,0.0,0.0,0.0,0.0
commit:8,17,1,139.20000000000002,156077350911.9275,156077350911.9275,676.983461231627,251603758393.344,8.0,0.0,0.0,0.0,0.0,0.0,0.0
commit:8,18,0,595.2,335351025355.93787,335351025355.93787,1454.5806713566433,1075822966923.2639,8.0,0.0,0.0,0.0,0.0,0.0,0.0
commit:8,18,1,148.8,167675512677.96893,167675512677.96893,727.2903356783216,268955741730.81598,8.0,0.0,0.0,0.0,0.0,0.0,0.0
commit:8,19,0,576.0,326155916596.1783,326155916596.1783,1414.697007787187,1041119000248.3198,8.0,0.0,0.0,0.0,0.0,0.0,0.0
commit:8,19,1,144.0,163077958298.08914,163077958298.08914,707.3485038935935,260279750062.07996,8.0,0.0,0.0,0.0,0.0,0.0,0.0
commit:8,20,0,595.2,338712919385.1311,338712919385.1311,1469.1628425869935,1075822966923.2639,8.0,0.0,0.0,0.0,0.0,0.0,0.0
commit:8,20,1,148.8,169356459692.56555,169356459692.56555,734.5814212934968,268955741730.81598,8.0,0.0,0.0,0.0,0.0,0.0,0.0
commit:8,21,0,576.0,329425629660.0549,329425629660.0549,1428.8793452902532,1041119000248.3198,8.0,0.0,0.0,0.0,0.0,0.0,0.0
commit:8,21,1,144.0,164712814830.02744,164712814830.02744,714.4396726451266,260279750062.07996,8.0,0.0,0.0,0.0,0.0,0.0,0.0
commit:8,22,0,595.2,342108516401.967,342108516401.967,1483.891200083928,1075822966923.2639,8.0,0.0,0.0,0.0,0.0,0.0,0.0
commit:8,22,1,148.8,171054258200.9835,171054258200.9835,741.945600041964,268955741730.81598,8.0,0.0,0.0,0.0,0.0,0.0,0.0
commit:8,23,0,595.2,343819058983.97675,343819058983.97675,1491.310656084347,1075822966923.2639,8.0,0.0,0.0,0.0,0.0,0.0,0.0
commit:8,23,1,148.8,171909529491.98837,171909529491.98837,745.6553280421736,268955741730.81598,8.0,0.0,0.0,0.0,0.0,0.0,0.0
commit:8,24,0,576.0,334391762205.38385,334391762205.38385,1450.4198800304216,1041119000248.3198,8.0,0.0,0.0,0.0,0.0,0.0,0.0
commit:8,24,1,144.0,167195881102.69193,167195881102.69193,725.2099400152108,260279750062.07996,8.0,0.0,0.0,0.0,0.0,0.0,0.0
commit:8,25,0,595.2,347265845050.2911,347265845050.2911,1506.2610454115927,1075822966923.2639,8.0,0.0,0.0,0.0,0.0,0.0,0.0
commit:8,25,1,148.8,173632922525.14554,173632922525.14554,753.1305227057964,268955741730.81598,8.0,0.0,0.0,0.0,0.0,0.0,0.0
commit:8,26,0,576.0,337744039621.4927,337744039621.4927,1464.960339327726,1041119000248.3198,8.0,0.0,0.0,0.0,0.0,0.0,0.0
commit:8,26,1,144.0,168872019810.74634,168872019810.74634,732.480169663863,260279750062.07996,8.0,0.0,0.0,0.0,0.0,0.0,0.0
commit:8,27,0,595.2,350747185146.92017,350747185146.92017,1521.3613123918435,1075822966923.2639,8.0,0.0,0.0,0.0,0.0,0.0,0.0
commit:8,27,1,148.8,175373592573.46008,175373592573.46008,760.6806561959218,268955741730.81598,8.0,0.0,0.0,0.0,0.0,0.0,0.0
commit:8,28,0,595.2,352500921072.6547,352500921072.6547,1528.9681189538026,1075822966923.2639,8.0,0.0,0.0,0.0,0.0,0.0,0.0
commit:8,28,1,148.8,176250460536.32736,176250460536.32736,764.4840594769013,268955741730.81598,8.0,0.0,0.0,0.0,0.0,0.0,0.0
commit:8,29,0,537.6,319979868354.3388,319979868354.3388,1387.9084795922581,971711066898.4319,8.0,0.0,0.0,0.0,0.0,0.0,0.0
commit:8,29,1,134.4,159989934177.1694,159989934177.1694,693.9542397961291,242927766724.60797,8.0,0.0,0.0,0.0,0.0,0.0,0.0
commit:8,30,0,595.2,356034742806.408,356034742806.408,1544.2960243463142,1075822966923.2639,8.0,0.0,0.0,0.0,0.0,0.0,0.0
commit:8,30,1,148.8,178017371403.204,178017371403.204,772.1480121731571,268955741730.81598,8.0,0.0,0.0,0.0,0.0,0.0,0.0
commit:8,31,0,576.0,346272499858.49036,346272499858.49036,1501.9524236787538,1041119000248.3198,8.0,0.0,0.0,0.0,0.0,0.0,0.0
commit:8,31,1,144.0,173136249929.24518,173136249929.24518,750.9762118393769,260279750062.07996,8.0,0.0,0.0,0.0,0.0,0.0,0.0
commit:8,32,0,595.2,359603991103.0422,359603991103.0422,1559.7775919903856,1075822966923.2639,8.0,0.0,0.0,0.0,0.0,0.0,0.0
commit:8,32,1,148.8,179801995551.5211,179801995551.5211,779.8887959951928,268955741730.81598,8.0,0.0,0.0,0.0,0.0,0.0,0.0
commit:8,33,0,576.0,349743881669.57166,349743881669.57166,1517.009496726133,1041119000248.3198,8.0,0.0,0.0,0.0,0.0,0.0,0.0
commit:8,33,1,144.0,174871940834.78583,174871940834.78583,758.5047483630665,260279750062.07996,8.0,0.0,0.0,0.0,0.0,0.0,0.0
commit:8,34,0,595.2,363209021113.8501,363209021113.8501,1575.4143623500888,1075822966923.2639,8.0,0.0,0.0,0.0,0.0,0.0,0.0
commit:8,34,1,148.8,181604510556.92505,181604510556.92505,787.7071811750444,268955741730.81598,8.0,0.0,0.0,0.0,0.0,0.0,0.0
commit:8,35,0,595.2,365025066219.4193,365025066219.4193,1583.291434161839,1075822966923.2639,8.0,0.0,0.0,0.0,0.0,0.0,0.0
commit:8,35,1,148.8,182512533109.70966,182512533109.70966,791.6457170809196,268955741730.81598,8.0,0.0,0.0,0.0,0.0,0.0,0.0
commit:8,36,0,576.0,355016314403.7255,355016314403.7255,1539.878604515466,1041119000248.3198,8.0,0.0,0.0,0.0,0.0,0.0,0.0
commit:8,36,1,144.0,177508157201.86276,177508157201.86276,769.939302257733,260279750062.07996,8.0,0.0,0.0,0.0,0.0,0.0,0.0
commit:9,1,0,595.2,616178562048.0001,616178562048.0001,2672.666426196395,1210300837788.6719,9.0,0.0,0.0,0.0,0.0,0.0,0.0
commit:9,1,1,148.8,308089281024.00006,302575209447.16797,1312.416,302575209447.16797,9.0,5514071576.832092,0.0,24.405319487956668,23.917213098197532,1.0,25.0
commit:9,2,0,576.0,599283343411.2001,599283343411.2001,2599.38363709101,1171258875279.3599,9.0,0.0,0.0,0.0,0.0,0.0,0.0
commit:9,2,1,144.0,299641671705.60004,292814718819.83997,1270.08,292814718819.83997,9.0,6826952885.760071,0.0,30.216141372964223,29.61181854550494,1.0,31.0
commit:9,3,0,595.2,622355752132.5311,622355752132.5311,2699.459907119013,1210300837788.6719,9.0,0.0,0.0,0.0,0.0,0.0,0.0
commit:9,3,1,148.8,311177876066.26556,302575209447.16797,1312.416,302575209447.16797,9.0,8602666619.097595,0.0,38.075462815823,37.31395355950654,1.0,39.0
commit:9,4,0,595.2,625467530893.1937,625467530893.1937,2712.957206654608,1210300837788.6719,9.0,0.0,0.0,0.0,0.0,0.0,0.0
commit:9,4,1,148.8,312733765446.59686,302575209447.16797,1312.416,302575209447.16797,9.0,10158555999.428894,0.0,44.96184012990199,44.06260332730395,1.0,45.0
commit:9,5,0,537.6,567763107075.3055,567763107075.3055,2462.66502565357,1093174950260.7358,9.0,0.0,0.0,0.0,0.0,0.0,0.0
commit:9,5,1,134.4,283881553537.6528,273293737565.18396,1185.408,273293737565.18396,9.0,10587815972.468811,0.0,46.86174778243369,45.92451282678501,1.0,47.0
commit:9,6,0,595.2,631737842890.3978,631737842890.3978,2740.1546026513197,1210300837788.6719,9.0,0.0,0.0,0.0,0.0,0.0,0.0
commit:9,6,1,148.8,315868921445.1989,302575209447.16797,1312.416,302575209447.16797,9.0,13293711998.030945,0.0,58.83806257720389,57.66130132565981,1.0,59.0
commit:9,7,0,576.0,307207999405.5725,307207999405.5725,1332.5106656441499,1171258875279.3599,9.0,0.0,0.0,0.0,0.0,0.0,0.0
commit:9,7,1,144.0,153603999702.78625,153603999702.78625,666.2553328220749,292814718819.83997,9.0,0.0,0.0,0.0,0.0,0.0,0.0
commit:9,8,0,595.2,319035507382.687,319035507382.687,1383.8123262714496,1210300837788.6719,9.0,0.0,0.0,0.0,0.0,0.0,0.0
commit:9,8,1,148.8,159517753691.3435,159517753691.3435,691.9061631357248,302575209447.16797,9.0,0.0,0.0,0.0,0.0,0.0,0.0
commit:9,9,0,576.0,310287759599.61334,310287759599.61334,1345.8690850672324,1171258875279.3599,9.0,0.0,0.0,0.0,0.0,0.0,0.0
commit:9,9,1,144.0,155143879799.80667,155143879799.80667,672.9345425336162,292814718819.83997,9.0,0.0,0.0,0.0,0.0,0.0,0.0
commit:9,10,0,595.2,322233838344.19836,322233838344.19836,1397.6850448423204,1210300837788.6719,9.0,0.0,0.0,0.0,0.0,0.0,0.0
commit:9,10,1,148.8,161116919172.09918,161116919172.09918,698.8425224211602,302575209447.16797,9.0,0.0,0.0,0.0,0.0,0.0,0.0
commit:9,11,0,595.2,323845007535.9194,323845007535.9194,1404.673470066532,1210300837788.6719,9.0,0.0,0.0,0.0,0.0,0.0,0.0
commit:9,11,1,148.8,161922503767.9597,161922503767.9597,702.336735033266,302575209447.16797,9.0,0.0,0.0,0.0,0.0,0.0,0.0
commit:9,12,0,576.0,314965386361.54736,314965386361.54736,1366.158229758256,1171258875279.3599,9.0,0.0,0.0,0.0,0.0,0.0,0.0
commit:9,12,1,144.0,157482693180.77368,157482693180.77368,683.079114879128,292814718819.83997,9.0,0.0,0.0,0.0,0.0,0.0,0.0
commit:9,13,0,595.2,327091553736.46686,327091553736.46686,1418.7553216039487,1210300837788.6719,9.0,0.0,0.0,0.0,0.0,0.0,0.0
commit:9,13,1,148.8,163545776868.23343,163545776868.23343,709.3776608019743,302575209447.16797,9.0,0.0,0.0,0.0,0.0,0.0,0.0
commit:9,14,0,576.0,318122914359.8218,318122914359.8218,1379.853966011582,1171258875279.3599,9.0,0.0,0.0,0.0,0.0,0.0,0.0
commit:9,14,1,144.0,159061457179.9109,159061457179.9109,689.926983005791,292814718819.83997,9.0,0.0,0.0,0.0,0.0,0.0,0.0
commit:9,15,0,595.2,330370646562.67487,330370646562.67487,1432.9783437030278,1210300837788.6719,9.0,0.0,0.0,0.0,0.0,0.0,0.0
commit:9,15,1,148.8,165185323281.33743,165185323281.33743,716.4891718515139,302575209447.16797,9.0,0.0,0.0,0.0,0.0,0.0,0.0
commit:9,16,0,595.2,332022499795.4882,332022499795.4882,1440.1432354215428,1210300837788.6719,9.0,0.0,0.0,0.0,0.0,0.0,0.0
commit:9,16,1,148.8,166011249897.7441,166011249897.7441,720.0716177107714,302575209447.16797,9.0,0.0,0.0,0.0,0.0,0.0,0.0
commit:9,17,0,556.8000000000001,312154701823.855,312154701823.855,1353.966922463254,1132216912770.0479,9.0,0.0,0.0,0.0,0.0,0.0,0.0
commit:9,17,1,139.20000000000002,156077350911.9275,156077350911.9275,676.983461231627,283054228192.51196,9.0,0.0,0.0,0.0,0.0,0.0,0.0
commit:9,18,0,595.2,335351025355.93787,335351025355.93787,1454.5806713566433,1210300837788.6719,9.0,0.0,0.0,0.0,0.0,0.0,0.0
commit:9,18,1,148.8,167675512677.96893,167675512677.96893,727.2903356783216,302575209447.16797,9.0,0.0,0.0,0.0,0.0,0.0,0.0
commit:9,19,0,576.0,326155916596.1783,326155916596.1783,1414.697007787187,1171258875279.3599,9.0,0.0,0.0,0.0,0.0,0.0,0.0
commit:9,19,1,144.0,163077958298.08914,163077958298.08914,707.3485038935935,292814718819.83997,9.0,0.0,0.0,0.0,0.0,0.0,0.0
commit:9,20,0,595.2,338712919385.1311,338712919385.1311,1469.1628425869935,1210300837788.6719,9.0,0.0,0.0,0.0,0.0,0.0,0.0
commit:9,20,1,148.8,169356459692.56555,169356459692.56555,734.5814212934968,302575209447.16797,9.0,0.0,0.0,0.0,0.0,0.0,0.0
commit:9,21,0,576.0,329425629660.0549,329425629660.0549,1428.8793452902532,1171258875279.3599,9.0,0.0,0.0,0.0,0.0,0.0,0.0
commit:9,21,1,144.0,164712814830.02744,164712814830.02744,714.4396726451266,292814718819.83997,9.0,0.0,0.0,0.0,0.0,0.0,0.0
commit:9,22,0,595.2,342108516401.967,342108516401.967,1483.891200083928,1210300837788.6719,9.0,0.0,0.0,0.0,0.0,0.0,0.0
commit:9,22,1,148.8,171054258200.9835,171054258200.9835,741.945600041964,302575209447.16797,9.0,0.0,0.0,0.0,0.0,0.0,0.0
commit:9,23,0,595.2,343819058983.97675,343819058983.97675,1491.310656084347,1210300837788.6719,9.0,0.0,0.0,0.0,0.0,0.0,0.0
commit:9,23,1,148.8,171909529491.98837,171909529491.98837,745.6553280421736,302575209447.16797,9.0,0.0,0.0,0.0,0.0,0.0,0.0
commit:9,24,0,576.0,334391762205.38385,334391762205.38385,1450.4198800304216,1171258875279.3599,9.0,0.0,0.0,0.0,0.0,0.0,0.0
commit:9,24,1,144.0,167195881102.69193,167195881102.69193,725.2099400152108,292814718819.83997,9.0,0.0,0.0,0.0,0.0,0.0,0.0
commit:9,25,0,595.2,347265845050.2911,347265845050.2911,1506.2610454115927,1210300837788.6719,9.0,0.0,0.0,0.0,0.0,0.0,0.0
commit:9,25,1,148.8,173632922525.14554,173632922525.14554,753.1305227057964,302575209447.16797,9.0,0.0,0.0,0.0,0.0,0.0,0.0
commit:9,26,0,576.0,337744039621.4927,337744039621.4927,1464.960339327726,1171258875279.3599,9.0,0.0,0.0,0.0,0.0,0.0,0.0
commit:9,26,1,144.0,168872019810.74634,168872019810.74634,732.480169663863,292814718819.83997,9.0,0.0,0.0,0.0,0.0,0.0,0.0
commit:9,27,0,595.2,350747185146.92017,350747185146.92017,1521.3613123918435,1210300837788.6719,9.0,0.0,0.0,0.0,0.0,0.0,0.0
commit:9,27,1,148.8,175373592573.46008,175373592573.46008,760.6806561959218,302575209447.16797,9.0,0.0,0.0,0.0,0.0,0.0,0.0
commit:9,28,0,595.2,352500921072.6547,352500921072.6547,1528.9681189538026,1210300837788.6719,9.0,0.0,0.0,0.0,0.0,0.0,0.0
commit:9,28,1,148.8,176250460536.32736,176250460536.32736,764.4840594769013,302575209447.16797,9.0,0.0,0.0,0.0,0.0,0.0,0.0
commit:9,29,0,537.6,319979868354.3388,319979868354.3388,1387.9084795922581,1093174950260.7358,9.0,0.0,0.0,0.0,0.0,0.0,0.0
commit:9,29,1,134.4,159989934177.1694,159989934177.1694,693.9542397961291,273293737565.18396,9.0,0.0,0.0,0.0,0.0,0.0,0.0
commit:9,30,0,595.2,356034742806.408,356034742806.408,1544.2960243463142,1210300837788.6719,9.0,0.0,0.0,0.0,0.0,0.0,0.0
commit:9,30,1,148.8,178017371403.204,178017371403.204,772.1480121731571,302575209447.16797,9.0,0.0,0.0,0.0,0.0,0.0,0.0
commit:9,31,0,576.0,346272499858.49036,346272499858.49036,1501.9524236787538,1171258875279.3599,9.0,0.0,0.0,0.0,0.0,0.0,0.0
commit:9,31,1,144.0,173136249929.24518,173136249929.24518,750.9762118393769,292814718819.83997,9.0,0.0,0.0,0.0,0.0,0.0,0.0
commit:9,32,0,595.2,359603991103.0422,359603991103.0422,1559.7775919903856,1210300837788.6719,9.0,0.0,0.0,0.0,0.0,0.0,0.0
commit:9,32,1,148.8,179801995551.5211,179801995551.5211,779.8887959951928,302575209447.16797,9.0,0.0,0.0,0.0,0.0,0.0,0.0
commit:9,33,0,576.0,349743881669.57166,349743881669.57166,1517.009496726133,1171258875279.3599,9.0,0.0,0.0,0.0,0.0,0.0,0.0
commit:9,33,1,144.0,174871940834.78583,174871940834.78583,758.5047483630665,292814718819.83997,9.0,0.0,0.0,0.0,0.0,0.0,0.0
commit:9,34,0,595.2,363209021113.8501,363209021113.8501,1575.4143623500888,1210300837788.6719,9.0,0.0,0.0,0.0,0.0,0.0,0.0
commit:9,34,1,148.8,181604510556.92505,181604510556.92505,787.7071811750444,302575209447.16797,9.0,0.0,0.0,0.0,0.0,0.0,0.0
commit:9,35,0,595.2,365025066219.4193,365025066219.4193,1583.291434161839,1210300837788.6719,9.0,0.0,0.0,0.0,0.0,0.0,0.0
commit:9,35,1,148.8,182512533109.70966,182512533109.70966,791.6457170809196,302575209447.16797,9.0,0.0,0.0,0.0,0.0,0.0,0.0
commit:9,36,0,576.0,355016314403.7255,355016314403.7255,1539.878604515466,1171258875279.3599,9.0,0.0,0.0,0.0,0.0,0.0,0.0
commit:9,36,1,144.0,177508157201.86276,177508157201.86276,769.939302257733,292814718819.83997,9.0,0.0,0.0,0.0,0.0,0.0,0.0
commit:10,1,0,595.2,616178562048.0001,616178562048.0001,2672.666426196395,1344778708654.0798,10.0,0.0,0.0,0.0,0.0,0.0,0.0
commit:10,1,1,148.8,308089281024.00006,308089281024.00006,1336.3332130981976,336194677163.51996,10.0,0.0,0.0,0.0,0.0,0.0,0.0
commit:10,2,0,576.0,599283343411.2001,599283343411.2001,2599.38363709101,1301398750310.4,10.0,0.0,0.0,0.0,0.0,0.0,0.0
commit:10,2,1,144.0,299641671705.60004,299641671705.60004,1299.691818545505,325349687577.6,10.0,0.0,0.0,0.0,0.0,0.0,0.0
commit:10,3,0,595.2,622355752132.5311,622355752132.5311,2699.459907119013,1344778708654.0798,10.0,0.0,0.0,0.0,0.0,0.0,0.0
commit:10,3,1,148.8,311177876066.26556,311177876066.26556,1349.7299535595066,336194677163.51996,10.0,0.0,0.0,0.0,0.0,0.0,0.0
commit:10,4,0,595.2,625467530893.1937,625467530893.1937,2712.957206654608,1344778708654.0798,10.0,0.0,0.0,0.0,0.0,0.0,0.0
commit:10,4,1,148.8,312733765446.59686,312733765446.59686,1356.478603327304,336194677163.51996,10.0,0.0,0.0,0.0,0.0,0.0,0.0
commit:10,5,0,537.6,567763107075.3055,567763107075.3055,2462.66502565357,1214638833623.0398,10.0,0.0,0.0,0.0,0.0,0.0,0.0
commit:10,5,1,134.4,283881553537.6528,283881553537.6528,1231.332512826785,303659708405.75995,10.0,0.0,0.0,0.0,0.0,0.0,0.0
commit:10,6,0,595.2,631737842890.3978,631737842890.3978,2740.1546026513197,1344778708654.0798,10.0,0.0,0.0,0.0,0.0,0.0,0.0
commit:10,6,1,148.8,315868921445.1989,315868921445.1989,1370.0773013256598,336194677163.51996,10.0,0.0,0.0,0.0,0.0,0.0,0.0
commit:10,7,0,576.0,307207999405.5725,307207999405.5725,1332.5106656441499,1301398750310.4,10.0,0.0,0.0,0.0,0.0,0.0,0.0
commit:10,7,1,144.0,153603999702.78625,153603999702.78625,666.2553328220749,325349687577.6,10.0,0.0,0.0,0.0,0.0,0.0,0.0
commit:10,8,0,595.2,319035507382.687,319035507382.687,1383.8123262714496,1344778708654.0798,10.0,0.0,0.0,0.0,0.0,0.0,0.0
commit:10,8,1,148.8,159517753691.3435,159517753691.3435,691.9061631357248,336194677163.51996,10.0,0.0,0.0,0.0,0.0,0.0,0.0
commit:10,9,0,576.0,310287759599.61334,310287759599.61334,1345.8690850672324,1301398750310.4,10.0,0.0,0.0,0.0,0.0,0.0,0.0
commit:10,9,1,144.0,155143879799.80667,155143879799.80667,672.9345425336162,325349687577.6,10.0,0.0,0.0,0.0,0.0,0.0,0.0
commit:10,10,0,595.2,322233838344.19836,322233838344.19836,1397.6850448423204,1344778708654.0798,10.0,0.0,0.0,0.0,0.0,0.0,0.0
commit:10,10,1,148.8,161116919172.09918,161116919172.09918,698.8425224211602,336194677163.51996,10.0,0.0,0.0,0.0,0.0,0.0,0.0
commit:10,11,0,595.2,323845007535.9194,323845007535.9194,1404.673470066532,1344778708654.0798,10.0,0.0,0.0,0.0,0.0,0.0,0.0
commit:10,11,1,148.8,161922503767.9597,161922503767.9597,702.336735033266,336194677163.51996,10.0,0.0,0.0,0.0,0.0,0.0,0.0
commit:10,12,0,576.0,314965386361.54736,314965386361.54736,1366.158229758256,1301398750310.4,10.0,0.0,0.0,0.0,0.0,0.0,0.0
commit:10,12,1,144.0,157482693180.77368,157482693180.77368,683.079114879128,325349687577.6,10.0,0.0,0.0,0.0,0.0,0.0,0.0
commit:10,13,0,595.2,327091553736.46686,327091553736.46686,1418.7553216039487,1344778708654.0798,10.0,0.0,0.0,0.0,0.0,0.0,0.0
commit:10,13,1,148.8,163545776868.23343,163545776868.23343,709.3776608019743,336194677163.51996,10.0,0.0,0.0,0.0,0.0,0.0,0.0
commit:10,14,0,576.0,318122914359.8218,318122914359.8218,1379.853966011582,1301398750310.4,10.0,0.0,0.0,0.0,0.0,0.0,0.0
commit:10,14,1,144.0,159061457179.9109,159061457179.9109,689.926983005791,325349687577.6,10.0,0.0,0.0,0.0,0.0,0.0,0.0
commit:10,15,0,595.2,330370646562.67487,330370646562.67487,1432.9783437030278,1344778708654.0798,10.0,0.0,0.0,0.0,0.0,0.0,0.0
commit:10,15,1,148.8,165185323281.33743,165185323281.33743,716.4891718515139,336194677163.51996,10.0,0.0,0.0,0.0,0.0,0.0,0.0
commit:10,16,0,595.2,332022499795.4882,332022499795.4882,1440.1432354215428,1344778708654.0798,10.0,0.0,0.0,0.0,0.0,0.0,0.0
commit:10,16,1,148.8,166011249897.7441,166011249897.7441,720.0716177107714,336194677163.51996,10.0,0.0,0.0,0.0,0.0,0.0,0.0
commit:10,17,0,556.8000000000001,312154701823.855,312154701823.855,1353.966922463254,1258018791966.72,10.0,0.0,0.0,0.0,0.0,0.0,0.0
commit:10,17,1,139.20000000000002,156077350911.9275,156077350911.9275,676.983461231627,314504697991.68,10.0,0.0,0.0,0.0,0.0,0.0,0.0
commit:10,18,0,595.2,335351025355.93787,335351025355.93787,1454.5806713566433,1344778708654.0798,10.0,0.0,0.0,0.0,0.0,0.0,0.0
commit:10,18,1,148.8,167675512677.96893,167675512677.96893,727.2903356783216,336194677163.51996,10.0,0.0,0.0,0.0,0.0,0.0,0.0
commit:10,19,0,576.0,326155916596.1783,326155916596.1783,1414.697007787187,1301398750310.4,10.0,0.0,0.0,0.0,0.0,0.0,0.0
commit:10,19,1,144.0,163077958298.08914,163077958298.08914,707.3485038935935,325349687577.6,10.0,0.0,0.0,0.0,0.0,0.0,0.0
commit:10,20,0,595.2,338712919385.1311,338712919385.1311,1469.1628425869935,1344778708654.0798,10.0,0.0,0.0,0.0,0.0,0.0,0.0
commit:10,20,1,148.8,169356459692.56555,169356459692.56555,734.5814212934968,336194677163.51996,10.0,0.0,0.0,0.0,0.0,0.0,0.0
commit:10,21,0,576.0,329425629660.0549,329425629660.0549,1428.8793452902532,1301398750310.4,10.0,0.0,0.0,0.0,0.0,0.0,0.0
commit:10,21,1,144.0,164712814830.02744,164712814830.02744,714.4396726451266,325349687577.6,10.0,0.0,0.0,0.0,0.0,0.0,0.0
commit:10,22,0,595.2,342108516401.967,342108516401.967,1483.891200083928,1344778708654.0798,10.0,0.0,0.0,0.0,0.0,0.0,0.0
commit:10,22,1,148.8,171054258200.9835,171054258200.9835,741.945600041964,336194677163.51996,10.0,0.0,0.0,0.0,0.0,0.0,0.0
commit:10,23,0,595.2,343819058983.97675,343819058983.97675,1491.310656084347,1344778708654.0798,10.0,0.0,0.0,0.0,0.0,0.0,0.0
commit:10,23,1,148.8,171909529491.98837,171909529491.98837,745.6553280421736,336194677163.51996,10.0,0.0,0.0,0.0,0.0,0.0,0.0
commit:10,24,0,576.0,334391762205.38385,334391762205.38385,1450.4198800304216,1301398750310.4,10.0,0.0,0.0,0.0,0.0,0.0,0.0
commit:10,24,1,144.0,167195881102.69193,167195881102.69193,725.2099400152108,325349687577.6,10.0,0.0,0.0,0.0,0.0,0.0,0.0
commit:10,25,0,595.2,347265845050.2911,347265845050.2911,1506.2610454115927,1344778708654.0798,10.0,0.0,0.0,0.0,0.0,0.0,0.0
commit:10,25,1,148.8,173632922525.14554,173632922525.14554,753.1305227057964,336194677163.51996,10.0,0.0,0.0,0.0,0.0,0.0,0.0
commit:10,26,0,576.0,337744039621.4927,337744039621.4927,1464.960339327726,1301398750310.4,10.0,0.0,0.0,0.0,0.0,0.0,0.0
commit:10,26,1,144.0,168872019810.74634,168872019810.74634,732.480169663863,325349687577.6,10.0,0.0,0.0,0.0,0.0,0.0,0.0
commit:10,27,0,595.2,350747185146.92017,350747185146.92017,1521.3613123918435,1344778708654.0798,10.0,0.0,0.0,0.0,0.0,0.0,0.0
commit:10,27,1,148.8,175373592573.46008,175373592573.46008,760.6806561959218,336194677163.51996,10.0,0.0,0.0,0.0,0.0,0.0,0.0
commit:10,28,0,595.2,352500921072.6547,352500921072.6547,1528.9681189538026,1344778708654.0798,10.0,0.0,0.0,0.0,0.0,0.0,0.0
commit:10,28,1,148.8,176250460536.32736,176250460536.32736,764.4840594769013,336194677163.51996,10.0,0.0,0.0,0.0,0.0,0.0,0.0
commit:10,29,0,537.6,319979868354.3388,319979868354.3388,1387.9084795922581,1214638833623.0398,10.0,0.0,0.0,0.0,0.0,0.0,0.0
commit:10,29,1,134.4,159989934177.1694,159989934177.1694,693.9542397961291,303659708405.75995,10.0,0.0,0.0,0.0,0.0,0.0,0.0
commit:10,30,0,595.2,356034742806.408,356034742806.408,1544.2960243463142,1344778708654.0798,10.0,0.0,0.0,0.0,0.0,0.0,0.0
commit:10,30,1,148.8,178017371403.204,178017371403.204,772.1480121731571,336194677163.51996,10.0,0.0,0.0,0.0,0.0,0.0,0.0
commit:10,31,0,576.0,346272499858.49036,346272499858.49036,1501.9524236787538,1301398750310.4,10.0,0.0,0.0,0.0,0.0,0.0,0.0
commit:10,31,1,144.0,173136249929.24518,173136249929.24518,750.9762118393769,325349687577.6,10.0,0.0,0.0,0.0,0.0,0.0,0.0
commit:10,32,0,595.2,359603991103.0422,359603991103.0422,1559.7775919903856,1344778708654.0798,10.0,0.0,0.0,0.0,0.0,0.0,0.0
commit:10,32,1,148.8,179801995551.5211,179801995551.5211,779.8887959951928,336194677163.51996,10.0,0.0,0.0,0.0,0.0,0.0,0.0
commit:10,33,0,576.0,349743881669.57166,349743881669.57166,1517.009496726133,1301398750310.4,10.0,0.0,0.0,0.0,0.0,0.0,0.0
commit:10,33,1,144.0,174871940834.78583,174871940834.78583,758.5047483630665,325349687577.6,10.0,0.0,0.0,0.0,0.0,0.0,0.0
commit:10,34,0,595.2,363209021113.8501,363209021113.8501,1575.4143623500888,1344778708654.0798,10.0,0.0,0.0,0.0,0.0,0.0,0.0
commit:10,34,1,148.8,181604510556.92505,181604510556.92505,787.7071811750444,336194677163.51996,10.0,0.0,0.0,0.0,0.0,0.0,0.0
commit:10,35,0,595.2,365025066219.4193,365025066219.4193,1583.291434161839,1344778708654.0798,10.0,0.0,0.0,0.0,0.0,0.0,0.0
commit:10,35,1,148.8,182512533109.70966,182512533109.70966,791.6457170809196,336194677163.51996,10.0,0.0,0.0,0.0,0.0,0.0,0.0
commit:10,36,0,576.0,355016314403.7255,355016314403.7255,1539.878604515466,1301398750310.4,10.0,0.0,0.0,0.0,0.0,0.0,0.0
commit:10,36,1,144.0,177508157201.86276,177508157201.86276,769.939302257733,325349687577.6,10.0,0.0,0.0,0.0,0.0,0.0,0.0
commit:11,1,0,595.2,616178562048.0001,616178562048.0001,2672.666426196395,1479256579519.4878,11.0,0.0,0.0,0.0,0.0,0.0,0.0
commit:11,1,1,148.8,308089281024.00006,308089281024.00006,1336.3332130981976,369814144879.87195,11.0,0.0,0.0,0.0,0.0,0.0,0.0
commit:11,2,0,576.0,599283343411.2001,599283343411.2001,2599.38363709101,1431538625341.4397,11.0,0.0,0.0,0.0,0.0,0.0,0.0
commit:11,2,1,144.0,299641671705.60004,299641671705.60004,1299.691818545505,357884656335.3599,11.0,0.0,0.0,0.0,0.0,0.0,0.0
commit:11,3,0,595.2,622355752132.5311,622355752132.5311,2699.459907119013,1479256579519.4878,11.0,0.0,0.0,0.0,0.0,0.0,0.0
commit:11,3,1,148.8,311177876066.26556,311177876066.26556,1349.7299535595066,369814144879.87195,11.0,0.0,0.0,0.0,0.0,0.0,0.0
commit:11,4,0,595.2,625467530893.1937,625467530893.1937,2712.957206654608,1479256579519.4878,11.0,0.0,0.0,0.0,0.0,0.0,0.0
commit:11,4,1,148.8,312733765446.59686,312733765446.59686,1356.478603327304,369814144879.87195,11.0,0.0,0.0,0.0,0.0,0.0,0.0
commit:11,5,0,537.6,567763107075.3055,567763107075.3055,2462.66502565357,1336102716985.3438,11.0,0.0,0.0,0.0,0.0,0.0,0.0
commit:11,5,1,134.4,283881553537.6528,283881553537.6528,1231.332512826785,334025679246.33594,11.0,0.0,0.0,0.0,0.0,0.0,0.0
commit:11,6,0,595.2,631737842890.3978,631737842890.3978,2740.1546026513197,1479256579519.4878,11.0,0.0,0.0,0.0,0.0,0.0,0.0
commit:11,6,1,148.8,315868921445.1989,315868921445.1989,1370.0773013256598,369814144879.87195,11.0,0.0,0.0,0.0,0.0,0.0,0.0
commit:11,7,0,576.0,307207999405.5725,307207999405.5725,1332.5106656441499,1431538625341.4397,11.0,0.0,0.0,0.0,0.0,0.0,0.0
commit:11,7,1,144.0,153603999702.78625,153603999702.78625,666.2553328220749,357884656335.3599,11.0,0.0,0.0,0.0,0.0,0.0,0.0
commit:11,8,0,595.2,319035507382.687,319035507382.687,1383.8123262714496,1479256579519.4878,11.0,0.0,0.0,0.0,0.0,0.0,0.0
commit:11,8,1,148.8,159517753691.3435,159517753691.3435,691.9061631357248,369814144879.87195,11.0,0.0,0.0,0.0,0.0,0.0,0.0
commit:11,9,0,576.0,310287759599.61334,310287759599.61334,1345.8690850672324,1431538625341.4397,11.0,0.0,0.0,0.0,0.0,0.0,0.0
commit:11,9,1,144.0,155143879799.80667,155143879799.80667,672.9345425336162,357884656335.3599,11.0,0.0,0.0,0.0,0.0,0.0,0.0
commit:11,10,0,595.2,322233838344.19836,322233838344.19836,1397.6850448423204,1479256579519.4878,11.0,0.0,0.0,0.0,0.0,0.0,0.0
commit:11,10,1,148.8,161116919172.09918,161116919172.09918,698.8425224211602,369814144879.87195,11.0,0.0,0.0,0.0,0.0,0.0,0.0
commit:11,11,0,595.2,323845007535.9194,323845007535.9194,1404.673470066532,1479256579519.4878,11.0,0.0,0.0,0.0,0.0,0.0,0.0
commit:11,11,1,148.8,161922503767.9597,161922503767.9597,702.336735033266,369814144879.87195,11.0,0.0,0.0,0.0,0.0,0.0,0.0
commit:11,12,0,576.0,314965386361.54736,314965386361.54736,1366.158229758256,1431538625341.4397,11.0,0.0,0.0,0.0,0.0,0.0,0.0
commit:11,12,1,144.0,157482693180.77368,157482693180.77368,683.079114879128,357884656335.3599,11.0,0.0,0.0,0.0,0.0,0.0,0.0
commit:11,13,0,595.2,327091553736.46686,327091553736.46686,1418.7553216039487,1479256579519.4878,11.0,0.0,0.0,0.0,0.0,0.0,0.0
commit:11,13,1,148.8,163545776868.23343,163545776868.23343,709.3776608019743,369814144879.87195,11.0,0.0,0.0,0.0,0.0,0.0,0.0
commit:11,14,0,576.0,318122914359.8218,318122914359.8218,1379.853966011582,1431538625341.4397,11.0,0.0,0.0,0.0,0.0,0.0,0.0
commit:11,14,1,144.0,159061457179.9109,159061457179.9109,689.926983005791,357884656335.3599,11.0,0.0,0.0,0.0,0.0,0.0,0.0
commit:11,15,0,595.2,330370646562.67487,330370646562.67487,1432.9783437030278,1479256579519.4878,11.0,0.0,0.0,0.0,0.0,0.0,0.0
commit:11,15,1,148.8,165185323281.33743,165185323281.33743,716.4891718515139,369814144879.87195,11.0,0.0,0.0,0.0,0.0,0.0,0.0
commit:11,16,0,595.2,332022499795.4882,332022499795.4882,1440.1432354215428,1479256579519.4878,11.0,0.0,0.0,0.0,0.0,0.0,0.0
commit:11,16,1,148.8,166011249897.7441,166011249897.7441,720.0716177107714,369814144879.87195,11.0,0.0,0.0,0.0,0.0,0.0,0.0
commit:11,17,0,556.8000000000001,312154701823.855,312154701823.855,1353.966922463254,1383820671163.3918,11.0,0.0,0.0,0.0,0.0,0.0,0.0
commit:11,17,1,139.20000000000002,156077350911.9275,156077350911.9275,676.983461231627,345955167790.84796,11.0,0.0,0.0,0.0,0.0,0.0,0.0
commit:11,18,0,595.2,335351025355.93787,335351025355.93787,1454.5806713566433,1479256579519.4878,11.0,0.0,0.0,0.0,0.0,0.0,0.0
commit:11,18,1,148.8,167675512677.96893,167675512677.96893,727.2903356783216,369814144879.87195,11.0,0.0,0.0,0.0,0.0,0.0,0.0
commit:11,19,0,576.0,326155916596.1783,326155916596.1783,1414.697007787187,1431538625341.4397,11.0,0.0,0.0,0.0,0.0,0.0,0.0
commit:11,19,1,144.0,163077958298.08914,163077958298.08914,707.3485038935935,357884656335.3599,11.0,0.0,0.0,0.0,0.0,0.0,0.0
commit:11,20,0,595.2,338712919385.1311,338712919385.1311,1469.1628425869935,1479256579519.4878,11.0,0.0,0.0,0.0,0.0,0.0,0.0
commit:11,20,1,148.8,169356459692.56555,169356459692.56555,734.5814212934968,369814144879.87195,11.0,0.0,0.0,0.0,0.0,0.0,0.0
commit:11,21,0,576.0,329425629660.0549,329425629660.0549,1428.8793452902532,1431538625341.4397,11.0,0.0,0.0,0.0,0.0,0.0,0.0
commit:11,21,1,144.0,164712814830.02744,164712814830.02744,714.4396726451266,357884656335.3599,11.0,0.0,0.0,0.0,0.0,0.0,0.0
commit:11,22,0,595.2,342108516401.967,342108516401.967,1483.891200083928,1479256579519.4878,11.0,0.0,0.0,0.0,0.0,0.0,0.0
commit:11,22,1,148.8,171054258200.9835,171054258200.9835,741.945600041964,369814144879.87195,11.0,0.0,0.0,0.0,0.0,0.0,0.0
commit:11,23,0,595.2,343819058983.97675,343819058983.97675,1491.310656084347,1479256579519.4878,11.0,0.0,0.0,0.0,0.0,0.0,0.0
commit:11,23,1,148.8,171909529491.98837,171909529491.98837,745.6553280421736,369814144879.87195,11.0,0.0,0.0,0.0,0.0,0.0,0.0
commit:11,24,0,576.0,334391762205.38385,334391762205.38385,1450.4198800304216,1431538625341.4397,11.0,0.0,0.0,0.0,0.0,0.0,0.0
commit:11,24,1,144.0,167195881102.69193,167195881102.69193,725.2099400152108,357884656335.3599,11.0,0.0,0.0,0.0,0.0,0.0,0.0
commit:11,25,0,595.2,347265845050.2911,347265845050.2911,1506.2610454115927,1479256579519.4878,11.0,0.0,0.0,0.0,0.0,0.0,0.0
commit:11,25,1,148.8,173632922525.14554,173632922525.14554,753.1305227057964,369814144879.87195,11.0,0.0,0.0,0.0,0.0,0.0,0.0
commit:11,26,0,576.0,337744039621.4927,337744039621.4927,1464.960339327726,1431538625341.4397,11.0,0.0,0.0,0.0,0.0,0.0,0.0
commit:11,26,1,144.0,168872019810.74634,168872019810.74634,732.480169663863,357884656335.3599,11.0,0.0,0.0,0.0,0.0,0.0,0.0
commit:11,27,0,595.2,350747185146.92017,350747185146.92017,1521.3613123918435,1479256579519.4878,11.0,0.0,0.0,0.0,0.0,0.0,0.0
commit:11,27,1,148.8,175373592573.46008,175373592573.46008,760.6806561959218,369814144879.87195,11.0,0.0,0.0,0.0,0.0,0.0,0.0
commit:11,28,0,595.2,352500921072.6547,352500921072.6547,1528.9681189538026,1479256579519.4878,11.0,0.0,0.0,0.0,0.0,0.0,0.0
commit:11,28,1,148.8,176250460536.32736,176250460536.32736,764.4840594769013,369814144879.87195,11.0,0.0,0.0,0.0,0.0,0.0,0.0
commit:11,29,0,537.6,319979868354.3388,319979868354.3388,1387.9084795922581,1336102716985.3438,11.0,0.0,0.0,0.0,0.0,0.0,0.0
commit:11,29,1,134.4,159989934177.1694,159989934177.1694,693.9542397961291,334025679246.33594,11.0,0.0,0.0,0.0,0.0,0.0,0.0
commit:11,30,0,595.2,356034742806.408,356034742806.408,1544.2960243463142,1479256579519.4878,11.0,0.0,0.0,0.0,0.0,0.0,0.0
commit:11,30,1,148.8,178017371403.204,178017371403.204,772.1480121731571,369814144879.87195,11.0,0.0,0.0,0.0,0.0,0.0,0.0
commit:11,31,0,576.0,346272499858.49036,346272499858.49036,1501.9524236787538,1431538625341.4397,11.0,0.0,0.0,0.0,0.0,0.0,0.0
commit:11,31,1,144.0,173136249929.24518,173136249929.24518,750.9762118393769,357884656335.3599,11.0,0.0,0.0,0.0,0.0,0.0,0.0
commit:11,32,0,595.2,359603991103.0422,359603991103.0422,1559.7775919903856,1479256579519.4878,11.0,0.0,0.0,0.0,0.0,0.0,0.0
commit:11,32,1,148.8,179801995551.5211,179801995551.5211,779.8887959951928,369814144879.87195,11.0,0.0,0.0,0.0,0.0,0.0,0.0
commit:11,33,0,576.0,349743881669.57166,349743881669.57166,1517.009496726133,1431538625341.4397,11.0,0.0,0.0,0.0,0.0,0.0,0.0
commit:11,33,1,144.0,174871940834.78583,174871940834.78583,758.5047483630665,357884656335.3599,11.0,0.0,0.0,0.0,0.0,0.0,0.0
commit:11,34,0,595.2,363209021113.8501,363209021113.8501,1575.4143623500888,1479256579519.4878,11.0,0.0,0.0,0.0,0.0,0.0,0.0
commit:11,34,1,148.8,181604510556.92505,181604510556.92505,787.7071811750444,369814144879.87195,11.0,0.0,0.0,0.0,0.0,0.0,0.0
commit:11,35,0,595.2,365025066219.4193,365025066219.4193,1583.291434161839,1479256579519.4878,11.0,0.0,0.0,0.0,0.0,0.0,0.0
commit:11,35,1,148.8,182512533109.70966,182512533109.70966,791.6457170809196,369814144879.87195,11.0,0.0,0.0,0.0,0.0,0.0,0.0
commit:11,36,0,576.0,355016314403.7255,355016314403.7255,1539.878604515466,1431538625341.4397,11.0,0.0,0.0,0.0,0.0,0.0,0.0
commit:11,36,1,144.0,177508157201.86276,177508157201.86276,769.939302257733,357884656335.3599,11.0,0.0,0.0,0.0,0.0,0.0,0.0
commit:12,1,0,595.2,616178562048.0001,616178562048.0001,2672.666426196395,1613734450384.8958,12.0,0.0,0.0,0.0,0.0,0.0,0.0
commit:12,1,1,148.8,308089281024.00006,308089281024.00006,1336.3332130981976,403433612596.22394,12.0,0.0,0.0,0.0,0.0,0.0,0.0
commit:12,2,0,576.0,599283343411.2001,599283343411.2001,2599.38363709101,1561678500372.4797,12.0,0.0,0.0,0.0,0.0,0.0,0.0
commit:12,2,1,144.0,299641671705.60004,299641671705.60004,1299.691818545505,390419625093.11993,12.0,0.0,0.0,0.0,0.0,0.0,0.0
commit:12,3,0,595.2,622355752132.5311,622355752132.5311,2699.459907119013,1613734450384.8958,12.0,0.0,0.0,0.0,0.0,0.0,0.0
commit:12,3,1,148.8,311177876066.26556,311177876066.26556,1349.7299535595066,403433612596.22394,12.0,0.0,0.0,0.0,0.0,0.0,0.0
commit:12,4,0,595.2,625467530893.1937,625467530893.1937,2712.957206654608,1613734450384.8958,12.0,0.0,0.0,0.0,0.0,0.0,0.0
commit:12,4,1,148.8,312733765446.59686,312733765446.59686,1356.478603327304,403433612596.22394,12.0,0.0,0.0,0.0,0.0,0.0,0.0
commit:12,5,0,537.6,567763107075.3055,567763107075.3055,2462.66502565357,1457566600347.6477,12.0,0.0,0.0,0.0,0.0,0.0,0.0
commit:12,5,1,134.4,283881553537.6528,283881553537.6528,1231.332512826785,364391650086.9119,12.0,0.0,0.0,0.0,0.0,0.0,0.0
commit:12,6,0,595.2,631737842890.3978,631737842890.3978,2740.1546026513197,1613734450384.8958,12.0,0.0,0.0,0.0,0.0,0.0,0.0
commit:12,6,1,148.8,315868921445.1989,315868921445.1989,1370.0773013256598,403433612596.22394,12.0,0.0,0.0,0.0,0.0,0.0,0.0
commit:12,7,0,576.0,307207999405.5725,307207999405.5725,1332.5106656441499,1561678500372.4797,12.0,0.0,0.0,0.0,0.0,0.0,0.0
commit:12,7,1,144.0,153603999702.78625,153603999702.78625,666.2553328220749,390419625093.11993,12.0,0.0,0.0,0.0,0.0,0.0,0.0
commit:12,8,0,595.2,319035507382.687,319035507382.687,1383.8123262714496,1613734450384.8958,12.0,0.0,0.0,0.0,0.0,0.0,0.0
commit:12,8,1,148.8,159517753691.3435,159517753691.3435,691.9061631357248,403433612596.22394,12.0,0.0,0.0,0.0,0.0,0.0,0.0
commit:12,9,0,576.0,310287759599.61334,310287759599.61334,1345.8690850672324,1561678500372.4797,12.0,0.0,0.0,0.0,0.0,0.0,0.0
commit:12,9,1,144.0,155143879799.80667,155143879799.80667,672.9345425336162,390419625093.11993,12.0,0.0,0.0,0.0,0.0,0.0,0.0
commit:12,10,0,595.2,322233838344.19836,322233838344.19836,1397.6850448423204,1613734450384.8958,12.0,0.0,0.0,0.0,0.0,0.0,0.0
commit:12,10,1,148.8,161116919172.09918,161116919172.09918,698.8425224211602,403433612596.22394,12.0,0.0,0.0,0.0,0.0,0.0,0.0
commit:12,11,0,595.2,323845007535.9194,323845007535.9194,1404.673470066532,1613734450384.8958,12.0,0.0,0.0,0.0,0.0,0.0,0.0
commit:12,11,1,148.8,161922503767.9597,161922503767.9597,702.336735033266,403433612596.22394,12.0,0.0,0.0,0.0,0.0,0.0,0.0
commit:12,12,0,576.0,314965386361.54736,314965386361.54736,1366.158229758256,1561678500372.4797,12.0,0.0,0.0,0.0,0.0,0.0,0.0
commit:12,12,1,144.0,157482693180.77368,157482693180.77368,683.079114879128,390419625093.11993,12.0,0.0,0.0,0.0,0.0,0.0,0.0
commit:12,13,0,595.2,327091553736.46686,327091553736.46686,1418.7553216039487,1613734450384.8958,12.0,0.0,0.0,0.0,0.0,0.0,0.0
commit:12,13,1,148.8,163545776868.23343,163545776868.23343,709.3776608019743,403433612596.22394,12.0,0.0,0.0,0.0,0.0,0.0,0.0
commit:12,14,0,576.0,318122914359.8218,318122914359.8218,1379.853966011582,1561678500372.4797,12.0,0.0,0.0,0.0,0.0,0.0,0.0
commit:12,14,1,144.0,159061457179.9109,159061457179.9109,689.926983005791,390419625093.11993,12.0,0.0,0.0,0.0,0.0,0.0,0.0
commit:12,15,0,595.2,330370646562.67487,330370646562.67487,1432.9783437030278,1613734450384.8958,12.0,0.0,0.0,0.0,0.0,0.0,0.0
commit:12,15,1,148.8,165185323281.33743,165185323281.33743,716.4891718515139,403433612596.22394,12.0,0.0,0.0,0.0,0.0,0.0,0.0
commit:12,16,0,595.2,332022499795.4882,332022499795.4882,1440.1432354215428,1613734450384.8958,12.0,0.0,0.0,0.0,0.0,0.0,0.0
commit:12,16,1,148.8,166011249897.7441,166011249897.7441,720.0716177107714,403433612596.22394,12.0,0.0,0.0,0.0,0.0,0.0,0.0
commit:12,17,0,556.8000000000001,312154701823.855,312154701823.855,1353.966922463254,1509622550360.064,12.0,0.0,0.0,0.0,0.0,0.0,0.0
commit:12,17,1,139.20000000000002,156077350911.9275,156077350911.9275,676.983461231627,377405637590.016,12.0,0.0,0.0,0.0,0.0,0.0,0.0
commit:12,18,0,595.2,335351025355.93787,335351025355.93787,1454.5806713566433,1613734450384.8958,12.0,0.0,0.0,0.0,0.0,0.0,0.0
commit:12,18,1,148.8,167675512677.96893,167675512677.96893,727.2903356783216,403433612596.22394,12.0,0.0,0.0,0.0,0.0,0.0,0.0
commit:12,19,0,576.0,326155916596.1783,326155916596.1783,1414.697007787187,1561678500372.4797,12.0,0.0,0.0,0.0,0.0,0.0,0.0
commit:12,19,1,144.0,163077958298.08914,163077958298.08914,707.3485038935935,390419625093.11993,12.0,0.0,0.0,0.0,0.0,0.0,0.0
commit:12,20,0,595.2,338712919385.1311,338712919385.1311,1469.1628425869935,1613734450384.8958,12.0,0.0,0.0,0.0,0.0,0.0,0.0
commit:12,20,1,148.8,169356459692.56555,169356459692.56555,734.5814212934968,403433612596.22394,12.0,0.0,0.0,0.0,0.0,0.0,0.0
commit:12,21,0,576.0,329425629660.0549,329425629660.0549,1428.8793452902532,1561678500372.4797,12.0,0.0,0.0,0.0,0.0,0.0,0.0
commit:12,21,1,144.0,164712814830.02744,164712814830.02744,714.4396726451266,390419625093.11993,12.0,0.0,0.0,0.0,0.0,0.0,0.0
commit:12,22,0,595.2,342108516401.967,342108516401.967,1483.891200083928,1613734450384.8958,12.0,0.0,0.0,0.0,0.0,0.0,0.0
commit:12,22,1,148.8,171054258200.9835,171054258200.9835,741.945600041964,403433612596.22394,12.0,0.0,0.0,0.0,0.0,0.0,0.0
commit:12,23,0,595.2,343819058983.97675,343819058983.97675,1491.310656084347,1613734450384.8958,12.0,0.0,0.0,0.0,0.0,0.0,0.0
commit:12,23,1,148.8,171909529491.98837,171909529491.98837,745.6553280421736,403433612596.22394,12.0,0.0,0.0,0.0,0.0,0.0,0.0
commit:12,24,0,576.0,334391762205.38385,334391762205.38385,1450.4198800304216,1561678500372.4797,12.0,0.0,0.0,0.0,0.0,0.0,0.0
commit:12,24,1,144.0,167195881102.69193,167195881102.69193,725.2099400152108,390419625093.11993,12.0,0.0,0.0,0.0,0.0,0.0,0.0
commit:12,25,0,595.2,347265845050.2911,347265845050.2911,1506.2610454115927,1613734450384.8958,12.0,0.0,0.0,0.0,0.0,0.0,0.0
commit:12,25,1,148.8,173632922525.14554,173632922525.14554,753.1305227057964,403433612596.22394,12.0,0.0,0.0,0.0,0.0,0.0,0.0
commit:12,26,0,576.0,337744039621.4927,337744039621.4927,1464.960339327726,1561678500372.4797,12.0,0.0,0.0,0.0,0.0,0.0,0.0
commit:12,26,1,144.0,168872019810.74634,168872019810.74634,732.480169663863,390419625093.11993,12.0,0.0,0.0,0.0,0.0,0.0,0.0
commit:12,27,0,595.2,350747185146.92017,350747185146.92017,1521.3613123918435,1613734450384.8958,12.0,0.0,0.0,0.0,0.0,0.0,0.0
commit:12,27,1,148.8,175373592573.46008,175373592573.46008,760.6806561959218,403433612596.22394,12.0,0.0,0.0,0.0,0.0,0.0,0.0
commit:12,28,0,595.2,352500921072.6547,352500921072.6547,1528.9681189538026,1613734450384.8958,12.0,0.0,0.0,0.0,0.0,0.0,0.0
commit:12,28,1,148.8,176250460536.32736,176250460536.32736,764.4840594769013,403433612596.22394,12.0,0.0,0.0,0.0,0.0,0.0,0.0
commit:12,29,0,537.6,319979868354.3388,319979868354.3388,1387.9084795922581,1457566600347.6477,12.0,0.0,0.0,0.0,0.0,0.0,0.0
commit:12,29,1,134.4,159989934177.1694,159989934177.1694,693.9542397961291,364391650086.9119,12.0,0.0,0.0,0.0,0.0,0.0,0.0
commit:12,30,0,595.2,356034742806.408,356034742806.408,1544.2960243463142,1613734450384.8958,12.0,0.0,0.0,0.0,0.0,0.0,0.0
commit:12,30,1,148.8,178017371403.204,178017371403.204,772.1480121731571,403433612596.22394,12.0,0.0,0.0,0.0,0.0,0.0,0.0
commit:12,31,0,576.0,346272499858.49036,346272499858.49036,1501.9524236787538,1561678500372.4797,12.0,0.0,0.0,0.0,0.0,0.0,0.0
commit:12,31,1,144.0,173136249929.24518,173136249929.24518,750.9762118393769,390419625093.11993,12.0,0.0,0.0,0.0,0.0,0.0,0.0
commit:12,32,0,595.2,359603991103.0422,359603991103.0422,1559.7775919903856,1613734450384.8958,12.0,0.0,0.0,0.0,0.0,0.0,0.0
commit:12,32,1,148.8,179801995551.5211,179801995551.5211,779.8887959951928,403433612596.22394,12.0,0.0,0.0,0.0,0.0,0.0,0.0
commit:12,33,0,576.0,349743881669.57166,349743881669.57166,1517.009496726133,1561678500372.4797,12.0,0.0,0.0,0.0,0.0,0.0,0.0
commit:12,33,1,144.0,174871940834.78583,174871940834.78583,758.5047483630665,390419625093.11993,12.0,0.0,0.0,0.0,0.0,0.0,0.0
commit:12,34,0,595.2,363209021113.8501,363209021113.8501,1575.4143623500888,1613734450384.8958,12.0,0.0,0.0,0.0,0.0,0.0,0.0
commit:12,34,1,148.8,181604510556.92505,181604510556.92505,787.7071811750444,403433612596.22394,12.0,0.0,0.0,0.0,0.0,0.0,0.0
commit:12,35,0,595.2,365025066219.4193,365025066219.4193,1583.291434161839,1613734450384.8958,12.0,0.0,0.0,0.0,0.0,0.0,0.0
commit:12,35,1,148.8,182512533109.70966,182512533109.70966,791.6457170809196,403433612596.22394,12.0,0.0,0.0,0.0,0.0,0.0,0.0
commit:12,36,0,576.0,355016314403.7255,355016314403.7255,1539.878604515466,1561678500372.4797,12.0,0.0,0.0,0.0,0.0,0.0,0.0
commit:12,36,1,144.0,177508157201.86276,177508157201.86276,769.939302257733,390419625093.11993,12.0,0.0,0.0,0.0,0.0,0.0,0.0
commit:13,1,0,595.2,616178562048.0001,616178562048.0001,2672.666426196395,1748212321250.304,13.0,0.0,0.0,0.0,0.0,0.0,0.0
commit:13,1,1,148.8,308089281024.00006,308089281024.00006,1336.3332130981976,437053080312.576,13.0,0.0,0.0,0.0,0.0,0.0,0.0
commit:13,2,0,576.0,599283343411.2001,599283343411.2001,2599.38363709101,1691818375403.5198,13.0,0.0,0.0,0.0,0.0,0.0,0.0
commit:13,2,1,144.0,299641671705.60004,299641671705.60004,1299.691818545505,422954593850.87994,13.0,0.0,0.0,0.0,0.0,0.0,0.0
commit:13,3,0,595.2,622355752132.5311,622355752132.5311,2699.459907119013,1748212321250.304,13.0,0.0,0.0,0.0,0.0,0.0,0.0
commit:13,3,1,148.8,311177876066.26556,311177876066.26556,1349.7299535595066,437053080312.576,13.0,0.0,0.0,0.0,0.0,0.0,0.0
commit:13,4,0,595.2,625467530893.1937,625467530893.1937,2712.957206654608,1748212321250.304,13.0,0.0,0.0,0.0,0.0,0.0,0.0
commit:13,4,1,148.8,312733765446.59686,312733765446.59686,1356.478603327304,437053080312.576,13.0,0.0,0.0,0.0,0.0,0.0,0.0
commit:13,5,0,537.6,567763107075.3055,567763107075.3055,2462.66502565357,1579030483709.952,13.0,0.0,0.0,0.0,0.0,0.0,0.0
commit:13,5,1,134.4,283881553537.6528,283881553537.6528,1231.332512826785,394757620927.488,13.0,0.0,0.0,0.0,0.0,0.0,0.0
commit:13,6,0,595.2,631737842890.3978,631737842890.3978,2740.1546026513197,1748212321250.304,13.0,0.0,0.0,0.0,0.0,0.0,0.0
commit:13,6,1,148.8,315868921445.1989,315868921445.1989,1370.0773013256598,437053080312.576,13.0,0.0,0.0,0.0,0.0,0.0,0.0
commit:13,7,0,576.0,307207999405.5725,307207999405.5725,1332.5106656441499,1691818375403.5198,13.0,0.0,0.0,0.0,0.0,0.0,0.0
commit:13,7,1,144.0,153603999702.78625,153603999702.78625,666.2553328220749,422954593850.87994,13.0,0.0,0.0,0.0,0.0,0.0,0.0
commit:13,8,0,595.2,319035507382.687,319035507382.687,1383.8123262714496,1748212321250.304,13.0,0.0,0.0,0.0,0.0,0.0,0.0
commit:13,8,1,148.8,159517753691.3435,159517753691.3435,691.9061631357248,437053080312.576,13.0,0.0,0.0,0.0,0.0,0.0,0.0
commit:13,9,0,576.0,310287759599.61334,310287759599.61334,1345.8690850672324,1691818375403.5198,13.0,0.0,0.0,0.0,0.0,0.0,0.0
commit:13,9,1,144.0,155143879799.80667,155143879799.80667,672.9345425336162,422954593850.87994,13.0,0.0,0.0,0.0,0.0,0.0,0.0
commit:13,10,0,595.2,322233838344.19836,322233838344.19836,1397.6850448423204,1748212321250.304,13.0,0.0,0.0,0.0,0.0,0.0,0.0
commit:13,10,1,148.8,161116919172.09918,161116919172.09918,698.8425224211602,437053080312.576,13.0,0.0,0.0,0.0,0.0,0.0,0.0
commit:13,11,0,595.2,323845007535.9194,323845007535.9194,1404.673470066532,1748212321250.304,13.0,0.0,0.0,0.0,0.0,0.0,0.0
commit:13,11,1,148.8,161922503767.9597,161922503767.9597,702.336735033266,437053080312.576,13.0,0.0,0.0,0.0,0.0,0.0,0.0
commit:13,12,0,576.0,314965386361.54736,314965386361.54736,1366.158229758256,1691818375403.5198,13.0,0.0,0.0,0.0,0.0,0.0,0.0
commit:13,12,1,144.0,157482693180.77368,157482693180.77368,683.079114879128,422954593850.87994,13.0,0.0,0.0,0.0,0.0,0.0,0.0
commit:13,13,0,595.2,327091553736.46686,327091553736.46686,1418.7553216039487,1748212321250.304,13.0,0.0,0.0,0.0,0.0,0.0,0.0
commit:13,13,1,148.8,163545776868.23343,163545776868.23343,709.3776608019743,437053080312.576,13.0,0.0,0.0,0.0,0.0,0.0,0.0
commit:13,14,0,576.0,318122914359.8218,318122914359.8218,1379.853966011582,1691818375403.5198,13.0,0.0,0.0,0.0,0.0,0.0,0.0
commit:13,14,1,144.0,159061457179.9109,159061457179.9109,689.926983005791,422954593850.87994,13.0,0.0,0.0,0.0,0.0,0.0,0.0
commit:13,15,0,595.2,330370646562.67487,330370646562.67487,1432.9783437030278,1748212321250.304,13.0,0.0,0.0,0.0,0.0,0.0,0.0
commit:13,15,1,148.8,165185323281.33743,165185323281.33743,716.4891718515139,437053080312.576,13.0,0.0,0.0,0.0,0.0,0.0,0.0
commit:13,16,0,595.2,332022499795.4882,332022499795.4882,1440.1432354215428,1748212321250.304,13.0,0.0,0.0,0.0,0.0,0.0,0.0
commit:13,16,1,148.8,166011249897.7441,166011249897.7441,720.0716177107714,437053080312.576,13.0,0.0,0.0,0.0,0.0,0.0,0.0
commit:13,17,0,556.8000000000001,312154701823.855,312154701823.855,1353.966922463254,1635424429556.7358,13.0,0.0,0.0,0.0,0.0,0.0,0.0
commit:13,17,1,139.20000000000002,156077350911.9275,156077350911.9275,676.983461231627,408856107389.18396,13.0,0.0,0.0,0.0,0.0,0.0,0.0
commit:13,18,0,595.2,335351025355.93787,335351025355.93787,1454.5806713566433,1748212321250.304,13.0,0.0,0.0,0.0,0.0,0.0,0.0
commit:13,18,1,148.8,167675512677.96893,167675512677.96893,727.2903356783216,437053080312.576,13.0,0.0,0.0,0.0,0.0,0.0,0.0
commit:13,19,0,576.0,326155916596.1783,326155916596.1783,1414.697007787187,1691818375403.5198,13.0,0.0,0.0,0.0,0.0,0.0,0.0
commit:13,19,1,144.0,163077958298.08914,163077958298.08914,707.3485038935935,422954593850.87994,13.0,0.0,0.0,0.0,0.0,0.0,0.0
commit:13,20,0,595.2,338712919385.1311,338712919385.1311,1469.1628425869935,1748212321250.304,13.0,0.0,0.0,0.0,0.0,0.0,0.0
commit:13,20,1,148.8,169356459692.56555,169356459692.56555,734.5814212934968,437053080312.576,13.0,0.0,0.0,0.0,0.0,0.0,0.0
commit:13,21,0,576.0,329425629660.0549,329425629660.0549,1428.8793452902532,1691818375403.5198,13.0,0.0,0.0,0.0,0.0,0.0,0.0
commit:13,21,1,144.0,164712814830.02744,164712814830.02744,714.4396726451266,422954593850.87994,13.0,0.0,0.0,0.0,0.0,0.0,0.0
commit:13,22,0,595.2,342108516401.967,342108516401.967,1483.891200083928,1748212321250.304,13.0,0.0,0.0,0.0,0.0,0.0,0.0
commit:13,22,1,148.8,171054258200.9835,171054258200.9835,741.945600041964,437053080312.576,13.0,0.0,0.0,0.0,0.0,0.0,0.0
commit:13,23,0,595.2,343819058983.97675,343819058983.97675,1491.310656084347,1748212321250.304,13.0,0.0,0.0,0.0,0.0,0.0,0.0
commit:13,23,1,148.8,171909529491.98837,171909529491.98837,745.6553280421736,437053080312.576,13.0,0.0,0.0,0.0,0.0,0.0,0.0
commit:13,24,0,576.0,334391762205.38385,334391762205.38385,1450.4198800304216,1691818375403.5198,13.0,0.0,0.0,0.0,0.0,0.0,0.0
commit:13,24,1,144.0,167195881102.69193,167195881102.69193,725.2099400152108,422954593850.87994,13.0,0.0,0.0,0.0,0.0,0.0,0.0
commit:13,25,0,595.2,347265845050.2911,347265845050.2911,1506.2610454115927,1748212321250.304,13.0,0.0,0.0,0.0,0.0,0.0,0.0
commit:13,25,1,148.8,173632922525.14554,173632922525.14554,753.1305227057964,437053080312.576,13.0,0.0,0.0,0.0,0.0,0.0,0.0
commit:13,26,0,576.0,337744039621.4927,337744039621.4927,1464.960339327726,1691818375403.5198,13.0,0.0,0.0,0.0,0.0,0.0,0.0
commit:13,26,1,144.0,168872019810.74634,168872019810.74634,732.480169663863,422954593850.87994,13.0,0.0,0.0,0.0,0.0,0.0,0.0
commit:13,27,0,595.2,350747185146.92017,350747185146.92017,1521.3613123918435,1748212321250.304,13.0,0.0,0.0,0.0,0.0,0.0,0.0
commit:13,27,1,148.8,175373592573.46008,175373592573.46008,760.6806561959218,437053080312.576,13.0,0.0,0.0,0.0,0.0,0.0,0.0
commit:13,28,0,595.2,352500921072.6547,352500921072.6547,1528.9681189538026,1748212321250.304,13.0,0.0,0.0,0.0,0.0,0.0,0.0
commit:13,28,1,148.8,176250460536.32736,176250460536.32736,764.4840594769013,437053080312.576,13.0,0.0,0.0,0.0,0.0,0.0,0.0
commit:13,29,0,537.6,319979868354.3388,319979868354.3388,1387.9084795922581,1579030483709.952,13.0,0.0,0.0,0.0,0.0,0.0,0.0
commit:13,29,1,134.4,159989934177.1694,159989934177.1694,693.9542397961291,394757620927.488,13.0,0.0,0.0,0.0,0.0,0.0,0.0
commit:13,30,0,595.2,356034742806.408,356034742806.408,1544.2960243463142,1748212321250.304,13.0,0.0,0.0,0.0,0.0,0.0,0.0
commit:13,30,1,148.8,178017371403.204,178017371403.204,772.1480121731571,437053080312.576,13.0,0.0,0.0,0.0,0.0,0.0,0.0
commit:13,31,0,576.0,346272499858.49036,346272499858.49036,1501.9524236787538,1691818375403.5198,13.0,0.0,0.0,0.0,0.0,0.0,0.0
commit:13,31,1,144.0,173136249929.24518,173136249929.24518,750.9762118393769,422954593850.87994,13.0,0.0,0.0,0.0,0.0,0.0,0.0
commit:13,32,0,595.2,359603991103.0422,359603991103.0422,1559.7775919903856,1748212321250.304,13.0,0.0,0.0,0.0,0.0,0.0,0.0
commit:13,32,1,148.8,179801995551.5211,179801995551.5211,779.8887959951928,437053080312.576,13.0,0.0,0.0,0.0,0.0,0.0,0.0
commit:13,33,0,576.0,349743881669.57166,349743881669.57166,1517.009496726133,1691818375403.5198,13.0,0.0,0.0,0.0,0.0,0.0,0.0
commit:13,33,1,144.0,174871940834.78583,174871940834.78583,758.5047483630665,422954593850.87994,13.0,0.0,0.0,0.0,0.0,0.0,0.0
commit:13,34,0,595.2,363209021113.8501,363209021113.8501,1575.4143623500888,1748212321250.304,13.0,0.0,0.0,0.0,0.0,0.0,0.0
commit:13,34,1,148.8,181604510556.92505,181604510556.92505,787.7071811750444,437053080312.576,13.0,0.0,0.0,0.0,0.0,0.0,0.0
commit:13,35,0,595.2,365025066219.4193,365025066219.4193,1583.291434161839,1748212321250.304,13.0,0.0,0.0,0.0,0.0,0.0,0.0
commit:13,35,1,148.8,182512533109.70966,182512533109.70966,791.6457170809196,437053080312.576,13.0,0.0,0.0,0.0,0.0,0.0,0.0
commit:13,36,0,576.0,355016314403.7255,355016314403.7255,1539.878604515466,1691818375403.5198,13.0,0.0,0.0,0.0,0.0,0.0,0.0
commit:13,36,1,144.0,177508157201.86276,177508157201.86276,769.939302257733,422954593850.87994,13.0,0.0,0.0,0.0,0.0,0.0,0.0
commit:14,1,0,595.2,616178562048.0001,616178562048.0001,2672.666426196395,1882690192115.712,14.0,0.0,0.0,0.0,0.0,0.0,0.0
commit:14,1,1,148.8,308089281024.00006,308089281024.00006,1336.3332130981976,470672548028.928,14.0,0.0,0.0,0.0,0.0,0.0,0.0
commit:14,2,0,576.0,599283343411.2001,599283343411.2001,2599.38363709101,1821958250434.5596,14.0,0.0,0.0,0.0,0.0,0.0,0.0
commit:14,2,1,144.0,299641671705.60004,299641671705.60004,1299.691818545505,455489562608.6399,14.0,0.0,0.0,0.0,0.0,0.0,0.0
commit:14,3,0,595.2,622355752132.5311,622355752132.5311,2699.459907119013,1882690192115.712,14.0,0.0,0.0,0.0,0.0,0.0,0.0
commit:14,3,1,148.8,311177876066.26556,311177876066.26556,1349.7299535595066,470672548028.928,14.0,0.0,0.0,0.0,0.0,0.0,0.0
commit:14,4,0,595.2,625467530893.1937,625467530893.1937,2712.957206654608,1882690192115.712,14.0,0.0,0.0,0.0,0.0,0.0,0.0
commit:14,4,1,148.8,312733765446.59686,312733765446.59686,1356.478603327304,470672548028.928,14.0,0.0,0.0,0.0,0.0,0.0,0.0
commit:14,5,0,537.6,567763107075.3055,567763107075.3055,2462.66502565357,1700494367072.2559,14.0,0.0,0.0,0.0,0.0,0.0,0.0
commit:14,5,1,134.4,283881553537.6528,283881553537.6528,1231.332512826785,425123591768.06396,14.0,0.0,0.0,0.0,0.0,0.0,0.0
commit:14,6,0,595.2,631737842890.3978,631737842890.3978,2740.1546026513197,1882690192115.712,14.0,0.0,0.0,0.0,0.0,0.0,0.0
commit:14,6,1,148.8,315868921445.1989,315868921445.1989,1370.0773013256598,470672548028.928,14.0,0.0,0.0,0.0,0.0,0.0,0.0
commit:14,7,0,576.0,307207999405.5725,307207999405.5725,1332.5106656441499,1821958250434.5596,14.0,0.0,0.0,0.0,0.0,0.0,0.0
commit:14,7,1,144.0,153603999702.78625,153603999702.78625,666.2553328220749,455489562608.6399,14.0,0.0,0.0,0.0,0.0,0.0,0.0
commit:14,8,0,595.2,319035507382.687,319035507382.687,1383.8123262714496,1882690192115.712,14.0,0.0,0.0,0.0,0.0,0.0,0.0
commit:14,8,1,148.8,159517753691.3435,159517753691.3435,691.9061631357248,470672548028.928,14.0,0.0,0.0,0.0,0.0,0.0,0.0
commit:14,9,0,576.0,310287759599.61334,310287759599.61334,1345.8690850672324,1821958250434.5596,14.0,0.0,0.0,0.0,0.0,0.0,0.0
commit:14,9,1,144.0,155143879799.80667,155143879799.80667,672.9345425336162,455489562608.6399,14.0,0.0,0.0,0.0,0.0,0.0,0.0
commit:14,10,0,595.2,322233838344.19836,322233838344.19836,1397.6850448423204,1882690192115.712,14.0,0.0,0.0,0.0,0.0,0.0,0.0
commit:14,10,1,148.8,161116919172.09918,161116919172.09918,698.8425224211602,470672548028.928,14.0,0.0,0.0,0.0,0.0,0.0,0.0
commit:14,11,0,595.2,323845007535.9194,323845007535.9194,1404.673470066532,1882690192115.712,14.0,0.0,0.0,0.0,0.0,0.0,0.0
commit:14,11,1,148.8,161922503767.9597,161922503767.9597,702.336735033266,470672548028.928,14.0,0.0,0.0,0.0,0.0,0.0,0.0
commit:14,12,0,576.0,314965386361.54736,314965386361.54736,1366.158229758256,1821958250434.5596,14.0,0.0,0.0,0.0,0.0,0.0,0.0
commit:14,12,1,144.0,157482693180.77368,157482693180.77368,683.079114879128,455489562608.6399,14.0,0.0,0.0,0.0,0.0,0.0,0.0
commit:14,13,0,595.2,327091553736.46686,327091553736.46686,1418.7553216039487,1882690192115.712,14.0,0.0,0.0,0.0,0.0,0.0,0.0
commit:14,13,1,148.8,163545776868.23343,163545776868.23343,709.3776608019743,470672548028.928,14.0,0.0,0.0,0.0,0.0,0.0,0.0
commit:14,14,0,576.0,318122914359.8218,318122914359.8218,1379.853966011582,1821958250434.5596,14.0,0.0,0.0,0.0,0.0,0.0,0.0
commit:14,14,1,144.0,159061457179.9109,159061457179.9109,689.926983005791,455489562608.6399,14.0,0.0,0.0,0.0,0.0,0.0,0.0
commit:14,15,0,595.2,330370646562.67487,330370646562.67487,1432.9783437030278,1882690192115.712,14.0,0.0,0.0,0.0,0.0,0.0,0.0
commit:14,15,1,148.8,165185323281.33743,165185323281.33743,716.4891718515139,470672548028.928,14.0,0.0,0.0,0.0,0.0,0.0,0.0
commit:14,16,0,595.2,332022499795.4882,332022499795.4882,1440.1432354215428,1882690192115.712,14.0,0.0,0.0,0.0,0.0,0.0,0.0
commit:14,16,1,148.8,166011249897.7441,166011249897.7441,720.0716177107714,470672548028.928,14.0,0.0,0.0,0.0,0.0,0.0,0.0
commit:14,17,0,556.8000000000001,312154701823.855,312154701823.855,1353.966922463254,1761226308753.408,14.0,0.0,0.0,0.0,0.0,0.0,0.0
commit:14,17,1,139.20000000000002,156077350911.9275,156077350911.9275,676.983461231627,440306577188.352,14.0,0.0,0.0,0.0,0.0,0.0,0.0
commit:14,18,0,595.2,335351025355.93787,335351025355.93787,1454.5806713566433,1882690192115.712,14.0,0.0,0.0,0.0,0.0,0.0,0.0
commit:14,18,1,148.8,167675512677.96893,167675512677.96893,727.2903356783216,470672548028.928,14.0,0.0,0.0,0.0,0.0,0.0,0.0
commit:14,19,0,576.0,326155916596.1783,326155916596.1783,1414.697007787187,1821958250434.5596,14.0,0.0,0.0,0.0,0.0,0.0,0.0
commit:14,19,1,144.0,163077958298.08914,163077958298.08914,707.3485038935935,455489562608.6399,14.0,0.0,0.0,0.0,0.0,0.0,0.0
commit:14,20,0,595.2,338712919385.1311,338712919385.1311,1469.1628425869935,1882690192115.712,14.0,0.0,0.0,0.0,0.0,0.0,0.0
commit:14,20,1,148.8,169356459692.56555,169356459692.56555,734.5814212934968,470672548028.928,14.0,0.0,0.0,0.0,0.0,0.0,0.0
commit:14,21,0,576.0,329425629660.0549,329425629660.0549,1428.8793452902532,1821958250434.5596,14.0,0.0,0.0,0.0,0.0,0.0,0.0
commit:14,21,1,144.0,164712814830.02744,164712814830.02744,714.4396726451266,455489562608.6399,14.0,0.0,0.0,0.0,0.0,0.0,0.0
commit:14,22,0,595.2,342108516401.967,342108516401.967,1483.891200083928,1882690192115.712,14.0,0.0,0.0,0.0,0.0,0.0,0.0
commit:14,22,1,148.8,171054258200.9835,171054258200.9835,741.945600041964,470672548028.928,14.0,0.0,0.0,0.0,0.0,0.0,0.0
commit:14,23,0,595.2,343819058983.97675,343819058983.97675,1491.310656084347,1882690192115.712,14.0,0.0,0.0,0.0,0.0,0.0,0.0
commit:14,23,1,148.8,171909529491.98837,171909529491.98837,745.6553280421736,470672548028.928,14.0,0.0,0.0,0.0,0.0,0.0,0.0
commit:14,24,0,576.0,334391762205.38385,334391762205.38385,1450.4198800304216,1821958250434.5596,14.0,0.0,0.0,0.0,0.0,0.0,0.0
commit:14,24,1,144.0,167195881102.69193,167195881102.69193,725.2099400152108,455489562608.6399,14.0,0.0,0.0,0.0,0.0,0.0,0.0
commit:14,25,0,595.2,347265845050.2911,347265845050.2911,1506.2610454115927,1882690192115.712,14.0,0.0,0.0,0.0,0.0,0.0,0.0
commit:14,25,1,148.8,173632922525.14554,173632922525.14554,753.1305227057964,470672548028.928,14.0,0.0,0.0,0.0,0.0,0.0,0.0
commit:14,26,0,576.0,337744039621.4927,337744039621.4927,1464.960339327726,1821958250434.5596,14.0,0.0,0.0,0.0,0.0,0.0,0.0
commit:14,26,1,144.0,168872019810.74634,168872019810.74634,732.480169663863,455489562608.6399,14.0,0.0,0.0,0.0,0.0,0.0,0.0
commit:14,27,0,595.2,350747185146.92017,350747185146.92017,1521.3613123918435,1882690192115.712,14.0,0.0,0.0,0.0,0.0,0.0,0.0
commit:14,27,1,148.8,175373592573.46008,175373592573.46008,760.6806561959218,470672548028.928,14.0,0.0,0.0,0.0,0.0,0.0,0.0
commit:14,28,0,595.2,352500921072.6547,352500921072.6547,1528.9681189538026,1882690192115.712,14.0,0.0,0.0,0.0,0.0,0.0,0.0
commit:14,28,1,148.8,176250460536.32736,176250460536.32736,764.4840594769013,470672548028.928,14.0,0.0,0.0,0.0,0.0,0.0,0.0
commit:14,29,0,537.6,319979868354.3388,319979868354.3388,1387.9084795922581,1700494367072.2559,14.0,0.0,0.0,0.0,0.0,0.0,0.0
commit:14,29,1,134.4,159989934177.1694,159989934177.1694,693.9542397961291,425123591768.06396,14.0,0.0,0.0,0.0,0.0,0.0,0.0
commit:14,30,0,595.2,356034742806.408,356034742806.408,1544.2960243463142,1882690192115.712,14.0,0.0,0.0,0.0,0.0,0.0,0.0
commit:14,30,1,148.8,178017371403.204,178017371403.204,772.1480121731571,470672548028.928,14.0,0.0,0.0,0.0,0.0,0.0,0.0
commit:14,31,0,576.0,346272499858.49036,346272499858.49036,1501.9524236787538,1821958250434.5596,14.0,0.0,0.0,0.0,0.0,0.0,0.0
commit:14,31,1,144.0,173136249929.24518,173136249929.24518,750.9762118393769,455489562608.6399,14.0,0.0,0.0,0.0,0.0,0.0,0.0
commit:14,32,0,595.2,359603991103.0422,359603991103.0422,1559.7775919903856,1882690192115.712,14.0,0.0,0.0,0.0,0.0,0.0,0.0
commit:14,32,1,148.8,179801995551.5211,179801995551.5211,779.8887959951928,470672548028.928,14.0,0.0,0.0,0.0,0.0,0.0,0.0
commit:14,33,0,576.0,349743881669.57166,349743881669.57166,1517.009496726133,1821958250434.5596,14.0,0.0,0.0,0.0,0.0,0.0,0.0
commit:14,33,1,144.0,174871940834.78583,174871940834.78583,758.5047483630665,455489562608.6399,14.0,0.0,0.0,0.0,0.0,0.0,0.0
commit:14,34,0,595.2,363209021113.8501,363209021113.8501,1575.4143623500888,1882690192115.712,14.0,0.0,0.0,0.0,0.0,0.0,0.0
commit:14,34,1,148.8,181604510556.92505,181604510556.92505,787.7071811750444,470672548028.928,14.0,0.0,0.0,0.0,0.0,0.0,0.0
commit:14,35,0,595.2,365025066219.4193,365025066219.4193,1583.291434161839,1882690192115.712,14.0,0.0,0.0,0.0,0.0,0.0,0.0
commit:14,35,1,148.8,182512533109.70966,182512533109.70966,791.6457170809196,470672548028.928,14.0,0.0,0.0,0.0,0.0,0.0,0.0
commit:14,36,0,576.0,355016314403.7255,355016314403.7255,1539.878604515466,1821958250434.5596,14.0,0.0,0.0,0.0,0.0,0.0,0.0
commit:14,36,1,144.0,177508157201.86276,177508157201.86276,769.939302257733,455489562608.6399,14.0,0.0,0.0,0.0,0.0,0.0,0.0
commit:15,1,0,595.2,616178562048.0001,616178562048.0001,2672.666426196395,2017168062981.1199,15.0,0.0,0.0,0.0,0.0,0.0,0.0
commit:15,1,1,148.8,308089281024.00006,308089281024.00006,1336.3332130981976,504292015745.27997,15.0,0.0,0.0,0.0,0.0,0.0,0.0
commit:15,2,0,576.0,599283343411.2001,599283343411.2001,2599.38363709101,1952098125465.5996,15.0,0.0,0.0,0.0,0.0,0.0,0.0
commit:15,2,1,144.0,299641671705.60004,299641671705.60004,1299.691818545505,488024531366.3999,15.0,0.0,0.0,0.0,0.0,0.0,0.0
commit:15,3,0,595.2,622355752132.5311,622355752132.5311,2699.459907119013,2017168062981.1199,15.0,0.0,0.0,0.0,0.0,0.0,0.0
commit:15,3,1,148.8,311177876066.26556,311177876066.26556,1349.7299535595066,504292015745.27997,15.0,0.0,0.0,0.0,0.0,0.0,0.0
commit:15,4,0,595.2,625467530893.1937,625467530893.1937,2712.957206654608,2017168062981.1199,15.0,0.0,0.0,0.0,0.0,0.0,0.0
commit:15,4,1,148.8,312733765446.59686,312733765446.59686,1356.478603327304,504292015745.27997,15.0,0.0,0.0,0.0,0.0,0.0,0.0
commit:15,5,0,537.6,567763107075.3055,567763107075.3055,2462.66502565357,1821958250434.5598,15.0,0.0,0.0,0.0,0.0,0.0,0.0
commit:15,5,1,134.4,283881553537.6528,283881553537.6528,1231.332512826785,455489562608.63995,15.0,0.0,0.0,0.0,0.0,0.0,0.0
commit:15,6,0,595.2,631737842890.3978,631737842890.3978,2740.1546026513197,2017168062981.1199,15.0,0.0,0.0,0.0,0.0,0.0,0.0
commit:15,6,1,148.8,315868921445.1989,315868921445.1989,1370.0773013256598,504292015745.27997,15.0,0.0,0.0,0.0,0.0,0.0,0.0
commit:15,7,0,576.0,307207999405.5725,307207999405.5725,1332.5106656441499,1952098125465.5996,15.0,0.0,0.0,0.0,0.0,0.0,0.0
commit:15,7,1,144.0,153603999702.78625,153603999702.78625,666.2553328220749,488024531366.3999,15.0,0.0,0.0,0.0,0.0,0.0,0.0
commit:15,8,0,595.2,319035507382.687,319035507382.687,1383.8123262714496,2017168062981.1199,15.0,0.0,0.0,0.0,0.0,0.0,0.0
commit:15,8,1,148.8,159517753691.3435,159517753691.3435,691.9061631357248,504292015745.27997,15.0,0.0,0.0,0.0,0.0,0.0,0.0
commit:15,9,0,576.0,310287759599.61334,310287759599.61334,1345.8690850672324,1952098125465.5996,15.0,0.0,0.0,0.0,0.0,0.0,0.0
commit:15,9,1,144.0,155143879799.80667,155143879799.80667,672.9345425336162,488024531366.3999,15.0,0.0,0.0,0.0,0.0,0.0,0.0
commit:15,10,0,595.2,322233838344.19836,322233838344.19836,1397.6850448423204,2017168062981.1199,15.0,0.0,0.0,0.0,0.0,0.0,0.0
commit:15,10,1,148.8,161116919172.09918,161116919172.09918,698.8425224211602,504292015745.27997,15.0,0.0,0.0,0.0,0.0,0.0,0.0
commit:15,11,0,595.2,323845007535.9194,323845007535.9194,1404.673470066532,2017168062981.1199,15.0,0.0,0.0,0.0,0.0,0.0,0.0
commit:15,11,1,148.8,161922503767.9597,161922503767.9597,702.336735033266,504292015745.27997,15.0,0.0,0.0,0.0,0.0,0.0,0.0
commit:15,12,0,576.0,314965386361.54736,314965386361.54736,1366.158229758256,1952098125465.5996,15.0,0.0,0.0,0.0,0.0,0.0,0.0
commit:15,12,1,144.0,157482693180.77368,157482693180.77368,683.079114879128,488024531366.3999,15.0,0.0,0.0,0.0,0.0,0.0,0.0
commit:15,13,0,595.2,327091553736.46686,327091553736.46686,1418.7553216039487,2017168062981.1199,15.0,0.0,0.0,0.0,0.0,0.0,0.0
commit:15,13,1,148.8,163545776868.23343,163545776868.23343,709.3776608019743,504292015745.27997,15.0,0.0,0.0,0.0,0.0,0.0,0.0
commit:15,14,0,576.0,318122914359.8218,318122914359.8218,1379.853966011582,1952098125465.5996,15.0,0.0,0.0,0.0,0.0,0.0,0.0
commit:15,14,1,144.0,159061457179.9109,159061457179.9109,689.926983005791,488024531366.3999,15.0,0.0,0.0,0.0,0.0,0.0,0.0
commit:15,15,0,595.2,330370646562.67487,330370646562.67487,1432.9783437030278,2017168062981.1199,15.0,0.0,0.0,0.0,0.0,0.0,0.0
commit:15,15,1,148.8,165185323281.33743,165185323281.33743,716.4891718515139,504292015745.27997,15.0,0.0,0.0,0.0,0.0,0.0,0.0
commit:15,16,0,595.2,332022499795.4882,332022499795.4882,1440.1432354215428,2017168062981.1199,15.0,0.0,0.0,0.0,0.0,0.0,0.0
commit:15,16,1,148.8,166011249897.7441,166011249897.7441,720.0716177107714,504292015745.27997,15.0,0.0,0.0,0.0,0.0,0.0,0.0
commit:15,17,0,556.8000000000001,312154701823.855,312154701823.855,1353.966922463254,1887028187950.0798,15.0,0.0,0.0,0.0,0.0,0.0,0.0
commit:15,17,1,139.20000000000002,156077350911.9275,156077350911.9275,676.983461231627,471757046987.51996,15.0,0.0,0.0,0.0,0.0,0.0,0.0
commit:15,18,0,595.2,335351025355.93787,335351025355.93787,1454.5806713566433,2017168062981.1199,15.0,0.0,0.0,0.0,0.0,0.0,0.0
commit:15,18,1,148.8,167675512677.96893,167675512677.96893,727.2903356783216,504292015745.27997,15.0,0.0,0.0,0.0,0.0,0.0,0.0
commit:15,19,0,576.0,326155916596.1783,326155916596.1783,1414.697007787187,1952098125465.5996,15.0,0.0,0.0,0.0,0.0,0.0,0.0
commit:15,19,1,144.0,163077958298.08914,163077958298.08914,707.3485038935935,488024531366.3999,15.0,0.0,0.0,0.0,0.0,0.0,0.0
commit:15,20,0,595.2,338712919385.1311,338712919385.1311,1469.1628425869935,2017168062981.1199,15.0,0.0,0.0,0.0,0.0,0.0,0.0
commit:15,20,1,148.8,169356459692.56555,169356459692.56555,734.5814212934968,504292015745.27997,15.0,0.0,0.0,0.0,0.0,0.0,0.0
commit:15,21,0,576.0,329425629660.0549,329425629660.0549,1428.8793452902532,1952098125465.5996,15.0,0.0,0.0,0.0,0.0,0.0,0.0
commit:15,21,1,144.0,164712814830.02744,164712814830.02744,714.4396726451266,488024531366.3999,15.0,0.0,0.0,0.0,0.0,0.0,0.0
commit:15,22,0,595.2,342108516401.967,342108516401.967,1483.891200083928,2017168062981.1199,15.0,0.0,0.0,0.0,0.0,0.0,0.0
commit:15,22,1,148.8,171054258200.9835,171054258200.9835,741.945600041964,504292015745.27997,15.0,0.0,0.0,0.0,0.0,0.0,0.0
commit:15,23,0,595.2,343819058983.97675,343819058983.97675,1491.310656084347,2017168062981.1199,15.0,0.0,0.0,0.0,0.0,0.0,0.0
commit:15,23,1,148.8,171909529491.98837,171909529491.98837,745.6553280421736,504292015745.27997,15.0,0.0,0.0,0.0,0.0,0.0,0.0
commit:15,24,0,576.0,334391762205.38385,334391762205.38385,1450.4198800304216,1952098125465.5996,15.0,0.0,0.0,0.0,0.0,0.0,0.0
commit:15,24,1,144.0,167195881102.69193,167195881102.69193,725.2099400152108,488024531366.3999,15.0,0.0,0.0,0.0,0.0,0.0,0.0
commit:15,25,0,595.2,347265845050.2911,347265845050.2911,1506.2610454115927,2017168062981.1199,15.0,0.0,0.0,0.0,0.0,0.0,0.0
commit:15,25,1,148.8,173632922525.14554,173632922525.14554,753.1305227057964,504292015745.27997,15.0,0.0,0.0,0.0,0.0,0.0,0.0
commit:15,26,0,576.0,337744039621.4927,337744039621.4927,1464.960339327726,1952098125465.5996,15.0,0.0,0.0,0.0,0.0,0.0,0.0
commit:15,26,1,144.0,168872019810.74634,168872019810.74634,732.480169663863,488024531366.3999,15.0,0.0,0.0,0.0,0.0,0.0,0.0
commit:15,27,0,595.2,350747185146.92017,350747185146.92017,1521.3613123918435,2017168062981.1199,15.0,0.0,0.0,0.0,0.0,0.0,0.0
commit:15,27,1,148.8,175373592573.46008,175373592573.46008,760.6806561959218,504292015745.27997,15.0,0.0,0.0,0.0,0.0,0.0,0.0
commit:15,28,0,595.2,352500921072.6547,352500921072.6547,1528.9681189538026,2017168062981.1199,15.0,0.0,0.0,0.0,0.0,0.0,0.0
commit:15,28,1,148.8,176250460536.32736,176250460536.32736,764.4840594769013,504292015745.27997,15.0,0.0,0.0,0.0,0.0,0.0,0.0
commit:15,29,0,537.6,319979868354.3388,319979868354.3388,1387.9084795922581,1821958250434.5598,15.0,0.0,0.0,0.0,0.0,0.0,0.0
commit:15,29,1,134.4,159989934177.1694,159989934177.1694,693.9542397961291,455489562608.63995,15.0,0.0,0.0,0.0,0.0,0.0,0.0
commit:15,30,0,595.2,356034742806.408,356034742806.408,1544.2960243463142,2017168062981.1199,15.0,0.0,0.0,0.0,0.0,0.0,0.0
commit:15,30,1,148.8,178017371403.204,178017371403.204,772.1480121731571,504292015745.27997,15.0,0.0,0.0,0.0,0.0,0.0,0.0
commit:15,31,0,576.0,346272499858.49036,346272499858.49036,1501.9524236787538,1952098125465.5996,15.0,0.0,0.0,0.0,0.0,0.0,0.0
commit:15,31,1,144.0,173136249929.24518,173136249929.24518,750.9762118393769,488024531366.3999,15.0,0.0,0.0,0.0,0.0,0.0,0.0
commit:15,32,0,595.2,359603991103.0422,359603991103.0422,1559.7775919903856,2017168062981.1199,15.0,0.0,0.0,0.0,0.0,0.0,0.0
commit:15,32,1,148.8,179801995551.5211,179801995551.5211,779.8887959951928,504292015745.27997,15.0,0.0,0.0,0.0,0.0,0.0,0.0
commit:15,33,0,576.0,349743881669.57166,349743881669.57166,1517.009496726133,1952098125465.5996,15.0,0.0,0.0,0.0,0.0,0.0,0.0
commit:15,33,1,144.0,174871940834.78583,174871940834.78583,758.5047483630665,488024531366.3999,15.0,0.0,0.0,0.0,0.0,0.0,0.0
commit:15,34,0,595.2,363209021113.8501,363209021113.8501,1575.4143623500888,2017168062981.1199,15.0,0.0,0.0,0.0,0.0,0.0,0.0
commit:15,34,1,148.8,181604510556.92505,181604510556.92505,787.7071811750444,504292015745.27997,15.0,0.0,0.0,0.0,0.0,0.0,0.0
commit:15,35,0,595.2,365025066219.4193,365025066219.4193,1583.291434161839,2017168062981.1199,15.0,0.0,0.0,0.0,0.0,0.0,0.0
commit:15,35,1,148.8,182512533109.70966,182512533109.70966,791.6457170809196,504292015745.27997,15.0,0.0,0.0,0.0,0.0,0.0,0.0
commit:15,36,0,576.0,355016314403.7255,355016314403.7255,1539.878604515466,1952098125465.5996,15.0,0.0,0.0,0.0,0.0,0.0,0.0
commit:15,36,1,144.0,177508157201.86276,177508157201.86276,769.939302257733,488024531366.3999,15.0,0.0,0.0,0.0,0.0,0.0,0.0
commit:16,1,0,595.2,616178562048.0001,616178562048.0001,2672.666426196395,2151645933846.5278,16.0,0.0,0.0,0.0,0.0,0.0,0.0
commit:16,1,1,148.8,308089281024.00006,308089281024.00006,1336.3332130981976,537911483461.63196,16.0,0.0,0.0,0.0,0.0,0.0,0.0
commit:16,2,0,576.0,599283343411.2001,599283343411.2001,2599.38363709101,2082238000496.6396,16.0,0.0,0.0,0.0,0.0,0.0,0.0
commit:16,2,1,144.0,299641671705.60004,299641671705.60004,1299.691818545505,520559500124.1599,16.0,0.0,0.0,0.0,0.0,0.0,0.0
commit:16,3,0,595.2,622355752132.5311,622355752132.5311,2699.459907119013,2151645933846.5278,16.0,0.0,0.0,0.0,0.0,0.0,0.0
commit:16,3,1,148.8,311177876066.26556,311177876066.26556,1349.7299535595066,537911483461.63196,16.0,0.0,0.0,0.0,0.0,0.0,0.0
commit:16,4,0,595.2,625467530893.1937,625467530893.1937,2712.957206654608,2151645933846.5278,16.0,0.0,0.0,0.0,0.0,0.0,0.0
commit:16,4,1,148.8,312733765446.59686,312733765446.59686,1356.478603327304,537911483461.63196,16.0,0.0,0.0,0.0,0.0,0.0,0.0
commit:16,5,0,537.6,567763107075.3055,567763107075.3055,2462.66502565357,1943422133796.8638,16.0,0.0,0.0,0.0,0.0,0.0,0.0
commit:16,5,1,134.4,283881553537.6528,283881553537.6528,1231.332512826785,485855533449.21594,16.0,0.0,0.0,0.0,0.0,0.0,0.0
commit:16,6,0,595.2,631737842890.3978,631737842890.3978,2740.1546026513197,2151645933846.5278,16.0,0.0,0.0,0.0,0.0,0.0,0.0
commit:16,6,1,148.8,315868921445.1989,315868921445.1989,1370.0773013256598,537911483461.63196,16.0,0.0,0.0,0.0,0.0,0.0,0.0
commit:16,7,0,576.0,307207999405.5725,307207999405.5725,1332.5106656441499,2082238000496.6396,16.0,0.0,0.0,0.0,0.0,0.0,0.0
commit:16,7,1,144.0,153603999702.78625,153603999702.78625,666.2553328220749,520559500124.1599,16.0,0.0,0.0,0.0,0.0,0.0,0.0
commit:16,8,0,595.2,319035507382.687,319035507382.687,1383.8123262714496,2151645933846.5278,16.0,0.0,0.0,0.0,0.0,0.0,0.0
commit:16,8,1,148.8,159517753691.3435,159517753691.3435,691.9061631357248,537911483461.63196,16.0,0.0,0.0,0.0,0.0,0.0,0.0
commit:16,9,0,576.0,310287759599.61334,310287759599.61334,1345.8690850672324,2082238000496.6396,16.0,0.0,0.0,0.0,0.0,0.0,0.0
commit:16,9,1,144.0,155143879799.80667,155143879799.80667,672.9345425336162,520559500124.1599,16.0,0.0,0.0,0.0,0.0,0.0,0.0
commit:16,10,0,595.2,322233838344.19836,322233838344.19836,1397.6850448423204,2151645933846.5278,16.0,0.0,0.0,0.0,0.0,0.0,0.0
commit:16,10,1,148.8,161116919172.09918,161116919172.09918,698.8425224211602,537911483461.63196,16.0,0.0,0.0,0.0,0.0,0.0,0.0
commit:16,11,0,595.2,323845007535.9194,323845007535.9194,1404.673470066532,2151645933846.5278,16.0,0.0,0.0,0.0,0.0,0.0,0.0
commit:16,11,1,148.8,161922503767.9597,161922503767.9597,702.336735033266,537911483461.63196,16.0,0.0,0.0,0.0,0.0,0.0,0.0
commit:16,12,0,576.0,314965386361.54736,314965386361.54736,1366.158229758256,2082238000496.6396,16.0,0.0,0.0,0.0,0.0,0.0,0.0
commit:16,12,1,144.0,157482693180.77368,157482693180.77368,683.079114879128,520559500124.1599,16.0,0.0,0.0,0.0,0.0,0.0,0.0
commit:16,13,0,595.2,327091553736.46686,327091553736.46686,1418.7553216039487,2151645933846.5278,16.0,0.0,0.0,0.0,0.0,0.0,0.0
commit:16,13,1,148.8,163545776868.23343,163545776868.23343,709.3776608019743,537911483461.63196,16.0,0.0,0.0,0.0,0.0,0.0,0.0
commit:16,14,0,576.0,318122914359.8218,318122914359.8218,1379.853966011582,2082238000496.6396,16.0,0.0,0.0,0.0,0.0,0.0,0.0
commit:16,14,1,144.0,159061457179.9109,159061457179.9109,689.926983005791,520559500124.1599,16.0,0.0,0.0,0.0,0.0,0.0,0.0
commit:16,15,0,595.2,330370646562.67487,330370646562.67487,1432.9783437030278,2151645933846.5278,16.0,0.0,0.0,0.0,0.0,0.0,0.0
commit:16,15,1,148.8,165185323281.33743,165185323281.33743,716.4891718515139,537911483461.63196,16.0,0.0,0.0,0.0,0.0,0.0,0.0
commit:16,16,0,595.2,332022499795.4882,332022499795.4882,1440.1432354215428,2151645933846.5278,16.0,0.0,0.0,0.0,0.0,0.0,0.0
commit:16,16,1,148.8,166011249897.7441,166011249897.7441,720.0716177107714,537911483461.63196,16.0,0.0,0.0,0.0,0.0,0.0,0.0
commit:16,17,0,556.8000000000001,312154701823.855,312154701823.855,1353.966922463254,2012830067146.752,16.0,0.0,0.0,0.0,0.0,0.0,0.0
commit:16,17,1,139.20000000000002,156077350911.9275,156077350911.9275,676.983461231627,503207516786.688,16.0,0.0,0.0,0.0,0.0,0.0,0.0
commit:16,18,0,595.2,335351025355.93787,335351025355.93787,1454.5806713566433,2151645933846.5278,16.0,0.0,0.0,0.0,0.0,0.0,0.0
commit:16,18,1,148.8,167675512677.96893,167675512677.96893,727.2903356783216,537911483461.63196,16.0,0.0,0.0,0.0,0.0,0.0,0.0
commit:16,19,0,576.0,326155916596.1783,326155916596.1783,1414.697007787187,2082238000496.6396,16.0,0.0,0.0,0.0,0.0,0.0,0.0
commit:16,19,1,144.0,163077958298.08914,163077958298.08914,707.3485038935935,520559500124.1599,16.0,0.0,0.0,0.0,0.0,0.0,0.0
commit:16,20,0,595.2,338712919385.1311,338712919385.1311,1469.1628425869935,2151645933846.5278,16.0,0.0,0.0,0.0,0.0,0.0,0.0
commit:16,20,1,148.8,169356459692.56555,169356459692.56555,734.5814212934968,537911483461.63196,16.0,0.0,0.0,0.0,0.0,0.0,0.0
commit:16,21,0,576.0,329425629660.0549,329425629660.0549,1428.8793452902532,2082238000496.6396,16.0,0.0,0.0,0.0,0.0,0.0,0.0
commit:16,21,1,144.0,164712814830.02744,164712814830.02744,714.4396726451266,520559500124.1599,16.0,0.0,0.0,0.0,0.0,0.0,0.0
commit:16,22,0,595.2,342108516401.967,342108516401.967,1483.891200083928,2151645933846.5278,16.0,0.0,0.0,0.0,0.0,0.0,0.0
commit:16,22,1,148.8,171054258200.9835,171054258200.9835,741.945600041964,537911483461.63196,16.0,0.0,0.0,0.0,0.0,0.0,0.0
commit:16,23,0,595.2,343819058983.97675,343819058983.97675,1491.310656084347,2151645933846.5278,16.0,0.0,0.0,0.0,0.0,0.0,0.0
commit:16,23,1,148.8,171909529491.98837,171909529491.98837,745.6553280421736,537911483461.63196,16.0,0.0,0.0,0.0,0.0,0.0,0.0
commit:16,24,0,576.0,334391762205.38385,334391762205.38385,1450.4198800304216,2082238000496.6396,16.0,0.0,0.0,0.0,0.0,0.0,0.0
commit:16,24,1,144.0,167195881102.69193,167195881102.69193,725.2099400152108,520559500124.1599,16.0,0.0,0.0,0.0,0.0,0.0,0.0
commit:16,25,0,595.2,347265845050.2911,347265845050.2911,1506.2610454115927,2151645933846.5278,16.0,0.0,0.0,0.0,0.0,0.0,0.0
commit:16,25,1,148.8,173632922525.14554,173632922525.14554,753.1305227057964,537911483461.63196,16.0,0.0,0.0,0.0,0.0,0.0,0.0
commit:16,26,0,576.0,337744039621.4927,337744039621.4927,1464.960339327726,2082238000496.6396,16.0,0.0,0.0,0.0,0.0,0.0,0.0
commit:16,26,1,144.0,168872019810.74634,168872019810.74634,732.480169663863,520559500124.1599,16.0,0.0,0.0,0.0,0.0,0.0,0.0
commit:16,27,0,595.2,350747185146.92017,350747185146.92017,1521.3613123918435,2151645933846.5278,16.0,0.0,0.0,0.0,0.0,0.0,0.0
commit:16,27,1,148.8,175373592573.46008,175373592573.46008,760.6806561959218,537911483461.63196,16.0,0.0,0.0,0.0,0.0,0.0,0.0
commit:16,28,0,595.2,352500921072.6547,352500921072.6547,1528.9681189538026,2151645933846.5278,16.0,0.0,0.0,0.0,0.0,0.0,0.0
commit:16,28,1,148.8,176250460536.32736,176250460536.32736,764.4840594769013,537911483461.63196,16.0,0.0,0.0,0.0,0.0,0.0,0.0
commit:16,29,0,537.6,319979868354.3388,319979868354.3388,1387.9084795922581,1943422133796.8638,16.0,0.0,0.0,0.0,0.0,0.0,0.0
commit:16,29,1,134.4,159989934177.1694,159989934177.1694,693.9542397961291,485855533449.21594,16.0,0.0,0.0,0.0,0.0,0.0,0.0
commit:16,30,0,595.2,356034742806.408,356034742806.408,1544.2960243463142,2151645933846.5278,16.0,0.0,0.0,0.0,0.0,0.0,0.0
commit:16,30,1,148.8,178017371403.204,178017371403.204,772.1480121731571,537911483461.63196,16.0,0.0,0.0,0.0,0.0,0.0,0.0
commit:16,31,0,576.0,346272499858.49036,346272499858.49036,1501.9524236787538,2082238000496.6396,16.0,0.0,0.0,0.0,0.0,0.0,0.0
commit:16,31,1,144.0,173136249929.24518,173136249929.24518,750.9762118393769,520559500124.1599,16.0,0.0,0.0,0.0,0.0,0.0,0.0
commit:16,32,0,595.2,359603991103.0422,359603991103.0422,1559.7775919903856,2151645933846.5278,16.0,0.0,0.0,0.0,0.0,0.0,0.0
commit:16,32,1,148.8,179801995551.5211,179801995551.5211,779.8887959951928,537911483461.63196,16.0,0.0,0.0,0.0,0.0,0.0,0.0
commit:16,33,0,576.0,349743881669.57166,349743881669.57166,1517.009496726133,2082238000496.6396,16.0,0.0,0.0,0.0,0.0,0.0,0.0
commit:16,33,1,144.0,174871940834.78583,174871940834.78583,758.5047483630665,520559500124.1599,16.0,0.0,0.0,0.0,0.0,0.0,0.0
commit:16,34,0,595.2,363209021113.8501,363209021113.8501,1575.4143623500888,2151645933846.5278,16.0,0.0,0.0,0.0,0.0,0.0,0.0
commit:16,34,1,148.8,181604510556.92505,181604510556.92505,787.7071811750444,537911483461.63196,16.0,0.0,0.0,0.0,0.0,0.0,0.0
commit:16,35,0,595.2,365025066219.4193,365025066219.4193,1583.291434161839,2151645933846.5278,16.0,0.0,0.0,0.0,0.0,0.0,0.0
commit:16,35,1,148.8,182512533109.70966,182512533109.70966,791.6457170809196,537911483461.63196,16.0,0.0,0.0,0.0,0.0,0.0,0.0
commit:16,36,0,576.0,355016314403.7255,355016314403.7255,1539.878604515466,2082238000496.6396,16.0,0.0,0.0,0.0,0.0,0.0,0.0
commit:16,36,1,144.0,177508157201.86276,177508157201.86276,769.939302257733,520559500124.1599,16.0,0.0,0.0,0.0,0.0,0.0,0.0
commit:17,1,0,595.2,616178562048.0001,616178562048.0001,2672.666426196395,2286123804711.9355,17.0,0.0,0.0,0.0,0.0,0.0,0.0
commit:17,1,1,148.8,308089281024.00006,308089281024.00006,1336.3332130981976,571530951177.9839,17.0,0.0,0.0,0.0,0.0,0.0,0.0
commit:17,2,0,576.0,599283343411.2001,599283343411.2001,2599.38363709101,2212377875527.6797,17.0,0.0,0.0,0.0,0.0,0.0,0.0
commit:17,2,1,144.0,299641671705.60004,299641671705.60004,1299.691818545505,553094468881.9199,17.0,0.0,0.0,0.0,0.0,0.0,0.0
commit:17,3,0,595.2,622355752132.5311,622355752132.5311,2699.459907119013,2286123804711.9355,17.0,0.0,0.0,0.0,0.0,0.0,0.0
commit:17,3,1,148.8,311177876066.26556,311177876066.26556,1349.7299535595066,571530951177.9839,17.0,0.0,0.0,0.0,0.0,0.0,0.0
commit:17,4,0,595.2,625467530893.1937,625467530893.1937,2712.957206654608,2286123804711.9355,17.0,0.0,0.0,0.0,0.0,0.0,0.0
commit:17,4,1,148.8,312733765446.59686,312733765446.59686,1356.478603327304,571530951177.9839,17.0,0.0,0.0,0.0,0.0,0.0,0.0
commit:17,5,0,537.6,567763107075.3055,567763107075.3055,2462.66502565357,2064886017159.1677,17.0,0.0,0.0,0.0,0.0,0.0,0.0
commit:17,5,1,134.4,283881553537.6528,283881553537.6528,1231.332512826785,516221504289.79193,17.0,0.0,0.0,0.0,0.0,0.0,0.0
commit:17,6,0,595.2,631737842890.3978,631737842890.3978,2740.1546026513197,2286123804711.9355,17.0,0.0,0.0,0.0,0.0,0.0,0.0
commit:17,6,1,148.8,315868921445.1989,315868921445.1989,1370.0773013256598,571530951177.9839,17.0,0.0,0.0,0.0,0.0,0.0,0.0
commit:17,7,0,576.0,307207999405.5725,307207999405.5725,1332.5106656441499,2212377875527.6797,17.0,0.0,0.0,0.0,0.0,0.0,0.0
commit:17,7,1,144.0,153603999702.78625,153603999702.78625,666.2553328220749,553094468881.9199,17.0,0.0,0.0,0.0,0.0,0.0,0.0
commit:17,8,0,595.2,319035507382.687,319035507382.687,1383.8123262714496,2286123804711.9355,17.0,0.0,0.0,0.0,0.0,0.0,0.0
commit:17,8,1,148.8,159517753691.3435,159517753691.3435,691.9061631357248,571530951177.9839,17.0,0.0,0.0,0.0,0.0,0.0,0.0
commit:17,9,0,576.0,310287759599.61334,310287759599.61334,1345.8690850672324,2212377875527.6797,17.0,0.0,0.0,0.0,0.0,0.0,0.0
commit:17,9,1,144.0,155143879799.80667,155143879799.80667,672.9345425336162,553094468881.9199,17.0,0.0,0.0,0.0,0.0,0.0,0.0
commit:17,10,0,595.2,322233838344.19836,322233838344.19836,1397.6850448423204,2286123804711.9355,17.0,0.0,0.0,0.0,0.0,0.0,0.0
commit:17,10,1,148.8,161116919172.09918,161116919172.09918,698.8425224211602,571530951177.9839,17.0,0.0,0.0,0.0,0.0,0.0,0.0
commit:17,11,0,595.2,323845007535.9194,323845007535.9194,1404.673470066532,2286123804711.9355,17.0,0.0,0.0,0.0,0.0,0.0,0.0
commit:17,11,1,148.8,161922503767.9597,161922503767.9597,702.336735033266,571530951177.9839,17.0,0.0,0.0,0.0,0.0,0.0,0.0
commit:17,12,0,576.0,314965386361.54736,314965386361.54736,1366.158229758256,2212377875527.6797,17.0,0.0,0.0,0.0,0.0,0.0,0.0
commit:17,12,1,144.0,157482693180.77368,157482693180.77368,683.079114879128,553094468881.9199,17.0,0.0,0.0,0.0,0.0,0.0,0.0
commit:17,13,0,595.2,327091553736.46686,327091553736.46686,1418.7553216039487,2286123804711.9355,17.0,0.0,0.0,0.0,0.0,0.0,0.0
commit:17,13,1,148.8,163545776868.23343,163545776868.23343,709.3776608019743,571530951177.9839,17.0,0.0,0.0,0.0,0.0,0.0,0.0
commit:17,14,0,576.0,318122914359.8218,318122914359.8218,1379.853966011582,2212377875527.6797,17.0,0.0,0.0,0.0,0.0,0.0,0.0
commit:17,14,1,144.0,159061457179.9109,159061457179.9109,689.926983005791,553094468881.9199,17.0,0.0,0.0,0.0,0.0,0.0,0.0
commit:17,15,0,595.2,330370646562.67487,330370646562.67487,1432.9783437030278,2286123804711.9355,17.0,0.0,0.0,0.0,0.0,0.0,0.0
commit:17,15,1,148.8,165185323281.33743,165185323281.33743,716.4891718515139,571530951177.9839,17.0,0.0,0.0,0.0,0.0,0.0,0.0
commit:17,16,0,595.2,332022499795.4882,332022499795.4882,1440.1432354215428,2286123804711.9355,17.0,0.0,0.0,0.0,0.0,0.0,0.0
commit:17,16,1,148.8,166011249897.7441,166011249897.7441,720.0716177107714,571530951177.9839,17.0,0.0,0.0,0.0,0.0,0.0,0.0
commit:17,17,0,556.8000000000001,312154701823.855,312154701823.855,1353.966922463254,2138631946343.4238,17.0,0.0,0.0,0.0,0.0,0.0,0.0
commit:17,17,1,139.20000000000002,156077350911.9275,156077350911.9275,676.983461231627,534657986585.85596,17.0,0.0,0.0,0.0,0.0,0.0,0.0
commit:17,18,0,595.2,335351025355.93787,335351025355.93787,1454.5806713566433,2286123804711.9355,17.0,0.0,0.0,0.0,0.0,0.0,0.0
commit:17,18,1,148.8,167675512677.96893,167675512677.96893,727.2903356783216,571530951177.9839,17.0,0.0,0.0,0.0,0.0,0.0,0.0
commit:17,19,0,576.0,326155916596.1783,326155916596.1783,1414.697007787187,2212377875527.6797,17.0,0.0,0.0,0.0,0.0,0.0,0.0
commit:17,19,1,144.0,163077958298.08914,163077958298.08914,707.3485038935935,553094468881.9199,17.0,0.0,0.0,0.0,0.0,0.0,0.0
commit:17,20,0,595.2,338712919385.1311,338712919385.1311,1469.1628425869935,2286123804711.9355,17.0,0.0,0.0,0.0,0.0,0.0,0.0
commit:17,20,1,148.8,169356459692.56555,169356459692.56555,734.5814212934968,571530951177.9839,17.0,0.0,0.0,0.0,0.0,0.0,0.0
commit:17,21,0,576.0,329425629660.0549,329425629660.0549,1428.8793452902532,2212377875527.6797,17.0,0.0,0.0,0.0,0.0,0.0,0.0
commit:17,21,1,144.0,164712814830.02744,164712814830.02744,714.4396726451266,553094468881.9199,17.0,0.0,0.0,0.0,0.0,0.0,0.0
commit:17,22,0,595.2,342108516401.967,342108516401.967,1483.891200083928,2286123804711.9355,17.0,0.0,0.0,0.0,0.0,0.0,0.0
commit:17,22,1,148.8,171054258200.9835,171054258200.9835,741.945600041964,571530951177.9839,17.0,0.0,0.0,0.0,0.0,0.0,0.0
commit:17,23,0,595.2,343819058983.97675,343819058983.97675,1491.310656084347,2286123804711.9355,17.0,0.0,0.0,0.0,0.0,0.0,0.0
commit:17,23,1,148.8,171909529491.98837,171909529491.98837,745.6553280421736,571530951177.9839,17.0,0.0,0.0,0.0,0.0,0.0,0.0
commit:17,24,0,576.0,334391762205.38385,334391762205.38385,1450.4198800304216,2212377875527.6797,17.0,0.0,0.0,0.0,0.0,0.0,0.0
commit:17,24,1,144.0,167195881102.69193,167195881102.69193,725.2099400152108,553094468881.9199,17.0,0.0,0.0,0.0,0.0,0.0,0.0
commit:17,25,0,595.2,347265845050.2911,347265845050.2911,1506.2610454115927,2286123804711.9355,17.0,0.0,0.0,0.0,0.0,0.0,0.0
commit:17,25,1,148.8,173632922525.14554,173632922525.14554,753.1305227057964,571530951177.9839,17.0,0.0,0.0,0.0,0.0,0.0,0.0
commit:17,26,0,576.0,337744039621.4927,337744039621.4927,1464.960339327726,2212377875527.6797,17.0,0.0,0.0,0.0,0.0,0.0,0.0
commit:17,26,1,144.0,168872019810.74634,168872019810.74634,732.480169663863,553094468881.9199,17.0,0.0,0.0,0.0,0.0,0.0,0.0
commit:17,27,0,595.2,350747185146.92017,350747185146.92017,1521.3613123918435,2286123804711.9355,17.0,0.0,0.0,0.0,0.0,0.0,0.0
commit:17,27,1,148.8,175373592573.46008,175373592573.46008,760.6806561959218,571530951177.9839,17.0,0.0,0.0,0.0,0.0,0.0,0.0
commit:17,28,0,595.2,352500921072.6547,352500921072.6547,1528.9681189538026,2286123804711.9355,17.0,0.0,0.0,0.0,0.0,0.0,0.0
commit:17,28,1,148.8,176250460536.32736,176250460536.32736,764.4840594769013,571530951177.9839,17.0,0.0,0.0,0.0,0.0,0.0,0.0
commit:17,29,0,537.6,319979868354.3388,319979868354.3388,1387.9084795922581,2064886017159.1677,17.0,0.0,0.0,0.0,0.0,0.0,0.0
commit:17,29,1,134.4,159989934177.1694,159989934177.1694,693.9542397961291,516221504289.79193,17.0,0.0,0.0,0.0,0.0,0.0,0.0
commit:17,30,0,595.2,356034742806.408,356034742806.408,1544.2960243463142,2286123804711.9355,17.0,0.0,0.0,0.0,0.0,0.0,0.0
commit:17,30,1,148.8,178017371403.204,178017371403.204,772.1480121731571,571530951177.9839,17.0,0.0,0.0,0.0,0.0,0.0,0.0
commit:17,31,0,576.0,346272499858.49036,346272499858.49036,1501.9524236787538,2212377875527.6797,17.0,0.0,0.0,0.0,0.0,0.0,0.0
commit:17,31,1,144.0,173136249929.24518,173136249929.24518,750.9762118393769,553094468881.9199,17.0,0.0,0.0,0.0,0.0,0.0,0.0
commit:17,32,0,595.2,359603991103.0422,359603991103.0422,1559.7775919903856,2286123804711.9355,17.0,0.0,0.0,0.0,0.0,0.0,0.0
commit:17,32,1,148.8,179801995551.5211,179801995551.5211,779.8887959951928,571530951177.9839,17.0,0.0,0.0,0.0,0.0,0.0,0.0
commit:17,33,0,576.0,349743881669.57166,349743881669.57166,1517.009496726133,2212377875527.6797,17.0,0.0,0.0,0.0,0.0,0.0,0.0
commit:17,33,1,144.0,174871940834.78583,174871940834.78583,758.5047483630665,553094468881.9199,17.0,0.0,0.0,0.0,0.0,0.0,0.0
commit:17,34,0,595.2,363209021113.8501,363209021113.8501,1575.4143623500888,2286123804711.9355,17.0,0.0,0.0,0.0,0.0,0.0,0.0
commit:17,34,1,148.8,181604510556.92505,181604510556.92505,787.7071811750444,571530951177.9839,17.0,0.0,0.0,0.0,0.0,0.0,0.0
commit:17,35,0,595.2,365025066219.4193,365025066219.4193,1583.291434161839,2286123804711.9355,17.0,0.0,0.0,0.0,0.0,0.0,0.0
commit:17,35,1,148.8,182512533109.70966,182512533109.70966,791.6457170809196,571530951177.9839,17.0,0.0,0.0,0.0,0.0,0.0,0.0
commit:17,36,0,576.0,355016314403.7255,355016314403.7255,1539.878604515466,2212377875527.6797,17.0,0.0,0.0,0.0,0.0,0.0,0.0
commit:17,36,1,144.0,177508157201.86276,177508157201.86276,769.939302257733,553094468881.9199,17.0,0.0,0.0,0.0,0.0,0.0,0.0
commit:18,1,0,595.2,616178562048.0001,616178562048.0001,2672.666426196395,2420601675577.3438,18.0,0.0,0.0,0.0,0.0,0.0,0.0
commit:18,1,1,148.8,308089281024.00006,308089281024.00006,1336.3332130981976,605150418894.3359,18.0,0.0,0.0,0.0,0.0,0.0,0.0
commit:18,2,0,576.0,599283343411.2001,599283343411.2001,2599.38363709101,2342517750558.7197,18.0,0.0,0.0,0.0,0.0,0.0,0.0
commit:18,2,1,144.0,299641671705.60004,299641671705.60004,1299.691818545505,585629437639.6799,18.0,0.0,0.0,0.0,0.0,0.0,0.0
commit:18,3,0,595.2,622355752132.5311,622355752132.5311,2699.459907119013,2420601675577.3438,18.0,0.0,0.0,0.0,0.0,0.0,0.0
commit:18,3,1,148.8,311177876066.26556,311177876066.26556,1349.7299535595066,605150418894.3359,18.0,0.0,0.0,0.0,0.0,0.0,0.0
commit:18,4,0,595.2,625467530893.1937,625467530893.1937,2712.957206654608,2420601675577.3438,18.0,0.0,0.0,0.0,0.0,0.0,0.0
commit:18,4,1,148.8,312733765446.59686,312733765446.59686,1356.478603327304,605150418894.3359,18.0,0.0,0.0,0.0,0.0,0.0,0.0
commit:18,5,0,537.6,567763107075.3055,567763107075.3055,2462.66502565357,2186349900521.4717,18.0,0.0,0.0,0.0,0.0,0.0,0.0
commit:18,5,1,134.4,283881553537.6528,283881553537.6528,1231.332512826785,546587475130.3679,18.0,0.0,0.0,0.0,0.0,0.0,0.0
commit:18,6,0,595.2,631737842890.3978,631737842890.3978,2740.1546026513197,2420601675577.3438,18.0,0.0,0.0,0.0,0.0,0.0,0.0
commit:18,6,1,148.8,315868921445.1989,315868921445.1989,1370.0773013256598,605150418894.3359,18.0,0.0,0.0,0.0,0.0,0.0,0.0
commit:18,7,0,576.0,307207999405.5725,307207999405.5725,1332.5106656441499,2342517750558.7197,18.0,0.0,0.0,0.0,0.0,0.0,0.0
commit:18,7,1,144.0,153603999702.78625,153603999702.78625,666.2553328220749,585629437639.6799,18.0,0.0,0.0,0.0,0.0,0.0,0.0
commit:18,8,0,595.2,319035507382.687,319035507382.687,1383.8123262714496,2420601675577.3438,18.0,0.0,0.0,0.0,0.0,0.0,0.0
commit:18,8,1,148.8,159517753691.3435,159517753691.3435,691.9061631357248,605150418894.3359,18.0,0.0,0.0,0.0,0.0,0.0,0.0
commit:18,9,0,576.0,310287759599.61334,310287759599.61334,1345.8690850672324,2342517750558.7197,18.0,0.0,0.0,0.0,0.0,0.0,0.0
commit:18,9,1,144.0,155143879799.80667,155143879799.80667,672.9345425336162,585629437639.6799,18.0,0.0,0.0,0.0,0.0,0.0,0.0
commit:18,10,0,595.2,322233838344.19836,322233838344.19836,1397.6850448423204,2420601675577.3438,18.0,0.0,0.0,0.0,0.0,0.0,0.0
commit:18,10,1,148.8,161116919172.09918,161116919172.09918,698.8425224211602,605150418894.3359,18.0,0.0,0.0,0.0,0.0,0.0,0.0
commit:18,11,0,595.2,323845007535.9194,323845007535.9194,1404.673470066532,2420601675577.3438,18.0,0.0,0.0,0.0,0.0,0.0,0.0
commit:18,11,1,148.8,161922503767.9597,161922503767.9597,702.336735033266,605150418894.3359,18.0,0.0,0.0,0.0,0.0,0.0,0.0
commit:18,12,0,576.0,314965386361.54736,314965386361.54736,1366.158229758256,2342517750558.7197,18.0,0.0,0.0,0.0,0.0,0.0,0.0
commit:18,12,1,144.0,157482693180.77368,157482693180.77368,683.079114879128,585629437639.6799,18.0,0.0,0.0,0.0,0.0,0.0,0.0
commit:18,13,0,595.2,327091553736.46686,327091553736.46686,1418.7553216039487,2420601675577.3438,18.0,0.0,0.0,0.0,0.0,0.0,0.0
commit:18,13,1,148.8,163545776868.23343,163545776868.23343,709.3776608019743,605150418894.3359,18.0,0.0,0.0,0.0,0.0,0.0,0.0
commit:18,14,0,576.0,318122914359.8218,318122914359.8218,1379.853966011582,2342517750558.7197,18.0,0.0,0.0,0.0,0.0,0.0,0.0
commit:18,14,1,144.0,159061457179.9109,159061457179.9109,689.926983005791,585629437639.6799,18.0,0.0,0.0,0.0,0.0,0.0,0.0
commit:18,15,0,595.2,330370646562.67487,330370646562.67487,1432.9783437030278,2420601675577.3438,18.0,0.0,0.0,0.0,0.0,0.0,0.0
commit:18,15,1,148.8,165185323281.33743,165185323281.33743,716.4891718515139,605150418894.3359,18.0,0.0,0.0,0.0,0.0,0.0,0.0
commit:18,16,0,595.2,332022499795.4882,332022499795.4882,1440.1432354215428,2420601675577.3438,18.0,0.0,0.0,0.0,0.0,0.0,0.0
commit:18,16,1,148.8,166011249897.7441,166011249897.7441,720.0716177107714,605150418894.3359,18.0,0.0,0.0,0.0,0.0,0.0,0.0
commit:18,17,0,556.8000000000001,312154701823.855,312154701823.855,1353.966922463254,2264433825540.0957,18.0,0.0,0.0,0.0,0.0,0.0,0.0
commit:18,17,1,139.20000000000002,156077350911.9275,156077350911.9275,676.983461231627,566108456385.0239,18.0,0.0,0.0,0.0,0.0,0.0,0.0
commit:18,18,0,595.2,335351025355.93787,335351025355.93787,1454.5806713566433,2420601675577.3438,18.0,0.0,0.0,0.0,0.0,0.0,0.0
commit:18,18,1,148.8,167675512677.96893,167675512677.96893,727.2903356783216,605150418894.3359,18.0,0.0,0.0,0.0,0.0,0.0,0.0
commit:18,19,0,576.0,326155916596.1783,326155916596.1783,1414.697007787187,2342517750558.7197,18.0,0.0,0.0,0.0,0.0,0.0,0.0
commit:18,19,1,144.0,163077958298.08914,163077958298.08914,707.3485038935935,585629437639.6799,18.0,0.0,0.0,0.0,0.0,0.0,0.0
commit:18,20,0,595.2,338712919385.1311,338712919385.1311,1469.1628425869935,2420601675577.3438,18.0,0.0,0.0,0.0,0.0,0.0,0.0
commit:18,20,1,148.8,169356459692.56555,169356459692.56555,734.5814212934968,605150418894.3359,18.0,0.0,0.0,0.0,0.0,0.0,0.0
commit:18,21,0,576.0,329425629660.0549,329425629660.0549,1428.8793452902532,2342517750558.7197,18.0,0.0,0.0,0.0,0.0,0.0,0.0
commit:18,21,1,144.0,164712814830.02744,164712814830.02744,714.4396726451266,585629437639.6799,18.0,0.0,0.0,0.0,0.0,0.0,0.0
commit:18,22,0,595.2,342108516401.967,342108516401.967,1483.891200083928,2420601675577.3438,18.0,0.0,0.0,0.0,0.0,0.0,0.0
commit:18,22,1,148.8,171054258200.9835,171054258200.9835,741.945600041964,605150418894.3359,18.0,0.0,0.0,0.0,0.0,0.0,0.0
commit:18,23,0,595.2,343819058983.97675,343819058983.97675,1491.310656084347,2420601675577.3438,18.0,0.0,0.0,0.0,0.0,0.0,0.0
commit:18,23,1,148.8,171909529491.98837,171909529491.98837,745.6553280421736,605150418894.3359,18.0,0.0,0.0,0.0,0.0,0.0,0.0
commit:18,24,0,576.0,334391762205.38385,334391762205.38385,1450.4198800304216,2342517750558.7197,18.0,0.0,0.0,0.0,0.0,0.0,0.0
commit:18,24,1,144.0,167195881102.69193,167195881102.69193,725.2099400152108,585629437639.6799,18.0,0.0,0.0,0.0,0.0,0.0,0.0
commit:18,25,0,595.2,347265845050.2911,347265845050.2911,1506.2610454115927,2420601675577.3438,18.0,0.0,0.0,0.0,0.0,0.0,0.0
commit:18,25,1,148.8,173632922525.14554,173632922525.14554,753.1305227057964,605150418894.3359,18.0,0.0,0.0,0.0,0.0,0.0,0.0
commit:18,26,0,576.0,337744039621.4927,337744039621.4927,1464.960339327726,2342517750558.7197,18.0,0.0,0.0,0.0,0.0,0.0,0.0
commit:18,26,1,144.0,168872019810.74634,168872019810.74634,732.480169663863,585629437639.6799,18.0,0.0,0.0,0.0,0.0,0.0,0.0
commit:18,27,0,595.2,350747185146.92017,350747185146.92017,1521.3613123918435,2420601675577.3438,18.0,0.0,0.0,0.0,0.0,0.0,0.0
commit:18,27,1,148.8,175373592573.46008,175373592573.46008,760.6806561959218,605150418894.3359,18.0,0.0,0.0,0.0,0.0,0.0,0.0
commit:18,28,0,595.2,352500921072.6547,352500921072.6547,1528.9681189538026,2420601675577.3438,18.0,0.0,0.0,0.0,0.0,0.0,0.0
commit:18,28,1,148.8,176250460536.32736,176250460536.32736,764.4840594769013,605150418894.3359,18.0,0.0,0.0,0.0,0.0,0.0,0.0
commit:18,29,0,537.6,319979868354.3388,319979868354.3388,1387.9084795922581,2186349900521.4717,18.0,0.0,0.0,0.0,0.0,0.0,0.0
commit:18,29,1,134.4,159989934177.1694,159989934177.1694,693.9542397961291,546587475130.3679,18.0,0.0,0.0,0.0,0.0,0.0,0.0
commit:18,30,0,595.2,356034742806.408,356034742806.408,1544.2960243463142,2420601675577.3438,18.0,0.0,0.0,0.0,0.0,0.0,0.0
commit:18,30,1,148.8,178017371403.204,178017371403.204,772.1480121731571,605150418894.3359,18.0,0.0,0.0,0.0,0.0,0.0,0.0
commit:18,31,0,576.0,346272499858.49036,346272499858.49036,1501.9524236787538,2342517750558.7197,18.0,0.0,0.0,0.0,0.0,0.0,0.0
commit:18,31,1,144.0,173136249929.24518,173136249929.24518,750.9762118393769,585629437639.6799,18.0,0.0,0.0,0.0,0.0,0.0,0.0
commit:18,32,0,595.2,359603991103.0422,359603991103.0422,1559.7775919903856,2420601675577.3438,18.0,0.0,0.0,0.0,0.0,0.0,0.0
commit:18,32,1,148.8,179801995551.5211,179801995551.5211,779.8887959951928,605150418894.3359,18.0,0.0,0.0,0.0,0.0,0.0,0.0
commit:18,33,0,576.0,349743881669.57166,349743881669.57166,1517.009496726133,2342517750558.7197,18.0,0.0,0.0,0.0,0.0,0.0,0.0
commit:18,33,1,144.0,174871940834.78583,174871940834.78583,758.5047483630665,585629437639.6799,18.0,0.0,0.0,0.0,0.0,0.0,0.0
commit:18,34,0,595.2,363209021113.8501,363209021113.8501,1575.4143623500888,2420601675577.3438,18.0,0.0,0.0,0.0,0.0,0.0,0.0
commit:18,34,1,148.8,181604510556.92505,181604510556.92505,787.7071811750444,605150418894.3359,18.0,0.0,0.0,0.0,0.0,0.0,0.0
commit:18,35,0,595.2,365025066219.4193,365025066219.4193,1583.291434161839,2420601675577.3438,18.0,0.0,0.0,0.0,0.0,0.0,0.0
commit:18,35,1,148.8,182512533109.70966,182512533109.70966,791.6457170809196,605150418894.3359,18.0,0.0,0.0,0.0,0.0,0.0,0.0
commit:18,36,0,576.0,355016314403.7255,355016314403.7255,1539.878604515466,2342517750558.7197,18.0,0.0,0.0,0.0,0.0,0.0,0.0
commit:18,36,1,144.0,177508157201.86276,177508157201.86276,769.939302257733,585629437639.6799,18.0,0.0,0.0,0.0,0.0,0.0,0.0
commit:19,1,0,595.2,616178562048.0001,616178562048.0001,2672.666426196395,2555079546442.752,19.0,0.0,0.0,0.0,0.0,0.0,0.0
commit:19,1,1,148.8,308089281024.00006,308089281024.00006,1336.3332130981976,638769886610.688,19.0,0.0,0.0,0.0,0.0,0.0,0.0
commit:19,2,0,576.0,599283343411.2001,599283343411.2001,2599.38363709101,2472657625589.76,19.0,0.0,0.0,0.0,0.0,0.0,0.0
commit:19,2,1,144.0,299641671705.60004,299641671705.60004,1299.691818545505,618164406397.44,19.0,0.0,0.0,0.0,0.0,0.0,0.0
commit:19,3,0,595.2,622355752132.5311,622355752132.5311,2699.459907119013,2555079546442.752,19.0,0.0,0.0,0.0,0.0,0.0,0.0
commit:19,3,1,148.8,311177876066.26556,311177876066.26556,1349.7299535595066,638769886610.688,19.0,0.0,0.0,0.0,0.0,0.0,0.0
commit:19,4,0,595.2,625467530893.1937,625467530893.1937,2712.957206654608,2555079546442.752,19.0,0.0,0.0,0.0,0.0,0.0,0.0
commit:19,4,1,148.8,312733765446.59686,312733765446.59686,1356.478603327304,638769886610.688,19.0,0.0,0.0,0.0,0.0,0.0,0.0
commit:19,5,0,537.6,567763107075.3055,567763107075.3055,2462.66502565357,2307813783883.776,19.0,0.0,0.0,0.0,0.0,0.0,0.0
commit:19,5,1,134.4,283881553537.6528,283881553537.6528,1231.332512826785,576953445970.944,19.0,0.0,0.0,0.0,0.0,0.0,0.0
commit:19,6,0,595.2,631737842890.3978,631737842890.3978,2740.1546026513197,2555079546442.752,19.0,0.0,0.0,0.0,0.0,0.0,0.0
commit:19,6,1,148.8,315868921445.1989,315868921445.1989,1370.0773013256598,638769886610.688,19.0,0.0,0.0,0.0,0.0,0.0,0.0
commit:19,7,0,576.0,307207999405.5725,307207999405.5725,1332.5106656441499,2472657625589.76,19.0,0.0,0.0,0.0,0.0,0.0,0.0
commit:19,7,1,144.0,153603999702.78625,153603999702.78625,666.2553328220749,618164406397.44,19.0,0.0,0.0,0.0,0.0,0.0,0.0
commit:19,8,0,595.2,319035507382.687,319035507382.687,1383.8123262714496,2555079546442.752,19.0,0.0,0.0,0.0,0.0,0.0,0.0
commit:19,8,1,148.8,159517753691.3435,159517753691.3435,691.9061631357248,638769886610.688,19.0,0.0,0.0,0.0,0.0,0.0,0.0
commit:19,9,0,576.0,310287759599.61334,310287759599.61334,1345.8690850672324,2472657625589.76,19.0,0.0,0.0,0.0,0.0,0.0,0.0
commit:19,9,1,144.0,155143879799.80667,155143879799.80667,672.9345425336162,618164406397.44,19.0,0.0,0.0,0.0,0.0,0.0,0.0
commit:19,10,0,595.2,322233838344.19836,322233838344.19836,1397.6850448423204,2555079546442.752,19.0,0.0,0.0,0.0,0.0,0.0,0.0
commit:19,10,1,148.8,161116919172.09918,161116919172.09918,698.8425224211602,638769886610.688,19.0,0.0,0.0,0.0,0.0,0.0,0.0
commit:19,11,0,595.2,323845007535.9194,323845007535.9194,1404.673470066532,2555079546442.752,19.0,0.0,0.0,0.0,0.0,0.0,0.0
commit:19,11,1,148.8,161922503767.9597,161922503767.9597,702.336735033266,638769886610.688,19.0,0.0,0.0,0.0,0.0,0.0,0.0
commit:19,12,0,576.0,314965386361.54736,314965386361.54736,1366.158229758256,2472657625589.76,19.0,0.0,0.0,0.0,0.0,0.0,0.0
commit:19,12,1,144.0,157482693180.77368,157482693180.77368,683.079114879128,618164406397.44,19.0,0.0,0.0,0.0,0.0,0.0,0.0
commit:19,13,0,595.2,327091553736.46686,327091553736.46686,1418.7553216039487,2555079546442.752,19.0,0.0,0.0,0.0,0.0,0.0,0.0
commit:19,13,1,148.8,163545776868.23343,163545776868.23343,709.3776608019743,638769886610.688,19.0,0.0,0.0,0.0,0.0,0.0,0.0
commit:19,14,0,576.0,318122914359.8218,318122914359.8218,1379.853966011582,2472657625589.76,19.0,0.0,0.0,0.0,0.0,0.0,0.0
commit:19,14,1,144.0,159061457179.9109,159061457179.9109,689.926983005791,618164406397.44,19.0,0.0,0.0,0.0,0.0,0.0,0.0
commit:19,15,0,595.2,330370646562.67487,330370646562.67487,1432.9783437030278,2555079546442.752,19.0,0.0,0.0,0.0,0.0,0.0,0.0
commit:19,15,1,148.8,165185323281.33743,165185323281.33743,716.4891718515139,638769886610.688,19.0,0.0,0.0,0.0,0.0,0.0,0.0
commit:19,16,0,595.2,332022499795.4882,332022499795.4882,1440.1432354215428,2555079546442.752,19.0,0.0,0.0,0.0,0.0,0.0,0.0
commit:19,16,1,148.8,166011249897.7441,166011249897.7441,720.0716177107714,638769886610.688,19.0,0.0,0.0,0.0,0.0,0.0,0.0
commit:19,17,0,556.8000000000001,312154701823.855,312154701823.855,1353.966922463254,2390235704736.768,19.0,0.0,0.0,0.0,0.0,0.0,0.0
commit:19,17,1,139.20000000000002,156077350911.9275,156077350911.9275,676.983461231627,597558926184.192,19.0,0.0,0.0,0.0,0.0,0.0,0.0
commit:19,18,0,595.2,335351025355.93787,335351025355.93787,1454.5806713566433,2555079546442.752,19.0,0.0,0.0,0.0,0.0,0.0,0.0
commit:19,18,1,148.8,167675512677.96893,167675512677.96893,727.2903356783216,638769886610.688,19.0,0.0,0.0,0.0,0.0,0.0,0.0
commit:19,19,0,576.0,326155916596.1783,326155916596.1783,1414.697007787187,2472657625589.76,19.0,0.0,0.0,0.0,0.0,0.0,0.0
commit:19,19,1,144.0,163077958298.08914,163077958298.08914,707.3485038935935,618164406397.44,19.0,0.0,0.0,0.0,0.0,0.0,0.0
commit:19,20,0,595.2,338712919385.1311,338712919385.1311,1469.1628425869935,2555079546442.752,19.0,0.0,0.0,0.0,0.0,0.0,0.0
commit:19,20,1,148.8,169356459692.56555,169356459692.56555,734.5814212934968,638769886610.688,19.0,0.0,0.0,0.0,0.0,0.0,0.0
commit:19,21,0,576.0,329425629660.0549,329425629660.0549,1428.8793452902532,2472657625589.76,19.0,0.0,0.0,0.0,0.0,0.0,0.0
commit:19,21,1,144.0,164712814830.02744,164712814830.02744,714.4396726451266,618164406397.44,19.0,0.0,0.0,0.0,0.0,0.0,0.0
commit:19,22,0,595.2,342108516401.967,342108516401.967,1483.891200083928,2555079546442.752,19.0,0.0,0.0,0.0,0.0,0.0,0.0
commit:19,22,1,148.8,171054258200.9835,171054258200.9835,741.945600041964,638769886610.688,19.0,0.0,0.0,0.0,0.0,0.0,0.0
commit:19,23,0,595.2,343819058983.97675,343819058983.97675,1491.310656084347,2555079546442.752,19.0,0.0,0.0,0.0,0.0,0.0,0.0
commit:19,23,1,148.8,171909529491.98837,171909529491.98837,745.6553280421736,638769886610.688,19.0,0.0,0.0,0.0,0.0,0.0,0.0
commit:19,24,0,576.0,334391762205.38385,334391762205.38385,1450.4198800304216,2472657625589.76,19.0,0.0,0.0,0.0,0.0,0.0,0.0
commit:19,24,1,144.0,167195881102.69193,167195881102.69193,725.2099400152108,618164406397.44,19.0,0.0,0.0,0.0,0.0,0.0,0.0
commit:19,25,0,595.2,347265845050.2911,347265845050.2911,1506.2610454115927,2555079546442.752,19.0,0.0,0.0,0.0,0.0,0.0,0.0
commit:19,25,1,148.8,173632922525.14554,173632922525.14554,753.1305227057964,638769886610.688,19.0,0.0,0.0,0.0,0.0,0.0,0.0
commit:19,26,0,576.0,337744039621.4927,337744039621.4927,1464.960339327726,2472657625589.76,19.0,0.0,0.0,0.0,0.0,0.0,0.0
commit:19,26,1,144.0,168872019810.74634,168872019810.74634,732.480169663863,618164406397.44,19.0,0.0,0.0,0.0,0.0,0.0,0.0
commit:19,27,0,595.2,350747185146.92017,350747185146.92017,1521.3613123918435,2555079546442.752,19.0,0.0,0.0,0.0,0.0,0.0,0.0
commit:19,27,1,148.8,175373592573.46008,175373592573.46008,760.6806561959218,638769886610.688,19.0,0.0,0.0,0.0,0.0,0.0,0.0
commit:19,28,0,595.2,352500921072.6547,352500921072.6547,1528.9681189538026,2555079546442.752,19.0,0.0,0.0,0.0,0.0,0.0,0.0
commit:19,28,1,148.8,176250460536.32736,176250460536.32736,764.4840594769013,638769886610.688,19.0,0.0,0.0,0.0,0.0,0.0,0.0
commit:19,29,0,537.6,319979868354.3388,319979868354.3388,1387.9084795922581,2307813783883.776,19.0,0.0,0.0,0.0,0.0,0.0,0.0
commit:19,29,1,134.4,159989934177.1694,159989934177.1694,693.9542397961291,576953445970.944,19.0,0.0,0.0,0.0,0.0,0.0,0.0
commit:19,30,0,595.2,356034742806.408,356034742806.408,1544.2960243463142,2555079546442.752,19.0,0.0,0.0,0.0,0.0,0.0,0.0
commit:19,30,1,148.8,178017371403.204,178017371403.204,772.1480121731571,638769886610.688,19.0,0.0,0.0,0.0,0.0,0.0,0.0
commit:19,31,0,576.0,346272499858.49036,346272499858.49036,1501.9524236787538,2472657625589.76,19.0,0.0,0.0,0.0,0.0,0.0,0.0
commit:19,31,1,144.0,173136249929.24518,173136249929.24518,750.9762118393769,618164406397.44,19.0,0.0,0.0,0.0,0.0,0.0,0.0
commit:19,32,0,595.2,359603991103.0422,359603991103.0422,1559.7775919903856,2555079546442.752,19.0,0.0,0.0,0.0,0.0,0.0,0.0
commit:19,32,1,148.8,179801995551.5211,179801995551.5211,779.8887959951928,638769886610.688,19.0,0.0,0.0,0.0,0.0,0.0,0.0
commit:19,33,0,576.0,349743881669.57166,349743881669.57166,1517.009496726133,2472657625589.76,19.0,0.0,0.0,0.0,0.0,0.0,0.0
commit:19,33,1,144.0,174871940834.78583,174871940834.78583,758.5047483630665,618164406397.44,19.0,0.0,0.0,0.0,0.0,0.0,0.0
commit:19,34,0,595.2,363209021113.8501,363209021113.8501,1575.4143623500888,2555079546442.752,19.0,0.0,0.0,0.0,0.0,0.0,0.0
commit:19,34,1,148.8,181604510556.92505,181604510556.92505,787.7071811750444,638769886610.688,19.0,0.0,0.0,0.0,0.0,0.0,0.0
commit:19,35,0,595.2,365025066219.4193,365025066219.4193,1583.291434161839,2555079546442.752,19.0,0.0,0.0,0.0,0.0,0.0,0.0
commit:19,35,1,148.8,182512533109.70966,182512533109.70966,791.6457170809196,638769886610.688,19.0,0.0,0.0,0.0,0.0,0.0,0.0
commit:19,36,0,576.0,355016314403.7255,355016314403.7255,1539.878604515466,2472657625589.76,19.0,0.0,0.0,0.0,0.0,0.0,0.0
commit:19,36,1,144.0,177508157201.86276,177508157201.86276,769.939302257733,618164406397.44,19.0,0.0,0.0,0.0,0.0,0.0,0.0
commit:20,1,0,595.2,616178562048.0001,616178562048.0001,2672.666426196395,2689557417308.1597,20.0,0.0,0.0,0.0,0.0,0.0,0.0
commit:20,1,1,148.8,308089281024.00006,308089281024.00006,1336.3332130981976,672389354327.0399,20.0,0.0,0.0,0.0,0.0,0.0,0.0
commit:20,2,0,576.0,599283343411.2001,599283343411.2001,2599.38363709101,2602797500620.8,20.0,0.0,0.0,0.0,0.0,0.0,0.0
commit:20,2,1,144.0,299641671705.60004,299641671705.60004,1299.691818545505,650699375155.2,20.0,0.0,0.0,0.0,0.0,0.0,0.0
commit:20,3,0,595.2,622355752132.5311,622355752132.5311,2699.459907119013,2689557417308.1597,20.0,0.0,0.0,0.0,0.0,0.0,0.0
commit:20,3,1,148.8,311177876066.26556,311177876066.26556,1349.7299535595066,672389354327.0399,20.0,0.0,0.0,0.0,0.0,0.0,0.0
commit:20,4,0,595.2,625467530893.1937,625467530893.1937,2712.957206654608,2689557417308.1597,20.0,0.0,0.0,0.0,0.0,0.0,0.0
commit:20,4,1,148.8,312733765446.59686,312733765446.59686,1356.478603327304,672389354327.0399,20.0,0.0,0.0,0.0,0.0,0.0,0.0
commit:20,5,0,537.6,567763107075.3055,567763107075.3055,2462.66502565357,2429277667246.0796,20.0,0.0,0.0,0.0,0.0,0.0,0.0
commit:20,5,1,134.4,283881553537.6528,283881553537.6528,1231.332512826785,607319416811.5199,20.0,0.0,0.0,0.0,0.0,0.0,0.0
commit:20,6,0,595.2,631737842890.3978,631737842890.3978,2740.1546026513197,2689557417308.1597,20.0,0.0,0.0,0.0,0.0,0.0,0.0
commit:20,6,1,148.8,315868921445.1989,315868921445.1989,1370.0773013256598,672389354327.0399,20.0,0.0,0.0,0.0,0.0,0.0,0.0
commit:20,7,0,576.0,307207999405.5725,307207999405.5725,1332.5106656441499,2602797500620.8,20.0,0.0,0.0,0.0,0.0,0.0,0.0
commit:20,7,1,144.0,153603999702.78625,153603999702.78625,666.2553328220749,650699375155.2,20.0,0.0,0.0,0.0,0.0,0.0,0.0
commit:20,8,0,595.2,319035507382.687,319035507382.687,1383.8123262714496,2689557417308.1597,20.0,0.0,0.0,0.0,0.0,0.0,0.0
commit:20,8,1,148.8,159517753691.3435,159517753691.3435,691.9061631357248,672389354327.0399,20.0,0.0,0.0,0.0,0.0,0.0,0.0
commit:20,9,0,576.0,310287759599.61334,310287759599.61334,1345.8690850672324,2602797500620.8,20.0,0.0,0.0,0.0,0.0,0.0,0.0
commit:20,9,1,144.0,155143879799.80667,155143879799.80667,672.9345425336162,650699375155.2,20.0,0.0,0.0,0.0,0.0,0.0,0.0
commit:20,10,0,595.2,322233838344.19836,322233838344.19836,1397.6850448423204,2689557417308.1597,20.0,0.0,0.0,0.0,0.0,0.0,0.0
commit:20,10,1,148.8,161116919172.09918,161116919172.09918,698.8425224211602,672389354327.0399,20.0,0.0,0.0,0.0,0.0,0.0,0.0
commit:20,11,0,595.2,323845007535.9194,323845007535.9194,1404.673470066532,2689557417308.1597,20.0,0.0,0.0,0.0,0.0,0.0,0.0
commit:20,11,1,148.8,161922503767.9597,161922503767.9597,702.336735033266,672389354327.0399,20.0,0.0,0.0,0.0,0.0,0.0,0.0
commit:20,12,0,576.0,314965386361.54736,314965386361.54736,1366.158229758256,2602797500620.8,20.0,0.0,0.0,0.0,0.0,0.0,0.0
commit:20,12,1,144.0,157482693180.77368,157482693180.77368,683.079114879128,650699375155.2,20.0,0.0,0.0,0.0,0.0,0.0,0.0
commit:20,13,0,595.2,327091553736.46686,327091553736.46686,1418.7553216039487,2689557417308.1597,20.0,0.0,0.0,0.0,0.0,0.0,0.0
commit:20,13,1,148.8,163545776868.23343,163545776868.23343,709.3776608019743,672389354327.0399,20.0,0.0,0.0,0.0,0.0,0.0,0.0
commit:20,14,0,576.0,318122914359.8218,318122914359.8218,1379.853966011582,2602797500620.8,20.0,0.0,0.0,0.0,0.0,0.0,0.0
commit:20,14,1,144.0,159061457179.9109,159061457179.9109,689.926983005791,650699375155.2,20.0,0.0,0.0,0.0,0.0,0.0,0.0
commit:20,15,0,595.2,330370646562.67487,330370646562.67487,1432.9783437030278,2689557417308.1597,20.0,0.0,0.0,0.0,0.0,0.0,0.0
commit:20,15,1,148.8,165185323281.33743,165185323281.33743,716.4891718515139,672389354327.0399,20.0,0.0,0.0,0.0,0.0,0.0,0.0
commit:20,16,0,595.2,332022499795.4882,332022499795.4882,1440.1432354215428,2689557417308.1597,20.0,0.0,0.0,0.0,0.0,0.0,0.0
commit:20,16,1,148.8,166011249897.7441,166011249897.7441,720.0716177107714,672389354327.0399,20.0,0.0,0.0,0.0,0.0,0.0,0.0
commit:20,17,0,556.8000000000001,312154701823.855,312154701823.855,1353.966922463254,2516037583933.44,20.0,0.0,0.0,0.0,0.0,0.0,0.0
commit:20,17,1,139.20000000000002,156077350911.9275,156077350911.9275,676.983461231627,629009395983.36,20.0,0.0,0.0,0.0,0.0,0.0,0.0
commit:20,18,0,595.2,335351025355.93787,335351025355.93787,1454.5806713566433,2689557417308.1597,20.0,0.0,0.0,0.0,0.0,0.0,0.0
commit:20,18,1,148.8,167675512677.96893,167675512677.96893,727.2903356783216,672389354327.0399,20.0,0.0,0.0,0.0,0.0,0.0,0.0
commit:20,19,0,576.0,326155916596.1783,326155916596.1783,1414.697007787187,2602797500620.8,20.0,0.0,0.0,0.0,0.0,0.0,0.0
commit:20,19,1,144.0,163077958298.08914,163077958298.08914,707.3485038935935,650699375155.2,20.0,0.0,0.0,0.0,0.0,0.0,0.0
commit:20,20,0,595.2,338712919385.1311,338712919385.1311,1469.1628425869935,2689557417308.1597,20.0,0.0,0.0,0.0,0.0,0.0,0.0
commit:20,20,1,148.8,169356459692.56555,169356459692.56555,734.5814212934968,672389354327.0399,20.0,0.0,0.0,0.0,0.0,0.0,0.0
commit:20,21,0,576.0,329425629660.0549,329425629660.0549,1428.8793452902532,2602797500620.8,20.0,0.0,0.0,0.0,0.0,0.0,0.0
commit:20,21,1,144.0,164712814830.02744,164712814830.02744,714.4396726451266,650699375155.2,20.0,0.0,0.0,0.0,0.0,0.0,0.0
commit:20,22,0,595.2,342108516401.967,342108516401.967,1483.891200083928,2689557417308.1597,20.0,0.0,0.0,0.0,0.0,0.0,0.0
commit:20,22,1,148.8,171054258200.9835,171054258200.9835,741.945600041964,672389354327.0399,20.0,0.0,0.0,0.0,0.0,0.0,0.0
commit:20,23,0,595.2,343819058983.97675,343819058983.97675,1491.310656084347,2689557417308.1597,20.0,0.0,0.0,0.0,0.0,0.0,0.0
commit:20,23,1,148.8,171909529491.98837,171909529491.98837,745.6553280421736,672389354327.0399,20.0,0.0,0.0,0.0,0.0,0.0,0.0
commit:20,24,0,576.0,334391762205.38385,334391762205.38385,1450.4198800304216,2602797500620.8,20.0,0.0,0.0,0.0,0.0,0.0,0.0
commit:20,24,1,144.0,167195881102.69193,167195881102.69193,725.2099400152108,650699375155.2,20.0,0.0,0.0,0.0,0.0,0.0,0.0
commit:20,25,0,595.2,347265845050.2911,347265845050.2911,1506.2610454115927,2689557417308.1597,20.0,0.0,0.0,0.0,0.0,0.0,0.0
commit:20,25,1,148.8,173632922525.14554,173632922525.14554,753.1305227057964,672389354327.0399,20.0,0.0,0.0,0.0,0.0,0.0,0.0
commit:20,26,0,576.0,337744039621.4927,337744039621.4927,1464.960339327726,2602797500620.8,20.0,0.0,0.0,0.0,0.0,0.0,0.0
commit:20,26,1,144.0,168872019810.74634,168872019810.74634,732.480169663863,650699375155.2,20.0,0.0,0.0,0.0,0.0,0.0,0.0
commit:20,27,0,595.2,350747185146.92017,350747185146.92017,1521.3613123918435,2689557417308.1597,20.0,0.0,0.0,0.0,0.0,0.0,0.0
commit:20,27,1,148.8,175373592573.46008,175373592573.46008,760.6806561959218,672389354327.0399,20.0,0.0,0.0,0.0,0.0,0.0,0.0
commit:20,28,0,595.2,352500921072.6547,352500921072.6547,1528.9681189538026,2689557417308.1597,20.0,0.0,0.0,0.0,0.0,0.0,0.0
commit:20,28,1,148.8,176250460536.32736,176250460536.32736,764.4840594769013,672389354327.0399,20.0,0.0,0.0,0.0,0.0,0.0,0.0
commit:20,29,0,537.6,319979868354.3388,319979868354.3388,1387.9084795922581,2429277667246.0796,20.0,0.0,0.0,0.0,0.0,0.0,0.0
commit:20,29,1,134.4,159989934177.1694,159989934177.1694,693.9542397961291,607319416811.5199,20.0,0.0,0.0,0.0,0.0,0.0,0.0
commit:20,30,0,595.2,356034742806.408,356034742806.408,1544.2960243463142,2689557417308.1597,20.0,0.0,0.0,0.0,0.0,0.0,0.0
commit:20,30,1,148.8,178017371403.204,178017371403.204,772.1480121731571,672389354327.0399,20.0,0.0,0.0,0.0,0.0,0.0,0.0
commit:20,31,0,576.0,346272499858.49036,346272499858.49036,1501.9524236787538,2602797500620.8,20.0,0.0,0.0,0.0,0.0,0.0,0.0
commit:20,31,1,144.0,173136249929.24518,173136249929.24518,750.9762118393769,650699375155.2,20.0,0.0,0.0,0.0,0.0,0.0,0.0
commit:20,32,0,595.2,359603991103.0422,359603991103.0422,1559.7775919903856,2689557417308.1597,20.0,0.0,0.0,0.0,0.0,0.0,0.0
commit:20,32,1,148.8,179801995551.5211,179801995551.5211,779.8887959951928,672389354327.0399,20.0,0.0,0.0,0.0,0.0,0.0,0.0
commit:20,33,0,576.0,349743881669.57166,349743881669.57166,1517.009496726133,2602797500620.8,20.0,0.0,0.0,0.0,0.0,0.0,0.0
commit:20,33,1,144.0,174871940834.78583,174871940834.78583,758.5047483630665,650699375155.2,20.0,0.0,0.0,0.0,0.0,0.0,0.0
commit:20,34,0,595.2,363209021113.8501,363209021113.8501,1575.4143623500888,2689557417308.1597,20.0,0.0,0.0,0.0,0.0,0.0,0.0
commit:20,34,1,148.8,181604510556.92505,181604510556.92505,787.7071811750444,672389354327.0399,20.0,0.0,0.0,0.0,0.0,0.0,0.0
commit:20,35,0,595.2,365025066219.4193,365025066219.4193,1583.291434161839,2689557417308.1597,20.0,0.0,0.0,0.0,0.0,0.0,0.0
commit:20,35,1,148.8,182512533109.70966,182512533109.70966,791.6457170809196,672389354327.0399,20.0,0.0,0.0,0.0,0.0,0.0,0.0
commit:20,36,0,576.0,355016314403.7255,355016314403.7255,1539.878604515466,2602797500620.8,20.0,0.0,0.0,0.0,0.0,0.0,0.0
commit:20,36,1,144.0,177508157201.86276,177508157201.86276,769.939302257733,650699375155.2,20.0,0.0,0.0,0.0,0.0,0.0,0.0
commit:21,1,0,595.2,616178562048.0001,616178562048.0001,2672.666426196395,2824035288173.568,21.0,0.0,0.0,0.0,0.0,0.0,0.0
commit:21,1,1,148.8,308089281024.00006,308089281024.00006,1336.3332130981976,706008822043.392,21.0,0.0,0.0,0.0,0.0,0.0,0.0
commit:21,2,0,576.0,599283343411.2001,599283343411.2001,2599.38363709101,2732937375651.8394,21.0,0.0,0.0,0.0,0.0,0.0,0.0
commit:21,2,1,144.0,299641671705.60004,299641671705.60004,1299.691818545505,683234343912.9598,21.0,0.0,0.0,0.0,0.0,0.0,0.0
commit:21,3,0,595.2,622355752132.5311,622355752132.5311,2699.459907119013,2824035288173.568,21.0,0.0,0.0,0.0,0.0,0.0,0.0
commit:21,3,1,148.8,311177876066.26556,311177876066.26556,1349.7299535595066,706008822043.392,21.0,0.0,0.0,0.0,0.0,0.0,0.0
commit:21,4,0,595.2,625467530893.1937,625467530893.1937,2712.957206654608,2824035288173.568,21.0,0.0,0.0,0.0,0.0,0.0,0.0
commit:21,4,1,148.8,312733765446.59686,312733765446.59686,1356.478603327304,706008822043.392,21.0,0.0,0.0,0.0,0.0,0.0,0.0
commit:21,5,0,537.6,567763107075.3055,567763107075.3055,2462.66502565357,2550741550608.384,21.0,0.0,0.0,0.0,0.0,0.0,0.0
commit:21,5,1,134.4,283881553537.6528,283881553537.6528,1231.332512826785,637685387652.096,21.0,0.0,0.0,0.0,0.0,0.0,0.0
commit:21,6,0,595.2,631737842890.3978,631737842890.3978,2740.1546026513197,2824035288173.568,21.0,0.0,0.0,0.0,0.0,0.0,0.0
commit:21,6,1,148.8,315868921445.1989,315868921445.1989,1370.0773013256598,706008822043.392,21.0,0.0,0.0,0.0,0.0,0.0,0.0
commit:21,7,0,576.0,307207999405.5725,307207999405.5725,1332.5106656441499,2732937375651.8394,21.0,0.0,0.0,0.0,0.0,0.0,0.0
commit:21,7,1,144.0,153603999702.78625,153603999702.78625,666.2553328220749,683234343912.9598,21.0,0.0,0.0,0.0,0.0,0.0,0.0
commit:21,8,0,595.2,319035507382.687,319035507382.687,1383.8123262714496,2824035288173.568,21.0,0.0,0.0,0.0,0.0,0.0,0.0
commit:21,8,1,148.8,159517753691.3435,159517753691.3435,691.9061631357248,706008822043.392,21.0,0.0,0.0,0.0,0.0,0.0,0.0
commit:21,9,0,576.0,310287759599.61334,310287759599.61334,1345.8690850672324,2732937375651.8394,21.0,0.0,0.0,0.0,0.0,0.0,0.0
commit:21,9,1,144.0,155143879799.80667,155143879799.80667,672.9345425336162,683234343912.9598,21.0,0.0,0.0,0.0,0.0,0.0,0.0
commit:21,10,0,595.2,322233838344.19836,322233838344.19836,1397.6850448423204,2824035288173.568,21.0,0.0,0.0,0.0,0.0,0.0,0.0
commit:21,10,1,148.8,161116919172.09918,161116919172.09918,698.8425224211602,706008822043.392,21.0,0.0,0.0,0.0,0.0,0.0,0.0
commit:21,11,0,595.2,323845007535.9194,323845007535.9194,1404.673470066532,2824035288173.568,21.0,0.0,0.0,0.0,0.0,0.0,0.0
commit:21,11,1,148.8,161922503767.9597,161922503767.9597,702.336735033266,706008822043.392,21.0,0.0,0.0,0.0,0.0,0.0,0.0
commit:21,12,0,576.0,314965386361.54736,314965386361.54736,1366.158229758256,2732937375651.8394,21.0,0.0,0.0,0.0,0.0,0.0,0.0
commit:21,12,1,144.0,157482693180.77368,157482693180.77368,683.079114879128,683234343912.9598,21.0,0.0,0.0,0.0,0.0,0.0,0.0
commit:21,13,0,595.2,327091553736.46686,327091553736.46686,1418.7553216039487,2824035288173.568,21.0,0.0,0.0,0.0,0.0,0.0,0.0
commit:21,13,1,148.8,163545776868.23343,163545776868.23343,709.3776608019743,706008822043.392,21.0,0.0,0.0,0.0,0.0,0.0,0.0
commit:21,14,0,576.0,318122914359.8218,318122914359.8218,1379.853966011582,2732937375651.8394,21.0,0.0,0.0,0.0,0.0,0.0,0.0
commit:21,14,1,144.0,159061457179.9109,159061457179.9109,689.926983005791,683234343912.9598,21.0,0.0,0.0,0.0,0.0,0.0,0.0
commit:21,15,0,595.2,330370646562.67487,330370646562.67487,1432.9783437030278,2824035288173.568,21.0,0.0,0.0,0.0,0.0,0.0,0.0
commit:21,15,1,148.8,165185323281.33743,165185323281.33743,716.4891718515139,706008822043.392,21.0,0.0,0.0,0.0,0.0,0.0,0.0
commit:21,16,0,595.2,332022499795.4882,332022499795.4882,1440.1432354215428,2824035288173.568,21.0,0.0,0.0,0.0,0.0,0.0,0.0
commit:21,16,1,148.8,166011249897.7441,166011249897.7441,720.0716177107714,706008822043.392,21.0,0.0,0.0,0.0,0.0,0.0,0.0
commit:21,17,0,556.8000000000001,312154701823.855,312154701823.855,1353.966922463254,2641839463130.112,21.0,0.0,0.0,0.0,0.0,0.0,0.0
commit:21,17,1,139.20000000000002,156077350911.9275,156077350911.9275,676.983461231627,660459865782.528,21.0,0.0,0.0,0.0,0.0,0.0,0.0
commit:21,18,0,595.2,335351025355.93787,335351025355.93787,1454.5806713566433,2824035288173.568,21.0,0.0,0.0,0.0,0.0,0.0,0.0
commit:21,18,1,148.8,167675512677.96893,167675512677.96893,727.2903356783216,706008822043.392,21.0,0.0,0.0,0.0,0.0,0.0,0.0
commit:21,19,0,576.0,326155916596.1783,326155916596.1783,1414.697007787187,2732937375651.8394,21.0,0.0,0.0,0.0,0.0,0.0,0.0
commit:21,19,1,144.0,163077958298.08914,163077958298.08914,707.3485038935935,683234343912.9598,21.0,0.0,0.0,0.0,0.0,0.0,0.0
commit:21,20,0,595.2,338712919385.1311,338712919385.1311,1469.1628425869935,2824035288173.568,21.0,0.0,0.0,0.0,0.0,0.0,0.0
commit:21,20,1,148.8,169356459692.56555,169356459692.56555,734.5814212934968,706008822043.392,21.0,0.0,0.0,0.0,0.0,0.0,0.0
commit:21,21,0,576.0,329425629660.0549,329425629660.0549,1428.8793452902532,2732937375651.8394,21.0,0.0,0.0,0.0,0.0,0.0,0.0
commit:21,21,1,144.0,164712814830.02744,164712814830.02744,714.4396726451266,683234343912.9598,21.0,0.0,0.0,0.0,0.0,0.0,0.0
commit:21,22,0,595.2,342108516401.967,342108516401.967,1483.891200083928,2824035288173.568,21.0,0.0,0.0,0.0,0.0,0.0,0.0
commit:21,22,1,148.8,171054258200.9835,171054258200.9835,741.945600041964,706008822043.392,21.0,0.0,0.0,0.0,0.0,0.0,0.0
commit:21,23,0,595.2,343819058983.97675,343819058983.97675,1491.310656084347,2824035288173.568,21.0,0.0,0.0,0.0,0.0,0.0,0.0
commit:21,23,1,148.8,171909529491.98837,171909529491.98837,745.6553280421736,706008822043.392,21.0,0.0,0.0,0.0,0.0,0.0,0.0
commit:21,24,0,576.0,334391762205.38385,334391762205.38385,1450.4198800304216,2732937375651.8394,21.0,0.0,0.0,0.0,0.0,0.0,0.0
commit:21,24,1,144.0,167195881102.69193,167195881102.69193,725.2099400152108,683234343912.9598,21.0,0.0,0.0,0.0,0.0,0.0,0.0
commit:21,25,0,595.2,347265845050.2911,347265845050.2911,1506.2610454115927,2824035288173.568,21.0,0.0,0.0,0.0,0.0,0.0,0.0
commit:21,25,1,148.8,173632922525.14554,173632922525.14554,753.1305227057964,706008822043.392,21.0,0.0,0.0,0.0,0.0,0.0,0.0
commit:21,26,0,576.0,337744039621.4927,337744039621.4927,1464.960339327726,2732937375651.8394,21.0,0.0,0.0,0.0,0.0,0.0,0.0
commit:21,26,1,144.0,168872019810.74634,168872019810.74634,732.480169663863,683234343912.9598,21.0,0.0,0.0,0.0,0.0,0.0,0.0
commit:21,27,0,595.2,350747185146.92017,350747185146.92017,1521.3613123918435,2824035288173.568,21.0,0.0,0.0,0.0,0.0,0.0,0.0
commit:21,27,1,148.8,175373592573.46008,175373592573.46008,760.6806561959218,706008822043.392,21.0,0.0,0.0,0.0,0.0,0.0,0.0
commit:21,28,0,595.2,352500921072.6547,352500921072.6547,1528.9681189538026,2824035288173.568,21.0,0.0,0.0,0.0,0.0,0.0,0.0
commit:21,28,1,148.8,176250460536.32736,176250460536.32736,764.4840594769013,706008822043.392,21.0,0.0,0.0,0.0,0.0,0.0,0.0
commit:21,29,0,537.6,319979868354.3388,319979868354.3388,1387.9084795922581,2550741550608.384,21.0,0.0,0.0,0.0,0.0,0.0,0.0
commit:21,29,1,134.4,159989934177.1694,159989934177.1694,693.9542397961291,637685387652.096,21.0,0.0,0.0,0.0,0.0,0.0,0.0
commit:21,30,0,595.2,356034742806.408,356034742806.408,1544.2960243463142,2824035288173.568,21.0,0.0,0.0,0.0,0.0,0.0,0.0
commit:21,30,1,148.8,178017371403.204,178017371403.204,772.1480121731571,706008822043.392,21.0,0.0,0.0,0.0,0.0,0.0,0.0
commit:21,31,0,576.0,346272499858.49036,346272499858.49036,1501.9524236787538,2732937375651.8394,21.0,0.0,0.0,0.0,0.0,0.0,0.0
commit:21,31,1,144.0,173136249929.24518,173136249929.24518,750.9762118393769,683234343912.9598,21.0,0.0,0.0,0.0,0.0,0.0,0.0
commit:21,32,0,595.2,359603991103.0422,359603991103.0422,1559.7775919903856,2824035288173.568,21.0,0.0,0.0,0.0,0.0,0.0,0.0
commit:21,32,1,148.8,179801995551.5211,179801995551.5211,779.8887959951928,706008822043.392,21.0,0.0,0.0,0.0,0.0,0.0,0.0
commit:21,33,0,576.0,349743881669.57166,349743881669.57166,1517.009496726133,2732937375651.8394,21.0,0.0,0.0,0.0,0.0,0.0,0.0
commit:21,33,1,144.0,174871940834.78583,174871940834.78583,758.5047483630665,683234343912.9598,21.0,0.0,0.0,0.0,0.0,0.0,0.0
commit:21,34,0,595.2,363209021113.8501,363209021113.8501,1575.4143623500888,2824035288173.568,21.0,0.0,0.0,0.0,0.0,0.0,0.0
commit:21,34,1,148.8,181604510556.92505,181604510556.92505,787.7071811750444,706008822043.392,21.0,0.0,0.0,0.0,0.0,0.0,0.0
commit:21,35,0,595.2,365025066219.4193,365025066219.4193,1583.291434161839,2824035288173.568,21.0,0.0,0.0,0.0,0.0,0.0,0.0
commit:21,35,1,148.8,182512533109.70966,182512533109.70966,791.6457170809196,706008822043.392,21.0,0.0,0.0,0.0,0.0,0.0,0.0
commit:21,36,0,576.0,355016314403.7255,355016314403.7255,1539.878604515466,2732937375651.8394,21.0,0.0,0.0,0.0,0.0,0.0,0.0
commit:21,36,1,144.0,177508157201.86276,177508157201.86276,769.939302257733,683234343912.9598,21.0,0.0,0.0,0.0,0.0,0.0,0.0
commit:22,1,0,595.2,616178562048.0001,616178562048.0001,2672.666426196395,2958513159038.9756,22.0,0.0,0.0,0.0,0.0,0.0,0.0
commit:22,1,1,148.8,308089281024.00006,308089281024.00006,1336.3332130981976,739628289759.7439,22.0,0.0,0.0,0.0,0.0,0.0,0.0
commit:22,2,0,576.0,599283343411.2001,599283343411.2001,2599.38363709101,2863077250682.8794,22.0,0.0,0.0,0.0,0.0,0.0,0.0
commit:22,2,1,144.0,299641671705.60004,299641671705.60004,1299.691818545505,715769312670.7198,22.0,0.0,0.0,0.0,0.0,0.0,0.0
commit:22,3,0,595.2,622355752132.5311,622355752132.5311,2699.459907119013,2958513159038.9756,22.0,0.0,0.0,0.0,0.0,0.0,0.0
commit:22,3,1,148.8,311177876066.26556,311177876066.26556,1349.7299535595066,739628289759.7439,22.0,0.0,0.0,0.0,0.0,0.0,0.0
commit:22,4,0,595.2,625467530893.1937,625467530893.1937,2712.957206654608,2958513159038.9756,22.0,0.0,0.0,0.0,0.0,0.0,0.0
commit:22,4,1,148.8,312733765446.59686,312733765446.59686,1356.478603327304,739628289759.7439,22.0,0.0,0.0,0.0,0.0,0.0,0.0
commit:22,5,0,537.6,567763107075.3055,567763107075.3055,2462.66502565357,2672205433970.6875,22.0,0.0,0.0,0.0,0.0,0.0,0.0
commit:22,5,1,134.4,283881553537.6528,283881553537.6528,1231.332512826785,668051358492.6719,22.0,0.0,0.0,0.0,0.0,0.0,0.0
commit:22,6,0,595.2,631737842890.3978,631737842890.3978,2740.1546026513197,2958513159038.9756,22.0,0.0,0.0,0.0,0.0,0.0,0.0
commit:22,6,1,148.8,315868921445.1989,315868921445.1989,1370.0773013256598,739628289759.7439,22.0,0.0,0.0,0.0,0.0,0.0,0.0
commit:22,7,0,576.0,307207999405.5725,307207999405.5725,1332.5106656441499,2863077250682.8794,22.0,0.0,0.0,0.0,0.0,0.0,0.0
commit:22,7,1,144.0,153603999702.78625,153603999702.78625,666.2553328220749,715769312670.7198,22.0,0.0,0.0,0.0,0.0,0.0,0.0
commit:22,8,0,595.2,319035507382.687,319035507382.687,1383.8123262714496,2958513159038.9756,22.0,0.0,0.0,0.0,0.0,0.0,0.0
commit:22,8,1,148.8,159517753691.3435,159517753691.3435,691.9061631357248,739628289759.7439,22.0,0.0,0.0,0.0,0.0,0.0,0.0
commit:22,9,0,576.0,310287759599.61334,310287759599.61334,1345.8690850672324,2863077250682.8794,22.0,0.0,0.0,0.0,0.0,0.0,0.0
commit:22,9,1,144.0,155143879799.80667,155143879799.80667,672.9345425336162,715769312670.7198,22.0,0.0,0.0,0.0,0.0,0.0,0.0
commit:22,10,0,595.2,322233838344.19836,322233838344.19836,1397.6850448423204,2958513159038.9756,22.0,0.0,0.0,0.0,0.0,0.0,0.0
commit:22,10,1,148.8,161116919172.09918,161116919172.09918,698.8425224211602,739628289759.7439,22.0,0.0,0.0,0.0,0.0,0.0,0.0
commit:22,11,0,595.2,323845007535.9194,323845007535.9194,1404.673470066532,2958513159038.9756,22.0,0.0,0.0,0.0,0.0,0.0,0.0
commit:22,11,1,148.8,161922503767.9597,161922503767.9597,702.336735033266,739628289759.7439,22.0,0.0,0.0,0.0,0.0,0.0,0.0
commit:22,12,0,576.0,314965386361.54736,314965386361.54736,1366.158229758256,2863077250682.8794,22.0,0.0,0.0,0.0,0.0,0.0,0.0
commit:22,12,1,144.0,157482693180.77368,157482693180.77368,683.079114879128,715769312670.7198,22.0,0.0,0.0,0.0,0.0,0.0,0.0
commit:22,13,0,595.2,327091553736.46686,327091553736.46686,1418.7553216039487,2958513159038.9756,22.0,0.0,0.0,0.0,0.0,0.0,0.0
commit:22,13,1,148.8,163545776868.23343,163545776868.23343,709.3776608019743,739628289759.7439,22.0,0.0,0.0,0.0,0.0,0.0,0.0
commit:22,14,0,576.0,318122914359.8218,318122914359.8218,1379.853966011582,2863077250682.8794,22.0,0.0,0.0,0.0,0.0,0.0,0.0
commit:22,14,1,144.0,159061457179.9109,159061457179.9109,689.926983005791,715769312670.7198,22.0,0.0,0.0,0.0,0.0,0.0,0.0
commit:22,15,0,595.2,330370646562.67487,330370646562.67487,1432.9783437030278,2958513159038.9756,22.0,0.0,0.0,0.0,0.0,0.0,0.0
commit:22,15,1,148.8,165185323281.33743,165185323281.33743,716.4891718515139,739628289759.7439,22.0,0.0,0.0,0.0,0.0,0.0,0.0
commit:22,16,0,595.2,332022499795.4882,332022499795.4882,1440.1432354215428,2958513159038.9756,22.0,0.0,0.0,0.0,0.0,0.0,0.0
commit:22,16,1,148.8,166011249897.7441,166011249897.7441,720.0716177107714,739628289759.7439,22.0,0.0,0.0,0.0,0.0,0.0,0.0
commit:22,17,0,556.8000000000001,312154701823.855,312154701823.855,1353.966922463254,2767641342326.7837,22.0,0.0,0.0,0.0,0.0,0.0,0.0
commit:22,17,1,139.20000000000002,156077350911.9275,156077350911.9275,676.983461231627,691910335581.6959,22.0,0.0,0.0,0.0,0.0,0.0,0.0
commit:22,18,0,595.2,335351025355.93787,335351025355.93787,1454.5806713566433,2958513159038.9756,22.0,0.0,0.0,0.0,0.0,0.0,0.0
commit:22,18,1,148.8,167675512677.96893,167675512677.96893,727.2903356783216,739628289759.7439,22.0,0.0,0.0,0.0,0.0,0.0,0.0
commit:22,19,0,576.0,326155916596.1783,326155916596.1783,1414.697007787187,2863077250682.8794,22.0,0.0,0.0,0.0,0.0,0.0,0.0
commit:22,19,1,144.0,163077958298.08914,163077958298.08914,707.3485038935935,715769312670.7198,22.0,0.0,0.0,0.0,0.0,0.0,0.0
commit:22,20,0,595.2,338712919385.1311,338712919385.1311,1469.1628425869935,2958513159038.9756,22.0,0.0,0.0,0.0,0.0,0.0,0.0
commit:22,20,1,148.8,169356459692.56555,169356459692.56555,734.5814212934968,739628289759.7439,22.0,0.0,0.0,0.0,0.0,0.0,0.0
commit:22,21,0,576.0,329425629660.0549,329425629660.0549,1428.8793452902532,2863077250682.8794,22.0,0.0,0.0,0.0,0.0,0.0,0.0
commit:22,21,1,144.0,164712814830.02744,164712814830.02744,714.4396726451266,715769312670.7198,22.0,0.0,0.0,0.0,0.0,0.0,0.0
commit:22,22,0,595.2,342108516401.967,342108516401.967,1483.891200083928,2958513159038.9756,22.0,0.0,0.0,0.0,0.0,0.0,0.0
commit:22,22,1,148.8,171054258200.9835,171054258200.9835,741.945600041964,739628289759.7439,22.0,0.0,0.0,0.0,0.0,0.0,0.0
commit:22,23,0,595.2,343819058983.97675,343819058983.97675,1491.310656084347,2958513159038.9756,22.0,0.0,0.0,0.0,0.0,0.0,0.0
commit:22,23,1,148.8,171909529491.98837,171909529491.98837,745.6553280421736,739628289759.7439,22.0,0.0,0.0,0.0,0.0,0.0,0.0
commit:22,24,0,576.0,334391762205.38385,334391762205.38385,1450.4198800304216,2863077250682.8794,22.0,0.0,0.0,0.0,0.0,0.0,0.0
commit:22,24,1,144.0,167195881102.69193,167195881102.69193,725.2099400152108,715769312670.7198,22.0,0.0,0.0,0.0,0.0,0.0,0.0
commit:22,25,0,595.2,347265845050.2911,347265845050.2911,1506.2610454115927,2958513159038.9756,22.0,0.0,0.0,0.0,0.0,0.0,0.0
commit:22,25,1,148.8,173632922525.14554,173632922525.14554,753.1305227057964,739628289759.7439,22.0,0.0,0.0,0.0,0.0,0.0,0.0
commit:22,26,0,576.0,337744039621.4927,337744039621.4927,1464.960339327726,2863077250682.8794,22.0,0.0,0.0,0.0,0.0,0.0,0.0
commit:22,26,1,144.0,168872019810.74634,168872019810.74634,732.480169663863,715769312670.7198,22.0,0.0,0.0,0.0,0.0,0.0,0.0
commit:22,27,0,595.2,350747185146.92017,350747185146.92017,1521.3613123918435,2958513159038.9756,22.0,0.0,0.0,0.0,0.0,0.0,0.0
commit:22,27,1,148.8,175373592573.46008,175373592573.46008,760.6806561959218,739628289759.7439,22.0,0.0,0.0,0.0,0.0,0.0,0.0
commit:22,28,0,595.2,352500921072.6547,352500921072.6547,1528.9681189538026,2958513159038.9756,22.0,0.0,0.0,0.0,0.0,0.0,0.0
commit:22,28,1,148.8,176250460536.32736,176250460536.32736,764.4840594769013,739628289759.7439,22.0,0.0,0.0,0.0,0.0,0.0,0.0
commit:22,29,0,537.6,319979868354.3388,319979868354.3388,1387.9084795922581,2672205433970.6875,22.0,0.0,0.0,0.0,0.0,0.0,0.0
commit:22,29,1,134.4,159989934177.1694,159989934177.1694,693.9542397961291,668051358492.6719,22.0,0.0,0.0,0.0,0.0,0.0,0.0
commit:22,30,0,595.2,356034742806.408,356034742806.408,1544.2960243463142,2958513159038.9756,22.0,0.0,0.0,0.0,0.0,0.0,0.0
commit:22,30,1,148.8,178017371403.204,178017371403.204,772.1480121731571,739628289759.7439,22.0,0.0,0.0,0.0,0.0,0.0,0.0
commit:22,31,0,576.0,346272499858.49036,346272499858.49036,1501.9524236787538,2863077250682.8794,22.0,0.0,0.0,0.0,0.0,0.0,0.0
commit:22,31,1,144.0,173136249929.24518,173136249929.24518,750.9762118393769,715769312670.7198,22.0,0.0,0.0,0.0,0.0,0.0,0.0
commit:22,32,0,595.2,359603991103.0422,359603991103.0422,1559.7775919903856,2958513159038.9756,22.0,0.0,0.0,0.0,0.0,0.0,0.0
commit:22,32,1,148.8,179801995551.5211,179801995551.5211,779.8887959951928,739628289759.7439,22.0,0.0,0.0,0.0,0.0,0.0,0.0
commit:22,33,0,576.0,349743881669.57166,349743881669.57166,1517.009496726133,2863077250682.8794,22.0,0.0,0.0,0.0,0.0,0.0,0.0
commit:22,33,1,144.0,174871940834.78583,174871940834.78583,758.5047483630665,715769312670.7198,22.0,0.0,0.0,0.0,0.0,0.0,0.0
commit:22,34,0,595.2,363209021113.8501,363209021113.8501,1575.4143623500888,2958513159038.9756,22.0,0.0,0.0,0.0,0.0,0.0,0.0
commit:22,34,1,148.8,181604510556.92505,181604510556.92505,787.7071811750444,739628289759.7439,22.0,0.0,0.0,0.0,0.0,0.0,0.0
commit:22,35,0,595.2,365025066219.4193,365025066219.4193,1583.291434161839,2958513159038.9756,22.0,0.0,0.0,0.0,0.0,0.0,0.0
commit:22,35,1,148.8,182512533109.70966,182512533109.70966,791.6457170809196,739628289759.7439,22.0,0.0,0.0,0.0,0.0,0.0,0.0
commit:22,36,0,576.0,355016314403.7255,355016314403.7255,1539.878604515466,2863077250682.8794,22.0,0.0,0.0,0.0,0.0,0.0,0.0
commit:22,36,1,144.0,177508157201.86276,177508157201.86276,769.939302257733,715769312670.7198,22.0,0.0,0.0,0.0,0.0,0.0,0.0
commit:23,1,0,595.2,616178562048.0001,616178562048.0001,2672.666426196395,3092991029904.384,23.0,0.0,0.0,0.0,0.0,0.0,0.0
commit:23,1,1,148.8,308089281024.00006,308089281024.00006,1336.3332130981976,773247757476.096,23.0,0.0,0.0,0.0,0.0,0.0,0.0
commit:23,2,0,576.0,599283343411.2001,599283343411.2001,2599.38363709101,2993217125713.9194,23.0,0.0,0.0,0.0,0.0,0.0,0.0
commit:23,2,1,144.0,299641671705.60004,299641671705.60004,1299.691818545505,748304281428.4799,23.0,0.0,0.0,0.0,0.0,0.0,0.0
commit:23,3,0,595.2,622355752132.5311,622355752132.5311,2699.459907119013,3092991029904.384,23.0,0.0,0.0,0.0,0.0,0.0,0.0
commit:23,3,1,148.8,311177876066.26556,311177876066.26556,1349.7299535595066,773247757476.096,23.0,0.0,0.0,0.0,0.0,0.0,0.0
commit:23,4,0,595.2,625467530893.1937,625467530893.1937,2712.957206654608,3092991029904.384,23.0,0.0,0.0,0.0,0.0,0.0,0.0
commit:23,4,1,148.8,312733765446.59686,312733765446.59686,1356.478603327304,773247757476.096,23.0,0.0,0.0,0.0,0.0,0.0,0.0
commit:23,5,0,537.6,567763107075.3055,567763107075.3055,2462.66502565357,2793669317332.9917,23.0,0.0,0.0,0.0,0.0,0.0,0.0
commit:23,5,1,134.4,283881553537.6528,283881553537.6528,1231.332512826785,698417329333.2479,23.0,0.0,0.0,0.0,0.0,0.0,0.0
commit:23,6,0,595.2,631737842890.3978,631737842890.3978,2740.1546026513197,3092991029904.384,23.0,0.0,0.0,0.0,0.0,0.0,0.0
commit:23,6,1,148.8,315868921445.1989,315868921445.1989,1370.0773013256598,773247757476.096,23.0,0.0,0.0,0.0,0.0,0.0,0.0
commit:23,7,0,576.0,307207999405.5725,307207999405.5725,1332.5106656441499,2993217125713.9194,23.0,0.0,0.0,0.0,0.0,0.0,0.0
commit:23,7,1,144.0,153603999702.78625,153603999702.78625,666.2553328220749,748304281428.4799,23.0,0.0,0.0,0.0,0.0,0.0,0.0
commit:23,8,0,595.2,319035507382.687,319035507382.687,1383.8123262714496,3092991029904.384,23.0,0.0,0.0,0.0,0.0,0.0,0.0
commit:23,8,1,148.8,159517753691.3435,159517753691.3435,691.9061631357248,773247757476.096,23.0,0.0,0.0,0.0,0.0,0.0,0.0
commit:23,9,0,576.0,310287759599.61334,310287759599.61334,1345.8690850672324,2993217125713.9194,23.0,0.0,0.0,0.0,0.0,0.0,0.0
commit:23,9,1,144.0,155143879799.80667,155143879799.80667,672.9345425336162,748304281428.4799,23.0,0.0,0.0,0.0,0.0,0.0,0.0
commit:23,10,0,595.2,322233838344.19836,322233838344.19836,1397.6850448423204,3092991029904.384,23.0,0.0,0.0,0.0,0.0,0.0,0.0
commit:23,10,1,148.8,161116919172.09918,161116919172.09918,698.8425224211602,773247757476.096,23.0,0.0,0.0,0.0,0.0,0.0,0.0
commit:23,11,0,595.2,323845007535.9194,323845007535.9194,1404.673470066532,3092991029904.384,23.0,0.0,0.0,0.0,0.0,0.0,0.0
commit:23,11,1,148.8,161922503767.9597,161922503767.9597,702.336735033266,773247757476.096,23.0,0.0,0.0,0.0,0.0,0.0,0.0
commit:23,12,0,576.0,314965386361.54736,314965386361.54736,1366.158229758256,2993217125713.9194,23.0,0.0,0.0,0.0,0.0,0.0,0.0
commit:23,12,1,144.0,157482693180.77368,157482693180.77368,683.079114879128,748304281428.4799,23.0,0.0,0.0,0.0,0.0,0.0,0.0
commit:23,13,0,595.2,327091553736.46686,327091553736.46686,1418.7553216039487,3092991029904.384,23.0,0.0,0.0,0.0,0.0,0.0,0.0
commit:23,13,1,148.8,163545776868.23343,163545776868.23343,709.3776608019743,773247757476.096,23.0,0.0,0.0,0.0,0.0,0.0,0.0
commit:23,14,0,576.0,318122914359.8218,318122914359.8218,1379.853966011582,2993217125713.9194,23.0,0.0,0.0,0.0,0.0,0.0,0.0
commit:23,14,1,144.0,159061457179.9109,159061457179.9109,689.926983005791,748304281428.4799,23.0,0.0,0.0,0.0,0.0,0.0,0.0
commit:23,15,0,595.2,330370646562.67487,330370646562.67487,1432.9783437030278,3092991029904.384,23.0,0.0,0.0,0.0,0.0,0.0,0.0
commit:23,15,1,148.8,165185323281.33743,165185323281.33743,716.4891718515139,773247757476.096,23.0,0.0,0.0,0.0,0.0,0.0,0.0
commit:23,16,0,595.2,332022499795.4882,332022499795.4882,1440.1432354215428,3092991029904.384,23.0,0.0,0.0,0.0,0.0,0.0,0.0
commit:23,16,1,148.8,166011249897.7441,166011249897.7441,720.0716177107714,773247757476.096,23.0,0.0,0.0,0.0,0.0,0.0,0.0
commit:23,17,0,556.8000000000001,312154701823.855,312154701823.855,1353.966922463254,2893443221523.456,23.0,0.0,0.0,0.0,0.0,0.0,0.0
commit:23,17,1,139.20000000000002,156077350911.9275,156077350911.9275,676.983461231627,723360805380.864,23.0,0.0,0.0,0.0,0.0,0.0,0.0
commit:23,18,0,595.2,335351025355.93787,335351025355.93787,1454.5806713566433,3092991029904.384,23.0,0.0,0.0,0.0,0.0,0.0,0.0
commit:23,18,1,148.8,167675512677.96893,167675512677.96893,727.2903356783216,773247757476.096,23.0,0.0,0.0,0.0,0.0,0.0,0.0
commit:23,19,0,576.0,326155916596.1783,326155916596.1783,1414.697007787187,2993217125713.9194,23.0,0.0,0.0,0.0,0.0,0.0,0.0
commit:23,19,1,144.0,163077958298.08914,163077958298.08914,707.3485038935935,748304281428.4799,23.0,0.0,0.0,0.0,0.0,0.0,0.0
commit:23,20,0,595.2,338712919385.1311,338712919385.1311,1469.1628425869935,3092991029904.384,23.0,0.0,0.0,0.0,0.0,0.0,0.0
commit:23,20,1,148.8,169356459692.56555,169356459692.56555,734.5814212934968,773247757476.096,23.0,0.0,0.0,0.0,0.0,0.0,0.0
commit:23,21,0,576.0,329425629660.0549,329425629660.0549,1428.8793452902532,2993217125713.9194,23.0,0.0,0.0,0.0,0.0,0.0,0.0
commit:23,21,1,144.0,164712814830.02744,164712814830.02744,714.4396726451266,748304281428.4799,23.0,0.0,0.0,0.0,0.0,0.0,0.0
commit:23,22,0,595.2,342108516401.967,342108516401.967,1483.891200083928,3092991029904.384,23.0,0.0,0.0,0.0,0.0,0.0,0.0
commit:23,22,1,148.8,171054258200.9835,171054258200.9835,741.945600041964,773247757476.096,23.0,0.0,0.0,0.0,0.0,0.0,0.0
commit:23,23,0,595.2,343819058983.97675,343819058983.97675,1491.310656084347,3092991029904.384,23.0,0.0,0.0,0.0,0.0,0.0,0.0
commit:23,23,1,148.8,171909529491.98837,171909529491.98837,745.6553280421736,773247757476.096,23.0,0.0,0.0,0.0,0.0,0.0,0.0
commit:23,24,0,576.0,334391762205.38385,334391762205.38385,1450.4198800304216,2993217125713.9194,23.0,0.0,0.0,0.0,0.0,0.0,0.0
commit:23,24,1,144.0,167195881102.69193,167195881102.69193,725.2099400152108,748304281428.4799,23.0,0.0,0.0,0.0,0.0,0.0,0.0
commit:23,25,0,595.2,347265845050.2911,347265845050.2911,1506.2610454115927,3092991029904.384,23.0,0.0,0.0,0.0,0.0,0.0,0.0
commit:23,25,1,148.8,173632922525.14554,173632922525.14554,753.1305227057964,773247757476.096,23.0,0.0,0.0,0.0,0.0,0.0,0.0
commit:23,26,0,576.0,337744039621.4927,337744039621.4927,1464.960339327726,2993217125713.9194,23.0,0.0,0.0,0.0,0.0,0.0,0.0
commit:23,26,1,144.0,168872019810.74634,168872019810.74634,732.480169663863,748304281428.4799,23.0,0.0,0.0,0.0,0.0,0.0,0.0
commit:23,27,0,595.2,350747185146.92017,350747185146.92017,1521.3613123918435,3092991029904.384,23.0,0.0,0.0,0.0,0.0,0.0,0.0
commit:23,27,1,148.8,175373592573.46008,175373592573.46008,760.6806561959218,773247757476.096,23.0,0.0,0.0,0.0,0.0,0.0,0.0
commit:23,28,0,595.2,352500921072.6547,352500921072.6547,1528.9681189538026,3092991029904.384,23.0,0.0,0.0,0.0,0.0,0.0,0.0
commit:23,28,1,148.8,176250460536.32736,176250460536.32736,764.4840594769013,773247757476.096,23.0,0.0,0.0,0.0,0.0,0.0,0.0
commit:23,29,0,537.6,319979868354.3388,319979868354.3388,1387.9084795922581,2793669317332.9917,23.0,0.0,0.0,0.0,0.0,0.0,0.0
commit:23,29,1,134.4,159989934177.1694,159989934177.1694,693.9542397961291,698417329333.2479,23.0,0.0,0.0,0.0,0.0,0.0,0.0
commit:23,30,0,595.2,356034742806.408,356034742806.408,1544.2960243463142,3092991029904.384,23.0,0.0,0.0,0.0,0.0,0.0,0.0
commit:23,30,1,148.8,178017371403.204,178017371403.204,772.1480121731571,773247757476.096,23.0,0.0,0.0,0.0,0.0,0.0,0.0
commit:23,31,0,576.0,346272499858.49036,346272499858.49036,1501.9524236787538,2993217125713.9194,23.0,0.0,0.0,0.0,0.0,0.0,0.0
commit:23,31,1,144.0,173136249929.24518,173136249929.24518,750.9762118393769,748304281428.4799,23.0,0.0,0.0,0.0,0.0,0.0,0.0
commit:23,32,0,595.2,359603991103.0422,359603991103.0422,1559.7775919903856,3092991029904.384,23.0,0.0,0.0,0.0,0.0,0.0,0.0
commit:23,32,1,148.8,179801995551.5211,179801995551.5211,779.8887959951928,773247757476.096,23.0,0.0,0.0,0.0,0.0,0.0,0.0
commit:23,33,0,576.0,349743881669.57166,349743881669.57166,1517.009496726133,2993217125713.9194,23.0,0.0,0.0,0.0,0.0,0.0,0.0
commit:23,33,1,144.0,174871940834.78583,174871940834.78583,758.5047483630665,748304281428.4799,23.0,0.0,0.0,0.0,0.0,0.0,0.0
commit:23,34,0,595.2,363209021113.8501,363209021113.8501,1575.4143623500888,3092991029904.384,23.0,0.0,0.0,0.0,0.0,0.0,0.0
commit:23,34,1,148.8,181604510556.92505,181604510556.92505,787.7071811750444,773247757476.096,23.0,0.0,0.0,0.0,0.0,0.0,0.0
commit:23,35,0,595.2,365025066219.4193,365025066219.4193,1583.291434161839,3092991029904.384,23.0,0.0,0.0,0.0,0.0,0.0,0.0
commit:23,35,1,148.8,182512533109.70966,182512533109.70966,791.6457170809196,773247757476.096,23.0,0.0,0.0,0.0,0.0,0.0,0.0
commit:23,36,0,576.0,355016314403.7255,355016314403.7255,1539.878604515466,2993217125713.9194,23.0,0.0,0.0,0.0,0.0,0.0,0.0
commit:23,36,1,144.0,177508157201.86276,177508157201.86276,769.939302257733,748304281428.4799,23.0,0.0,0.0,0.0,0.0,0.0,0.0
commit:24,1,0,595.2,616178562048.0001,616178562048.0001,2672.666426196395,3227468900769.7915,24.0,0.0,0.0,0.0,0.0,0.0,0.0
commit:24,1,1,148.8,308089281024.00006,308089281024.00006,1336.3332130981976,806867225192.4479,24.0,0.0,0.0,0.0,0.0,0.0,0.0
commit:24,2,0,576.0,599283343411.2001,599283343411.2001,2599.38363709101,3123357000744.9595,24.0,0.0,0.0,0.0,0.0,0.0,0.0
commit:24,2,1,144.0,299641671705.60004,299641671705.60004,1299.691818545505,780839250186.2399,24.0,0.0,0.0,0.0,0.0,0.0,0.0
commit:24,3,0,595.2,622355752132.5311,622355752132.5311,2699.459907119013,3227468900769.7915,24.0,0.0,0.0,0.0,0.0,0.0,0.0
commit:24,3,1,148.8,311177876066.26556,311177876066.26556,1349.7299535595066,806867225192.4479,24.0,0.0,0.0,0.0,0.0,0.0,0.0
commit:24,4,0,595.2,625467530893.1937,625467530893.1937,2712.957206654608,3227468900769.7915,24.0,0.0,0.0,0.0,0.0,0.0,0.0
commit:24,4,1,148.8,312733765446.59686,312733765446.59686,1356.478603327304,806867225192.4479,24.0,0.0,0.0,0.0,0.0,0.0,0.0
commit:24,5,0,537.6,567763107075.3055,567763107075.3055,2462.66502565357,2915133200695.2954,24.0,0.0,0.0,0.0,0.0,0.0,0.0
commit:24,5,1,134.4,283881553537.6528,283881553537.6528,1231.332512826785,728783300173.8239,24.0,0.0,0.0,0.0,0.0,0.0,0.0
commit:24,6,0,595.2,631737842890.3978,631737842890.3978,2740.1546026513197,3227468900769.7915,24.0,0.0,0.0,0.0,0.0,0.0,0.0
commit:24,6,1,148.8,315868921445.1989,315868921445.1989,1370.0773013256598,806867225192.4479,24.0,0.0,0.0,0.0,0.0,0.0,0.0
commit:24,7,0,576.0,307207999405.5725,307207999405.5725,1332.5106656441499,3123357000744.9595,24.0,0.0,0.0,0.0,0.0,0.0,0.0
commit:24,7,1,144.0,153603999702.78625,153603999702.78625,666.2553328220749,780839250186.2399,24.0,0.0,0.0,0.0,0.0,0.0,0.0
commit:24,8,0,595.2,319035507382.687,319035507382.687,1383.8123262714496,3227468900769.7915,24.0,0.0,0.0,0.0,0.0,0.0,0.0
commit:24,8,1,148.8,159517753691.3435,159517753691.3435,691.9061631357248,806867225192.4479,24.0,0.0,0.0,0.0,0.0,0.0,0.0
commit:24,9,0,576.0,310287759599.61334,310287759599.61334,1345.8690850672324,3123357000744.9595,24.0,0.0,0.0,0.0,0.0,0.0,0.0
commit:24,9,1,144.0,155143879799.80667,155143879799.80667,672.9345425336162,780839250186.2399,24.0,0.0,0.0,0.0,0.0,0.0,0.0
commit:24,10,0,595.2,322233838344.19836,322233838344.19836,1397.6850448423204,3227468900769.7915,24.0,0.0,0.0,0.0,0.0,0.0,0.0
commit:24,10,1,148.8,161116919172.09918,161116919172.09918,698.8425224211602,806867225192.4479,24.0,0.0,0.0,0.0,0.0,0.0,0.0
commit:24,11,0,595.2,323845007535.9194,323845007535.9194,1404.673470066532,3227468900769.7915,24.0,0.0,0.0,0.0,0.0,0.0,0.0
commit:24,11,1,148.8,161922503767.9597,161922503767.9597,702.336735033266,806867225192.4479,24.0,0.0,0.0,0.0,0.0,0.0,0.0
commit:24,12,0,576.0,314965386361.54736,314965386361.54736,1366.158229758256,3123357000744.9595,24.0,0.0,0.0,0.0,0.0,0.0,0.0
commit:24,12,1,144.0,157482693180.77368,157482693180.77368,683.079114879128,780839250186.2399,24.0,0.0,0.0,0.0,0.0,0.0,0.0
commit:24,13,0,595.2,327091553736.46686,327091553736.46686,1418.7553216039487,3227468900769.7915,24.0,0.0,0.0,0.0,0.0,0.0,0.0
commit:24,13,1,148.8,163545776868.23343,163545776868.23343,709.3776608019743,806867225192.4479,24.0,0.0,0.0,0.0,0.0,0.0,0.0
commit:24,14,0,576.0,318122914359.8218,318122914359.8218,1379.853966011582,3123357000744.9595,24.0,0.0,0.0,0.0,0.0,0.0,0.0
commit:24,14,1,144.0,159061457179.9109,159061457179.9109,689.926983005791,780839250186.2399,24.0,0.0,0.0,0.0,0.0,0.0,0.0
commit:24,15,0,595.2,330370646562.67487,330370646562.67487,1432.9783437030278,3227468900769.7915,24.0,0.0,0.0,0.0,0.0,0.0,0.0
commit:24,15,1,148.8,165185323281.33743,165185323281.33743,716.4891718515139,806867225192.4479,24.0,0.0,0.0,0.0,0.0,0.0,0.0
commit:24,16,0,595.2,332022499795.4882,332022499795.4882,1440.1432354215428,3227468900769.7915,24.0,0.0,0.0,0.0,0.0,0.0,0.0
commit:24,16,1,148.8,166011249897.7441,166011249897.7441,720.0716177107714,806867225192.4479,24.0,0.0,0.0,0.0,0.0,0.0,0.0
commit:24,17,0,556.8000000000001,312154701823.855,312154701823.855,1353.966922463254,3019245100720.128,24.0,0.0,0.0,0.0,0.0,0.0,0.0
commit:24,17,1,139.20000000000002,156077350911.9275,156077350911.9275,676.983461231627,754811275180.032,24.0,0.0,0.0,0.0,0.0,0.0,0.0
commit:24,18,0,595.2,335351025355.93787,335351025355.93787,1454.5806713566433,3227468900769.7915,24.0,0.0,0.0,0.0,0.0,0.0,0.0
commit:24,18,1,148.8,167675512677.96893,167675512677.96893,727.2903356783216,806867225192.4479,24.0,0.0,0.0,0.0,0.0,0.0,0.0
commit:24,19,0,576.0,326155916596.1783,326155916596.1783,1414.697007787187,3123357000744.9595,24.0,0.0,0.0,0.0,0.0,0.0,0.0
commit:24,19,1,144.0,163077958298.08914,163077958298.08914,707.3485038935935,780839250186.2399,24.0,0.0,0.0,0.0,0.0,0.0,0.0
commit:24,20,0,595.2,338712919385.1311,338712919385.1311,1469.1628425869935,3227468900769.7915,24.0,0.0,0.0,0.0,0.0,0.0,0.0
commit:24,20,1,148.8,169356459692.56555,169356459692.56555,734.5814212934968,806867225192.4479,24.0,0.0,0.0,0.0,0.0,0.0,0.0
commit:24,21,0,576.0,329425629660.0549,329425629660.0549,1428.8793452902532,3123357000744.9595,24.0,0.0,0.0,0.0,0.0,0.0,0.0
commit:24,21,1,144.0,164712814830.02744,164712814830.02744,714.4396726451266,780839250186.2399,24.0,0.0,0.0,0.0,0.0,0.0,0.0
commit:24,22,0,595.2,342108516401.967,342108516401.967,1483.891200083928,3227468900769.7915,24.0,0.0,0.0,0.0,0.0,0.0,0.0
commit:24,22,1,148.8,171054258200.9835,171054258200.9835,741.945600041964,806867225192.4479,24.0,0.0,0.0,0.0,0.0,0.0,0.0
commit:24,23,0,595.2,343819058983.97675,343819058983.97675,1491.310656084347,3227468900769.7915,24.0,0.0,0.0,0.0,0.0,0.0,0.0
commit:24,23,1,148.8,171909529491.98837,171909529491.98837,745.6553280421736,806867225192.4479,24.0,0.0,0.0,0.0,0.0,0.0,0.0
commit:24,24,0,576.0,334391762205.38385,334391762205.38385,1450.4198800304216,3123357000744.9595,24.0,0.0,0.0,0.0,0.0,0.0,0.0
commit:24,24,1,144.0,167195881102.69193,167195881102.69193,725.2099400152108,780839250186.2399,24.0,0.0,0.0,0.0,0.0,0.0,0.0
commit:24,25,0,595.2,347265845050.2911,347265845050.2911,1506.2610454115927,3227468900769.7915,24.0,0.0,0.0,0.0,0.0,0.0,0.0
commit:24,25,1,148.8,173632922525.14554,173632922525.14554,753.1305227057964,806867225192.4479,24.0,0.0,0.0,0.0,0.0,0.0,0.0
commit:24,26,0,576.0,337744039621.4927,337744039621.4927,1464.960339327726,3123357000744.9595,24.0,0.0,0.0,0.0,0.0,0.0,0.0
commit:24,26,1,144.0,168872019810.74634,168872019810.74634,732.480169663863,780839250186.2399,24.0,0.0,0.0,0.0,0.0,0.0,0.0
commit:24,27,0,595.2,350747185146.92017,350747185146.92017,1521.3613123918435,3227468900769.7915,24.0,0.0,0.0,0.0,0.0,0.0,0.0
commit:24,27,1,148.8,175373592573.46008,175373592573.46008,760.6806561959218,806867225192.4479,24.0,0.0,0.0,0.0,0.0,0.0,0.0
commit:24,28,0,595.2,352500921072.6547,352500921072.6547,1528.9681189538026,3227468900769.7915,24.0,0.0,0.0,0.0,0.0,0.0,0.0
commit:24,28,1,148.8,176250460536.32736,176250460536.32736,764.4840594769013,806867225192.4479,24.0,0.0,0.0,0.0,0.0,0.0,0.0
commit:24,29,0,537.6,319979868354.3388,319979868354.3388,1387.9084795922581,2915133200695.2954,24.0,0.0,0.0,0.0,0.0,0.0,0.0
commit:24,29,1,134.4,159989934177.1694,159989934177.1694,693.9542397961291,728783300173.8239,24.0,0.0,0.0,0.0,0.0,0.0,0.0
commit:24,30,0,595.2,356034742806.408,356034742806.408,1544.2960243463142,3227468900769.7915,24.0,0.0,0.0,0.0,0.0,0.0,0.0
commit:24,30,1,148.8,178017371403.204,178017371403.204,772.1480121731571,806867225192.4479,24.0,0.0,0.0,0.0,0.0,0.0,0.0
commit:24,31,0,576.0,346272499858.49036,346272499858.49036,1501.9524236787538,3123357000744.9595,24.0,0.0,0.0,0.0,0.0,0.0,0.0
commit:24,31,1,144.0,173136249929.24518,173136249929.24518,750.9762118393769,780839250186.2399,24.0,0.0,0.0,0.0,0.0,0.0,0.0
commit:24,32,0,595.2,359603991103.0422,359603991103.0422,1559.7775919903856,3227468900769.7915,24.0,0.0,0.0,0.0,0.0,0.0,0.0
commit:24,32,1,148.8,179801995551.5211,179801995551.5211,779.8887959951928,806867225192.4479,24.0,0.0,0.0,0.0,0.0,0.0,0.0
commit:24,33,0,576.0,349743881669.57166,349743881669.57166,1517.009496726133,3123357000744.9595,24.0,0.0,0.0,0.0,0.0,0.0,0.0
commit:24,33,1,144.0,174871940834.78583,174871940834.78583,758.5047483630665,780839250186.2399,24.0,0.0,0.0,0.0,0.0,0.0,0.0
commit:24,34,0,595.2,363209021113.8501,363209021113.8501,1575.4143623500888,3227468900769.7915,24.0,0.0,0.0,0.0,0.0,0.0,0.0
commit:24,34,1,148.8,181604510556.92505,181604510556.92505,787.7071811750444,806867225192.4479,24.0,0.0,0.0,0.0,0.0,0.0,0.0
commit:24,35,0,595.2,365025066219.4193,365025066219.4193,1583.291434161839,3227468900769.7915,24.0,0.0,0.0,0.0,0.0,0.0,0.0
commit:24,35,1,148.8,182512533109.70966,182512533109.70966,791.6457170809196,806867225192.4479,24.0,0.0,0.0,0.0,0.0,0.0,0.0
commit:24,36,0,576.0,355016314403.7255,355016314403.7255,1539.878604515466,3123357000744.9595,24.0,0.0,0.0,0.0,0.0,0.0,0.0
commit:24,36,1,144.0,177508157201.86276,177508157201.86276,769.939302257733,780839250186.2399,24.0,0.0,0.0,0.0,0.0,0.0,0.0
commit:25,1,0,595.2,616178562048.0001,616178562048.0001,2672.666426196395,3361946771635.1997,25.0,0.0,0.0,0.0,0.0,0.0,0.0
commit:25,1,1,148.8,308089281024.00006,308089281024.00006,1336.3332130981976,840486692908.7999,25.0,0.0,0.0,0.0,0.0,0.0,0.0
commit:25,2,0,576.0,599283343411.2001,599283343411.2001,2599.38363709101,3253496875775.9995,25.0,0.0,0.0,0.0,0.0,0.0,0.0
commit:25,2,1,144.0,299641671705.60004,299641671705.60004,1299.691818545505,813374218943.9999,25.0,0.0,0.0,0.0,0.0,0.0,0.0
commit:25,3,0,595.2,622355752132.5311,622355752132.5311,2699.459907119013,3361946771635.1997,25.0,0.0,0.0,0.0,0.0,0.0,0.0
commit:25,3,1,148.8,311177876066.26556,311177876066.26556,1349.7299535595066,840486692908.7999,25.0,0.0,0.0,0.0,0.0,0.0,0.0
commit:25,4,0,595.2,625467530893.1937,625467530893.1937,2712.957206654608,3361946771635.1997,25.0,0.0,0.0,0.0,0.0,0.0,0.0
commit:25,4,1,148.8,312733765446.59686,312733765446.59686,1356.478603327304,840486692908.7999,25.0,0.0,0.0,0.0,0.0,0.0,0.0
commit:25,5,0,537.6,567763107075.3055,567763107075.3055,2462.66502565357,3036597084057.5996,25.0,0.0,0.0,0.0,0.0,0.0,0.0
commit:25,5,1,134.4,283881553537.6528,283881553537.6528,1231.332512826785,759149271014.3999,25.0,0.0,0.0,0.0,0.0,0.0,0.0
commit:25,6,0,595.2,631737842890.3978,631737842890.3978,2740.1546026513197,3361946771635.1997,25.0,0.0,0.0,0.0,0.0,0.0,0.0
commit:25,6,1,148.8,315868921445.1989,315868921445.1989,1370.0773013256598,840486692908.7999,25.0,0.0,0.0,0.0,0.0,0.0,0.0
commit:25,7,0,576.0,307207999405.5725,307207999405.5725,1332.5106656441499,3253496875775.9995,25.0,0.0,0.0,0.0,0.0,0.0,0.0
commit:25,7,1,144.0,153603999702.78625,153603999702.78625,666.2553328220749,813374218943.9999,25.0,0.0,0.0,0.0,0.0,0.0,0.0
commit:25,8,0,595.2,319035507382.687,319035507382.687,1383.8123262714496,3361946771635.1997,25.0,0.0,0.0,0.0,0.0,0.0,0.0
commit:25,8,1,148.8,159517753691.3435,159517753691.3435,691.9061631357248,840486692908.7999,25.0,0.0,0.0,0.0,0.0,0.0,0.0
commit:25,9,0,576.0,310287759599.61334,310287759599.61334,1345.8690850672324,3253496875775.9995,25.0,0.0,0.0,0.0,0.0,0.0,0.0
commit:25,9,1,144.0,155143879799.80667,155143879799.80667,672.9345425336162,813374218943.9999,25.0,0.0,0.0,0.0,0.0,0.0,0.0
commit:25,10,0,595.2,322233838344.19836,322233838344.19836,1397.6850448423204,3361946771635.1997,25.0,0.0,0.0,0.0,0.0,0.0,0.0
commit:25,10,1,148.8,161116919172.09918,161116919172.09918,698.8425224211602,840486692908.7999,25.0,0.0,0.0,0.0,0.0,0.0,0.0
commit:25,11,0,595.2,323845007535.9194,323845007535.9194,1404.673470066532,3361946771635.1997,25.0,0.0,0.0,0.0,0.0,0.0,0.0
commit:25,11,1,148.8,161922503767.9597,161922503767.9597,702.336735033266,840486692908.7999,25.0,0.0,0.0,0.0,0.0,0.0,0.0
commit:25,12,0,576.0,314965386361.54736,314965386361.54736,1366.158229758256,3253496875775.9995,25.0,0.0,0.0,0.0,0.0,0.0,0.0
commit:25,12,1,144.0,157482693180.77368,157482693180.77368,683.079114879128,813374218943.9999,25.0,0.0,0.0,0.0,0.0,0.0,0.0
commit:25,13,0,595.2,327091553736.46686,327091553736.46686,1418.7553216039487,3361946771635.1997,25.0,0.0,0.0,0.0,0.0,0.0,0.0
commit:25,13,1,148.8,163545776868.23343,163545776868.23343,709.3776608019743,840486692908.7999,25.0,0.0,0.0,0.0,0.0,0.0,0.0
commit:25,14,0,576.0,318122914359.8218,318122914359.8218,1379.853966011582,3253496875775.9995,25.0,0.0,0.0,0.0,0.0,0.0,0.0
commit:25,14,1,144.0,159061457179.9109,159061457179.9109,689.926983005791,813374218943.9999,25.0,0.0,0.0,0.0,0.0,0.0,0.0
commit:25,15,0,595.2,330370646562.67487,330370646562.67487,1432.9783437030278,3361946771635.1997,25.0,0.0,0.0,0.0,0.0,0.0,0.0
commit:25,15,1,148.8,165185323281.33743,165185323281.33743,716.4891718515139,840486692908.7999,25.0,0.0,0.0,0.0,0.0,0.0,0.0
commit:25,16,0,595.2,332022499795.4882,332022499795.4882,1440.1432354215428,3361946771635.1997,25.0,0.0,0.0,0.0,0.0,0.0,0.0
commit:25,16,1,148.8,166011249897.7441,166011249897.7441,720.0716177107714,840486692908.7999,25.0,0.0,0.0,0.0,0.0,0.0,0.0
commit:25,17,0,556.8000000000001,312154701823.855,312154701823.855,1353.966922463254,3145046979916.8,25.0,0.0,0.0,0.0,0.0,0.0,0.0
commit:25,17,1,139.20000000000002,156077350911.9275,156077350911.9275,676.983461231627,786261744979.2,25.0,0.0,0.0,0.0,0.0,0.0,0.0
commit:25,18,0,595.2,335351025355.93787,335351025355.93787,1454.5806713566433,3361946771635.1997,25.0,0.0,0.0,0.0,0.0,0.0,0.0
commit:25,18,1,148.8,167675512677.96893,167675512677.96893,727.2903356783216,840486692908.7999,25.0,0.0,0.0,0.0,0.0,0.0,0.0
commit:25,19,0,576.0,326155916596.1783,326155916596.1783,1414.697007787187,3253496875775.9995,25.0,0.0,0.0,0.0,0.0,0.0,0.0
commit:25,19,1,144.0,163077958298.08914,163077958298.08914,707.3485038935935,813374218943.9999,25.0,0.0,0.0,0.0,0.0,0.0,0.0
commit:25,20,0,595.2,338712919385.1311,338712919385.1311,1469.1628425869935,3361946771635.1997,25.0,0.0,0.0,0.0,0.0,0.0,0.0
commit:25,20,1,148.8,169356459692.56555,169356459692.56555,734.5814212934968,840486692908.7999,25.0,0.0,0.0,0.0,0.0,0.0,0.0
commit:25,21,0,576.0,329425629660.0549,329425629660.0549,1428.8793452902532,3253496875775.9995,25.0,0.0,0.0,0.0,0.0,0.0,0.0
commit:25,21,1,144.0,164712814830.02744,164712814830.02744,714.4396726451266,813374218943.9999,25.0,0.0,0.0,0.0,0.0,0.0,0.0
commit:25,22,0,595.2,342108516401.967,342108516401.967,1483.891200083928,3361946771635.1997,25.0,0.0,0.0,0.0,0.0,0.0,0.0
commit:25,22,1,148.8,171054258200.9835,171054258200.9835,741.945600041964,840486692908.7999,25.0,0.0,0.0,0.0,0.0,0.0,0.0
commit:25,23,0,595.2,343819058983.97675,343819058983.97675,1491.310656084347,3361946771635.1997,25.0,0.0,0.0,0.0,0.0,0.0,0.0
commit:25,23,1,148.8,171909529491.98837,171909529491.98837,745.6553280421736,840486692908.7999,25.0,0.0,0.0,0.0,0.0,0.0,0.0
commit:25,24,0,576.0,334391762205.38385,334391762205.38385,1450.4198800304216,3253496875775.9995,25.0,0.0,0.0,0.0,0.0,0.0,0.0
commit:25,24,1,144.0,167195881102.69193,167195881102.69193,725.2099400152108,813374218943.9999,25.0,0.0,0.0,0.0,0.0,0.0,0.0
commit:25,25,0,595.2,347265845050.2911,347265845050.2911,1506.2610454115927,3361946771635.1997,25.0,0.0,0.0,0.0,0.0,0.0,0.0
commit:25,25,1,148.8,173632922525.14554,173632922525.14554,753.1305227057964,840486692908.7999,25.0,0.0,0.0,0.0,0.0,0.0,0.0
commit:25,26,0,576.0,337744039621.4927,337744039621.4927,1464.960339327726,3253496875775.9995,25.0,0.0,0.0,0.0,0.0,0.0,0.0
commit:25,26,1,144.0,168872019810.74634,168872019810.74634,732.480169663863,813374218943.9999,25.0,0.0,0.0,0.0,0.0,0.0,0.0
commit:25,27,0,595.2,350747185146.92017,350747185146.92017,1521.3613123918435,3361946771635.1997,25.0,0.0,0.0,0.0,0.0,0.0,0.0
commit:25,27,1,148.8,175373592573.46008,175373592573.46008,760.6806561959218,840486692908.7999,25.0,0.0,0.0,0.0,0.0,0.0,0.0
commit:25,28,0,595.2,352500921072.6547,352500921072.6547,1528.9681189538026,3361946771635.1997,25.0,0.0,0.0,0.0,0.0,0.0,0.0
commit:25,28,1,148.8,176250460536.32736,176250460536.32736,764.4840594769013,840486692908.7999,25.0,0.0,0.0,0.0,0.0,0.0,0.0
commit:25,29,0,537.6,319979868354.3388,319979868354.3388,1387.9084795922581,3036597084057.5996,25.0,0.0,0.0,0.0,0.0,0.0,0.0
commit:25,29,1,134.4,159989934177.1694,159989934177.1694,693.9542397961291,759149271014.3999,25.0,0.0,0.0,0.0,0.0,0.0,0.0
commit:25,30,0,595.2,356034742806.408,356034742806.408,1544.2960243463142,3361946771635.1997,25.0,0.0,0.0,0.0,0.0,0.0,0.0
commit:25,30,1,148.8,178017371403.204,178017371403.204,772.1480121731571,840486692908.7999,25.0,0.0,0.0,0.0,0.0,0.0,0.0
commit:25,31,0,576.0,346272499858.49036,346272499858.49036,1501.9524236787538,3253496875775.9995,25.0,0.0,0.0,0.0,0.0,0.0,0.0
commit:25,31,1,144.0,173136249929.24518,173136249929.24518,750.9762118393769,813374218943.9999,25.0,0.0,0.0,0.0,0.0,0.0,0.0
commit:25,32,0,595.2,359603991103.0422,359603991103.0422,1559.7775919903856,3361946771635.1997,25.0,0.0,0.0,0.0,0.0,0.0,0.0
commit:25,32,1,148.8,179801995551.5211,179801995551.5211,779.8887959951928,840486692908.7999,25.0,0.0,0.0,0.0,0.0,0.0,0.0
commit:25,33,0,576.0,349743881669.57166,349743881669.57166,1517.009496726133,3253496875775.9995,25.0,0.0,0.0,0.0,0.0,0.0,0.0
commit:25,33,1,144.0,174871940834.78583,174871940834.78583,758.5047483630665,813374218943.9999,25.0,0.0,0.0,0.0,0.0,0.0,0.0
commit:25,34,0,595.2,363209021113.8501,363209021113.8501,1575.4143623500888,3361946771635.1997,25.0,0.0,0.0,0.0,0.0,0.0,0.0
commit:25,34,1,148.8,181604510556.92505,181604510556.92505,787.7071811750444,840486692908.7999,25.0,0.0,0.0,0.0,0.0,0.0,0.0
commit:25,35,0,595.2,365025066219.4193,365025066219.4193,1583.291434161839,3361946771635.1997,25.0,0.0,0.0,0.0,0.0,0.0,0.0
commit:25,35,1,148.8,182512533109.70966,182512533109.70966,791.6457170809196,840486692908.7999,25.0,0.0,0.0,0.0,0.0,0.0,0.0
commit:25,36,0,576.0,355016314403.7255,355016314403.7255,1539.878604515466,3253496875775.9995,25.0,0.0,0.0,0.0,0.0,0.0,0.0
commit:25,36,1,144.0,177508157201.86276,177508157201.86276,769.939302257733,813374218943.9999,25.0,0.0,0.0,0.0,0.0,0.0,0.0
commit:26,1,0,595.2,616178562048.0001,616178562048.0001,2672.666426196395,3496424642500.608,26.0,0.0,0.0,0.0,0.0,0.0,0.0
commit:26,1,1,148.8,308089281024.00006,308089281024.00006,1336.3332130981976,874106160625.152,26.0,0.0,0.0,0.0,0.0,0.0,0.0
commit:26,2,0,576.0,599283343411.2001,599283343411.2001,2599.38363709101,3383636750807.0396,26.0,0.0,0.0,0.0,0.0,0.0,0.0
commit:26,2,1,144.0,299641671705.60004,299641671705.60004,1299.691818545505,845909187701.7599,26.0,0.0,0.0,0.0,0.0,0.0,0.0
commit:26,3,0,595.2,622355752132.5311,622355752132.5311,2699.459907119013,3496424642500.608,26.0,0.0,0.0,0.0,0.0,0.0,0.0
commit:26,3,1,148.8,311177876066.26556,311177876066.26556,1349.7299535595066,874106160625.152,26.0,0.0,0.0,0.0,0.0,0.0,0.0
commit:26,4,0,595.2,625467530893.1937,625467530893.1937,2712.957206654608,3496424642500.608,26.0,0.0,0.0,0.0,0.0,0.0,0.0
commit:26,4,1,148.8,312733765446.59686,312733765446.59686,1356.478603327304,874106160625.152,26.0,0.0,0.0,0.0,0.0,0.0,0.0
commit:26,5,0,537.6,567763107075.3055,567763107075.3055,2462.66502565357,3158060967419.904,26.0,0.0,0.0,0.0,0.0,0.0,0.0
commit:26,5,1,134.4,283881553537.6528,283881553537.6528,1231.332512826785,789515241854.976,26.0,0.0,0.0,0.0,0.0,0.0,0.0
commit:26,6,0,595.2,631737842890.3978,631737842890.3978,2740.1546026513197,3496424642500.608,26.0,0.0,0.0,0.0,0.0,0.0,0.0
commit:26,6,1,148.8,315868921445.1989,315868921445.1989,1370.0773013256598,874106160625.152,26.0,0.0,0.0,0.0,0.0,0.0,0.0
commit:26,7,0,576.0,307207999405.5725,307207999405.5725,1332.5106656441499,3383636750807.0396,26.0,0.0,0.0,0.0,0.0,0.0,0.0
commit:26,7,1,144.0,153603999702.78625,153603999702.78625,666.2553328220749,845909187701.7599,26.0,0.0,0.0,0.0,0.0,0.0,0.0
commit:26,8,0,595.2,319035507382.687,319035507382.687,1383.8123262714496,3496424642500.608,26.0,0.0,0.0,0.0,0.0,0.0,0.0
commit:26,8,1,148.8,159517753691.3435,159517753691.3435,691.9061631357248,874106160625.152,26.0,0.0,0.0,0.0,0.0,0.0,0.0
commit:26,9,0,576.0,310287759599.61334,310287759599.61334,1345.8690850672324,3383636750807.0396,26.0,0.0,0.0,0.0,0.0,0.0,0.0
commit:26,9,1,144.0,155143879799.80667,155143879799.80667,672.9345425336162,845909187701.7599,26.0,0.0,0.0,0.0,0.0,0.0,0.0
commit:26,10,0,595.2,322233838344.19836,322233838344.19836,1397.6850448423204,3496424642500.608,26.0,0.0,0.0,0.0,0.0,0.0,0.0
commit:26,10,1,148.8,161116919172.09918,161116919172.09918,698.8425224211602,874106160625.152,26.0,0.0,0.0,0.0,0.0,0.0,0.0
commit:26,11,0,595.2,323845007535.9194,323845007535.9194,1404.673470066532,3496424642500.608,26.0,0.0,0.0,0.0,0.0,0.0,0.0
commit:26,11,1,148.8,161922503767.9597,161922503767.9597,702.336735033266,874106160625.152,26.0,0.0,0.0,0.0,0.0,0.0,0.0
commit:26,12,0,576.0,314965386361.54736,314965386361.54736,1366.158229758256,3383636750807.0396,26.0,0.0,0.0,0.0,0.0,0.0,0.0
commit:26,12,1,144.0,157482693180.77368,157482693180.77368,683.079114879128,845909187701.7599,26.0,0.0,0.0,0.0,0.0,0.0,0.0
commit:26,13,0,595.2,327091553736.46686,327091553736.46686,1418.7553216039487,3496424642500.608,26.0,0.0,0.0,0.0,0.0,0.0,0.0
commit:26,13,1,148.8,163545776868.23343,163545776868.23343,709.3776608019743,874106160625.152,26.0,0.0,0.0,0.0,0.0,0.0,0.0
commit:26,14,0,576.0,318122914359.8218,318122914359.8218,1379.853966011582,3383636750807.0396,26.0,0.0,0.0,0.0,0.0,0.0,0.0
commit:26,14,1,144.0,159061457179.9109,159061457179.9109,689.926983005791,845909187701.7599,26.0,0.0,0.0,0.0,0.0,0.0,0.0
commit:26,15,0,595.2,330370646562.67487,330370646562.67487,1432.9783437030278,3496424642500.608,26.0,0.0,0.0,0.0,0.0,0.0,0.0
commit:26,15,1,148.8,165185323281.33743,165185323281.33743,716.4891718515139,874106160625.152,26.0,0.0,0.0,0.0,0.0,0.0,0.0
commit:26,16,0,595.2,332022499795.4882,332022499795.4882,1440.1432354215428,3496424642500.608,26.0,0.0,0.0,0.0,0.0,0.0,0.0
commit:26,16,1,148.8,166011249897.7441,166011249897.7441,720.0716177107714,874106160625.152,26.0,0.0,0.0,0.0,0.0,0.0,0.0
commit:26,17,0,556.8000000000001,312154701823.855,312154701823.855,1353.966922463254,3270848859113.4717,26.0,0.0,0.0,0.0,0.0,0.0,0.0
commit:26,17,1,139.20000000000002,156077350911.9275,156077350911.9275,676.983461231627,817712214778.3679,26.0,0.0,0.0,0.0,0.0,0.0,0.0
commit:26,18,0,595.2,335351025355.93787,335351025355.93787,1454.5806713566433,3496424642500.608,26.0,0.0,0.0,0.0,0.0,0.0,0.0
commit:26,18,1,148.8,167675512677.96893,167675512677.96893,727.2903356783216,874106160625.152,26.0,0.0,0.0,0.0,0.0,0.0,0.0
commit:26,19,0,576.0,326155916596.1783,326155916596.1783,1414.697007787187,3383636750807.0396,26.0,0.0,0.0,0.0,0.0,0.0,0.0
commit:26,19,1,144.0,163077958298.08914,163077958298.08914,707.3485038935935,845909187701.7599,26.0,0.0,0.0,0.0,0.0,0.0,0.0
commit:26,20,0,595.2,338712919385.1311,338712919385.1311,1469.1628425869935,3496424642500.608,26.0,0.0,0.0,0.0,0.0,0.0,0.0
commit:26,20,1,148.8,169356459692.56555,169356459692.56555,734.5814212934968,874106160625.152,26.0,0.0,0.0,0.0,0.0,0.0,0.0
commit:26,21,0,576.0,329425629660.0549,329425629660.0549,1428.8793452902532,3383636750807.0396,26.0,0.0,0.0,0.0,0.0,0.0,0.0
commit:26,21,1,144.0,164712814830.02744,164712814830.02744,714.4396726451266,845909187701.7599,26.0,0.0,0.0,0.0,0.0,0.0,0.0
commit:26,22,0,595.2,342108516401.967,342108516401.967,1483.891200083928,3496424642500.608,26.0,0.0,0.0,0.0,0.0,0.0,0.0
commit:26,22,1,148.8,171054258200.9835,171054258200.9835,741.945600041964,874106160625.152,26.0,0.0,0.0,0.0,0.0,0.0,0.0
commit:26,23,0,595.2,343819058983.97675,343819058983.97675,1491.310656084347,3496424642500.608,26.0,0.0,0.0,0.0,0.0,0.0,0.0
commit:26,23,1,148.8,171909529491.98837,171909529491.98837,745.6553280421736,874106160625.152,26.0,0.0,0.0,0.0,0.0,0.0,0.0
commit:26,24,0,576.0,334391762205.38385,334391762205.38385,1450.4198800304216,3383636750807.0396,26.0,0.0,0.0,0.0,0.0,0.0,0.0
commit:26,24,1,144.0,167195881102.69193,167195881102.69193,725.2099400152108,845909187701.7599,26.0,0.0,0.0,0.0,0.0,0.0,0.0
commit:26,25,0,595.2,347265845050.2911,347265845050.2911,1506.2610454115927,3496424642500.608,26.0,0.0,0.0,0.0,0.0,0.0,0.0
commit:26,25,1,148.8,173632922525.14554,173632922525.14554,753.1305227057964,874106160625.152,26.0,0.0,0.0,0.0,0.0,0.0,0.0
commit:26,26,0,576.0,337744039621.4927,337744039621.4927,1464.960339327726,3383636750807.0396,26.0,0.0,0.0,0.0,0.0,0.0,0.0
commit:26,26,1,144.0,168872019810.74634,168872019810.74634,732.480169663863,845909187701.7599,26.0,0.0,0.0,0.0,0.0,0.0,0.0
commit:26,27,0,595.2,350747185146.92017,350747185146.92017,1521.3613123918435,3496424642500.608,26.0,0.0,0.0,0.0,0.0,0.0,0.0
commit:26,27,1,148.8,175373592573.46008,175373592573.46008,760.6806561959218,874106160625.152,26.0,0.0,0.0,0.0,0.0,0.0,0.0
commit:26,28,0,595.2,352500921072.6547,352500921072.6547,1528.9681189538026,3496424642500.608,26.0,0.0,0.0,0.0,0.0,0.0,0.0
commit:26,28,1,148.8,176250460536.32736,176250460536.32736,764.4840594769013,874106160625.152,26.0,0.0,0.0,0.0,0.0,0.0,0.0
commit:26,29,0,537.6,319979868354.3388,319979868354.3388,1387.9084795922581,3158060967419.904,26.0,0.0,0.0,0.0,0.0,0.0,0.0
commit:26,29,1,134.4,159989934177.1694,159989934177.1694,693.9542397961291,789515241854.976,26.0,0.0,0.0,0.0,0.0,0.0,0.0
commit:26,30,0,595.2,356034742806.408,356034742806.408,1544.2960243463142,3496424642500.608,26.0,0.0,0.0,0.0,0.0,0.0,0.0
commit:26,30,1,148.8,178017371403.204,178017371403.204,772.1480121731571,874106160625.152,26.0,0.0,0.0,0.0,0.0,0.0,0.0
commit:26,31,0,576.0,346272499858.49036,346272499858.49036,1501.9524236787538,3383636750807.0396,26.0,0.0,0.0,0.0,0.0,0.0,0.0
commit:26,31,1,144.0,173136249929.24518,173136249929.24518,750.9762118393769,845909187701.7599,26.0,0.0,0.0,0.0,0.0,0.0,0.0
commit:26,32,0,595.2,359603991103.0422,359603991103.0422,1559.7775919903856,3496424642500.608,26.0,0.0,0.0,0.0,0.0,0.0,0.0
commit:26,32,1,148.8,179801995551.5211,179801995551.5211,779.8887959951928,874106160625.152,26.0,0.0,0.0,0.0,0.0,0.0,0.0
commit:26,33,0,576.0,349743881669.57166,349743881669.57166,1517.009496726133,3383636750807.0396,26.0,0.0,0.0,0.0,0.0,0.0,0.0
commit:26,33,1,144.0,174871940834.78583,174871940834.78583,758.5047483630665,845909187701.7599,26.0,0.0,0.0,0.0,0.0,0.0,0.0
commit:26,34,0,595.2,363209021113.8501,363209021113.8501,1575.4143623500888,3496424642500.608,26.0,0.0,0.0,0.0,0.0,0.0,0.0
commit:26,34,1,148.8,181604510556.92505,181604510556.92505,787.7071811750444,874106160625.152,26.0,0.0,0.0,0.0,0.0,0.0,0.0
commit:26,35,0,595.2,365025066219.4193,365025066219.4193,1583.291434161839,3496424642500.608,26.0,0.0,0.0,0.0,0.0,0.0,0.0
commit:26,35,1,148.8,182512533109.70966,182512533109.70966,791.6457170809196,874106160625.152,26.0,0.0,0.0,0.0,0.0,0.0,0.0
commit:26,36,0,576.0,355016314403.7255,355016314403.7255,1539.878604515466,3383636750807.0396,26.0,0.0,0.0,0.0,0.0,0.0,0.0
commit:26,36,1,144.0,177508157201.86276,177508157201.86276,769.939302257733,845909187701.7599,26.0,0.0,0.0,0.0,0.0,0.0,0.0
commit:27,1,0,595.2,616178562048.0001,616178562048.0001,2672.666426196395,3630902513366.0156,27.0,0.0,0.0,0.0,0.0,0.0,0.0
commit:27,1,1,148.8,308089281024.00006,308089281024.00006,1336.3332130981976,907725628341.5039,27.0,0.0,0.0,0.0,0.0,0.0,0.0
commit:27,2,0,576.0,599283343411.2001,599283343411.2001,2599.38363709101,3513776625838.0796,27.0,0.0,0.0,0.0,0.0,0.0,0.0
commit:27,2,1,144.0,299641671705.60004,299641671705.60004,1299.691818545505,878444156459.5199,27.0,0.0,0.0,0.0,0.0,0.0,0.0
commit:27,3,0,595.2,622355752132.5311,622355752132.5311,2699.459907119013,3630902513366.0156,27.0,0.0,0.0,0.0,0.0,0.0,0.0
commit:27,3,1,148.8,311177876066.26556,311177876066.26556,1349.7299535595066,907725628341.5039,27.0,0.0,0.0,0.0,0.0,0.0,0.0
commit:27,4,0,595.2,625467530893.1937,625467530893.1937,2712.957206654608,3630902513366.0156,27.0,0.0,0.0,0.0,0.0,0.0,0.0
commit:27,4,1,148.8,312733765446.59686,312733765446.59686,1356.478603327304,907725628341.5039,27.0,0.0,0.0,0.0,0.0,0.0,0.0
commit:27,5,0,537.6,567763107075.3055,567763107075.3055,2462.66502565357,3279524850782.2075,27.0,0.0,0.0,0.0,0.0,0.0,0.0
commit:27,5,1,134.4,283881553537.6528,283881553537.6528,1231.332512826785,819881212695.5519,27.0,0.0,0.0,0.0,0.0,0.0,0.0
commit:27,6,0,595.2,631737842890.3978,631737842890.3978,2740.1546026513197,3630902513366.0156,27.0,0.0,0.0,0.0,0.0,0.0,0.0
commit:27,6,1,148.8,315868921445.1989,315868921445.1989,1370.0773013256598,907725628341.5039,27.0,0.0,0.0,0.0,0.0,0.0,0.0
commit:27,7,0,576.0,307207999405.5725,307207999405.5725,1332.5106656441499,3513776625838.0796,27.0,0.0,0.0,0.0,0.0,0.0,0.0
commit:27,7,1,144.0,153603999702.78625,153603999702.78625,666.2553328220749,878444156459.5199,27.0,0.0,0.0,0.0,0.0,0.0,0.0
commit:27,8,0,595.2,319035507382.687,319035507382.687,1383.8123262714496,3630902513366.0156,27.0,0.0,0.0,0.0,0.0,0.0,0.0
commit:27,8,1,148.8,159517753691.3435,159517753691.3435,691.9061631357248,907725628341.5039,27.0,0.0,0.0,0.0,0.0,0.0,0.0
commit:27,9,0,576.0,310287759599.61334,310287759599.61334,1345.8690850672324,3513776625838.0796,27.0,0.0,0.0,0.0,0.0,0.0,0.0
commit:27,9,1,144.0,155143879799.80667,155143879799.80667,672.9345425336162,878444156459.5199,27.0,0.0,0.0,0.0,0.0,0.0,0.0
commit:27,10,0,595.2,322233838344.19836,322233838344.19836,1397.6850448423204,3630902513366.0156,27.0,0.0,0.0,0.0,0.0,0.0,0.0
commit:27,10,1,148.8,161116919172.09918,161116919172.09918,698.8425224211602,907725628341.5039,27.0,0.0,0.0,0.0,0.0,0.0,0.0
commit:27,11,0,595.2,323845007535.9194,323845007535.9194,1404.673470066532,3630902513366.0156,27.0,0.0,0.0,0.0,0.0,0.0,0.0
commit:27,11,1,148.8,161922503767.9597,161922503767.9597,702.336735033266,907725628341.5039,27.0,0.0,0.0,0.0,0.0,0.0,0.0
commit:27,12,0,576.0,314965386361.54736,314965386361.54736,1366.158229758256,3513776625838.0796,27.0,0.0,0.0,0.0,0.0,0.0,0.0
commit:27,12,1,144.0,157482693180.77368,157482693180.77368,683.079114879128,878444156459.5199,27.0,0.0,0.0,0.0,0.0,0.0,0.0
commit:27,13,0,595.2,327091553736.46686,327091553736.46686,1418.7553216039487,3630902513366.0156,27.0,0.0,0.0,0.0,0.0,0.0,0.0
commit:27,13,1,148.8,163545776868.23343,163545776868.23343,709.3776608019743,907725628341.5039,27.0,0.0,0.0,0.0,0.0,0.0,0.0
commit:27,14,0,576.0,318122914359.8218,318122914359.8218,1379.853966011582,3513776625838.0796,27.0,0.0,0.0,0.0,0.0,0.0,0.0
commit:27,14,1,144.0,159061457179.9109,159061457179.9109,689.926983005791,878444156459.5199,27.0,0.0,0.0,0.0,0.0,0.0,0.0
commit:27,15,0,595.2,330370646562.67487,330370646562.67487,1432.9783437030278,3630902513366.0156,27.0,0.0,0.0,0.0,0.0,0.0,0.0
commit:27,15,1,148.8,165185323281.33743,165185323281.33743,716.4891718515139,907725628341.5039,27.0,0.0,0.0,0.0,0.0,0.0,0.0
commit:27,16,0,595.2,332022499795.4882,332022499795.4882,1440.1432354215428,3630902513366.0156,27.0,0.0,0.0,0.0,0.0,0.0,0.0
commit:27,16,1,148.8,166011249897.7441,166011249897.7441,720.0716177107714,907725628341.5039,27.0,0.0,0.0,0.0,0.0,0.0,0.0
commit:27,17,0,556.8000000000001,312154701823.855,312154701823.855,1353.966922463254,3396650738310.144,27.0,0.0,0.0,0.0,0.0,0.0,0.0
commit:27,17,1,139.20000000000002,156077350911.9275,156077350911.9275,676.983461231627,849162684577.536,27.0,0.0,0.0,0.0,0.0,0.0,0.0
commit:27,18,0,595.2,335351025355.93787,335351025355.93787,1454.5806713566433,3630902513366.0156,27.0,0.0,0.0,0.0,0.0,0.0,0.0
commit:27,18,1,148.8,167675512677.96893,167675512677.96893,727.2903356783216,907725628341.5039,27.0,0.0,0.0,0.0,0.0,0.0,0.0
commit:27,19,0,576.0,326155916596.1783,326155916596.1783,1414.697007787187,3513776625838.0796,27.0,0.0,0.0,0.0,0.0,0.0,0.0
commit:27,19,1,144.0,163077958298.08914,163077958298.08914,707.3485038935935,878444156459.5199,27.0,0.0,0.0,0.0,0.0,0.0,0.0
commit:27,20,0,595.2,338712919385.1311,338712919385.1311,1469.1628425869935,3630902513366.0156,27.0,0.0,0.0,0.0,0.0,0.0,0.0
commit:27,20,1,148.8,169356459692.56555,169356459692.56555,734.5814212934968,907725628341.5039,27.0,0.0,0.0,0.0,0.0,0.0,0.0
commit:27,21,0,576.0,329425629660.0549,329425629660.0549,1428.8793452902532,3513776625838.0796,27.0,0.0,0.0,0.0,0.0,0.0,0.0
commit:27,21,1,144.0,164712814830.02744,164712814830.02744,714.4396726451266,878444156459.5199,27.0,0.0,0.0,0.0,0.0,0.0,0.0
commit:27,22,0,595.2,342108516401.967,342108516401.967,1483.891200083928,3630902513366.0156,27.0,0.0,0.0,0.0,0.0,0.0,0.0
commit:27,22,1,148.8,171054258200.9835,171054258200.9835,741.945600041964,907725628341.5039,27.0,0.0,0.0,0.0,0.0,0.0,0.0
commit:27,23,0,595.2,343819058983.97675,343819058983.97675,1491.310656084347,3630902513366.0156,27.0,0.0,0.0,0.0,0.0,0.0,0.0
commit:27,23,1,148.8,171909529491.98837,171909529491.98837,745.6553280421736,907725628341.5039,27.0,0.0,0.0,0.0,0.0,0.0,0.0
commit:27,24,0,576.0,334391762205.38385,334391762205.38385,1450.4198800304216,3513776625838.0796,27.0,0.0,0.0,0.0,0.0,0.0,0.0
commit:27,24,1,144.0,167195881102.69193,167195881102.69193,725.2099400152108,878444156459.5199,27.0,0.0,0.0,0.0,0.0,0.0,0.0
commit:27,25,0,595.2,347265845050.2911,347265845050.2911,1506.2610454115927,3630902513366.0156,27.0,0.0,0.0,0.0,0.0,0.0,0.0
commit:27,25,1,148.8,173632922525.14554,173632922525.14554,753.1305227057964,907725628341.5039,27.0,0.0,0.0,0.0,0.0,0.0,0.0
commit:27,26,0,576.0,337744039621.4927,337744039621.4927,1464.960339327726,3513776625838.0796,27.0,0.0,0.0,0.0,0.0,0.0,0.0
commit:27,26,1,144.0,168872019810.74634,168872019810.74634,732.480169663863,878444156459.5199,27.0,0.0,0.0,0.0,0.0,0.0,0.0
commit:27,27,0,595.2,350747185146.92017,350747185146.92017,1521.3613123918435,3630902513366.0156,27.0,0.0,0.0,0.0,0.0,0.0,0.0
commit:27,27,1,148.8,175373592573.46008,175373592573.46008,760.6806561959218,907725628341.5039,27.0,0.0,0.0,0.0,0.0,0.0,0.0
commit:27,28,0,595.2,352500921072.6547,352500921072.6547,1528.9681189538026,3630902513366.0156,27.0,0.0,0.0,0.0,0.0,0.0,0.0
commit:27,28,1,148.8,176250460536.32736,176250460536.32736,764.4840594769013,907725628341.5039,27.0,0.0,0.0,0.0,0.0,0.0,0.0
commit:27,29,0,537.6,319979868354.3388,319979868354.3388,1387.9084795922581,3279524850782.2075,27.0,0.0,0.0,0.0,0.0,0.0,0.0
commit:27,29,1,134.4,159989934177.1694,159989934177.1694,693.9542397961291,819881212695.5519,27.0,0.0,0.0,0.0,0.0,0.0,0.0
commit:27,30,0,595.2,356034742806.408,356034742806.408,1544.2960243463142,3630902513366.0156,27.0,0.0,0.0,0.0,0.0,0.0,0.0
commit:27,30,1,148.8,178017371403.204,178017371403.204,772.1480121731571,907725628341.5039,27.0,0.0,0.0,0.0,0.0,0.0,0.0
commit:27,31,0,576.0,346272499858.49036,346272499858.49036,1501.9524236787538,3513776625838.0796,27.0,0.0,0.0,0.0,0.0,0.0,0.0
commit:27,31,1,144.0,173136249929.24518,173136249929.24518,750.9762118393769,878444156459.5199,27.0,0.0,0.0,0.0,0.0,0.0,0.0
commit:27,32,0,595.2,359603991103.0422,359603991103.0422,1559.7775919903856,3630902513366.0156,27.0,0.0,0.0,0.0,0.0,0.0,0.0
commit:27,32,1,148.8,179801995551.5211,179801995551.5211,779.8887959951928,907725628341.5039,27.0,0.0,0.0,0.0,0.0,0.0,0.0
commit:27,33,0,576.0,349743881669.57166,349743881669.57166,1517.009496726133,3513776625838.0796,27.0,0.0,0.0,0.0,0.0,0.0,0.0
commit:27,33,1,144.0,174871940834.78583,174871940834.78583,758.5047483630665,878444156459.5199,27.0,0.0,0.0,0.0,0.0,0.0,0.0
commit:27,34,0,595.2,363209021113.8501,363209021113.8501,1575.4143623500888,3630902513366.0156,27.0,0.0,0.0,0.0,0.0,0.0,0.0
commit:27,34,1,148.8,181604510556.92505,181604510556.92505,787.7071811750444,907725628341.5039,27.0,0.0,0.0,0.0,0.0,0.0,0.0
commit:27,35,0,595.2,365025066219.4193,365025066219.4193,1583.291434161839,3630902513366.0156,27.0,0.0,0.0,0.0,0.0,0.0,0.0
commit:27,35,1,148.8,182512533109.70966,182512533109.70966,791.6457170809196,907725628341.5039,27.0,0.0,0.0,0.0,0.0,0.0,0.0
commit:27,36,0,576.0,355016314403.7255,355016314403.7255,1539.878604515466,3513776625838.0796,27.0,0.0,0.0,0.0,0.0,0.0,0.0
commit:27,36,1,144.0,177508157201.86276,177508157201.86276,769.939302257733,878444156459.5199,27.0,0.0,0.0,0.0,0.0,0.0,0.0
commit:28,1,0,595.2,616178562048.0001,616178562048.0001,2672.666426196395,3765380384231.424,28.0,0.0,0.0,0.0,0.0,0.0,0.0
commit:28,1,1,148.8,308089281024.00006,308089281024.00006,1336.3332130981976,941345096057.856,28.0,0.0,0.0,0.0,0.0,0.0,0.0
commit:28,2,0,576.0,599283343411.2001,599283343411.2001,2599.38363709101,3643916500869.119,28.0,0.0,0.0,0.0,0.0,0.0,0.0
commit:28,2,1,144.0,299641671705.60004,299641671705.60004,1299.691818545505,910979125217.2798,28.0,0.0,0.0,0.0,0.0,0.0,0.0
commit:28,3,0,595.2,622355752132.5311,622355752132.5311,2699.459907119013,3765380384231.424,28.0,0.0,0.0,0.0,0.0,0.0,0.0
commit:28,3,1,148.8,311177876066.26556,311177876066.26556,1349.7299535595066,941345096057.856,28.0,0.0,0.0,0.0,0.0,0.0,0.0
commit:28,4,0,595.2,625467530893.1937,625467530893.1937,2712.957206654608,3765380384231.424,28.0,0.0,0.0,0.0,0.0,0.0,0.0
commit:28,4,1,148.8,312733765446.59686,312733765446.59686,1356.478603327304,941345096057.856,28.0,0.0,0.0,0.0,0.0,0.0,0.0
commit:28,5,0,537.6,567763107075.3055,567763107075.3055,2462.66502565357,3400988734144.5117,28.0,0.0,0.0,0.0,0.0,0.0,0.0
commit:28,5,1,134.4,283881553537.6528,283881553537.6528,1231.332512826785,850247183536.1279,28.0,0.0,0.0,0.0,0.0,0.0,0.0
commit:28,6,0,595.2,631737842890.3978,631737842890.3978,2740.1546026513197,3765380384231.424,28.0,0.0,0.0,0.0,0.0,0.0,0.0
commit:28,6,1,148.8,315868921445.1989,315868921445.1989,1370.0773013256598,941345096057.856,28.0,0.0,0.0,0.0,0.0,0.0,0.0
commit:28,7,0,576.0,307207999405.5725,307207999405.5725,1332.5106656441499,3643916500869.119,28.0,0.0,0.0,0.0,0.0,0.0,0.0
commit:28,7,1,144.0,153603999702.78625,153603999702.78625,666.2553328220749,910979125217.2798,28.0,0.0,0.0,0.0,0.0,0.0,0.0
commit:28,8,0,595.2,319035507382.687,319035507382.687,1383.8123262714496,3765380384231.424,28.0,0.0,0.0,0.0,0.0,0.0,0.0
commit:28,8,1,148.8,159517753691.3435,159517753691.3435,691.9061631357248,941345096057.856,28.0,0.0,0.0,0.0,0.0,0.0,0.0
commit:28,9,0,576.0,310287759599.61334,310287759599.61334,1345.8690850672324,3643916500869.119,28.0,0.0,0.0,0.0,0.0,0.0,0.0
commit:28,9,1,144.0,155143879799.80667,155143879799.80667,672.9345425336162,910979125217.2798,28.0,0.0,0.0,0.0,0.0,0.0,0.0
commit:28,10,0,595.2,322233838344.19836,322233838344.19836,1397.6850448423204,3765380384231.424,28.0,0.0,0.0,0.0,0.0,0.0,0.0
commit:28,10,1,148.8,161116919172.09918,161116919172.09918,698.8425224211602,941345096057.856,28.0,0.0,0.0,0.0,0.0,0.0,0.0
commit:28,11,0,595.2,323845007535.9194,323845007535.9194,1404.673470066532,3765380384231.424,28.0,0.0,0.0,0.0,0.0,0.0,0.0
commit:28,11,1,148.8,161922503767.9597,161922503767.9597,702.336735033266,941345096057.856,28.0,0.0,0.0,0.0,0.0,0.0,0.0
commit:28,12,0,576.0,314965386361.54736,314965386361.54736,1366.158229758256,3643916500869.119,28.0,0.0,0.0,0.0,0.0,0.0,0.0
commit:28,12,1,144.0,157482693180.77368,157482693180.77368,683.079114879128,910979125217.2798,28.0,0.0,0.0,0.0,0.0,0.0,0.0
commit:28,13,0,595.2,327091553736.46686,327091553736.46686,1418.7553216039487,3765380384231.424,28.0,0.0,0.0,0.0,0.0,0.0,0.0
commit:28,13,1,148.8,163545776868.23343,163545776868.23343,709.3776608019743,941345096057.856,28.0,0.0,0.0,0.0,0.0,0.0,0.0
commit:28,14,0,576.0,318122914359.8218,318122914359.8218,1379.853966011582,3643916500869.119,28.0,0.0,0.0,0.0,0.0,0.0,0.0
commit:28,14,1,144.0,159061457179.9109,159061457179.9109,689.926983005791,910979125217.2798,28.0,0.0,0.0,0.0,0.0,0.0,0.0
commit:28,15,0,595.2,330370646562.67487,330370646562.67487,1432.9783437030278,3765380384231.424,28.0,0.0,0.0,0.0,0.0,0.0,0.0
commit:28,15,1,148.8,165185323281.33743,165185323281.33743,716.4891718515139,941345096057.856,28.0,0.0,0.0,0.0,0.0,0.0,0.0
commit:28,16,0,595.2,332022499795.4882,332022499795.4882,1440.1432354215428,3765380384231.424,28.0,0.0,0.0,0.0,0.0,0.0,0.0
commit:28,16,1,148.8,166011249897.7441,166011249897.7441,720.0716177107714,941345096057.856,28.0,0.0,0.0,0.0,0.0,0.0,0.0
commit:28,17,0,556.8000000000001,312154701823.855,312154701823.855,1353.966922463254,3522452617506.816,28.0,0.0,0.0,0.0,0.0,0.0,0.0
commit:28,17,1,139.20000000000002,156077350911.9275,156077350911.9275,676.983461231627,880613154376.704,28.0,0.0,0.0,0.0,0.0,0.0,0.0
commit:28,18,0,595.2,335351025355.93787,335351025355.93787,1454.5806713566433,3765380384231.424,28.0,0.0,0.0,0.0,0.0,0.0,0.0
commit:28,18,1,148.8,167675512677.96893,167675512677.96893,727.2903356783216,941345096057.856,28.0,0.0,0.0,0.0,0.0,0.0,0.0
commit:28,19,0,576.0,326155916596.1783,326155916596.1783,1414.697007787187,3643916500869.119,28.0,0.0,0.0,0.0,0.0,0.0,0.0
commit:28,19,1,144.0,163077958298.08914,163077958298.08914,707.3485038935935,910979125217.2798,28.0,0.0,0.0,0.0,0.0,0.0,0.0
commit:28,20,0,595.2,338712919385.1311,338712919385.1311,1469.1628425869935,3765380384231.424,28.0,0.0,0.0,0.0,0.0,0.0,0.0
commit:28,20,1,148.8,169356459692.56555,169356459692.56555,734.5814212934968,941345096057.856,28.0,0.0,0.0,0.0,0.0,0.0,0.0
commit:28,21,0,576.0,329425629660.0549,329425629660.0549,1428.8793452902532,3643916500869.119,28.0,0.0,0.0,0.0,0.0,0.0,0.0
commit:28,21,1,144.0,164712814830.02744,164712814830.02744,714.4396726451266,910979125217.2798,28.0,0.0,0.0,0.0,0.0,0.0,0.0
commit:28,22,0,595.2,342108516401.967,342108516401.967,1483.891200083928,3765380384231.424,28.0,0.0,0.0,0.0,0.0,0.0,0.0
commit:28,22,1,148.8,171054258200.9835,171054258200.9835,741.945600041964,941345096057.856,28.0,0.0,0.0,0.0,0.0,0.0,0.0
commit:28,23,0,595.2,343819058983.97675,343819058983.97675,1491.310656084347,3765380384231.424,28.0,0.0,0.0,0.0,0.0,0.0,0.0
commit:28,23,1,148.8,171909529491.98837,171909529491.98837,745.6553280421736,941345096057.856,28.0,0.0,0.0,0.0,0.0,0.0,0.0
commit:28,24,0,576.0,334391762205.38385,334391762205.38385,1450.4198800304216,3643916500869.119,28.0,0.0,0.0,0.0,0.0,0.0,0.0
commit:28,24,1,144.0,167195881102.69193,167195881102.69193,725.2099400152108,910979125217.2798,28.0,0.0,0.0,0.0,0.0,0.0,0.0
commit:28,25,0,595.2,347265845050.2911,347265845050.2911,1506.2610454115927,3765380384231.424,28.0,0.0,0.0,0.0,0.0,0.0,0.0
commit:28,25,1,148.8,173632922525.14554,173632922525.14554,753.1305227057964,941345096057.856,28.0,0.0,0.0,0.0,0.0,0.0,0.0
commit:28,26,0,576.0,337744039621.4927,337744039621.4927,1464.960339327726,3643916500869.119,28.0,0.0,0.0,0.0,0.0,0.0,0.0
commit:28,26,1,144.0,168872019810.74634,168872019810.74634,732.480169663863,910979125217.2798,28.0,0.0,0.0,0.0,0.0,0.0,0.0
commit:28,27,0,595.2,350747185146.92017,350747185146.92017,1521.3613123918435,3765380384231.424,28.0,0.0,0.0,0.0,0.0,0.0,0.0
commit:28,27,1,148.8,175373592573.46008,175373592573.46008,760.6806561959218,941345096057.856,28.0,0.0,0.0,0.0,0.0,0.0,0.0
commit:28,28,0,595.2,352500921072.6547,352500921072.6547,1528.9681189538026,3765380384231.424,28.0,0.0,0.0,0.0,0.0,0.0,0.0
commit:28,28,1,148.8,176250460536.32736,176250460536.32736,764.4840594769013,941345096057.856,28.0,0.0,0.0,0.0,0.0,0.0,0.0
commit:28,29,0,537.6,319979868354.3388,319979868354.3388,1387.9084795922581,3400988734144.5117,28.0,0.0,0.0,0.0,0.0,0.0,0.0
commit:28,29,1,134.4,159989934177.1694,159989934177.1694,693.9542397961291,850247183536.1279,28.0,0.0,0.0,0.0,0.0,0.0,0.0
commit:28,30,0,595.2,356034742806.408,356034742806.408,1544.2960243463142,3765380384231.424,28.0,0.0,0.0,0.0,0.0,0.0,0.0
commit:28,30,1,148.8,178017371403.204,178017371403.204,772.1480121731571,941345096057.856,28.0,0.0,0.0,0.0,0.0,0.0,0.0
commit:28,31,0,576.0,346272499858.49036,346272499858.49036,1501.9524236787538,3643916500869.119,28.0,0.0,0.0,0.0,0.0,0.0,0.0
commit:28,31,1,144.0,173136249929.24518,173136249929.24518,750.9762118393769,910979125217.2798,28.0,0.0,0.0,0.0,0.0,0.0,0.0
commit:28,32,0,595.2,359603991103.0422,359603991103.0422,1559.7775919903856,3765380384231.424,28.0,0.0,0.0,0.0,0.0,0.0,0.0
commit:28,32,1,148.8,179801995551.5211,179801995551.5211,779.8887959951928,941345096057.856,28.0,0.0,0.0,0.0,0.0,0.0,0.0
commit:28,33,0,576.0,349743881669.57166,349743881669.57166,1517.009496726133,3643916500869.119,28.0,0.0,0.0,0.0,0.0,0.0,0.0
commit:28,33,1,144.0,174871940834.78583,174871940834.78583,758.5047483630665,910979125217.2798,28.0,0.0,0.0,0.0,0.0,0.0,0.0
commit:28,34,0,595.2,363209021113.8501,363209021113.8501,1575.4143623500888,3765380384231.424,28.0,0.0,0.0,0.0,0.0,0.0,0.0
commit:28,34,1,148.8,181604510556.92505,181604510556.92505,787.7071811750444,941345096057.856,28.0,0.0,0.0,0.0,0.0,0.0,0.0
commit:28,35,0,595.2,365025066219.4193,365025066219.4193,1583.291434161839,3765380384231.424,28.0,0.0,0.0,0.0,0.0,0.0,0.0
commit:28,35,1,148.8,182512533109.70966,182512533109.70966,791.6457170809196,941345096057.856,28.0,0.0,0.0,0.0,0.0,0.0,0.0
commit:28,36,0,576.0,355016314403.7255,355016314403.7255,1539.878604515466,3643916500869.119,28.0,0.0,0.0,0.0,0.0,0.0,0.0
commit:28,36,1,144.0,177508157201.86276,177508157201.86276,769.939302257733,910979125217.2798,28.0,0.0,0.0,0.0,0.0,0.0,0.0
commit:29,1,0,595.2,616178562048.0001,616178562048.0001,2672.666426196395,3899858255096.8315,29.0,0.0,0.0,0.0,0.0,0.0,0.0
commit:29,1,1,148.8,308089281024.00006,308089281024.00006,1336.3332130981976,974964563774.2079,29.0,0.0,0.0,0.0,0.0,0.0,0.0
commit:29,2,0,576.0,599283343411.2001,599283343411.2001,2599.38363709101,3774056375900.159,29.0,0.0,0.0,0.0,0.0,0.0,0.0
commit:29,2,1,144.0,299641671705.60004,299641671705.60004,1299.691818545505,943514093975.0398,29.0,0.0,0.0,0.0,0.0,0.0,0.0
commit:29,3,0,595.2,622355752132.5311,622355752132.5311,2699.459907119013,3899858255096.8315,29.0,0.0,0.0,0.0,0.0,0.0,0.0
commit:29,3,1,148.8,311177876066.26556,311177876066.26556,1349.7299535595066,974964563774.2079,29.0,0.0,0.0,0.0,0.0,0.0,0.0
commit:29,4,0,595.2,625467530893.1937,625467530893.1937,2712.957206654608,3899858255096.8315,29.0,0.0,0.0,0.0,0.0,0.0,0.0
commit:29,4,1,148.8,312733765446.59686,312733765446.59686,1356.478603327304,974964563774.2079,29.0,0.0,0.0,0.0,0.0,0.0,0.0
commit:29,5,0,537.6,567763107075.3055,567763107075.3055,2462.66502565357,3522452617506.8154,29.0,0.0,0.0,0.0,0.0,0.0,0.0
commit:29,5,1,134.4,283881553537.6528,283881553537.6528,1231.332512826785,880613154376.7039,29.0,0.0,0.0,0.0,0.0,0.0,0.0
commit:29,6,0,595.2,631737842890.3978,631737842890.3978,2740.1546026513197,3899858255096.8315,29.0,0.0,0.0,0.0,0.0,0.0,0.0
commit:29,6,1,148.8,315868921445.1989,315868921445.1989,1370.0773013256598,974964563774.2079,29.0,0.0,0.0,0.0,0.0,0.0,0.0
commit:29,7,0,576.0,307207999405.5725,307207999405.5725,1332.5106656441499,3774056375900.159,29.0,0.0,0.0,0.0,0.0,0.0,0.0
commit:29,7,1,144.0,153603999702.78625,153603999702.78625,666.2553328220749,943514093975.0398,29.0,0.0,0.0,0.0,0.0,0.0,0.0
commit:29,8,0,595.2,319035507382.687,319035507382.687,1383.8123262714496,3899858255096.8315,29.0,0.0,0.0,0.0,0.0,0.0,0.0
commit:29,8,1,148.8,159517753691.3435,159517753691.3435,691.9061631357248,974964563774.2079,29.0,0.0,0.0,0.0,0.0,0.0,0.0
commit:29,9,0,576.0,310287759599.61334,310287759599.61334,1345.8690850672324,3774056375900.159,29.0,0.0,0.0,0.0,0.0,0.0,0.0
commit:29,9,1,144.0,155143879799.80667,155143879799.80667,672.9345425336162,943514093975.0398,29.0,0.0,0.0,0.0,0.0,0.0,0.0
commit:29,10,0,595.2,322233838344.19836,322233838344.19836,1397.6850448423204,3899858255096.8315,29.0,0.0,0.0,0.0,0.0,0.0,0.0
commit:29,10,1,148.8,161116919172.09918,161116919172.09918,698.8425224211602,974964563774.2079,29.0,0.0,0.0,0.0,0.0,0.0,0.0
commit:29,11,0,595.2,323845007535.9194,323845007535.9194,1404.673470066532,3899858255096.8315,29.0,0.0,0.0,0.0,0.0,0.0,0.0
commit:29,11,1,148.8,161922503767.9597,161922503767.9597,702.336735033266,974964563774.2079,29.0,0.0,0.0,0.0,0.0,0.0,0.0
commit:29,12,0,576.0,314965386361.54736,314965386361.54736,1366.158229758256,3774056375900.159,29.0,0.0,0.0,0.0,0.0,0.0,0.0
commit:29,12,1,144.0,157482693180.77368,157482693180.77368,683.079114879128,943514093975.0398,29.0,0.0,0.0,0.0,0.0,0.0,0.0
commit:29,13,0,595.2,327091553736.46686,327091553736.46686,1418.7553216039487,3899858255096.8315,29.0,0.0,0.0,0.0,0.0,0.0,0.0
commit:29,13,1,148.8,163545776868.23343,163545776868.23343,709.3776608019743,974964563774.2079,29.0,0.0,0.0,0.0,0.0,0.0,0.0
commit:29,14,0,576.0,318122914359.8218,318122914359.8218,1379.853966011582,3774056375900.159,29.0,0.0,0.0,0.0,0.0,0.0,0.0
commit:29,14,1,144.0,159061457179.9109,159061457179.9109,689.926983005791,943514093975.0398,29.0,0.0,0.0,0.0,0.0,0.0,0.0
commit:29,15,0,595.2,330370646562.67487,330370646562.67487,1432.9783437030278,3899858255096.8315,29.0,0.0,0.0,0.0,0.0,0.0,0.0
commit:29,15,1,148.8,165185323281.33743,165185323281.33743,716.4891718515139,974964563774.2079,29.0,0.0,0.0,0.0,0.0,0.0,0.0
commit:29,16,0,595.2,332022499795.4882,332022499795.4882,1440.1432354215428,3899858255096.8315,29.0,0.0,0.0,0.0,0.0,0.0,0.0
commit:29,16,1,148.8,166011249897.7441,166011249897.7441,720.0716177107714,974964563774.2079,29.0,0.0,0.0,0.0,0.0,0.0,0.0
commit:29,17,0,556.8000000000001,312154701823.855,312154701823.855,1353.966922463254,3648254496703.488,29.0,0.0,0.0,0.0,0.0,0.0,0.0
commit:29,17,1,139.20000000000002,156077350911.9275,156077350911.9275,676.983461231627,912063624175.872,29.0,0.0,0.0,0.0,0.0,0.0,0.0
commit:29,18,0,595.2,335351025355.93787,335351025355.93787,1454.5806713566433,3899858255096.8315,29.0,0.0,0.0,0.0,0.0,0.0,0.0
commit:29,18,1,148.8,167675512677.96893,167675512677.96893,727.2903356783216,974964563774.2079,29.0,0.0,0.0,0.0,0.0,0.0,0.0
commit:29,19,0,576.0,326155916596.1783,326155916596.1783,1414.697007787187,3774056375900.159,29.0,0.0,0.0,0.0,0.0,0.0,0.0
commit:29,19,1,144.0,163077958298.08914,163077958298.08914,707.3485038935935,943514093975.0398,29.0,0.0,0.0,0.0,0.0,0.0,0.0
commit:29,20,0,595.2,338712919385.1311,338712919385.1311,1469.1628425869935,3899858255096.8315,29.0,0.0,0.0,0.0,0.0,0.0,0.0
commit:29,20,1,148.8,169356459692.56555,169356459692.56555,734.5814212934968,974964563774.2079,29.0,0.0,0.0,0.0,0.0,0.0,0.0
commit:29,21,0,576.0,329425629660.0549,329425629660.0549,1428.8793452902532,3774056375900.159,29.0,0.0,0.0,0.0,0.0,0.0,0.0
commit:29,21,1,144.0,164712814830.02744,164712814830.02744,714.4396726451266,943514093975.0398,29.0,0.0,0.0,0.0,0.0,0.0,0.0
commit:29,22,0,595.2,342108516401.967,342108516401.967,1483.891200083928,3899858255096.8315,29.0,0.0,0.0,0.0,0.0,0.0,0.0
commit:29,22,1,148.8,171054258200.9835,171054258200.9835,741.945600041964,974964563774.2079,29.0,0.0,0.0,0.0,0.0,0.0,0.0
commit:29,23,0,595.2,343819058983.97675,343819058983.97675,1491.310656084347,3899858255096.8315,29.0,0.0,0.0,0.0,0.0,0.0,0.0
commit:29,23,1,148.8,171909529491.98837,171909529491.98837,745.6553280421736,974964563774.2079,29.0,0.0,0.0,0.0,0.0,0.0,0.0
commit:29,24,0,576.0,334391762205.38385,334391762205.38385,1450.4198800304216,3774056375900.159,29.0,0.0,0.0,0.0,0.0,0.0,0.0
commit:29,24,1,144.0,167195881102.69193,167195881102.69193,725.2099400152108,943514093975.0398,29.0,0.0,0.0,0.0,0.0,0.0,0.0
commit:29,25,0,595.2,347265845050.2911,347265845050.2911,1506.2610454115927,3899858255096.8315,29.0,0.0,0.0,0.0,0.0,0.0,0.0
commit:29,25,1,148.8,173632922525.14554,173632922525.14554,753.1305227057964,974964563774.2079,29.0,0.0,0.0,0.0,0.0,0.0,0.0
commit:29,26,0,576.0,337744039621.4927,337744039621.4927,1464.960339327726,3774056375900.159,29.0,0.0,0.0,0.0,0.0,0.0,0.0
commit:29,26,1,144.0,168872019810.74634,168872019810.74634,732.480169663863,943514093975.0398,29.0,0.0,0.0,0.0,0.0,0.0,0.0
commit:29,27,0,595.2,350747185146.92017,350747185146.92017,1521.3613123918435,3899858255096.8315,29.0,0.0,0.0,0.0,0.0,0.0,0.0
commit:29,27,1,148.8,175373592573.46008,175373592573.46008,760.6806561959218,974964563774.2079,29.0,0.0,0.0,0.0,0.0,0.0,0.0
commit:29,28,0,595.2,352500921072.6547,352500921072.6547,1528.9681189538026,3899858255096.8315,29.0,0.0,0.0,0.0,0.0,0.0,0.0
commit:29,28,1,148.8,176250460536.32736,176250460536.32736,764.4840594769013,974964563774.2079,29.0,0.0,0.0,0.0,0.0,0.0,0.0
commit:29,29,0,537.6,319979868354.3388,319979868354.3388,1387.9084795922581,3522452617506.8154,29.0,0.0,0.0,0.0,0.0,0.0,0.0
commit:29,29,1,134.4,159989934177.1694,159989934177.1694,693.9542397961291,880613154376.7039,29.0,0.0,0.0,0.0,0.0,0.0,0.0
commit:29,30,0,595.2,356034742806.408,356034742806.408,1544.2960243463142,3899858255096.8315,29.0,0.0,0.0,0.0,0.0,0.0,0.0
commit:29,30,1,148.8,178017371403.204,178017371403.204,772.1480121731571,974964563774.2079,29.0,0.0,0.0,0.0,0.0,0.0,0.0
commit:29,31,0,576.0,346272499858.49036,346272499858.49036,1501.9524236787538,3774056375900.159,29.0,0.0,0.0,0.0,0.0,0.0,0.0
commit:29,31,1,144.0,173136249929.24518,173136249929.24518,750.9762118393769,943514093975.0398,29.0,0.0,0.0,0.0,0.0,0.0,0.0
commit:29,32,0,595.2,359603991103.0422,359603991103.0422,1559.7775919903856,3899858255096.8315,29.0,0.0,0.0,0.0,0.0,0.0,0.0
commit:29,32,1,148.8,179801995551.5211,179801995551.5211,779.8887959951928,974964563774.2079,29.0,0.0,0.0,0.0,0.0,0.0,0.0
commit:29,33,0,576.0,349743881669.57166,349743881669.57166,1517.009496726133,3774056375900.159,29.0,0.0,0.0,0.0,0.0,0.0,0.0
commit:29,33,1,144.0,174871940834.78583,174871940834.78583,758.5047483630665,943514093975.0398,29.0,0.0,0.0,0.0,0.0,0.0,0.0
commit:29,34,0,595.2,363209021113.8501,363209021113.8501,1575.4143623500888,3899858255096.8315,29.0,0.0,0.0,0.0,0.0,0.0,0.0
commit:29,34,1,148.8,181604510556.92505,181604510556.92505,787.7071811750444,974964563774.2079,29.0,0.0,0.0,0.0,0.0,0.0,0.0
commit:29,35,0,595.2,365025066219.4193,365025066219.4193,1583.291434161839,3899858255096.8315,29.0,0.0,0.0,0.0,0.0,0.0,0.0
commit:29,35,1,148.8,182512533109.70966,182512533109.70966,791.6457170809196,974964563774.2079,29.0,0.0,0.0,0.0,0.0,0.0,0.0
commit:29,36,0,576.0,355016314403.7255,355016314403.7255,1539.878604515466,3774056375900.159,29.0,0.0,0.0,0.0,0.0,0.0,0.0
commit:29,36,1,144.0,177508157201.86276,177508157201.86276,769.939302257733,943514093975.0398,29.0,0.0,0.0,0.0,0.0,0.0,0.0
commit:30,1,0,595.2,616178562048.0001,616178562048.0001,2672.666426196395,4034336125962.2397,30.0,0.0,0.0,0.0,0.0,0.0,0.0
commit:30,1,1,148.8,308089281024.00006,308089281024.00006,1336.3332130981976,1008584031490.5599,30.0,0.0,0.0,0.0,0.0,0.0,0.0
commit:30,2,0,576.0,599283343411.2001,599283343411.2001,2599.38363709101,3904196250931.199,30.0,0.0,0.0,0.0,0.0,0.0,0.0
commit:30,2,1,144.0,299641671705.60004,299641671705.60004,1299.691818545505,976049062732.7998,30.0,0.0,0.0,0.0,0.0,0.0,0.0
commit:30,3,0,595.2,622355752132.5311,622355752132.5311,2699.459907119013,4034336125962.2397,30.0,0.0,0.0,0.0,0.0,0.0,0.0
commit:30,3,1,148.8,311177876066.26556,311177876066.26556,1349.7299535595066,1008584031490.5599,30.0,0.0,0.0,0.0,0.0,0.0,0.0
commit:30,4,0,595.2,625467530893.1937,625467530893.1937,2712.957206654608,4034336125962.2397,30.0,0.0,0.0,0.0,0.0,0.0,0.0
commit:30,4,1,148.8,312733765446.59686,312733765446.59686,1356.478603327304,1008584031490.5599,30.0,0.0,0.0,0.0,0.0,0.0,0.0
commit:30,5,0,537.6,567763107075.3055,567763107075.3055,2462.66502565357,3643916500869.1196,30.0,0.0,0.0,0.0,0.0,0.0,0.0
commit:30,5,1,134.4,283881553537.6528,283881553537.6528,1231.332512826785,910979125217.2799,30.0,0.0,0.0,0.0,0.0,0.0,0.0
commit:30,6,0,595.2,631737842890.3978,631737842890.3978,2740.1546026513197,4034336125962.2397,30.0,0.0,0.0,0.0,0.0,0.0,0.0
commit:30,6,1,148.8,315868921445.1989,315868921445.1989,1370.0773013256598,1008584031490.5599,30.0,0.0,0.0,0.0,0.0,0.0,0.0
commit:30,7,0,576.0,307207999405.5725,307207999405.5725,1332.5106656441499,3904196250931.199,30.0,0.0,0.0,0.0,0.0,0.0,0.0
commit:30,7,1,144.0,153603999702.78625,153603999702.78625,666.2553328220749,976049062732.7998,30.0,0.0,0.0,0.0,0.0,0.0,0.0
commit:30,8,0,595.2,319035507382.687,319035507382.687,1383.8123262714496,4034336125962.2397,30.0,0.0,0.0,0.0,0.0,0.0,0.0
commit:30,8,1,148.8,159517753691.3435,159517753691.3435,691.9061631357248,1008584031490.5599,30.0,0.0,0.0,0.0,0.0,0.0,0.0
commit:30,9,0,576.0,310287759599.61334,310287759599.61334,1345.8690850672324,3904196250931.199,30.0,0.0,0.0,0.0,0.0,0.0,0.0
commit:30,9,1,144.0,155143879799.80667,155143879799.80667,672.9345425336162,976049062732.7998,30.0,0.0,0.0,0.0,0.0,0.0,0.0
commit:30,10,0,595.2,322233838344.19836,322233838344.19836,1397.6850448423204,4034336125962.2397,30.0,0.0,0.0,0.0,0.0,0.0,0.0
commit:30,10,1,148.8,161116919172.09918,161116919172.09918,698.8425224211602,1008584031490.5599,30.0,0.0,0.0,0.0,0.0,0.0,0.0
commit:30,11,0,595.2,323845007535.9194,323845007535.9194,1404.673470066532,4034336125962.2397,30.0,0.0,0.0,0.0,0.0,0.0,0.0
commit:30,11,1,148.8,161922503767.9597,161922503767.9597,702.336735033266,1008584031490.5599,30.0,0.0,0.0,0.0,0.0,0.0,0.0
commit:30,12,0,576.0,314965386361.54736,314965386361.54736,1366.158229758256,3904196250931.199,30.0,0.0,0.0,0.0,0.0,0.0,0.0
commit:30,12,1,144.0,157482693180.77368,157482693180.77368,683.079114879128,976049062732.7998,30.0,0.0,0.0,0.0,0.0,0.0,0.0
commit:30,13,0,595.2,327091553736.46686,327091553736.46686,1418.7553216039487,4034336125962.2397,30.0,0.0,0.0,0.0,0.0,0.0,0.0
commit:30,13,1,148.8,163545776868.23343,163545776868.23343,709.3776608019743,1008584031490.5599,30.0,0.0,0.0,0.0,0.0,0.0,0.0
commit:30,14,0,576.0,318122914359.8218,318122914359.8218,1379.853966011582,3904196250931.199,30.0,0.0,0.0,0.0,0.0,0.0,0.0
commit:30,14,1,144.0,159061457179.9109,159061457179.9109,689.926983005791,976049062732.7998,30.0,0.0,0.0,0.0,0.0,0.0,0.0
commit:30,15,0,595.2,330370646562.67487,330370646562.67487,1432.9783437030278,4034336125962.2397,30.0,0.0,0.0,0.0,0.0,0.0,0.0
commit:30,15,1,148.8,165185323281.33743,165185323281.33743,716.4891718515139,1008584031490.5599,30.0,0.0,0.0,0.0,0.0,0.0,0.0
commit:30,16,0,595.2,332022499795.4882,332022499795.4882,1440.1432354215428,4034336125962.2397,30.0,0.0,0.0,0.0,0.0,0.0,0.0
commit:30,16,1,148.8,166011249897.7441,166011249897.7441,720.0716177107714,1008584031490.5599,30.0,0.0,0.0,0.0,0.0,0.0,0.0
commit:30,17,0,556.8000000000001,312154701823.855,312154701823.855,1353.966922463254,3774056375900.1597,30.0,0.0,0.0,0.0,0.0,0.0,0.0
commit:30,17,1,139.20000000000002,156077350911.9275,156077350911.9275,676.983461231627,943514093975.0399,30.0,0.0,0.0,0.0,0.0,0.0,0.0
commit:30,18,0,595.2,335351025355.93787,335351025355.93787,1454.5806713566433,4034336125962.2397,30.0,0.0,0.0,0.0,0.0,0.0,0.0
commit:30,18,1,148.8,167675512677.96893,167675512677.96893,727.2903356783216,1008584031490.5599,30.0,0.0,0.0,0.0,0.0,0.0,0.0
commit:30,19,0,576.0,326155916596.1783,326155916596.1783,1414.697007787187,3904196250931.199,30.0,0.0,0.0,0.0,0.0,0.0,0.0
commit:30,19,1,144.0,163077958298.08914,163077958298.08914,707.3485038935935,976049062732.7998,30.0,0.0,0.0,0.0,0.0,0.0,0.0
commit:30,20,0,595.2,338712919385.1311,338712919385.1311,1469.1628425869935,4034336125962.2397,30.0,0.0,0.0,0.0,0.0,0.0,0.0
commit:30,20,1,148.8,169356459692.56555,169356459692.56555,734.5814212934968,1008584031490.5599,30.0,0.0,0.0,0.0,0.0,0.0,0.0
commit:30,21,0,576.0,329425629660.0549,329425629660.0549,1428.8793452902532,3904196250931.199,30.0,0.0,0.0,0.0,0.0,0.0,0.0
commit:30,21,1,144.0,164712814830.02744,164712814830.02744,714.4396726451266,976049062732.7998,30.0,0.0,0.0,0.0,0.0,0.0,0.0
commit:30,22,0,595.2,342108516401.967,342108516401.967,1483.891200083928,4034336125962.2397,30.0,0.0,0.0,0.0,0.0,0.0,0.0
commit:30,22,1,148.8,171054258200.9835,171054258200.9835,741.945600041964,1008584031490.5599,30.0,0.0,0.0,0.0,0.0,0.0,0.0
commit:30,23,0,595.2,343819058983.97675,343819058983.97675,1491.310656084347,4034336125962.2397,30.0,0.0,0.0,0.0,0.0,0.0,0.0
commit:30,23,1,148.8,171909529491.98837,171909529491.98837,745.6553280421736,1008584031490.5599,30.0,0.0,0.0,0.0,0.0,0.0,0.0
commit:30,24,0,576.0,334391762205.38385,334391762205.38385,1450.4198800304216,3904196250931.199,30.0,0.0,0.0,0.0,0.0,0.0,0.0
commit:30,24,1,144.0,167195881102.69193,167195881102.69193,725.2099400152108,976049062732.7998,30.0,0.0,0.0,0.0,0.0,0.0,0.0
commit:30,25,0,595.2,347265845050.2911,347265845050.2911,1506.2610454115927,4034336125962.2397,30.0,0.0,0.0,0.0,0.0,0.0,0.0
commit:30,25,1,148.8,173632922525.14554,173632922525.14554,753.1305227057964,1008584031490.5599,30.0,0.0,0.0,0.0,0.0,0.0,0.0
commit:30,26,0,576.0,337744039621.4927,337744039621.4927,1464.960339327726,3904196250931.199,30.0,0.0,0.0,0.0,0.0,0.0,0.0
commit:30,26,1,144.0,168872019810.74634,168872019810.74634,732.480169663863,976049062732.7998,30.0,0.0,0.0,0.0,0.0,0.0,0.0
commit:30,27,0,595.2,350747185146.92017,350747185146.92017,1521.3613123918435,4034336125962.2397,30.0,0.0,0.0,0.0,0.0,0.0,0.0
commit:30,27,1,148.8,175373592573.46008,175373592573.46008,760.6806561959218,1008584031490.5599,30.0,0.0,0.0,0.0,0.0,0.0,0.0
commit:30,28,0,595.2,352500921072.6547,352500921072.6547,1528.9681189538026,4034336125962.2397,30.0,0.0,0.0,0.0,0.0,0.0,0.0
commit:30,28,1,148.8,176250460536.32736,176250460536.32736,764.4840594769013,1008584031490.5599,30.0,0.0,0.0,0.0,0.0,0.0,0.0
commit:30,29,0,537.6,319979868354.3388,319979868354.3388,1387.9084795922581,3643916500869.1196,30.0,0.0,0.0,0.0,0.0,0.0,0.0
commit:30,29,1,134.4,159989934177.1694,159989934177.1694,693.9542397961291,910979125217.2799,30.0,0.0,0.0,0.0,0.0,0.0,0.0
commit:30,30,0,595.2,356034742806.408,356034742806.408,1544.2960243463142,4034336125962.2397,30.0,0.0,0.0,0.0,0.0,0.0,0.0
commit:30,30,1,148.8,178017371403.204,178017371403.204,772.1480121731571,1008584031490.5599,30.0,0.0,0.0,0.0,0.0,0.0,0.0
commit:30,31,0,576.0,346272499858.49036,346272499858.49036,1501.9524236787538,3904196250931.199,30.0,0.0,0.0,0.0,0.0,0.0,0.0
commit:30,31,1,144.0,173136249929.24518,173136249929.24518,750.9762118393769,976049062732.7998,30.0,0.0,0.0,0.0,0.0,0.0,0.0
commit:30,32,0,595.2,359603991103.0422,359603991103.0422,1559.7775919903856,4034336125962.2397,30.0,0.0,0.0,0.0,0.0,0.0,0.0
commit:30,32,1,148.8,179801995551.5211,179801995551.5211,779.8887959951928,1008584031490.5599,30.0,0.0,0.0,0.0,0.0,0.0,0.0
commit:30,33,0,576.0,349743881669.57166,349743881669.57166,1517.009496726133,3904196250931.199,30.0,0.0,0.0,0.0,0.0,0.0,0.0
commit:30,33,1,144.0,174871940834.78583,174871940834.78583,758.5047483630665,976049062732.7998,30.0,0.0,0.0,0.0,0.0,0.0,0.0
commit:30,34,0,595.2,363209021113.8501,363209021113.8501,1575.4143623500888,4034336125962.2397,30.0,0.0,0.0,0.0,0.0,0.0,0.0
commit:30,34,1,148.8,181604510556.92505,181604510556.92505,787.7071811750444,1008584031490.5599,30.0,0.0,0.0,0.0,0.0,0.0,0.0
commit:30,35,0,595.2,365025066219.4193,365025066219.4193,1583.291434161839,4034336125962.2397,30.0,0.0,0.0,0.0,0.0,0.0,0.0
commit:30,35,1,148.8,182512533109.70966,182512533109.70966,791.6457170809196,1008584031490.5599,30.0,0.0,0.0,0.0,0.0,0.0,0.0
commit:30,36,0,576.0,355016314403.7255,355016314403.7255,1539.878604515466,3904196250931.199,30.0,0.0,0.0,0.0,0.0,0.0,0.0
commit:30,36,1,144.0,177508157201.86276,177508157201.86276,769.939302257733,976049062732.7998,30.0,0.0,0.0,0.0,0.0,0.0,0.0
commit:31,1,0,595.2,616178562048.0001,616178562048.0001,2672.666426196395,4168813996827.6475,31.0,0.0,0.0,0.0,0.0,0.0,0.0
commit:31,1,1,148.8,308089281024.00006,308089281024.00006,1336.3332130981976,1042203499206.9119,31.0,0.0,0.0,0.0,0.0,0.0,0.0
commit:31,2,0,576.0,599283343411.2001,599283343411.2001,2599.38363709101,4034336125962.2393,31.0,0.0,0.0,0.0,0.0,0.0,0.0
commit:31,2,1,144.0,299641671705.60004,299641671705.60004,1299.691818545505,1008584031490.5598,31.0,0.0,0.0,0.0,0.0,0.0,0.0
commit:31,3,0,595.2,622355752132.5311,622355752132.5311,2699.459907119013,4168813996827.6475,31.0,0.0,0.0,0.0,0.0,0.0,0.0
commit:31,3,1,148.8,311177876066.26556,311177876066.26556,1349.7299535595066,1042203499206.9119,31.0,0.0,0.0,0.0,0.0,0.0,0.0
commit:31,4,0,595.2,625467530893.1937,625467530893.1937,2712.957206654608,4168813996827.6475,31.0,0.0,0.0,0.0,0.0,0.0,0.0
commit:31,4,1,148.8,312733765446.59686,312733765446.59686,1356.478603327304,1042203499206.9119,31.0,0.0,0.0,0.0,0.0,0.0,0.0
commit:31,5,0,537.6,567763107075.3055,567763107075.3055,2462.66502565357,3765380384231.4233,31.0,0.0,0.0,0.0,0.0,0.0,0.0
commit:31,5,1,134.4,283881553537.6528,283881553537.6528,1231.332512826785,941345096057.8558,31.0,0.0,0.0,0.0,0.0,0.0,0.0
commit:31,6,0,595.2,631737842890.3978,631737842890.3978,2740.1546026513197,4168813996827.6475,31.0,0.0,0.0,0.0,0.0,0.0,0.0
commit:31,6,1,148.8,315868921445.1989,315868921445.1989,1370.0773013256598,1042203499206.9119,31.0,0.0,0.0,0.0,0.0,0.0,0.0
commit:31,7,0,576.0,307207999405.5725,307207999405.5725,1332.5106656441499,4034336125962.2393,31.0,0.0,0.0,0.0,0.0,0.0,0.0
commit:31,7,1,144.0,153603999702.78625,153603999702.78625,666.2553328220749,1008584031490.5598,31.0,0.0,0.0,0.0,0.0,0.0,0.0
commit:31,8,0,595.2,319035507382.687,319035507382.687,1383.8123262714496,4168813996827.6475,31.0,0.0,0.0,0.0,0.0,0.0,0.0
commit:31,8,1,148.8,159517753691.3435,159517753691.3435,691.9061631357248,1042203499206.9119,31.0,0.0,0.0,0.0,0.0,0.0,0.0
commit:31,9,0,576.0,310287759599.61334,310287759599.61334,1345.8690850672324,4034336125962.2393,31.0,0.0,0.0,0.0,0.0,0.0,0.0
commit:31,9,1,144.0,155143879799.80667,155143879799.80667,672.9345425336162,1008584031490.5598,31.0,0.0,0.0,0.0,0.0,0.0,0.0
commit:31,10,0,595.2,322233838344.19836,322233838344.19836,1397.6850448423204,4168813996827.6475,31.0,0.0,0.0,0.0,0.0,0.0,0.0
commit:31,10,1,148.8,161116919172.09918,161116919172.09918,698.8425224211602,1042203499206.9119,31.0,0.0,0.0,0.0,0.0,0.0,0.0
commit:31,11,0,595.2,323845007535.9194,323845007535.9194,1404.673470066532,4168813996827.6475,31.0,0.0,0.0,0.0,0.0,0.0,0.0
commit:31,11,1,148.8,161922503767.9597,161922503767.9597,702.336735033266,1042203499206.9119,31.0,0.0,0.0,0.0,0.0,0.0,0.0
commit:31,12,0,576.0,314965386361.54736,314965386361.54736,1366.158229758256,4034336125962.2393,31.0,0.0,0.0,0.0,0.0,0.0,0.0
commit:31,12,1,144.0,157482693180.77368,157482693180.77368,683.079114879128,1008584031490.5598,31.0,0.0,0.0,0.0,0.0,0.0,0.0
commit:31,13,0,595.2,327091553736.46686,327091553736.46686,1418.7553216039487,4168813996827.6475,31.0,0.0,0.0,0.0,0.0,0.0,0.0
commit:31,13,1,148.8,163545776868.23343,163545776868.23343,709.3776608019743,1042203499206.9119,31.0,0.0,0.0,0.0,0.0,0.0,0.0
commit:31,14,0,576.0,318122914359.8218,318122914359.8218,1379.853966011582,4034336125962.2393,31.0,0.0,0.0,0.0,0.0,0.0,0.0
commit:31,14,1,144.0,159061457179.9109,159061457179.9109,689.926983005791,1008584031490.5598,31.0,0.0,0.0,0.0,0.0,0.0,0.0
commit:31,15,0,595.2,330370646562.67487,330370646562.67487,1432.9783437030278,4168813996827.6475,31.0,0.0,0.0,0.0,0.0,0.0,0.0
commit:31,15,1,148.8,165185323281.33743,165185323281.33743,716.4891718515139,1042203499206.9119,31.0,0.0,0.0,0.0,0.0,0.0,0.0
commit:31,16,0,595.2,332022499795.4882,332022499795.4882,1440.1432354215428,4168813996827.6475,31.0,0.0,0.0,0.0,0.0,0.0,0.0
commit:31,16,1,148.8,166011249897.7441,166011249897.7441,720.0716177107714,1042203499206.9119,31.0,0.0,0.0,0.0,0.0,0.0,0.0
commit:31,17,0,556.8000000000001,312154701823.855,312154701823.855,1353.966922463254,3899858255096.832,31.0,0.0,0.0,0.0,0.0,0.0,0.0
commit:31,17,1,139.20000000000002,156077350911.9275,156077350911.9275,676.983461231627,974964563774.208,31.0,0.0,0.0,0.0,0.0,0.0,0.0
commit:31,18,0,595.2,335351025355.93787,335351025355.93787,1454.5806713566433,4168813996827.6475,31.0,0.0,0.0,0.0,0.0,0.0,0.0
commit:31,18,1,148.8,167675512677.96893,167675512677.96893,727.2903356783216,1042203499206.9119,31.0,0.0,0.0,0.0,0.0,0.0,0.0
commit:31,19,0,576.0,326155916596.1783,326155916596.1783,1414.697007787187,4034336125962.2393,31.0,0.0,0.0,0.0,0.0,0.0,0.0
commit:31,19,1,144.0,163077958298.08914,163077958298.08914,707.3485038935935,1008584031490.5598,31.0,0.0,0.0,0.0,0.0,0.0,0.0
commit:31,20,0,595.2,338712919385.1311,338712919385.1311,1469.1628425869935,4168813996827.6475,31.0,0.0,0.0,0.0,0.0,0.0,0.0
commit:31,20,1,148.8,169356459692.56555,169356459692.56555,734.5814212934968,1042203499206.9119,31.0,0.0,0.0,0.0,0.0,0.0,0.0
commit:31,21,0,576.0,329425629660.0549,329425629660.0549,1428.8793452902532,4034336125962.2393,31.0,0.0,0.0,0.0,0.0,0.0,0.0
commit:31,21,1,144.0,164712814830.02744,164712814830.02744,714.4396726451266,1008584031490.5598,31.0,0.0,0.0,0.0,0.0,0.0,0.0
commit:31,22,0,595.2,342108516401.967,342108516401.967,1483.891200083928,4168813996827.6475,31.0,0.0,0.0,0.0,0.0,0.0,0.0
commit:31,22,1,148.8,171054258200.9835,171054258200.9835,741.945600041964,1042203499206.9119,31.0,0.0,0.0,0.0,0.0,0.0,0.0
commit:31,23,0,595.2,343819058983.97675,343819058983.97675,1491.310656084347,4168813996827.6475,31.0,0.0,0.0,0.0,0.0,0.0,0.0
commit:31,23,1,148.8,171909529491.98837,171909529491.98837,745.6553280421736,1042203499206.9119,31.0,0.0,0.0,0.0,0.0,0.0,0.0
commit:31,24,0,576.0,334391762205.38385,334391762205.38385,1450.4198800304216,4034336125962.2393,31.0,0.0,0.0,0.0,0.0,0.0,0.0
commit:31,24,1,144.0,167195881102.69193,167195881102.69193,725.2099400152108,1008584031490.5598,31.0,0.0,0.0,0.0,0.0,0.0,0.0
commit:31,25,0,595.2,347265845050.2911,347265845050.2911,1506.2610454115927,4168813996827.6475,31.0,0.0,0.0,0.0,0.0,0.0,0.0
commit:31,25,1,148.8,173632922525.14554,173632922525.14554,753.1305227057964,1042203499206.9119,31.0,0.0,0.0,0.0,0.0,0.0,0.0
commit:31,26,0,576.0,337744039621.4927,337744039621.4927,1464.960339327726,4034336125962.2393,31.0,0.0,0.0,0.0,0.0,0.0,0.0
commit:31,26,1,144.0,168872019810.74634,168872019810.74634,732.480169663863,1008584031490.5598,31.0,0.0,0.0,0.0,0.0,0.0,0.0
commit:31,27,0,595.2,350747185146.92017,350747185146.92017,1521.3613123918435,4168813996827.6475,31.0,0.0,0.0,0.0,0.0,0.0,0.0
commit:31,27,1,148.8,175373592573.46008,175373592573.46008,760.6806561959218,1042203499206.9119,31.0,0.0,0.0,0.0,0.0,0.0,0.0
commit:31,28,0,595.2,352500921072.6547,352500921072.6547,1528.9681189538026,4168813996827.6475,31.0,0.0,0.0,0.0,0.0,0.0,0.0
commit:31,28,1,148.8,176250460536.32736,176250460536.32736,764.4840594769013,1042203499206.9119,31.0,0.0,0.0,0.0,0.0,0.0,0.0
commit:31,29,0,537.6,319979868354.3388,319979868354.3388,1387.9084795922581,3765380384231.4233,31.0,0.0,0.0,0.0,0.0,0.0,0.0
commit:31,29,1,134.4,159989934177.1694,159989934177.1694,693.9542397961291,941345096057.8558,31.0,0.0,0.0,0.0,0.0,0.0,0.0
commit:31,30,0,595.2,356034742806.408,356034742806.408,1544.2960243463142,4168813996827.6475,31.0,0.0,0.0,0.0,0.0,0.0,0.0
commit:31,30,1,148.8,178017371403.204,178017371403.204,772.1480121731571,1042203499206.9119,31.0,0.0,0.0,0.0,0.0,0.0,0.0
commit:31,31,0,576.0,346272499858.49036,346272499858.49036,1501.9524236787538,4034336125962.2393,31.0,0.0,0.0,0.0,0.0,0.0,0.0
commit:31,31,1,144.0,173136249929.24518,173136249929.24518,750.9762118393769,1008584031490.5598,31.0,0.0,0.0,0.0,0.0,0.0,0.0
commit:31,32,0,595.2,359603991103.0422,359603991103.0422,1559.7775919903856,4168813996827.6475,31.0,0.0,0.0,0.0,0.0,0.0,0.0
commit:31,32,1,148.8,179801995551.5211,179801995551.5211,779.8887959951928,1042203499206.9119,31.0,0.0,0.0,0.0,0.0,0.0,0.0
commit:31,33,0,576.0,349743881669.57166,349743881669.57166,1517.009496726133,4034336125962.2393,31.0,0.0,0.0,0.0,0.0,0.0,0.0
commit:31,33,1,144.0,174871940834.78583,174871940834.78583,758.5047483630665,1008584031490.5598,31.0,0.0,0.0,0.0,0.0,0.0,0.0
commit:31,34,0,595.2,363209021113.8501,363209021113.8501,1575.4143623500888,4168813996827.6475,31.0,0.0,0.0,0.0,0.0,0.0,0.0
commit:31,34,1,148.8,181604510556.92505,181604510556.92505,787.7071811750444,1042203499206.9119,31.0,0.0,0.0,0.0,0.0,0.0,0.0
commit:31,35,0,595.2,365025066219.4193,365025066219.4193,1583.291434161839,4168813996827.6475,31.0,0.0,0.0,0.0,0.0,0.0,0.0
commit:31,35,1,148.8,182512533109.70966,182512533109.70966,791.6457170809196,1042203499206.9119,31.0,0.0,0.0,0.0,0.0,0.0,0.0
commit:31,36,0,576.0,355016314403.7255,355016314403.7255,1539.878604515466,4034336125962.2393,31.0,0.0,0.0,0.0,0.0,0.0,0.0
commit:31,36,1,144.0,177508157201.86276,177508157201.86276,769.939302257733,1008584031490.5598,31.0,0.0,0.0,0.0,0.0,0.0,0.0
commit:32,1,0,595.2,616178562048.0001,616178562048.0001,2672.666426196395,4303291867693.0557,32.0,0.0,0.0,0.0,0.0,0.0,0.0
commit:32,1,1,148.8,308089281024.00006,308089281024.00006,1336.3332130981976,1075822966923.2639,32.0,0.0,0.0,0.0,0.0,0.0,0.0
commit:32,2,0,576.0,599283343411.2001,599283343411.2001,2599.38363709101,4164476000993.2793,32.0,0.0,0.0,0.0,0.0,0.0,0.0
commit:32,2,1,144.0,299641671705.60004,299641671705.60004,1299.691818545505,1041119000248.3198,32.0,0.0,0.0,0.0,0.0,0.0,0.0
commit:32,3,0,595.2,622355752132.5311,622355752132.5311,2699.459907119013,4303291867693.0557,32.0,0.0,0.0,0.0,0.0,0.0,0.0
commit:32,3,1,148.8,311177876066.26556,311177876066.26556,1349.7299535595066,1075822966923.2639,32.0,0.0,0.0,0.0,0.0,0.0,0.0
commit:32,4,0,595.2,625467530893.1937,625467530893.1937,2712.957206654608,4303291867693.0557,32.0,0.0,0.0,0.0,0.0,0.0,0.0
commit:32,4,1,148.8,312733765446.59686,312733765446.59686,1356.478603327304,1075822966923.2639,32.0,0.0,0.0,0.0,0.0,0.0,0.0
commit:32,5,0,537.6,567763107075.3055,567763107075.3055,2462.66502565357,3886844267593.7275,32.0,0.0,0.0,0.0,0.0,0.0,0.0
commit:32,5,1,134.4,283881553537.6528,283881553537.6528,1231.332512826785,971711066898.4319,32.0,0.0,0.0,0.0,0.0,0.0,0.0
commit:32,6,0,595.2,631737842890.3978,631737842890.3978,2740.1546026513197,4303291867693.0557,32.0,0.0,0.0,0.0,0.0,0.0,0.0
commit:32,6,1,148.8,315868921445.1989,315868921445.1989,1370.0773013256598,1075822966923.2639,32.0,0.0,0.0,0.0,0.0,0.0,0.0
commit:32,7,0,576.0,307207999405.5725,307207999405.5725,1332.5106656441499,4164476000993.2793,32.0,0.0,0.0,0.0,0.0,0.0,0.0
commit:32,7,1,144.0,153603999702.78625,153603999702.78625,666.2553328220749,1041119000248.3198,32.0,0.0,0.0,0.0,0.0,0.0,0.0
commit:32,8,0,595.2,319035507382.687,319035507382.687,1383.8123262714496,4303291867693.0557,32.0,0.0,0.0,0.0,0.0,0.0,0.0
commit:32,8,1,148.8,159517753691.3435,159517753691.3435,691.9061631357248,1075822966923.2639,32.0,0.0,0.0,0.0,0.0,0.0,0.0
commit:32,9,0,576.0,310287759599.61334,310287759599.61334,1345.8690850672324,4164476000993.2793,32.0,0.0,0.0,0.0,0.0,0.0,0.0
commit:32,9,1,144.0,155143879799.80667,155143879799.80667,672.9345425336162,1041119000248.3198,32.0,0.0,0.0,0.0,0.0,0.0,0.0
commit:32,10,0,595.2,322233838344.19836,322233838344.19836,1397.6850448423204,4303291867693.0557,32.0,0.0,0.0,0.0,0.0,0.0,0.0
commit:32,10,1,148.8,161116919172.09918,161116919172.09918,698.8425224211602,1075822966923.2639,32.0,0.0,0.0,0.0,0.0,0.0,0.0
commit:32,11,0,595.2,323845007535.9194,323845007535.9194,1404.673470066532,4303291867693.0557,32.0,0.0,0.0,0.0,0.0,0.0,0.0
commit:32,11,1,148.8,161922503767.9597,161922503767.9597,702.336735033266,1075822966923.2639,32.0,0.0,0.0,0.0,0.0,0.0,0.0
commit:32,12,0,576.0,314965386361.54736,314965386361.54736,1366.158229758256,4164476000993.2793,32.0,0.0,0.0,0.0,0.0,0.0,0.0
commit:32,12,1,144.0,157482693180.77368,157482693180.77368,683.079114879128,1041119000248.3198,32.0,0.0,0.0,0.0,0.0,0.0,0.0
commit:32,13,0,595.2,327091553736.46686,327091553736.46686,1418.7553216039487,4303291867693.0557,32.0,0.0,0.0,0.0,0.0,0.0,0.0
commit:32,13,1,148.8,163545776868.23343,163545776868.23343,709.3776608019743,1075822966923.2639,32.0,0.0,0.0,0.0,0.0,0.0,0.0
commit:32,14,0,576.0,318122914359.8218,318122914359.8218,1379.853966011582,4164476000993.2793,32.0,0.0,0.0,0.0,0.0,0.0,0.0
commit:32,14,1,144.0,159061457179.9109,159061457179.9109,689.926983005791,1041119000248.3198,32.0,0.0,0.0,0.0,0.0,0.0,0.0
commit:32,15,0,595.2,330370646562.67487,330370646562.67487,1432.9783437030278,4303291867693.0557,32.0,0.0,0.0,0.0,0.0,0.0,0.0
commit:32,15,1,148.8,165185323281.33743,165185323281.33743,716.4891718515139,1075822966923.2639,32.0,0.0,0.0,0.0,0.0,0.0,0.0
commit:32,16,0,595.2,332022499795.4882,332022499795.4882,1440.1432354215428,4303291867693.0557,32.0,0.0,0.0,0.0,0.0,0.0,0.0
commit:32,16,1,148.8,166011249897.7441,166011249897.7441,720.0716177107714,1075822966923.2639,32.0,0.0,0.0,0.0,0.0,0.0,0.0
commit:32,17,0,556.8000000000001,312154701823.855,312154701823.855,1353.966922463254,4025660134293.504,32.0,0.0,0.0,0.0,0.0,0.0,0.0
commit:32,17,1,139.20000000000002,156077350911.9275,156077350911.9275,676.983461231627,1006415033573.376,32.0,0.0,0.0,0.0,0.0,0.0,0.0
commit:32,18,0,595.2,335351025355.93787,335351025355.93787,1454.5806713566433,4303291867693.0557,32.0,0.0,0.0,0.0,0.0,0.0,0.0
commit:32,18,1,148.8,167675512677.96893,167675512677.96893,727.2903356783216,1075822966923.2639,32.0,0.0,0.0,0.0,0.0,0.0,0.0
commit:32,19,0,576.0,326155916596.1783,326155916596.1783,1414.697007787187,4164476000993.2793,32.0,0.0,0.0,0.0,0.0,0.0,0.0
commit:32,19,1,144.0,163077958298.08914,163077958298.08914,707.3485038935935,1041119000248.3198,32.0,0.0,0.0,0.0,0.0,0.0,0.0
commit:32,20,0,595.2,338712919385.1311,338712919385.1311,1469.1628425869935,4303291867693.0557,32.0,0.0,0.0,0.0,0.0,0.0,0.0
commit:32,20,1,148.8,169356459692.56555,169356459692.56555,734.5814212934968,1075822966923.2639,32.0,0.0,0.0,0.0,0.0,0.0,0.0
commit:32,21,0,576.0,329425629660.0549,329425629660.0549,1428.8793452902532,4164476000993.2793,32.0,0.0,0.0,0.0,0.0,0.0,0.0
commit:32,21,1,144.0,164712814830.02744,164712814830.02744,714.4396726451266,1041119000248.3198,32.0,0.0,0.0,0.0,0.0,0.0,0.0
commit:32,22,0,595.2,342108516401.967,342108516401.967,1483.891200083928,4303291867693.0557,32.0,0.0,0.0,0.0,0.0,0.0,0.0
commit:32,22,1,148.8,171054258200.9835,171054258200.9835,741.945600041964,1075822966923.2639,32.0,0.0,0.0,0.0,0.0,0.0,0.0
commit:32,23,0,595.2,343819058983.97675,343819058983.97675,1491.310656084347,4303291867693.0557,32.0,0.0,0.0,0.0,0.0,0.0,0.0
commit:32,23,1,148.8,171909529491.98837,171909529491.98837,745.6553280421736,1075822966923.2639,32.0,0.0,0.0,0.0,0.0,0.0,0.0
commit:32,24,0,576.0,334391762205.38385,334391762205.38385,1450.4198800304216,4164476000993.2793,32.0,0.0,0.0,0.0,0.0,0.0,0.0
commit:32,24,1,144.0,167195881102.69193,167195881102.69193,725.2099400152108,1041119000248.3198,32.0,0.0,0.0,0.0,0.0,0.0,0.0
commit:32,25,0,595.2,347265845050.2911,347265845050.2911,1506.2610454115927,4303291867693.0557,32.0,0.0,0.0,0.0,0.0,0.0,0.0
commit:32,25,1,148.8,173632922525.14554,173632922525.14554,753.1305227057964,1075822966923.2639,32.0,0.0,0.0,0.0,0.0,0.0,0.0
commit:32,26,0,576.0,337744039621.4927,337744039621.4927,1464.960339327726,4164476000993.2793,32.0,0.0,0.0,0.0,0.0,0.0,0.0
commit:32,26,1,144.0,168872019810.74634,168872019810.74634,732.480169663863,1041119000248.3198,32.0,0.0,0.0,0.0,0.0,0.0,0.0
commit:32,27,0,595.2,350747185146.92017,350747185146.92017,1521.3613123918435,4303291867693.0557,32.0,0.0,0.0,0.0,0.0,0.0,0.0
commit:32,27,1,148.8,175373592573.46008,175373592573.46008,760.6806561959218,1075822966923.2639,32.0,0.0,0.0,0.0,0.0,0.0,0.0
commit:32,28,0,595.2,352500921072.6547,352500921072.6547,1528.9681189538026,4303291867693.0557,32.0,0.0,0.0,0.0,0.0,0.0,0.0
commit:32,28,1,148.8,176250460536.32736,176250460536.32736,764.4840594769013,1075822966923.2639,32.0,0.0,0.0,0.0,0.0,0.0,0.0
commit:32,29,0,537.6,319979868354.3388,319979868354.3388,1387.9084795922581,3886844267593.7275,32.0,0.0,0.0,0.0,0.0,0.0,0.0
commit:32,29,1,134.4,159989934177.1694,159989934177.1694,693.9542397961291,971711066898.4319,32.0,0.0,0.0,0.0,0.0,0.0,0.0
commit:32,30,0,595.2,356034742806.408,356034742806.408,1544.2960243463142,4303291867693.0557,32.0,0.0,0.0,0.0,0.0,0.0,0.0
commit:32,30,1,148.8,178017371403.204,178017371403.204,772.1480121731571,1075822966923.2639,32.0,0.0,0.0,0.0,0.0,0.0,0.0
commit:32,31,0,576.0,346272499858.49036,346272499858.49036,1501.9524236787538,4164476000993.2793,32.0,0.0,0.0,0.0,0.0,0.0,0.0
commit:32,31,1,144.0,173136249929.24518,173136249929.24518,750.9762118393769,1041119000248.3198,32.0,0.0,0.0,0.0,0.0,0.0,0.0
commit:32,32,0,595.2,359603991103.0422,359603991103.0422,1559.7775919903856,4303291867693.0557,32.0,0.0,0.0,0.0,0.0,0.0,0.0
commit:32,32,1,148.8,179801995551.5211,179801995551.5211,779.8887959951928,1075822966923.2639,32.0,0.0,0.0,0.0,0.0,0.0,0.0
commit:32,33,0,576.0,349743881669.57166,349743881669.57166,1517.009496726133,4164476000993.2793,32.0,0.0,0.0,0.0,0.0,0.0,0.0
commit:32,33,1,144.0,174871940834.78583,174871940834.78583,758.5047483630665,1041119000248.3198,32.0,0.0,0.0,0.0,0.0,0.0,0.0
commit:32,34,0,595.2,363209021113.8501,363209021113.8501,1575.4143623500888,4303291867693.0557,32.0,0.0,0.0,0.0,0.0,0.0,0.0
commit:32,34,1,148.8,181604510556.92505,181604510556.92505,787.7071811750444,1075822966923.2639,32.0,0.0,0.0,0.0,0.0,0.0,0.0
commit:32,35,0,595.2,365025066219.4193,365025066219.4193,1583.291434161839,4303291867693.0557,32.0,0.0,0.0,0.0,0.0,0.0,0.0
commit:32,35,1,148.8,182512533109.70966,182512533109.70966,791.6457170809196,1075822966923.2639,32.0,0.0,0.0,0.0,0.0,0.0,0.0
commit:32,36,0,576.0,355016314403.7255,355016314403.7255,1539.878604515466,4164476000993.2793,32.0,0.0,0.0,0.0,0.0,0.0,0.0
commit:32,36,1,144.0,177508157201.86276,177508157201.86276,769.939302257733,1041119000248.3198,32.0,0.0,0.0,0.0,0.0,0.0,0.0
own:1,1,0,595.2,616178562048.0001,134477870865.40799,583.296,134477870865.40799,1.0,481700691182.59216,0.0,2132.0106389759135,2089.3704261963953,4.0,2136.0
own:1,1,1,148.8,308089281024.00006,33619467716.351997,145.824,33619467716.351997,1.0,274469813307.64807,0.0,1214.8053194879567,1190.5092130981975,9.0,1215.0
own:1,2,0,576.0,599283343411.2001,130139875031.03998,564.48,130139875031.03998,1.0,469143468380.1601,0.0,2076.4322827459287,2034.9036370910098,4.0,2080.0
own:1,2,1,144.0,299641671705.60004,32534968757.759995,141.12,32534968757.759995,1.0,267106702947.84003,0.0,1182.2161413729643,1158.5718185455048,9.0,1188.0
own:1,3,0,595.2,622355752132.5311,134477870865.40799,583.296,134477870865.40799,1.0,487877881267.12317,0.0,2159.350925631646,2116.1639071190134,4.0,2160.0
own:1,3,1,148.8,311177876066.26556,33619467716.351997,145.824,33619467716.351997,1.0,277558408349.9136,0.0,1228.4754628158232,1203.9059535595065,9.0,1233.0
own:1,4,0,595.2,625467530893.1937,134477870865.40799,583.296,134477870865.40799,1.0,490989660027.78577,0.0,2173.123680259804,2129.661206654608,4.0,2176.0
own:1,4,1,148.8,312733765446.59686,33619467716.351997,145.824,33619467716.351997,1.0,279114297730.2449,0.0,1235.361840129902,1210.654603327304,9.0,1242.0
own:1,5,0,537.6,567763107075.3055,121463883362.30399,526.848,121463883362.30399,1.0,446299223713.0016,0.0,1975.3234955648675,1935.8170256535702,4.0,1976.0
own:1,5,1,134.4,283881553537.6528,30365970840.575996,131.712,30365970840.575996,1.0,253515582697.07678,0.0,1122.0617477824337,1099.620512826785,9.0,1125.0
own:1,6,0,595.2,631737842890.3978,134477870865.40799,583.296,134477870865.40799,1.0,497259972024.98987,0.0,2200.876125154408,2156.85860265132,4.0,2204.0
own:1,6,1,148.8,315868921445.1989,33619467716.351997,145.824,33619467716.351997,1.0,282249453728.8469,0.0,1249.238062577204,1224.2533013256598,9.0,1251.0
own:1,7,0,576.0,307207999405.5725,130139875031.03998,564.48,130139875031.03998,1.0,177068124374.53253,0.0,783.7047608613775,768.03066564415,2.0,784.0
own:1,7,1,144.0,153603999702.78625,32534968757.759995,141.12,32534968757.759995,1.0,121069030945.02626,0.0,535.8523804306888,525.1353328220749,4.0,536.0
own:1,8,0,595.2,319035507382.687,134477870865.40799,583.296,134477870865.40799,1.0,184557636517.27902,0.0,816.8533941545403,800.5163262714494,2.0,818.0
own:1,8,1,148.8,159517753691.3435,33619467716.351997,145.824,33619467716.351997,1.0,125898285974.99152,0.0,557.2266970772702,546.0821631357247,4.0,560.0
own:1,9,0,576.0,310287759599.61334,130139875031.03998,564.48,130139875031.03998,1.0,180147884568.57336,0.0,797.3358010890126,781.3890850672324,2.0,798.0
own:1,9,1,144.0,155143879799.80667,32534968757.759995,141.12,32534968757.759995,1.0,122608911042.04668,0.0,542.6679005445063,531.8145425336162,4.0,544.0
own:1,10,0,595.2,322233838344.19836,134477870865.40799,583.296,134477870865.40799,1.0,187755967478.79037,0.0,831.0092294309392,814.3890448423203,2.0,832.0
own:1,10,1,148.8,161116919172.09918,33619467716.351997,145.824,33619467716.351997,1.0,127497451455.7472,0.0,564.3046147154696,553.0185224211602,4.0,568.0
own:1,11,0,595.2,323845007535.9194,134477870865.40799,583.296,134477870865.40799,1.0,189367136670.51138,0.0,838.1402755780939,821.377470066532,2.0,840.0
own:1,11,1,148.8,161922503767.9597,33619467716.351997,145.824,33619467716.351997,1.0,128303036051.6077,0.0,567.870137789047,556.512735033266,4.0,568.0
own:1,12,0,576.0,314965386361.54736,130139875031.03998,564.48,130139875031.03998,1.0,184825511330.5074,0.0,818.0390099574042,801.6782297582561,2.0,820.0
own:1,12,1,144.0,157482693180.77368,32534968757.759995,141.12,32534968757.759995,1.0,124947724423.01369,0.0,553.0195049787021,541.959114879128,4.0,556.0
own:1,13,0,595.2,327091553736.46686,134477870865.40799,583.296,134477870865.40799,1.0,192613682871.05887,0.0,852.5095118407639,835.4593216039485,2.0,854.0
own:1,13,1,148.8,163545776868.23343,33619467716.351997,145.824,33619467716.351997,1.0,129926309151.88144,0.0,575.054755920382,563.5536608019743,4.0,576.0
own:1,14,0,576.0,318122914359.8218,130139875031.03998,564.48,130139875031.03998,1.0,187983039328.7818,0.0,832.0142510322268,815.3739660115822,2.0,834.0
own:1,14,1,144.0,159061457179.9109,32534968757.759995,141.12,32534968757.759995,1.0,126526488422.1509,0.0,560.0071255161134,548.806983005791,4.0,564.0
own:1,15,0,595.2,330370646562.67487,134477870865.40799,583.296,134477870865.40799,1.0,195892775697.26688,0.0,867.0227996969672,849.6823437030279,2.0,868.0
own:1,15,1,148.8,165185323281.33743,33619467716.351997,145.824,33619467716.351997,1.0,131565855564.98544,0.0,582.3113998484837,570.665171851514,4.0,584.0
own:1,16,0,595.2,332022499795.4882,134477870865.40799,583.296,134477870865.40799,1.0,197544628930.08023,0.0,874.333913695452,856.8472354215429,2.0,876.0
own:1,16,1,148.8,166011249897.7441,33619467716.351997,145.824,33619467716.351997,1.0,132391782181.39212,0.0,585.966956847726,574.2476177107715,4.0,588.0
own:1,17,0,556.8000000000001,312154701823.855,125801879196.672,545.6640000000001,125801879196.672,1.0,186352822627.18298,0.0,824.7989004727079,808.3029224632538,2.0,826.0
own:1,17,1,139.20000000000002,156077350911.9275,31450469799.168,136.41600000000003,31450469799.168,1.0,124626881112.75949,0.0,551.599450236354,540.5674612316269,4.0,552.0
own:1,18,0,595.2,335351025355.93787,134477870865.40799,583.296,134477870865.40799,1.0,200873154490.52988,0.0,889.0659911802484,871.2846713566433,2.0,890.0
own:1,18,1,148.8,167675512677.96893,33619467716.351997,145.824,33619467716.351997,1.0,134056044961.61694,0.0,593.3329955901243,581.4663356783217,5.0,595.0
own:1,19,0,576.0,326155916596.1783,130139875031.03998,564.48,130139875031.03998,1.0,196016041565.1383,0.0,867.568375293048,850.2170077871871,2.0,868.0
own:1,19,1,144.0,163077958298.08914,32534968757.759995,141.12,32534968757.759995,1.0,130542989540.32915,0.0,577.7841876465241,566.2285038935935,5.0,580.0
own:1,20,0,595.2,338712919385.1311,134477870865.40799,583.296,134477870865.40799,1.0,204235048519.7231,0.0,903.9457577418301,885.8668425869935,2.0,904.0
own:1,20,1,148.8,169356459692.56555,33619467716.351997,145.824,33619467716.351997,1.0,135736991976.21356,0.0,600.7728788709151,588.7574212934968,5.0,605.0
own:1,21,0,576.0,329425629660.0549,130139875031.03998,564.48,130139875031.03998,1.0,199285754629.0149,0.0,882.0401482553604,864.3993452902531,2.0,884.0
own:1,21,1,144.0,164712814830.02744,32534968757.759995,141.12,32534968757.759995,1.0,132177846072.26744,0.0,585.0200741276802,573.3196726451266,5.0,590.0
own:1,22,0,595.2,342108516401.967,134477870865.40799,583.296,134477870865.40799,1.0,207630645536.559,0.0,918.9746939631917,900.5952000839278,2.0,920.0
own:1,22,1,148.8,171054258200.9835,33619467716.351997,145.824,33619467716.351997,1.0,137434790484.6315,0.0,608.2873469815959,596.1216000419639,5.0,610.0
own:1,23,0,595.2,343819058983.97675,134477870865.40799,583.296,134477870865.40799,1.0,209341188118.56876,0.0,926.5455674330074,908.0146560843472,2.0,928.0
own:1,23,1,148.8,171909529491.98837,33619467716.351997,145.824,33619467716.351997,1.0,138290061775.63638,0.0,612.0727837165037,599.8313280421736,5.0,615.0
own:1,24,0,576.0,334391762205.38385,130139875031.03998,564.48,130139875031.03998,1.0,204251887174.34387,0.0,904.0202857453282,885.9398800304217,2.0,906.0
own:1,24,1,144.0,167195881102.69193,32534968757.759995,141.12,32534968757.759995,1.0,134660912344.93193,0.0,596.0101428726641,584.0899400152108,5.0,600.0
own:1,25,0,595.2,347265845050.2911,134477870865.40799,583.296,134477870865.40799,1.0,212787974184.8831,0.0,941.8010667465231,922.9650454115927,2.0,942.0
own:1,25,1,148.8,173632922525.14554,33619467716.351997,145.824,33619467716.351997,1.0,140013454808.79355,0.0,619.7005333732616,607.3065227057964,5.0,620.0
own:1,26,0,576.0,337744039621.4927,130139875031.03998,564.48,130139875031.03998,1.0,207604164590.4527,0.0,918.8574891099245,900.480339327726,2.0,920.0
own:1,26,1,144.0,168872019810.74634,32534968757.759995,141.12,32534968757.759995,1.0,136337051052.98634,0.0,603.4287445549622,591.360169663863,5.0,605.0
own:1,27,0,595.2,350747185146.92017,134477870865.40799,583.296,134477870865.40799,1.0,216269314281.51218,0.0,957.2095024406567,938.0653123918435,2.0,958.0
own:1,27,1,148.8,175373592573.46008,33619467716.351997,145.824,33619467716.351997,1.0,141754124857.1081,0.0,627.4047512203284,614.8566561959218,5.0,630.0
own:1,28,0,595.2,352500921072.6547,134477870865.40799,583.296,134477870865.40799,1.0,218023050207.24673,0.0,964.9715499528597,945.6721189538025,2.0,966.0
own:1,28,1,148.8,176250460536.32736,33619467716.351997,145.824,33619467716.351997,1.0,142630992819.97537,0.0,631.2857749764299,618.6600594769013,5.0,635.0
own:1,29,0,537.6,319979868354.3388,121463883362.30399,526.848,121463883362.30399,1.0,198515984992.03482,0.0,878.6331424410797,861.060479592258,2.0,880.0
own:1,29,1,134.4,159989934177.1694,30365970840.575996,131.712,30365970840.575996,1.0,129623963336.59341,0.0,573.7165712205399,562.2422397961291,5.0,575.0
own:1,30,0,595.2,356034742806.408,134477870865.40799,583.296,134477870865.40799,1.0,221556871941.00003,0.0,980.6122697411369,961.0000243463141,2.0,982.0
own:1,30,1,148.8,178017371403.204,33619467716.351997,145.824,33619467716.351997,1.0,144397903686.85202,0.0,639.1061348705684,626.324012173157,5.0,640.0
own:1,31,0,576.0,346272499858.49036,130139875031.03998,564.48,130139875031.03998,1.0,216132624827.45038,0.0,956.6045139579121,937.4724236787538,2.0,958.0
own:1,31,1,144.0,173136249929.24518,32534968757.759995,141.12,32534968757.759995,1.0,140601281171.48517,0.0,622.3022569789559,609.8562118393768,5.0,625.0
own:1,32,0,595.2,359603991103.0422,134477870865.40799,583.296,134477870865.40799,1.0,225126120237.6342,0.0,996.4097877452914,976.4815919903855,2.0,998.0
own:1,32,1,148.8,179801995551.5211,33619467716.351997,145.824,33619467716.351997,1.0,146182527835.1691,0.0,647.0048938726458,634.0647959951928,5.0,650.0
own:1,33,0,576.0,349743881669.57166,130139875031.03998,564.48,130139875031.03998,1.0,219604006638.53168,0.0,971.9688742103399,952.5294967261331,2.0,972.0
own:1,33,1,144.0,174871940834.78583,32534968757.759995,141.12,32534968757.759995,1.0,142336972077.02582,0.0,629.9844371051698,617.3847483630665,5.0,630.0
own:1,34,0,595.2,363209021113.8501,134477870865.40799,583.296,134477870865.40799,1.0,228731150248.4421,0.0,1012.3656758674376,992.1183623500888,2.0,1014.0
own:1,34,1,148.8,181604510556.92505,33619467716.351997,145.824,33619467716.351997,1.0,147985042840.57306,0.0,654.9828379337189,641.8831811750445,5.0,655.0
own:1,35,0,595.2,365025066219.4193,134477870865.40799,583.296,134477870865.40799,1.0,230547195354.01132,0.0,1020.4035042467747,999.9954341618391,2.0,1022.0
own:1,35,1,148.8,182512533109.70966,33619467716.351997,145.824,33619467716.351997,1.0,148893065393.35767,0.0,659.0017521233874,645.8217170809196,5.0,660.0
own:1,36,0,576.0,355016314403.7255,130139875031.03998,564.48,130139875031.03998,1.0,224876439372.68555,0.0,995.3046984851694,975.398604515466,2.0,996.0
own:1,36,1,144.0,177508157201.86276,32534968757.759995,141.12,32534968757.759995,1.0,144973188444.10278,0.0,641.6523492425848,628.819302257733,5.0,645.0
own:2,1,0,595.2,616178562048.0001,268955741730.81598,1166.592,268955741730.81598,2.0,347222820317.18414,0.0,1536.8106389759134,1506.074426196395,3.0,1539.0
own:2,1,1,148.8,308089281024.00006,67238935432.703995,291.648,67238935432.703995,2.0,240850345591.29608,0.0,1066.0053194879567,1044.6852130981977,8.0,1072.0
own:2,2,0,576.0,599283343411.2001,260279750062.07996,1128.96,260279750062.07996,2.0,339003593349.1201,0.0,1500.4322827459287,1470.42363709101,3.0,1503.0
own:2,2,1,144.0,299641671705.60004,65069937515.51999,282.24,65069937515.51999,2.0,234571734190.08005,0.0,1038.2161413729643,1017.4518185455049,8.0,1040.0
own:2,3,0,595.2,622355752132.5311,268955741730.81598,1166.592,268955741730.81598,2.0,353400010401.71515,0.0,1564.150925631646,1532.8679071190131,3.0,1566.0
own:2,3,1,148.8,311177876066.26556,67238935432.703995,291.648,67238935432.703995,2.0,243938940633.56158,0.0,1079.675462815823,1058.0819535595067,8.0,1080.0
own:2,4,0,595.2,625467530893.1937,268955741730.81598,1166.592,268955741730.81598,2.0,356511789162.37775,0.0,1577.923680259804,1546.3652066546078,3.0,1578.0
own:2,4,1,148.8,312733765446.59686,67238935432.703995,291.648,67238935432.703995,2.0,245494830013.89288,0.0,1086.561840129902,1064.830603327304,8.0,1088.0
own:2,5,0,537.6,567763107075.3055,242927766724.60797,1053.696,242927766724.60797,2.0,324835340350.6976,0.0,1437.7234955648673,1408.96902565357,3.0,1440.0
own:2,5,1,134.4,283881553537.6528,60731941681.15199,263.424,60731941681.15199,2.0,223149611856.5008,0.0,987.6617477824337,967.9085128267851,8.0,992.0
own:2,6,0,595.2,631737842890.3978,268955741730.81598,1166.592,268955741730.81598,2.0,362782101159.58185,0.0,1605.6761251544078,1573.5626026513196,3.0,1608.0
own:2,6,1,148.8,315868921445.1989,67238935432.703995,291.648,67238935432.703995,2.0,248629986012.49493,0.0,1100.438062577204,1078.42930132566,8.0,1104.0
own:2,7,0,576.0,307207999405.5725,260279750062.07996,1128.96,260279750062.07996,2.0,46928249343.49255,0.0,207.7047608613775,203.55066564414994,1.0,208.0
own:2,7,1,144.0,153603999702.78625,65069937515.51999,282.24,65069937515.51999,2.0,88534062187.26627,0.0,391.85238043068875,384.015332822075,3.0,393.0
own:2,8,0,595.2,319035507382.687,268955741730.81598,1166.592,268955741730.81598,2.0,50079765651.87103,0.0,221.65339415454025,217.22032627144944,1.0,222.0
own:2,8,1,148.8,159517753691.3435,67238935432.703995,291.648,67238935432.703995,2.0,92278818258.63951,0.0,408.42669707727015,400.2581631357247,3.0,411.0
own:2,9,0,576.0,310287759599.61334,260279750062.07996,1128.96,260279750062.07996,2.0,50008009537.53339,0.0,221.33580108901268,216.9090850672324,1.0,222.0
own:2,9,1,144.0,155143879799.80667,65069937515.51999,282.24,65069937515.51999,2.0,90073942284.28668,0.0,398.6679005445063,390.6945425336162,3.0,399.0
own:2,10,0,595.2,322233838344.19836,268955741730.81598,1166.592,268955741730.81598,2.0,53278096613.382385,0.0,235.80922943093913,231.09304484232035,1.0,236.0
own:2,10,1,148.8,161116919172.09918,67238935432.703995,291.648,67238935432.703995,2.0,93877983739.39519,0.0,415.5046147154696,407.1945224211602,3.0,417.0
own:2,11,0,595.2,323845007535.9194,268955741730.81598,1166.592,268955741730.81598,2.0,54889265805.10339,0.0,242.94027557809392,238.081470066532,1.0,243.0
own:2,11,1,148.8,161922503767.9597,67238935432.703995,291.648,67238935432.703995,2.0,94683568335.25569,0.0,419.07013778904695,410.688735033266,3.0,420.0
own:2,12,0,576.0,314965386361.54736,260279750062.07996,1128.96,260279750062.07996,2.0,54685636299.46741,0.0,242.03900995740423,237.19822975825613,1.0,243.0
own:2,12,1,144.0,157482693180.77368,65069937515.51999,282.24,65069937515.51999,2.0,92412755665.2537,0.0,409.0195049787021,400.83911487912803,3.0,411.0
own:2,13,0,595.2,327091553736.46686,268955741730.81598,1166.592,268955741730.81598,2.0,58135812005.65088,0.0,257.30951184076383,252.16332160394853,1.0,258.0
own:2,13,1,148.8,163545776868.23343,67238935432.703995,291.648,67238935432.703995,2.0,96306841435.52943,0.0,426.25475592038197,417.72966080197426,3.0,429.0
own:2,14,0,576.0,318122914359.8218,260279750062.07996,1128.96,260279750062.07996,2.0,57843164297.74182,0.0,256.01425103222675,250.89396601158222,1.0,257.0
own:2,14,1,144.0,159061457179.9109,65069937515.51999,282.24,65069937515.51999,2.0,93991519664.3909,0.0,416.0071255161134,407.6869830057911,3.0,417.0
own:2,15,0,595.2,330370646562.67487,268955741730.81598,1166.592,268955741730.81598,2.0,61414904831.85889,0.0,271.8227996969672,266.3863437030278,1.0,272.0
own:2,15,1,148.8,165185323281.33743,67238935432.703995,291.648,67238935432.703995,2.0,97946387848.63344,0.0,433.5113998484836,424.84117185151393,3.0,435.0
own:2,16,0,595.2,332022499795.4882,268955741730.81598,1166.592,268955741730.81598,2.0,63066758064.67224,0.0,279.1339136954519,273.55123542154286,1.0,280.0
own:2,16,1,148.8,166011249897.7441,67238935432.703995,291.648,67238935432.703995,2.0,98772314465.04012,0.0,437.166956847726,428.42361771077145,3.0,438.0
own:2,17,0,556.8000000000001,312154701823.855,251603758393.344,1091.3280000000002,251603758393.344,2.0,60550943430.51099,0.0,267.99890047270793,262.6389224632537,1.0,268.0
own:2,17,1,139.20000000000002,156077350911.9275,62900939598.336,272.83200000000005,62900939598.336,2.0,93176411313.59149,0.0,412.39945023635397,404.1514612316269,3.0,414.0
own:2,18,0,595.2,335351025355.93787,268955741730.81598,1166.592,268955741730.81598,2.0,66395283625.12189,0.0,293.8659911802483,287.9886713566433,1.0,294.0
own:2,18,1,148.8,167675512677.96893,67238935432.703995,291.648,67238935432.703995,2.0,100436577245.26494,0.0,444.5329955901242,435.6423356783217,4.0,448.0
own:2,19,0,576.0,326155916596.1783,260279750062.07996,1128.96,260279750062.07996,2.0,65876166534.09833,0.0,291.56837529304806,285.73700778718705,1.0,292.0
own:2,19,1,144.0,163077958298.08914,65069937515.51999,282.24,65069937515.51999,2.0,98008020782.56915,0.0,433.784187646524,425.10850389359354,4.0,436.0
own:2,20,0,595.2,338712919385.1311,268955741730.81598,1166.592,268955741730.81598,2.0,69757177654.31512,0.0,308.74575774183006,302.5708425869935,1.0,309.0
own:2,20,1,148.8,169356459692.56555,67238935432.703995,291.648,67238935432.703995,2.0,102117524259.86156,0.0,451.97287887091505,442.93342129349674,4.0,452.0
own:2,21,0,576.0,329425629660.0549,260279750062.07996,1128.96,260279750062.07996,2.0,69145879597.97491,0.0,306.0401482553604,299.9193452902532,1.0,307.0
own:2,21,1,144.0,164712814830.02744,65069937515.51999,282.24,65069937515.51999,2.0,99642877314.50745,0.0,441.0200741276802,432.19967264512655,4.0,444.0
own:2,22,0,595.2,342108516401.967,268955741730.81598,1166.592,268955741730.81598,2.0,73152774671.151,0.0,323.7746939631917,317.2992000839278,1.0,324.0
own:2,22,1,148.8,171054258200.9835,67238935432.703995,291.648,67238935432.703995,2.0,103815322768.2795,0.0,459.48734698159586,450.2976000419639,4.0,460.0
own:2,23,0,595.2,343819058983.97675,268955741730.81598,1166.592,268955741730.81598,2.0,74863317253.16077,0.0,331.3455674330073,324.7186560843472,1.0,332.0
own:2,23,1,148.8,171909529491.98837,67238935432.703995,291.648,67238935432.703995,2.0,104670594059.28438,0.0,463.2727837165037,454.0073280421736,4.0,464.0
own:2,24,0,576.0,334391762205.38385,260279750062.07996,1128.96,260279750062.07996,2.0,74112012143.3039,0.0,328.02028574532824,321.4598800304217,1.0,329.0
own:2,24,1,144.0,167195881102.69193,65069937515.51999,282.24,65069937515.51999,2.0,102125943587.17194,0.0,452.0101428726641,442.96994001521085,4.0,456.0
own:2,25,0,595.2,347265845050.2911,268955741730.81598,1166.592,268955741730.81598,2.0,78310103319.4751,0.0,346.60106674652303,339.6690454115926,1.0,347.0
own:2,25,1,148.8,173632922525.14554,67238935432.703995,291.648,67238935432.703995,2.0,106393987092.44154,0.0,470.90053337326157,461.4825227057963,4.0,472.0
own:2,26,0,576.0,337744039621.4927,260279750062.07996,1128.96,260279750062.07996,2.0,77464289559.41272,0.0,342.85748910992453,336.000339327726,1.0,343.0
own:2,26,1,144.0,168872019810.74634,65069937515.51999,282.24,65069937515.51999,2.0,103802082295.22635,0.0,459.42874455496224,450.240169663863,4.0,460.0
own:2,27,0,595.2,350747185146.92017,268955741730.81598,1166.592,268955741730.81598,2.0,81791443416.10419,0.0,362.0095024406566,354.76931239184347,1.0,363.0
own:2,27,1,148.8,175373592573.46008,67238935432.703995,291.648,67238935432.703995,2.0,108134657140.75609,0.0,478.60475122032835,469.03265619592173,4.0,480.0
own:2,28,0,595.2,352500921072.6547,268955741730.81598,1166.592,268955741730.81598,2.0,83545179341.83875,0.0,369.7715499528597,362.37611895380246,1.0,370.0
own:2,28,1,148.8,176250460536.32736,67238935432.703995,291.648,67238935432.703995,2.0,109011525103.62337,0.0,482.48577497642987,472.83605947690126,4.0,484.0
own:2,29,0,537.6,319979868354.3388,242927766724.60797,1053.696,242927766724.60797,2.0,77052101629.73083,0.0,341.03314244107963,334.21247959225803,1.0,342.0
own:2,29,1,134.4,159989934177.1694,60731941681.15199,263.424,60731941681.15199,2.0,99257992496.01741,0.0,439.31657122053986,430.530239796129,4.0,440.0
own:2,30,0,595.2,356034742806.408,268955741730.81598,1166.592,268955741730.81598,2.0,87079001075.59204,0.0,385.4122697411368,377.70402434631404,1.0,386.0
own:2,30,1,148.8,178017371403.204,67238935432.703995,291.648,67238935432.703995,2.0,110778435970.50002,0.0,490.3061348705684,480.5000121731571,4.0,492.0
own:2,31,0,576.0,346272499858.49036,260279750062.07996,1128.96,260279750062.07996,2.0,85992749796.4104,0.0,380.6045139579121,372.9924236787538,1.0,381.0
own:2,31,1,144.0,173136249929.24518,65069937515.51999,282.24,65069937515.51999,2.0,108066312413.72519,0.0,478.30225697895605,468.7362118393769,4.0,480.0
own:2,32,0,595.2,359603991103.0422,268955741730.81598,1166.592,268955741730.81598,2.0,90648249372.2262,0.0,401.20978774529135,393.1855919903855,1.0,402.0
own:2,32,1,148.8,179801995551.5211,67238935432.703995,291.648,67238935432.703995,2.0,112563060118.8171,0.0,498.2048938726457,488.24079599519274,4.0,500.0
own:2,33,0,576.0,349743881669.57166,260279750062.07996,1128.96,260279750062.07996,2.0,89464131607.4917,0.0,395.9688742103399,388.04949672613304,1.0,396.0
own:2,33,1,144.0,174871940834.78583,65069937515.51999,282.24,65069937515.51999,2.0,109802003319.26584,0.0,485.98443710516995,476.26474836306653,4.0,488.0
own:2,34,0,595.2,363209021113.8501,268955741730.81598,1166.592,268955741730.81598,2.0,94253279383.03412,0.0,417.1656758674375,408.8223623500888,1.0,418.0
own:2,34,1,148.8,181604510556.92505,67238935432.703995,291.648,67238935432.703995,2.0,114365575124.22105,0.0,506.1828379337188,496.0591811750444,4.0,508.0
own:2,35,0,595.2,365025066219.4193,268955741730.81598,1166.592,268955741730.81598,2.0,96069324488.60333,0.0,425.20350424677457,416.69943416183906,1.0,426.0
own:2,35,1,148.8,182512533109.70966,67238935432.703995,291.648,67238935432.703995,2.0,115273597677.00566,0.0,510.20175212338734,499.99771708091953,4.0,512.0
own:2,36,0,576.0,355016314403.7255,260279750062.07996,1128.96,260279750062.07996,2.0,94736564341.64557,0.0,419.3046984851694,410.91860451546603,1.0,420.0
own:2,36,1,144.0,177508157201.86276,65069937515.51999,282.24,65069937515.51999,2.0,112438219686.34277,0.0,497.6523492425847,487.699302257733,4.0,500.0
own:3,1,0,595.2,616178562048.0001,403433612596.22394,1749.888,403433612596.22394,3.0,212744949451.77618,0.0,941.6106389759135,922.7784261963952,2.0,942.0
own:3,1,1,148.8,308089281024.00006,100858403149.05598,437.472,100858403149.05598,3.0,207230877874.9441,0.0,917.2053194879568,898.8612130981976,7.0,924.0
own:3,2,0,576.0,599283343411.2001,390419625093.11993,1693.4399999999998,390419625093.11993,3.0,208863718318.08014,0.0,924.4322827459285,905.9436370910099,2.0,926.0
own:3,2,1,144.0,299641671705.60004,97604906273.27998,423.35999999999996,97604906273.27998,3.0,202036765432.32007,0.0,894.2161413729643,876.331818545505,7.0,896.0
own:3,3,0,595.2,622355752132.5311,403433612596.22394,1749.888,403433612596.22394,3.0,218922139536.3072,0.0,968.9509256316461,949.5719071190132,2.0,970.0
own:3,3,1,148.8,311177876066.26556,100858403149.05598,437.472,100858403149.05598,3.0,210319472917.2096,0.0,930.8754628158232,912.2579535595066,7.0,931.0
own:3,4,0,595.2,625467530893.1937,403433612596.22394,1749.888,403433612596.22394,3.0,222033918296.9698,0.0,982.7236802598042,963.069206654608,2.0,984.0
own:3,4,1,148.8,312733765446.59686,100858403149.05598,437.472,100858403149.05598,3.0,211875362297.5409,0.0,937.7618401299021,919.0066033273041,7.0,938.0
own:3,5,0,537.6,567763107075.3055,364391650086.9119,1580.5439999999999,364391650086.9119,3.0,203371456988.39362,0.0,900.1234955648675,882.1210256535701,2.0,902.0
own:3,5,1,134.4,283881553537.6528,91097912521.72798,395.13599999999997,91097912521.72798,3.0,192783641015.9248,0.0,853.2617477824338,836.1965128267851,7.0,854.0
own:3,6,0,595.2,631737842890.3978,403433612596.22394,1749.888,403433612596.22394,3.0,228304230294.1739,0.0,1010.4761251544079,990.2666026513198,2.0,1012.0
own:3,6,1,148.8,315868921445.1989,100858403149.05598,437.472,100858403149.05598,3.0,215010518296.14294,0.0,951.638062577204,932.6053013256599,7.0,952.0
own:3,7,0,576.0,307207999405.5725,307207999405.5725,1332.5106656441499,390419625093.11993,3.0,0.0,0.0,0.0,0.0,0.0,0.0
own:3,7,1,144.0,153603999702.78625,97604906273.27998,423.35999999999996,97604906273.27998,3.0,55999093429.50627,0.0,247.85238043068875,242.89533282207498,2.0,248.0
own:3,8,0,595.2,319035507382.687,319035507382.687,1383.8123262714496,403433612596.22394,3.0,0.0,0.0,0.0,0.0,0.0,0.0
own:3,8,1,148.8,159517753691.3435,100858403149.05598,437.472,100858403149.05598,3.0,58659350542.28752,0.0,259.6266970772702,254.43416313572476,2.0,260.0
own:3,9,0,576.0,310287759599.61334,310287759599.61334,1345.8690850672324,390419625093.11993,3.0,0.0,0.0,0.0,0.0,0.0,0.0
own:3,9,1,144.0,155143879799.80667,97604906273.27998,423.35999999999996,97604906273.27998,3.0,57538973526.52669,0.0,254.66790054450632,249.5745425336162,2.0,256.0
own:3,10,0,595.2,322233838344.19836,322233838344.19836,1397.6850448423204,403433612596.22394,3.0,0.0,0.0,0.0,0.0,0.0,0.0
own:3,10,1,148.8,161116919172.09918,100858403149.05598,437.472,100858403149.05598,3.0,60258516023.0432,0.0,266.70461471546963,261.3705224211602,2.0,268.0
own:3,11,0,595.2,323845007535.9194,323845007535.9194,1404.673470066532,403433612596.22394,3.0,0.0,0.0,0.0,0.0,0.0,0.0
own:3,11,1,148.8,161922503767.9597,100858403149.05598,437.472,100858403149.05598,3.0,61064100618.9037,0.0,270.270137789047,264.8647350332661,2.0,272.0
own:3,12,0,576.0,314965386361.54736,314965386361.54736,1366.158229758256,390419625093.11993,3.0,0.0,0.0,0.0,0.0,0.0,0.0
own:3,12,1,144.0,157482693180.77368,97604906273.27998,423.35999999999996,97604906273.27998,3.0,59877786907.4937,0.0,265.0195049787021,259.7191148791281,2.0,266.0
own:3,13,0,595.2,327091553736.46686,327091553736.46686,1418.7553216039487,403433612596.22394,3.0,0.0,0.0,0.0,0.0,0.0,0.0
own:3,13,1,148.8,163545776868.23343,100858403149.05598,437.472,100858403149.05598,3.0,62687373719.177444,0.0,277.45475592038196,271.9056608019743,2.0,278.0
own:3,14,0,576.0,318122914359.8218,318122914359.8218,1379.853966011582,390419625093.11993,3.0,0.0,0.0,0.0,0.0,0.0,0.0
own:3,14,1,144.0,159061457179.9109,97604906273.27998,423.35999999999996,97604906273.27998,3.0,61456550906.630905,0.0,272.0071255161134,266.5669830057911,2.0,274.0
own:3,15,0,595.2,330370646562.67487,330370646562.67487,1432.9783437030278,403433612596.22394,3.0,0.0,0.0,0.0,0.0,0.0,0.0
own:3,15,1,148.8,165185323281.33743,100858403149.05598,437.472,100858403149.05598,3.0,64326920132.28145,0.0,284.7113998484836,279.0171718515139,2.0,286.0
own:3,16,0,595.2,332022499795.4882,332022499795.4882,1440.1432354215428,403433612596.22394,3.0,0.0,0.0,0.0,0.0,0.0,0.0
own:3,16,1,148.8,166011249897.7441,100858403149.05598,437.472,100858403149.05598,3.0,65152846748.688126,0.0,288.366956847726,282.5996177107715,2.0,290.0
own:3,17,0,556.8000000000001,312154701823.855,312154701823.855,1353.966922463254,377405637590.016,3.0,0.0,0.0,0.0,0.0,0.0,0.0
own:3,17,1,139.20000000000002,156077350911.9275,94351409397.504,409.24800000000005,94351409397.504,3.0,61725941514.42349,0.0,273.199450236354,267.73546123162686,2.0,274.0
own:3,18,0,595.2,335351025355.93787,335351025355.93787,1454.5806713566433,403433612596.22394,3.0,0.0,0.0,0.0,0.0,0.0,0.0
own:3,18,1,148.8,167675512677.96893,100858403149.05598,437.472,100858403149.05598,3.0,66817109528.91295,0.0,295.7329955901242,289.8183356783217,2.0,296.0
own:3,19,0,576.0,326155916596.1783,326155916596.1783,1414.697007787187,390419625093.11993,3.0,0.0,0.0,0.0,0.0,0.0,0.0
own:3,19,1,144.0,163077958298.08914,97604906273.27998,423.35999999999996,97604906273.27998,3.0,65473052024.80916,0.0,289.784187646524,283.98850389359353,3.0,291.0
own:3,20,0,595.2,338712919385.1311,338712919385.1311,1469.1628425869935,403433612596.22394,3.0,0.0,0.0,0.0,0.0,0.0,0.0
own:3,20,1,148.8,169356459692.56555,100858403149.05598,437.472,100858403149.05598,3.0,68498056543.50957,0.0,303.1728788709151,297.1094212934968,3.0,306.0
own:3,21,0,576.0,329425629660.0549,329425629660.0549,1428.8793452902532,390419625093.11993,3.0,0.0,0.0,0.0,0.0,0.0,0.0
own:3,21,1,144.0,164712814830.02744,97604906273.27998,423.35999999999996,97604906273.27998,3.0,67107908556.74745,0.0,297.0200741276802,291.0796726451266,3.0,300.0
own:3,22,0,595.2,342108516401.967,342108516401.967,1483.891200083928,403433612596.22394,3.0,0.0,0.0,0.0,0.0,0.0,0.0
own:3,22,1,148.8,171054258200.9835,100858403149.05598,437.472,100858403149.05598,3.0,70195855051.9275,0.0,310.68734698159585,304.47360004196395,3.0,312.0
own:3,23,0,595.2,343819058983.97675,343819058983.97675,1491.310656084347,403433612596.22394,3.0,0.0,0.0,0.0,0.0,0.0,0.0
own:3,23,1,148.8,171909529491.98837,100858403149.05598,437.472,100858403149.05598,3.0,71051126342.93239,0.0,314.4727837165037,308.1833280421736,3.0,315.0
own:3,24,0,576.0,334391762205.38385,334391762205.38385,1450.4198800304216,390419625093.11993,3.0,0.0,0.0,0.0,0.0,0.0,0.0
own:3,24,1,144.0,167195881102.69193,97604906273.27998,423.35999999999996,97604906273.27998,3.0,69590974829.41194,0.0,308.0101428726641,301.84994001521085,3.0,309.0
own:3,25,0,595.2,347265845050.2911,347265845050.2911,1506.2610454115927,403433612596.22394,3.0,0.0,0.0,0.0,0.0,0.0,0.0
own:3,25,1,148.8,173632922525.14554,100858403149.05598,437.472,100858403149.05598,3.0,72774519376.08955,0.0,322.10053337326156,315.6585227057963,3.0,324.0
own:3,26,0,576.0,337744039621.4927,337744039621.4927,1464.960339327726,390419625093.11993,3.0,0.0,0.0,0.0,0.0,0.0,0.0
own:3,26,1,144.0,168872019810.74634,97604906273.27998,423.35999999999996,97604906273.27998,3.0,71267113537.46635,0.0,315.42874455496224,309.120169663863,3.0,318.0
own:3,27,0,595.2,350747185146.92017,350747185146.92017,1521.3613123918435,403433612596.22394,3.0,0.0,0.0,0.0,0.0,0.0,0.0
own:3,27,1,148.8,175373592573.46008,100858403149.05598,437.472,100858403149.05598,3.0,74515189424.4041,0.0,329.80475122032834,323.2086561959218,3.0,330.0
own:3,28,0,595.2,352500921072.6547,352500921072.6547,1528.9681189538026,403433612596.22394,3.0,0.0,0.0,0.0,0.0,0.0,0.0
own:3,28,1,148.8,176250460536.32736,100858403149.05598,437.472,100858403149.05598,3.0,75392057387.27138,0.0,333.6857749764299,327.0120594769013,3.0,336.0
own:3,29,0,537.6,319979868354.3388,319979868354.3388,1387.9084795922581,364391650086.9119,3.0,0.0,0.0,0.0,0.0,0.0,0.0
own:3,29,1,134.4,159989934177.1694,91097912521.72798,395.13599999999997,91097912521.72798,3.0,68892021655.44142,0.0,304.9165712205399,298.81823979612903,3.0,306.0
own:3,30,0,595.2,356034742806.408,356034742806.408,1544.2960243463142,403433612596.22394,3.0,0.0,0.0,0.0,0.0,0.0,0.0
own:3,30,1,148.8,178017371403.204,100858403149.05598,437.472,100858403149.05598,3.0,77158968254.14803,0.0,341.5061348705685,334.67601217315706,3.0,342.0
own:3,31,0,576.0,346272499858.49036,346272499858.49036,1501.9524236787538,390419625093.11993,3.0,0.0,0.0,0.0,0.0,0.0,0.0
own:3,31,1,144.0,173136249929.24518,97604906273.27998,423.35999999999996,97604906273.27998,3.0,75531343655.9652,0.0,334.30225697895605,327.6162118393769,3.0,336.0
own:3,32,0,595.2,359603991103.0422,359603991103.0422,1559.7775919903856,403433612596.22394,3.0,0.0,0.0,0.0,0.0,0.0,0.0
own:3,32,1,148.8,179801995551.5211,100858403149.05598,437.472,100858403149.05598,3.0,78943592402.4651,0.0,349.4048938726457,342.4167959951928,3.0,351.0
own:3,33,0,576.0,349743881669.57166,349743881669.57166,1517.009496726133,390419625093.11993,3.0,0.0,0.0,0.0,0.0,0.0,0.0
own:3,33,1,144.0,174871940834.78583,97604906273.27998,423.35999999999996,97604906273.27998,3.0,77267034561.50584,0.0,341.98443710516995,335.1447483630665,3.0,342.0
own:3,34,0,595.2,363209021113.8501,363209021113.8501,1575.4143623500888,403433612596.22394,3.0,0.0,0.0,0.0,0.0,0.0,0.0
own:3,34,1,148.8,181604510556.92505,100858403149.05598,437.472,100858403149.05598,3.0,80746107407.86906,0.0,357.3828379337188,350.23518117504443,3.0,360.0
own:3,35,0,595.2,365025066219.4193,365025066219.4193,1583.291434161839,403433612596.22394,3.0,0.0,0.0,0.0,0.0,0.0,0.0
own:3,35,1,148.8,182512533109.70966,100858403149.05598,437.472,100858403149.05598,3.0,81654129960.65367,0.0,361.4017521233873,354.1737170809196,3.0,363.0
own:3,36,0,576.0,355016314403.7255,355016314403.7255,1539.878604515466,390419625093.11993,3.0,0.0,0.0,0.0,0.0,0.0,0.0
own:3,36,1,144.0,177508157201.86276,97604906273.27998,423.35999999999996,97604906273.27998,3.0,79903250928.58278,0.0,353.6523492425847,346.579302257733,3.0,354.0
own:4,1,0,595.2,616178562048.0001,537911483461.63196,2333.184,537911483461.63196,4.0,78267078586.36816,0.0,346.4106389759133,339.482426196395,1.0,347.0
own:4,1,1,148.8,308089281024.00006,134477870865.40799,583.296,134477870865.40799,4.0,173611410158.59207,0.0,768.4053194879567,753.0372130981975,6.0,774.0
own:4,2,0,576.0,599283343411.2001,520559500124.1599,2257.92,520559500124.1599,4.0,78723843287.04016,0.0,348.4322827459286,341.46363709101,1.0,349.0
own:4,2,1,144.0,299641671705.60004,130139875031.03998,564.48,130139875031.03998,4.0,169501796674.56006,0.0,750.2161413729643,735.211818545505,6.0,756.0
own:4,3,0,595.2,622355752132.5311,537911483461.63196,2333.184,537911483461.63196,4.0,84444268670.89917,0.0,373.75092563164594,366.275907119013,1.0,374.0
own:4,3,1,148.8,311177876066.26556,134477870865.40799,583.296,134477870865.40799,4.0,176700005200.85757,0.0,782.075462815823,766.4339535595066,6.0,786.0
own:4,4,0,595.2,625467530893.1937,537911483461.63196,2333.184,537911483461.63196,4.0,87556047431.56177,0.0,387.52368025980394,379.77320665460786,1.0,388.0
own:4,4,1,148.8,312733765446.59686,134477870865.40799,583.296,134477870865.40799,4.0,178255894581.18887,0.0,788.961840129902,773.1826033273039,6.0,792.0
own:4,5,0,537.6,567763107075.3055,485855533449.21594,2107.392,485855533449.21594,4.0,81907573626.0896,0.0,362.52349556486735,355.27302565356996,1.0,363.0
own:4,5,1,134.4,283881553537.6528,121463883362.30399,526.848,121463883362.30399,4.0,162417670175.3488,0.0,718.8617477824337,704.484512826785,6.0,720.0
own:4,6,0,595.2,631737842890.3978,537911483461.63196,2333.184,537911483461.63196,4.0,93826359428.76587,0.0,415.27612515440774,406.97060265131955,1.0,416.0
own:4,6,1,148.8,315868921445.1989,134477870865.40799,583.296,134477870865.40799,4.0,181391050579.79092,0.0,802.8380625772039,786.7813013256598,6.0,804.0
own:4,7,0,576.0,307207999405.5725,307207999405.5725,1332.5106656441499,520559500124.1599,4.0,0.0,0.0,0.0,0.0,0.0,0.0
own:4,7,1,144.0,153603999702.78625,130139875031.03998,564.48,130139875031.03998,4.0,23464124671.746277,0.0,103.85238043068875,101.77533282207497,1.0,104.0
own:4,8,0,595.2,319035507382.687,319035507382.687,1383.8123262714496,537911483461.63196,4.0,0.0,0.0,0.0,0.0,0.0,0.0
own:4,8,1,148.8,159517753691.3435,134477870865.40799,583.296,134477870865.40799,4.0,25039882825.935516,0.0,110.82669707727013,108.61016313572472,1.0,111.0
own:4,9,0,576.0,310287759599.61334,310287759599.61334,1345.8690850672324,520559500124.1599,4.0,0.0,0.0,0.0,0.0,0.0,0.0
own:4,9,1,144.0,155143879799.80667,130139875031.03998,564.48,130139875031.03998,4.0,25004004768.766693,0.0,110.66790054450634,108.4545425336162,1.0,111.0
own:4,10,0,595.2,322233838344.19836,322233838344.19836,1397.6850448423204,537911483461.63196,4.0,0.0,0.0,0.0,0.0,0.0,0.0
own:4,10,1,148.8,161116919172.09918,134477870865.40799,583.296,134477870865.40799,4.0,26639048306.691193,0.0,117.90461471546956,115.54652242116018,1.0,118.0
own:4,11,0,595.2,323845007535.9194,323845007535.9194,1404.673470066532,537911483461.63196,4.0,0.0,0.0,0.0,0.0,0.0,0.0
own:4,11,1,148.8,161922503767.9597,134477870865.40799,583.296,134477870865.40799,4.0,27444632902.551697,0.0,121.47013778904696,119.040735033266,1.0,122.0
own:4,12,0,576.0,314965386361.54736,314965386361.54736,1366.158229758256,520559500124.1599,4.0,0.0,0.0,0.0,0.0,0.0,0.0
own:4,12,1,144.0,157482693180.77368,130139875031.03998,564.48,130139875031.03998,4.0,27342818149.733704,0.0,121.01950497870212,118.59911487912807,1.0,122.0
own:4,13,0,595.2,327091553736.46686,327091553736.46686,1418.7553216039487,537911483461.63196,4.0,0.0,0.0,0.0,0.0,0.0,0.0
own:4,13,1,148.8,163545776868.23343,134477870865.40799,583.296,134477870865.40799,4.0,29067906002.82544,0.0,128.65475592038192,126.08166080197427,1.0,129.0
own:4,14,0,576.0,318122914359.8218,318122914359.8218,1379.853966011582,520559500124.1599,4.0,0.0,0.0,0.0,0.0,0.0,0.0
own:4,14,1,144.0,159061457179.9109,130139875031.03998,564.48,130139875031.03998,4.0,28921582148.87091,0.0,128.00712551611338,125.44698300579111,1.0,129.0
own:4,15,0,595.2,330370646562.67487,330370646562.67487,1432.9783437030278,537911483461.63196,4.0,0.0,0.0,0.0,0.0,0.0,0.0
own:4,15,1,148.8,165185323281.33743,134477870865.40799,583.296,134477870865.40799,4.0,30707452415.929443,0.0,135.9113998484836,133.1931718515139,1.0,136.0
own:4,16,0,595.2,332022499795.4882,332022499795.4882,1440.1432354215428,537911483461.63196,4.0,0.0,0.0,0.0,0.0,0.0,0.0
own:4,16,1,148.8,166011249897.7441,134477870865.40799,583.296,134477870865.40799,4.0,31533379032.33612,0.0,139.56695684772595,136.77561771077143,1.0,140.0
own:4,17,0,556.8000000000001,312154701823.855,312154701823.855,1353.966922463254,503207516786.688,4.0,0.0,0.0,0.0,0.0,0.0,0.0
own:4,17,1,139.20000000000002,156077350911.9275,125801879196.672,545.6640000000001,125801879196.672,4.0,30275471715.255493,0.0,133.99945023635397,131.31946123162686,1.0,134.0
own:4,18,0,595.2,335351025355.93787,335351025355.93787,1454.5806713566433,537911483461.63196,4.0,0.0,0.0,0.0,0.0,0.0,0.0
own:4,18,1,148.8,167675512677.96893,134477870865.40799,583.296,134477870865.40799,4.0,33197641812.560944,0.0,146.93299559012414,143.99433567832165,1.0,147.0
own:4,19,0,576.0,326155916596.1783,326155916596.1783,1414.697007787187,520559500124.1599,4.0,0.0,0.0,0.0,0.0,0.0,0.0
own:4,19,1,144.0,163077958298.08914,130139875031.03998,564.48,130139875031.03998,4.0,32938083267.049164,0.0,145.78418764652403,142.86850389359353,2.0,146.0
own:4,20,0,595.2,338712919385.1311,338712919385.1311,1469.1628425869935,537911483461.63196,4.0,0.0,0.0,0.0,0.0,0.0,0.0
own:4,20,1,148.8,169356459692.56555,134477870865.40799,583.296,134477870865.40799,4.0,34878588827.15756,0.0,154.37287887091503,151.28542129349674,2.0,156.0
own:4,21,0,576.0,329425629660.0549,329425629660.0549,1428.8793452902532,520559500124.1599,4.0,0.0,0.0,0.0,0.0,0.0,0.0
own:4,21,1,144.0,164712814830.02744,130139875031.03998,564.48,130139875031.03998,4.0,34572939798.98746,0.0,153.0200741276802,149.9596726451266,2.0,154.0
own:4,22,0,595.2,342108516401.967,342108516401.967,1483.891200083928,537911483461.63196,4.0,0.0,0.0,0.0,0.0,0.0,0.0
own:4,22,1,148.8,171054258200.9835,134477870865.40799,583.296,134477870865.40799,4.0,36576387335.5755,0.0,161.88734698159584,158.6496000419639,2.0,162.0
own:4,23,0,595.2,343819058983.97675,343819058983.97675,1491.310656084347,537911483461.63196,4.0,0.0,0.0,0.0,0.0,0.0,0.0
own:4,23,1,148.8,171909529491.98837,134477870865.40799,583.296,134477870865.40799,4.0,37431658626.58038,0.0,165.67278371650366,162.3593280421736,2.0,166.0
own:4,24,0,576.0,334391762205.38385,334391762205.38385,1450.4198800304216,520559500124.1599,4.0,0.0,0.0,0.0,0.0,0.0,0.0
own:4,24,1,144.0,167195881102.69193,130139875031.03998,564.48,130139875031.03998,4.0,37056006071.65195,0.0,164.01014287266412,160.72994001521084,2.0,166.0
own:4,25,0,595.2,347265845050.2911,347265845050.2911,1506.2610454115927,537911483461.63196,4.0,0.0,0.0,0.0,0.0,0.0,0.0
own:4,25,1,148.8,173632922525.14554,134477870865.40799,583.296,134477870865.40799,4.0,39155051659.73755,0.0,173.30053337326152,169.8345227057963,2.0,174.0
own:4,26,0,576.0,337744039621.4927,337744039621.4927,1464.960339327726,520559500124.1599,4.0,0.0,0.0,0.0,0.0,0.0,0.0
own:4,26,1,144.0,168872019810.74634,130139875031.03998,564.48,130139875031.03998,4.0,38732144779.70636,0.0,171.42874455496226,168.000169663863,2.0,172.0
own:4,27,0,595.2,350747185146.92017,350747185146.92017,1521.3613123918435,537911483461.63196,4.0,0.0,0.0,0.0,0.0,0.0,0.0
own:4,27,1,148.8,175373592573.46008,134477870865.40799,583.296,134477870865.40799,4.0,40895721708.05209,0.0,181.0047512203283,177.38465619592174,2.0,182.0
own:4,28,0,595.2,352500921072.6547,352500921072.6547,1528.9681189538026,537911483461.63196,4.0,0.0,0.0,0.0,0.0,0.0,0.0
own:4,28,1,148.8,176250460536.32736,134477870865.40799,583.296,134477870865.40799,4.0,41772589670.91937,0.0,184.88577497642984,181.18805947690123,2.0,186.0
own:4,29,0,537.6,319979868354.3388,319979868354.3388,1387.9084795922581,485855533449.21594,4.0,0.0,0.0,0.0,0.0,0.0,0.0
own:4,29,1,134.4,159989934177.1694,121463883362.30399,526.848,121463883362.30399,4.0,38526050814.86542,0.0,170.51657122053982,167.10623979612902,2.0,172.0
own:4,30,0,595.2,356034742806.408,356034742806.408,1544.2960243463142,537911483461.63196,4.0,0.0,0.0,0.0,0.0,0.0,0.0
own:4,30,1,148.8,178017371403.204,134477870865.40799,583.296,134477870865.40799,4.0,43539500537.79602,0.0,192.7061348705684,188.85201217315702,2.0,194.0
own:4,31,0,576.0,346272499858.49036,346272499858.49036,1501.9524236787538,520559500124.1599,4.0,0.0,0.0,0.0,0.0,0.0,0.0
own:4,31,1,144.0,173136249929.24518,130139875031.03998,564.48,130139875031.03998,4.0,42996374898.2052,0.0,190.30225697895605,186.4962118393769,2.0,192.0
own:4,32,0,595.2,359603991103.0422,359603991103.0422,1559.7775919903856,537911483461.63196,4.0,0.0,0.0,0.0,0.0,0.0,0.0
own:4,32,1,148.8,179801995551.5211,134477870865.40799,583.296,134477870865.40799,4.0,45324124686.1131,0.0,200.60489387264568,196.59279599519274,2.0,202.0
own:4,33,0,576.0,349743881669.57166,349743881669.57166,1517.009496726133,520559500124.1599,4.0,0.0,0.0,0.0,0.0,0.0,0.0
own:4,33,1,144.0,174871940834.78583,130139875031.03998,564.48,130139875031.03998,4.0,44732065803.74585,0.0,197.98443710516995,194.02474836306652,2.0,198.0
own:4,34,0,595.2,363209021113.8501,363209021113.8501,1575.4143623500888,537911483461.63196,4.0,0.0,0.0,0.0,0.0,0.0,0.0
own:4,34,1,148.8,181604510556.92505,134477870865.40799,583.296,134477870865.40799,4.0,47126639691.51706,0.0,208.58283793371876,204.4111811750444,2.0,210.0
own:4,35,0,595.2,365025066219.4193,365025066219.4193,1583.291434161839,537911483461.63196,4.0,0.0,0.0,0.0,0.0,0.0,0.0
own:4,35,1,148.8,182512533109.70966,134477870865.40799,583.296,134477870865.40799,4.0,48034662244.30167,0.0,212.60175212338729,208.34971708091953,2.0,214.0
own:4,36,0,576.0,355016314403.7255,355016314403.7255,1539.878604515466,520559500124.1599,4.0,0.0,0.0,0.0,0.0,0.0,0.0
own:4,36,1,144.0,177508157201.86276,130139875031.03998,564.48,130139875031.03998,4.0,47368282170.822784,0.0,209.6523492425847,205.45930225773301,2.0,210.0
own:5,1,0,595.2,616178562048.0001,616178562048.0001,2672.666426196395,672389354327.0399,5.0,0.0,0.0,0.0,0.0,0.0,0.0
own:5,1,1,148.8,308089281024.00006,168097338581.75998,729.12,168097338581.75998,5.0,139991942442.24008,0.0,619.6053194879568,607.2132130981976,5.0,620.0
own:5,2,0,576.0,599283343411.2001,599283343411.2001,2599.38363709101,650699375155.2,5.0,0.0,0.0,0.0,0.0,0.0,0.0
own:5,2,1,144.0,299641671705.60004,162674843788.8,705.6,162674843788.8,5.0,136966827916.80005,0.0,606.2161413729642,594.0918185455049,5.0,610.0
own:5,3,0,595.2,622355752132.5311,622355752132.5311,2699.459907119013,672389354327.0399,5.0,0.0,0.0,0.0,0.0,0.0,0.0
own:5,3,1,148.8,311177876066.26556,168097338581.75998,729.12,168097338581.75998,5.0,143080537484.50558,0.0,633.2754628158231,620.6099535595066,5.0,635.0
own:5,4,0,595.2,625467530893.1937,625467530893.1937,2712.957206654608,672389354327.0399,5.0,0.0,0.0,0.0,0.0,0.0,0.0
own:5,4,1,148.8,312733765446.59686,168097338581.75998,729.12,168097338581.75998,5.0,144636426864.83688,0.0,640.1618401299021,627.358603327304,5.0,645.0
own:5,5,0,537.6,567763107075.3055,567763107075.3055,2462.66502565357,607319416811.5199,5.0,0.0,0.0,0.0,0.0,0.0,0.0
own:5,5,1,134.4,283881553537.6528,151829854202.87997,658.56,151829854202.87997,5.0,132051699334.7728,0.0,584.4617477824337,572.772512826785,5.0,585.0
own:5,6,0,595.2,631737842890.3978,631737842890.3978,2740.1546026513197,672389354327.0399,5.0,0.0,0.0,0.0,0.0,0.0,0.0
own:5,6,1,148.8,315868921445.1989,168097338581.75998,729.12,168097338581.75998,5.0,147771582863.43893,0.0,654.038062577204,640.9573013256598,5.0,655.0
own:5,7,0,576.0,307207999405.5725,307207999405.5725,1332.5106656441499,650699375155.2,5.0,0.0,0.0,0.0,0.0,0.0,0.0
own:5,7,1,144.0,153603999702.78625,153603999702.78625,666.2553328220749,162674843788.8,5.0,0.0,0.0,0.0,0.0,0.0,0.0
own:5,8,0,595.2,319035507382.687,319035507382.687,1383.8123262714496,672389354327.0399,5.0,0.0,0.0,0.0,0.0,0.0,0.0
own:5,8,1,148.8,159517753691.3435,159517753691.3435,691.9061631357248,168097338581.75998,5.0,0.0,0.0,0.0,0.0,0.0,0.0
own:5,9,0,576.0,310287759599.61334,310287759599.61334,1345.8690850672324,650699375155.2,5.0,0.0,0.0,0.0,0.0,0.0,0.0
own:5,9,1,144.0,155143879799.80667,155143879799.80667,672.9345425336162,162674843788.8,5.0,0.0,0.0,0.0,0.0,0.0,0.0
own:5,10,0,595.2,322233838344.19836,322233838344.19836,1397.6850448423204,672389354327.0399,5.0,0.0,0.0,0.0,0.0,0.0,0.0
own:5,10,1,148.8,161116919172.09918,161116919172.09918,698.8425224211602,168097338581.75998,5.0,0.0,0.0,0.0,0.0,0.0,0.0
own:5,11,0,595.2,323845007535.9194,323845007535.9194,1404.673470066532,672389354327.0399,5.0,0.0,0.0,0.0,0.0,0.0,0.0
own:5,11,1,148.8,161922503767.9597,161922503767.9597,702.336735033266,168097338581.75998,5.0,0.0,0.0,0.0,0.0,0.0,0.0
own:5,12,0,576.0,314965386361.54736,314965386361.54736,1366.158229758256,650699375155.2,5.0,0.0,0.0,0.0,0.0,0.0,0.0
own:5,12,1,144.0,157482693180.77368,157482693180.77368,683.079114879128,162674843788.8,5.0,0.0,0.0,0.0,0.0,0.0,0.0
own:5,13,0,595.2,327091553736.46686,327091553736.46686,1418.7553216039487,672389354327.0399,5.0,0.0,0.0,0.0,0.0,0.0,0.0
own:5,13,1,148.8,163545776868.23343,163545776868.23343,709.3776608019743,168097338581.75998,5.0,0.0,0.0,0.0,0.0,0.0,0.0
own:5,14,0,576.0,318122914359.8218,318122914359.8218,1379.853966011582,650699375155.2,5.0,0.0,0.0,0.0,0.0,0.0,0.0
own:5,14,1,144.0,159061457179.9109,159061457179.9109,689.926983005791,162674843788.8,5.0,0.0,0.0,0.0,0.0,0.0,0.0
own:5,15,0,595.2,330370646562.67487,330370646562.67487,1432.9783437030278,672389354327.0399,5.0,0.0,0.0,0.0,0.0,0.0,0.0
own:5,15,1,148.8,165185323281.33743,165185323281.33743,716.4891718515139,168097338581.75998,5.0,0.0,0.0,0.0,0.0,0.0,0.0
own:5,16,0,595.2,332022499795.4882,332022499795.4882,1440.1432354215428,672389354327.0399,5.0,0.0,0.0,0.0,0.0,0.0,0.0
own:5,16,1,148.8,166011249897.7441,166011249897.7441,720.0716177107714,168097338581.75998,5.0,0.0,0.0,0.0,0.0,0.0,0.0
own:5,17,0,556.8000000000001,312154701823.855,312154701823.855,1353.966922463254,629009395983.36,5.0,0.0,0.0,0.0,0.0,0.0,0.0
own:5,17,1,139.20000000000002,156077350911.9275,156077350911.9275,676.983461231627,157252348995.84,5.0,0.0,0.0,0.0,0.0,0.0,0.0
own:5,18,0,595.2,335351025355.93787,335351025355.93787,1454.5806713566433,672389354327.0399,5.0,0.0,0.0,0.0,0.0,0.0,0.0
own:5,18,1,148.8,167675512677.96893,167675512677.96893,727.2903356783216,168097338581.75998,5.0,0.0,0.0,0.0,0.0,0.0,0.0
own:5,19,0,576.0,326155916596.1783,326155916596.1783,1414.697007787187,650699375155.2,5.0,0.0,0.0,0.0,0.0,0.0,0.0
own:5,19,1,144.0,163077958298.08914,162674843788.8,705.6,162674843788.8,5.0,403114509.28915405,0.0,1.7841876465239543,1.7485038935934751,1.0,2.0
own:5,20,0,595.2,338712919385.1311,338712919385.1311,1469.1628425869935,672389354327.0399,5.0,0.0,0.0,0.0,0.0,0.0,0.0
own:5,20,1,148.8,169356459692.56555,168097338581.75998,729.12,168097338581.75998,5.0,1259121110.8055725,0.0,5.572878870915066,5.461421293496763,1.0,6.0
own:5,21,0,576.0,329425629660.0549,329425629660.0549,1428.8793452902532,650699375155.2,5.0,0.0,0.0,0.0,0.0,0.0,0.0
own:5,21,1,144.0,164712814830.02744,162674843788.8,705.6,162674843788.8,5.0,2037971041.2274475,0.0,9.020074127680136,8.839672645126532,1.0,10.0
own:5,22,0,595.2,342108516401.967,342108516401.967,1483.891200083928,672389354327.0399,5.0,0.0,0.0,0.0,0.0,0.0,0.0
own:5,22,1,148.8,171054258200.9835,168097338581.75998,729.12,168097338581.75998,5.0,2956919619.2235107,0.0,13.08734698159585,12.825600041963932,1.0,14.0
own:5,23,0,595.2,343819058983.97675,343819058983.97675,1491.310656084347,672389354327.0399,5.0,0.0,0.0,0.0,0.0,0.0,0.0
own:5,23,1,148.8,171909529491.98837,168097338581.75998,729.12,168097338581.75998,5.0,3812190910.2283936,0.0,16.872783716503676,16.535328042173603,1.0,17.0
own:5,24,0,576.0,334391762205.38385,334391762205.38385,1450.4198800304216,650699375155.2,5.0,0.0,0.0,0.0,0.0,0.0,0.0
own:5,24,1,144.0,167195881102.69193,162674843788.8,705.6,162674843788.8,5.0,4521037313.891937,0.0,20.01014287266406,19.609940015210775,1.0,21.0
own:5,25,0,595.2,347265845050.2911,347265845050.2911,1506.2610454115927,672389354327.0399,5.0,0.0,0.0,0.0,0.0,0.0,0.0
own:5,25,1,148.8,173632922525.14554,168097338581.75998,729.12,168097338581.75998,5.0,5535583943.385559,0.0,24.500533373261547,24.010522705796316,1.0,25.0
own:5,26,0,576.0,337744039621.4927,337744039621.4927,1464.960339327726,650699375155.2,5.0,0.0,0.0,0.0,0.0,0.0,0.0
own:5,26,1,144.0,168872019810.74634,162674843788.8,705.6,162674843788.8,5.0,6197176021.94635,0.0,27.42874455496219,26.880169663862944,1.0,28.0
own:5,27,0,595.2,350747185146.92017,350747185146.92017,1521.3613123918435,672389354327.0399,5.0,0.0,0.0,0.0,0.0,0.0,0.0
own:5,27,1,148.8,175373592573.46008,168097338581.75998,729.12,168097338581.75998,5.0,7276253991.700104,0.0,32.20475122032832,31.56065619592175,1.0,33.0
own:5,28,0,595.2,352500921072.6547,352500921072.6547,1528.9681189538026,672389354327.0399,5.0,0.0,0.0,0.0,0.0,0.0,0.0
own:5,28,1,148.8,176250460536.32736,168097338581.75998,729.12,168097338581.75998,5.0,8153121954.567383,0.0,36.08577497642987,35.36405947690127,1.0,37.0
own:5,29,0,537.6,319979868354.3388,319979868354.3388,1387.9084795922581,607319416811.5199,5.0,0.0,0.0,0.0,0.0,0.0,0.0
own:5,29,1,134.4,159989934177.1694,151829854202.87997,658.56,151829854202.87997,5.0,8160079974.289429,0.0,36.116571220539846,35.39423979612905,1.0,37.0
own:5,30,0,595.2,356034742806.408,356034742806.408,1544.2960243463142,672389354327.0399,5.0,0.0,0.0,0.0,0.0,0.0,0.0
own:5,30,1,148.8,178017371403.204,168097338581.75998,729.12,168097338581.75998,5.0,9920032821.44403,0.0,43.90613487056843,43.02801217315706,1.0,44.0
own:5,31,0,576.0,346272499858.49036,346272499858.49036,1501.9524236787538,650699375155.2,5.0,0.0,0.0,0.0,0.0,0.0,0.0
own:5,31,1,144.0,173136249929.24518,162674843788.8,705.6,162674843788.8,5.0,10461406140.44519,0.0,46.30225697895598,45.37621183937686,1.0,47.0
own:5,32,0,595.2,359603991103.0422,359603991103.0422,1559.7775919903856,672389354327.0399,5.0,0.0,0.0,0.0,0.0,0.0,0.0
own:5,32,1,148.8,179801995551.5211,168097338581.75998,729.12,168097338581.75998,5.0,11704656969.761108,0.0,51.804893872645685,50.76879599519277,1.0,52.0
own:5,33,0,576.0,349743881669.57166,349743881669.57166,1517.009496726133,650699375155.2,5.0,0.0,0.0,0.0,0.0,0.0,0.0
own:5,33,1,144.0,174871940834.78583,162674843788.8,705.6,162674843788.8,5.0,12197097045.98584,0.0,53.98443710516987,52.90474836306647,1.0,54.0
own:5,34,0,595.2,363209021113.8501,363209021113.8501,1575.4143623500888,672389354327.0399,5.0,0.0,0.0,0.0,0.0,0.0,0.0
own:5,34,1,148.8,181604510556.92505,168097338581.75998,729.12,168097338581.75998,5.0,13507171975.16507,0.0,59.782837933718795,58.587181175044414,1.0,60.0
own:5,35,0,595.2,365025066219.4193,365025066219.4193,1583.291434161839,672389354327.0399,5.0,0.0,0.0,0.0,0.0,0.0,0.0
own:5,35,1,148.8,182512533109.70966,168097338581.75998,729.12,168097338581.75998,5.0,14415194527.949677,0.0,63.80175212338731,62.525717080919556,1.0,64.0
own:5,36,0,576.0,355016314403.7255,355016314403.7255,1539.878604515466,650699375155.2,5.0,0.0,0.0,0.0,0.0,0.0,0.0
own:5,36,1,144.0,177508157201.86276,162674843788.8,705.6,162674843788.8,5.0,14833313413.062775,0.0,65.65234924258465,64.33930225773295,1.0,66.0
own:6,1,0,595.2,616178562048.0001,616178562048.0001,2672.666426196395,806867225192.4479,6.0,0.0,0.0,0.0,0.0,0.0,0.0
own:6,1,1,148.8,308089281024.00006,201716806298.11197,874.944,201716806298.11197,6.0,106372474725.88809,0.0,470.80531948795675,461.3892130981976,4.0,472.0
own:6,2,0,576.0,599283343411.2001,599283343411.2001,2599.38363709101,780839250186.2399,6.0,0.0,0.0,0.0,0.0,0.0,0.0
own:6,2,1,144.0,299641671705.60004,195209812546.55997,846.7199999999999,195209812546.55997,6.0,104431859159.04007,0.0,462.2161413729643,452.97181854550496,4.0,464.0
own:6,3,0,595.2,622355752132.5311,622355752132.5311,2699.459907119013,806867225192.4479,6.0,0.0,0.0,0.0,0.0,0.0,0.0
own:6,3,1,148.8,311177876066.26556,201716806298.11197,874.944,201716806298.11197,6.0,109461069768.1536,0.0,484.47546281582305,474.7859535595066,4.0,488.0
own:6,4,0,595.2,625467530893.1937,625467530893.1937,2712.957206654608,806867225192.4479,6.0,0.0,0.0,0.0,0.0,0.0,0.0
own:6,4,1,148.8,312733765446.59686,201716806298.11197,874.944,201716806298.11197,6.0,111016959148.4849,0.0,491.3618401299021,481.534603327304,4.0,492.0
own:6,5,0,537.6,567763107075.3055,567763107075.3055,2462.66502565357,728783300173.8239,6.0,0.0,0.0,0.0,0.0,0.0,0.0
own:6,5,1,134.4,283881553537.6528,182195825043.45596,790.2719999999999,182195825043.45596,6.0,101685728494.19681,0.0,450.06174778243377,441.06051282678504,4.0,452.0
own:6,6,0,595.2,631737842890.3978,631737842890.3978,2740.1546026513197,806867225192.4479,6.0,0.0,0.0,0.0,0.0,0.0,0.0
own:6,6,1,148.8,315868921445.1989,201716806298.11197,874.944,201716806298.11197,6.0,114152115147.08694,0.0,505.23806257720395,495.1333013256599,4.0,508.0
own:6,7,0,576.0,307207999405.5725,307207999405.5725,1332.5106656441499,780839250186.2399,6.0,0.0,0.0,0.0,0.0,0.0,0.0
own:6,7,1,144.0,153603999702.78625,153603999702.78625,666.2553328220749,195209812546.55997,6.0,0.0,0.0,0.0,0.0,0.0,0.0
own:6,8,0,595.2,319035507382.687,319035507382.687,1383.8123262714496,806867225192.4479,6.0,0.0,0.0,0.0,0.0,0.0,0.0
own:6,8,1,148.8,159517753691.3435,159517753691.3435,691.9061631357248,201716806298.11197,6.0,0.0,0.0,0.0,0.0,0.0,0.0
own:6,9,0,576.0,310287759599.61334,310287759599.61334,1345.8690850672324,780839250186.2399,6.0,0.0,0.0,0.0,0.0,0.0,0.0
own:6,9,1,144.0,155143879799.80667,155143879799.80667,672.9345425336162,195209812546.55997,6.0,0.0,0.0,0.0,0.0,0.0,0.0
own:6,10,0,595.2,322233838344.19836,322233838344.19836,1397.6850448423204,806867225192.4479,6.0,0.0,0.0,0.0,0.0,0.0,0.0
own:6,10,1,148.8,161116919172.09918,161116919172.09918,698.8425224211602,201716806298.11197,6.0,0.0,0.0,0.0,0.0,0.0,0.0
own:6,11,0,595.2,323845007535.9194,323845007535.9194,1404.673470066532,806867225192.4479,6.0,0.0,0.0,0.0,0.0,0.0,0.0
own:6,11,1,148.8,161922503767.9597,161922503767.9597,702.336735033266,201716806298.11197,6.0,0.0,0.0,0.0,0.0,0.0,0.0
own:6,12,0,576.0,314965386361.54736,314965386361.54736,1366.158229758256,780839250186.2399,6.0,0.0,0.0,0.0,0.0,0.0,0.0
own:6,12,1,144.0,157482693180.77368,157482693180.77368,683.079114879128,195209812546.55997,6.0,0.0,0.0,0.0,0.0,0.0,0.0
own:6,13,0,595.2,327091553736.46686,327091553736.46686,1418.7553216039487,806867225192.4479,6.0,0.0,0.0,0.0,0.0,0.0,0.0
own:6,13,1,148.8,163545776868.23343,163545776868.23343,709.3776608019743,201716806298.11197,6.0,0.0,0.0,0.0,0.0,0.0,0.0
own:6,14,0,576.0,318122914359.8218,318122914359.8218,1379.853966011582,780839250186.2399,6.0,0.0,0.0,0.0,0.0,0.0,0.0
own:6,14,1,144.0,159061457179.9109,159061457179.9109,689.926983005791,195209812546.55997,6.0,0.0,0.0,0.0,0.0,0.0,0.0
own:6,15,0,595.2,330370646562.67487,330370646562.67487,1432.9783437030278,806867225192.4479,6.0,0.0,0.0,0.0,0.0,0.0,0.0
own:6,15,1,148.8,165185323281.33743,165185323281.33743,716.4891718515139,201716806298.11197,6.0,0.0,0.0,0.0,0.0,0.0,0.0
own:6,16,0,595.2,332022499795.4882,332022499795.4882,1440.1432354215428,806867225192.4479,6.0,0.0,0.0,0.0,0.0,0.0,0.0
own:6,16,1,148.8,166011249897.7441,166011249897.7441,720.0716177107714,201716806298.11197,6.0,0.0,0.0,0.0,0.0,0.0,0.0
own:6,17,0,556.8000000000001,312154701823.855,312154701823.855,1353.966922463254,754811275180.032,6.0,0.0,0.0,0.0,0.0,0.0,0.0
own:6,17,1,139.20000000000002,156077350911.9275,156077350911.9275,676.983461231627,188702818795.008,6.0,0.0,0.0,0.0,0.0,0.0,0.0
own:6,18,0,595.2,335351025355.93787,335351025355.93787,1454.5806713566433,806867225192.4479,6.0,0.0,0.0,0.0,0.0,0.0,0.0
own:6,18,1,148.8,167675512677.96893,167675512677.96893,727.2903356783216,201716806298.11197,6.0,0.0,0.0,0.0,0.0,0.0,0.0
own:6,19,0,576.0,326155916596.1783,326155916596.1783,1414.697007787187,780839250186.2399,6.0,0.0,0.0,0.0,0.0,0.0,0.0
own:6,19,1,144.0,163077958298.08914,163077958298.08914,707.3485038935935,195209812546.55997,6.0,0.0,0.0,0.0,0.0,0.0,0.0
own:6,20,0,595.2,338712919385.1311,338712919385.1311,1469.1628425869935,806867225192.4479,6.0,0.0,0.0,0.0,0.0,0.0,0.0
own:6,20,1,148.8,169356459692.56555,169356459692.56555,734.5814212934968,201716806298.11197,6.0,0.0,0.0,0.0,0.0,0.0,0.0
own:6,21,0,576.0,329425629660.0549,329425629660.0549,1428.8793452902532,780839250186.2399,6.0,0.0,0.0,0.0,0.0,0.0,0.0
own:6,21,1,144.0,164712814830.02744,164712814830.02744,714.4396726451266,195209812546.55997,6.0,0.0,0.0,0.0,0.0,0.0,0.0
own:6,22,0,595.2,342108516401.967,342108516401.967,1483.891200083928,806867225192.4479,6.0,0.0,0.0,0.0,0.0,0.0,0.0
own:6,22,1,148.8,171054258200.9835,171054258200.9835,741.945600041964,201716806298.11197,6.0,0.0,0.0,0.0,0.0,0.0,0.0
own:6,23,0,595.2,343819058983.97675,343819058983.97675,1491.310656084347,806867225192.4479,6.0,0.0,0.0,0.0,0.0,0.0,0.0
own:6,23,1,148.8,171909529491.98837,171909529491.98837,745.6553280421736,201716806298.11197,6.0,0.0,0.0,0.0,0.0,0.0,0.0
own:6,24,0,576.0,334391762205.38385,334391762205.38385,1450.4198800304216,780839250186.2399,6.0,0.0,0.0,0.0,0.0,0.0,0.0
own:6,24,1,144.0,167195881102.69193,167195881102.69193,725.2099400152108,195209812546.55997,6.0,0.0,0.0,0.0,0.0,0.0,0.0
own:6,25,0,595.2,347265845050.2911,347265845050.2911,1506.2610454115927,806867225192.4479,6.0,0.0,0.0,0.0,0.0,0.0,0.0
own:6,25,1,148.8,173632922525.14554,173632922525.14554,753.1305227057964,201716806298.11197,6.0,0.0,0.0,0.0,0.0,0.0,0.0
own:6,26,0,576.0,337744039621.4927,337744039621.4927,1464.960339327726,780839250186.2399,6.0,0.0,0.0,0.0,0.0,0.0,0.0
own:6,26,1,144.0,168872019810.74634,168872019810.74634,732.480169663863,195209812546.55997,6.0,0.0,0.0,0.0,0.0,0.0,0.0
own:6,27,0,595.2,350747185146.92017,350747185146.92017,1521.3613123918435,806867225192.4479,6.0,0.0,0.0,0.0,0.0,0.0,0.0
own:6,27,1,148.8,175373592573.46008,175373592573.46008,760.6806561959218,201716806298.11197,6.0,0.0,0.0,0.0,0.0,0.0,0.0
own:6,28,0,595.2,352500921072.6547,352500921072.6547,1528.9681189538026,806867225192.4479,6.0,0.0,0.0,0.0,0.0,0.0,0.0
own:6,28,1,148.8,176250460536.32736,176250460536.32736,764.4840594769013,201716806298.11197,6.0,0.0,0.0,0.0,0.0,0.0,0.0
own:6,29,0,537.6,319979868354.3388,319979868354.3388,1387.9084795922581,728783300173.8239,6.0,0.0,0.0,0.0,0.0,0.0,0.0
own:6,29,1,134.4,159989934177.1694,159989934177.1694,693.9542397961291,182195825043.45596,6.0,0.0,0.0,0.0,0.0,0.0,0.0
own:6,30,0,595.2,356034742806.408,356034742806.408,1544.2960243463142,806867225192.4479,6.0,0.0,0.0,0.0,0.0,0.0,0.0
own:6,30,1,148.8,178017371403.204,178017371403.204,772.1480121731571,201716806298.11197,6.0,0.0,0.0,0.0,0.0,0.0,0.0
own:6,31,0,576.0,346272499858.49036,346272499858.49036,1501.9524236787538,780839250186.2399,6.0,0.0,0.0,0.0,0.0,0.0,0.0
own:6,31,1,144.0,173136249929.24518,173136249929.24518,750.9762118393769,195209812546.55997,6.0,0.0,0.0,0.0,0.0,0.0,0.0
own:6,32,0,595.2,359603991103.0422,359603991103.0422,1559.7775919903856,806867225192.4479,6.0,0.0,0.0,0.0,0.0,0.0,0.0
own:6,32,1,148.8,179801995551.5211,179801995551.5211,779.8887959951928,201716806298.11197,6.0,0.0,0.0,0.0,0.0,0.0,0.0
own:6,33,0,576.0,349743881669.57166,349743881669.57166,1517.009496726133,780839250186.2399,6.0,0.0,0.0,0.0,0.0,0.0,0.0
own:6,33,1,144.0,174871940834.78583,174871940834.78583,758.5047483630665,195209812546.55997,6.0,0.0,0.0,0.0,0.0,0.0,0.0
own:6,34,0,595.2,363209021113.8501,363209021113.8501,1575.4143623500888,806867225192.4479,6.0,0.0,0.0,0.0,0.0,0.0,0.0
own:6,34,1,148.8,181604510556.92505,181604510556.92505,787.7071811750444,201716806298.11197,6.0,0.0,0.0,0.0,0.0,0.0,0.0
own:6,35,0,595.2,365025066219.4193,365025066219.4193,1583.291434161839,806867225192.4479,6.0,0.0,0.0,0.0,0.0,0.0,0.0
own:6,35,1,148.8,182512533109.70966,182512533109.70966,791.6457170809196,201716806298.11197,6.0,0.0,0.0,0.0,0.0,0.0,0.0
own:6,36,0,576.0,355016314403.7255,355016314403.7255,1539.878604515466,780839250186.2399,6.0,0.0,0.0,0.0,0.0,0.0,0.0
own:6,36,1,144.0,177508157201.86276,177508157201.86276,769.939302257733,195209812546.55997,6.0,0.0,0.0,0.0,0.0,0.0,0.0
own:7,1,0,595.2,616178562048.0001,616178562048.0001,2672.666426196395,941345096057.856,7.0,0.0,0.0,0.0,0.0,0.0,0.0
own:7,1,1,148.8,308089281024.00006,235336274014.464,1020.768,235336274014.464,7.0,72753007009.53607,0.0,322.0053194879566,315.5652130981975,3.0,324.0
own:7,2,0,576.0,599283343411.2001,599283343411.2001,2599.38363709101,910979125217.2798,7.0,0.0,0.0,0.0,0.0,0.0,0.0
own:7,2,1,144.0,299641671705.60004,227744781304.31995,987.8399999999999,227744781304.31995,7.0,71896890401.28009,0.0,318.2161413729644,311.85181854550507,3.0,321.0
own:7,3,0,595.2,622355752132.5311,622355752132.5311,2699.459907119013,941345096057.856,7.0,0.0,0.0,0.0,0.0,0.0,0.0
own:7,3,1,148.8,311177876066.26556,235336274014.464,1020.768,235336274014.464,7.0,75841602051.80157,0.0,335.675462815823,328.96195355950647,3.0,336.0
own:7,4,0,595.2,625467530893.1937,625467530893.1937,2712.957206654608,941345096057.856,7.0,0.0,0.0,0.0,0.0,0.0,0.0
own:7,4,1,148.8,312733765446.59686,235336274014.464,1020.768,235336274014.464,7.0,77397491432.13287,0.0,342.56184012990195,335.7106033273039,3.0,345.0
own:7,5,0,537.6,567763107075.3055,567763107075.3055,2462.66502565357,850247183536.1279,7.0,0.0,0.0,0.0,0.0,0.0,0.0
own:7,5,1,134.4,283881553537.6528,212561795884.03198,921.984,212561795884.03198,7.0,71319757653.62079,0.0,315.6617477824336,309.34851282678494,3.0,318.0
own:7,6,0,595.2,631737842890.3978,631737842890.3978,2740.1546026513197,941345096057.856,7.0,0.0,0.0,0.0,0.0,0.0,0.0
own:7,6,1,148.8,315868921445.1989,235336274014.464,1020.768,235336274014.464,7.0,80532647430.73492,0.0,356.4380625772038,349.30930132565976,3.0,357.0
own:7,7,0,576.0,307207999405.5725,307207999405.5725,1332.5106656441499,910979125217.2798,7.0,0.0,0.0,0.0,0.0,0.0,0.0
own:7,7,1,144.0,153603999702.78625,153603999702.78625,666.2553328220749,227744781304.31995,7.0,0.0,0.0,0.0,0.0,0.0,0.0
own:7,8,0,595.2,319035507382.687,319035507382.687,1383.8123262714496,941345096057.856,7.0,0.0,0.0,0.0,0.0,0.0,0.0
own:7,8,1,148.8,159517753691.3435,159517753691.3435,691.9061631357248,235336274014.464,7.0,0.0,0.0,0.0,0.0,0.0,0.0
own:7,9,0,576.0,310287759599.61334,310287759599.61334,1345.8690850672324,910979125217.2798,7.0,0.0,0.0,0.0,0.0,0.0,0.0
own:7,9,1,144.0,155143879799.80667,155143879799.80667,672.9345425336162,227744781304.31995,7.0,0.0,0.0,0.0,0.0,0.0,0.0
own:7,10,0,595.2,322233838344.19836,322233838344.19836,1397.6850448423204,941345096057.856,7.0,0.0,0.0,0.0,0.0,0.0,0.0
own:7,10,1,148.8,161116919172.09918,161116919172.09918,698.8425224211602,235336274014.464,7.0,0.0,0.0,0.0,0.0,0.0,0.0
own:7,11,0,595.2,323845007535.9194,323845007535.9194,1404.673470066532,941345096057.856,7.0,0.0,0.0,0.0,0.0,0.0,0.0
own:7,11,1,148.8,161922503767.9597,161922503767.9597,702.336735033266,235336274014.464,7.0,0.0,0.0,0.0,0.0,0.0,0.0
own:7,12,0,576.0,314965386361.54736,314965386361.54736,1366.158229758256,910979125217.2798,7.0,0.0,0.0,0.0,0.0,0.0,0.0
own:7,12,1,144.0,157482693180.77368,157482693180.77368,683.079114879128,227744781304.31995,7.0,0.0,0.0,0.0,0.0,0.0,0.0
own:7,13,0,595.2,327091553736.46686,327091553736.46686,1418.7553216039487,941345096057.856,7.0,0.0,0.0,0.0,0.0,0.0,0.0
own:7,13,1,148.8,163545776868.23343,163545776868.23343,709.3776608019743,235336274014.464,7.0,0.0,0.0,0.0,0.0,0.0,0.0
own:7,14,0,576.0,318122914359.8218,318122914359.8218,1379.853966011582,910979125217.2798,7.0,0.0,0.0,0.0,0.0,0.0,0.0
own:7,14,1,144.0,159061457179.9109,159061457179.9109,689.926983005791,227744781304.31995,7.0,0.0,0.0,0.0,0.0,0.0,0.0
own:7,15,0,595.2,330370646562.67487,330370646562.67487,1432.9783437030278,941345096057.856,7.0,0.0,0.0,0.0,0.0,0.0,0.0
own:7,15,1,148.8,165185323281.33743,165185323281.33743,716.4891718515139,235336274014.464,7.0,0.0,0.0,0.0,0.0,0.0,0.0
own:7,16,0,595.2,332022499795.4882,332022499795.4882,1440.1432354215428,941345096057.856,7.0,0.0,0.0,0.0,0.0,0.0,0.0
own:7,16,1,148.8,166011249897.7441,166011249897.7441,720.0716177107714,235336274014.464,7.0,0.0,0.0,0.0,0.0,0.0,0.0
own:7,17,0,556.8000000000001,312154701823.855,312154701823.855,1353.966922463254,880613154376.704,7.0,0.0,0.0,0.0,0.0,0.0,0.0
own:7,17,1,139.20000000000002,156077350911.9275,156077350911.9275,676.983461231627,220153288594.176,7.0,0.0,0.0,0.0,0.0,0.0,0.0
own:7,18,0,595.2,335351025355.93787,335351025355.93787,1454.5806713566433,941345096057.856,7.0,0.0,0.0,0.0,0.0,0.0,0.0
own:7,18,1,148.8,167675512677.96893,167675512677.96893,727.2903356783216,235336274014.464,7.0,0.0,0.0,0.0,0.0,0.0,0.0
own:7,19,0,576.0,326155916596.1783,326155916596.1783,1414.697007787187,910979125217.2798,7.0,0.0,0.0,0.0,0.0,0.0,0.0
own:7,19,1,144.0,163077958298.08914,163077958298.08914,707.3485038935935,227744781304.31995,7.0,0.0,0.0,0.0,0.0,0.0,0.0
own:7,20,0,595.2,338712919385.1311,338712919385.1311,1469.1628425869935,941345096057.856,7.0,0.0,0.0,0.0,0.0,0.0,0.0
own:7,20,1,148.8,169356459692.56555,169356459692.56555,734.5814212934968,235336274014.464,7.0,0.0,0.0,0.0,0.0,0.0,0.0
own:7,21,0,576.0,329425629660.0549,329425629660.0549,1428.8793452902532,910979125217.2798,7.0,0.0,0.0,0.0,0.0,0.0,0.0
own:7,21,1,144.0,164712814830.02744,164712814830.02744,714.4396726451266,227744781304.31995,7.0,0.0,0.0,0.0,0.0,0.0,0.0
own:7,22,0,595.2,342108516401.967,342108516401.967,1483.891200083928,941345096057.856,7.0,0.0,0.0,0.0,0.0,0.0,0.0
own:7,22,1,148.8,171054258200.9835,171054258200.9835,741.945600041964,235336274014.464,7.0,0.0,0.0,0.0,0.0,0.0,0.0
own:7,23,0,595.2,343819058983.97675,343819058983.97675,1491.310656084347,941345096057.856,7.0,0.0,0.0,0.0,0.0,0.0,0.0
own:7,23,1,148.8,171909529491.98837,171909529491.98837,745.6553280421736,235336274014.464,7.0,0.0,0.0,0.0,0.0,0.0,0.0
own:7,24,0,576.0,334391762205.38385,334391762205.38385,1450.4198800304216,910979125217.2798,7.0,0.0,0.0,0.0,0.0,0.0,0.0
own:7,24,1,144.0,167195881102.69193,167195881102.69193,725.2099400152108,227744781304.31995,7.0,0.0,0.0,0.0,0.0,0.0,0.0
own:7,25,0,595.2,347265845050.2911,347265845050.2911,1506.2610454115927,941345096057.856,7.0,0.0,0.0,0.0,0.0,0.0,0.0
own:7,25,1,148.8,173632922525.14554,173632922525.14554,753.1305227057964,235336274014.464,7.0,0.0,0.0,0.0,0.0,0.0,0.0
own:7,26,0,576.0,337744039621.4927,337744039621.4927,1464.960339327726,910979125217.2798,7.0,0.0,0.0,0.0,0.0,0.0,0.0
own:7,26,1,144.0,168872019810.74634,168872019810.74634,732.480169663863,227744781304.31995,7.0,0.0,0.0,0.0,0.0,0.0,0.0
own:7,27,0,595.2,350747185146.92017,350747185146.92017,1521.3613123918435,941345096057.856,7.0,0.0,0.0,0.0,0.0,0.0,0.0
own:7,27,1,148.8,175373592573.46008,175373592573.46008,760.6806561959218,235336274014.464,7.0,0.0,0.0,0.0,0.0,0.0,0.0
own:7,28,0,595.2,352500921072.6547,352500921072.6547,1528.9681189538026,941345096057.856,7.0,0.0,0.0,0.0,0.0,0.0,0.0
own:7,28,1,148.8,176250460536.32736,176250460536.32736,764.4840594769013,235336274014.464,7.0,0.0,0.0,0.0,0.0,0.0,0.0
own:7,29,0,537.6,319979868354.3388,319979868354.3388,1387.9084795922581,850247183536.1279,7.0,0.0,0.0,0.0,0.0,0.0,0.0
own:7,29,1,134.4,159989934177.1694,159989934177.1694,693.9542397961291,212561795884.03198,7.0,0.0,0.0,0.0,0.0,0.0,0.0
own:7,30,0,595.2,356034742806.408,356034742806.408,1544.2960243463142,941345096057.856,7.0,0.0,0.0,0.0,0.0,0.0,0.0
own:7,30,1,148.8,178017371403.204,178017371403.204,772.1480121731571,235336274014.464,7.0,0.0,0.0,0.0,0.0,0.0,0.0
own:7,31,0,576.0,346272499858.49036,346272499858.49036,1501.9524236787538,910979125217.2798,7.0,0.0,0.0,0.0,0.0,0.0,0.0
own:7,31,1,144.0,173136249929.24518,173136249929.24518,750.9762118393769,227744781304.31995,7.0,0.0,0.0,0.0,0.0,0.0,0.0
own:7,32,0,595.2,359603991103.0422,359603991103.0422,1559.7775919903856,941345096057.856,7.0,0.0,0.0,0.0,0.0,0.0,0.0
own:7,32,1,148.8,179801995551.5211,179801995551.5211,779.8887959951928,235336274014.464,7.0,0.0,0.0,0.0,0.0,0.0,0.0
own:7,33,0,576.0,349743881669.57166,349743881669.57166,1517.009496726133,910979125217.2798,7.0,0.0,0.0,0.0,0.0,0.0,0.0
own:7,33,1,144.0,174871940834.78583,174871940834.78583,758.5047483630665,227744781304.31995,7.0,0.0,0.0,0.0,0.0,0.0,0.0
own:7,34,0,595.2,363209021113.8501,363209021113.8501,1575.4143623500888,941345096057.856,7.0,0.0,0.0,0.0,0.0,0.0,0.0
own:7,34,1,148.8,181604510556.92505,181604510556.92505,787.7071811750444,235336274014.464,7.0,0.0,0.0,0.0,0.0,0.0,0.0
own:7,35,0,595.2,365025066219.4193,365025066219.4193,1583.291434161839,941345096057.856,7.0,0.0,0.0,0.0,0.0,0.0,0.0
own:7,35,1,148.8,182512533109.70966,182512533109.70966,791.6457170809196,235336274014.464,7.0,0.0,0.0,0.0,0.0,0.0,0.0
own:7,36,0,576.0,355016314403.7255,355016314403.7255,1539.878604515466,910979125217.2798,7.0,0.0,0.0,0.0,0.0,0.0,0.0
own:7,36,1,144.0,177508157201.86276,177508157201.86276,769.939302257733,227744781304.31995,7.0,0.0,0.0,0.0,0.0,0.0,0.0
own:8,1,0,595.2,616178562048.0001,616178562048.0001,2672.666426196395,1075822966923.2639,8.0,0.0,0.0,0.0,0.0,0.0,0.0
own:8,1,1,148.8,308089281024.00006,268955741730.81598,1166.592,268955741730.81598,8.0,39133539293.18408,0.0,173.20531948795664,169.7412130981975,2.0,174.0
own:8,2,0,576.0,599283343411.2001,599283343411.2001,2599.38363709101,1041119000248.3198,8.0,0.0,0.0,0.0,0.0,0.0,0.0
own:8,2,1,144.0,299641671705.60004,260279750062.07996,1128.96,260279750062.07996,8.0,39361921643.52008,0.0,174.2161413729643,170.731818545505,2.0,176.0
own:8,3,0,595.2,622355752132.5311,622355752132.5311,2699.459907119013,1075822966923.2639,8.0,0.0,0.0,0.0,0.0,0.0,0.0
own:8,3,1,148.8,311177876066.26556,268955741730.81598,1166.592,268955741730.81598,8.0,42222134335.449585,0.0,186.87546281582297,183.1379535595065,2.0,188.0
own:8,4,0,595.2,625467530893.1937,625467530893.1937,2712.957206654608,1075822966923.2639,8.0,0.0,0.0,0.0,0.0,0.0,0.0
own:8,4,1,148.8,312733765446.59686,268955741730.81598,1166.592,268955741730.81598,8.0,43778023715.78088,0.0,193.76184012990197,189.88660332730393,2.0,194.0
own:8,5,0,537.6,567763107075.3055,567763107075.3055,2462.66502565357,971711066898.4319,8.0,0.0,0.0,0.0,0.0,0.0,0.0
own:8,5,1,134.4,283881553537.6528,242927766724.60797,1053.696,242927766724.60797,8.0,40953786813.0448,0.0,181.26174778243367,177.63651282678498,2.0,182.0
own:8,6,0,595.2,631737842890.3978,631737842890.3978,2740.1546026513197,1075822966923.2639,8.0,0.0,0.0,0.0,0.0,0.0,0.0
own:8,6,1,148.8,315868921445.1989,268955741730.81598,1166.592,268955741730.81598,8.0,46913179714.382935,0.0,207.63806257720387,203.48530132565978,2.0,208.0
own:8,7,0,576.0,307207999405.5725,307207999405.5725,1332.5106656441499,1041119000248.3198,8.0,0.0,0.0,0.0,0.0,0.0,0.0
own:8,7,1,144.0,153603999702.78625,153603999702.78625,666.2553328220749,260279750062.07996,8.0,0.0,0.0,0.0,0.0,0.0,0.0
own:8,8,0,595.2,319035507382.687,319035507382.687,1383.8123262714496,1075822966923.2639,8.0,0.0,0.0,0.0,0.0,0.0,0.0
own:8,8,1,148.8,159517753691.3435,159517753691.3435,691.9061631357248,268955741730.81598,8.0,0.0,0.0,0.0,0.0,0.0,0.0
own:8,9,0,576.0,310287759599.61334,310287759599.61334,1345.8690850672324,1041119000248.3198,8.0,0.0,0.0,0.0,0.0,0.0,0.0
own:8,9,1,144.0,155143879799.80667,155143879799.80667,672.9345425336162,260279750062.07996,8.0,0.0,0.0,0.0,0.0,0.0,0.0
own:8,10,0,595.2,322233838344.19836,322233838344.19836,1397.6850448423204,1075822966923.2639,8.0,0.0,0.0,0.0,0.0,0.0,0.0
own:8,10,1,148.8,161116919172.09918,161116919172.09918,698.8425224211602,268955741730.81598,8.0,0.0,0.0,0.0,0.0,0.0,0.0
own:8,11,0,595.2,323845007535.9194,323845007535.9194,1404.673470066532,1075822966923.2639,8.0,0.0,0.0,0.0,0.0,0.0,0.0
own:8,11,1,148.8,161922503767.9597,161922503767.9597,702.336735033266,268955741730.81598,8.0,0.0,0.0,0.0,0.0,0.0,0.0
own:8,12,0,576.0,314965386361.54736,314965386361.54736,1366.158229758256,1041119000248.3198,8.0,0.0,0.0,0.0,0.0,0.0,0.0
own:8,12,1,144.0,157482693180.77368,157482693180.77368,683.079114879128,260279750062.07996,8.0,0.0,0.0,0.0,0.0,0.0,0.0
own:8,13,0,595.2,327091553736.46686,327091553736.46686,1418.7553216039487,1075822966923.2639,8.0,0.0,0.0,0.0,0.0,0.0,0.0
own:8,13,1,148.8,163545776868.23343,163545776868.23343,709.3776608019743,268955741730.81598,8.0,0.0,0.0,0.0,0.0,0.0,0.0
own:8,14,0,576.0,318122914359.8218,318122914359.8218,1379.853966011582,1041119000248.3198,8.0,0.0,0.0,0.0,0.0,0.0,0.0
own:8,14,1,144.0,159061457179.9109,159061457179.9109,689.926983005791,260279750062.07996,8.0,0.0,0.0,0.0,0.0,0.0,0.0
own:8,15,0,595.2,330370646562.67487,330370646562.67487,1432.9783437030278,1075822966923.2639,8.0,0.0,0.0,0.0,0.0,0.0,0.0
own:8,15,1,148.8,165185323281.33743,165185323281.33743,716.4891718515139,268955741730.81598,8.0,0.0,0.0,0.0,0.0,0.0,0.0
own:8,16,0,595.2,332022499795.4882,332022499795.4882,1440.1432354215428,1075822966923.2639,8.0,0.0,0.0,0.0,0.0,0.0,0.0
own:8,16,1,148.8,166011249897.7441,166011249897.7441,720.0716177107714,268955741730.81598,8.0,0.0,0.0,0.0,0.0,0.0,0.0
own:8,17,0,556.8000000000001,312154701823.855,312154701823.855,1353.966922463254,1006415033573.376,8.0,0.0,0.0,0.0,0.0,0.0,0.0
own:8,17,1,139.20000000000002,156077350911.9275,156077350911.9275,676.983461231627,251603758393.344,8.0,0.0,0.0,0.0,0.0,0.0,0.0
own:8,18,0,595.2,335351025355.93787,335351025355.93787,1454.5806713566433,1075822966923.2639,8.0,0.0,0.0,0.0,0.0,0.0,0.0
own:8,18,1,148.8,167675512677.96893,167675512677.96893,727.2903356783216,268955741730.81598,8.0,0.0,0.0,0.0,0.0,0.0,0.0
own:8,19,0,576.0,326155916596.1783,326155916596.1783,1414.697007787187,1041119000248.3198,8.0,0.0,0.0,0.0,0.0,0.0,0.0
own:8,19,1,144.0,163077958298.08914,163077958298.08914,707.3485038935935,260279750062.07996,8.0,0.0,0.0,0.0,0.0,0.0,0.0
own:8,20,0,595.2,338712919385.1311,338712919385.1311,1469.1628425869935,1075822966923.2639,8.0,0.0,0.0,0.0,0.0,0.0,0.0
own:8,20,1,148.8,169356459692.56555,169356459692.56555,734.5814212934968,268955741730.81598,8.0,0.0,0.0,0.0,0.0,0.0,0.0
own:8,21,0,576.0,329425629660.0549,329425629660.0549,1428.8793452902532,1041119000248.3198,8.0,0.0,0.0,0.0,0.0,0.0,0.0
own:8,21,1,144.0,164712814830.02744,164712814830.02744,714.4396726451266,260279750062.07996,8.0,0.0,0.0,0.0,0.0,0.0,0.0
own:8,22,0,595.2,342108516401.967,342108516401.967,1483.891200083928,1075822966923.2639,8.0,0.0,0.0,0.0,0.0,0.0,0.0
own:8,22,1,148.8,171054258200.9835,171054258200.9835,741.945600041964,268955741730.81598,8.0,0.0,0.0,0.0,0.0,0.0,0.0
own:8,23,0,595.2,343819058983.97675,343819058983.97675,1491.310656084347,1075822966923.2639,8.0,0.0,0.0,0.0,0.0,0.0,0.0
own:8,23,1,148.8,171909529491.98837,171909529491.98837,745.6553280421736,268955741730.81598,8.0,0.0,0.0,0.0,0.0,0.0,0.0
own:8,24,0,576.0,334391762205.38385,334391762205.38385,1450.4198800304216,1041119000248.3198,8.0,0.0,0.0,0.0,0.0,0.0,0.0
own:8,24,1,144.0,167195881102.69193,167195881102.69193,725.2099400152108,260279750062.07996,8.0,0.0,0.0,0.0,0.0,0.0,0.0
own:8,25,0,595.2,347265845050.2911,347265845050.2911,1506.2610454115927,1075822966923.2639,8.0,0.0,0.0,0.0,0.0,0.0,0.0
own:8,25,1,148.8,173632922525.14554,173632922525.14554,753.1305227057964,268955741730.81598,8.0,0.0,0.0,0.0,0.0,0.0,0.0
own:8,26,0,576.0,337744039621.4927,337744039621.4927,1464.960339327726,1041119000248.3198,8.0,0.0,0.0,0.0,0.0,0.0,0.0
own:8,26,1,144.0,168872019810.74634,168872019810.74634,732.480169663863,260279750062.07996,8.0,0.0,0.0,0.0,0.0,0.0,0.0
own:8,27,0,595.2,350747185146.92017,350747185146.92017,1521.3613123918435,1075822966923.2639,8.0,0.0,0.0,0.0,0.0,0.0,0.0
own:8,27,1,148.8,175373592573.46008,175373592573.46008,760.6806561959218,268955741730.81598,8.0,0.0,0.0,0.0,0.0,0.0,0.0
own:8,28,0,595.2,352500921072.6547,352500921072.6547,1528.9681189538026,1075822966923.2639,8.0,0.0,0.0,0.0,0.0,0.0,0.0
own:8,28,1,148.8,176250460536.32736,176250460536.32736,764.4840594769013,268955741730.81598,8.0,0.0,0.0,0.0,0.0,0.0,0.0
own:8,29,0,537.6,319979868354.3388,319979868354.3388,1387.9084795922581,971711066898.4319,8.0,0.0,0.0,0.0,0.0,0.0,0.0
own:8,29,1,134.4,159989934177.1694,159989934177.1694,693.9542397961291,242927766724.60797,8.0,0.0,0.0,0.0,0.0,0.0,0.0
own:8,30,0,595.2,356034742806.408,356034742806.408,1544.2960243463142,1075822966923.2639,8.0,0.0,0.0,0.0,0.0,0.0,0.0
own:8,30,1,148.8,178017371403.204,178017371403.204,772.1480121731571,268955741730.81598,8.0,0.0,0.0,0.0,0.0,0.0,0.0
own:8,31,0,576.0,346272499858.49036,346272499858.49036,1501.9524236787538,1041119000248.3198,8.0,0.0,0.0,0.0,0.0,0.0,0.0
own:8,31,1,144.0,173136249929.24518,173136249929.24518,750.9762118393769,260279750062.07996,8.0,0.0,0.0,0.0,0.0,0.0,0.0
own:8,32,0,595.2,359603991103.0422,359603991103.0422,1559.7775919903856,1075822966923.2639,8.0,0.0,0.0,0.0,0.0,0.0,0.0
own:8,32,1,148.8,179801995551.5211,179801995551.5211,779.8887959951928,268955741730.81598,8.0,0.0,0.0,0.0,0.0,0.0,0.0
own:8,33,0,576.0,349743881669.57166,349743881669.57166,1517.009496726133,1041119000248.3198,8.0,0.0,0.0,0.0,0.0,0.0,0.0
own:8,33,1,144.0,174871940834.78583,174871940834.78583,758.5047483630665,260279750062.07996,8.0,0.0,0.0,0.0,0.0,0.0,0.0
own:8,34,0,595.2,363209021113.8501,363209021113.8501,1575.4143623500888,1075822966923.2639,8.0,0.0,0.0,0.0,0.0,0.0,0.0
own:8,34,1,148.8,181604510556.92505,181604510556.92505,787.7071811750444,268955741730.81598,8.0,0.0,0.0,0.0,0.0,0.0,0.0
own:8,35,0,595.2,365025066219.4193,365025066219.4193,1583.291434161839,1075822966923.2639,8.0,0.0,0.0,0.0,0.0,0.0,0.0
own:8,35,1,148.8,182512533109.70966,182512533109.70966,791.6457170809196,268955741730.81598,8.0,0.0,0.0,0.0,0.0,0.0,0.0
own:8,36,0,576.0,355016314403.7255,355016314403.7255,1539.878604515466,1041119000248.3198,8.0,0.0,0.0,0.0,0.0,0.0,0.0
own:8,36,1,144.0,177508157201.86276,177508157201.86276,769.939302257733,260279750062.07996,8.0,0.0,0.0,0.0,0.0,0.0,0.0
own:9,1,0,595.2,616178562048.0001,616178562048.0001,2672.666426196395,1210300837788.6719,9.0,0.0,0.0,0.0,0.0,0.0,0.0
own:9,1,1,148.8,308089281024.00006,302575209447.16797,1312.416,302575209447.16797,9.0,5514071576.832092,0.0,24.405319487956668,23.917213098197532,1.0,25.0
own:9,2,0,576.0,599283343411.2001,599283343411.2001,2599.38363709101,1171258875279.3599,9.0,0.0,0.0,0.0,0.0,0.0,0.0
own:9,2,1,144.0,299641671705.60004,292814718819.83997,1270.08,292814718819.83997,9.0,6826952885.760071,0.0,30.216141372964223,29.61181854550494,1.0,31.0
own:9,3,0,595.2,622355752132.5311,622355752132.5311,2699.459907119013,1210300837788.6719,9.0,0.0,0.0,0.0,0.0,0.0,0.0
own:9,3,1,148.8,311177876066.26556,302575209447.16797,1312.416,302575209447.16797,9.0,8602666619.097595,0.0,38.075462815823,37.31395355950654,1.0,39.0
own:9,4,0,595.2,625467530893.1937,625467530893.1937,2712.957206654608,1210300837788.6719,9.0,0.0,0.0,0.0,0.0,0.0,0.0
own:9,4,1,148.8,312733765446.59686,302575209447.16797,1312.416,302575209447.16797,9.0,10158555999.428894,0.0,44.96184012990199,44.06260332730395,1.0,45.0
own:9,5,0,537.6,567763107075.3055,567763107075.3055,2462.66502565357,1093174950260.7358,9.0,0.0,0.0,0.0,0.0,0.0,0.0
own:9,5,1,134.4,283881553537.6528,273293737565.18396,1185.408,273293737565.18396,9.0,10587815972.468811,0.0,46.86174778243369,45.92451282678501,1.0,47.0
own:9,6,0,595.2,631737842890.3978,631737842890.3978,2740.1546026513197,1210300837788.6719,9.0,0.0,0.0,0.0,0.0,0.0,0.0
own:9,6,1,148.8,315868921445.1989,302575209447.16797,1312.416,302575209447.16797,9.0,13293711998.030945,0.0,58.83806257720389,57.66130132565981,1.0,59.0
own:9,7,0,576.0,307207999405.5725,307207999405.5725,1332.5106656441499,1171258875279.3599,9.0,0.0,0.0,0.0,0.0,0.0,0.0
own:9,7,1,144.0,153603999702.78625,153603999702.78625,666.2553328220749,292814718819.83997,9.0,0.0,0.0,0.0,0.0,0.0,0.0
own:9,8,0,595.2,319035507382.687,319035507382.687,1383.8123262714496,1210300837788.6719,9.0,0.0,0.0,0.0,0.0,0.0,0.0
own:9,8,1,148.8,159517753691.3435,159517753691.3435,691.9061631357248,302575209447.16797,9.0,0.0,0.0,0.0,0.0,0.0,0.0
own:9,9,0,576.0,310287759599.61334,310287759599.61334,1345.8690850672324,1171258875279.3599,9.0,0.0,0.0,0.0,0.0,0.0,0.0
own:9,9,1,144.0,155143879799.80667,155143879799.80667,672.9345425336162,292814718819.83997,9.0,0.0,0.0,0.0,0.0,0.0,0.0
own:9,10,0,595.2,322233838344.19836,322233838344.19836,1397.6850448423204,1210300837788.6719,9.0,0.0,0.0,0.0,0.0,0.0,0.0
own:9,10,1,148.8,161116919172.09918,161116919172.09918,698.8425224211602,302575209447.16797,9.0,0.0,0.0,0.0,0.0,0.0,0.0
own:9,11,0,595.2,323845007535.9194,323845007535.9194,1404.673470066532,1210300837788.6719,9.0,0.0,0.0,0.0,0.0,0.0,0.0
own:9,11,1,148.8,161922503767.9597,161922503767.9597,702.336735033266,302575209447.16797,9.0,0.0,0.0,0.0,0.0,0.0,0.0
own:9,12,0,576.0,314965386361.54736,314965386361.54736,1366.158229758256,1171258875279.3599,9.0,0.0,0.0,0.0,0.0,0.0,0.0
own:9,12,1,144.0,157482693180.77368,157482693180.77368,683.079114879128,292814718819.83997,9.0,0.0,0.0,0.0,0.0,0.0,0.0
own:9,13,0,595.2,327091553736.46686,327091553736.46686,1418.7553216039487,1210300837788.6719,9.0,0.0,0.0,0.0,0.0,0.0,0.0
own:9,13,1,148.8,163545776868.23343,163545776868.23343,709.3776608019743,302575209447.16797,9.0,0.0,0.0,0.0,0.0,0.0,0.0
own:9,14,0,576.0,318122914359.8218,318122914359.8218,1379.853966011582,1171258875279.3599,9.0,0.0,0.0,0.0,0.0,0.0,0.0
own:9,14,1,144.0,159061457179.9109,159061457179.9109,689.926983005791,292814718819.83997,9.0,0.0,0.0,0.0,0.0,0.0,0.0
own:9,15,0,595.2,330370646562.67487,330370646562.67487,1432.9783437030278,1210300837788.6719,9.0,0.0,0.0,0.0,0.0,0.0,0.0
own:9,15,1,148.8,165185323281.33743,165185323281.33743,716.4891718515139,302575209447.16797,9.0,0.0,0.0,0.0,0.0,0.0,0.0
own:9,16,0,595.2,332022499795.4882,332022499795.4882,1440.1432354215428,1210300837788.6719,9.0,0.0,0.0,0.0,0.0,0.0,0.0
own:9,16,1,148.8,166011249897.7441,166011249897.7441,720.0716177107714,302575209447.16797,9.0,0.0,0.0,0.0,0.0,0.0,0.0
own:9,17,0,556.8000000000001,312154701823.855,312154701823.855,1353.966922463254,1132216912770.0479,9.0,0.0,0.0,0.0,0.0,0.0,0.0
own:9,17,1,139.20000000000002,156077350911.9275,156077350911.9275,676.983461231627,283054228192.51196,9.0,0.0,0.0,0.0,0.0,0.0,0.0
own:9,18,0,595.2,335351025355.93787,335351025355.93787,1454.5806713566433,1210300837788.6719,9.0,0.0,0.0,0.0,0.0,0.0,0.0
own:9,18,1,148.8,167675512677.96893,167675512677.96893,727.2903356783216,302575209447.16797,9.0,0.0,0.0,0.0,0.0,0.0,0.0
own:9,19,0,576.0,326155916596.1783,326155916596.1783,1414.697007787187,1171258875279.3599,9.0,0.0,0.0,0.0,0.0,0.0,0.0
own:9,19,1,144.0,163077958298.08914,163077958298.08914,707.3485038935935,292814718819.83997,9.0,0.0,0.0,0.0,0.0,0.0,0.0
own:9,20,0,595.2,338712919385.1311,338712919385.1311,1469.1628425869935,1210300837788.6719,9.0,0.0,0.0,0.0,0.0,0.0,0.0
own:9,20,1,148.8,169356459692.56555,169356459692.56555,734.5814212934968,302575209447.16797,9.0,0.0,0.0,0.0,0.0,0.0,0.0
own:9,21,0,576.0,329425629660.0549,329425629660.0549,1428.8793452902532,1171258875279.3599,9.0,0.0,0.0,0.0,0.0,0.0,0.0
own:9,21,1,144.0,164712814830.02744,164712814830.02744,714.4396726451266,292814718819.83997,9.0,0.0,0.0,0.0,0.0,0.0,0.0
own:9,22,0,595.2,342108516401.967,342108516401.967,1483.891200083928,1210300837788.6719,9.0,0.0,0.0,0.0,0.0,0.0,0.0
own:9,22,1,148.8,171054258200.9835,171054258200.9835,741.945600041964,302575209447.16797,9.0,0.0,0.0,0.0,0.0,0.0,0.0
own:9,23,0,595.2,343819058983.97675,343819058983.97675,1491.310656084347,1210300837788.6719,9.0,0.0,0.0,0.0,0.0,0.0,0.0
own:9,23,1,148.8,171909529491.98837,171909529491.98837,745.6553280421736,302575209447.16797,9.0,0.0,0.0,0.0,0.0,0.0,0.0
own:9,24,0,576.0,334391762205.38385,334391762205.38385,1450.4198800304216,1171258875279.3599,9.0,0.0,0.0,0.0,0.0,0.0,0.0
own:9,24,1,144.0,167195881102.69193,167195881102.69193,725.2099400152108,292814718819.83997,9.0,0.0,0.0,0.0,0.0,0.0,0.0
own:9,25,0,595.2,347265845050.2911,347265845050.2911,1506.2610454115927,1210300837788.6719,9.0,0.0,0.0,0.0,0.0,0.0,0.0
own:9,25,1,148.8,173632922525.14554,173632922525.14554,753.1305227057964,302575209447.16797,9.0,0.0,0.0,0.0,0.0,0.0,0.0
own:9,26,0,576.0,337744039621.4927,337744039621.4927,1464.960339327726,1171258875279.3599,9.0,0.0,0.0,0.0,0.0,0.0,0.0
own:9,26,1,144.0,168872019810.74634,168872019810.74634,732.480169663863,292814718819.83997,9.0,0.0,0.0,0.0,0.0,0.0,0.0
own:9,27,0,595.2,350747185146.92017,350747185146.92017,1521.3613123918435,1210300837788.6719,9.0,0.0,0.0,0.0,0.0,0.0,0.0
own:9,27,1,148.8,175373592573.46008,175373592573.46008,760.6806561959218,302575209447.16797,9.0,0.0,0.0,0.0,0.0,0.0,0.0
own:9,28,0,595.2,352500921072.6547,352500921072.6547,1528.9681189538026,1210300837788.6719,9.0,0.0,0.0,0.0,0.0,0.0,0.0
own:9,28,1,148.8,176250460536.32736,176250460536.32736,764.4840594769013,302575209447.16797,9.0,0.0,0.0,0.0,0.0,0.0,0.0
own:9,29,0,537.6,319979868354.3388,319979868354.3388,1387.9084795922581,1093174950260.7358,9.0,0.0,0.0,0.0,0.0,0.0,0.0
own:9,29,1,134.4,159989934177.1694,159989934177.1694,693.9542397961291,273293737565.18396,9.0,0.0,0.0,0.0,0.0,0.0,0.0
own:9,30,0,595.2,356034742806.408,356034742806.408,1544.2960243463142,1210300837788.6719,9.0,0.0,0.0,0.0,0.0,0.0,0.0
own:9,30,1,148.8,178017371403.204,178017371403.204,772.1480121731571,302575209447.16797,9.0,0.0,0.0,0.0,0.0,0.0,0.0
own:9,31,0,576.0,346272499858.49036,346272499858.49036,1501.9524236787538,1171258875279.3599,9.0,0.0,0.0,0.0,0.0,0.0,0.0
own:9,31,1,144.0,173136249929.24518,173136249929.24518,750.9762118393769,292814718819.83997,9.0,0.0,0.0,0.0,0.0,0.0,0.0
own:9,32,0,595.2,359603991103.0422,359603991103.0422,1559.7775919903856,1210300837788.6719,9.0,0.0,0.0,0.0,0.0,0.0,0.0
own:9,32,1,148.8,179801995551.5211,179801995551.5211,779.8887959951928,302575209447.16797,9.0,0.0,0.0,0.0,0.0,0.0,0.0
own:9,33,0,576.0,349743881669.57166,349743881669.57166,1517.009496726133,1171258875279.3599,9.0,0.0,0.0,0.0,0.0,0.0,0.0
own:9,33,1,144.0,174871940834.78583,174871940834.78583,758.5047483630665,292814718819.83997,9.0,0.0,0.0,0.0,0.0,0.0,0.0
own:9,34,0,595.2,363209021113.8501,363209021113.8501,1575.4143623500888,1210300837788.6719,9.0,0.0,0.0,0.0,0.0,0.0,0.0
own:9,34,1,148.8,181604510556.92505,181604510556.92505,787.7071811750444,302575209447.16797,9.0,0.0,0.0,0.0,0.0,0.0,0.0
own:9,35,0,595.2,365025066219.4193,365025066219.4193,1583.291434161839,1210300837788.6719,9.0,0.0,0.0,0.0,0.0,0.0,0.0
own:9,35,1,148.8,182512533109.70966,182512533109.70966,791.6457170809196,302575209447.16797,9.0,0.0,0.0,0.0,0.0,0.0,0.0
own:9,36,0,576.0,355016314403.7255,355016314403.7255,1539.878604515466,1171258875279.3599,9.0,0.0,0.0,0.0,0.0,0.0,0.0
own:9,36,1,144.0,177508157201.86276,177508157201.86276,769.939302257733,292814718819.83997,9.0,0.0,0.0,0.0,0.0,0.0,0.0
own:10,1,0,595.2,616178562048.0001,616178562048.0001,2672.666426196395,1344778708654.0798,10.0,0.0,0.0,0.0,0.0,0.0,0.0
own:10,1,1,148.8,308089281024.00006,308089281024.00006,1336.3332130981976,336194677163.51996,10.0,0.0,0.0,0.0,0.0,0.0,0.0
own:10,2,0,576.0,599283343411.2001,599283343411.2001,2599.38363709101,1301398750310.4,10.0,0.0,0.0,0.0,0.0,0.0,0.0
own:10,2,1,144.0,299641671705.60004,299641671705.60004,1299.691818545505,325349687577.6,10.0,0.0,0.0,0.0,0.0,0.0,0.0
own:10,3,0,595.2,622355752132.5311,622355752132.5311,2699.459907119013,1344778708654.0798,10.0,0.0,0.0,0.0,0.0,0.0,0.0
own:10,3,1,148.8,311177876066.26556,311177876066.26556,1349.7299535595066,336194677163.51996,10.0,0.0,0.0,0.0,0.0,0.0,0.0
own:10,4,0,595.2,625467530893.1937,625467530893.1937,2712.957206654608,1344778708654.0798,10.0,0.0,0.0,0.0,0.0,0.0,0.0
own:10,4,1,148.8,312733765446.59686,312733765446.59686,1356.478603327304,336194677163.51996,10.0,0.0,0.0,0.0,0.0,0.0,0.0
own:10,5,0,537.6,567763107075.3055,567763107075.3055,2462.66502565357,1214638833623.0398,10.0,0.0,0.0,0.0,0.0,0.0,0.0
own:10,5,1,134.4,283881553537.6528,283881553537.6528,1231.332512826785,303659708405.75995,10.0,0.0,0.0,0.0,0.0,0.0,0.0
own:10,6,0,595.2,631737842890.3978,631737842890.3978,2740.1546026513197,1344778708654.0798,10.0,0.0,0.0,0.0,0.0,0.0,0.0
own:10,6,1,148.8,315868921445.1989,315868921445.1989,1370.0773013256598,336194677163.51996,10.0,0.0,0.0,0.0,0.0,0.0,0.0
own:10,7,0,576.0,307207999405.5725,307207999405.5725,1332.5106656441499,1301398750310.4,10.0,0.0,0.0,0.0,0.0,0.0,0.0
own:10,7,1,144.0,153603999702.78625,153603999702.78625,666.2553328220749,325349687577.6,10.0,0.0,0.0,0.0,0.0,0.0,0.0
own:10,8,0,595.2,319035507382.687,319035507382.687,1383.8123262714496,1344778708654.0798,10.0,0.0,0.0,0.0,0.0,0.0,0.0
own:10,8,1,148.8,159517753691.3435,159517753691.3435,691.9061631357248,336194677163.51996,10.0,0.0,0.0,0.0,0.0,0.0,0.0
own:10,9,0,576.0,310287759599.61334,310287759599.61334,1345.8690850672324,1301398750310.4,10.0,0.0,0.0,0.0,0.0,0.0,0.0
own:10,9,1,144.0,155143879799.80667,155143879799.80667,672.9345425336162,325349687577.6,10.0,0.0,0.0,0.0,0.0,0.0,0.0
own:10,10,0,595.2,322233838344.19836,322233838344.19836,1397.6850448423204,1344778708654.0798,10.0,0.0,0.0,0.0,0.0,0.0,0.0
own:10,10,1,148.8,161116919172.09918,161116919172.09918,698.8425224211602,336194677163.51996,10.0,0.0,0.0,0.0,0.0,0.0,0.0
own:10,11,0,595.2,323845007535.9194,323845007535.9194,1404.673470066532,1344778708654.0798,10.0,0.0,0.0,0.0,0.0,0.0,0.0
own:10,11,1,148.8,161922503767.9597,161922503767.9597,702.336735033266,336194677163.51996,10.0,0.0,0.0,0.0,0.0,0.0,0.0
own:10,12,0,576.0,314965386361.54736,314965386361.54736,1366.158229758256,1301398750310.4,10.0,0.0,0.0,0.0,0.0,0.0,0.0
own:10,12,1,144.0,157482693180.77368,157482693180.77368,683.079114879128,325349687577.6,10.0,0.0,0.0,0.0,0.0,0.0,0.0
own:10,13,0,595.2,327091553736.46686,327091553736.46686,1418.7553216039487,1344778708654.0798,10.0,0.0,0.0,0.0,0.0,0.0,0.0
own:10,13,1,148.8,163545776868.23343,163545776868.23343,709.3776608019743,336194677163.51996,10.0,0.0,0.0,0.0,0.0,0.0,0.0
own:10,14,0,576.0,318122914359.8218,318122914359.8218,1379.853966011582,1301398750310.4,10.0,0.0,0.0,0.0,0.0,0.0,0.0
own:10,14,1,144.0,159061457179.9109,159061457179.9109,689.926983005791,325349687577.6,10.0,0.0,0.0,0.0,0.0,0.0,0.0
own:10,15,0,595.2,330370646562.67487,330370646562.67487,1432.9783437030278,1344778708654.0798,10.0,0.0,0.0,0.0,0.0,0.0,0.0
own:10,15,1,148.8,165185323281.33743,165185323281.33743,716.4891718515139,336194677163.51996,10.0,0.0,0.0,0.0,0.0,0.0,0.0
own:10,16,0,595.2,332022499795.4882,332022499795.4882,1440.1432354215428,1344778708654.0798,10.0,0.0,0.0,0.0,0.0,0.0,0.0
own:10,16,1,148.8,166011249897.7441,166011249897.7441,720.0716177107714,336194677163.51996,10.0,0.0,0.0,0.0,0.0,0.0,0.0
own:10,17,0,556.8000000000001,312154701823.855,312154701823.855,1353.966922463254,1258018791966.72,10.0,0.0,0.0,0.0,0.0,0.0,0.0
own:10,17,1,139.20000000000002,156077350911.9275,156077350911.9275,676.983461231627,314504697991.68,10.0,0.0,0.0,0.0,0.0,0.0,0.0
own:10,18,0,595.2,335351025355.93787,335351025355.93787,1454.5806713566433,1344778708654.0798,10.0,0.0,0.0,0.0,0.0,0.0,0.0
own:10,18,1,148.8,167675512677.96893,167675512677.96893,727.2903356783216,336194677163.51996,10.0,0.0,0.0,0.0,0.0,0.0,0.0
own:10,19,0,576.0,326155916596.1783,326155916596.1783,1414.697007787187,1301398750310.4,10.0,0.0,0.0,0.0,0.0,0.0,0.0
own:10,19,1,144.0,163077958298.08914,163077958298.08914,707.3485038935935,325349687577.6,10.0,0.0,0.0,0.0,0.0,0.0,0.0
own:10,20,0,595.2,338712919385.1311,338712919385.1311,1469.1628425869935,1344778708654.0798,10.0,0.0,0.0,0.0,0.0,0.0,0.0
own:10,20,1,148.8,169356459692.56555,169356459692.56555,734.5814212934968,336194677163.51996,10.0,0.0,0.0,0.0,0.0,0.0,0.0
own:10,21,0,576.0,329425629660.0549,329425629660.0549,1428.8793452902532,1301398750310.4,10.0,0.0,0.0,0.0,0.0,0.0,0.0
own:10,21,1,144.0,164712814830.02744,164712814830.02744,714.4396726451266,325349687577.6,10.0,0.0,0.0,0.0,0.0,0.0,0.0
own:10,22,0,595.2,342108516401.967,342108516401.967,1483.891200083928,1344778708654.0798,10.0,0.0,0.0,0.0,0.0,0.0,0.0
own:10,22,1,148.8,171054258200.9835,171054258200.9835,741.945600041964,336194677163.51996,10.0,0.0,0.0,0.0,0.0,0.0,0.0
own:10,23,0,595.2,343819058983.97675,343819058983.97675,1491.310656084347,1344778708654.0798,10.0,0.0,0.0,0.0,0.0,0.0,0.0
own:10,23,1,148.8,171909529491.98837,171909529491.98837,745.6553280421736,336194677163.51996,10.0,0.0,0.0,0.0,0.0,0.0,0.0
own:10,24,0,576.0,334391762205.38385,334391762205.38385,1450.4198800304216,1301398750310.4,10.0,0.0,0.0,0.0,0.0,0.0,0.0
own:10,24,1,144.0,167195881102.69193,167195881102.69193,725.2099400152108,325349687577.6,10.0,0.0,0.0,0.0,0.0,0.0,0.0
own:10,25,0,595.2,347265845050.2911,347265845050.2911,1506.2610454115927,1344778708654.0798,10.0,0.0,0.0,0.0,0.0,0.0,0.0
own:10,25,1,148.8,173632922525.14554,173632922525.14554,753.1305227057964,336194677163.51996,10.0,0.0,0.0,0.0,0.0,0.0,0.0
own:10,26,0,576.0,337744039621.4927,337744039621.4927,1464.960339327726,1301398750310.4,10.0,0.0,0.0,0.0,0.0,0.0,0.0
own:10,26,1,144.0,168872019810.74634,168872019810.74634,732.480169663863,325349687577.6,10.0,0.0,0.0,0.0,0.0,0.0,0.0
own:10,27,0,595.2,350747185146.92017,350747185146.92017,1521.3613123918435,1344778708654.0798,10.0,0.0,0.0,0.0,0.0,0.0,0.0
own:10,27,1,148.8,175373592573.46008,175373592573.46008,760.6806561959218,336194677163.51996,10.0,0.0,0.0,0.0,0.0,0.0,0.0
own:10,28,0,595.2,352500921072.6547,352500921072.6547,1528.9681189538026,1344778708654.0798,10.0,0.0,0.0,0.0,0.0,0.0,0.0
own:10,28,1,148.8,176250460536.32736,176250460536.32736,764.4840594769013,336194677163.51996,10.0,0.0,0.0,0.0,0.0,0.0,0.0
own:10,29,0,537.6,319979868354.3388,319979868354.3388,1387.9084795922581,1214638833623.0398,10.0,0.0,0.0,0.0,0.0,0.0,0.0
own:10,29,1,134.4,159989934177.1694,159989934177.1694,693.9542397961291,303659708405.75995,10.0,0.0,0.0,0.0,0.0,0.0,0.0
own:10,30,0,595.2,356034742806.408,356034742806.408,1544.2960243463142,1344778708654.0798,10.0,0.0,0.0,0.0,0.0,0.0,0.0
own:10,30,1,148.8,178017371403.204,178017371403.204,772.1480121731571,336194677163.51996,10.0,0.0,0.0,0.0,0.0,0.0,0.0
own:10,31,0,576.0,346272499858.49036,346272499858.49036,1501.9524236787538,1301398750310.4,10.0,0.0,0.0,0.0,0.0,0.0,0.0
own:10,31,1,144.0,173136249929.24518,173136249929.24518,750.9762118393769,325349687577.6,10.0,0.0,0.0,0.0,0.0,0.0,0.0
own:10,32,0,595.2,359603991103.0422,359603991103.0422,1559.7775919903856,1344778708654.0798,10.0,0.0,0.0,0.0,0.0,0.0,0.0
own:10,32,1,148.8,179801995551.5211,179801995551.5211,779.8887959951928,336194677163.51996,10.0,0.0,0.0,0.0,0.0,0.0,0.0
own:10,33,0,576.0,349743881669.57166,349743881669.57166,1517.009496726133,1301398750310.4,10.0,0.0,0.0,0.0,0.0,0.0,0.0
own:10,33,1,144.0,174871940834.78583,174871940834.78583,758.5047483630665,325349687577.6,10.0,0.0,0.0,0.0,0.0,0.0,0.0
own:10,34,0,595.2,363209021113.8501,363209021113.8501,1575.4143623500888,1344778708654.0798,10.0,0.0,0.0,0.0,0.0,0.0,0.0
own:10,34,1,148.8,181604510556.92505,181604510556.92505,787.7071811750444,336194677163.51996,10.0,0.0,0.0,0.0,0.0,0.0,0.0
own:10,35,0,595.2,365025066219.4193,365025066219.4193,1583.291434161839,1344778708654.0798,10.0,0.0,0.0,0.0,0.0,0.0,0.0
own:10,35,1,148.8,182512533109.70966,182512533109.70966,791.6457170809196,336194677163.51996,10.0,0.0,0.0,0.0,0.0,0.0,0.0
own:10,36,0,576.0,355016314403.7255,355016314403.7255,1539.878604515466,1301398750310.4,10.0,0.0,0.0,0.0,0.0,0.0,0.0
own:10,36,1,144.0,177508157201.86276,177508157201.86276,769.939302257733,325349687577.6,10.0,0.0,0.0,0.0,0.0,0.0,0.0
own:11,1,0,595.2,616178562048.0001,616178562048.0001,2672.666426196395,1479256579519.4878,11.0,0.0,0.0,0.0,0.0,0.0,0.0
own:11,1,1,148.8,308089281024.00006,308089281024.00006,1336.3332130981976,369814144879.87195,11.0,0.0,0.0,0.0,0.0,0.0,0.0
own:11,2,0,576.0,599283343411.2001,599283343411.2001,2599.38363709101,1431538625341.4397,11.0,0.0,0.0,0.0,0.0,0.0,0.0
own:11,2,1,144.0,299641671705.60004,299641671705.60004,1299.691818545505,357884656335.3599,11.0,0.0,0.0,0.0,0.0,0.0,0.0
own:11,3,0,595.2,622355752132.5311,622355752132.5311,2699.459907119013,1479256579519.4878,11.0,0.0,0.0,0.0,0.0,0.0,0.0
own:11,3,1,148.8,311177876066.26556,311177876066.26556,1349.7299535595066,369814144879.87195,11.0,0.0,0.0,0.0,0.0,0.0,0.0
own:11,4,0,595.2,625467530893.1937,625467530893.1937,2712.957206654608,1479256579519.4878,11.0,0.0,0.0,0.0,0.0,0.0,0.0
own:11,4,1,148.8,312733765446.59686,312733765446.59686,1356.478603327304,369814144879.87195,11.0,0.0,0.0,0.0,0.0,0.0,0.0
own:11,5,0,537.6,567763107075.3055,567763107075.3055,2462.66502565357,1336102716985.3438,11.0,0.0,0.0,0.0,0.0,0.0,0.0
own:11,5,1,134.4,283881553537.6528,283881553537.6528,1231.332512826785,334025679246.33594,11.0,0.0,0.0,0.0,0.0,0.0,0.0
own:11,6,0,595.2,631737842890.3978,631737842890.3978,2740.1546026513197,1479256579519.4878,11.0,0.0,0.0,0.0,0.0,0.0,0.0
own:11,6,1,148.8,315868921445.1989,315868921445.1989,1370.0773013256598,369814144879.87195,11.0,0.0,0.0,0.0,0.0,0.0,0.0
own:11,7,0,576.0,307207999405.5725,307207999405.5725,1332.5106656441499,1431538625341.4397,11.0,0.0,0.0,0.0,0.0,0.0,0.0
own:11,7,1,144.0,153603999702.78625,153603999702.78625,666.2553328220749,357884656335.3599,11.0,0.0,0.0,0.0,0.0,0.0,0.0
own:11,8,0,595.2,319035507382.687,319035507382.687,1383.8123262714496,1479256579519.4878,11.0,0.0,0.0,0.0,0.0,0.0,0.0
own:11,8,1,148.8,159517753691.3435,159517753691.3435,691.9061631357248,369814144879.87195,11.0,0.0,0.0,0.0,0.0,0.0,0.0
own:11,9,0,576.0,310287759599.61334,310287759599.61334,1345.8690850672324,1431538625341.4397,11.0,0.0,0.0,0.0,0.0,0.0,0.0
own:11,9,1,144.0,155143879799.80667,155143879799.80667,672.9345425336162,357884656335.3599,11.0,0.0,0.0,0.0,0.0,0.0,0.0
own:11,10,0,595.2,322233838344.19836,322233838344.19836,1397.6850448423204,1479256579519.4878,11.0,0.0,0.0,0.0,0.0,0.0,0.0
own:11,10,1,148.8,161116919172.09918,161116919172.09918,698.8425224211602,369814144879.87195,11.0,0.0,0.0,0.0,0.0,0.0,0.0
own:11,11,0,595.2,323845007535.9194,323845007535.9194,1404.673470066532,1479256579519.4878,11.0,0.0,0.0,0.0,0.0,0.0,0.0
own:11,11,1,148.8,161922503767.9597,161922503767.9597,702.336735033266,369814144879.87195,11.0,0.0,0.0,0.0,0.0,0.0,0.0
own:11,12,0,576.0,314965386361.54736,314965386361.54736,1366.158229758256,1431538625341.4397,11.0,0.0,0.0,0.0,0.0,0.0,0.0
own:11,12,1,144.0,157482693180.77368,157482693180.77368,683.079114879128,357884656335.3599,11.0,0.0,0.0,0.0,0.0,0.0,0.0
own:11,13,0,595.2,327091553736.46686,327091553736.46686,1418.7553216039487,1479256579519.4878,11.0,0.0,0.0,0.0,0.0,0.0,0.0
own:11,13,1,148.8,163545776868.23343,163545776868.23343,709.3776608019743,369814144879.87195,11.0,0.0,0.0,0.0,0.0,0.0,0.0
own:11,14,0,576.0,318122914359.8218,318122914359.8218,1379.853966011582,1431538625341.4397,11.0,0.0,0.0,0.0,0.0,0.0,0.0
own:11,14,1,144.0,159061457179.9109,159061457179.9109,689.926983005791,357884656335.3599,11.0,0.0,0.0,0.0,0.0,0.0,0.0
own:11,15,0,595.2,330370646562.67487,330370646562.67487,1432.9783437030278,1479256579519.4878,11.0,0.0,0.0,0.0,0.0,0.0,0.0
own:11,15,1,148.8,165185323281.33743,165185323281.33743,716.4891718515139,369814144879.87195,11.0,0.0,0.0,0.0,0.0,0.0,0.0
own:11,16,0,595.2,332022499795.4882,332022499795.4882,1440.1432354215428,1479256579519.4878,11.0,0.0,0.0,0.0,0.0,0.0,0.0
own:11,16,1,148.8,166011249897.7441,166011249897.7441,720.0716177107714,369814144879.87195,11.0,0.0,0.0,0.0,0.0,0.0,0.0
own:11,17,0,556.8000000000001,312154701823.855,312154701823.855,1353.966922463254,1383820671163.3918,11.0,0.0,0.0,0.0,0.0,0.0,0.0
own:11,17,1,139.20000000000002,156077350911.9275,156077350911.9275,676.983461231627,345955167790.84796,11.0,0.0,0.0,0.0,0.0,0.0,0.0
own:11,18,0,595.2,335351025355.93787,335351025355.93787,1454.5806713566433,1479256579519.4878,11.0,0.0,0.0,0.0,0.0,0.0,0.0
own:11,18,1,148.8,167675512677.96893,167675512677.96893,727.2903356783216,369814144879.87195,11.0,0.0,0.0,0.0,0.0,0.0,0.0
own:11,19,0,576.0,326155916596.1783,326155916596.1783,1414.697007787187,1431538625341.4397,11.0,0.0,0.0,0.0,0.0,0.0,0.0
own:11,19,1,144.0,163077958298.08914,163077958298.08914,707.3485038935935,357884656335.3599,11.0,0.0,0.0,0.0,0.0,0.0,0.0
own:11,20,0,595.2,338712919385.1311,338712919385.1311,1469.1628425869935,1479256579519.4878,11.0,0.0,0.0,0.0,0.0,0.0,0.0
own:11,20,1,148.8,169356459692.56555,169356459692.56555,734.5814212934968,369814144879.87195,11.0,0.0,0.0,0.0,0.0,0.0,0.0
own:11,21,0,576.0,329425629660.0549,329425629660.0549,1428.8793452902532,1431538625341.4397,11.0,0.0,0.0,0.0,0.0,0.0,0.0
own:11,21,1,144.0,164712814830.02744,164712814830.02744,714.4396726451266,357884656335.3599,11.0,0.0,0.0,0.0,0.0,0.0,0.0
own:11,22,0,595.2,342108516401.967,342108516401.967,1483.891200083928,1479256579519.4878,11.0,0.0,0.0,0.0,0.0,0.0,0.0
own:11,22,1,148.8,171054258200.9835,171054258200.9835,741.945600041964,369814144879.87195,11.0,0.0,0.0,0.0,0.0,0.0,0.0
own:11,23,0,595.2,343819058983.97675,343819058983.97675,1491.310656084347,1479256579519.4878,11.0,0.0,0.0,0.0,0.0,0.0,0.0
own:11,23,1,148.8,171909529491.98837,171909529491.98837,745.6553280421736,369814144879.87195,11.0,0.0,0.0,0.0,0.0,0.0,0.0
own:11,24,0,576.0,334391762205.38385,334391762205.38385,1450.4198800304216,1431538625341.4397,11.0,0.0,0.0,0.0,0.0,0.0,0.0
own:11,24,1,144.0,167195881102.69193,167195881102.69193,725.2099400152108,357884656335.3599,11.0,0.0,0.0,0.0,0.0,0.0,0.0
own:11,25,0,595.2,347265845050.2911,347265845050.2911,1506.2610454115927,1479256579519.4878,11.0,0.0,0.0,0.0,0.0,0.0,0.0
own:11,25,1,148.8,173632922525.14554,173632922525.14554,753.1305227057964,369814144879.87195,11.0,0.0,0.0,0.0,0.0,0.0,0.0
own:11,26,0,576.0,337744039621.4927,337744039621.4927,1464.960339327726,1431538625341.4397,11.0,0.0,0.0,0.0,0.0,0.0,0.0
own:11,26,1,144.0,168872019810.74634,168872019810.74634,732.480169663863,357884656335.3599,11.0,0.0,0.0,0.0,0.0,0.0,0.0
own:11,27,0,595.2,350747185146.92017,350747185146.92017,1521.3613123918435,1479256579519.4878,11.0,0.0,0.0,0.0,0.0,0.0,0.0
own:11,27,1,148.8,175373592573.46008,175373592573.46008,760.6806561959218,369814144879.87195,11.0,0.0,0.0,0.0,0.0,0.0,0.0
own:11,28,0,595.2,352500921072.6547,352500921072.6547,1528.9681189538026,1479256579519.4878,11.0,0.0,0.0,0.0,0.0,0.0,0.0
own:11,28,1,148.8,176250460536.32736,176250460536.32736,764.4840594769013,369814144879.87195,11.0,0.0,0.0,0.0,0.0,0.0,0.0
own:11,29,0,537.6,319979868354.3388,319979868354.3388,1387.9084795922581,1336102716985.3438,11.0,0.0,0.0,0.0,0.0,0.0,0.0
own:11,29,1,134.4,159989934177.1694,159989934177.1694,693.9542397961291,334025679246.33594,11.0,0.0,0.0,0.0,0.0,0.0,0.0
own:11,30,0,595.2,356034742806.408,356034742806.408,1544.2960243463142,1479256579519.4878,11.0,0.0,0.0,0.0,0.0,0.0,0.0
own:11,30,1,148.8,178017371403.204,178017371403.204,772.1480121731571,369814144879.87195,11.0,0.0,0.0,0.0,0.0,0.0,0.0
own:11,31,0,576.0,346272499858.49036,346272499858.49036,1501.9524236787538,1431538625341.4397,11.0,0.0,0.0,0.0,0.0,0.0,0.0
own:11,31,1,144.0,173136249929.24518,173136249929.24518,750.9762118393769,357884656335.3599,11.0,0.0,0.0,0.0,0.0,0.0,0.0
own:11,32,0,595.2,359603991103.0422,359603991103.0422,1559.7775919903856,1479256579519.4878,11.0,0.0,0.0,0.0,0.0,0.0,0.0
own:11,32,1,148.8,179801995551.5211,179801995551.5211,779.8887959951928,369814144879.87195,11.0,0.0,0.0,0.0,0.0,0.0,0.0
own:11,33,0,576.0,349743881669.57166,349743881669.57166,1517.009496726133,1431538625341.4397,11.0,0.0,0.0,0.0,0.0,0.0,0.0
own:11,33,1,144.0,174871940834.78583,174871940834.78583,758.5047483630665,357884656335.3599,11.0,0.0,0.0,0.0,0.0,0.0,0.0
own:11,34,0,595.2,363209021113.8501,363209021113.8501,1575.4143623500888,1479256579519.4878,11.0,0.0,0.0,0.0,0.0,0.0,0.0
own:11,34,1,148.8,181604510556.92505,181604510556.92505,787.7071811750444,369814144879.87195,11.0,0.0,0.0,0.0,0.0,0.0,0.0
own:11,35,0,595.2,365025066219.4193,365025066219.4193,1583.291434161839,1479256579519.4878,11.0,0.0,0.0,0.0,0.0,0.0,0.0
own:11,35,1,148.8,182512533109.70966,182512533109.70966,791.6457170809196,369814144879.87195,11.0,0.0,0.0,0.0,0.0,0.0,0.0
own:11,36,0,576.0,355016314403.7255,355016314403.7255,1539.878604515466,1431538625341.4397,11.0,0.0,0.0,0.0,0.0,0.0,0.0
own:11,36,1,144.0,177508157201.86276,177508157201.86276,769.939302257733,357884656335.3599,11.0,0.0,0.0,0.0,0.0,0.0,0.0
own:12,1,0,595.2,616178562048.0001,616178562048.0001,2672.666426196395,1613734450384.8958,12.0,0.0,0.0,0.0,0.0,0.0,0.0
own:12,1,1,148.8,308089281024.00006,308089281024.00006,1336.3332130981976,403433612596.22394,12.0,0.0,0.0,0.0,0.0,0.0,0.0
own:12,2,0,576.0,599283343411.2001,599283343411.2001,2599.38363709101,1561678500372.4797,12.0,0.0,0.0,0.0,0.0,0.0,0.0
own:12,2,1,144.0,299641671705.60004,299641671705.60004,1299.691818545505,390419625093.11993,12.0,0.0,0.0,0.0,0.0,0.0,0.0
own:12,3,0,595.2,622355752132.5311,622355752132.5311,2699.459907119013,1613734450384.8958,12.0,0.0,0.0,0.0,0.0,0.0,0.0
own:12,3,1,148.8,311177876066.26556,311177876066.26556,1349.7299535595066,403433612596.22394,12.0,0.0,0.0,0.0,0.0,0.0,0.0
own:12,4,0,595.2,625467530893.1937,625467530893.1937,2712.957206654608,1613734450384.8958,12.0,0.0,0.0,0.0,0.0,0.0,0.0
own:12,4,1,148.8,312733765446.59686,312733765446.59686,1356.478603327304,403433612596.22394,12.0,0.0,0.0,0.0,0.0,0.0,0.0
own:12,5,0,537.6,567763107075.3055,567763107075.3055,2462.66502565357,1457566600347.6477,12.0,0.0,0.0,0.0,0.0,0.0,0.0
own:12,5,1,134.4,283881553537.6528,283881553537.6528,1231.332512826785,364391650086.9119,12.0,0.0,0.0,0.0,0.0,0.0,0.0
own:12,6,0,595.2,631737842890.3978,631737842890.3978,2740.1546026513197,1613734450384.8958,12.0,0.0,0.0,0.0,0.0,0.0,0.0
own:12,6,1,148.8,315868921445.1989,315868921445.1989,1370.0773013256598,403433612596.22394,12.0,0.0,0.0,0.0,0.0,0.0,0.0
own:12,7,0,576.0,307207999405.5725,307207999405.5725,1332.5106656441499,1561678500372.4797,12.0,0.0,0.0,0.0,0.0,0.0,0.0
own:12,7,1,144.0,153603999702.78625,153603999702.78625,666.2553328220749,390419625093.11993,12.0,0.0,0.0,0.0,0.0,0.0,0.0
own:12,8,0,595.2,319035507382.687,319035507382.687,1383.8123262714496,1613734450384.8958,12.0,0.0,0.0,0.0,0.0,0.0,0.0
own:12,8,1,148.8,159517753691.3435,159517753691.3435,691.9061631357248,403433612596.22394,12.0,0.0,0.0,0.0,0.0,0.0,0.0
own:12,9,0,576.0,310287759599.61334,310287759599.61334,1345.8690850672324,1561678500372.4797,12.0,0.0,0.0,0.0,0.0,0.0,0.0
own:12,9,1,144.0,155143879799.80667,155143879799.80667,672.9345425336162,390419625093.11993,12.0,0.0,0.0,0.0,0.0,0.0,0.0
own:12,10,0,595.2,322233838344.19836,322233838344.19836,1397.6850448423204,1613734450384.8958,12.0,0.0,0.0,0.0,0.0,0.0,0.0
own:12,10,1,148.8,161116919172.09918,161116919172.09918,698.8425224211602,403433612596.22394,12.0,0.0,0.0,0.0,0.0,0.0,0.0
own:12,11,0,595.2,323845007535.9194,323845007535.9194,1404.673470066532,1613734450384.8958,12.0,0.0,0.0,0.0,0.0,0.0,0.0
own:12,11,1,148.8,161922503767.9597,161922503767.9597,702.336735033266,403433612596.22394,12.0,0.0,0.0,0.0,0.0,0.0,0.0
own:12,12,0,576.0,314965386361.54736,314965386361.54736,1366.158229758256,1561678500372.4797,12.0,0.0,0.0,0.0,0.0,0.0,0.0
own:12,12,1,144.0,157482693180.77368,157482693180.77368,683.079114879128,390419625093.11993,12.0,0.0,0.0,0.0,0.0,0.0,0.0
own:12,13,0,595.2,327091553736.46686,327091553736.46686,1418.7553216039487,1613734450384.8958,12.0,0.0,0.0,0.0,0.0,0.0,0.0
own:12,13,1,148.8,163545776868.23343,163545776868.23343,709.3776608019743,403433612596.22394,12.0,0.0,0.0,0.0,0.0,0.0,0.0
own:12,14,0,576.0,318122914359.8218,318122914359.8218,1379.853966011582,1561678500372.4797,12.0,0.0,0.0,0.0,0.0,0.0,0.0
own:12,14,1,144.0,159061457179.9109,159061457179.9109,689.926983005791,390419625093.11993,12.0,0.0,0.0,0.0,0.0,0.0,0.0
own:12,15,0,595.2,330370646562.67487,330370646562.67487,1432.9783437030278,1613734450384.8958,12.0,0.0,0.0,0.0,0.0,0.0,0.0
own:12,15,1,148.8,165185323281.33743,165185323281.33743,716.4891718515139,403433612596.22394,12.0,0.0,0.0,0.0,0.0,0.0,0.0
own:12,16,0,595.2,332022499795.4882,332022499795.4882,1440.1432354215428,1613734450384.8958,12.0,0.0,0.0,0.0,0.0,0.0,0.0
own:12,16,1,148.8,166011249897.7441,166011249897.7441,720.0716177107714,403433612596.22394,12.0,0.0,0.0,0.0,0.0,0.0,0.0
own:12,17,0,556.8000000000001,312154701823.855,312154701823.855,1353.966922463254,1509622550360.064,12.0,0.0,0.0,0.0,0.0,0.0,0.0
own:12,17,1,139.20000000000002,156077350911.9275,156077350911.9275,676.983461231627,377405637590.016,12.0,0.0,0.0,0.0,0.0,0.0,0.0
own:12,18,0,595.2,335351025355.93787,335351025355.93787,1454.5806713566433,1613734450384.8958,12.0,0.0,0.0,0.0,0.0,0.0,0.0
own:12,18,1,148.8,167675512677.96893,167675512677.96893,727.2903356783216,403433612596.22394,12.0,0.0,0.0,0.0,0.0,0.0,0.0
own:12,19,0,576.0,326155916596.1783,326155916596.1783,1414.697007787187,1561678500372.4797,12.0,0.0,0.0,0.0,0.0,0.0,0.0
own:12,19,1,144.0,163077958298.08914,163077958298.08914,707.3485038935935,390419625093.11993,12.0,0.0,0.0,0.0,0.0,0.0,0.0
own:12,20,0,595.2,338712919385.1311,338712919385.1311,1469.1628425869935,1613734450384.8958,12.0,0.0,0.0,0.0,0.0,0.0,0.0
own:12,20,1,148.8,169356459692.56555,169356459692.56555,734.5814212934968,403433612596.22394,12.0,0.0,0.0,0.0,0.0,0.0,0.0
own:12,21,0,576.0,329425629660.0549,329425629660.0549,1428.8793452902532,1561678500372.4797,12.0,0.0,0.0,0.0,0.0,0.0,0.0
own:12,21,1,144.0,164712814830.02744,164712814830.02744,714.4396726451266,390419625093.11993,12.0,0.0,0.0,0.0,0.0,0.0,0.0
own:12,22,0,595.2,342108516401.967,342108516401.967,1483.891200083928,1613734450384.8958,12.0,0.0,0.0,0.0,0.0,0.0,0.0
own:12,22,1,148.8,171054258200.9835,171054258200.9835,741.945600041964,403433612596.22394,12.0,0.0,0.0,0.0,0.0,0.0,0.0
own:12,23,0,595.2,343819058983.97675,343819058983.97675,1491.310656084347,1613734450384.8958,12.0,0.0,0.0,0.0,0.0,0.0,0.0
own:12,23,1,148.8,171909529491.98837,171909529491.98837,745.6553280421736,403433612596.22394,12.0,0.0,0.0,0.0,0.0,0.0,0.0
own:12,24,0,576.0,334391762205.38385,334391762205.38385,1450.4198800304216,1561678500372.4797,12.0,0.0,0.0,0.0,0.0,0.0,0.0
own:12,24,1,144.0,167195881102.69193,167195881102.69193,725.2099400152108,390419625093.11993,12.0,0.0,0.0,0.0,0.0,0.0,0.0
own:12,25,0,595.2,347265845050.2911,347265845050.2911,1506.2610454115927,1613734450384.8958,12.0,0.0,0.0,0.0,0.0,0.0,0.0
own:12,25,1,148.8,173632922525.14554,173632922525.14554,753.1305227057964,403433612596.22394,12.0,0.0,0.0,0.0,0.0,0.0,0.0
own:12,26,0,576.0,337744039621.4927,337744039621.4927,1464.960339327726,1561678500372.4797,12.0,0.0,0.0,0.0,0.0,0.0,0.0
own:12,26,1,144.0,168872019810.74634,168872019810.74634,732.480169663863,390419625093.11993,12.0,0.0,0.0,0.0,0.0,0.0,0.0
own:12,27,0,595.2,350747185146.92017,350747185146.92017,1521.3613123918435,1613734450384.8958,12.0,0.0,0.0,0.0,0.0,0.0,0.0
own:12,27,1,148.8,175373592573.46008,175373592573.46008,760.6806561959218,403433612596.22394,12.0,0.0,0.0,0.0,0.0,0.0,0.0
own:12,28,0,595.2,352500921072.6547,352500921072.6547,1528.9681189538026,1613734450384.8958,12.0,0.0,0.0,0.0,0.0,0.0,0.0
own:12,28,1,148.8,176250460536.32736,176250460536.32736,764.4840594769013,403433612596.22394,12.0,0.0,0.0,0.0,0.0,0.0,0.0
own:12,29,0,537.6,319979868354.3388,319979868354.3388,1387.9084795922581,1457566600347.6477,12.0,0.0,0.0,0.0,0.0,0.0,0.0
own:12,29,1,134.4,159989934177.1694,159989934177.1694,693.9542397961291,364391650086.9119,12.0,0.0,0.0,0.0,0.0,0.0,0.0
own:12,30,0,595.2,356034742806.408,356034742806.408,1544.2960243463142,1613734450384.8958,12.0,0.0,0.0,0.0,0.0,0.0,0.0
own:12,30,1,148.8,178017371403.204,178017371403.204,772.1480121731571,403433612596.22394,12.0,0.0,0.0,0.0,0.0,0.0,0.0
own:12,31,0,576.0,346272499858.49036,346272499858.49036,1501.9524236787538,1561678500372.4797,12.0,0.0,0.0,0.0,0.0,0.0,0.0
own:12,31,1,144.0,173136249929.24518,173136249929.24518,750.9762118393769,390419625093.11993,12.0,0.0,0.0,0.0,0.0,0.0,0.0
own:12,32,0,595.2,359603991103.0422,359603991103.0422,1559.7775919903856,1613734450384.8958,12.0,0.0,0.0,0.0,0.0,0.0,0.0
own:12,32,1,148.8,179801995551.5211,179801995551.5211,779.8887959951928,403433612596.22394,12.0,0.0,0.0,0.0,0.0,0.0,0.0
own:12,33,0,576.0,349743881669.57166,349743881669.57166,1517.009496726133,1561678500372.4797,12.0,0.0,0.0,0.0,0.0,0.0,0.0
own:12,33,1,144.0,174871940834.78583,174871940834.78583,758.5047483630665,390419625093.11993,12.0,0.0,0.0,0.0,0.0,0.0,0.0
own:12,34,0,595.2,363209021113.8501,363209021113.8501,1575.4143623500888,1613734450384.8958,12.0,0.0,0.0,0.0,0.0,0.0,0.0
own:12,34,1,148.8,181604510556.92505,181604510556.92505,787.7071811750444,403433612596.22394,12.0,0.0,0.0,0.0,0.0,0.0,0.0
own:12,35,0,595.2,365025066219.4193,365025066219.4193,1583.291434161839,1613734450384.8958,12.0,0.0,0.0,0.0,0.0,0.0,0.0
own:12,35,1,148.8,182512533109.70966,182512533109.70966,791.6457170809196,403433612596.22394,12.0,0.0,0.0,0.0,0.0,0.0,0.0
own:12,36,0,576.0,355016314403.7255,355016314403.7255,1539.878604515466,1561678500372.4797,12.0,0.0,0.0,0.0,0.0,0.0,0.0
own:12,36,1,144.0,177508157201.86276,177508157201.86276,769.939302257733,390419625093.11993,12.0,0.0,0.0,0.0,0.0,0.0,0.0
own:13,1,0,595.2,616178562048.0001,616178562048.0001,2672.666426196395,1748212321250.304,13.0,0.0,0.0,0.0,0.0,0.0,0.0
own:13,1,1,148.8,308089281024.00006,308089281024.00006,1336.3332130981976,437053080312.576,13.0,0.0,0.0,0.0,0.0,0.0,0.0
own:13,2,0,576.0,599283343411.2001,599283343411.2001,2599.38363709101,1691818375403.5198,13.0,0.0,0.0,0.0,0.0,0.0,0.0
own:13,2,1,144.0,299641671705.60004,299641671705.60004,1299.691818545505,422954593850.87994,13.0,0.0,0.0,0.0,0.0,0.0,0.0
own:13,3,0,595.2,622355752132.5311,622355752132.5311,2699.459907119013,1748212321250.304,13.0,0.0,0.0,0.0,0.0,0.0,0.0
own:13,3,1,148.8,311177876066.26556,311177876066.26556,1349.7299535595066,437053080312.576,13.0,0.0,0.0,0.0,0.0,0.0,0.0
own:13,4,0,595.2,625467530893.1937,625467530893.1937,2712.957206654608,1748212321250.304,13.0,0.0,0.0,0.0,0.0,0.0,0.0
own:13,4,1,148.8,312733765446.59686,312733765446.59686,1356.478603327304,437053080312.576,13.0,0.0,0.0,0.0,0.0,0.0,0.0
own:13,5,0,537.6,567763107075.3055,567763107075.3055,2462.66502565357,1579030483709.952,13.0,0.0,0.0,0.0,0.0,0.0,0.0
own:13,5,1,134.4,283881553537.6528,283881553537.6528,1231.332512826785,394757620927.488,13.0,0.0,0.0,0.0,0.0,0.0,0.0
own:13,6,0,595.2,631737842890.3978,631737842890.3978,2740.1546026513197,1748212321250.304,13.0,0.0,0.0,0.0,0.0,0.0,0.0
own:13,6,1,148.8,315868921445.1989,315868921445.1989,1370.0773013256598,437053080312.576,13.0,0.0,0.0,0.0,0.0,0.0,0.0
own:13,7,0,576.0,307207999405.5725,307207999405.5725,1332.5106656441499,1691818375403.5198,13.0,0.0,0.0,0.0,0.0,0.0,0.0
own:13,7,1,144.0,153603999702.78625,153603999702.78625,666.2553328220749,422954593850.87994,13.0,0.0,0.0,0.0,0.0,0.0,0.0
own:13,8,0,595.2,319035507382.687,319035507382.687,1383.8123262714496,1748212321250.304,13.0,0.0,0.0,0.0,0.0,0.0,0.0
own:13,8,1,148.8,159517753691.3435,159517753691.3435,691.9061631357248,437053080312.576,13.0,0.0,0.0,0.0,0.0,0.0,0.0
own:13,9,0,576.0,310287759599.61334,310287759599.61334,1345.8690850672324,1691818375403.5198,13.0,0.0,0.0,0.0,0.0,0.0,0.0
own:13,9,1,144.0,155143879799.80667,155143879799.80667,672.9345425336162,422954593850.87994,13.0,0.0,0.0,0.0,0.0,0.0,0.0
own:13,10,0,595.2,322233838344.19836,322233838344.19836,1397.6850448423204,1748212321250.304,13.0,0.0,0.0,0.0,0.0,0.0,0.0
own:13,10,1,148.8,161116919172.09918,161116919172.09918,698.8425224211602,437053080312.576,13.0,0.0,0.0,0.0,0.0,0.0,0.0
own:13,11,0,595.2,323845007535.9194,323845007535.9194,1404.673470066532,1748212321250.304,13.0,0.0,0.0,0.0,0.0,0.0,0.0
own:13,11,1,148.8,161922503767.9597,161922503767.9597,702.336735033266,437053080312.576,13.0,0.0,0.0,0.0,0.0,0.0,0.0
own:13,12,0,576.0,314965386361.54736,314965386361.54736,1366.158229758256,1691818375403.5198,13.0,0.0,0.0,0.0,0.0,0.0,0.0
own:13,12,1,144.0,157482693180.77368,157482693180.77368,683.079114879128,422954593850.87994,13.0,0.0,0.0,0.0,0.0,0.0,0.0
own:13,13,0,595.2,327091553736.46686,327091553736.46686,1418.7553216039487,1748212321250.304,13.0,0.0,0.0,0.0,0.0,0.0,0.0
own:13,13,1,148.8,163545776868.23343,163545776868.23343,709.3776608019743,437053080312.576,13.0,0.0,0.0,0.0,0.0,0.0,0.0
own:13,14,0,576.0,318122914359.8218,318122914359.8218,1379.853966011582,1691818375403.5198,13.0,0.0,0.0,0.0,0.0,0.0,0.0
own:13,14,1,144.0,159061457179.9109,159061457179.9109,689.926983005791,422954593850.87994,13.0,0.0,0.0,0.0,0.0,0.0,0.0
own:13,15,0,595.2,330370646562.67487,330370646562.67487,1432.9783437030278,1748212321250.304,13.0,0.0,0.0,0.0,0.0,0.0,0.0
own:13,15,1,148.8,165185323281.33743,165185323281.33743,716.4891718515139,437053080312.576,13.0,0.0,0.0,0.0,0.0,0.0,0.0
own:13,16,0,595.2,332022499795.4882,332022499795.4882,1440.1432354215428,1748212321250.304,13.0,0.0,0.0,0.0,0.0,0.0,0.0
own:13,16,1,148.8,166011249897.7441,166011249897.7441,720.0716177107714,437053080312.576,13.0,0.0,0.0,0.0,0.0,0.0,0.0
own:13,17,0,556.8000000000001,312154701823.855,312154701823.855,1353.966922463254,1635424429556.7358,13.0,0.0,0.0,0.0,0.0,0.0,0.0
own:13,17,1,139.20000000000002,156077350911.9275,156077350911.9275,676.983461231627,408856107389.18396,13.0,0.0,0.0,0.0,0.0,0.0,0.0
own:13,18,0,595.2,335351025355.93787,335351025355.93787,1454.5806713566433,1748212321250.304,13.0,0.0,0.0,0.0,0.0,0.0,0.0
own:13,18,1,148.8,167675512677.96893,167675512677.96893,727.2903356783216,437053080312.576,13.0,0.0,0.0,0.0,0.0,0.0,0.0
own:13,19,0,576.0,326155916596.1783,326155916596.1783,1414.697007787187,1691818375403.5198,13.0,0.0,0.0,0.0,0.0,0.0,0.0
own:13,19,1,144.0,163077958298.08914,163077958298.08914,707.3485038935935,422954593850.87994,13.0,0.0,0.0,0.0,0.0,0.0,0.0
own:13,20,0,595.2,338712919385.1311,338712919385.1311,1469.1628425869935,1748212321250.304,13.0,0.0,0.0,0.0,0.0,0.0,0.0
own:13,20,1,148.8,169356459692.56555,169356459692.56555,734.5814212934968,437053080312.576,13.0,0.0,0.0,0.0,0.0,0.0,0.0
own:13,21,0,576.0,329425629660.0549,329425629660.0549,1428.8793452902532,1691818375403.5198,13.0,0.0,0.0,0.0,0.0,0.0,0.0
own:13,21,1,144.0,164712814830.02744,164712814830.02744,714.4396726451266,422954593850.87994,13.0,0.0,0.0,0.0,0.0,0.0,0.0
own:13,22,0,595.2,342108516401.967,342108516401.967,1483.891200083928,1748212321250.304,13.0,0.0,0.0,0.0,0.0,0.0,0.0
own:13,22,1,148.8,171054258200.9835,171054258200.9835,741.945600041964,437053080312.576,13.0,0.0,0.0,0.0,0.0,0.0,0.0
own:13,23,0,595.2,343819058983.97675,343819058983.97675,1491.310656084347,1748212321250.304,13.0,0.0,0.0,0.0,0.0,0.0,0.0
own:13,23,1,148.8,171909529491.98837,171909529491.98837,745.6553280421736,437053080312.576,13.0,0.0,0.0,0.0,0.0,0.0,0.0
own:13,24,0,576.0,334391762205.38385,334391762205.38385,1450.4198800304216,1691818375403.5198,13.0,0.0,0.0,0.0,0.0,0.0,0.0
own:13,24,1,144.0,167195881102.69193,167195881102.69193,725.2099400152108,422954593850.87994,13.0,0.0,0.0,0.0,0.0,0.0,0.0
own:13,25,0,595.2,347265845050.2911,347265845050.2911,1506.2610454115927,1748212321250.304,13.0,0.0,0.0,0.0,0.0,0.0,0.0
own:13,25,1,148.8,173632922525.14554,173632922525.14554,753.1305227057964,437053080312.576,13.0,0.0,0.0,0.0,0.0,0.0,0.0
own:13,26,0,576.0,337744039621.4927,337744039621.4927,1464.960339327726,1691818375403.5198,13.0,0.0,0.0,0.0,0.0,0.0,0.0
own:13,26,1,144.0,168872019810.74634,168872019810.74634,732.480169663863,422954593850.87994,13.0,0.0,0.0,0.0,0.0,0.0,0.0
own:13,27,0,595.2,350747185146.92017,350747185146.92017,1521.3613123918435,1748212321250.304,13.0,0.0,0.0,0.0,0.0,0.0,0.0
own:13,27,1,148.8,175373592573.46008,175373592573.46008,760.6806561959218,437053080312.576,13.0,0.0,0.0,0.0,0.0,0.0,0.0
own:13,28,0,595.2,352500921072.6547,352500921072.6547,1528.9681189538026,1748212321250.304,13.0,0.0,0.0,0.0,0.0,0.0,0.0
own:13,28,1,148.8,176250460536.32736,176250460536.32736,764.4840594769013,437053080312.576,13.0,0.0,0.0,0.0,0.0,0.0,0.0
own:13,29,0,537.6,319979868354.3388,319979868354.3388,1387.9084795922581,1579030483709.952,13.0,0.0,0.0,0.0,0.0,0.0,0.0
own:13,29,1,134.4,159989934177.1694,159989934177.1694,693.9542397961291,394757620927.488,13.0,0.0,0.0,0.0,0.0,0.0,0.0
own:13,30,0,595.2,356034742806.408,356034742806.408,1544.2960243463142,1748212321250.304,13.0,0.0,0.0,0.0,0.0,0.0,0.0
own:13,30,1,148.8,178017371403.204,178017371403.204,772.1480121731571,437053080312.576,13.0,0.0,0.0,0.0,0.0,0.0,0.0
own:13,31,0,576.0,346272499858.49036,346272499858.49036,1501.9524236787538,1691818375403.5198,13.0,0.0,0.0,0.0,0.0,0.0,0.0
own:13,31,1,144.0,173136249929.24518,173136249929.24518,750.9762118393769,422954593850.87994,13.0,0.0,0.0,0.0,0.0,0.0,0.0
own:13,32,0,595.2,359603991103.0422,359603991103.0422,1559.7775919903856,1748212321250.304,13.0,0.0,0.0,0.0,0.0,0.0,0.0
own:13,32,1,148.8,179801995551.5211,179801995551.5211,779.8887959951928,437053080312.576,13.0,0.0,0.0,0.0,0.0,0.0,0.0
own:13,33,0,576.0,349743881669.57166,349743881669.57166,1517.009496726133,1691818375403.5198,13.0,0.0,0.0,0.0,0.0,0.0,0.0
own:13,33,1,144.0,174871940834.78583,174871940834.78583,758.5047483630665,422954593850.87994,13.0,0.0,0.0,0.0,0.0,0.0,0.0
own:13,34,0,595.2,363209021113.8501,363209021113.8501,1575.4143623500888,1748212321250.304,13.0,0.0,0.0,0.0,0.0,0.0,0.0
own:13,34,1,148.8,181604510556.92505,181604510556.92505,787.7071811750444,437053080312.576,13.0,0.0,0.0,0.0,0.0,0.0,0.0
own:13,35,0,595.2,365025066219.4193,365025066219.4193,1583.291434161839,1748212321250.304,13.0,0.0,0.0,0.0,0.0,0.0,0.0
own:13,35,1,148.8,182512533109.70966,182512533109.70966,791.6457170809196,437053080312.576,13.0,0.0,0.0,0.0,0.0,0.0,0.0
own:13,36,0,576.0,355016314403.7255,355016314403.7255,1539.878604515466,1691818375403.5198,13.0,0.0,0.0,0.0,0.0,0.0,0.0
own:13,36,1,144.0,177508157201.86276,177508157201.86276,769.939302257733,422954593850.87994,13.0,0.0,0.0,0.0,0.0,0.0,0.0
own:14,1,0,595.2,616178562048.0001,616178562048.0001,2672.666426196395,1882690192115.712,14.0,0.0,0.0,0.0,0.0,0.0,0.0
own:14,1,1,148.8,308089281024.00006,308089281024.00006,1336.3332130981976,470672548028.928,14.0,0.0,0.0,0.0,0.0,0.0,0.0
own:14,2,0,576.0,599283343411.2001,599283343411.2001,2599.38363709101,1821958250434.5596,14.0,0.0,0.0,0.0,0.0,0.0,0.0
own:14,2,1,144.0,299641671705.60004,299641671705.60004,1299.691818545505,455489562608.6399,14.0,0.0,0.0,0.0,0.0,0.0,0.0
own:14,3,0,595.2,622355752132.5311,622355752132.5311,2699.459907119013,1882690192115.712,14.0,0.0,0.0,0.0,0.0,0.0,0.0
own:14,3,1,148.8,311177876066.26556,311177876066.26556,1349.7299535595066,470672548028.928,14.0,0.0,0.0,0.0,0.0,0.0,0.0
own:14,4,0,595.2,625467530893.1937,625467530893.1937,2712.957206654608,1882690192115.712,14.0,0.0,0.0,0.0,0.0,0.0,0.0
own:14,4,1,148.8,312733765446.59686,312733765446.59686,1356.478603327304,470672548028.928,14.0,0.0,0.0,0.0,0.0,0.0,0.0
own:14,5,0,537.6,567763107075.3055,567763107075.3055,2462.66502565357,1700494367072.2559,14.0,0.0,0.0,0.0,0.0,0.0,0.0
own:14,5,1,134.4,283881553537.6528,283881553537.6528,1231.332512826785,425123591768.06396,14.0,0.0,0.0,0.0,0.0,0.0,0.0
own:14,6,0,595.2,631737842890.3978,631737842890.3978,2740.1546026513197,1882690192115.712,14.0,0.0,0.0,0.0,0.0,0.0,0.0
own:14,6,1,148.8,315868921445.1989,315868921445.1989,1370.0773013256598,470672548028.928,14.0,0.0,0.0,0.0,0.0,0.0,0.0
own:14,7,0,576.0,307207999405.5725,307207999405.5725,1332.5106656441499,1821958250434.5596,14.0,0.0,0.0,0.0,0.0,0.0,0.0
own:14,7,1,144.0,153603999702.78625,153603999702.78625,666.2553328220749,455489562608.6399,14.0,0.0,0.0,0.0,0.0,0.0,0.0
own:14,8,0,595.2,319035507382.687,319035507382.687,1383.8123262714496,1882690192115.712,14.0,0.0,0.0,0.0,0.0,0.0,0.0
own:14,8,1,148.8,159517753691.3435,159517753691.3435,691.9061631357248,470672548028.928,14.0,0.0,0.0,0.0,0.0,0.0,0.0
own:14,9,0,576.0,310287759599.61334,310287759599.61334,1345.8690850672324,1821958250434.5596,14.0,0.0,0.0,0.0,0.0,0.0,0.0
own:14,9,1,144.0,155143879799.80667,155143879799.80667,672.9345425336162,455489562608.6399,14.0,0.0,0.0,0.0,0.0,0.0,0.0
own:14,10,0,595.2,322233838344.19836,322233838344.19836,1397.6850448423204,1882690192115.712,14.0,0.0,0.0,0.0,0.0,0.0,0.0
own:14,10,1,148.8,161116919172.09918,161116919172.09918,698.8425224211602,470672548028.928,14.0,0.0,0.0,0.0,0.0,0.0,0.0
own:14,11,0,595.2,323845007535.9194,323845007535.9194,1404.673470066532,1882690192115.712,14.0,0.0,0.0,0.0,0.0,0.0,0.0
own:14,11,1,148.8,161922503767.9597,161922503767.9597,702.336735033266,470672548028.928,14.0,0.0,0.0,0.0,0.0,0.0,0.0
own:14,12,0,576.0,314965386361.54736,314965386361.54736,1366.158229758256,1821958250434.5596,14.0,0.0,0.0,0.0,0.0,0.0,0.0
own:14,12,1,144.0,157482693180.77368,157482693180.77368,683.079114879128,455489562608.6399,14.0,0.0,0.0,0.0,0.0,0.0,0.0
own:14,13,0,595.2,327091553736.46686,327091553736.46686,1418.7553216039487,1882690192115.712,14.0,0.0,0.0,0.0,0.0,0.0,0.0
own:14,13,1,148.8,163545776868.23343,163545776868.23343,709.3776608019743,470672548028.928,14.0,0.0,0.0,0.0,0.0,0.0,0.0
own:14,14,0,576.0,318122914359.8218,318122914359.8218,1379.853966011582,1821958250434.5596,14.0,0.0,0.0,0.0,0.0,0.0,0.0
own:14,14,1,144.0,159061457179.9109,159061457179.9109,689.926983005791,455489562608.6399,14.0,0.0,0.0,0.0,0.0,0.0,0.0
own:14,15,0,595.2,330370646562.67487,330370646562.67487,1432.9783437030278,1882690192115.712,14.0,0.0,0.0,0.0,0.0,0.0,0.0
own:14,15,1,148.8,165185323281.33743,165185323281.33743,716.4891718515139,470672548028.928,14.0,0.0,0.0,0.0,0.0,0.0,0.0
own:14,16,0,595.2,332022499795.4882,332022499795.4882,1440.1432354215428,1882690192115.712,14.0,0.0,0.0,0.0,0.0,0.0,0.0
own:14,16,1,148.8,166011249897.7441,166011249897.7441,720.0716177107714,470672548028.928,14.0,0.0,0.0,0.0,0.0,0.0,0.0
own:14,17,0,556.8000000000001,312154701823.855,312154701823.855,1353.966922463254,1761226308753.408,14.0,0.0,0.0,0.0,0.0,0.0,0.0
own:14,17,1,139.20000000000002,156077350911.9275,156077350911.9275,676.983461231627,440306577188.352,14.0,0.0,0.0,0.0,0.0,0.0,0.0
own:14,18,0,595.2,335351025355.93787,335351025355.93787,1454.5806713566433,1882690192115.712,14.0,0.0,0.0,0.0,0.0,0.0,0.0
own:14,18,1,148.8,167675512677.96893,167675512677.96893,727.2903356783216,470672548028.928,14.0,0.0,0.0,0.0,0.0,0.0,0.0
own:14,19,0,576.0,326155916596.1783,326155916596.1783,1414.697007787187,1821958250434.5596,14.0,0.0,0.0,0.0,0.0,0.0,0.0
own:14,19,1,144.0,163077958298.08914,163077958298.08914,707.3485038935935,455489562608.6399,14.0,0.0,0.0,0.0,0.0,0.0,0.0
own:14,20,0,595.2,338712919385.1311,338712919385.1311,1469.1628425869935,1882690192115.712,14.0,0.0,0.0,0.0,0.0,0.0,0.0
own:14,20,1,148.8,169356459692.56555,169356459692.56555,734.5814212934968,470672548028.928,14.0,0.0,0.0,0.0,0.0,0.0,0.0
own:14,21,0,576.0,329425629660.0549,329425629660.0549,1428.8793452902532,1821958250434.5596,14.0,0.0,0.0,0.0,0.0,0.0,0.0
own:14,21,1,144.0,164712814830.02744,164712814830.02744,714.4396726451266,455489562608.6399,14.0,0.0,0.0,0.0,0.0,0.0,0.0
own:14,22,0,595.2,342108516401.967,342108516401.967,1483.891200083928,1882690192115.712,14.0,0.0,0.0,0.0,0.0,0.0,0.0
own:14,22,1,148.8,171054258200.9835,171054258200.9835,741.945600041964,470672548028.928,14.0,0.0,0.0,0.0,0.0,0.0,0.0
own:14,23,0,595.2,343819058983.97675,343819058983.97675,1491.310656084347,1882690192115.712,14.0,0.0,0.0,0.0,0.0,0.0,0.0
own:14,23,1,148.8,171909529491.98837,171909529491.98837,745.6553280421736,470672548028.928,14.0,0.0,0.0,0.0,0.0,0.0,0.0
own:14,24,0,576.0,334391762205.38385,334391762205.38385,1450.4198800304216,1821958250434.5596,14.0,0.0,0.0,0.0,0.0,0.0,0.0
own:14,24,1,144.0,167195881102.69193,167195881102.69193,725.2099400152108,455489562608.6399,14.0,0.0,0.0,0.0,0.0,0.0,0.0
own:14,25,0,595.2,347265845050.2911,347265845050.2911,1506.2610454115927,1882690192115.712,14.0,0.0,0.0,0.0,0.0,0.0,0.0
own:14,25,1,148.8,173632922525.14554,173632922525.14554,753.1305227057964,470672548028.928,14.0,0.0,0.0,0.0,0.0,0.0,0.0
own:14,26,0,576.0,337744039621.4927,337744039621.4927,1464.960339327726,1821958250434.5596,14.0,0.0,0.0,0.0,0.0,0.0,0.0
own:14,26,1,144.0,168872019810.74634,168872019810.74634,732.480169663863,455489562608.6399,14.0,0.0,0.0,0.0,0.0,0.0,0.0
own:14,27,0,595.2,350747185146.92017,350747185146.92017,1521.3613123918435,1882690192115.712,14.0,0.0,0.0,0.0,0.0,0.0,0.0
own:14,27,1,148.8,175373592573.46008,175373592573.46008,760.6806561959218,470672548028.928,14.0,0.0,0.0,0.0,0.0,0.0,0.0
own:14,28,0,595.2,352500921072.6547,352500921072.6547,1528.9681189538026,1882690192115.712,14.0,0.0,0.0,0.0,0.0,0.0,0.0
own:14,28,1,148.8,176250460536.32736,176250460536.32736,764.4840594769013,470672548028.928,14.0,0.0,0.0,0.0,0.0,0.0,0.0
own:14,29,0,537.6,319979868354.3388,319979868354.3388,1387.9084795922581,1700494367072.2559,14.0,0.0,0.0,0.0,0.0,0.0,0.0
own:14,29,1,134.4,159989934177.1694,159989934177.1694,693.9542397961291,425123591768.06396,14.0,0.0,0.0,0.0,0.0,0.0,0.0
own:14,30,0,595.2,356034742806.408,356034742806.408,1544.2960243463142,1882690192115.712,14.0,0.0,0.0,0.0,0.0,0.0,0.0
own:14,30,1,148.8,178017371403.204,178017371403.204,772.1480121731571,470672548028.928,14.0,0.0,0.0,0.0,0.0,0.0,0.0
own:14,31,0,576.0,346272499858.49036,346272499858.49036,1501.9524236787538,1821958250434.5596,14.0,0.0,0.0,0.0,0.0,0.0,0.0
own:14,31,1,144.0,173136249929.24518,173136249929.24518,750.9762118393769,455489562608.6399,14.0,0.0,0.0,0.0,0.0,0.0,0.0
own:14,32,0,595.2,359603991103.0422,359603991103.0422,1559.7775919903856,1882690192115.712,14.0,0.0,0.0,0.0,0.0,0.0,0.0
own:14,32,1,148.8,179801995551.5211,179801995551.5211,779.8887959951928,470672548028.928,14.0,0.0,0.0,0.0,0.0,0.0,0.0
own:14,33,0,576.0,349743881669.57166,349743881669.57166,1517.009496726133,1821958250434.5596,14.0,0.0,0.0,0.0,0.0,0.0,0.0
own:14,33,1,144.0,174871940834.78583,174871940834.78583,758.5047483630665,455489562608.6399,14.0,0.0,0.0,0.0,0.0,0.0,0.0
own:14,34,0,595.2,363209021113.8501,363209021113.8501,1575.4143623500888,1882690192115.712,14.0,0.0,0.0,0.0,0.0,0.0,0.0
own:14,34,1,148.8,181604510556.92505,181604510556.92505,787.7071811750444,470672548028.928,14.0,0.0,0.0,0.0,0.0,0.0,0.0
own:14,35,0,595.2,365025066219.4193,365025066219.4193,1583.291434161839,1882690192115.712,14.0,0.0,0.0,0.0,0.0,0.0,0.0
own:14,35,1,148.8,182512533109.70966,182512533109.70966,791.6457170809196,470672548028.928,14.0,0.0,0.0,0.0,0.0,0.0,0.0
own:14,36,0,576.0,355016314403.7255,355016314403.7255,1539.878604515466,1821958250434.5596,14.0,0.0,0.0,0.0,0.0,0.0,0.0
own:14,36,1,144.0,177508157201.86276,177508157201.86276,769.939302257733,455489562608.6399,14.0,0.0,0.0,0.0,0.0,0.0,0.0
own:15,1,0,595.2,616178562048.0001,616178562048.0001,2672.666426196395,2017168062981.1199,15.0,0.0,0.0,0.0,0.0,0.0,0.0
own:15,1,1,148.8,308089281024.00006,308089281024.00006,1336.3332130981976,504292015745.27997,15.0,0.0,0.0,0.0,0.0,0.0,0.0
own:15,2,0,576.0,599283343411.2001,599283343411.2001,2599.38363709101,1952098125465.5996,15.0,0.0,0.0,0.0,0.0,0.0,0.0
own:15,2,1,144.0,299641671705.60004,299641671705.60004,1299.691818545505,488024531366.3999,15.0,0.0,0.0,0.0,0.0,0.0,0.0
own:15,3,0,595.2,622355752132.5311,622355752132.5311,2699.459907119013,2017168062981.1199,15.0,0.0,0.0,0.0,0.0,0.0,0.0
own:15,3,1,148.8,311177876066.26556,311177876066.26556,1349.7299535595066,504292015745.27997,15.0,0.0,0.0,0.0,0.0,0.0,0.0
own:15,4,0,595.2,625467530893.1937,625467530893.1937,2712.957206654608,2017168062981.1199,15.0,0.0,0.0,0.0,0.0,0.0,0.0
own:15,4,1,148.8,312733765446.59686,312733765446.59686,1356.478603327304,504292015745.27997,15.0,0.0,0.0,0.0,0.0,0.0,0.0
own:15,5,0,537.6,567763107075.3055,567763107075.3055,2462.66502565357,1821958250434.5598,15.0,0.0,0.0,0.0,0.0,0.0,0.0
own:15,5,1,134.4,283881553537.6528,283881553537.6528,1231.332512826785,455489562608.63995,15.0,0.0,0.0,0.0,0.0,0.0,0.0
own:15,6,0,595.2,631737842890.3978,631737842890.3978,2740.1546026513197,2017168062981.1199,15.0,0.0,0.0,0.0,0.0,0.0,0.0
own:15,6,1,148.8,315868921445.1989,315868921445.1989,1370.0773013256598,504292015745.27997,15.0,0.0,0.0,0.0,0.0,0.0,0.0
own:15,7,0,576.0,307207999405.5725,307207999405.5725,1332.5106656441499,1952098125465.5996,15.0,0.0,0.0,0.0,0.0,0.0,0.0
own:15,7,1,144.0,153603999702.78625,153603999702.78625,666.2553328220749,488024531366.3999,15.0,0.0,0.0,0.0,0.0,0.0,0.0
own:15,8,0,595.2,319035507382.687,319035507382.687,1383.8123262714496,2017168062981.1199,15.0,0.0,0.0,0.0,0.0,0.0,0.0
own:15,8,1,148.8,159517753691.3435,159517753691.3435,691.9061631357248,504292015745.27997,15.0,0.0,0.0,0.0,0.0,0.0,0.0
own:15,9,0,576.0,310287759599.61334,310287759599.61334,1345.8690850672324,1952098125465.5996,15.0,0.0,0.0,0.0,0.0,0.0,0.0
own:15,9,1,144.0,155143879799.80667,155143879799.80667,672.9345425336162,488024531366.3999,15.0,0.0,0.0,0.0,0.0,0.0,0.0
own:15,10,0,595.2,322233838344.19836,322233838344.19836,1397.6850448423204,2017168062981.1199,15.0,0.0,0.0,0.0,0.0,0.0,0.0
own:15,10,1,148.8,161116919172.09918,161116919172.09918,698.8425224211602,504292015745.27997,15.0,0.0,0.0,0.0,0.0,0.0,0.0
own:15,11,0,595.2,323845007535.9194,323845007535.9194,1404.673470066532,2017168062981.1199,15.0,0.0,0.0,0.0,0.0,0.0,0.0
own:15,11,1,148.8,161922503767.9597,161922503767.9597,702.336735033266,504292015745.27997,15.0,0.0,0.0,0.0,0.0,0.0,0.0
own:15,12,0,576.0,314965386361.54736,314965386361.54736,1366.158229758256,1952098125465.5996,15.0,0.0,0.0,0.0,0.0,0.0,0.0
own:15,12,1,144.0,157482693180.77368,157482693180.77368,683.079114879128,488024531366.3999,15.0,0.0,0.0,0.0,0.0,0.0,0.0
own:15,13,0,595.2,327091553736.46686,327091553736.46686,1418.7553216039487,2017168062981.1199,15.0,0.0,0.0,0.0,0.0,0.0,0.0
own:15,13,1,148.8,163545776868.23343,163545776868.23343,709.3776608019743,504292015745.27997,15.0,0.0,0.0,0.0,0.0,0.0,0.0
own:15,14,0,576.0,318122914359.8218,318122914359.8218,1379.853966011582,1952098125465.5996,15.0,0.0,0.0,0.0,0.0,0.0,0.0
own:15,14,1,144.0,159061457179.9109,159061457179.9109,689.926983005791,488024531366.3999,15.0,0.0,0.0,0.0,0.0,0.0,0.0
own:15,15,0,595.2,330370646562.67487,330370646562.67487,1432.9783437030278,2017168062981.1199,15.0,0.0,0.0,0.0,0.0,0.0,0.0
own:15,15,1,148.8,165185323281.33743,165185323281.33743,716.4891718515139,504292015745.27997,15.0,0.0,0.0,0.0,0.0,0.0,0.0
own:15,16,0,595.2,332022499795.4882,332022499795.4882,1440.1432354215428,2017168062981.1199,15.0,0.0,0.0,0.0,0.0,0.0,0.0
own:15,16,1,148.8,166011249897.7441,166011249897.7441,720.0716177107714,504292015745.27997,15.0,0.0,0.0,0.0,0.0,0.0,0.0
own:15,17,0,556.8000000000001,312154701823.855,312154701823.855,1353.966922463254,1887028187950.0798,15.0,0.0,0.0,0.0,0.0,0.0,0.0
own:15,17,1,139.20000000000002,156077350911.9275,156077350911.9275,676.983461231627,471757046987.51996,15.0,0.0,0.0,0.0,0.0,0.0,0.0
own:15,18,0,595.2,335351025355.93787,335351025355.93787,1454.5806713566433,2017168062981.1199,15.0,0.0,0.0,0.0,0.0,0.0,0.0
own:15,18,1,148.8,167675512677.96893,167675512677.96893,727.2903356783216,504292015745.27997,15.0,0.0,0.0,0.0,0.0,0.0,0.0
own:15,19,0,576.0,326155916596.1783,326155916596.1783,1414.697007787187,1952098125465.5996,15.0,0.0,0.0,0.0,0.0,0.0,0.0
own:15,19,1,144.0,163077958298.08914,163077958298.08914,707.3485038935935,488024531366.3999,15.0,0.0,0.0,0.0,0.0,0.0,0.0
own:15,20,0,595.2,338712919385.1311,338712919385.1311,1469.1628425869935,2017168062981.1199,15.0,0.0,0.0,0.0,0.0,0.0,0.0
own:15,20,1,148.8,169356459692.56555,169356459692.56555,734.5814212934968,504292015745.27997,15.0,0.0,0.0,0.0,0.0,0.0,0.0
own:15,21,0,576.0,329425629660.0549,329425629660.0549,1428.8793452902532,1952098125465.5996,15.0,0.0,0.0,0.0,0.0,0.0,0.0
own:15,21,1,144.0,164712814830.02744,164712814830.02744,714.4396726451266,488024531366.3999,15.0,0.0,0.0,0.0,0.0,0.0,0.0
own:15,22,0,595.2,342108516401.967,342108516401.967,1483.891200083928,2017168062981.1199,15.0,0.0,0.0,0.0,0.0,0.0,0.0
own:15,22,1,148.8,171054258200.9835,171054258200.9835,741.945600041964,504292015745.27997,15.0,0.0,0.0,0.0,0.0,0.0,0.0
own:15,23,0,595.2,343819058983.97675,343819058983.97675,1491.310656084347,2017168062981.1199,15.0,0.0,0.0,0.0,0.0,0.0,0.0
own:15,23,1,148.8,171909529491.98837,171909529491.98837,745.6553280421736,504292015745.27997,15.0,0.0,0.0,0.0,0.0,0.0,0.0
own:15,24,0,576.0,334391762205.38385,334391762205.38385,1450.4198800304216,1952098125465.5996,15.0,0.0,0.0,0.0,0.0,0.0,0.0
own:15,24,1,144.0,167195881102.69193,167195881102.69193,725.2099400152108,488024531366.3999,15.0,0.0,0.0,0.0,0.0,0.0,0.0
own:15,25,0,595.2,347265845050.2911,347265845050.2911,1506.2610454115927,2017168062981.1199,15.0,0.0,0.0,0.0,0.0,0.0,0.0
own:15,25,1,148.8,173632922525.14554,173632922525.14554,753.1305227057964,504292015745.27997,15.0,0.0,0.0,0.0,0.0,0.0,0.0
own:15,26,0,576.0,337744039621.4927,337744039621.4927,1464.960339327726,1952098125465.5996,15.0,0.0,0.0,0.0,0.0,0.0,0.0
own:15,26,1,144.0,168872019810.74634,168872019810.74634,732.480169663863,488024531366.3999,15.0,0.0,0.0,0.0,0.0,0.0,0.0
own:15,27,0,595.2,350747185146.92017,350747185146.92017,1521.3613123918435,2017168062981.1199,15.0,0.0,0.0,0.0,0.0,0.0,0.0
own:15,27,1,148.8,175373592573.46008,175373592573.46008,760.6806561959218,504292015745.27997,15.0,0.0,0.0,0.0,0.0,0.0,0.0
own:15,28,0,595.2,352500921072.6547,352500921072.6547,1528.9681189538026,2017168062981.1199,15.0,0.0,0.0,0.0,0.0,0.0,0.0
own:15,28,1,148.8,176250460536.32736,176250460536.32736,764.4840594769013,504292015745.27997,15.0,0.0,0.0,0.0,0.0,0.0,0.0
own:15,29,0,537.6,319979868354.3388,319979868354.3388,1387.9084795922581,1821958250434.5598,15.0,0.0,0.0,0.0,0.0,0.0,0.0
own:15,29,1,134.4,159989934177.1694,159989934177.1694,693.9542397961291,455489562608.63995,15.0,0.0,0.0,0.0,0.0,0.0,0.0
own:15,30,0,595.2,356034742806.408,356034742806.408,1544.2960243463142,2017168062981.1199,15.0,0.0,0.0,0.0,0.0,0.0,0.0
own:15,30,1,148.8,178017371403.204,178017371403.204,772.1480121731571,504292015745.27997,15.0,0.0,0.0,0.0,0.0,0.0,0.0
own:15,31,0,576.0,346272499858.49036,346272499858.49036,1501.9524236787538,1952098125465.5996,15.0,0.0,0.0,0.0,0.0,0.0,0.0
own:15,31,1,144.0,173136249929.24518,173136249929.24518,750.9762118393769,488024531366.3999,15.0,0.0,0.0,0.0,0.0,0.0,0.0
own:15,32,0,595.2,359603991103.0422,359603991103.0422,1559.7775919903856,2017168062981.1199,15.0,0.0,0.0,0.0,0.0,0.0,0.0
own:15,32,1,148.8,179801995551.5211,179801995551.5211,779.8887959951928,504292015745.27997,15.0,0.0,0.0,0.0,0.0,0.0,0.0
own:15,33,0,576.0,349743881669.57166,349743881669.57166,1517.009496726133,1952098125465.5996,15.0,0.0,0.0,0.0,0.0,0.0,0.0
own:15,33,1,144.0,174871940834.78583,174871940834.78583,758.5047483630665,488024531366.3999,15.0,0.0,0.0,0.0,0.0,0.0,0.0
own:15,34,0,595.2,363209021113.8501,363209021113.8501,1575.4143623500888,2017168062981.1199,15.0,0.0,0.0,0.0,0.0,0.0,0.0
own:15,34,1,148.8,181604510556.92505,181604510556.92505,787.7071811750444,504292015745.27997,15.0,0.0,0.0,0.0,0.0,0.0,0.0
own:15,35,0,595.2,365025066219.4193,365025066219.4193,1583.291434161839,2017168062981.1199,15.0,0.0,0.0,0.0,0.0,0.0,0.0
own:15,35,1,148.8,182512533109.70966,182512533109.70966,791.6457170809196,504292015745.27997,15.0,0.0,0.0,0.0,0.0,0.0,0.0
own:15,36,0,576.0,355016314403.7255,355016314403.7255,1539.878604515466,1952098125465.5996,15.0,0.0,0.0,0.0,0.0,0.0,0.0
own:15,36,1,144.0,177508157201.86276,177508157201.86276,769.939302257733,488024531366.3999,15.0,0.0,0.0,0.0,0.0,0.0,0.0
own:16,1,0,595.2,616178562048.0001,616178562048.0001,2672.666426196395,2151645933846.5278,16.0,0.0,0.0,0.0,0.0,0.0,0.0
own:16,1,1,148.8,308089281024.00006,308089281024.00006,1336.3332130981976,537911483461.63196,16.0,0.0,0.0,0.0,0.0,0.0,0.0
own:16,2,0,576.0,599283343411.2001,599283343411.2001,2599.38363709101,2082238000496.6396,16.0,0.0,0.0,0.0,0.0,0.0,0.0
own:16,2,1,144.0,299641671705.60004,299641671705.60004,1299.691818545505,520559500124.1599,16.0,0.0,0.0,0.0,0.0,0.0,0.0
own:16,3,0,595.2,622355752132.5311,622355752132.5311,2699.459907119013,2151645933846.5278,16.0,0.0,0.0,0.0,0.0,0.0,0.0
own:16,3,1,148.8,311177876066.26556,311177876066.26556,1349.7299535595066,537911483461.63196,16.0,0.0,0.0,0.0,0.0,0.0,0.0
own:16,4,0,595.2,625467530893.1937,625467530893.1937,2712.957206654608,2151645933846.5278,16.0,0.0,0.0,0.0,0.0,0.0,0.0
own:16,4,1,148.8,312733765446.59686,312733765446.59686,1356.478603327304,537911483461.63196,16.0,0.0,0.0,0.0,0.0,0.0,0.0
own:16,5,0,537.6,567763107075.3055,567763107075.3055,2462.66502565357,1943422133796.8638,16.0,0.0,0.0,0.0,0.0,0.0,0.0
own:16,5,1,134.4,283881553537.6528,283881553537.6528,1231.332512826785,485855533449.21594,16.0,0.0,0.0,0.0,0.0,0.0,0.0
own:16,6,0,595.2,631737842890.3978,631737842890.3978,2740.1546026513197,2151645933846.5278,16.0,0.0,0.0,0.0,0.0,0.0,0.0
own:16,6,1,148.8,315868921445.1989,315868921445.1989,1370.0773013256598,537911483461.63196,16.0,0.0,0.0,0.0,0.0,0.0,0.0
own:16,7,0,576.0,307207999405.5725,307207999405.5725,1332.5106656441499,2082238000496.6396,16.0,0.0,0.0,0.0,0.0,0.0,0.0
own:16,7,1,144.0,153603999702.78625,153603999702.78625,666.2553328220749,520559500124.1599,16.0,0.0,0.0,0.0,0.0,0.0,0.0
own:16,8,0,595.2,319035507382.687,319035507382.687,1383.8123262714496,2151645933846.5278,16.0,0.0,0.0,0.0,0.0,0.0,0.0
own:16,8,1,148.8,159517753691.3435,159517753691.3435,691.9061631357248,537911483461.63196,16.0,0.0,0.0,0.0,0.0,0.0,0.0
own:16,9,0,576.0,310287759599.61334,310287759599.61334,1345.8690850672324,2082238000496.6396,16.0,0.0,0.0,0.0,0.0,0.0,0.0
own:16,9,1,144.0,155143879799.80667,155143879799.80667,672.9345425336162,520559500124.1599,16.0,0.0,0.0,0.0,0.0,0.0,0.0
own:16,10,0,595.2,322233838344.19836,322233838344.19836,1397.6850448423204,2151645933846.5278,16.0,0.0,0.0,0.0,0.0,0.0,0.0
own:16,10,1,148.8,161116919172.09918,161116919172.09918,698.8425224211602,537911483461.63196,16.0,0.0,0.0,0.0,0.0,0.0,0.0
own:16,11,0,595.2,323845007535.9194,323845007535.9194,1404.673470066532,2151645933846.5278,16.0,0.0,0.0,0.0,0.0,0.0,0.0
own:16,11,1,148.8,161922503767.9597,161922503767.9597,702.336735033266,537911483461.63196,16.0,0.0,0.0,0.0,0.0,0.0,0.0
own:16,12,0,576.0,314965386361.54736,314965386361.54736,1366.158229758256,2082238000496.6396,16.0,0.0,0.0,0.0,0.0,0.0,0.0
own:16,12,1,144.0,157482693180.77368,157482693180.77368,683.079114879128,520559500124.1599,16.0,0.0,0.0,0.0,0.0,0.0,0.0
own:16,13,0,595.2,327091553736.46686,327091553736.46686,1418.7553216039487,2151645933846.5278,16.0,0.0,0.0,0.0,0.0,0.0,0.0
own:16,13,1,148.8,163545776868.23343,163545776868.23343,709.3776608019743,537911483461.63196,16.0,0.0,0.0,0.0,0.0,0.0,0.0
own:16,14,0,576.0,318122914359.8218,318122914359.8218,1379.853966011582,2082238000496.6396,16.0,0.0,0.0,0.0,0.0,0.0,0.0
own:16,14,1,144.0,159061457179.9109,159061457179.9109,689.926983005791,520559500124.1599,16.0,0.0,0.0,0.0,0.0,0.0,0.0
own:16,15,0,595.2,330370646562.67487,330370646562.67487,1432.9783437030278,2151645933846.5278,16.0,0.0,0.0,0.0,0.0,0.0,0.0
own:16,15,1,148.8,165185323281.33743,165185323281.33743,716.4891718515139,537911483461.63196,16.0,0.0,0.0,0.0,0.0,0.0,0.0
own:16,16,0,595.2,332022499795.4882,332022499795.4882,1440.1432354215428,2151645933846.5278,16.0,0.0,0.0,0.0,0.0,0.0,0.0
own:16,16,1,148.8,166011249897.7441,166011249897.7441,720.0716177107714,537911483461.63196,16.0,0.0,0.0,0.0,0.0,0.0,0.0
own:16,17,0,556.8000000000001,312154701823.855,312154701823.855,1353.966922463254,2012830067146.752,16.0,0.0,0.0,0.0,0.0,0.0,0.0
own:16,17,1,139.20000000000002,156077350911.9275,156077350911.9275,676.983461231627,503207516786.688,16.0,0.0,0.0,0.0,0.0,0.0,0.0
own:16,18,0,595.2,335351025355.93787,335351025355.93787,1454.5806713566433,2151645933846.5278,16.0,0.0,0.0,0.0,0.0,0.0,0.0
own:16,18,1,148.8,167675512677.96893,167675512677.96893,727.2903356783216,537911483461.63196,16.0,0.0,0.0,0.0,0.0,0.0,0.0
own:16,19,0,576.0,326155916596.1783,326155916596.1783,1414.697007787187,2082238000496.6396,16.0,0.0,0.0,0.0,0.0,0.0,0.0
own:16,19,1,144.0,163077958298.08914,163077958298.08914,707.3485038935935,520559500124.1599,16.0,0.0,0.0,0.0,0.0,0.0,0.0
own:16,20,0,595.2,338712919385.1311,338712919385.1311,1469.1628425869935,2151645933846.5278,16.0,0.0,0.0,0.0,0.0,0.0,0.0
own:16,20,1,148.8,169356459692.56555,169356459692.56555,734.5814212934968,537911483461.63196,16.0,0.0,0.0,0.0,0.0,0.0,0.0
own:16,21,0,576.0,329425629660.0549,329425629660.0549,1428.8793452902532,2082238000496.6396,16.0,0.0,0.0,0.0,0.0,0.0,0.0
own:16,21,1,144.0,164712814830.02744,164712814830.02744,714.4396726451266,520559500124.1599,16.0,0.0,0.0,0.0,0.0,0.0,0.0
own:16,22,0,595.2,342108516401.967,342108516401.967,1483.891200083928,2151645933846.5278,16.0,0.0,0.0,0.0,0.0,0.0,0.0
own:16,22,1,148.8,171054258200.9835,171054258200.9835,741.945600041964,537911483461.63196,16.0,0.0,0.0,0.0,0.0,0.0,0.0
own:16,23,0,595.2,343819058983.97675,343819058983.97675,1491.310656084347,2151645933846.5278,16.0,0.0,0.0,0.0,0.0,0.0,0.0
own:16,23,1,148.8,171909529491.98837,171909529491.98837,745.6553280421736,537911483461.63196,16.0,0.0,0.0,0.0,0.0,0.0,0.0
own:16,24,0,576.0,334391762205.38385,334391762205.38385,1450.4198800304216,2082238000496.6396,16.0,0.0,0.0,0.0,0.0,0.0,0.0
own:16,24,1,144.0,167195881102.69193,167195881102.69193,725.2099400152108,520559500124.1599,16.0,0.0,0.0,0.0,0.0,0.0,0.0
own:16,25,0,595.2,347265845050.2911,347265845050.2911,1506.2610454115927,2151645933846.5278,16.0,0.0,0.0,0.0,0.0,0.0,0.0
own:16,25,1,148.8,173632922525.14554,173632922525.14554,753.1305227057964,537911483461.63196,16.0,0.0,0.0,0.0,0.0,0.0,0.0
own:16,26,0,576.0,337744039621.4927,337744039621.4927,1464.960339327726,2082238000496.6396,16.0,0.0,0.0,0.0,0.0,0.0,0.0
own:16,26,1,144.0,168872019810.74634,168872019810.74634,732.480169663863,520559500124.1599,16.0,0.0,0.0,0.0,0.0,0.0,0.0
own:16,27,0,595.2,350747185146.92017,350747185146.92017,1521.3613123918435,2151645933846.5278,16.0,0.0,0.0,0.0,0.0,0.0,0.0
own:16,27,1,148.8,175373592573.46008,175373592573.46008,760.6806561959218,537911483461.63196,16.0,0.0,0.0,0.0,0.0,0.0,0.0
own:16,28,0,595.2,352500921072.6547,352500921072.6547,1528.9681189538026,2151645933846.5278,16.0,0.0,0.0,0.0,0.0,0.0,0.0
own:16,28,1,148.8,176250460536.32736,176250460536.32736,764.4840594769013,537911483461.63196,16.0,0.0,0.0,0.0,0.0,0.0,0.0
own:16,29,0,537.6,319979868354.3388,319979868354.3388,1387.9084795922581,1943422133796.8638,16.0,0.0,0.0,0.0,0.0,0.0,0.0
own:16,29,1,134.4,159989934177.1694,159989934177.1694,693.9542397961291,485855533449.21594,16.0,0.0,0.0,0.0,0.0,0.0,0.0
own:16,30,0,595.2,356034742806.408,356034742806.408,1544.2960243463142,2151645933846.5278,16.0,0.0,0.0,0.0,0.0,0.0,0.0
own:16,30,1,148.8,178017371403.204,178017371403.204,772.1480121731571,537911483461.63196,16.0,0.0,0.0,0.0,0.0,0.0,0.0
own:16,31,0,576.0,346272499858.49036,346272499858.49036,1501.9524236787538,2082238000496.6396,16.0,0.0,0.0,0.0,0.0,0.0,0.0
own:16,31,1,144.0,173136249929.24518,173136249929.24518,750.9762118393769,520559500124.1599,16.0,0.0,0.0,0.0,0.0,0.0,0.0
own:16,32,0,595.2,359603991103.0422,359603991103.0422,1559.7775919903856,2151645933846.5278,16.0,0.0,0.0,0.0,0.0,0.0,0.0
own:16,32,1,148.8,179801995551.5211,179801995551.5211,779.8887959951928,537911483461.63196,16.0,0.0,0.0,0.0,0.0,0.0,0.0
own:16,33,0,576.0,349743881669.57166,349743881669.57166,1517.009496726133,2082238000496.6396,16.0,0.0,0.0,0.0,0.0,0.0,0.0
own:16,33,1,144.0,174871940834.78583,174871940834.78583,758.5047483630665,520559500124.1599,16.0,0.0,0.0,0.0,0.0,0.0,0.0
own:16,34,0,595.2,363209021113.8501,363209021113.8501,1575.4143623500888,2151645933846.5278,16.0,0.0,0.0,0.0,0.0,0.0,0.0
own:16,34,1,148.8,181604510556.92505,181604510556.92505,787.7071811750444,537911483461.63196,16.0,0.0,0.0,0.0,0.0,0.0,0.0
own:16,35,0,595.2,365025066219.4193,365025066219.4193,1583.291434161839,2151645933846.5278,16.0,0.0,0.0,0.0,0.0,0.0,0.0
own:16,35,1,148.8,182512533109.70966,182512533109.70966,791.6457170809196,537911483461.63196,16.0,0.0,0.0,0.0,0.0,0.0,0.0
own:16,36,0,576.0,355016314403.7255,355016314403.7255,1539.878604515466,2082238000496.6396,16.0,0.0,0.0,0.0,0.0,0.0,0.0
own:16,36,1,144.0,177508157201.86276,177508157201.86276,769.939302257733,520559500124.1599,16.0,0.0,0.0,0.0,0.0,0.0,0.0
own:17,1,0,595.2,616178562048.0001,616178562048.0001,2672.666426196395,2286123804711.9355,17.0,0.0,0.0,0.0,0.0,0.0,0.0
own:17,1,1,148.8,308089281024.00006,308089281024.00006,1336.3332130981976,571530951177.9839,17.0,0.0,0.0,0.0,0.0,0.0,0.0
own:17,2,0,576.0,599283343411.2001,599283343411.2001,2599.38363709101,2212377875527.6797,17.0,0.0,0.0,0.0,0.0,0.0,0.0
own:17,2,1,144.0,299641671705.60004,299641671705.60004,1299.691818545505,553094468881.9199,17.0,0.0,0.0,0.0,0.0,0.0,0.0
own:17,3,0,595.2,622355752132.5311,622355752132.5311,2699.459907119013,2286123804711.9355,17.0,0.0,0.0,0.0,0.0,0.0,0.0
own:17,3,1,148.8,311177876066.26556,311177876066.26556,1349.7299535595066,571530951177.9839,17.0,0.0,0.0,0.0,0.0,0.0,0.0
own:17,4,0,595.2,625467530893.1937,625467530893.1937,2712.957206654608,2286123804711.9355,17.0,0.0,0.0,0.0,0.0,0.0,0.0
own:17,4,1,148.8,312733765446.59686,312733765446.59686,1356.478603327304,571530951177.9839,17.0,0.0,0.0,0.0,0.0,0.0,0.0
own:17,5,0,537.6,567763107075.3055,567763107075.3055,2462.66502565357,2064886017159.1677,17.0,0.0,0.0,0.0,0.0,0.0,0.0
own:17,5,1,134.4,283881553537.6528,283881553537.6528,1231.332512826785,516221504289.79193,17.0,0.0,0.0,0.0,0.0,0.0,0.0
own:17,6,0,595.2,631737842890.3978,631737842890.3978,2740.1546026513197,2286123804711.9355,17.0,0.0,0.0,0.0,0.0,0.0,0.0
own:17,6,1,148.8,315868921445.1989,315868921445.1989,1370.0773013256598,571530951177.9839,17.0,0.0,0.0,0.0,0.0,0.0,0.0
own:17,7,0,576.0,307207999405.5725,307207999405.5725,1332.5106656441499,2212377875527.6797,17.0,0.0,0.0,0.0,0.0,0.0,0.0
own:17,7,1,144.0,153603999702.78625,153603999702.78625,666.2553328220749,553094468881.9199,17.0,0.0,0.0,0.0,0.0,0.0,0.0
own:17,8,0,595.2,319035507382.687,319035507382.687,1383.8123262714496,2286123804711.9355,17.0,0.0,0.0,0.0,0.0,0.0,0.0
own:17,8,1,148.8,159517753691.3435,159517753691.3435,691.9061631357248,571530951177.9839,17.0,0.0,0.0,0.0,0.0,0.0,0.0
own:17,9,0,576.0,310287759599.61334,310287759599.61334,1345.8690850672324,2212377875527.6797,17.0,0.0,0.0,0.0,0.0,0.0,0.0
own:17,9,1,144.0,155143879799.80667,155143879799.80667,672.9345425336162,553094468881.9199,17.0,0.0,0.0,0.0,0.0,0.0,0.0
own:17,10,0,595.2,322233838344.19836,322233838344.19836,1397.6850448423204,2286123804711.9355,17.0,0.0,0.0,0.0,0.0,0.0,0.0
own:17,10,1,148.8,161116919172.09918,161116919172.09918,698.8425224211602,571530951177.9839,17.0,0.0,0.0,0.0,0.0,0.0,0.0
own:17,11,0,595.2,323845007535.9194,323845007535.9194,1404.673470066532,2286123804711.9355,17.0,0.0,0.0,0.0,0.0,0.0,0.0
own:17,11,1,148.8,161922503767.9597,161922503767.9597,702.336735033266,571530951177.9839,17.0,0.0,0.0,0.0,0.0,0.0,0.0
own:17,12,0,576.0,314965386361.54736,314965386361.54736,1366.158229758256,2212377875527.6797,17.0,0.0,0.0,0.0,0.0,0.0,0.0
own:17,12,1,144.0,157482693180.77368,157482693180.77368,683.079114879128,553094468881.9199,17.0,0.0,0.0,0.0,0.0,0.0,0.0
own:17,13,0,595.2,327091553736.46686,327091553736.46686,1418.7553216039487,2286123804711.9355,17.0,0.0,0.0,0.0,0.0,0.0,0.0
own:17,13,1,148.8,163545776868.23343,163545776868.23343,709.3776608019743,571530951177.9839,17.0,0.0,0.0,0.0,0.0,0.0,0.0
own:17,14,0,576.0,318122914359.8218,318122914359.8218,1379.853966011582,2212377875527.6797,17.0,0.0,0.0,0.0,0.0,0.0,0.0
own:17,14,1,144.0,159061457179.9109,159061457179.9109,689.926983005791,553094468881.9199,17.0,0.0,0.0,0.0,0.0,0.0,0.0
own:17,15,0,595.2,330370646562.67487,330370646562.67487,1432.9783437030278,2286123804711.9355,17.0,0.0,0.0,0.0,0.0,0.0,0.0
own:17,15,1,148.8,165185323281.33743,165185323281.33743,716.4891718515139,571530951177.9839,17.0,0.0,0.0,0.0,0.0,0.0,0.0
own:17,16,0,595.2,332022499795.4882,332022499795.4882,1440.1432354215428,2286123804711.9355,17.0,0.0,0.0,0.0,0.0,0.0,0.0
own:17,16,1,148.8,166011249897.7441,166011249897.7441,720.0716177107714,571530951177.9839,17.0,0.0,0.0,0.0,0.0,0.0,0.0
own:17,17,0,556.8000000000001,312154701823.855,312154701823.855,1353.966922463254,2138631946343.4238,17.0,0.0,0.0,0.0,0.0,0.0,0.0
own:17,17,1,139.20000000000002,156077350911.9275,156077350911.9275,676.983461231627,534657986585.85596,17.0,0.0,0.0,0.0,0.0,0.0,0.0
own:17,18,0,595.2,335351025355.93787,335351025355.93787,1454.5806713566433,2286123804711.9355,17.0,0.0,0.0,0.0,0.0,0.0,0.0
own:17,18,1,148.8,167675512677.96893,167675512677.96893,727.2903356783216,571530951177.9839,17.0,0.0,0.0,0.0,0.0,0.0,0.0
own:17,19,0,576.0,326155916596.1783,326155916596.1783,1414.697007787187,2212377875527.6797,17.0,0.0,0.0,0.0,0.0,0.0,0.0
own:17,19,1,144.0,163077958298.08914,163077958298.08914,707.3485038935935,553094468881.9199,17.0,0.0,0.0,0.0,0.0,0.0,0.0
own:17,20,0,595.2,338712919385.1311,338712919385.1311,1469.1628425869935,2286123804711.9355,17.0,0.0,0.0,0.0,0.0,0.0,0.0
own:17,20,1,148.8,169356459692.56555,169356459692.56555,734.5814212934968,571530951177.9839,17.0,0.0,0.0,0.0,0.0,0.0,0.0
own:17,21,0,576.0,329425629660.0549,329425629660.0549,1428.8793452902532,2212377875527.6797,17.0,0.0,0.0,0.0,0.0,0.0,0.0
own:17,21,1,144.0,164712814830.02744,164712814830.02744,714.4396726451266,553094468881.9199,17.0,0.0,0.0,0.0,0.0,0.0,0.0
own:17,22,0,595.2,342108516401.967,342108516401.967,1483.891200083928,2286123804711.9355,17.0,0.0,0.0,0.0,0.0,0.0,0.0
own:17,22,1,148.8,171054258200.9835,171054258200.9835,741.945600041964,571530951177.9839,17.0,0.0,0.0,0.0,0.0,0.0,0.0
own:17,23,0,595.2,343819058983.97675,343819058983.97675,1491.310656084347,2286123804711.9355,17.0,0.0,0.0,0.0,0.0,0.0,0.0
own:17,23,1,148.8,171909529491.98837,171909529491.98837,745.6553280421736,571530951177.9839,17.0,0.0,0.0,0.0,0.0,0.0,0.0
own:17,24,0,576.0,334391762205.38385,334391762205.38385,1450.4198800304216,2212377875527.6797,17.0,0.0,0.0,0.0,0.0,0.0,0.0
own:17,24,1,144.0,167195881102.69193,167195881102.69193,725.2099400152108,553094468881.9199,17.0,0.0,0.0,0.0,0.0,0.0,0.0
own:17,25,0,595.2,347265845050.2911,347265845050.2911,1506.2610454115927,2286123804711.9355,17.0,0.0,0.0,0.0,0.0,0.0,0.0
own:17,25,1,148.8,173632922525.14554,173632922525.14554,753.1305227057964,571530951177.9839,17.0,0.0,0.0,0.0,0.0,0.0,0.0
own:17,26,0,576.0,337744039621.4927,337744039621.4927,1464.960339327726,2212377875527.6797,17.0,0.0,0.0,0.0,0.0,0.0,0.0
own:17,26,1,144.0,168872019810.74634,168872019810.74634,732.480169663863,553094468881.9199,17.0,0.0,0.0,0.0,0.0,0.0,0.0
own:17,27,0,595.2,350747185146.92017,350747185146.92017,1521.3613123918435,2286123804711.9355,17.0,0.0,0.0,0.0,0.0,0.0,0.0
own:17,27,1,148.8,175373592573.46008,175373592573.46008,760.6806561959218,571530951177.9839,17.0,0.0,0.0,0.0,0.0,0.0,0.0
own:17,28,0,595.2,352500921072.6547,352500921072.6547,1528.9681189538026,2286123804711.9355,17.0,0.0,0.0,0.0,0.0,0.0,0.0
own:17,28,1,148.8,176250460536.32736,176250460536.32736,764.4840594769013,571530951177.9839,17.0,0.0,0.0,0.0,0.0,0.0,0.0
own:17,29,0,537.6,319979868354.3388,319979868354.3388,1387.9084795922581,2064886017159.1677,17.0,0.0,0.0,0.0,0.0,0.0,0.0
own:17,29,1,134.4,159989934177.1694,159989934177.1694,693.9542397961291,516221504289.79193,17.0,0.0,0.0,0.0,0.0,0.0,0.0
own:17,30,0,595.2,356034742806.408,356034742806.408,1544.2960243463142,2286123804711.9355,17.0,0.0,0.0,0.0,0.0,0.0,0.0
own:17,30,1,148.8,178017371403.204,178017371403.204,772.1480121731571,571530951177.9839,17.0,0.0,0.0,0.0,0.0,0.0,0.0
own:17,31,0,576.0,346272499858.49036,346272499858.49036,1501.9524236787538,2212377875527.6797,17.0,0.0,0.0,0.0,0.0,0.0,0.0
own:17,31,1,144.0,173136249929.24518,173136249929.24518,750.9762118393769,553094468881.9199,17.0,0.0,0.0,0.0,0.0,0.0,0.0
own:17,32,0,595.2,359603991103.0422,359603991103.0422,1559.7775919903856,2286123804711.9355,17.0,0.0,0.0,0.0,0.0,0.0,0.0
own:17,32,1,148.8,179801995551.5211,179801995551.5211,779.8887959951928,571530951177.9839,17.0,0.0,0.0,0.0,0.0,0.0,0.0
own:17,33,0,576.0,349743881669.57166,349743881669.57166,1517.009496726133,2212377875527.6797,17.0,0.0,0.0,0.0,0.0,0.0,0.0
own:17,33,1,144.0,174871940834.78583,174871940834.78583,758.5047483630665,553094468881.9199,17.0,0.0,0.0,0.0,0.0,0.0,0.0
own:17,34,0,595.2,363209021113.8501,363209021113.8501,1575.4143623500888,2286123804711.9355,17.0,0.0,0.0,0.0,0.0,0.0,0.0
own:17,34,1,148.8,181604510556.92505,181604510556.92505,787.7071811750444,571530951177.9839,17.0,0.0,0.0,0.0,0.0,0.0,0.0
own:17,35,0,595.2,365025066219.4193,365025066219.4193,1583.291434161839,2286123804711.9355,17.0,0.0,0.0,0.0,0.0,0.0,0.0
own:17,35,1,148.8,182512533109.70966,182512533109.70966,791.6457170809196,571530951177.9839,17.0,0.0,0.0,0.0,0.0,0.0,0.0
own:17,36,0,576.0,355016314403.7255,355016314403.7255,1539.878604515466,2212377875527.6797,17.0,0.0,0.0,0.0,0.0,0.0,0.0
own:17,36,1,144.0,177508157201.86276,177508157201.86276,769.939302257733,553094468881.9199,17.0,0.0,0.0,0.0,0.0,0.0,0.0
own:18,1,0,595.2,616178562048.0001,616178562048.0001,2672.666426196395,2420601675577.3438,18.0,0.0,0.0,0.0,0.0,0.0,0.0
own:18,1,1,148.8,308089281024.00006,308089281024.00006,1336.3332130981976,605150418894.3359,18.0,0.0,0.0,0.0,0.0,0.0,0.0
own:18,2,0,576.0,599283343411.2001,599283343411.2001,2599.38363709101,2342517750558.7197,18.0,0.0,0.0,0.0,0.0,0.0,0.0
own:18,2,1,144.0,299641671705.60004,299641671705.60004,1299.691818545505,585629437639.6799,18.0,0.0,0.0,0.0,0.0,0.0,0.0
own:18,3,0,595.2,622355752132.5311,622355752132.5311,2699.459907119013,2420601675577.3438,18.0,0.0,0.0,0.0,0.0,0.0,0.0
own:18,3,1,148.8,311177876066.26556,311177876066.26556,1349.7299535595066,605150418894.3359,18.0,0.0,0.0,0.0,0.0,0.0,0.0
own:18,4,0,595.2,625467530893.1937,625467530893.1937,2712.957206654608,2420601675577.3438,18.0,0.0,0.0,0.0,0.0,0.0,0.0
own:18,4,1,148.8,312733765446.59686,312733765446.59686,1356.478603327304,605150418894.3359,18.0,0.0,0.0,0.0,0.0,0.0,0.0
own:18,5,0,537.6,567763107075.3055,567763107075.3055,2462.66502565357,2186349900521.4717,18.0,0.0,0.0,0.0,0.0,0.0,0.0
own:18,5,1,134.4,283881553537.6528,283881553537.6528,1231.332512826785,546587475130.3679,18.0,0.0,0.0,0.0,0.0,0.0,0.0
own:18,6,0,595.2,631737842890.3978,631737842890.3978,2740.1546026513197,2420601675577.3438,18.0,0.0,0.0,0.0,0.0,0.0,0.0
own:18,6,1,148.8,315868921445.1989,315868921445.1989,1370.0773013256598,605150418894.3359,18.0,0.0,0.0,0.0,0.0,0.0,0.0
own:18,7,0,576.0,307207999405.5725,307207999405.5725,1332.5106656441499,2342517750558.7197,18.0,0.0,0.0,0.0,0.0,0.0,0.0
own:18,7,1,144.0,153603999702.78625,153603999702.78625,666.2553328220749,585629437639.6799,18.0,0.0,0.0,0.0,0.0,0.0,0.0
own:18,8,0,595.2,319035507382.687,319035507382.687,1383.8123262714496,2420601675577.3438,18.0,0.0,0.0,0.0,0.0,0.0,0.0
own:18,8,1,148.8,159517753691.3435,159517753691.3435,691.9061631357248,605150418894.3359,18.0,0.0,0.0,0.0,0.0,0.0,0.0
own:18,9,0,576.0,310287759599.61334,310287759599.61334,1345.8690850672324,2342517750558.7197,18.0,0.0,0.0,0.0,0.0,0.0,0.0
own:18,9,1,144.0,155143879799.80667,155143879799.80667,672.9345425336162,585629437639.6799,18.0,0.0,0.0,0.0,0.0,0.0,0.0
own:18,10,0,595.2,322233838344.19836,322233838344.19836,1397.6850448423204,2420601675577.3438,18.0,0.0,0.0,0.0,0.0,0.0,0.0
own:18,10,1,148.8,161116919172.09918,161116919172.09918,698.8425224211602,605150418894.3359,18.0,0.0,0.0,0.0,0.0,0.0,0.0
own:18,11,0,595.2,323845007535.9194,323845007535.9194,1404.673470066532,2420601675577.3438,18.0,0.0,0.0,0.0,0.0,0.0,0.0
own:18,11,1,148.8,161922503767.9597,161922503767.9597,702.336735033266,605150418894.3359,18.0,0.0,0.0,0.0,0.0,0.0,0.0
own:18,12,0,576.0,314965386361.54736,314965386361.54736,1366.158229758256,2342517750558.7197,18.0,0.0,0.0,0.0,0.0,0.0,0.0
own:18,12,1,144.0,157482693180.77368,157482693180.77368,683.079114879128,585629437639.6799,18.0,0.0,0.0,0.0,0.0,0.0,0.0
own:18,13,0,595.2,327091553736.46686,327091553736.46686,1418.7553216039487,2420601675577.3438,18.0,0.0,0.0,0.0,0.0,0.0,0.0
own:18,13,1,148.8,163545776868.23343,163545776868.23343,709.3776608019743,605150418894.3359,18.0,0.0,0.0,0.0,0.0,0.0,0.0
own:18,14,0,576.0,318122914359.8218,318122914359.8218,1379.853966011582,2342517750558.7197,18.0,0.0,0.0,0.0,0.0,0.0,0.0
own:18,14,1,144.0,159061457179.9109,159061457179.9109,689.926983005791,585629437639.6799,18.0,0.0,0.0,0.0,0.0,0.0,0.0
own:18,15,0,595.2,330370646562.67487,330370646562.67487,1432.9783437030278,2420601675577.3438,18.0,0.0,0.0,0.0,0.0,0.0,0.0
own:18,15,1,148.8,165185323281.33743,165185323281.33743,716.4891718515139,605150418894.3359,18.0,0.0,0.0,0.0,0.0,0.0,0.0
own:18,16,0,595.2,332022499795.4882,332022499795.4882,1440.1432354215428,2420601675577.3438,18.0,0.0,0.0,0.0,0.0,0.0,0.0
own:18,16,1,148.8,166011249897.7441,166011249897.7441,720.0716177107714,605150418894.3359,18.0,0.0,0.0,0.0,0.0,0.0,0.0
own:18,17,0,556.8000000000001,312154701823.855,312154701823.855,1353.966922463254,2264433825540.0957,18.0,0.0,0.0,0.0,0.0,0.0,0.0
own:18,17,1,139.20000000000002,156077350911.9275,156077350911.9275,676.983461231627,566108456385.0239,18.0,0.0,0.0,0.0,0.0,0.0,0.0
own:18,18,0,595.2,335351025355.93787,335351025355.93787,1454.5806713566433,2420601675577.3438,18.0,0.0,0.0,0.0,0.0,0.0,0.0
own:18,18,1,148.8,167675512677.96893,167675512677.96893,727.2903356783216,605150418894.3359,18.0,0.0,0.0,0.0,0.0,0.0,0.0
own:18,19,0,576.0,326155916596.1783,326155916596.1783,1414.697007787187,2342517750558.7197,18.0,0.0,0.0,0.0,0.0,0.0,0.0
own:18,19,1,144.0,163077958298.08914,163077958298.08914,707.3485038935935,585629437639.6799,18.0,0.0,0.0,0.0,0.0,0.0,0.0
own:18,20,0,595.2,338712919385.1311,338712919385.1311,1469.1628425869935,2420601675577.3438,18.0,0.0,0.0,0.0,0.0,0.0,0.0
own:18,20,1,148.8,169356459692.56555,169356459692.56555,734.5814212934968,605150418894.3359,18.0,0.0,0.0,0.0,0.0,0.0,0.0
own:18,21,0,576.0,329425629660.0549,329425629660.0549,1428.8793452902532,2342517750558.7197,18.0,0.0,0.0,0.0,0.0,0.0,0.0
own:18,21,1,144.0,164712814830.02744,164712814830.02744,714.4396726451266,585629437639.6799,18.0,0.0,0.0,0.0,0.0,0.0,0.0
own:18,22,0,595.2,342108516401.967,342108516401.967,1483.891200083928,2420601675577.3438,18.0,0.0,0.0,0.0,0.0,0.0,0.0
own:18,22,1,148.8,171054258200.9835,171054258200.9835,741.945600041964,605150418894.3359,18.0,0.0,0.0,0.0,0.0,0.0,0.0
own:18,23,0,595.2,343819058983.97675,343819058983.97675,1491.310656084347,2420601675577.3438,18.0,0.0,0.0,0.0,0.0,0.0,0.0
own:18,23,1,148.8,171909529491.98837,171909529491.98837,745.6553280421736,605150418894.3359,18.0,0.0,0.0,0.0,0.0,0.0,0.0
own:18,24,0,576.0,334391762205.38385,334391762205.38385,1450.4198800304216,2342517750558.7197,18.0,0.0,0.0,0.0,0.0,0.0,0.0
own:18,24,1,144.0,167195881102.69193,167195881102.69193,725.2099400152108,585629437639.6799,18.0,0.0,0.0,0.0,0.0,0.0,0.0
own:18,25,0,595.2,347265845050.2911,347265845050.2911,1506.2610454115927,2420601675577.3438,18.0,0.0,0.0,0.0,0.0,0.0,0.0
own:18,25,1,148.8,173632922525.14554,173632922525.14554,753.1305227057964,605150418894.3359,18.0,0.0,0.0,0.0,0.0,0.0,0.0
own:18,26,0,576.0,337744039621.4927,337744039621.4927,1464.960339327726,2342517750558.7197,18.0,0.0,0.0,0.0,0.0,0.0,0.0
own:18,26,1,144.0,168872019810.74634,168872019810.74634,732.480169663863,585629437639.6799,18.0,0.0,0.0,0.0,0.0,0.0,0.0
own:18,27,0,595.2,350747185146.92017,350747185146.92017,1521.3613123918435,2420601675577.3438,18.0,0.0,0.0,0.0,0.0,0.0,0.0
own:18,27,1,148.8,175373592573.46008,175373592573.46008,760.6806561959218,605150418894.3359,18.0,0.0,0.0,0.0,0.0,0.0,0.0
own:18,28,0,595.2,352500921072.6547,352500921072.6547,1528.9681189538026,2420601675577.3438,18.0,0.0,0.0,0.0,0.0,0.0,0.0
own:18,28,1,148.8,176250460536.32736,176250460536.32736,764.4840594769013,605150418894.3359,18.0,0.0,0.0,0.0,0.0,0.0,0.0
own:18,29,0,537.6,319979868354.3388,319979868354.3388,1387.9084795922581,2186349900521.4717,18.0,0.0,0.0,0.0,0.0,0.0,0.0
own:18,29,1,134.4,159989934177.1694,159989934177.1694,693.9542397961291,546587475130.3679,18.0,0.0,0.0,0.0,0.0,0.0,0.0
own:18,30,0,595.2,356034742806.408,356034742806.408,1544.2960243463142,2420601675577.3438,18.0,0.0,0.0,0.0,0.0,0.0,0.0
own:18,30,1,148.8,178017371403.204,178017371403.204,772.1480121731571,605150418894.3359,18.0,0.0,0.0,0.0,0.0,0.0,0.0
own:18,31,0,576.0,346272499858.49036,346272499858.49036,1501.9524236787538,2342517750558.7197,18.0,0.0,0.0,0.0,0.0,0.0,0.0
own:18,31,1,144.0,173136249929.24518,173136249929.24518,750.9762118393769,585629437639.6799,18.0,0.0,0.0,0.0,0.0,0.0,0.0
own:18,32,0,595.2,359603991103.0422,359603991103.0422,1559.7775919903856,2420601675577.3438,18.0,0.0,0.0,0.0,0.0,0.0,0.0
own:18,32,1,148.8,179801995551.5211,179801995551.5211,779.8887959951928,605150418894.3359,18.0,0.0,0.0,0.0,0.0,0.0,0.0
own:18,33,0,576.0,349743881669.57166,349743881669.57166,1517.009496726133,2342517750558.7197,18.0,0.0,0.0,0.0,0.0,0.0,0.0
own:18,33,1,144.0,174871940834.78583,174871940834.78583,758.5047483630665,585629437639.6799,18.0,0.0,0.0,0.0,0.0,0.0,0.0
own:18,34,0,595.2,363209021113.8501,363209021113.8501,1575.4143623500888,2420601675577.3438,18.0,0.0,0.0,0.0,0.0,0.0,0.0
own:18,34,1,148.8,181604510556.92505,181604510556.92505,787.7071811750444,605150418894.3359,18.0,0.0,0.0,0.0,0.0,0.0,0.0
own:18,35,0,595.2,365025066219.4193,365025066219.4193,1583.291434161839,2420601675577.3438,18.0,0.0,0.0,0.0,0.0,0.0,0.0
own:18,35,1,148.8,182512533109.70966,182512533109.70966,791.6457170809196,605150418894.3359,18.0,0.0,0.0,0.0,0.0,0.0,0.0
own:18,36,0,576.0,355016314403.7255,355016314403.7255,1539.878604515466,2342517750558.7197,18.0,0.0,0.0,0.0,0.0,0.0,0.0
own:18,36,1,144.0,177508157201.86276,177508157201.86276,769.939302257733,585629437639.6799,18.0,0.0,0.0,0.0,0.0,0.0,0.0
own:19,1,0,595.2,616178562048.0001,616178562048.0001,2672.666426196395,2555079546442.752,19.0,0.0,0.0,0.0,0.0,0.0,0.0
own:19,1,1,148.8,308089281024.00006,308089281024.00006,1336.3332130981976,638769886610.688,19.0,0.0,0.0,0.0,0.0,0.0,0.0
own:19,2,0,576.0,599283343411.2001,599283343411.2001,2599.38363709101,2472657625589.76,19.0,0.0,0.0,0.0,0.0,0.0,0.0
own:19,2,1,144.0,299641671705.60004,299641671705.60004,1299.691818545505,618164406397.44,19.0,0.0,0.0,0.0,0.0,0.0,0.0
own:19,3,0,595.2,622355752132.5311,622355752132.5311,2699.459907119013,2555079546442.752,19.0,0.0,0.0,0.0,0.0,0.0,0.0
own:19,3,1,148.8,311177876066.26556,311177876066.26556,1349.7299535595066,638769886610.688,19.0,0.0,0.0,0.0,0.0,0.0,0.0
own:19,4,0,595.2,625467530893.1937,625467530893.1937,2712.957206654608,2555079546442.752,19.0,0.0,0.0,0.0,0.0,0.0,0.0
own:19,4,1,148.8,312733765446.59686,312733765446.59686,1356.478603327304,638769886610.688,19.0,0.0,0.0,0.0,0.0,0.0,0.0
own:19,5,0,537.6,567763107075.3055,567763107075.3055,2462.66502565357,2307813783883.776,19.0,0.0,0.0,0.0,0.0,0.0,0.0
own:19,5,1,134.4,283881553537.6528,283881553537.6528,1231.332512826785,576953445970.944,19.0,0.0,0.0,0.0,0.0,0.0,0.0
own:19,6,0,595.2,631737842890.3978,631737842890.3978,2740.1546026513197,2555079546442.752,19.0,0.0,0.0,0.0,0.0,0.0,0.0
own:19,6,1,148.8,315868921445.1989,315868921445.1989,1370.0773013256598,638769886610.688,19.0,0.0,0.0,0.0,0.0,0.0,0.0
own:19,7,0,576.0,307207999405.5725,307207999405.5725,1332.5106656441499,2472657625589.76,19.0,0.0,0.0,0.0,0.0,0.0,0.0
own:19,7,1,144.0,153603999702.78625,153603999702.78625,666.2553328220749,618164406397.44,19.0,0.0,0.0,0.0,0.0,0.0,0.0
own:19,8,0,595.2,319035507382.687,319035507382.687,1383.8123262714496,2555079546442.752,19.0,0.0,0.0,0.0,0.0,0.0,0.0
own:19,8,1,148.8,159517753691.3435,159517753691.3435,691.9061631357248,638769886610.688,19.0,0.0,0.0,0.0,0.0,0.0,0.0
own:19,9,0,576.0,310287759599.61334,310287759599.61334,1345.8690850672324,2472657625589.76,19.0,0.0,0.0,0.0,0.0,0.0,0.0
own:19,9,1,144.0,155143879799.80667,155143879799.80667,672.9345425336162,618164406397.44,19.0,0.0,0.0,0.0,0.0,0.0,0.0
own:19,10,0,595.2,322233838344.19836,322233838344.19836,1397.6850448423204,2555079546442.752,19.0,0.0,0.0,0.0,0.0,0.0,0.0
own:19,10,1,148.8,161116919172.09918,161116919172.09918,698.8425224211602,638769886610.688,19.0,0.0,0.0,0.0,0.0,0.0,0.0
own:19,11,0,595.2,323845007535.9194,323845007535.9194,1404.673470066532,2555079546442.752,19.0,0.0,0.0,0.0,0.0,0.0,0.0
own:19,11,1,148.8,161922503767.9597,161922503767.9597,702.336735033266,638769886610.688,19.0,0.0,0.0,0.0,0.0,0.0,0.0
own:19,12,0,576.0,314965386361.54736,314965386361.54736,1366.158229758256,2472657625589.76,19.0,0.0,0.0,0.0,0.0,0.0,0.0
own:19,12,1,144.0,157482693180.77368,157482693180.77368,683.079114879128,618164406397.44,19.0,0.0,0.0,0.0,0.0,0.0,0.0
own:19,13,0,595.2,327091553736.46686,327091553736.46686,1418.7553216039487,2555079546442.752,19.0,0.0,0.0,0.0,0.0,0.0,0.0
own:19,13,1,148.8,163545776868.23343,163545776868.23343,709.3776608019743,638769886610.688,19.0,0.0,0.0,0.0,0.0,0.0,0.0
own:19,14,0,576.0,318122914359.8218,318122914359.8218,1379.853966011582,2472657625589.76,19.0,0.0,0.0,0.0,0.0,0.0,0.0
own:19,14,1,144.0,159061457179.9109,159061457179.9109,689.926983005791,618164406397.44,19.0,0.0,0.0,0.0,0.0,0.0,0.0
own:19,15,0,595.2,330370646562.67487,330370646562.67487,1432.9783437030278,2555079546442.752,19.0,0.0,0.0,0.0,0.0,0.0,0.0
own:19,15,1,148.8,165185323281.33743,165185323281.33743,716.4891718515139,638769886610.688,19.0,0.0,0.0,0.0,0.0,0.0,0.0
own:19,16,0,595.2,332022499795.4882,332022499795.4882,1440.1432354215428,2555079546442.752,19.0,0.0,0.0,0.0,0.0,0.0,0.0
own:19,16,1,148.8,166011249897.7441,166011249897.7441,720.0716177107714,638769886610.688,19.0,0.0,0.0,0.0,0.0,0.0,0.0
own:19,17,0,556.8000000000001,312154701823.855,312154701823.855,1353.966922463254,2390235704736.768,19.0,0.0,0.0,0.0,0.0,0.0,0.0
own:19,17,1,139.20000000000002,156077350911.9275,156077350911.9275,676.983461231627,597558926184.192,19.0,0.0,0.0,0.0,0.0,0.0,0.0
own:19,18,0,595.2,335351025355.93787,335351025355.93787,1454.5806713566433,2555079546442.752,19.0,0.0,0.0,0.0,0.0,0.0,0.0
own:19,18,1,148.8,167675512677.96893,167675512677.96893,727.2903356783216,638769886610.688,19.0,0.0,0.0,0.0,0.0,0.0,0.0
own:19,19,0,576.0,326155916596.1783,326155916596.1783,1414.697007787187,2472657625589.76,19.0,0.0,0.0,0.0,0.0,0.0,0.0
own:19,19,1,144.0,163077958298.08914,163077958298.08914,707.3485038935935,618164406397.44,19.0,0.0,0.0,0.0,0.0,0.0,0.0
own:19,20,0,595.2,338712919385.1311,338712919385.1311,1469.1628425869935,2555079546442.752,19.0,0.0,0.0,0.0,0.0,0.0,0.0
own:19,20,1,148.8,169356459692.56555,169356459692.56555,734.5814212934968,638769886610.688,19.0,0.0,0.0,0.0,0.0,0.0,0.0
own:19,21,0,576.0,329425629660.0549,329425629660.0549,1428.8793452902532,2472657625589.76,19.0,0.0,0.0,0.0,0.0,0.0,0.0
own:19,21,1,144.0,164712814830.02744,164712814830.02744,714.4396726451266,618164406397.44,19.0,0.0,0.0,0.0,0.0,0.0,0.0
own:19,22,0,595.2,342108516401.967,342108516401.967,1483.891200083928,2555079546442.752,19.0,0.0,0.0,0.0,0.0,0.0,0.0
own:19,22,1,148.8,171054258200.9835,171054258200.9835,741.945600041964,638769886610.688,19.0,0.0,0.0,0.0,0.0,0.0,0.0
own:19,23,0,595.2,343819058983.97675,343819058983.97675,1491.310656084347,2555079546442.752,19.0,0.0,0.0,0.0,0.0,0.0,0.0
own:19,23,1,148.8,171909529491.98837,171909529491.98837,745.6553280421736,638769886610.688,19.0,0.0,0.0,0.0,0.0,0.0,0.0
own:19,24,0,576.0,334391762205.38385,334391762205.38385,1450.4198800304216,2472657625589.76,19.0,0.0,0.0,0.0,0.0,0.0,0.0
own:19,24,1,144.0,167195881102.69193,167195881102.69193,725.2099400152108,618164406397.44,19.0,0.0,0.0,0.0,0.0,0.0,0.0
own:19,25,0,595.2,347265845050.2911,347265845050.2911,1506.2610454115927,2555079546442.752,19.0,0.0,0.0,0.0,0.0,0.0,0.0
own:19,25,1,148.8,173632922525.14554,173632922525.14554,753.1305227057964,638769886610.688,19.0,0.0,0.0,0.0,0.0,0.0,0.0
own:19,26,0,576.0,337744039621.4927,337744039621.4927,1464.960339327726,2472657625589.76,19.0,0.0,0.0,0.0,0.0,0.0,0.0
own:19,26,1,144.0,168872019810.74634,168872019810.74634,732.480169663863,618164406397.44,19.0,0.0,0.0,0.0,0.0,0.0,0.0
own:19,27,0,595.2,350747185146.92017,350747185146.92017,1521.3613123918435,2555079546442.752,19.0,0.0,0.0,0.0,0.0,0.0,0.0
own:19,27,1,148.8,175373592573.46008,175373592573.46008,760.6806561959218,638769886610.688,19.0,0.0,0.0,0.0,0.0,0.0,0.0
own:19,28,0,595.2,352500921072.6547,352500921072.6547,1528.9681189538026,2555079546442.752,19.0,0.0,0.0,0.0,0.0,0.0,0.0
own:19,28,1,148.8,176250460536.32736,176250460536.32736,764.4840594769013,638769886610.688,19.0,0.0,0.0,0.0,0.0,0.0,0.0
own:19,29,0,537.6,319979868354.3388,319979868354.3388,1387.9084795922581,2307813783883.776,19.0,0.0,0.0,0.0,0.0,0.0,0.0
own:19,29,1,134.4,159989934177.1694,159989934177.1694,693.9542397961291,576953445970.944,19.0,0.0,0.0,0.0,0.0,0.0,0.0
own:19,30,0,595.2,356034742806.408,356034742806.408,1544.2960243463142,2555079546442.752,19.0,0.0,0.0,0.0,0.0,0.0,0.0
own:19,30,1,148.8,178017371403.204,178017371403.204,772.1480121731571,638769886610.688,19.0,0.0,0.0,0.0,0.0,0.0,0.0
own:19,31,0,576.0,346272499858.49036,346272499858.49036,1501.9524236787538,2472657625589.76,19.0,0.0,0.0,0.0,0.0,0.0,0.0
own:19,31,1,144.0,173136249929.24518,173136249929.24518,750.9762118393769,618164406397.44,19.0,0.0,0.0,0.0,0.0,0.0,0.0
own:19,32,0,595.2,359603991103.0422,359603991103.0422,1559.7775919903856,2555079546442.752,19.0,0.0,0.0,0.0,0.0,0.0,0.0
own:19,32,1,148.8,179801995551.5211,179801995551.5211,779.8887959951928,638769886610.688,19.0,0.0,0.0,0.0,0.0,0.0,0.0
own:19,33,0,576.0,349743881669.57166,349743881669.57166,1517.009496726133,2472657625589.76,19.0,0.0,0.0,0.0,0.0,0.0,0.0
own:19,33,1,144.0,174871940834.78583,174871940834.78583,758.5047483630665,618164406397.44,19.0,0.0,0.0,0.0,0.0,0.0,0.0
own:19,34,0,595.2,363209021113.8501,363209021113.8501,1575.4143623500888,2555079546442.752,19.0,0.0,0.0,0.0,0.0,0.0,0.0
own:19,34,1,148.8,181604510556.92505,181604510556.92505,787.7071811750444,638769886610.688,19.0,0.0,0.0,0.0,0.0,0.0,0.0
own:19,35,0,595.2,365025066219.4193,365025066219.4193,1583.291434161839,2555079546442.752,19.0,0.0,0.0,0.0,0.0,0.0,0.0
own:19,35,1,148.8,182512533109.70966,182512533109.70966,791.6457170809196,638769886610.688,19.0,0.0,0.0,0.0,0.0,0.0,0.0
own:19,36,0,576.0,355016314403.7255,355016314403.7255,1539.878604515466,2472657625589.76,19.0,0.0,0.0,0.0,0.0,0.0,0.0
own:19,36,1,144.0,177508157201.86276,177508157201.86276,769.939302257733,618164406397.44,19.0,0.0,0.0,0.0,0.0,0.0,0.0
own:20,1,0,595.2,616178562048.0001,616178562048.0001,2672.666426196395,2689557417308.1597,20.0,0.0,0.0,0.0,0.0,0.0,0.0
own:20,1,1,148.8,308089281024.00006,308089281024.00006,1336.3332130981976,672389354327.0399,20.0,0.0,0.0,0.0,0.0,0.0,0.0
own:20,2,0,576.0,599283343411.2001,599283343411.2001,2599.38363709101,2602797500620.8,20.0,0.0,0.0,0.0,0.0,0.0,0.0
own:20,2,1,144.0,299641671705.60004,299641671705.60004,1299.691818545505,650699375155.2,20.0,0.0,0.0,0.0,0.0,0.0,0.0
own:20,3,0,595.2,622355752132.5311,622355752132.5311,2699.459907119013,2689557417308.1597,20.0,0.0,0.0,0.0,0.0,0.0,0.0
own:20,3,1,148.8,311177876066.26556,311177876066.26556,1349.7299535595066,672389354327.0399,20.0,0.0,0.0,0.0,0.0,0.0,0.0
own:20,4,0,595.2,625467530893.1937,625467530893.1937,2712.957206654608,2689557417308.1597,20.0,0.0,0.0,0.0,0.0,0.0,0.0
own:20,4,1,148.8,312733765446.59686,312733765446.59686,1356.478603327304,672389354327.0399,20.0,0.0,0.0,0.0,0.0,0.0,0.0
own:20,5,0,537.6,567763107075.3055,567763107075.3055,2462.66502565357,2429277667246.0796,20.0,0.0,0.0,0.0,0.0,0.0,0.0
own:20,5,1,134.4,283881553537.6528,283881553537.6528,1231.332512826785,607319416811.5199,20.0,0.0,0.0,0.0,0.0,0.0,0.0
own:20,6,0,595.2,631737842890.3978,631737842890.3978,2740.1546026513197,2689557417308.1597,20.0,0.0,0.0,0.0,0.0,0.0,0.0
own:20,6,1,148.8,315868921445.1989,315868921445.1989,1370.0773013256598,672389354327.0399,20.0,0.0,0.0,0.0,0.0,0.0,0.0
own:20,7,0,576.0,307207999405.5725,307207999405.5725,1332.5106656441499,2602797500620.8,20.0,0.0,0.0,0.0,0.0,0.0,0.0
own:20,7,1,144.0,153603999702.78625,153603999702.78625,666.2553328220749,650699375155.2,20.0,0.0,0.0,0.0,0.0,0.0,0.0
own:20,8,0,595.2,319035507382.687,319035507382.687,1383.8123262714496,2689557417308.1597,20.0,0.0,0.0,0.0,0.0,0.0,0.0
own:20,8,1,148.8,159517753691.3435,159517753691.3435,691.9061631357248,672389354327.0399,20.0,0.0,0.0,0.0,0.0,0.0,0.0
own:20,9,0,576.0,310287759599.61334,310287759599.61334,1345.8690850672324,2602797500620.8,20.0,0.0,0.0,0.0,0.0,0.0,0.0
own:20,9,1,144.0,155143879799.80667,155143879799.80667,672.9345425336162,650699375155.2,20.0,0.0,0.0,0.0,0.0,0.0,0.0
own:20,10,0,595.2,322233838344.19836,322233838344.19836,1397.6850448423204,2689557417308.1597,20.0,0.0,0.0,0.0,0.0,0.0,0.0
own:20,10,1,148.8,161116919172.09918,161116919172.09918,698.8425224211602,672389354327.0399,20.0,0.0,0.0,0.0,0.0,0.0,0.0
own:20,11,0,595.2,323845007535.9194,323845007535.9194,1404.673470066532,2689557417308.1597,20.0,0.0,0.0,0.0,0.0,0.0,0.0
own:20,11,1,148.8,161922503767.9597,161922503767.9597,702.336735033266,672389354327.0399,20.0,0.0,0.0,0.0,0.0,0.0,0.0
own:20,12,0,576.0,314965386361.54736,314965386361.54736,1366.158229758256,2602797500620.8,20.0,0.0,0.0,0.0,0.0,0.0,0.0
own:20,12,1,144.0,157482693180.77368,157482693180.77368,683.079114879128,650699375155.2,20.0,0.0,0.0,0.0,0.0,0.0,0.0
own:20,13,0,595.2,327091553736.46686,327091553736.46686,1418.7553216039487,2689557417308.1597,20.0,0.0,0.0,0.0,0.0,0.0,0.0
own:20,13,1,148.8,163545776868.23343,163545776868.23343,709.3776608019743,672389354327.0399,20.0,0.0,0.0,0.0,0.0,0.0,0.0
own:20,14,0,576.0,318122914359.8218,318122914359.8218,1379.853966011582,2602797500620.8,20.0,0.0,0.0,0.0,0.0,0.0,0.0
own:20,14,1,144.0,159061457179.9109,159061457179.9109,689.926983005791,650699375155.2,20.0,0.0,0.0,0.0,0.0,0.0,0.0
own:20,15,0,595.2,330370646562.67487,330370646562.67487,1432.9783437030278,2689557417308.1597,20.0,0.0,0.0,0.0,0.0,0.0,0.0
own:20,15,1,148.8,165185323281.33743,165185323281.33743,716.4891718515139,672389354327.0399,20.0,0.0,0.0,0.0,0.0,0.0,0.0
own:20,16,0,595.2,332022499795.4882,332022499795.4882,1440.1432354215428,2689557417308.1597,20.0,0.0,0.0,0.0,0.0,0.0,0.0
own:20,16,1,148.8,166011249897.7441,166011249897.7441,720.0716177107714,672389354327.0399,20.0,0.0,0.0,0.0,0.0,0.0,0.0
own:20,17,0,556.8000000000001,312154701823.855,312154701823.855,1353.966922463254,2516037583933.44,20.0,0.0,0.0,0.0,0.0,0.0,0.0
own:20,17,1,139.20000000000002,156077350911.9275,156077350911.9275,676.983461231627,629009395983.36,20.0,0.0,0.0,0.0,0.0,0.0,0.0
own:20,18,0,595.2,335351025355.93787,335351025355.93787,1454.5806713566433,2689557417308.1597,20.0,0.0,0.0,0.0,0.0,0.0,0.0
own:20,18,1,148.8,167675512677.96893,167675512677.96893,727.2903356783216,672389354327.0399,20.0,0.0,0.0,0.0,0.0,0.0,0.0
own:20,19,0,576.0,326155916596.1783,326155916596.1783,1414.697007787187,2602797500620.8,20.0,0.0,0.0,0.0,0.0,0.0,0.0
own:20,19,1,144.0,163077958298.08914,163077958298.08914,707.3485038935935,650699375155.2,20.0,0.0,0.0,0.0,0.0,0.0,0.0
own:20,20,0,595.2,338712919385.1311,338712919385.1311,1469.1628425869935,2689557417308.1597,20.0,0.0,0.0,0.0,0.0,0.0,0.0
own:20,20,1,148.8,169356459692.56555,169356459692.56555,734.5814212934968,672389354327.0399,20.0,0.0,0.0,0.0,0.0,0.0,0.0
own:20,21,0,576.0,329425629660.0549,329425629660.0549,1428.8793452902532,2602797500620.8,20.0,0.0,0.0,0.0,0.0,0.0,0.0
own:20,21,1,144.0,164712814830.02744,164712814830.02744,714.4396726451266,650699375155.2,20.0,0.0,0.0,0.0,0.0,0.0,0.0
own:20,22,0,595.2,342108516401.967,342108516401.967,1483.891200083928,2689557417308.1597,20.0,0.0,0.0,0.0,0.0,0.0,0.0
own:20,22,1,148.8,171054258200.9835,171054258200.9835,741.945600041964,672389354327.0399,20.0,0.0,0.0,0.0,0.0,0.0,0.0
own:20,23,0,595.2,343819058983.97675,343819058983.97675,1491.310656084347,2689557417308.1597,20.0,0.0,0.0,0.0,0.0,0.0,0.0
own:20,23,1,148.8,171909529491.98837,171909529491.98837,745.6553280421736,672389354327.0399,20.0,0.0,0.0,0.0,0.0,0.0,0.0
own:20,24,0,576.0,334391762205.38385,334391762205.38385,1450.4198800304216,2602797500620.8,20.0,0.0,0.0,0.0,0.0,0.0,0.0
own:20,24,1,144.0,167195881102.69193,167195881102.69193,725.2099400152108,650699375155.2,20.0,0.0,0.0,0.0,0.0,0.0,0.0
own:20,25,0,595.2,347265845050.2911,347265845050.2911,1506.2610454115927,2689557417308.1597,20.0,0.0,0.0,0.0,0.0,0.0,0.0
own:20,25,1,148.8,173632922525.14554,173632922525.14554,753.1305227057964,672389354327.0399,20.0,0.0,0.0,0.0,0.0,0.0,0.0
own:20,26,0,576.0,337744039621.4927,337744039621.4927,1464.960339327726,2602797500620.8,20.0,0.0,0.0,0.0,0.0,0.0,0.0
own:20,26,1,144.0,168872019810.74634,168872019810.74634,732.480169663863,650699375155.2,20.0,0.0,0.0,0.0,0.0,0.0,0.0
own:20,27,0,595.2,350747185146.92017,350747185146.92017,1521.3613123918435,2689557417308.1597,20.0,0.0,0.0,0.0,0.0,0.0,0.0
own:20,27,1,148.8,175373592573.46008,175373592573.46008,760.6806561959218,672389354327.0399,20.0,0.0,0.0,0.0,0.0,0.0,0.0
own:20,28,0,595.2,352500921072.6547,352500921072.6547,1528.9681189538026,2689557417308.1597,20.0,0.0,0.0,0.0,0.0,0.0,0.0
own:20,28,1,148.8,176250460536.32736,176250460536.32736,764.4840594769013,672389354327.0399,20.0,0.0,0.0,0.0,0.0,0.0,0.0
own:20,29,0,537.6,319979868354.3388,319979868354.3388,1387.9084795922581,2429277667246.0796,20.0,0.0,0.0,0.0,0.0,0.0,0.0
own:20,29,1,134.4,159989934177.1694,159989934177.1694,693.9542397961291,607319416811.5199,20.0,0.0,0.0,0.0,0.0,0.0,0.0
own:20,30,0,595.2,356034742806.408,356034742806.408,1544.2960243463142,2689557417308.1597,20.0,0.0,0.0,0.0,0.0,0.0,0.0
own:20,30,1,148.8,178017371403.204,178017371403.204,772.1480121731571,672389354327.0399,20.0,0.0,0.0,0.0,0.0,0.0,0.0
own:20,31,0,576.0,346272499858.49036,346272499858.49036,1501.9524236787538,2602797500620.8,20.0,0.0,0.0,0.0,0.0,0.0,0.0
own:20,31,1,144.0,173136249929.24518,173136249929.24518,750.9762118393769,650699375155.2,20.0,0.0,0.0,0.0,0.0,0.0,0.0
own:20,32,0,595.2,359603991103.0422,359603991103.0422,1559.7775919903856,2689557417308.1597,20.0,0.0,0.0,0.0,0.0,0.0,0.0
own:20,32,1,148.8,179801995551.5211,179801995551.5211,779.8887959951928,672389354327.0399,20.0,0.0,0.0,0.0,0.0,0.0,0.0
own:20,33,0,576.0,349743881669.57166,349743881669.57166,1517.009496726133,2602797500620.8,20.0,0.0,0.0,0.0,0.0,0.0,0.0
own:20,33,1,144.0,174871940834.78583,174871940834.78583,758.5047483630665,650699375155.2,20.0,0.0,0.0,0.0,0.0,0.0,0.0
own:20,34,0,595.2,363209021113.8501,363209021113.8501,1575.4143623500888,2689557417308.1597,20.0,0.0,0.0,0.0,0.0,0.0,0.0
own:20,34,1,148.8,181604510556.92505,181604510556.92505,787.7071811750444,672389354327.0399,20.0,0.0,0.0,0.0,0.0,0.0,0.0
own:20,35,0,595.2,365025066219.4193,365025066219.4193,1583.291434161839,2689557417308.1597,20.0,0.0,0.0,0.0,0.0,0.0,0.0
own:20,35,1,148.8,182512533109.70966,182512533109.70966,791.6457170809196,672389354327.0399,20.0,0.0,0.0,0.0,0.0,0.0,0.0
own:20,36,0,576.0,355016314403.7255,355016314403.7255,1539.878604515466,2602797500620.8,20.0,0.0,0.0,0.0,0.0,0.0,0.0
own:20,36,1,144.0,177508157201.86276,177508157201.86276,769.939302257733,650699375155.2,20.0,0.0,0.0,0.0,0.0,0.0,0.0
own:21,1,0,595.2,616178562048.0001,616178562048.0001,2672.666426196395,2824035288173.568,21.0,0.0,0.0,0.0,0.0,0.0,0.0
own:21,1,1,148.8,308089281024.00006,308089281024.00006,1336.3332130981976,706008822043.392,21.0,0.0,0.0,0.0,0.0,0.0,0.0
own:21,2,0,576.0,599283343411.2001,599283343411.2001,2599.38363709101,2732937375651.8394,21.0,0.0,0.0,0.0,0.0,0.0,0.0
own:21,2,1,144.0,299641671705.60004,299641671705.60004,1299.691818545505,683234343912.9598,21.0,0.0,0.0,0.0,0.0,0.0,0.0
own:21,3,0,595.2,622355752132.5311,622355752132.5311,2699.459907119013,2824035288173.568,21.0,0.0,0.0,0.0,0.0,0.0,0.0
own:21,3,1,148.8,311177876066.26556,311177876066.26556,1349.7299535595066,706008822043.392,21.0,0.0,0.0,0.0,0.0,0.0,0.0
own:21,4,0,595.2,625467530893.1937,625467530893.1937,2712.957206654608,2824035288173.568,21.0,0.0,0.0,0.0,0.0,0.0,0.0
own:21,4,1,148.8,312733765446.59686,312733765446.59686,1356.478603327304,706008822043.392,21.0,0.0,0.0,0.0,0.0,0.0,0.0
own:21,5,0,537.6,567763107075.3055,567763107075.3055,2462.66502565357,2550741550608.384,21.0,0.0,0.0,0.0,0.0,0.0,0.0
own:21,5,1,134.4,283881553537.6528,283881553537.6528,1231.332512826785,637685387652.096,21.0,0.0,0.0,0.0,0.0,0.0,0.0
own:21,6,0,595.2,631737842890.3978,631737842890.3978,2740.1546026513197,2824035288173.568,21.0,0.0,0.0,0.0,0.0,0.0,0.0
own:21,6,1,148.8,315868921445.1989,315868921445.1989,1370.0773013256598,706008822043.392,21.0,0.0,0.0,0.0,0.0,0.0,0.0
own:21,7,0,576.0,307207999405.5725,307207999405.5725,1332.5106656441499,2732937375651.8394,21.0,0.0,0.0,0.0,0.0,0.0,0.0
own:21,7,1,144.0,153603999702.78625,153603999702.78625,666.2553328220749,683234343912.9598,21.0,0.0,0.0,0.0,0.0,0.0,0.0
own:21,8,0,595.2,319035507382.687,319035507382.687,1383.8123262714496,2824035288173.568,21.0,0.0,0.0,0.0,0.0,0.0,0.0
own:21,8,1,148.8,159517753691.3435,159517753691.3435,691.9061631357248,706008822043.392,21.0,0.0,0.0,0.0,0.0,0.0,0.0
own:21,9,0,576.0,310287759599.61334,310287759599.61334,1345.8690850672324,2732937375651.8394,21.0,0.0,0.0,0.0,0.0,0.0,0.0
own:21,9,1,144.0,155143879799.80667,155143879799.80667,672.9345425336162,683234343912.9598,21.0,0.0,0.0,0.0,0.0,0.0,0.0
own:21,10,0,595.2,322233838344.19836,322233838344.19836,1397.6850448423204,2824035288173.568,21.0,0.0,0.0,0.0,0.0,0.0,0.0
own:21,10,1,148.8,161116919172.09918,161116919172.09918,698.8425224211602,706008822043.392,21.0,0.0,0.0,0.0,0.0,0.0,0.0
own:21,11,0,595.2,323845007535.9194,323845007535.9194,1404.673470066532,2824035288173.568,21.0,0.0,0.0,0.0,0.0,0.0,0.0
own:21,11,1,148.8,161922503767.9597,161922503767.9597,702.336735033266,706008822043.392,21.0,0.0,0.0,0.0,0.0,0.0,0.0
own:21,12,0,576.0,314965386361.54736,314965386361.54736,1366.158229758256,2732937375651.8394,21.0,0.0,0.0,0.0,0.0,0.0,0.0
own:21,12,1,144.0,157482693180.77368,157482693180.77368,683.079114879128,683234343912.9598,21.0,0.0,0.0,0.0,0.0,0.0,0.0
own:21,13,0,595.2,327091553736.46686,327091553736.46686,1418.7553216039487,2824035288173.568,21.0,0.0,0.0,0.0,0.0,0.0,0.0
own:21,13,1,148.8,163545776868.23343,163545776868.23343,709.3776608019743,706008822043.392,21.0,0.0,0.0,0.0,0.0,0.0,0.0
own:21,14,0,576.0,318122914359.8218,318122914359.8218,1379.853966011582,2732937375651.8394,21.0,0.0,0.0,0.0,0.0,0.0,0.0
own:21,14,1,144.0,159061457179.9109,159061457179.9109,689.926983005791,683234343912.9598,21.0,0.0,0.0,0.0,0.0,0.0,0.0
own:21,15,0,595.2,330370646562.67487,330370646562.67487,1432.9783437030278,2824035288173.568,21.0,0.0,0.0,0.0,0.0,0.0,0.0
own:21,15,1,148.8,165185323281.33743,165185323281.33743,716.4891718515139,706008822043.392,21.0,0.0,0.0,0.0,0.0,0.0,0.0
own:21,16,0,595.2,332022499795.4882,332022499795.4882,1440.1432354215428,2824035288173.568,21.0,0.0,0.0,0.0,0.0,0.0,0.0
own:21,16,1,148.8,166011249897.7441,166011249897.7441,720.0716177107714,706008822043.392,21.0,0.0,0.0,0.0,0.0,0.0,0.0
own:21,17,0,556.8000000000001,312154701823.855,312154701823.855,1353.966922463254,2641839463130.112,21.0,0.0,0.0,0.0,0.0,0.0,0.0
own:21,17,1,139.20000000000002,156077350911.9275,156077350911.9275,676.983461231627,660459865782.528,21.0,0.0,0.0,0.0,0.0,0.0,0.0
own:21,18,0,595.2,335351025355.93787,335351025355.93787,1454.5806713566433,2824035288173.568,21.0,0.0,0.0,0.0,0.0,0.0,0.0
own:21,18,1,148.8,167675512677.96893,167675512677.96893,727.2903356783216,706008822043.392,21.0,0.0,0.0,0.0,0.0,0.0,0.0
own:21,19,0,576.0,326155916596.1783,326155916596.1783,1414.697007787187,2732937375651.8394,21.0,0.0,0.0,0.0,0.0,0.0,0.0
own:21,19,1,144.0,163077958298.08914,163077958298.08914,707.3485038935935,683234343912.9598,21.0,0.0,0.0,0.0,0.0,0.0,0.0
own:21,20,0,595.2,338712919385.1311,338712919385.1311,1469.1628425869935,2824035288173.568,21.0,0.0,0.0,0.0,0.0,0.0,0.0
own:21,20,1,148.8,169356459692.56555,169356459692.56555,734.5814212934968,706008822043.392,21.0,0.0,0.0,0.0,0.0,0.0,0.0
own:21,21,0,576.0,329425629660.0549,329425629660.0549,1428.8793452902532,2732937375651.8394,21.0,0.0,0.0,0.0,0.0,0.0,0.0
own:21,21,1,144.0,164712814830.02744,164712814830.02744,714.4396726451266,683234343912.9598,21.0,0.0,0.0,0.0,0.0,0.0,0.0
own:21,22,0,595.2,342108516401.967,342108516401.967,1483.891200083928,2824035288173.568,21.0,0.0,0.0,0.0,0.0,0.0,0.0
own:21,22,1,148.8,171054258200.9835,171054258200.9835,741.945600041964,706008822043.392,21.0,0.0,0.0,0.0,0.0,0.0,0.0
own:21,23,0,595.2,343819058983.97675,343819058983.97675,1491.310656084347,2824035288173.568,21.0,0.0,0.0,0.0,0.0,0.0,0.0
own:21,23,1,148.8,171909529491.98837,171909529491.98837,745.6553280421736,706008822043.392,21.0,0.0,0.0,0.0,0.0,0.0,0.0
own:21,24,0,576.0,334391762205.38385,334391762205.38385,1450.4198800304216,2732937375651.8394,21.0,0.0,0.0,0.0,0.0,0.0,0.0
own:21,24,1,144.0,167195881102.69193,167195881102.69193,725.2099400152108,683234343912.9598,21.0,0.0,0.0,0.0,0.0,0.0,0.0
own:21,25,0,595.2,347265845050.2911,347265845050.2911,1506.2610454115927,2824035288173.568,21.0,0.0,0.0,0.0,0.0,0.0,0.0
own:21,25,1,148.8,173632922525.14554,173632922525.14554,753.1305227057964,706008822043.392,21.0,0.0,0.0,0.0,0.0,0.0,0.0
own:21,26,0,576.0,337744039621.4927,337744039621.4927,1464.960339327726,2732937375651.8394,21.0,0.0,0.0,0.0,0.0,0.0,0.0
own:21,26,1,144.0,168872019810.74634,168872019810.74634,732.480169663863,683234343912.9598,21.0,0.0,0.0,0.0,0.0,0.0,0.0
own:21,27,0,595.2,350747185146.92017,350747185146.92017,1521.3613123918435,2824035288173.568,21.0,0.0,0.0,0.0,0.0,0.0,0.0
own:21,27,1,148.8,175373592573.46008,175373592573.46008,760.6806561959218,706008822043.392,21.0,0.0,0.0,0.0,0.0,0.0,0.0
own:21,28,0,595.2,352500921072.6547,352500921072.6547,1528.9681189538026,2824035288173.568,21.0,0.0,0.0,0.0,0.0,0.0,0.0
own:21,28,1,148.8,176250460536.32736,176250460536.32736,764.4840594769013,706008822043.392,21.0,0.0,0.0,0.0,0.0,0.0,0.0
own:21,29,0,537.6,319979868354.3388,319979868354.3388,1387.9084795922581,2550741550608.384,21.0,0.0,0.0,0.0,0.0,0.0,0.0
own:21,29,1,134.4,159989934177.1694,159989934177.1694,693.9542397961291,637685387652.096,21.0,0.0,0.0,0.0,0.0,0.0,0.0
own:21,30,0,595.2,356034742806.408,356034742806.408,1544.2960243463142,2824035288173.568,21.0,0.0,0.0,0.0,0.0,0.0,0.0
own:21,30,1,148.8,178017371403.204,178017371403.204,772.1480121731571,706008822043.392,21.0,0.0,0.0,0.0,0.0,0.0,0.0
own:21,31,0,576.0,346272499858.49036,346272499858.49036,1501.9524236787538,2732937375651.8394,21.0,0.0,0.0,0.0,0.0,0.0,0.0
own:21,31,1,144.0,173136249929.24518,173136249929.24518,750.9762118393769,683234343912.9598,21.0,0.0,0.0,0.0,0.0,0.0,0.0
own:21,32,0,595.2,359603991103.0422,359603991103.0422,1559.7775919903856,2824035288173.568,21.0,0.0,0.0,0.0,0.0,0.0,0.0
own:21,32,1,148.8,179801995551.5211,179801995551.5211,779.8887959951928,706008822043.392,21.0,0.0,0.0,0.0,0.0,0.0,0.0
own:21,33,0,576.0,349743881669.57166,349743881669.57166,1517.009496726133,2732937375651.8394,21.0,0.0,0.0,0.0,0.0,0.0,0.0
own:21,33,1,144.0,174871940834.78583,174871940834.78583,758.5047483630665,683234343912.9598,21.0,0.0,0.0,0.0,0.0,0.0,0.0
own:21,34,0,595.2,363209021113.8501,363209021113.8501,1575.4143623500888,2824035288173.568,21.0,0.0,0.0,0.0,0.0,0.0,0.0
own:21,34,1,148.8,181604510556.92505,181604510556.92505,787.7071811750444,706008822043.392,21.0,0.0,0.0,0.0,0.0,0.0,0.0
own:21,35,0,595.2,365025066219.4193,365025066219.4193,1583.291434161839,2824035288173.568,21.0,0.0,0.0,0.0,0.0,0.0,0.0
own:21,35,1,148.8,182512533109.70966,182512533109.70966,791.6457170809196,706008822043.392,21.0,0.0,0.0,0.0,0.0,0.0,0.0
own:21,36,0,576.0,355016314403.7255,355016314403.7255,1539.878604515466,2732937375651.8394,21.0,0.0,0.0,0.0,0.0,0.0,0.0
own:21,36,1,144.0,177508157201.86276,177508157201.86276,769.939302257733,683234343912.9598,21.0,0.0,0.0,0.0,0.0,0.0,0.0
own:22,1,0,595.2,616178562048.0001,616178562048.0001,2672.666426196395,2958513159038.9756,22.0,0.0,0.0,0.0,0.0,0.0,0.0
own:22,1,1,148.8,308089281024.00006,308089281024.00006,1336.3332130981976,739628289759.7439,22.0,0.0,0.0,0.0,0.0,0.0,0.0
own:22,2,0,576.0,599283343411.2001,599283343411.2001,2599.38363709101,2863077250682.8794,22.0,0.0,0.0,0.0,0.0,0.0,0.0
own:22,2,1,144.0,299641671705.60004,299641671705.60004,1299.691818545505,715769312670.7198,22.0,0.0,0.0,0.0,0.0,0.0,0.0
own:22,3,0,595.2,622355752132.5311,622355752132.5311,2699.459907119013,2958513159038.9756,22.0,0.0,0.0,0.0,0.0,0.0,0.0
own:22,3,1,148.8,311177876066.26556,311177876066.26556,1349.7299535595066,739628289759.7439,22.0,0.0,0.0,0.0,0.0,0.0,0.0
own:22,4,0,595.2,625467530893.1937,625467530893.1937,2712.957206654608,2958513159038.9756,22.0,0.0,0.0,0.0,0.0,0.0,0.0
own:22,4,1,148.8,312733765446.59686,312733765446.59686,1356.478603327304,739628289759.7439,22.0,0.0,0.0,0.0,0.0,0.0,0.0
own:22,5,0,537.6,567763107075.3055,567763107075.3055,2462.66502565357,2672205433970.6875,22.0,0.0,0.0,0.0,0.0,0.0,0.0
own:22,5,1,134.4,283881553537.6528,283881553537.6528,1231.332512826785,668051358492.6719,22.0,0.0,0.0,0.0,0.0,0.0,0.0
own:22,6,0,595.2,631737842890.3978,631737842890.3978,2740.1546026513197,2958513159038.9756,22.0,0.0,0.0,0.0,0.0,0.0,0.0
own:22,6,1,148.8,315868921445.1989,315868921445.1989,1370.0773013256598,739628289759.7439,22.0,0.0,0.0,0.0,0.0,0.0,0.0
own:22,7,0,576.0,307207999405.5725,307207999405.5725,1332.5106656441499,2863077250682.8794,22.0,0.0,0.0,0.0,0.0,0.0,0.0
own:22,7,1,144.0,153603999702.78625,153603999702.78625,666.2553328220749,715769312670.7198,22.0,0.0,0.0,0.0,0.0,0.0,0.0
own:22,8,0,595.2,319035507382.687,319035507382.687,1383.8123262714496,2958513159038.9756,22.0,0.0,0.0,0.0,0.0,0.0,0.0
own:22,8,1,148.8,159517753691.3435,159517753691.3435,691.9061631357248,739628289759.7439,22.0,0.0,0.0,0.0,0.0,0.0,0.0
own:22,9,0,576.0,310287759599.61334,310287759599.61334,1345.8690850672324,2863077250682.8794,22.0,0.0,0.0,0.0,0.0,0.0,0.0
own:22,9,1,144.0,155143879799.80667,155143879799.80667,672.9345425336162,715769312670.7198,22.0,0.0,0.0,0.0,0.0,0.0,0.0
own:22,10,0,595.2,322233838344.19836,322233838344.19836,1397.6850448423204,2958513159038.9756,22.0,0.0,0.0,0.0,0.0,0.0,0.0
own:22,10,1,148.8,161116919172.09918,161116919172.09918,698.8425224211602,739628289759.7439,22.0,0.0,0.0,0.0,0.0,0.0,0.0
own:22,11,0,595.2,323845007535.9194,323845007535.9194,1404.673470066532,2958513159038.9756,22.0,0.0,0.0,0.0,0.0,0.0,0.0
own:22,11,1,148.8,161922503767.9597,161922503767.9597,702.336735033266,739628289759.7439,22.0,0.0,0.0,0.0,0.0,0.0,0.0
own:22,12,0,576.0,314965386361.54736,314965386361.54736,1366.158229758256,2863077250682.8794,22.0,0.0,0.0,0.0,0.0,0.0,0.0
own:22,12,1,144.0,157482693180.77368,157482693180.77368,683.079114879128,715769312670.7198,22.0,0.0,0.0,0.0,0.0,0.0,0.0
own:22,13,0,595.2,327091553736.46686,327091553736.46686,1418.7553216039487,2958513159038.9756,22.0,0.0,0.0,0.0,0.0,0.0,0.0
own:22,13,1,148.8,163545776868.23343,163545776868.23343,709.3776608019743,739628289759.7439,22.0,0.0,0.0,0.0,0.0,0.0,0.0
own:22,14,0,576.0,318122914359.8218,318122914359.8218,1379.853966011582,2863077250682.8794,22.0,0.0,0.0,0.0,0.0,0.0,0.0
own:22,14,1,144.0,159061457179.9109,159061457179.9109,689.926983005791,715769312670.7198,22.0,0.0,0.0,0.0,0.0,0.0,0.0
own:22,15,0,595.2,330370646562.67487,330370646562.67487,1432.9783437030278,2958513159038.9756,22.0,0.0,0.0,0.0,0.0,0.0,0.0
own:22,15,1,148.8,165185323281.33743,165185323281.33743,716.4891718515139,739628289759.7439,22.0,0.0,0.0,0.0,0.0,0.0,0.0
own:22,16,0,595.2,332022499795.4882,332022499795.4882,1440.1432354215428,2958513159038.9756,22.0,0.0,0.0,0.0,0.0,0.0,0.0
own:22,16,1,148.8,166011249897.7441,166011249897.7441,720.0716177107714,739628289759.7439,22.0,0.0,0.0,0.0,0.0,0.0,0.0
own:22,17,0,556.8000000000001,312154701823.855,312154701823.855,1353.966922463254,2767641342326.7837,22.0,0.0,0.0,0.0,0.0,0.0,0.0
own:22,17,1,139.20000000000002,156077350911.9275,156077350911.9275,676.983461231627,691910335581.6959,22.0,0.0,0.0,0.0,0.0,0.0,0.0
own:22,18,0,595.2,335351025355.93787,335351025355.93787,1454.5806713566433,2958513159038.9756,22.0,0.0,0.0,0.0,0.0,0.0,0.0
own:22,18,1,148.8,167675512677.96893,167675512677.96893,727.2903356783216,739628289759.7439,22.0,0.0,0.0,0.0,0.0,0.0,0.0
own:22,19,0,576.0,326155916596.1783,326155916596.1783,1414.697007787187,2863077250682.8794,22.0,0.0,0.0,0.0,0.0,0.0,0.0
own:22,19,1,144.0,163077958298.08914,163077958298.08914,707.3485038935935,715769312670.7198,22.0,0.0,0.0,0.0,0.0,0.0,0.0
own:22,20,0,595.2,338712919385.1311,338712919385.1311,1469.1628425869935,2958513159038.9756,22.0,0.0,0.0,0.0,0.0,0.0,0.0
own:22,20,1,148.8,169356459692.56555,169356459692.56555,734.5814212934968,739628289759.7439,22.0,0.0,0.0,0.0,0.0,0.0,0.0
own:22,21,0,576.0,329425629660.0549,329425629660.0549,1428.8793452902532,2863077250682.8794,22.0,0.0,0.0,0.0,0.0,0.0,0.0
own:22,21,1,144.0,164712814830.02744,164712814830.02744,714.4396726451266,715769312670.7198,22.0,0.0,0.0,0.0,0.0,0.0,0.0
own:22,22,0,595.2,342108516401.967,342108516401.967,1483.891200083928,2958513159038.9756,22.0,0.0,0.0,0.0,0.0,0.0,0.0
own:22,22,1,148.8,171054258200.9835,171054258200.9835,741.945600041964,739628289759.7439,22.0,0.0,0.0,0.0,0.0,0.0,0.0
own:22,23,0,595.2,343819058983.97675,343819058983.97675,1491.310656084347,2958513159038.9756,22.0,0.0,0.0,0.0,0.0,0.0,0.0
own:22,23,1,148.8,171909529491.98837,171909529491.98837,745.6553280421736,739628289759.7439,22.0,0.0,0.0,0.0,0.0,0.0,0.0
own:22,24,0,576.0,334391762205.38385,334391762205.38385,1450.4198800304216,2863077250682.8794,22.0,0.0,0.0,0.0,0.0,0.0,0.0
own:22,24,1,144.0,167195881102.69193,167195881102.69193,725.2099400152108,715769312670.7198,22.0,0.0,0.0,0.0,0.0,0.0,0.0
own:22,25,0,595.2,347265845050.2911,347265845050.2911,1506.2610454115927,2958513159038.9756,22.0,0.0,0.0,0.0,0.0,0.0,0.0
own:22,25,1,148.8,173632922525.14554,173632922525.14554,753.1305227057964,739628289759.7439,22.0,0.0,0.0,0.0,0.0,0.0,0.0
own:22,26,0,576.0,337744039621.4927,337744039621.4927,1464.960339327726,2863077250682.8794,22.0,0.0,0.0,0.0,0.0,0.0,0.0
own:22,26,1,144.0,168872019810.74634,168872019810.74634,732.480169663863,715769312670.7198,22.0,0.0,0.0,0.0,0.0,0.0,0.0
own:22,27,0,595.2,350747185146.92017,350747185146.92017,1521.3613123918435,2958513159038.9756,22.0,0.0,0.0,0.0,0.0,0.0,0.0
own:22,27,1,148.8,175373592573.46008,175373592573.46008,760.6806561959218,739628289759.7439,22.0,0.0,0.0,0.0,0.0,0.0,0.0
own:22,28,0,595.2,352500921072.6547,352500921072.6547,1528.9681189538026,2958513159038.9756,22.0,0.0,0.0,0.0,0.0,0.0,0.0
own:22,28,1,148.8,176250460536.32736,176250460536.32736,764.4840594769013,739628289759.7439,22.0,0.0,0.0,0.0,0.0,0.0,0.0
own:22,29,0,537.6,319979868354.3388,319979868354.3388,1387.9084795922581,2672205433970.6875,22.0,0.0,0.0,0.0,0.0,0.0,0.0
own:22,29,1,134.4,159989934177.1694,159989934177.1694,693.9542397961291,668051358492.6719,22.0,0.0,0.0,0.0,0.0,0.0,0.0
own:22,30,0,595.2,356034742806.408,356034742806.408,1544.2960243463142,2958513159038.9756,22.0,0.0,0.0,0.0,0.0,0.0,0.0
own:22,30,1,148.8,178017371403.204,178017371403.204,772.1480121731571,739628289759.7439,22.0,0.0,0.0,0.0,0.0,0.0,0.0
own:22,31,0,576.0,346272499858.49036,346272499858.49036,1501.9524236787538,2863077250682.8794,22.0,0.0,0.0,0.0,0.0,0.0,0.0
own:22,31,1,144.0,173136249929.24518,173136249929.24518,750.9762118393769,715769312670.7198,22.0,0.0,0.0,0.0,0.0,0.0,0.0
own:22,32,0,595.2,359603991103.0422,359603991103.0422,1559.7775919903856,2958513159038.9756,22.0,0.0,0.0,0.0,0.0,0.0,0.0
own:22,32,1,148.8,179801995551.5211,179801995551.5211,779.8887959951928,739628289759.7439,22.0,0.0,0.0,0.0,0.0,0.0,0.0
own:22,33,0,576.0,349743881669.57166,349743881669.57166,1517.009496726133,2863077250682.8794,22.0,0.0,0.0,0.0,0.0,0.0,0.0
own:22,33,1,144.0,174871940834.78583,174871940834.78583,758.5047483630665,715769312670.7198,22.0,0.0,0.0,0.0,0.0,0.0,0.0
own:22,34,0,595.2,363209021113.8501,363209021113.8501,1575.4143623500888,2958513159038.9756,22.0,0.0,0.0,0.0,0.0,0.0,0.0
own:22,34,1,148.8,181604510556.92505,181604510556.92505,787.7071811750444,739628289759.7439,22.0,0.0,0.0,0.0,0.0,0.0,0.0
own:22,35,0,595.2,365025066219.4193,365025066219.4193,1583.291434161839,2958513159038.9756,22.0,0.0,0.0,0.0,0.0,0.0,0.0
own:22,35,1,148.8,182512533109.70966,182512533109.70966,791.6457170809196,739628289759.7439,22.0,0.0,0.0,0.0,0.0,0.0,0.0
own:22,36,0,576.0,355016314403.7255,355016314403.7255,1539.878604515466,2863077250682.8794,22.0,0.0,0.0,0.0,0.0,0.0,0.0
own:22,36,1,144.0,177508157201.86276,177508157201.86276,769.939302257733,715769312670.7198,22.0,0.0,0.0,0.0,0.0,0.0,0.0
own:23,1,0,595.2,616178562048.0001,616178562048.0001,2672.666426196395,3092991029904.384,23.0,0.0,0.0,0.0,0.0,0.0,0.0
own:23,1,1,148.8,308089281024.00006,308089281024.00006,1336.3332130981976,773247757476.096,23.0,0.0,0.0,0.0,0.0,0.0,0.0
own:23,2,0,576.0,599283343411.2001,599283343411.2001,2599.38363709101,2993217125713.9194,23.0,0.0,0.0,0.0,0.0,0.0,0.0
own:23,2,1,144.0,299641671705.60004,299641671705.60004,1299.691818545505,748304281428.4799,23.0,0.0,0.0,0.0,0.0,0.0,0.0
own:23,3,0,595.2,622355752132.5311,622355752132.5311,2699.459907119013,3092991029904.384,23.0,0.0,0.0,0.0,0.0,0.0,0.0
own:23,3,1,148.8,311177876066.26556,311177876066.26556,1349.7299535595066,773247757476.096,23.0,0.0,0.0,0.0,0.0,0.0,0.0
own:23,4,0,595.2,625467530893.1937,625467530893.1937,2712.957206654608,3092991029904.384,23.0,0.0,0.0,0.0,0.0,0.0,0.0
own:23,4,1,148.8,312733765446.59686,312733765446.59686,1356.478603327304,773247757476.096,23.0,0.0,0.0,0.0,0.0,0.0,0.0
own:23,5,0,537.6,567763107075.3055,567763107075.3055,2462.66502565357,2793669317332.9917,23.0,0.0,0.0,0.0,0.0,0.0,0.0
own:23,5,1,134.4,283881553537.6528,283881553537.6528,1231.332512826785,698417329333.2479,23.0,0.0,0.0,0.0,0.0,0.0,0.0
own:23,6,0,595.2,631737842890.3978,631737842890.3978,2740.1546026513197,3092991029904.384,23.0,0.0,0.0,0.0,0.0,0.0,0.0
own:23,6,1,148.8,315868921445.1989,315868921445.1989,1370.0773013256598,773247757476.096,23.0,0.0,0.0,0.0,0.0,0.0,0.0
own:23,7,0,576.0,307207999405.5725,307207999405.5725,1332.5106656441499,2993217125713.9194,23.0,0.0,0.0,0.0,0.0,0.0,0.0
own:23,7,1,144.0,153603999702.78625,153603999702.78625,666.2553328220749,748304281428.4799,23.0,0.0,0.0,0.0,0.0,0.0,0.0
own:23,8,0,595.2,319035507382.687,319035507382.687,1383.8123262714496,3092991029904.384,23.0,0.0,0.0,0.0,0.0,0.0,0.0
own:23,8,1,148.8,159517753691.3435,159517753691.3435,691.9061631357248,773247757476.096,23.0,0.0,0.0,0.0,0.0,0.0,0.0
own:23,9,0,576.0,310287759599.61334,310287759599.61334,1345.8690850672324,2993217125713.9194,23.0,0.0,0.0,0.0,0.0,0.0,0.0
own:23,9,1,144.0,155143879799.80667,155143879799.80667,672.9345425336162,748304281428.4799,23.0,0.0,0.0,0.0,0.0,0.0,0.0
own:23,10,0,595.2,322233838344.19836,322233838344.19836,1397.6850448423204,3092991029904.384,23.0,0.0,0.0,0.0,0.0,0.0,0.0
own:23,10,1,148.8,161116919172.09918,161116919172.09918,698.8425224211602,773247757476.096,23.0,0.0,0.0,0.0,0.0,0.0,0.0
own:23,11,0,595.2,323845007535.9194,323845007535.9194,1404.673470066532,3092991029904.384,23.0,0.0,0.0,0.0,0.0,0.0,0.0
own:23,11,1,148.8,161922503767.9597,161922503767.9597,702.336735033266,773247757476.096,23.0,0.0,0.0,0.0,0.0,0.0,0.0
own:23,12,0,576.0,314965386361.54736,314965386361.54736,1366.158229758256,2993217125713.9194,23.0,0.0,0.0,0.0,0.0,0.0,0.0
own:23,12,1,144.0,157482693180.77368,157482693180.77368,683.079114879128,748304281428.4799,23.0,0.0,0.0,0.0,0.0,0.0,0.0
own:23,13,0,595.2,327091553736.46686,327091553736.46686,1418.7553216039487,3092991029904.384,23.0,0.0,0.0,0.0,0.0,0.0,0.0
own:23,13,1,148.8,163545776868.23343,163545776868.23343,709.3776608019743,773247757476.096,23.0,0.0,0.0,0.0,0.0,0.0,0.0
own:23,14,0,576.0,318122914359.8218,318122914359.8218,1379.853966011582,2993217125713.9194,23.0,0.0,0.0,0.0,0.0,0.0,0.0
own:23,14,1,144.0,159061457179.9109,159061457179.9109,689.926983005791,748304281428.4799,23.0,0.0,0.0,0.0,0.0,0.0,0.0
own:23,15,0,595.2,330370646562.67487,330370646562.67487,1432.9783437030278,3092991029904.384,23.0,0.0,0.0,0.0,0.0,0.0,0.0
own:23,15,1,148.8,165185323281.33743,165185323281.33743,716.4891718515139,773247757476.096,23.0,0.0,0.0,0.0,0.0,0.0,0.0
own:23,16,0,595.2,332022499795.4882,332022499795.4882,1440.1432354215428,3092991029904.384,23.0,0.0,0.0,0.0,0.0,0.0,0.0
own:23,16,1,148.8,166011249897.7441,166011249897.7441,720.0716177107714,773247757476.096,23.0,0.0,0.0,0.0,0.0,0.0,0.0
own:23,17,0,556.8000000000001,312154701823.855,312154701823.855,1353.966922463254,2893443221523.456,23.0,0.0,0.0,0.0,0.0,0.0,0.0
own:23,17,1,139.20000000000002,156077350911.9275,156077350911.9275,676.983461231627,723360805380.864,23.0,0.0,0.0,0.0,0.0,0.0,0.0
own:23,18,0,595.2,335351025355.93787,335351025355.93787,1454.5806713566433,3092991029904.384,23.0,0.0,0.0,0.0,0.0,0.0,0.0
own:23,18,1,148.8,167675512677.96893,167675512677.96893,727.2903356783216,773247757476.096,23.0,0.0,0.0,0.0,0.0,0.0,0.0
own:23,19,0,576.0,326155916596.1783,326155916596.1783,1414.697007787187,2993217125713.9194,23.0,0.0,0.0,0.0,0.0,0.0,0.0
own:23,19,1,144.0,163077958298.08914,163077958298.08914,707.3485038935935,748304281428.4799,23.0,0.0,0.0,0.0,0.0,0.0,0.0
own:23,20,0,595.2,338712919385.1311,338712919385.1311,1469.1628425869935,3092991029904.384,23.0,0.0,0.0,0.0,0.0,0.0,0.0
own:23,20,1,148.8,169356459692.56555,169356459692.56555,734.5814212934968,773247757476.096,23.0,0.0,0.0,0.0,0.0,0.0,0.0
own:23,21,0,576.0,329425629660.0549,329425629660.0549,1428.8793452902532,2993217125713.9194,23.0,0.0,0.0,0.0,0.0,0.0,0.0
own:23,21,1,144.0,164712814830.02744,164712814830.02744,714.4396726451266,748304281428.4799,23.0,0.0,0.0,0.0,0.0,0.0,0.0
own:23,22,0,595.2,342108516401.967,342108516401.967,1483.891200083928,3092991029904.384,23.0,0.0,0.0,0.0,0.0,0.0,0.0
own:23,22,1,148.8,171054258200.9835,171054258200.9835,741.945600041964,773247757476.096,23.0,0.0,0.0,0.0,0.0,0.0,0.0
own:23,23,0,595.2,343819058983.97675,343819058983.97675,1491.310656084347,3092991029904.384,23.0,0.0,0.0,0.0,0.0,0.0,0.0
own:23,23,1,148.8,171909529491.98837,171909529491.98837,745.6553280421736,773247757476.096,23.0,0.0,0.0,0.0,0.0,0.0,0.0
own:23,24,0,576.0,334391762205.38385,334391762205.38385,1450.4198800304216,2993217125713.9194,23.0,0.0,0.0,0.0,0.0,0.0,0.0
own:23,24,1,144.0,167195881102.69193,167195881102.69193,725.2099400152108,748304281428.4799,23.0,0.0,0.0,0.0,0.0,0.0,0.0
own:23,25,0,595.2,347265845050.2911,347265845050.2911,1506.2610454115927,3092991029904.384,23.0,0.0,0.0,0.0,0.0,0.0,0.0
own:23,25,1,148.8,173632922525.14554,173632922525.14554,753.1305227057964,773247757476.096,23.0,0.0,0.0,0.0,0.0,0.0,0.0
own:23,26,0,576.0,337744039621.4927,337744039621.4927,1464.960339327726,2993217125713.9194,23.0,0.0,0.0,0.0,0.0,0.0,0.0
own:23,26,1,144.0,168872019810.74634,168872019810.74634,732.480169663863,748304281428.4799,23.0,0.0,0.0,0.0,0.0,0.0,0.0
own:23,27,0,595.2,350747185146.92017,350747185146.92017,1521.3613123918435,3092991029904.384,23.0,0.0,0.0,0.0,0.0,0.0,0.0
own:23,27,1,148.8,175373592573.46008,175373592573.46008,760.6806561959218,773247757476.096,23.0,0.0,0.0,0.0,0.0,0.0,0.0
own:23,28,0,595.2,352500921072.6547,352500921072.6547,1528.9681189538026,3092991029904.384,23.0,0.0,0.0,0.0,0.0,0.0,0.0
own:23,28,1,148.8,176250460536.32736,176250460536.32736,764.4840594769013,773247757476.096,23.0,0.0,0.0,0.0,0.0,0.0,0.0
own:23,29,0,537.6,319979868354.3388,319979868354.3388,1387.9084795922581,2793669317332.9917,23.0,0.0,0.0,0.0,0.0,0.0,0.0
own:23,29,1,134.4,159989934177.1694,159989934177.1694,693.9542397961291,698417329333.2479,23.0,0.0,0.0,0.0,0.0,0.0,0.0
own:23,30,0,595.2,356034742806.408,356034742806.408,1544.2960243463142,3092991029904.384,23.0,0.0,0.0,0.0,0.0,0.0,0.0
own:23,30,1,148.8,178017371403.204,178017371403.204,772.1480121731571,773247757476.096,23.0,0.0,0.0,0.0,0.0,0.0,0.0
own:23,31,0,576.0,346272499858.49036,346272499858.49036,1501.9524236787538,2993217125713.9194,23.0,0.0,0.0,0.0,0.0,0.0,0.0
own:23,31,1,144.0,173136249929.24518,173136249929.24518,750.9762118393769,748304281428.4799,23.0,0.0,0.0,0.0,0.0,0.0,0.0
own:23,32,0,595.2,359603991103.0422,359603991103.0422,1559.7775919903856,3092991029904.384,23.0,0.0,0.0,0.0,0.0,0.0,0.0
own:23,32,1,148.8,179801995551.5211,179801995551.5211,779.8887959951928,773247757476.096,23.0,0.0,0.0,0.0,0.0,0.0,0.0
own:23,33,0,576.0,349743881669.57166,349743881669.57166,1517.009496726133,2993217125713.9194,23.0,0.0,0.0,0.0,0.0,0.0,0.0
own:23,33,1,144.0,174871940834.78583,174871940834.78583,758.5047483630665,748304281428.4799,23.0,0.0,0.0,0.0,0.0,0.0,0.0
own:23,34,0,595.2,363209021113.8501,363209021113.8501,1575.4143623500888,3092991029904.384,23.0,0.0,0.0,0.0,0.0,0.0,0.0
own:23,34,1,148.8,181604510556.92505,181604510556.92505,787.7071811750444,773247757476.096,23.0,0.0,0.0,0.0,0.0,0.0,0.0
own:23,35,0,595.2,365025066219.4193,365025066219.4193,1583.291434161839,3092991029904.384,23.0,0.0,0.0,0.0,0.0,0.0,0.0
own:23,35,1,148.8,182512533109.70966,182512533109.70966,791.6457170809196,773247757476.096,23.0,0.0,0.0,0.0,0.0,0.0,0.0
own:23,36,0,576.0,355016314403.7255,355016314403.7255,1539.878604515466,2993217125713.9194,23.0,0.0,0.0,0.0,0.0,0.0,0.0
own:23,36,1,144.0,177508157201.86276,177508157201.86276,769.939302257733,748304281428.4799,23.0,0.0,0.0,0.0,0.0,0.0,0.0
own:24,1,0,595.2,616178562048.0001,616178562048.0001,2672.666426196395,3227468900769.7915,24.0,0.0,0.0,0.0,0.0,0.0,0.0
own:24,1,1,148.8,308089281024.00006,308089281024.00006,1336.3332130981976,806867225192.4479,24.0,0.0,0.0,0.0,0.0,0.0,0.0
own:24,2,0,576.0,599283343411.2001,599283343411.2001,2599.38363709101,3123357000744.9595,24.0,0.0,0.0,0.0,0.0,0.0,0.0
own:24,2,1,144.0,299641671705.60004,299641671705.60004,1299.691818545505,780839250186.2399,24.0,0.0,0.0,0.0,0.0,0.0,0.0
own:24,3,0,595.2,622355752132.5311,622355752132.5311,2699.459907119013,3227468900769.7915,24.0,0.0,0.0,0.0,0.0,0.0,0.0
own:24,3,1,148.8,311177876066.26556,311177876066.26556,1349.7299535595066,806867225192.4479,24.0,0.0,0.0,0.0,0.0,0.0,0.0
own:24,4,0,595.2,625467530893.1937,625467530893.1937,2712.957206654608,3227468900769.7915,24.0,0.0,0.0,0.0,0.0,0.0,0.0
own:24,4,1,148.8,312733765446.59686,312733765446.59686,1356.478603327304,806867225192.4479,24.0,0.0,0.0,0.0,0.0,0.0,0.0
own:24,5,0,537.6,567763107075.3055,567763107075.3055,2462.66502565357,2915133200695.2954,24.0,0.0,0.0,0.0,0.0,0.0,0.0
own:24,5,1,134.4,283881553537.6528,283881553537.6528,1231.332512826785,728783300173.8239,24.0,0.0,0.0,0.0,0.0,0.0,0.0
own:24,6,0,595.2,631737842890.3978,631737842890.3978,2740.1546026513197,3227468900769.7915,24.0,0.0,0.0,0.0,0.0,0.0,0.0
own:24,6,1,148.8,315868921445.1989,315868921445.1989,1370.0773013256598,806867225192.4479,24.0,0.0,0.0,0.0,0.0,0.0,0.0
own:24,7,0,576.0,307207999405.5725,307207999405.5725,1332.5106656441499,3123357000744.9595,24.0,0.0,0.0,0.0,0.0,0.0,0.0
own:24,7,1,144.0,153603999702.78625,153603999702.78625,666.2553328220749,780839250186.2399,24.0,0.0,0.0,0.0,0.0,0.0,0.0
own:24,8,0,595.2,319035507382.687,319035507382.687,1383.8123262714496,3227468900769.7915,24.0,0.0,0.0,0.0,0.0,0.0,0.0
own:24,8,1,148.8,159517753691.3435,159517753691.3435,691.9061631357248,806867225192.4479,24.0,0.0,0.0,0.0,0.0,0.0,0.0
own:24,9,0,576.0,310287759599.61334,310287759599.61334,1345.8690850672324,3123357000744.9595,24.0,0.0,0.0,0.0,0.0,0.0,0.0
own:24,9,1,144.0,155143879799.80667,155143879799.80667,672.9345425336162,780839250186.2399,24.0,0.0,0.0,0.0,0.0,0.0,0.0
own:24,10,0,595.2,322233838344.19836,322233838344.19836,1397.6850448423204,3227468900769.7915,24.0,0.0,0.0,0.0,0.0,0.0,0.0
own:24,10,1,148.8,161116919172.09918,161116919172.09918,698.8425224211602,806867225192.4479,24.0,0.0,0.0,0.0,0.0,0.0,0.0
own:24,11,0,595.2,323845007535.9194,323845007535.9194,1404.673470066532,3227468900769.7915,24.0,0.0,0.0,0.0,0.0,0.0,0.0
own:24,11,1,148.8,161922503767.9597,161922503767.9597,702.336735033266,806867225192.4479,24.0,0.0,0.0,0.0,0.0,0.0,0.0
own:24,12,0,576.0,314965386361.54736,314965386361.54736,1366.158229758256,3123357000744.9595,24.0,0.0,0.0,0.0,0.0,0.0,0.0
own:24,12,1,144.0,157482693180.77368,157482693180.77368,683.079114879128,780839250186.2399,24.0,0.0,0.0,0.0,0.0,0.0,0.0
own:24,13,0,595.2,327091553736.46686,327091553736.46686,1418.7553216039487,3227468900769.7915,24.0,0.0,0.0,0.0,0.0,0.0,0.0
own:24,13,1,148.8,163545776868.23343,163545776868.23343,709.3776608019743,806867225192.4479,24.0,0.0,0.0,0.0,0.0,0.0,0.0
own:24,14,0,576.0,318122914359.8218,318122914359.8218,1379.853966011582,3123357000744.9595,24.0,0.0,0.0,0.0,0.0,0.0,0.0
own:24,14,1,144.0,159061457179.9109,159061457179.9109,689.926983005791,780839250186.2399,24.0,0.0,0.0,0.0,0.0,0.0,0.0
own:24,15,0,595.2,330370646562.67487,330370646562.67487,1432.9783437030278,3227468900769.7915,24.0,0.0,0.0,0.0,0.0,0.0,0.0
own:24,15,1,148.8,165185323281.33743,165185323281.33743,716.4891718515139,806867225192.4479,24.0,0.0,0.0,0.0,0.0,0.0,0.0
own:24,16,0,595.2,332022499795.4882,332022499795.4882,1440.1432354215428,3227468900769.7915,24.0,0.0,0.0,0.0,0.0,0.0,0.0
own:24,16,1,148.8,166011249897.7441,166011249897.7441,720.0716177107714,806867225192.4479,24.0,0.0,0.0,0.0,0.0,0.0,0.0
own:24,17,0,556.8000000000001,312154701823.855,312154701823.855,1353.966922463254,3019245100720.128,24.0,0.0,0.0,0.0,0.0,0.0,0.0
own:24,17,1,139.20000000000002,156077350911.9275,156077350911.9275,676.983461231627,754811275180.032,24.0,0.0,0.0,0.0,0.0,0.0,0.0
own:24,18,0,595.2,335351025355.93787,335351025355.93787,1454.5806713566433,3227468900769.7915,24.0,0.0,0.0,0.0,0.0,0.0,0.0
own:24,18,1,148.8,167675512677.96893,167675512677.96893,727.2903356783216,806867225192.4479,24.0,0.0,0.0,0.0,0.0,0.0,0.0
own:24,19,0,576.0,326155916596.1783,326155916596.1783,1414.697007787187,3123357000744.9595,24.0,0.0,0.0,0.0,0.0,0.0,0.0
own:24,19,1,144.0,163077958298.08914,163077958298.08914,707.3485038935935,780839250186.2399,24.0,0.0,0.0,0.0,0.0,0.0,0.0
own:24,20,0,595.2,338712919385.1311,338712919385.1311,1469.1628425869935,3227468900769.7915,24.0,0.0,0.0,0.0,0.0,0.0,0.0
own:24,20,1,148.8,169356459692.56555,169356459692.56555,734.5814212934968,806867225192.4479,24.0,0.0,0.0,0.0,0.0,0.0,0.0
own:24,21,0,576.0,329425629660.0549,329425629660.0549,1428.8793452902532,3123357000744.9595,24.0,0.0,0.0,0.0,0.0,0.0,0.0
own:24,21,1,144.0,164712814830.02744,164712814830.02744,714.4396726451266,780839250186.2399,24.0,0.0,0.0,0.0,0.0,0.0,0.0
own:24,22,0,595.2,342108516401.967,342108516401.967,1483.891200083928,3227468900769.7915,24.0,0.0,0.0,0.0,0.0,0.0,0.0
own:24,22,1,148.8,171054258200.9835,171054258200.9835,741.945600041964,806867225192.4479,24.0,0.0,0.0,0.0,0.0,0.0,0.0
own:24,23,0,595.2,343819058983.97675,343819058983.97675,1491.310656084347,3227468900769.7915,24.0,0.0,0.0,0.0,0.0,0.0,0.0
own:24,23,1,148.8,171909529491.98837,171909529491.98837,745.6553280421736,806867225192.4479,24.0,0.0,0.0,0.0,0.0,0.0,0.0
own:24,24,0,576.0,334391762205.38385,334391762205.38385,1450.4198800304216,3123357000744.9595,24.0,0.0,0.0,0.0,0.0,0.0,0.0
own:24,24,1,144.0,167195881102.69193,167195881102.69193,725.2099400152108,780839250186.2399,24.0,0.0,0.0,0.0,0.0,0.0,0.0
own:24,25,0,595.2,347265845050.2911,347265845050.2911,1506.2610454115927,3227468900769.7915,24.0,0.0,0.0,0.0,0.0,0.0,0.0
own:24,25,1,148.8,173632922525.14554,173632922525.14554,753.1305227057964,806867225192.4479,24.0,0.0,0.0,0.0,0.0,0.0,0.0
own:24,26,0,576.0,337744039621.4927,337744039621.4927,1464.960339327726,3123357000744.9595,24.0,0.0,0.0,0.0,0.0,0.0,0.0
own:24,26,1,144.0,168872019810.74634,168872019810.74634,732.480169663863,780839250186.2399,24.0,0.0,0.0,0.0,0.0,0.0,0.0
own:24,27,0,595.2,350747185146.92017,350747185146.92017,1521.3613123918435,3227468900769.7915,24.0,0.0,0.0,0.0,0.0,0.0,0.0
own:24,27,1,148.8,175373592573.46008,175373592573.46008,760.6806561959218,806867225192.4479,24.0,0.0,0.0,0.0,0.0,0.0,0.0
own:24,28,0,595.2,352500921072.6547,352500921072.6547,1528.9681189538026,3227468900769.7915,24.0,0.0,0.0,0.0,0.0,0.0,0.0
own:24,28,1,148.8,176250460536.32736,176250460536.32736,764.4840594769013,806867225192.4479,24.0,0.0,0.0,0.0,0.0,0.0,0.0
own:24,29,0,537.6,319979868354.3388,319979868354.3388,1387.9084795922581,2915133200695.2954,24.0,0.0,0.0,0.0,0.0,0.0,0.0
own:24,29,1,134.4,159989934177.1694,159989934177.1694,693.9542397961291,728783300173.8239,24.0,0.0,0.0,0.0,0.0,0.0,0.0
own:24,30,0,595.2,356034742806.408,356034742806.408,1544.2960243463142,3227468900769.7915,24.0,0.0,0.0,0.0,0.0,0.0,0.0
own:24,30,1,148.8,178017371403.204,178017371403.204,772.1480121731571,806867225192.4479,24.0,0.0,0.0,0.0,0.0,0.0,0.0
own:24,31,0,576.0,346272499858.49036,346272499858.49036,1501.9524236787538,3123357000744.9595,24.0,0.0,0.0,0.0,0.0,0.0,0.0
own:24,31,1,144.0,173136249929.24518,173136249929.24518,750.9762118393769,780839250186.2399,24.0,0.0,0.0,0.0,0.0,0.0,0.0
own:24,32,0,595.2,359603991103.0422,359603991103.0422,1559.7775919903856,3227468900769.7915,24.0,0.0,0.0,0.0,0.0,0.0,0.0
own:24,32,1,148.8,179801995551.5211,179801995551.5211,779.8887959951928,806867225192.4479,24.0,0.0,0.0,0.0,0.0,0.0,0.0
own:24,33,0,576.0,349743881669.57166,349743881669.57166,1517.009496726133,3123357000744.9595,24.0,0.0,0.0,0.0,0.0,0.0,0.0
own:24,33,1,144.0,174871940834.78583,174871940834.78583,758.5047483630665,780839250186.2399,24.0,0.0,0.0,0.0,0.0,0.0,0.0
own:24,34,0,595.2,363209021113.8501,363209021113.8501,1575.4143623500888,3227468900769.7915,24.0,0.0,0.0,0.0,0.0,0.0,0.0
own:24,34,1,148.8,181604510556.92505,181604510556.92505,787.7071811750444,806867225192.4479,24.0,0.0,0.0,0.0,0.0,0.0,0.0
own:24,35,0,595.2,365025066219.4193,365025066219.4193,1583.291434161839,3227468900769.7915,24.0,0.0,0.0,0.0,0.0,0.0,0.0
own:24,35,1,148.8,182512533109.70966,182512533109.70966,791.6457170809196,806867225192.4479,24.0,0.0,0.0,0.0,0.0,0.0,0.0
own:24,36,0,576.0,355016314403.7255,355016314403.7255,1539.878604515466,3123357000744.9595,24.0,0.0,0.0,0.0,0.0,0.0,0.0
own:24,36,1,144.0,177508157201.86276,177508157201.86276,769.939302257733,780839250186.2399,24.0,0.0,0.0,0.0,0.0,0.0,0.0
own:25,1,0,595.2,616178562048.0001,616178562048.0001,2672.666426196395,3361946771635.1997,25.0,0.0,0.0,0.0,0.0,0.0,0.0
own:25,1,1,148.8,308089281024.00006,308089281024.00006,1336.3332130981976,840486692908.7999,25.0,0.0,0.0,0.0,0.0,0.0,0.0
own:25,2,0,576.0,599283343411.2001,599283343411.2001,2599.38363709101,3253496875775.9995,25.0,0.0,0.0,0.0,0.0,0.0,0.0
own:25,2,1,144.0,299641671705.60004,299641671705.60004,1299.691818545505,813374218943.9999,25.0,0.0,0.0,0.0,0.0,0.0,0.0
own:25,3,0,595.2,622355752132.5311,622355752132.5311,2699.459907119013,3361946771635.1997,25.0,0.0,0.0,0.0,0.0,0.0,0.0
own:25,3,1,148.8,311177876066.26556,311177876066.26556,1349.7299535595066,840486692908.7999,25.0,0.0,0.0,0.0,0.0,0.0,0.0
own:25,4,0,595.2,625467530893.1937,625467530893.1937,2712.957206654608,3361946771635.1997,25.0,0.0,0.0,0.0,0.0,0.0,0.0
own:25,4,1,148.8,312733765446.59686,312733765446.59686,1356.478603327304,840486692908.7999,25.0,0.0,0.0,0.0,0.0,0.0,0.0
own:25,5,0,537.6,567763107075.3055,567763107075.3055,2462.66502565357,3036597084057.5996,25.0,0.0,0.0,0.0,0.0,0.0,0.0
own:25,5,1,134.4,283881553537.6528,283881553537.6528,1231.332512826785,759149271014.3999,25.0,0.0,0.0,0.0,0.0,0.0,0.0
own:25,6,0,595.2,631737842890.3978,631737842890.3978,2740.1546026513197,3361946771635.1997,25.0,0.0,0.0,0.0,0.0,0.0,0.0
own:25,6,1,148.8,315868921445.1989,315868921445.1989,1370.0773013256598,840486692908.7999,25.0,0.0,0.0,0.0,0.0,0.0,0.0
own:25,7,0,576.0,307207999405.5725,307207999405.5725,1332.5106656441499,3253496875775.9995,25.0,0.0,0.0,0.0,0.0,0.0,0.0
own:25,7,1,144.0,153603999702.78625,153603999702.78625,666.2553328220749,813374218943.9999,25.0,0.0,0.0,0.0,0.0,0.0,0.0
own:25,8,0,595.2,319035507382.687,319035507382.687,1383.8123262714496,3361946771635.1997,25.0,0.0,0.0,0.0,0.0,0.0,0.0
own:25,8,1,148.8,159517753691.3435,159517753691.3435,691.9061631357248,840486692908.7999,25.0,0.0,0.0,0.0,0.0,0.0,0.0
own:25,9,0,576.0,310287759599.61334,310287759599.61334,1345.8690850672324,3253496875775.9995,25.0,0.0,0.0,0.0,0.0,0.0,0.0
own:25,9,1,144.0,155143879799.80667,155143879799.80667,672.9345425336162,813374218943.9999,25.0,0.0,0.0,0.0,0.0,0.0,0.0
own:25,10,0,595.2,322233838344.19836,322233838344.19836,1397.6850448423204,3361946771635.1997,25.0,0.0,0.0,0.0,0.0,0.0,0.0
own:25,10,1,148.8,161116919172.09918,161116919172.09918,698.8425224211602,840486692908.7999,25.0,0.0,0.0,0.0,0.0,0.0,0.0
own:25,11,0,595.2,323845007535.9194,323845007535.9194,1404.673470066532,3361946771635.1997,25.0,0.0,0.0,0.0,0.0,0.0,0.0
own:25,11,1,148.8,161922503767.9597,161922503767.9597,702.336735033266,840486692908.7999,25.0,0.0,0.0,0.0,0.0,0.0,0.0
own:25,12,0,576.0,314965386361.54736,314965386361.54736,1366.158229758256,3253496875775.9995,25.0,0.0,0.0,0.0,0.0,0.0,0.0
own:25,12,1,144.0,157482693180.77368,157482693180.77368,683.079114879128,813374218943.9999,25.0,0.0,0.0,0.0,0.0,0.0,0.0
own:25,13,0,595.2,327091553736.46686,327091553736.46686,1418.7553216039487,3361946771635.1997,25.0,0.0,0.0,0.0,0.0,0.0,0.0
own:25,13,1,148.8,163545776868.23343,163545776868.23343,709.3776608019743,840486692908.7999,25.0,0.0,0.0,0.0,0.0,0.0,0.0
own:25,14,0,576.0,318122914359.8218,318122914359.8218,1379.853966011582,3253496875775.9995,25.0,0.0,0.0,0.0,0.0,0.0,0.0
own:25,14,1,144.0,159061457179.9109,159061457179.9109,689.926983005791,813374218943.9999,25.0,0.0,0.0,0.0,0.0,0.0,0.0
own:25,15,0,595.2,330370646562.67487,330370646562.67487,1432.9783437030278,3361946771635.1997,25.0,0.0,0.0,0.0,0.0,0.0,0.0
own:25,15,1,148.8,165185323281.33743,165185323281.33743,716.4891718515139,840486692908.7999,25.0,0.0,0.0,0.0,0.0,0.0,0.0
own:25,16,0,595.2,332022499795.4882,332022499795.4882,1440.1432354215428,3361946771635.1997,25.0,0.0,0.0,0.0,0.0,0.0,0.0
own:25,16,1,148.8,166011249897.7441,166011249897.7441,720.0716177107714,840486692908.7999,25.0,0.0,0.0,0.0,0.0,0.0,0.0
own:25,17,0,556.8000000000001,312154701823.855,312154701823.855,1353.966922463254,3145046979916.8,25.0,0.0,0.0,0.0,0.0,0.0,0.0
own:25,17,1,139.20000000000002,156077350911.9275,156077350911.9275,676.983461231627,786261744979.2,25.0,0.0,0.0,0.0,0.0,0.0,0.0
own:25,18,0,595.2,335351025355.93787,335351025355.93787,1454.5806713566433,3361946771635.1997,25.0,0.0,0.0,0.0,0.0,0.0,0.0
own:25,18,1,148.8,167675512677.96893,167675512677.96893,727.2903356783216,840486692908.7999,25.0,0.0,0.0,0.0,0.0,0.0,0.0
own:25,19,0,576.0,326155916596.1783,326155916596.1783,1414.697007787187,3253496875775.9995,25.0,0.0,0.0,0.0,0.0,0.0,0.0
own:25,19,1,144.0,163077958298.08914,163077958298.08914,707.3485038935935,813374218943.9999,25.0,0.0,0.0,0.0,0.0,0.0,0.0
own:25,20,0,595.2,338712919385.1311,338712919385.1311,1469.1628425869935,3361946771635.1997,25.0,0.0,0.0,0.0,0.0,0.0,0.0
own:25,20,1,148.8,169356459692.56555,169356459692.56555,734.5814212934968,840486692908.7999,25.0,0.0,0.0,0.0,0.0,0.0,0.0
own:25,21,0,576.0,329425629660.0549,329425629660.0549,1428.8793452902532,3253496875775.9995,25.0,0.0,0.0,0.0,0.0,0.0,0.0
own:25,21,1,144.0,164712814830.02744,164712814830.02744,714.4396726451266,813374218943.9999,25.0,0.0,0.0,0.0,0.0,0.0,0.0
own:25,22,0,595.2,342108516401.967,342108516401.967,1483.891200083928,3361946771635.1997,25.0,0.0,0.0,0.0,0.0,0.0,0.0
own:25,22,1,148.8,171054258200.9835,171054258200.9835,741.945600041964,840486692908.7999,25.0,0.0,0.0,0.0,0.0,0.0,0.0
own:25,23,0,595.2,343819058983.97675,343819058983.97675,1491.310656084347,3361946771635.1997,25.0,0.0,0.0,0.0,0.0,0.0,0.0
own:25,23,1,148.8,171909529491.98837,171909529491.98837,745.6553280421736,840486692908.7999,25.0,0.0,0.0,0.0,0.0,0.0,0.0
own:25,24,0,576.0,334391762205.38385,334391762205.38385,1450.4198800304216,3253496875775.9995,25.0,0.0,0.0,0.0,0.0,0.0,0.0
own:25,24,1,144.0,167195881102.69193,167195881102.69193,725.2099400152108,813374218943.9999,25.0,0.0,0.0,0.0,0.0,0.0,0.0
own:25,25,0,595.2,347265845050.2911,347265845050.2911,1506.2610454115927,3361946771635.1997,25.0,0.0,0.0,0.0,0.0,0.0,0.0
own:25,25,1,148.8,173632922525.14554,173632922525.14554,753.1305227057964,840486692908.7999,25.0,0.0,0.0,0.0,0.0,0.0,0.0
own:25,26,0,576.0,337744039621.4927,337744039621.4927,1464.960339327726,3253496875775.9995,25.0,0.0,0.0,0.0,0.0,0.0,0.0
own:25,26,1,144.0,168872019810.74634,168872019810.74634,732.480169663863,813374218943.9999,25.0,0.0,0.0,0.0,0.0,0.0,0.0
own:25,27,0,595.2,350747185146.92017,350747185146.92017,1521.3613123918435,3361946771635.1997,25.0,0.0,0.0,0.0,0.0,0.0,0.0
own:25,27,1,148.8,175373592573.46008,175373592573.46008,760.6806561959218,840486692908.7999,25.0,0.0,0.0,0.0,0.0,0.0,0.0
own:25,28,0,595.2,352500921072.6547,352500921072.6547,1528.9681189538026,3361946771635.1997,25.0,0.0,0.0,0.0,0.0,0.0,0.0
own:25,28,1,148.8,176250460536.32736,176250460536.32736,764.4840594769013,840486692908.7999,25.0,0.0,0.0,0.0,0.0,0.0,0.0
own:25,29,0,537.6,319979868354.3388,319979868354.3388,1387.9084795922581,3036597084057.5996,25.0,0.0,0.0,0.0,0.0,0.0,0.0
own:25,29,1,134.4,159989934177.1694,159989934177.1694,693.9542397961291,759149271014.3999,25.0,0.0,0.0,0.0,0.0,0.0,0.0
own:25,30,0,595.2,356034742806.408,356034742806.408,1544.2960243463142,3361946771635.1997,25.0,0.0,0.0,0.0,0.0,0.0,0.0
own:25,30,1,148.8,178017371403.204,178017371403.204,772.1480121731571,840486692908.7999,25.0,0.0,0.0,0.0,0.0,0.0,0.0
own:25,31,0,576.0,346272499858.49036,346272499858.49036,1501.9524236787538,3253496875775.9995,25.0,0.0,0.0,0.0,0.0,0.0,0.0
own:25,31,1,144.0,173136249929.24518,173136249929.24518,750.9762118393769,813374218943.9999,25.0,0.0,0.0,0.0,0.0,0.0,0.0
own:25,32,0,595.2,359603991103.0422,359603991103.0422,1559.7775919903856,3361946771635.1997,25.0,0.0,0.0,0.0,0.0,0.0,0.0
own:25,32,1,148.8,179801995551.5211,179801995551.5211,779.8887959951928,840486692908.7999,25.0,0.0,0.0,0.0,0.0,0.0,0.0
own:25,33,0,576.0,349743881669.57166,349743881669.57166,1517.009496726133,3253496875775.9995,25.0,0.0,0.0,0.0,0.0,0.0,0.0
own:25,33,1,144.0,174871940834.78583,174871940834.78583,758.5047483630665,813374218943.9999,25.0,0.0,0.0,0.0,0.0,0.0,0.0
own:25,34,0,595.2,363209021113.8501,363209021113.8501,1575.4143623500888,3361946771635.1997,25.0,0.0,0.0,0.0,0.0,0.0,0.0
own:25,34,1,148.8,181604510556.92505,181604510556.92505,787.7071811750444,840486692908.7999,25.0,0.0,0.0,0.0,0.0,0.0,0.0
own:25,35,0,595.2,365025066219.4193,365025066219.4193,1583.291434161839,3361946771635.1997,25.0,0.0,0.0,0.0,0.0,0.0,0.0
own:25,35,1,148.8,182512533109.70966,182512533109.70966,791.6457170809196,840486692908.7999,25.0,0.0,0.0,0.0,0.0,0.0,0.0
own:25,36,0,576.0,355016314403.7255,355016314403.7255,1539.878604515466,3253496875775.9995,25.0,0.0,0.0,0.0,0.0,0.0,0.0
own:25,36,1,144.0,177508157201.86276,177508157201.86276,769.939302257733,813374218943.9999,25.0,0.0,0.0,0.0,0.0,0.0,0.0
own:26,1,0,595.2,616178562048.0001,616178562048.0001,2672.666426196395,3496424642500.608,26.0,0.0,0.0,0.0,0.0,0.0,0.0
own:26,1,1,148.8,308089281024.00006,308089281024.00006,1336.3332130981976,874106160625.152,26.0,0.0,0.0,0.0,0.0,0.0,0.0
own:26,2,0,576.0,599283343411.2001,599283343411.2001,2599.38363709101,3383636750807.0396,26.0,0.0,0.0,0.0,0.0,0.0,0.0
own:26,2,1,144.0,299641671705.60004,299641671705.60004,1299.691818545505,845909187701.7599,26.0,0.0,0.0,0.0,0.0,0.0,0.0
own:26,3,0,595.2,622355752132.5311,622355752132.5311,2699.459907119013,3496424642500.608,26.0,0.0,0.0,0.0,0.0,0.0,0.0
own:26,3,1,148.8,311177876066.26556,311177876066.26556,1349.7299535595066,874106160625.152,26.0,0.0,0.0,0.0,0.0,0.0,0.0
own:26,4,0,595.2,625467530893.1937,625467530893.1937,2712.957206654608,3496424642500.608,26.0,0.0,0.0,0.0,0.0,0.0,0.0
own:26,4,1,148.8,312733765446.59686,312733765446.59686,1356.478603327304,874106160625.152,26.0,0.0,0.0,0.0,0.0,0.0,0.0
own:26,5,0,537.6,567763107075.3055,567763107075.3055,2462.66502565357,3158060967419.904,26.0,0.0,0.0,0.0,0.0,0.0,0.0
own:26,5,1,134.4,283881553537.6528,283881553537.6528,1231.332512826785,789515241854.976,26.0,0.0,0.0,0.0,0.0,0.0,0.0
own:26,6,0,595.2,631737842890.3978,631737842890.3978,2740.1546026513197,3496424642500.608,26.0,0.0,0.0,0.0,0.0,0.0,0.0
own:26,6,1,148.8,315868921445.1989,315868921445.1989,1370.0773013256598,874106160625.152,26.0,0.0,0.0,0.0,0.0,0.0,0.0
own:26,7,0,576.0,307207999405.5725,307207999405.5725,1332.5106656441499,3383636750807.0396,26.0,0.0,0.0,0.0,0.0,0.0,0.0
own:26,7,1,144.0,153603999702.78625,153603999702.78625,666.2553328220749,845909187701.7599,26.0,0.0,0.0,0.0,0.0,0.0,0.0
own:26,8,0,595.2,319035507382.687,319035507382.687,1383.8123262714496,3496424642500.608,26.0,0.0,0.0,0.0,0.0,0.0,0.0
own:26,8,1,148.8,159517753691.3435,159517753691.3435,691.9061631357248,874106160625.152,26.0,0.0,0.0,0.0,0.0,0.0,0.0
own:26,9,0,576.0,310287759599.61334,310287759599.61334,1345.8690850672324,3383636750807.0396,26.0,0.0,0.0,0.0,0.0,0.0,0.0
own:26,9,1,144.0,155143879799.80667,155143879799.80667,672.9345425336162,845909187701.7599,26.0,0.0,0.0,0.0,0.0,0.0,0.0
own:26,10,0,595.2,322233838344.19836,322233838344.19836,1397.6850448423204,3496424642500.608,26.0,0.0,0.0,0.0,0.0,0.0,0.0
own:26,10,1,148.8,161116919172.09918,161116919172.09918,698.8425224211602,874106160625.152,26.0,0.0,0.0,0.0,0.0,0.0,0.0
own:26,11,0,595.2,323845007535.9194,323845007535.9194,1404.673470066532,3496424642500.608,26.0,0.0,0.0,0.0,0.0,0.0,0.0
own:26,11,1,148.8,161922503767.9597,161922503767.9597,702.336735033266,874106160625.152,26.0,0.0,0.0,0.0,0.0,0.0,0.0
own:26,12,0,576.0,314965386361.54736,314965386361.54736,1366.158229758256,3383636750807.0396,26.0,0.0,0.0,0.0,0.0,0.0,0.0
own:26,12,1,144.0,157482693180.77368,157482693180.77368,683.079114879128,845909187701.7599,26.0,0.0,0.0,0.0,0.0,0.0,0.0
own:26,13,0,595.2,327091553736.46686,327091553736.46686,1418.7553216039487,3496424642500.608,26.0,0.0,0.0,0.0,0.0,0.0,0.0
own:26,13,1,148.8,163545776868.23343,163545776868.23343,709.3776608019743,874106160625.152,26.0,0.0,0.0,0.0,0.0,0.0,0.0
own:26,14,0,576.0,318122914359.8218,318122914359.8218,1379.853966011582,3383636750807.0396,26.0,0.0,0.0,0.0,0.0,0.0,0.0
own:26,14,1,144.0,159061457179.9109,159061457179.9109,689.926983005791,845909187701.7599,26.0,0.0,0.0,0.0,0.0,0.0,0.0
own:26,15,0,595.2,330370646562.67487,330370646562.67487,1432.9783437030278,3496424642500.608,26.0,0.0,0.0,0.0,0.0,0.0,0.0
own:26,15,1,148.8,165185323281.33743,165185323281.33743,716.4891718515139,874106160625.152,26.0,0.0,0.0,0.0,0.0,0.0,0.0
own:26,16,0,595.2,332022499795.4882,332022499795.4882,1440.1432354215428,3496424642500.608,26.0,0.0,0.0,0.0,0.0,0.0,0.0
own:26,16,1,148.8,166011249897.7441,166011249897.7441,720.0716177107714,874106160625.152,26.0,0.0,0.0,0.0,0.0,0.0,0.0
own:26,17,0,556.8000000000001,312154701823.855,312154701823.855,1353.966922463254,3270848859113.4717,26.0,0.0,0.0,0.0,0.0,0.0,0.0
own:26,17,1,139.20000000000002,156077350911.9275,156077350911.9275,676.983461231627,817712214778.3679,26.0,0.0,0.0,0.0,0.0,0.0,0.0
own:26,18,0,595.2,335351025355.93787,335351025355.93787,1454.5806713566433,3496424642500.608,26.0,0.0,0.0,0.0,0.0,0.0,0.0
own:26,18,1,148.8,167675512677.96893,167675512677.96893,727.2903356783216,874106160625.152,26.0,0.0,0.0,0.0,0.0,0.0,0.0
own:26,19,0,576.0,326155916596.1783,326155916596.1783,1414.697007787187,3383636750807.0396,26.0,0.0,0.0,0.0,0.0,0.0,0.0
own:26,19,1,144.0,163077958298.08914,163077958298.08914,707.3485038935935,845909187701.7599,26.0,0.0,0.0,0.0,0.0,0.0,0.0
own:26,20,0,595.2,338712919385.1311,338712919385.1311,1469.1628425869935,3496424642500.608,26.0,0.0,0.0,0.0,0.0,0.0,0.0
own:26,20,1,148.8,169356459692.56555,169356459692.56555,734.5814212934968,874106160625.152,26.0,0.0,0.0,0.0,0.0,0.0,0.0
own:26,21,0,576.0,329425629660.0549,329425629660.0549,1428.8793452902532,3383636750807.0396,26.0,0.0,0.0,0.0,0.0,0.0,0.0
own:26,21,1,144.0,164712814830.02744,164712814830.02744,714.4396726451266,845909187701.7599,26.0,0.0,0.0,0.0,0.0,0.0,0.0
own:26,22,0,595.2,342108516401.967,342108516401.967,1483.891200083928,3496424642500.608,26.0,0.0,0.0,0.0,0.0,0.0,0.0
own:26,22,1,148.8,171054258200.9835,171054258200.9835,741.945600041964,874106160625.152,26.0,0.0,0.0,0.0,0.0,0.0,0.0
own:26,23,0,595.2,343819058983.97675,343819058983.97675,1491.310656084347,3496424642500.608,26.0,0.0,0.0,0.0,0.0,0.0,0.0
own:26,23,1,148.8,171909529491.98837,171909529491.98837,745.6553280421736,874106160625.152,26.0,0.0,0.0,0.0,0.0,0.0,0.0
own:26,24,0,576.0,334391762205.38385,334391762205.38385,1450.4198800304216,3383636750807.0396,26.0,0.0,0.0,0.0,0.0,0.0,0.0
own:26,24,1,144.0,167195881102.69193,167195881102.69193,725.2099400152108,845909187701.7599,26.0,0.0,0.0,0.0,0.0,0.0,0.0
own:26,25,0,595.2,347265845050.2911,347265845050.2911,1506.2610454115927,3496424642500.608,26.0,0.0,0.0,0.0,0.0,0.0,0.0
own:26,25,1,148.8,173632922525.14554,173632922525.14554,753.1305227057964,874106160625.152,26.0,0.0,0.0,0.0,0.0,0.0,0.0
own:26,26,0,576.0,337744039621.4927,337744039621.4927,1464.960339327726,3383636750807.0396,26.0,0.0,0.0,0.0,0.0,0.0,0.0
own:26,26,1,144.0,168872019810.74634,168872019810.74634,732.480169663863,845909187701.7599,26.0,0.0,0.0,0.0,0.0,0.0,0.0
own:26,27,0,595.2,350747185146.92017,350747185146.92017,1521.3613123918435,3496424642500.608,26.0,0.0,0.0,0.0,0.0,0.0,0.0
own:26,27,1,148.8,175373592573.46008,175373592573.46008,760.6806561959218,874106160625.152,26.0,0.0,0.0,0.0,0.0,0.0,0.0
own:26,28,0,595.2,352500921072.6547,352500921072.6547,1528.9681189538026,3496424642500.608,26.0,0.0,0.0,0.0,0.0,0.0,0.0
own:26,28,1,148.8,176250460536.32736,176250460536.32736,764.4840594769013,874106160625.152,26.0,0.0,0.0,0.0,0.0,0.0,0.0
own:26,29,0,537.6,319979868354.3388,319979868354.3388,1387.9084795922581,3158060967419.904,26.0,0.0,0.0,0.0,0.0,0.0,0.0
own:26,29,1,134.4,159989934177.1694,159989934177.1694,693.9542397961291,789515241854.976,26.0,0.0,0.0,0.0,0.0,0.0,0.0
own:26,30,0,595.2,356034742806.408,356034742806.408,1544.2960243463142,3496424642500.608,26.0,0.0,0.0,0.0,0.0,0.0,0.0
own:26,30,1,148.8,178017371403.204,178017371403.204,772.1480121731571,874106160625.152,26.0,0.0,0.0,0.0,0.0,0.0,0.0
own:26,31,0,576.0,346272499858.49036,346272499858.49036,1501.9524236787538,3383636750807.0396,26.0,0.0,0.0,0.0,0.0,0.0,0.0
own:26,31,1,144.0,173136249929.24518,173136249929.24518,750.9762118393769,845909187701.7599,26.0,0.0,0.0,0.0,0.0,0.0,0.0
own:26,32,0,595.2,359603991103.0422,359603991103.0422,1559.7775919903856,3496424642500.608,26.0,0.0,0.0,0.0,0.0,0.0,0.0
own:26,32,1,148.8,179801995551.5211,179801995551.5211,779.8887959951928,874106160625.152,26.0,0.0,0.0,0.0,0.0,0.0,0.0
own:26,33,0,576.0,349743881669.57166,349743881669.57166,1517.009496726133,3383636750807.0396,26.0,0.0,0.0,0.0,0.0,0.0,0.0
own:26,33,1,144.0,174871940834.78583,174871940834.78583,758.5047483630665,845909187701.7599,26.0,0.0,0.0,0.0,0.0,0.0,0.0
own:26,34,0,595.2,363209021113.8501,363209021113.8501,1575.4143623500888,3496424642500.608,26.0,0.0,0.0,0.0,0.0,0.0,0.0
own:26,34,1,148.8,181604510556.92505,181604510556.92505,787.7071811750444,874106160625.152,26.0,0.0,0.0,0.0,0.0,0.0,0.0
own:26,35,0,595.2,365025066219.4193,365025066219.4193,1583.291434161839,3496424642500.608,26.0,0.0,0.0,0.0,0.0,0.0,0.0
own:26,35,1,148.8,182512533109.70966,182512533109.70966,791.6457170809196,874106160625.152,26.0,0.0,0.0,0.0,0.0,0.0,0.0
own:26,36,0,576.0,355016314403.7255,355016314403.7255,1539.878604515466,3383636750807.0396,26.0,0.0,0.0,0.0,0.0,0.0,0.0
own:26,36,1,144.0,177508157201.86276,177508157201.86276,769.939302257733,845909187701.7599,26.0,0.0,0.0,0.0,0.0,0.0,0.0
own:27,1,0,595.2,616178562048.0001,616178562048.0001,2672.666426196395,3630902513366.0156,27.0,0.0,0.0,0.0,0.0,0.0,0.0
own:27,1,1,148.8,308089281024.00006,308089281024.00006,1336.3332130981976,907725628341.5039,27.0,0.0,0.0,0.0,0.0,0.0,0.0
own:27,2,0,576.0,599283343411.2001,599283343411.2001,2599.38363709101,3513776625838.0796,27.0,0.0,0.0,0.0,0.0,0.0,0.0
own:27,2,1,144.0,299641671705.60004,299641671705.60004,1299.691818545505,878444156459.5199,27.0,0.0,0.0,0.0,0.0,0.0,0.0
own:27,3,0,595.2,622355752132.5311,622355752132.5311,2699.459907119013,3630902513366.0156,27.0,0.0,0.0,0.0,0.0,0.0,0.0
own:27,3,1,148.8,311177876066.26556,311177876066.26556,1349.7299535595066,907725628341.5039,27.0,0.0,0.0,0.0,0.0,0.0,0.0
own:27,4,0,595.2,625467530893.1937,625467530893.1937,2712.957206654608,3630902513366.0156,27.0,0.0,0.0,0.0,0.0,0.0,0.0
own:27,4,1,148.8,312733765446.59686,312733765446.59686,1356.478603327304,907725628341.5039,27.0,0.0,0.0,0.0,0.0,0.0,0.0
own:27,5,0,537.6,567763107075.3055,567763107075.3055,2462.66502565357,3279524850782.2075,27.0,0.0,0.0,0.0,0.0,0.0,0.0
own:27,5,1,134.4,283881553537.6528,283881553537.6528,1231.332512826785,819881212695.5519,27.0,0.0,0.0,0.0,0.0,0.0,0.0
own:27,6,0,595.2,631737842890.3978,631737842890.3978,2740.1546026513197,3630902513366.0156,27.0,0.0,0.0,0.0,0.0,0.0,0.0
own:27,6,1,148.8,315868921445.1989,315868921445.1989,1370.0773013256598,907725628341.5039,27.0,0.0,0.0,0.0,0.0,0.0,0.0
own:27,7,0,576.0,307207999405.5725,307207999405.5725,1332.5106656441499,3513776625838.0796,27.0,0.0,0.0,0.0,0.0,0.0,0.0
own:27,7,1,144.0,153603999702.78625,153603999702.78625,666.2553328220749,878444156459.5199,27.0,0.0,0.0,0.0,0.0,0.0,0.0
own:27,8,0,595.2,319035507382.687,319035507382.687,1383.8123262714496,3630902513366.0156,27.0,0.0,0.0,0.0,0.0,0.0,0.0
own:27,8,1,148.8,159517753691.3435,159517753691.3435,691.9061631357248,907725628341.5039,27.0,0.0,0.0,0.0,0.0,0.0,0.0
own:27,9,0,576.0,310287759599.61334,310287759599.61334,1345.8690850672324,3513776625838.0796,27.0,0.0,0.0,0.0,0.0,0.0,0.0
own:27,9,1,144.0,155143879799.80667,155143879799.80667,672.9345425336162,878444156459.5199,27.0,0.0,0.0,0.0,0.0,0.0,0.0
own:27,10,0,595.2,322233838344.19836,322233838344.19836,1397.6850448423204,3630902513366.0156,27.0,0.0,0.0,0.0,0.0,0.0,0.0
own:27,10,1,148.8,161116919172.09918,161116919172.09918,698.8425224211602,907725628341.5039,27.0,0.0,0.0,0.0,0.0,0.0,0.0
own:27,11,0,595.2,323845007535.9194,323845007535.9194,1404.673470066532,3630902513366.0156,27.0,0.0,0.0,0.0,0.0,0.0,0.0
own:27,11,1,148.8,161922503767.9597,161922503767.9597,702.336735033266,907725628341.5039,27.0,0.0,0.0,0.0,0.0,0.0,0.0
own:27,12,0,576.0,314965386361.54736,314965386361.54736,1366.158229758256,3513776625838.0796,27.0,0.0,0.0,0.0,0.0,0.0,0.0
own:27,12,1,144.0,157482693180.77368,157482693180.77368,683.079114879128,878444156459.5199,27.0,0.0,0.0,0.0,0.0,0.0,0.0
own:27,13,0,595.2,327091553736.46686,327091553736.46686,1418.7553216039487,3630902513366.0156,27.0,0.0,0.0,0.0,0.0,0.0,0.0
own:27,13,1,148.8,163545776868.23343,163545776868.23343,709.3776608019743,907725628341.5039,27.0,0.0,0.0,0.0,0.0,0.0,0.0
own:27,14,0,576.0,318122914359.8218,318122914359.8218,1379.853966011582,3513776625838.0796,27.0,0.0,0.0,0.0,0.0,0.0,0.0
own:27,14,1,144.0,159061457179.9109,159061457179.9109,689.926983005791,878444156459.5199,27.0,0.0,0.0,0.0,0.0,0.0,0.0
own:27,15,0,595.2,330370646562.67487,330370646562.67487,1432.9783437030278,3630902513366.0156,27.0,0.0,0.0,0.0,0.0,0.0,0.0
own:27,15,1,148.8,165185323281.33743,165185323281.33743,716.4891718515139,907725628341.5039,27.0,0.0,0.0,0.0,0.0,0.0,0.0
own:27,16,0,595.2,332022499795.4882,332022499795.4882,1440.1432354215428,3630902513366.0156,27.0,0.0,0.0,0.0,0.0,0.0,0.0
own:27,16,1,148.8,166011249897.7441,166011249897.7441,720.0716177107714,907725628341.5039,27.0,0.0,0.0,0.0,0.0,0.0,0.0
own:27,17,0,556.8000000000001,312154701823.855,312154701823.855,1353.966922463254,3396650738310.144,27.0,0.0,0.0,0.0,0.0,0.0,0.0
own:27,17,1,139.20000000000002,156077350911.9275,156077350911.9275,676.983461231627,849162684577.536,27.0,0.0,0.0,0.0,0.0,0.0,0.0
own:27,18,0,595.2,335351025355.93787,335351025355.93787,1454.5806713566433,3630902513366.0156,27.0,0.0,0.0,0.0,0.0,0.0,0.0
own:27,18,1,148.8,167675512677.96893,167675512677.96893,727.2903356783216,907725628341.5039,27.0,0.0,0.0,0.0,0.0,0.0,0.0
own:27,19,0,576.0,326155916596.1783,326155916596.1783,1414.697007787187,3513776625838.0796,27.0,0.0,0.0,0.0,0.0,0.0,0.0
own:27,19,1,144.0,163077958298.08914,163077958298.08914,707.3485038935935,878444156459.5199,27.0,0.0,0.0,0.0,0.0,0.0,0.0
own:27,20,0,595.2,338712919385.1311,338712919385.1311,1469.1628425869935,3630902513366.0156,27.0,0.0,0.0,0.0,0.0,0.0,0.0
own:27,20,1,148.8,169356459692.56555,169356459692.56555,734.5814212934968,907725628341.5039,27.0,0.0,0.0,0.0,0.0,0.0,0.0
own:27,21,0,576.0,329425629660.0549,329425629660.0549,1428.8793452902532,3513776625838.0796,27.0,0.0,0.0,0.0,0.0,0.0,0.0
own:27,21,1,144.0,164712814830.02744,164712814830.02744,714.4396726451266,878444156459.5199,27.0,0.0,0.0,0.0,0.0,0.0,0.0
own:27,22,0,595.2,342108516401.967,342108516401.967,1483.891200083928,3630902513366.0156,27.0,0.0,0.0,0.0,0.0,0.0,0.0
own:27,22,1,148.8,171054258200.9835,171054258200.9835,741.945600041964,907725628341.5039,27.0,0.0,0.0,0.0,0.0,0.0,0.0
own:27,23,0,595.2,343819058983.97675,343819058983.97675,1491.310656084347,3630902513366.0156,27.0,0.0,0.0,0.0,0.0,0.0,0.0
own:27,23,1,148.8,171909529491.98837,171909529491.98837,745.6553280421736,907725628341.5039,27.0,0.0,0.0,0.0,0.0,0.0,0.0
own:27,24,0,576.0,334391762205.38385,334391762205.38385,1450.4198800304216,3513776625838.0796,27.0,0.0,0.0,0.0,0.0,0.0,0.0
own:27,24,1,144.0,167195881102.69193,167195881102.69193,725.2099400152108,878444156459.5199,27.0,0.0,0.0,0.0,0.0,0.0,0.0
own:27,25,0,595.2,347265845050.2911,347265845050.2911,1506.2610454115927,3630902513366.0156,27.0,0.0,0.0,0.0,0.0,0.0,0.0
own:27,25,1,148.8,173632922525.14554,173632922525.14554,753.1305227057964,907725628341.5039,27.0,0.0,0.0,0.0,0.0,0.0,0.0
own:27,26,0,576.0,337744039621.4927,337744039621.4927,1464.960339327726,3513776625838.0796,27.0,0.0,0.0,0.0,0.0,0.0,0.0
own:27,26,1,144.0,168872019810.74634,168872019810.74634,732.480169663863,878444156459.5199,27.0,0.0,0.0,0.0,0.0,0.0,0.0
own:27,27,0,595.2,350747185146.92017,350747185146.92017,1521.3613123918435,3630902513366.0156,27.0,0.0,0.0,0.0,0.0,0.0,0.0
own:27,27,1,148.8,175373592573.46008,175373592573.46008,760.6806561959218,907725628341.5039,27.0,0.0,0.0,0.0,0.0,0.0,0.0
own:27,28,0,595.2,352500921072.6547,352500921072.6547,1528.9681189538026,3630902513366.0156,27.0,0.0,0.0,0.0,0.0,0.0,0.0
own:27,28,1,148.8,176250460536.32736,176250460536.32736,764.4840594769013,907725628341.5039,27.0,0.0,0.0,0.0,0.0,0.0,0.0
own:27,29,0,537.6,319979868354.3388,319979868354.3388,1387.9084795922581,3279524850782.2075,27.0,0.0,0.0,0.0,0.0,0.0,0.0
own:27,29,1,134.4,159989934177.1694,159989934177.1694,693.9542397961291,819881212695.5519,27.0,0.0,0.0,0.0,0.0,0.0,0.0
own:27,30,0,595.2,356034742806.408,356034742806.408,1544.2960243463142,3630902513366.0156,27.0,0.0,0.0,0.0,0.0,0.0,0.0
own:27,30,1,148.8,178017371403.204,178017371403.204,772.1480121731571,907725628341.5039,27.0,0.0,0.0,0.0,0.0,0.0,0.0
own:27,31,0,576.0,346272499858.49036,346272499858.49036,1501.9524236787538,3513776625838.0796,27.0,0.0,0.0,0.0,0.0,0.0,0.0
own:27,31,1,144.0,173136249929.24518,173136249929.24518,750.9762118393769,878444156459.5199,27.0,0.0,0.0,0.0,0.0,0.0,0.0
own:27,32,0,595.2,359603991103.0422,359603991103.0422,1559.7775919903856,3630902513366.0156,27.0,0.0,0.0,0.0,0.0,0.0,0.0
own:27,32,1,148.8,179801995551.5211,179801995551.5211,779.8887959951928,907725628341.5039,27.0,0.0,0.0,0.0,0.0,0.0,0.0
own:27,33,0,576.0,349743881669.57166,349743881669.57166,1517.009496726133,3513776625838.0796,27.0,0.0,0.0,0.0,0.0,0.0,0.0
own:27,33,1,144.0,174871940834.78583,174871940834.78583,758.5047483630665,878444156459.5199,27.0,0.0,0.0,0.0,0.0,0.0,0.0
own:27,34,0,595.2,363209021113.8501,363209021113.8501,1575.4143623500888,3630902513366.0156,27.0,0.0,0.0,0.0,0.0,0.0,0.0
own:27,34,1,148.8,181604510556.92505,181604510556.92505,787.7071811750444,907725628341.5039,27.0,0.0,0.0,0.0,0.0,0.0,0.0
own:27,35,0,595.2,365025066219.4193,365025066219.4193,1583.291434161839,3630902513366.0156,27.0,0.0,0.0,0.0,0.0,0.0,0.0
own:27,35,1,148.8,182512533109.70966,182512533109.70966,791.6457170809196,907725628341.5039,27.0,0.0,0.0,0.0,0.0,0.0,0.0
own:27,36,0,576.0,355016314403.7255,355016314403.7255,1539.878604515466,3513776625838.0796,27.0,0.0,0.0,0.0,0.0,0.0,0.0
own:27,36,1,144.0,177508157201.86276,177508157201.86276,769.939302257733,878444156459.5199,27.0,0.0,0.0,0.0,0.0,0.0,0.0
own:28,1,0,595.2,616178562048.0001,616178562048.0001,2672.666426196395,3765380384231.424,28.0,0.0,0.0,0.0,0.0,0.0,0.0
own:28,1,1,148.8,308089281024.00006,308089281024.00006,1336.3332130981976,941345096057.856,28.0,0.0,0.0,0.0,0.0,0.0,0.0
own:28,2,0,576.0,599283343411.2001,599283343411.2001,2599.38363709101,3643916500869.119,28.0,0.0,0.0,0.0,0.0,0.0,0.0
own:28,2,1,144.0,299641671705.60004,299641671705.60004,1299.691818545505,910979125217.2798,28.0,0.0,0.0,0.0,0.0,0.0,0.0
own:28,3,0,595.2,622355752132.5311,622355752132.5311,2699.459907119013,3765380384231.424,28.0,0.0,0.0,0.0,0.0,0.0,0.0
own:28,3,1,148.8,311177876066.26556,311177876066.26556,1349.7299535595066,941345096057.856,28.0,0.0,0.0,0.0,0.0,0.0,0.0
own:28,4,0,595.2,625467530893.1937,625467530893.1937,2712.957206654608,3765380384231.424,28.0,0.0,0.0,0.0,0.0,0.0,0.0
own:28,4,1,148.8,312733765446.59686,312733765446.59686,1356.478603327304,941345096057.856,28.0,0.0,0.0,0.0,0.0,0.0,0.0
own:28,5,0,537.6,567763107075.3055,567763107075.3055,2462.66502565357,3400988734144.5117,28.0,0.0,0.0,0.0,0.0,0.0,0.0
own:28,5,1,134.4,283881553537.6528,283881553537.6528,1231.332512826785,850247183536.1279,28.0,0.0,0.0,0.0,0.0,0.0,0.0
own:28,6,0,595.2,631737842890.3978,631737842890.3978,2740.1546026513197,3765380384231.424,28.0,0.0,0.0,0.0,0.0,0.0,0.0
own:28,6,1,148.8,315868921445.1989,315868921445.1989,1370.0773013256598,941345096057.856,28.0,0.0,0.0,0.0,0.0,0.0,0.0
own:28,7,0,576.0,307207999405.5725,307207999405.5725,1332.5106656441499,3643916500869.119,28.0,0.0,0.0,0.0,0.0,0.0,0.0
own:28,7,1,144.0,153603999702.78625,153603999702.78625,666.2553328220749,910979125217.2798,28.0,0.0,0.0,0.0,0.0,0.0,0.0
own:28,8,0,595.2,319035507382.687,319035507382.687,1383.8123262714496,3765380384231.424,28.0,0.0,0.0,0.0,0.0,0.0,0.0
own:28,8,1,148.8,159517753691.3435,159517753691.3435,691.9061631357248,941345096057.856,28.0,0.0,0.0,0.0,0.0,0.0,0.0
own:28,9,0,576.0,310287759599.61334,310287759599.61334,1345.8690850672324,3643916500869.119,28.0,0.0,0.0,0.0,0.0,0.0,0.0
own:28,9,1,144.0,155143879799.80667,155143879799.80667,672.9345425336162,910979125217.2798,28.0,0.0,0.0,0.0,0.0,0.0,0.0
own:28,10,0,595.2,322233838344.19836,322233838344.19836,1397.6850448423204,3765380384231.424,28.0,0.0,0.0,0.0,0.0,0.0,0.0
own:28,10,1,148.8,161116919172.09918,161116919172.09918,698.8425224211602,941345096057.856,28.0,0.0,0.0,0.0,0.0,0.0,0.0
own:28,11,0,595.2,323845007535.9194,323845007535.9194,1404.673470066532,3765380384231.424,28.0,0.0,0.0,0.0,0.0,0.0,0.0
own:28,11,1,148.8,161922503767.9597,161922503767.9597,702.336735033266,941345096057.856,28.0,0.0,0.0,0.0,0.0,0.0,0.0
own:28,12,0,576.0,314965386361.54736,314965386361.54736,1366.158229758256,3643916500869.119,28.0,0.0,0.0,0.0,0.0,0.0,0.0
own:28,12,1,144.0,157482693180.77368,157482693180.77368,683.079114879128,910979125217.2798,28.0,0.0,0.0,0.0,0.0,0.0,0.0
own:28,13,0,595.2,327091553736.46686,327091553736.46686,1418.7553216039487,3765380384231.424,28.0,0.0,0.0,0.0,0.0,0.0,0.0
own:28,13,1,148.8,163545776868.23343,163545776868.23343,709.3776608019743,941345096057.856,28.0,0.0,0.0,0.0,0.0,0.0,0.0
own:28,14,0,576.0,318122914359.8218,318122914359.8218,1379.853966011582,3643916500869.119,28.0,0.0,0.0,0.0,0.0,0.0,0.0
own:28,14,1,144.0,159061457179.9109,159061457179.9109,689.926983005791,910979125217.2798,28.0,0.0,0.0,0.0,0.0,0.0,0.0
own:28,15,0,595.2,330370646562.67487,330370646562.67487,1432.9783437030278,3765380384231.424,28.0,0.0,0.0,0.0,0.0,0.0,0.0
own:28,15,1,148.8,165185323281.33743,165185323281.33743,716.4891718515139,941345096057.856,28.0,0.0,0.0,0.0,0.0,0.0,0.0
own:28,16,0,595.2,332022499795.4882,332022499795.4882,1440.1432354215428,3765380384231.424,28.0,0.0,0.0,0.0,0.0,0.0,0.0
own:28,16,1,148.8,166011249897.7441,166011249897.7441,720.0716177107714,941345096057.856,28.0,0.0,0.0,0.0,0.0,0.0,0.0
own:28,17,0,556.8000000000001,312154701823.855,312154701823.855,1353.966922463254,3522452617506.816,28.0,0.0,0.0,0.0,0.0,0.0,0.0
own:28,17,1,139.20000000000002,156077350911.9275,156077350911.9275,676.983461231627,880613154376.704,28.0,0.0,0.0,0.0,0.0,0.0,0.0
own:28,18,0,595.2,335351025355.93787,335351025355.93787,1454.5806713566433,3765380384231.424,28.0,0.0,0.0,0.0,0.0,0.0,0.0
own:28,18,1,148.8,167675512677.96893,167675512677.96893,727.2903356783216,941345096057.856,28.0,0.0,0.0,0.0,0.0,0.0,0.0
own:28,19,0,576.0,326155916596.1783,326155916596.1783,1414.697007787187,3643916500869.119,28.0,0.0,0.0,0.0,0.0,0.0,0.0
own:28,19,1,144.0,163077958298.08914,163077958298.08914,707.3485038935935,910979125217.2798,28.0,0.0,0.0,0.0,0.0,0.0,0.0
own:28,20,0,595.2,338712919385.1311,338712919385.1311,1469.1628425869935,3765380384231.424,28.0,0.0,0.0,0.0,0.0,0.0,0.0
own:28,20,1,148.8,169356459692.56555,169356459692.56555,734.5814212934968,941345096057.856,28.0,0.0,0.0,0.0,0.0,0.0,0.0
own:28,21,0,576.0,329425629660.0549,329425629660.0549,1428.8793452902532,3643916500869.119,28.0,0.0,0.0,0.0,0.0,0.0,0.0
own:28,21,1,144.0,164712814830.02744,164712814830.02744,714.4396726451266,910979125217.2798,28.0,0.0,0.0,0.0,0.0,0.0,0.0
own:28,22,0,595.2,342108516401.967,342108516401.967,1483.891200083928,3765380384231.424,28.0,0.0,0.0,0.0,0.0,0.0,0.0
own:28,22,1,148.8,171054258200.9835,171054258200.9835,741.945600041964,941345096057.856,28.0,0.0,0.0,0.0,0.0,0.0,0.0
own:28,23,0,595.2,343819058983.97675,343819058983.97675,1491.310656084347,3765380384231.424,28.0,0.0,0.0,0.0,0.0,0.0,0.0
own:28,23,1,148.8,171909529491.98837,171909529491.98837,745.6553280421736,941345096057.856,28.0,0.0,0.0,0.0,0.0,0.0,0.0
own:28,24,0,576.0,334391762205.38385,334391762205.38385,1450.4198800304216,3643916500869.119,28.0,0.0,0.0,0.0,0.0,0.0,0.0
own:28,24,1,144.0,167195881102.69193,167195881102.69193,725.2099400152108,910979125217.2798,28.0,0.0,0.0,0.0,0.0,0.0,0.0
own:28,25,0,595.2,347265845050.2911,347265845050.2911,1506.2610454115927,3765380384231.424,28.0,0.0,0.0,0.0,0.0,0.0,0.0
own:28,25,1,148.8,173632922525.14554,173632922525.14554,753.1305227057964,941345096057.856,28.0,0.0,0.0,0.0,0.0,0.0,0.0
own:28,26,0,576.0,337744039621.4927,337744039621.4927,1464.960339327726,3643916500869.119,28.0,0.0,0.0,0.0,0.0,0.0,0.0
own:28,26,1,144.0,168872019810.74634,168872019810.74634,732.480169663863,910979125217.2798,28.0,0.0,0.0,0.0,0.0,0.0,0.0
own:28,27,0,595.2,350747185146.92017,350747185146.92017,1521.3613123918435,3765380384231.424,28.0,0.0,0.0,0.0,0.0,0.0,0.0
own:28,27,1,148.8,175373592573.46008,175373592573.46008,760.6806561959218,941345096057.856,28.0,0.0,0.0,0.0,0.0,0.0,0.0
own:28,28,0,595.2,352500921072.6547,352500921072.6547,1528.9681189538026,3765380384231.424,28.0,0.0,0.0,0.0,0.0,0.0,0.0
own:28,28,1,148.8,176250460536.32736,176250460536.32736,764.4840594769013,941345096057.856,28.0,0.0,0.0,0.0,0.0,0.0,0.0
own:28,29,0,537.6,319979868354.3388,319979868354.3388,1387.9084795922581,3400988734144.5117,28.0,0.0,0.0,0.0,0.0,0.0,0.0
own:28,29,1,134.4,159989934177.1694,159989934177.1694,693.9542397961291,850247183536.1279,28.0,0.0,0.0,0.0,0.0,0.0,0.0
own:28,30,0,595.2,356034742806.408,356034742806.408,1544.2960243463142,3765380384231.424,28.0,0.0,0.0,0.0,0.0,0.0,0.0
own:28,30,1,148.8,178017371403.204,178017371403.204,772.1480121731571,941345096057.856,28.0,0.0,0.0,0.0,0.0,0.0,0.0
own:28,31,0,576.0,346272499858.49036,346272499858.49036,1501.9524236787538,3643916500869.119,28.0,0.0,0.0,0.0,0.0,0.0,0.0
own:28,31,1,144.0,173136249929.24518,173136249929.24518,750.9762118393769,910979125217.2798,28.0,0.0,0.0,0.0,0.0,0.0,0.0
own:28,32,0,595.2,359603991103.0422,359603991103.0422,1559.7775919903856,3765380384231.424,28.0,0.0,0.0,0.0,0.0,0.0,0.0
own:28,32,1,148.8,179801995551.5211,179801995551.5211,779.8887959951928,941345096057.856,28.0,0.0,0.0,0.0,0.0,0.0,0.0
own:28,33,0,576.0,349743881669.57166,349743881669.57166,1517.009496726133,3643916500869.119,28.0,0.0,0.0,0.0,0.0,0.0,0.0
own:28,33,1,144.0,174871940834.78583,174871940834.78583,758.5047483630665,910979125217.2798,28.0,0.0,0.0,0.0,0.0,0.0,0.0
own:28,34,0,595.2,363209021113.8501,363209021113.8501,1575.4143623500888,3765380384231.424,28.0,0.0,0.0,0.0,0.0,0.0,0.0
own:28,34,1,148.8,181604510556.92505,181604510556.92505,787.7071811750444,941345096057.856,28.0,0.0,0.0,0.0,0.0,0.0,0.0
own:28,35,0,595.2,365025066219.4193,365025066219.4193,1583.291434161839,3765380384231.424,28.0,0.0,0.0,0.0,0.0,0.0,0.0
own:28,35,1,148.8,182512533109.70966,182512533109.70966,791.6457170809196,941345096057.856,28.0,0.0,0.0,0.0,0.0,0.0,0.0
own:28,36,0,576.0,355016314403.7255,355016314403.7255,1539.878604515466,3643916500869.119,28.0,0.0,0.0,0.0,0.0,0.0,0.0
own:28,36,1,144.0,177508157201.86276,177508157201.86276,769.939302257733,910979125217.2798,28.0,0.0,0.0,0.0,0.0,0.0,0.0
own:29,1,0,595.2,616178562048.0001,616178562048.0001,2672.666426196395,3899858255096.8315,29.0,0.0,0.0,0.0,0.0,0.0,0.0
own:29,1,1,148.8,308089281024.00006,308089281024.00006,1336.3332130981976,974964563774.2079,29.0,0.0,0.0,0.0,0.0,0.0,0.0
own:29,2,0,576.0,599283343411.2001,599283343411.2001,2599.38363709101,3774056375900.159,29.0,0.0,0.0,0.0,0.0,0.0,0.0
own:29,2,1,144.0,299641671705.60004,299641671705.60004,1299.691818545505,943514093975.0398,29.0,0.0,0.0,0.0,0.0,0.0,0.0
own:29,3,0,595.2,622355752132.5311,622355752132.5311,2699.459907119013,3899858255096.8315,29.0,0.0,0.0,0.0,0.0,0.0,0.0
own:29,3,1,148.8,311177876066.26556,311177876066.26556,1349.7299535595066,974964563774.2079,29.0,0.0,0.0,0.0,0.0,0.0,0.0
own:29,4,0,595.2,625467530893.1937,625467530893.1937,2712.957206654608,3899858255096.8315,29.0,0.0,0.0,0.0,0.0,0.0,0.0
own:29,4,1,148.8,312733765446.59686,312733765446.59686,1356.478603327304,974964563774.2079,29.0,0.0,0.0,0.0,0.0,0.0,0.0
own:29,5,0,537.6,567763107075.3055,567763107075.3055,2462.66502565357,3522452617506.8154,29.0,0.0,0.0,0.0,0.0,0.0,0.0
own:29,5,1,134.4,283881553537.6528,283881553537.6528,1231.332512826785,880613154376.7039,29.0,0.0,0.0,0.0,0.0,0.0,0.0
own:29,6,0,595.2,631737842890.3978,631737842890.3978,2740.1546026513197,3899858255096.8315,29.0,0.0,0.0,0.0,0.0,0.0,0.0
own:29,6,1,148.8,315868921445.1989,315868921445.1989,1370.0773013256598,974964563774.2079,29.0,0.0,0.0,0.0,0.0,0.0,0.0
own:29,7,0,576.0,307207999405.5725,307207999405.5725,1332.5106656441499,3774056375900.159,29.0,0.0,0.0,0.0,0.0,0.0,0.0
own:29,7,1,144.0,153603999702.78625,153603999702.78625,666.2553328220749,943514093975.0398,29.0,0.0,0.0,0.0,0.0,0.0,0.0
own:29,8,0,595.2,319035507382.687,319035507382.687,1383.8123262714496,3899858255096.8315,29.0,0.0,0.0,0.0,0.0,0.0,0.0
own:29,8,1,148.8,159517753691.3435,159517753691.3435,691.9061631357248,974964563774.2079,29.0,0.0,0.0,0.0,0.0,0.0,0.0
own:29,9,0,576.0,310287759599.61334,310287759599.61334,1345.8690850672324,3774056375900.159,29.0,0.0,0.0,0.0,0.0,0.0,0.0
own:29,9,1,144.0,155143879799.80667,155143879799.80667,672.9345425336162,943514093975.0398,29.0,0.0,0.0,0.0,0.0,0.0,0.0
own:29,10,0,595.2,322233838344.19836,322233838344.19836,1397.6850448423204,3899858255096.8315,29.0,0.0,0.0,0.0,0.0,0.0,0.0
own:29,10,1,148.8,161116919172.09918,161116919172.09918,698.8425224211602,974964563774.2079,29.0,0.0,0.0,0.0,0.0,0.0,0.0
own:29,11,0,595.2,323845007535.9194,323845007535.9194,1404.673470066532,3899858255096.8315,29.0,0.0,0.0,0.0,0.0,0.0,0.0
own:29,11,1,148.8,161922503767.9597,161922503767.9597,702.336735033266,974964563774.2079,29.0,0.0,0.0,0.0,0.0,0.0,0.0
own:29,12,0,576.0,314965386361.54736,314965386361.54736,1366.158229758256,3774056375900.159,29.0,0.0,0.0,0.0,0.0,0.0,0.0
own:29,12,1,144.0,157482693180.77368,157482693180.77368,683.079114879128,943514093975.0398,29.0,0.0,0.0,0.0,0.0,0.0,0.0
own:29,13,0,595.2,327091553736.46686,327091553736.46686,1418.7553216039487,3899858255096.8315,29.0,0.0,0.0,0.0,0.0,0.0,0.0
own:29,13,1,148.8,163545776868.23343,163545776868.23343,709.3776608019743,974964563774.2079,29.0,0.0,0.0,0.0,0.0,0.0,0.0
own:29,14,0,576.0,318122914359.8218,318122914359.8218,1379.853966011582,3774056375900.159,29.0,0.0,0.0,0.0,0.0,0.0,0.0
own:29,14,1,144.0,159061457179.9109,159061457179.9109,689.926983005791,943514093975.0398,29.0,0.0,0.0,0.0,0.0,0.0,0.0
own:29,15,0,595.2,330370646562.67487,330370646562.67487,1432.9783437030278,3899858255096.8315,29.0,0.0,0.0,0.0,0.0,0.0,0.0
own:29,15,1,148.8,165185323281.33743,165185323281.33743,716.4891718515139,974964563774.2079,29.0,0.0,0.0,0.0,0.0,0.0,0.0
own:29,16,0,595.2,332022499795.4882,332022499795.4882,1440.1432354215428,3899858255096.8315,29.0,0.0,0.0,0.0,0.0,0.0,0.0
own:29,16,1,148.8,166011249897.7441,166011249897.7441,720.0716177107714,974964563774.2079,29.0,0.0,0.0,0.0,0.0,0.0,0.0
own:29,17,0,556.8000000000001,312154701823.855,312154701823.855,1353.966922463254,3648254496703.488,29.0,0.0,0.0,0.0,0.0,0.0,0.0
own:29,17,1,139.20000000000002,156077350911.9275,156077350911.9275,676.983461231627,912063624175.872,29.0,0.0,0.0,0.0,0.0,0.0,0.0
own:29,18,0,595.2,335351025355.93787,335351025355.93787,1454.5806713566433,3899858255096.8315,29.0,0.0,0.0,0.0,0.0,0.0,0.0
own:29,18,1,148.8,167675512677.96893,167675512677.96893,727.2903356783216,974964563774.2079,29.0,0.0,0.0,0.0,0.0,0.0,0.0
own:29,19,0,576.0,326155916596.1783,326155916596.1783,1414.697007787187,3774056375900.159,29.0,0.0,0.0,0.0,0.0,0.0,0.0
own:29,19,1,144.0,163077958298.08914,163077958298.08914,707.3485038935935,943514093975.0398,29.0,0.0,0.0,0.0,0.0,0.0,0.0
own:29,20,0,595.2,338712919385.1311,338712919385.1311,1469.1628425869935,3899858255096.8315,29.0,0.0,0.0,0.0,0.0,0.0,0.0
own:29,20,1,148.8,169356459692.56555,169356459692.56555,734.5814212934968,974964563774.2079,29.0,0.0,0.0,0.0,0.0,0.0,0.0
own:29,21,0,576.0,329425629660.0549,329425629660.0549,1428.8793452902532,3774056375900.159,29.0,0.0,0.0,0.0,0.0,0.0,0.0
own:29,21,1,144.0,164712814830.02744,164712814830.02744,714.4396726451266,943514093975.0398,29.0,0.0,0.0,0.0,0.0,0.0,0.0
own:29,22,0,595.2,342108516401.967,342108516401.967,1483.891200083928,3899858255096.8315,29.0,0.0,0.0,0.0,0.0,0.0,0.0
own:29,22,1,148.8,171054258200.9835,171054258200.9835,741.945600041964,974964563774.2079,29.0,0.0,0.0,0.0,0.0,0.0,0.0
own:29,23,0,595.2,343819058983.97675,343819058983.97675,1491.310656084347,3899858255096.8315,29.0,0.0,0.0,0.0,0.0,0.0,0.0
own:29,23,1,148.8,171909529491.98837,171909529491.98837,745.6553280421736,974964563774.2079,29.0,0.0,0.0,0.0,0.0,0.0,0.0
own:29,24,0,576.0,334391762205.38385,334391762205.38385,1450.4198800304216,3774056375900.159,29.0,0.0,0.0,0.0,0.0,0.0,0.0
own:29,24,1,144.0,167195881102.69193,167195881102.69193,725.2099400152108,943514093975.0398,29.0,0.0,0.0,0.0,0.0,0.0,0.0
own:29,25,0,595.2,347265845050.2911,347265845050.2911,1506.2610454115927,3899858255096.8315,29.0,0.0,0.0,0.0,0.0,0.0,0.0
own:29,25,1,148.8,173632922525.14554,173632922525.14554,753.1305227057964,974964563774.2079,29.0,0.0,0.0,0.0,0.0,0.0,0.0
own:29,26,0,576.0,337744039621.4927,337744039621.4927,1464.960339327726,3774056375900.159,29.0,0.0,0.0,0.0,0.0,0.0,0.0
own:29,26,1,144.0,168872019810.74634,168872019810.74634,732.480169663863,943514093975.0398,29.0,0.0,0.0,0.0,0.0,0.0,0.0
own:29,27,0,595.2,350747185146.92017,350747185146.92017,1521.3613123918435,3899858255096.8315,29.0,0.0,0.0,0.0,0.0,0.0,0.0
own:29,27,1,148.8,175373592573.46008,175373592573.46008,760.6806561959218,974964563774.2079,29.0,0.0,0.0,0.0,0.0,0.0,0.0
own:29,28,0,595.2,352500921072.6547,352500921072.6547,1528.9681189538026,3899858255096.8315,29.0,0.0,0.0,0.0,0.0,0.0,0.0
own:29,28,1,148.8,176250460536.32736,176250460536.32736,764.4840594769013,974964563774.2079,29.0,0.0,0.0,0.0,0.0,0.0,0.0
own:29,29,0,537.6,319979868354.3388,319979868354.3388,1387.9084795922581,3522452617506.8154,29.0,0.0,0.0,0.0,0.0,0.0,0.0
own:29,29,1,134.4,159989934177.1694,159989934177.1694,693.9542397961291,880613154376.7039,29.0,0.0,0.0,0.0,0.0,0.0,0.0
own:29,30,0,595.2,356034742806.408,356034742806.408,1544.2960243463142,3899858255096.8315,29.0,0.0,0.0,0.0,0.0,0.0,0.0
own:29,30,1,148.8,178017371403.204,178017371403.204,772.1480121731571,974964563774.2079,29.0,0.0,0.0,0.0,0.0,0.0,0.0
own:29,31,0,576.0,346272499858.49036,346272499858.49036,1501.9524236787538,3774056375900.159,29.0,0.0,0.0,0.0,0.0,0.0,0.0
own:29,31,1,144.0,173136249929.24518,173136249929.24518,750.9762118393769,943514093975.0398,29.0,0.0,0.0,0.0,0.0,0.0,0.0
own:29,32,0,595.2,359603991103.0422,359603991103.0422,1559.7775919903856,3899858255096.8315,29.0,0.0,0.0,0.0,0.0,0.0,0.0
own:29,32,1,148.8,179801995551.5211,179801995551.5211,779.8887959951928,974964563774.2079,29.0,0.0,0.0,0.0,0.0,0.0,0.0
own:29,33,0,576.0,349743881669.57166,349743881669.57166,1517.009496726133,3774056375900.159,29.0,0.0,0.0,0.0,0.0,0.0,0.0
own:29,33,1,144.0,174871940834.78583,174871940834.78583,758.5047483630665,943514093975.0398,29.0,0.0,0.0,0.0,0.0,0.0,0.0
own:29,34,0,595.2,363209021113.8501,363209021113.8501,1575.4143623500888,3899858255096.8315,29.0,0.0,0.0,0.0,0.0,0.0,0.0
own:29,34,1,148.8,181604510556.92505,181604510556.92505,787.7071811750444,974964563774.2079,29.0,0.0,0.0,0.0,0.0,0.0,0.0
own:29,35,0,595.2,365025066219.4193,365025066219.4193,1583.291434161839,3899858255096.8315,29.0,0.0,0.0,0.0,0.0,0.0,0.0
own:29,35,1,148.8,182512533109.70966,182512533109.70966,791.6457170809196,974964563774.2079,29.0,0.0,0.0,0.0,0.0,0.0,0.0
own:29,36,0,576.0,355016314403.7255,355016314403.7255,1539.878604515466,3774056375900.159,29.0,0.0,0.0,0.0,0.0,0.0,0.0
own:29,36,1,144.0,177508157201.86276,177508157201.86276,769.939302257733,943514093975.0398,29.0,0.0,0.0,0.0,0.0,0.0,0.0
own:30,1,0,595.2,616178562048.0001,616178562048.0001,2672.666426196395,4034336125962.2397,30.0,0.0,0.0,0.0,0.0,0.0,0.0
own:30,1,1,148.8,308089281024.00006,308089281024.00006,1336.3332130981976,1008584031490.5599,30.0,0.0,0.0,0.0,0.0,0.0,0.0
own:30,2,0,576.0,599283343411.2001,599283343411.2001,2599.38363709101,3904196250931.199,30.0,0.0,0.0,0.0,0.0,0.0,0.0
own:30,2,1,144.0,299641671705.60004,299641671705.60004,1299.691818545505,976049062732.7998,30.0,0.0,0.0,0.0,0.0,0.0,0.0
own:30,3,0,595.2,622355752132.5311,622355752132.5311,2699.459907119013,4034336125962.2397,30.0,0.0,0.0,0.0,0.0,0.0,0.0
own:30,3,1,148.8,311177876066.26556,311177876066.26556,1349.7299535595066,1008584031490.5599,30.0,0.0,0.0,0.0,0.0,0.0,0.0
own:30,4,0,595.2,625467530893.1937,625467530893.1937,2712.957206654608,4034336125962.2397,30.0,0.0,0.0,0.0,0.0,0.0,0.0
own:30,4,1,148.8,312733765446.59686,312733765446.59686,1356.478603327304,1008584031490.5599,30.0,0.0,0.0,0.0,0.0,0.0,0.0
own:30,5,0,537.6,567763107075.3055,567763107075.3055,2462.66502565357,3643916500869.1196,30.0,0.0,0.0,0.0,0.0,0.0,0.0
own:30,5,1,134.4,283881553537.6528,283881553537.6528,1231.332512826785,910979125217.2799,30.0,0.0,0.0,0.0,0.0,0.0,0.0
own:30,6,0,595.2,631737842890.3978,631737842890.3978,2740.1546026513197,4034336125962.2397,30.0,0.0,0.0,0.0,0.0,0.0,0.0
own:30,6,1,148.8,315868921445.1989,315868921445.1989,1370.0773013256598,1008584031490.5599,30.0,0.0,0.0,0.0,0.0,0.0,0.0
own:30,7,0,576.0,307207999405.5725,307207999405.5725,1332.5106656441499,3904196250931.199,30.0,0.0,0.0,0.0,0.0,0.0,0.0
own:30,7,1,144.0,153603999702.78625,153603999702.78625,666.2553328220749,976049062732.7998,30.0,0.0,0.0,0.0,0.0,0.0,0.0
own:30,8,0,595.2,319035507382.687,319035507382.687,1383.8123262714496,4034336125962.2397,30.0,0.0,0.0,0.0,0.0,0.0,0.0
own:30,8,1,148.8,159517753691.3435,159517753691.3435,691.9061631357248,1008584031490.5599,30.0,0.0,0.0,0.0,0.0,0.0,0.0
own:30,9,0,576.0,310287759599.61334,310287759599.61334,1345.8690850672324,3904196250931.199,30.0,0.0,0.0,0.0,0.0,0.0,0.0
own:30,9,1,144.0,155143879799.80667,155143879799.80667,672.9345425336162,976049062732.7998,30.0,0.0,0.0,0.0,0.0,0.0,0.0
own:30,10,0,595.2,322233838344.19836,322233838344.19836,1397.6850448423204,4034336125962.2397,30.0,0.0,0.0,0.0,0.0,0.0,0.0
own:30,10,1,148.8,161116919172.09918,161116919172.09918,698.8425224211602,1008584031490.5599,30.0,0.0,0.0,0.0,0.0,0.0,0.0
own:30,11,0,595.2,323845007535.9194,323845007535.9194,1404.673470066532,4034336125962.2397,30.0,0.0,0.0,0.0,0.0,0.0,0.0
own:30,11,1,148.8,161922503767.9597,161922503767.9597,702.336735033266,1008584031490.5599,30.0,0.0,0.0,0.0,0.0,0.0,0.0
own:30,12,0,576.0,314965386361.54736,314965386361.54736,1366.158229758256,3904196250931.199,30.0,0.0,0.0,0.0,0.0,0.0,0.0
own:30,12,1,144.0,157482693180.77368,157482693180.77368,683.079114879128,976049062732.7998,30.0,0.0,0.0,0.0,0.0,0.0,0.0
own:30,13,0,595.2,327091553736.46686,327091553736.46686,1418.7553216039487,4034336125962.2397,30.0,0.0,0.0,0.0,0.0,0.0,0.0
own:30,13,1,148.8,163545776868.23343,163545776868.23343,709.3776608019743,1008584031490.5599,30.0,0.0,0.0,0.0,0.0,0.0,0.0
own:30,14,0,576.0,318122914359.8218,318122914359.8218,1379.853966011582,3904196250931.199,30.0,0.0,0.0,0.0,0.0,0.0,0.0
own:30,14,1,144.0,159061457179.9109,159061457179.9109,689.926983005791,976049062732.7998,30.0,0.0,0.0,0.0,0.0,0.0,0.0
own:30,15,0,595.2,330370646562.67487,330370646562.67487,1432.9783437030278,4034336125962.2397,30.0,0.0,0.0,0.0,0.0,0.0,0.0
own:30,15,1,148.8,165185323281.33743,165185323281.33743,716.4891718515139,1008584031490.5599,30.0,0.0,0.0,0.0,0.0,0.0,0.0
own:30,16,0,595.2,332022499795.4882,332022499795.4882,1440.1432354215428,4034336125962.2397,30.0,0.0,0.0,0.0,0.0,0.0,0.0
own:30,16,1,148.8,166011249897.7441,166011249897.7441,720.0716177107714,1008584031490.5599,30.0,0.0,0.0,0.0,0.0,0.0,0.0
own:30,17,0,556.8000000000001,312154701823.855,312154701823.855,1353.966922463254,3774056375900.1597,30.0,0.0,0.0,0.0,0.0,0.0,0.0
own:30,17,1,139.20000000000002,156077350911.9275,156077350911.9275,676.983461231627,943514093975.0399,30.0,0.0,0.0,0.0,0.0,0.0,0.0
own:30,18,0,595.2,335351025355.93787,335351025355.93787,1454.5806713566433,4034336125962.2397,30.0,0.0,0.0,0.0,0.0,0.0,0.0
own:30,18,1,148.8,167675512677.96893,167675512677.96893,727.2903356783216,1008584031490.5599,30.0,0.0,0.0,0.0,0.0,0.0,0.0
own:30,19,0,576.0,326155916596.1783,326155916596.1783,1414.697007787187,3904196250931.199,30.0,0.0,0.0,0.0,0.0,0.0,0.0
own:30,19,1,144.0,163077958298.08914,163077958298.08914,707.3485038935935,976049062732.7998,30.0,0.0,0.0,0.0,0.0,0.0,0.0
own:30,20,0,595.2,338712919385.1311,338712919385.1311,1469.1628425869935,4034336125962.2397,30.0,0.0,0.0,0.0,0.0,0.0,0.0
own:30,20,1,148.8,169356459692.56555,169356459692.56555,734.5814212934968,1008584031490.5599,30.0,0.0,0.0,0.0,0.0,0.0,0.0
own:30,21,0,576.0,329425629660.0549,329425629660.0549,1428.8793452902532,3904196250931.199,30.0,0.0,0.0,0.0,0.0,0.0,0.0
own:30,21,1,144.0,164712814830.02744,164712814830.02744,714.4396726451266,976049062732.7998,30.0,0.0,0.0,0.0,0.0,0.0,0.0
own:30,22,0,595.2,342108516401.967,342108516401.967,1483.891200083928,4034336125962.2397,30.0,0.0,0.0,0.0,0.0,0.0,0.0
own:30,22,1,148.8,171054258200.9835,171054258200.9835,741.945600041964,1008584031490.5599,30.0,0.0,0.0,0.0,0.0,0.0,0.0
own:30,23,0,595.2,343819058983.97675,343819058983.97675,1491.310656084347,4034336125962.2397,30.0,0.0,0.0,0.0,0.0,0.0,0.0
own:30,23,1,148.8,171909529491.98837,171909529491.98837,745.6553280421736,1008584031490.5599,30.0,0.0,0.0,0.0,0.0,0.0,0.0
own:30,24,0,576.0,334391762205.38385,334391762205.38385,1450.4198800304216,3904196250931.199,30.0,0.0,0.0,0.0,0.0,0.0,0.0
own:30,24,1,144.0,167195881102.69193,167195881102.69193,725.2099400152108,976049062732.7998,30.0,0.0,0.0,0.0,0.0,0.0,0.0
own:30,25,0,595.2,347265845050.2911,347265845050.2911,1506.2610454115927,4034336125962.2397,30.0,0.0,0.0,0.0,0.0,0.0,0.0
own:30,25,1,148.8,173632922525.14554,173632922525.14554,753.1305227057964,1008584031490.5599,30.0,0.0,0.0,0.0,0.0,0.0,0.0
own:30,26,0,576.0,337744039621.4927,337744039621.4927,1464.960339327726,3904196250931.199,30.0,0.0,0.0,0.0,0.0,0.0,0.0
own:30,26,1,144.0,168872019810.74634,168872019810.74634,732.480169663863,976049062732.7998,30.0,0.0,0.0,0.0,0.0,0.0,0.0
own:30,27,0,595.2,350747185146.92017,350747185146.92017,1521.3613123918435,4034336125962.2397,30.0,0.0,0.0,0.0,0.0,0.0,0.0
own:30,27,1,148.8,175373592573.46008,175373592573.46008,760.6806561959218,1008584031490.5599,30.0,0.0,0.0,0.0,0.0,0.0,0.0
own:30,28,0,595.2,352500921072.6547,352500921072.6547,1528.9681189538026,4034336125962.2397,30.0,0.0,0.0,0.0,0.0,0.0,0.0
own:30,28,1,148.8,176250460536.32736,176250460536.32736,764.4840594769013,1008584031490.5599,30.0,0.0,0.0,0.0,0.0,0.0,0.0
own:30,29,0,537.6,319979868354.3388,319979868354.3388,1387.9084795922581,3643916500869.1196,30.0,0.0,0.0,0.0,0.0,0.0,0.0
own:30,29,1,134.4,159989934177.1694,159989934177.1694,693.9542397961291,910979125217.2799,30.0,0.0,0.0,0.0,0.0,0.0,0.0
own:30,30,0,595.2,356034742806.408,356034742806.408,1544.2960243463142,4034336125962.2397,30.0,0.0,0.0,0.0,0.0,0.0,0.0
own:30,30,1,148.8,178017371403.204,178017371403.204,772.1480121731571,1008584031490.5599,30.0,0.0,0.0,0.0,0.0,0.0,0.0
own:30,31,0,576.0,346272499858.49036,346272499858.49036,1501.9524236787538,3904196250931.199,30.0,0.0,0.0,0.0,0.0,0.0,0.0
own:30,31,1,144.0,173136249929.24518,173136249929.24518,750.9762118393769,976049062732.7998,30.0,0.0,0.0,0.0,0.0,0.0,0.0
own:30,32,0,595.2,359603991103.0422,359603991103.0422,1559.7775919903856,4034336125962.2397,30.0,0.0,0.0,0.0,0.0,0.0,0.0
own:30,32,1,148.8,179801995551.5211,179801995551.5211,779.8887959951928,1008584031490.5599,30.0,0.0,0.0,0.0,0.0,0.0,0.0
own:30,33,0,576.0,349743881669.57166,349743881669.57166,1517.009496726133,3904196250931.199,30.0,0.0,0.0,0.0,0.0,0.0,0.0
own:30,33,1,144.0,174871940834.78583,174871940834.78583,758.5047483630665,976049062732.7998,30.0,0.0,0.0,0.0,0.0,0.0,0.0
own:30,34,0,595.2,363209021113.8501,363209021113.8501,1575.4143623500888,4034336125962.2397,30.0,0.0,0.0,0.0,0.0,0.0,0.0
own:30,34,1,148.8,181604510556.92505,181604510556.92505,787.7071811750444,1008584031490.5599,30.0,0.0,0.0,0.0,0.0,0.0,0.0
own:30,35,0,595.2,365025066219.4193,365025066219.4193,1583.291434161839,4034336125962.2397,30.0,0.0,0.0,0.0,0.0,0.0,0.0
own:30,35,1,148.8,182512533109.70966,182512533109.70966,791.6457170809196,1008584031490.5599,30.0,0.0,0.0,0.0,0.0,0.0,0.0
own:30,36,0,576.0,355016314403.7255,355016314403.7255,1539.878604515466,3904196250931.199,30.0,0.0,0.0,0.0,0.0,0.0,0.0
own:30,36,1,144.0,177508157201.86276,177508157201.86276,769.939302257733,976049062732.7998,30.0,0.0,0.0,0.0,0.0,0.0,0.0
own:31,1,0,595.2,616178562048.0001,616178562048.0001,2672.666426196395,4168813996827.6475,31.0,0.0,0.0,0.0,0.0,0.0,0.0
own:31,1,1,148.8,308089281024.00006,308089281024.00006,1336.3332130981976,1042203499206.9119,31.0,0.0,0.0,0.0,0.0,0.0,0.0
own:31,2,0,576.0,599283343411.2001,599283343411.2001,2599.38363709101,4034336125962.2393,31.0,0.0,0.0,0.0,0.0,0.0,0.0
own:31,2,1,144.0,299641671705.60004,299641671705.60004,1299.691818545505,1008584031490.5598,31.0,0.0,0.0,0.0,0.0,0.0,0.0
own:31,3,0,595.2,622355752132.5311,622355752132.5311,2699.459907119013,4168813996827.6475,31.0,0.0,0.0,0.0,0.0,0.0,0.0
own:31,3,1,148.8,311177876066.26556,311177876066.26556,1349.7299535595066,1042203499206.9119,31.0,0.0,0.0,0.0,0.0,0.0,0.0
own:31,4,0,595.2,625467530893.1937,625467530893.1937,2712.957206654608,4168813996827.6475,31.0,0.0,0.0,0.0,0.0,0.0,0.0
own:31,4,1,148.8,312733765446.59686,312733765446.59686,1356.478603327304,1042203499206.9119,31.0,0.0,0.0,0.0,0.0,0.0,0.0
own:31,5,0,537.6,567763107075.3055,567763107075.3055,2462.66502565357,3765380384231.4233,31.0,0.0,0.0,0.0,0.0,0.0,0.0
own:31,5,1,134.4,283881553537.6528,283881553537.6528,1231.332512826785,941345096057.8558,31.0,0.0,0.0,0.0,0.0,0.0,0.0
own:31,6,0,595.2,631737842890.3978,631737842890.3978,2740.1546026513197,4168813996827.6475,31.0,0.0,0.0,0.0,0.0,0.0,0.0
own:31,6,1,148.8,315868921445.1989,315868921445.1989,1370.0773013256598,1042203499206.9119,31.0,0.0,0.0,0.0,0.0,0.0,0.0
own:31,7,0,576.0,307207999405.5725,307207999405.5725,1332.5106656441499,4034336125962.2393,31.0,0.0,0.0,0.0,0.0,0.0,0.0
own:31,7,1,144.0,153603999702.78625,153603999702.78625,666.2553328220749,1008584031490.5598,31.0,0.0,0.0,0.0,0.0,0.0,0.0
own:31,8,0,595.2,319035507382.687,319035507382.687,1383.8123262714496,4168813996827.6475,31.0,0.0,0.0,0.0,0.0,0.0,0.0
own:31,8,1,148.8,159517753691.3435,159517753691.3435,691.9061631357248,1042203499206.9119,31.0,0.0,0.0,0.0,0.0,0.0,0.0
own:31,9,0,576.0,310287759599.61334,310287759599.61334,1345.8690850672324,4034336125962.2393,31.0,0.0,0.0,0.0,0.0,0.0,0.0
own:31,9,1,144.0,155143879799.80667,155143879799.80667,672.9345425336162,1008584031490.5598,31.0,0.0,0.0,0.0,0.0,0.0,0.0
own:31,10,0,595.2,322233838344.19836,322233838344.19836,1397.6850448423204,4168813996827.6475,31.0,0.0,0.0,0.0,0.0,0.0,0.0
own:31,10,1,148.8,161116919172.09918,161116919172.09918,698.8425224211602,1042203499206.9119,31.0,0.0,0.0,0.0,0.0,0.0,0.0
own:31,11,0,595.2,323845007535.9194,323845007535.9194,1404.673470066532,4168813996827.6475,31.0,0.0,0.0,0.0,0.0,0.0,0.0
own:31,11,1,148.8,161922503767.9597,161922503767.9597,702.336735033266,1042203499206.9119,31.0,0.0,0.0,0.0,0.0,0.0,0.0
own:31,12,0,576.0,314965386361.54736,314965386361.54736,1366.158229758256,4034336125962.2393,31.0,0.0,0.0,0.0,0.0,0.0,0.0
own:31,12,1,144.0,157482693180.77368,157482693180.77368,683.079114879128,1008584031490.5598,31.0,0.0,0.0,0.0,0.0,0.0,0.0
own:31,13,0,595.2,327091553736.46686,327091553736.46686,1418.7553216039487,4168813996827.6475,31.0,0.0,0.0,0.0,0.0,0.0,0.0
own:31,13,1,148.8,163545776868.23343,163545776868.23343,709.3776608019743,1042203499206.9119,31.0,0.0,0.0,0.0,0.0,0.0,0.0
own:31,14,0,576.0,318122914359.8218,318122914359.8218,1379.853966011582,4034336125962.2393,31.0,0.0,0.0,0.0,0.0,0.0,0.0
own:31,14,1,144.0,159061457179.9109,159061457179.9109,689.926983005791,1008584031490.5598,31.0,0.0,0.0,0.0,0.0,0.0,0.0
own:31,15,0,595.2,330370646562.67487,330370646562.67487,1432.9783437030278,4168813996827.6475,31.0,0.0,0.0,0.0,0.0,0.0,0.0
own:31,15,1,148.8,165185323281.33743,165185323281.33743,716.4891718515139,1042203499206.9119,31.0,0.0,0.0,0.0,0.0,0.0,0.0
own:31,16,0,595.2,332022499795.4882,332022499795.4882,1440.1432354215428,4168813996827.6475,31.0,0.0,0.0,0.0,0.0,0.0,0.0
own:31,16,1,148.8,166011249897.7441,166011249897.7441,720.0716177107714,1042203499206.9119,31.0,0.0,0.0,0.0,0.0,0.0,0.0
own:31,17,0,556.8000000000001,312154701823.855,312154701823.855,1353.966922463254,3899858255096.832,31.0,0.0,0.0,0.0,0.0,0.0,0.0
own:31,17,1,139.20000000000002,156077350911.9275,156077350911.9275,676.983461231627,974964563774.208,31.0,0.0,0.0,0.0,0.0,0.0,0.0
own:31,18,0,595.2,335351025355.93787,335351025355.93787,1454.5806713566433,4168813996827.6475,31.0,0.0,0.0,0.0,0.0,0.0,0.0
own:31,18,1,148.8,167675512677.96893,167675512677.96893,727.2903356783216,1042203499206.9119,31.0,0.0,0.0,0.0,0.0,0.0,0.0
own:31,19,0,576.0,326155916596.1783,326155916596.1783,1414.697007787187,4034336125962.2393,31.0,0.0,0.0,0.0,0.0,0.0,0.0
own:31,19,1,144.0,163077958298.08914,163077958298.08914,707.3485038935935,1008584031490.5598,31.0,0.0,0.0,0.0,0.0,0.0,0.0
own:31,20,0,595.2,338712919385.1311,338712919385.1311,1469.1628425869935,4168813996827.6475,31.0,0.0,0.0,0.0,0.0,0.0,0.0
own:31,20,1,148.8,169356459692.56555,169356459692.56555,734.5814212934968,1042203499206.9119,31.0,0.0,0.0,0.0,0.0,0.0,0.0
own:31,21,0,576.0,329425629660.0549,329425629660.0549,1428.8793452902532,4034336125962.2393,31.0,0.0,0.0,0.0,0.0,0.0,0.0
own:31,21,1,144.0,164712814830.02744,164712814830.02744,714.4396726451266,1008584031490.5598,31.0,0.0,0.0,0.0,0.0,0.0,0.0
own:31,22,0,595.2,342108516401.967,342108516401.967,1483.891200083928,4168813996827.6475,31.0,0.0,0.0,0.0,0.0,0.0,0.0
own:31,22,1,148.8,171054258200.9835,171054258200.9835,741.945600041964,1042203499206.9119,31.0,0.0,0.0,0.0,0.0,0.0,0.0
own:31,23,0,595.2,343819058983.97675,343819058983.97675,1491.310656084347,4168813996827.6475,31.0,0.0,0.0,0.0,0.0,0.0,0.0
own:31,23,1,148.8,171909529491.98837,171909529491.98837,745.6553280421736,1042203499206.9119,31.0,0.0,0.0,0.0,0.0,0.0,0.0
own:31,24,0,576.0,334391762205.38385,334391762205.38385,1450.4198800304216,4034336125962.2393,31.0,0.0,0.0,0.0,0.0,0.0,0.0
own:31,24,1,144.0,167195881102.69193,167195881102.69193,725.2099400152108,1008584031490.5598,31.0,0.0,0.0,0.0,0.0,0.0,0.0
own:31,25,0,595.2,347265845050.2911,347265845050.2911,1506.2610454115927,4168813996827.6475,31.0,0.0,0.0,0.0,0.0,0.0,0.0
own:31,25,1,148.8,173632922525.14554,173632922525.14554,753.1305227057964,1042203499206.9119,31.0,0.0,0.0,0.0,0.0,0.0,0.0
own:31,26,0,576.0,337744039621.4927,337744039621.4927,1464.960339327726,4034336125962.2393,31.0,0.0,0.0,0.0,0.0,0.0,0.0
own:31,26,1,144.0,168872019810.74634,168872019810.74634,732.480169663863,1008584031490.5598,31.0,0.0,0.0,0.0,0.0,0.0,0.0
own:31,27,0,595.2,350747185146.92017,350747185146.92017,1521.3613123918435,4168813996827.6475,31.0,0.0,0.0,0.0,0.0,0.0,0.0
own:31,27,1,148.8,175373592573.46008,175373592573.46008,760.6806561959218,1042203499206.9119,31.0,0.0,0.0,0.0,0.0,0.0,0.0
own:31,28,0,595.2,352500921072.6547,352500921072.6547,1528.9681189538026,4168813996827.6475,31.0,0.0,0.0,0.0,0.0,0.0,0.0
own:31,28,1,148.8,176250460536.32736,176250460536.32736,764.4840594769013,1042203499206.9119,31.0,0.0,0.0,0.0,0.0,0.0,0.0
own:31,29,0,537.6,319979868354.3388,319979868354.3388,1387.9084795922581,3765380384231.4233,31.0,0.0,0.0,0.0,0.0,0.0,0.0
own:31,29,1,134.4,159989934177.1694,159989934177.1694,693.9542397961291,941345096057.8558,31.0,0.0,0.0,0.0,0.0,0.0,0.0
own:31,30,0,595.2,356034742806.408,356034742806.408,1544.2960243463142,4168813996827.6475,31.0,0.0,0.0,0.0,0.0,0.0,0.0
own:31,30,1,148.8,178017371403.204,178017371403.204,772.1480121731571,1042203499206.9119,31.0,0.0,0.0,0.0,0.0,0.0,0.0
own:31,31,0,576.0,346272499858.49036,346272499858.49036,1501.9524236787538,4034336125962.2393,31.0,0.0,0.0,0.0,0.0,0.0,0.0
own:31,31,1,144.0,173136249929.24518,173136249929.24518,750.9762118393769,1008584031490.5598,31.0,0.0,0.0,0.0,0.0,0.0,0.0
own:31,32,0,595.2,359603991103.0422,359603991103.0422,1559.7775919903856,4168813996827.6475,31.0,0.0,0.0,0.0,0.0,0.0,0.0
own:31,32,1,148.8,179801995551.5211,179801995551.5211,779.8887959951928,1042203499206.9119,31.0,0.0,0.0,0.0,0.0,0.0,0.0
own:31,33,0,576.0,349743881669.57166,349743881669.57166,1517.009496726133,4034336125962.2393,31.0,0.0,0.0,0.0,0.0,0.0,0.0
own:31,33,1,144.0,174871940834.78583,174871940834.78583,758.5047483630665,1008584031490.5598,31.0,0.0,0.0,0.0,0.0,0.0,0.0
own:31,34,0,595.2,363209021113.8501,363209021113.8501,1575.4143623500888,4168813996827.6475,31.0,0.0,0.0,0.0,0.0,0.0,0.0
own:31,34,1,148.8,181604510556.92505,181604510556.92505,787.7071811750444,1042203499206.9119,31.0,0.0,0.0,0.0,0.0,0.0,0.0
own:31,35,0,595.2,365025066219.4193,365025066219.4193,1583.291434161839,4168813996827.6475,31.0,0.0,0.0,0.0,0.0,0.0,0.0
own:31,35,1,148.8,182512533109.70966,182512533109.70966,791.6457170809196,1042203499206.9119,31.0,0.0,0.0,0.0,0.0,0.0,0.0
own:31,36,0,576.0,355016314403.7255,355016314403.7255,1539.878604515466,4034336125962.2393,31.0,0.0,0.0,0.0,0.0,0.0,0.0
own:31,36,1,144.0,177508157201.86276,177508157201.86276,769.939302257733,1008584031490.5598,31.0,0.0,0.0,0.0,0.0,0.0,0.0
own:32,1,0,595.2,616178562048.0001,616178562048.0001,2672.666426196395,4303291867693.0557,32.0,0.0,0.0,0.0,0.0,0.0,0.0
own:32,1,1,148.8,308089281024.00006,308089281024.00006,1336.3332130981976,1075822966923.2639,32.0,0.0,0.0,0.0,0.0,0.0,0.0
own:32,2,0,576.0,599283343411.2001,599283343411.2001,2599.38363709101,4164476000993.2793,32.0,0.0,0.0,0.0,0.0,0.0,0.0
own:32,2,1,144.0,299641671705.60004,299641671705.60004,1299.691818545505,1041119000248.3198,32.0,0.0,0.0,0.0,0.0,0.0,0.0
own:32,3,0,595.2,622355752132.5311,622355752132.5311,2699.459907119013,4303291867693.0557,32.0,0.0,0.0,0.0,0.0,0.0,0.0
own:32,3,1,148.8,311177876066.26556,311177876066.26556,1349.7299535595066,1075822966923.2639,32.0,0.0,0.0,0.0,0.0,0.0,0.0
own:32,4,0,595.2,625467530893.1937,625467530893.1937,2712.957206654608,4303291867693.0557,32.0,0.0,0.0,0.0,0.0,0.0,0.0
own:32,4,1,148.8,312733765446.59686,312733765446.59686,1356.478603327304,1075822966923.2639,32.0,0.0,0.0,0.0,0.0,0.0,0.0
own:32,5,0,537.6,567763107075.3055,567763107075.3055,2462.66502565357,3886844267593.7275,32.0,0.0,0.0,0.0,0.0,0.0,0.0
own:32,5,1,134.4,283881553537.6528,283881553537.6528,1231.332512826785,971711066898.4319,32.0,0.0,0.0,0.0,0.0,0.0,0.0
own:32,6,0,595.2,631737842890.3978,631737842890.3978,2740.1546026513197,4303291867693.0557,32.0,0.0,0.0,0.0,0.0,0.0,0.0
own:32,6,1,148.8,315868921445.1989,315868921445.1989,1370.0773013256598,1075822966923.2639,32.0,0.0,0.0,0.0,0.0,0.0,0.0
own:32,7,0,576.0,307207999405.5725,307207999405.5725,1332.5106656441499,4164476000993.2793,32.0,0.0,0.0,0.0,0.0,0.0,0.0
own:32,7,1,144.0,153603999702.78625,153603999702.78625,666.2553328220749,1041119000248.3198,32.0,0.0,0.0,0.0,0.0,0.0,0.0
own:32,8,0,595.2,319035507382.687,319035507382.687,1383.8123262714496,4303291867693.0557,32.0,0.0,0.0,0.0,0.0,0.0,0.0
own:32,8,1,148.8,159517753691.3435,159517753691.3435,691.9061631357248,1075822966923.2639,32.0,0.0,0.0,0.0,0.0,0.0,0.0
own:32,9,0,576.0,310287759599.61334,310287759599.61334,1345.8690850672324,4164476000993.2793,32.0,0.0,0.0,0.0,0.0,0.0,0.0
own:32,9,1,144.0,155143879799.80667,155143879799.80667,672.9345425336162,1041119000248.3198,32.0,0.0,0.0,0.0,0.0,0.0,0.0
own:32,10,0,595.2,322233838344.19836,322233838344.19836,1397.6850448423204,4303291867693.0557,32.0,0.0,0.0,0.0,0.0,0.0,0.0
own:32,10,1,148.8,161116919172.09918,161116919172.09918,698.8425224211602,1075822966923.2639,32.0,0.0,0.0,0.0,0.0,0.0,0.0
own:32,11,0,595.2,323845007535.9194,323845007535.9194,1404.673470066532,4303291867693.0557,32.0,0.0,0.0,0.0,0.0,0.0,0.0
own:32,11,1,148.8,161922503767.9597,161922503767.9597,702.336735033266,1075822966923.2639,32.0,0.0,0.0,0.0,0.0,0.0,0.0
own:32,12,0,576.0,314965386361.54736,314965386361.54736,1366.158229758256,4164476000993.2793,32.0,0.0,0.0,0.0,0.0,0.0,0.0
own:32,12,1,144.0,157482693180.77368,157482693180.77368,683.079114879128,1041119000248.3198,32.0,0.0,0.0,0.0,0.0,0.0,0.0
own:32,13,0,595.2,327091553736.46686,327091553736.46686,1418.7553216039487,4303291867693.0557,32.0,0.0,0.0,0.0,0.0,0.0,0.0
own:32,13,1,148.8,163545776868.23343,163545776868.23343,709.3776608019743,1075822966923.2639,32.0,0.0,0.0,0.0,0.0,0.0,0.0
own:32,14,0,576.0,318122914359.8218,318122914359.8218,1379.853966011582,4164476000993.2793,32.0,0.0,0.0,0.0,0.0,0.0,0.0
own:32,14,1,144.0,159061457179.9109,159061457179.9109,689.926983005791,1041119000248.3198,32.0,0.0,0.0,0.0,0.0,0.0,0.0
own:32,15,0,595.2,330370646562.67487,330370646562.67487,1432.9783437030278,4303291867693.0557,32.0,0.0,0.0,0.0,0.0,0.0,0.0
own:32,15,1,148.8,165185323281.33743,165185323281.33743,716.4891718515139,1075822966923.2639,32.0,0.0,0.0,0.0,0.0,0.0,0.0
own:32,16,0,595.2,332022499795.4882,332022499795.4882,1440.1432354215428,4303291867693.0557,32.0,0.0,0.0,0.0,0.0,0.0,0.0
own:32,16,1,148.8,166011249897.7441,166011249897.7441,720.0716177107714,1075822966923.2639,32.0,0.0,0.0,0.0,0.0,0.0,0.0
own:32,17,0,556.8000000000001,312154701823.855,312154701823.855,1353.966922463254,4025660134293.504,32.0,0.0,0.0,0.0,0.0,0.0,0.0
own:32,17,1,139.20000000000002,156077350911.9275,156077350911.9275,676.983461231627,1006415033573.376,32.0,0.0,0.0,0.0,0.0,0.0,0.0
own:32,18,0,595.2,335351025355.93787,335351025355.93787,1454.5806713566433,4303291867693.0557,32.0,0.0,0.0,0.0,0.0,0.0,0.0
own:32,18,1,148.8,167675512677.96893,167675512677.96893,727.2903356783216,1075822966923.2639,32.0,0.0,0.0,0.0,0.0,0.0,0.0
own:32,19,0,576.0,326155916596.1783,326155916596.1783,1414.697007787187,4164476000993.2793,32.0,0.0,0.0,0.0,0.0,0.0,0.0
own:32,19,1,144.0,163077958298.08914,163077958298.08914,707.3485038935935,1041119000248.3198,32.0,0.0,0.0,0.0,0.0,0.0,0.0
own:32,20,0,595.2,338712919385.1311,338712919385.1311,1469.1628425869935,4303291867693.0557,32.0,0.0,0.0,0.0,0.0,0.0,0.0
own:32,20,1,148.8,169356459692.56555,169356459692.56555,734.5814212934968,1075822966923.2639,32.0,0.0,0.0,0.0,0.0,0.0,0.0
own:32,21,0,576.0,329425629660.0549,329425629660.0549,1428.8793452902532,4164476000993.2793,32.0,0.0,0.0,0.0,0.0,0.0,0.0
own:32,21,1,144.0,164712814830.02744,164712814830.02744,714.4396726451266,1041119000248.3198,32.0,0.0,0.0,0.0,0.0,0.0,0.0
own:32,22,0,595.2,342108516401.967,342108516401.967,1483.891200083928,4303291867693.0557,32.0,0.0,0.0,0.0,0.0,0.0,0.0
own:32,22,1,148.8,171054258200.9835,171054258200.9835,741.945600041964,1075822966923.2639,32.0,0.0,0.0,0.0,0.0,0.0,0.0
own:32,23,0,595.2,343819058983.97675,343819058983.97675,1491.310656084347,4303291867693.0557,32.0,0.0,0.0,0.0,0.0,0.0,0.0
own:32,23,1,148.8,171909529491.98837,171909529491.98837,745.6553280421736,1075822966923.2639,32.0,0.0,0.0,0.0,0.0,0.0,0.0
own:32,24,0,576.0,334391762205.38385,334391762205.38385,1450.4198800304216,4164476000993.2793,32.0,0.0,0.0,0.0,0.0,0.0,0.0
own:32,24,1,144.0,167195881102.69193,167195881102.69193,725.2099400152108,1041119000248.3198,32.0,0.0,0.0,0.0,0.0,0.0,0.0
own:32,25,0,595.2,347265845050.2911,347265845050.2911,1506.2610454115927,4303291867693.0557,32.0,0.0,0.0,0.0,0.0,0.0,0.0
own:32,25,1,148.8,173632922525.14554,173632922525.14554,753.1305227057964,1075822966923.2639,32.0,0.0,0.0,0.0,0.0,0.0,0.0
own:32,26,0,576.0,337744039621.4927,337744039621.4927,1464.960339327726,4164476000993.2793,32.0,0.0,0.0,0.0,0.0,0.0,0.0
own:32,26,1,144.0,168872019810.74634,168872019810.74634,732.480169663863,1041119000248.3198,32.0,0.0,0.0,0.0,0.0,0.0,0.0
own:32,27,0,595.2,350747185146.92017,350747185146.92017,1521.3613123918435,4303291867693.0557,32.0,0.0,0.0,0.0,0.0,0.0,0.0
own:32,27,1,148.8,175373592573.46008,175373592573.46008,760.6806561959218,1075822966923.2639,32.0,0.0,0.0,0.0,0.0,0.0,0.0
own:32,28,0,595.2,352500921072.6547,352500921072.6547,1528.9681189538026,4303291867693.0557,32.0,0.0,0.0,0.0,0.0,0.0,0.0
own:32,28,1,148.8,176250460536.32736,176250460536.32736,764.4840594769013,1075822966923.2639,32.0,0.0,0.0,0.0,0.0,0.0,0.0
own:32,29,0,537.6,319979868354.3388,319979868354.3388,1387.9084795922581,3886844267593.7275,32.0,0.0,0.0,0.0,0.0,0.0,0.0
own:32,29,1,134.4,159989934177.1694,159989934177.1694,693.9542397961291,971711066898.4319,32.0,0.0,0.0,0.0,0.0,0.0,0.0
own:32,30,0,595.2,356034742806.408,356034742806.408,1544.2960243463142,4303291867693.0557,32.0,0.0,0.0,0.0,0.0,0.0,0.0
own:32,30,1,148.8,178017371403.204,178017371403.204,772.1480121731571,1075822966923.2639,32.0,0.0,0.0,0.0,0.0,0.0,0.0
own:32,31,0,576.0,346272499858.49036,346272499858.49036,1501.9524236787538,4164476000993.2793,32.0,0.0,0.0,0.0,0.0,0.0,0.0
own:32,31,1,144.0,173136249929.24518,173136249929.24518,750.9762118393769,1041119000248.3198,32.0,0.0,0.0,0.0,0.0,0.0,0.0
own:32,32,0,595.2,359603991103.0422,359603991103.0422,1559.7775919903856,4303291867693.0557,32.0,0.0,0.0,0.0,0.0,0.0,0.0
own:32,32,1,148.8,179801995551.5211,179801995551.5211,779.8887959951928,1075822966923.2639,32.0,0.0,0.0,0.0,0.0,0.0,0.0
own:32,33,0,576.0,349743881669.57166,349743881669.57166,1517.009496726133,4164476000993.2793,32.0,0.0,0.0,0.0,0.0,0.0,0.0
own:32,33,1,144.0,174871940834.78583,174871940834.78583,758.5047483630665,1041119000248.3198,32.0,0.0,0.0,0.0,0.0,0.0,0.0
own:32,34,0,595.2,363209021113.8501,363209021113.8501,1575.4143623500888,4303291867693.0557,32.0,0.0,0.0,0.0,0.0,0.0,0.0
own:32,34,1,148.8,181604510556.92505,181604510556.92505,787.7071811750444,1075822966923.2639,32.0,0.0,0.0,0.0,0.0,0.0,0.0
own:32,35,0,595.2,365025066219.4193,365025066219.4193,1583.291434161839,4303291867693.0557,32.0,0.0,0.0,0.0,0.0,0.0,0.0
own:32,35,1,148.8,182512533109.70966,182512533109.70966,791.6457170809196,1075822966923.2639,32.0,0.0,0.0,0.0,0.0,0.0,0.0
own:32,36,0,576.0,355016314403.7255,355016314403.7255,1539.878604515466,4164476000993.2793,32.0,0.0,0.0,0.0,0.0,0.0,0.0
own:32,36,1,144.0,177508157201.86276,177508157201.86276,769.939302257733,1041119000248.3198,32.0,0.0,0.0,0.0,0.0,0.0,0.0
