policy_id,period,category,flow_kind,cash_usd,pv_usd
on_demand:0,0,on_demand,capital,0.0,0.0
on_demand:0,1,on_demand,operating,282080.0,279848.4491675272
on_demand:0,2,on_demand,operating,274168.0,269847.24164772336
on_demand:0,3,on_demand,operating,284488.0,277789.4710638342
on_demand:0,4,on_demand,operating,286208.0,277258.07725499826
on_demand:0,5,on_demand,operating,259720.0,249607.96641727386
on_demand:0,6,on_demand,operating,288960.0,275512.54978840635
on_demand:0,7,on_demand,operating,140489.6,132891.8792709104
on_demand:0,8,on_demand,operating,146062.4,137070.28285075826
on_demand:0,9,on_demand,operating,142003.19999999998,132206.7463761784
on_demand:0,10,on_demand,operating,147438.4,136181.0583322907
on_demand:0,11,on_demand,operating,148195.19999999998,135797.20848699042
on_demand:0,12,on_demand,operating,144136.0,131032.72727272726
on_demand:0,13,on_demand,operating,149571.19999999998,134898.12161645322
on_demand:0,14,on_demand,operating,145512.0,130198.9086540287
on_demand:0,15,on_demand,operating,151291.19999999998,134299.00997457874
on_demand:0,16,on_demand,operating,151704.0,133600.1006003652
on_demand:0,17,on_demand,operating,142966.4,124909.17621073932
on_demand:0,18,on_demand,operating,153355.19999999998,132925.86006025056
on_demand:0,19,on_demand,operating,149433.6,128501.98636649337
on_demand:0,20,on_demand,operating,154800.0,132063.60485342614
on_demand:0,21,on_demand,operating,150878.4,127699.69820426324
on_demand:0,22,on_demand,operating,156657.6,131542.13287346793
on_demand:0,23,on_demand,operating,157276.8,131017.31180942857
on_demand:0,24,on_demand,operating,153148.8,126569.25619834708
on_demand:0,25,on_demand,operating,159134.4,130475.60228270314
on_demand:0,26,on_demand,operating,154593.6,125749.81635314958
on_demand:0,27,on_demand,operating,160579.19999999998,129585.30293962822
on_demand:0,28,on_demand,operating,161611.19999999998,129386.368299426
on_demand:0,29,on_demand,operating,146750.4,116559.3109010005
on_demand:0,30,on_demand,operating,163056.0,128485.78177853658
on_demand:0,31,on_demand,operating,158308.8,123758.19128967903
on_demand:0,32,on_demand,operating,164500.8,127581.44614324922
on_demand:0,33,on_demand,operating,159753.6,122919.49559768653
on_demand:0,34,on_demand,operating,165945.6,126673.70323424148
on_demand:0,35,on_demand,operating,166977.6,126453.12008330676
on_demand:0,36,on_demand,operating,162230.4,121886.10067618328
on_demand:0,0,variable_service,capital,0.0,0.0
on_demand:0,1,variable_service,operating,0.0,0.0
on_demand:0,2,variable_service,operating,0.0,0.0
on_demand:0,3,variable_service,operating,0.0,0.0
on_demand:0,4,variable_service,operating,0.0,0.0
on_demand:0,5,variable_service,operating,0.0,0.0
on_demand:0,6,variable_service,operating,0.0,0.0
on_demand:0,7,variable_service,operating,0.0,0.0
on_demand:0,8,variable_service,operating,0.0,0.0
on_demand:0,9,variable_service,operating,0.0,0.0
on_demand:0,10,variable_service,operating,0.0,0.0
on_demand:0,11,variable_service,operating,0.0,0.0
on_demand:0,12,variable_service,operating,0.0,0.0
on_demand:0,13,variable_service,operating,0.0,0.0
on_demand:0,14,variable_service,operating,0.0,0.0
on_demand:0,15,variable_service,operating,0.0,0.0
on_demand:0,16,variable_service,operating,0.0,0.0
on_demand:0,17,variable_service,operating,0.0,0.0
on_demand:0,18,variable_service,operating,0.0,0.0
on_demand:0,19,variable_service,operating,0.0,0.0
on_demand:0,20,variable_service,operating,0.0,0.0
on_demand:0,21,variable_service,operating,0.0,0.0
on_demand:0,22,variable_service,operating,0.0,0.0
on_demand:0,23,variable_service,operating,0.0,0.0
on_demand:0,24,variable_service,operating,0.0,0.0
on_demand:0,25,variable_service,operating,0.0,0.0
on_demand:0,26,variable_service,operating,0.0,0.0
on_demand:0,27,variable_service,operating,0.0,0.0
on_demand:0,28,variable_service,operating,0.0,0.0
on_demand:0,29,variable_service,operating,0.0,0.0
on_demand:0,30,variable_service,operating,0.0,0.0
on_demand:0,31,variable_service,operating,0.0,0.0
on_demand:0,32,variable_service,operating,0.0,0.0
on_demand:0,33,variable_service,operating,0.0,0.0
on_demand:0,34,variable_service,operating,0.0,0.0
on_demand:0,35,variable_service,operating,0.0,0.0
on_demand:0,36,variable_service,operating,0.0,0.0
commit:1,0,on_demand,capital,0.0,0.0
commit:1,1,on_demand,operating,230548.8,228724.9154049716
commit:1,2,on_demand,operating,224838.4,221295.05287446923
commit:1,3,on_demand,operating,233438.4,227941.88036749445
commit:1,4,on_demand,operating,235158.4,227804.83366768848
commit:1,5,on_demand,operating,213348.8,205042.1996980043
commit:1,6,on_demand,operating,237704.0,226641.87131403424
commit:1,7,on_demand,operating,90816.0,85904.64281958948
commit:1,8,on_demand,operating,94806.4,88969.78321636592
commit:1,9,on_demand,operating,92329.59999999999,85960.00660699197
commit:1,10,on_demand,operating,96320.0,88965.69373084788
commit:1,11,on_demand,operating,96870.4,88766.23470273097
commit:1,12,on_demand,operating,94668.8,86062.54545454546
commit:1,13,on_demand,operating,98384.0,88732.43510189887
commit:1,14,on_demand,operating,96182.4,86060.55522379768
commit:1,15,on_demand,operating,99897.59999999999,88677.6546080438
commit:1,16,on_demand,operating,100723.2,88703.19604486832
commit:1,17,on_demand,operating,94806.4,82831.97536977804
commit:1,18,on_demand,operating,102168.0,88557.6052891306
commit:1,19,on_demand,operating,99622.4,85667.99091099556
commit:1,20,on_demand,operating,103819.2,88570.65765503111
commit:1,21,on_demand,operating,101411.2,85831.89929461195
commit:1,22,on_demand,operating,105264.0,88387.9944209073
commit:1,23,on_demand,operating,106158.4,88433.81982587415
commit:1,24,on_demand,operating,103612.8,85630.4132231405
commit:1,25,on_demand,operating,107465.59999999999,88111.92856272473
commit:1,26,on_demand,operating,104920.0,85344.22338164358
commit:1,27,on_demand,operating,109254.4,88166.86421085245
commit:1,28,on_demand,operating,110148.79999999999,88185.43024579865
commit:1,29,on_demand,operating,100104.0,79509.51587480344
commit:1,30,on_demand,operating,111593.59999999999,87934.1510737495
commit:1,31,on_demand,operating,108910.4,85140.9025691273
commit:1,32,on_demand,operating,113382.4,87935.68517108938
commit:1,33,on_demand,operating,110217.59999999999,84804.9233193341
commit:1,34,on_demand,operating,114827.2,87652.7407537102
commit:1,35,on_demand,operating,115721.59999999999,87636.64935316108
commit:1,36,on_demand,operating,112900.79999999999,84824.04207362882
commit:1,0,variable_service,capital,0.0,0.0
commit:1,1,variable_service,operating,0.0,0.0
commit:1,2,variable_service,operating,0.0,0.0
commit:1,3,variable_service,operating,0.0,0.0
commit:1,4,variable_service,operating,0.0,0.0
commit:1,5,variable_service,operating,0.0,0.0
commit:1,6,variable_service,operating,0.0,0.0
commit:1,7,variable_service,operating,0.0,0.0
commit:1,8,variable_service,operating,0.0,0.0
commit:1,9,variable_service,operating,0.0,0.0
commit:1,10,variable_service,operating,0.0,0.0
commit:1,11,variable_service,operating,0.0,0.0
commit:1,12,variable_service,operating,0.0,0.0
commit:1,13,variable_service,operating,0.0,0.0
commit:1,14,variable_service,operating,0.0,0.0
commit:1,15,variable_service,operating,0.0,0.0
commit:1,16,variable_service,operating,0.0,0.0
commit:1,17,variable_service,operating,0.0,0.0
commit:1,18,variable_service,operating,0.0,0.0
commit:1,19,variable_service,operating,0.0,0.0
commit:1,20,variable_service,operating,0.0,0.0
commit:1,21,variable_service,operating,0.0,0.0
commit:1,22,variable_service,operating,0.0,0.0
commit:1,23,variable_service,operating,0.0,0.0
commit:1,24,variable_service,operating,0.0,0.0
commit:1,25,variable_service,operating,0.0,0.0
commit:1,26,variable_service,operating,0.0,0.0
commit:1,27,variable_service,operating,0.0,0.0
commit:1,28,variable_service,operating,0.0,0.0
commit:1,29,variable_service,operating,0.0,0.0
commit:1,30,variable_service,operating,0.0,0.0
commit:1,31,variable_service,operating,0.0,0.0
commit:1,32,variable_service,operating,0.0,0.0
commit:1,33,variable_service,operating,0.0,0.0
commit:1,34,variable_service,operating,0.0,0.0
commit:1,35,variable_service,operating,0.0,0.0
commit:1,36,variable_service,operating,0.0,0.0
commit:1,0,commitment,capital,0.0,0.0
commit:1,1,commitment,operating,29760.0,29524.56695698245
commit:1,2,commitment,operating,28800.0,28346.125585241283
commit:1,3,commitment,operating,29760.0,29059.273708767003
commit:1,4,commitment,operating,29760.0,28829.384151067577
commit:1,5,commitment,operating,26880.0,25833.444237241343
commit:1,6,commitment,operating,29760.0,28375.046655948827
commit:1,7,commitment,operating,28800.0,27242.48715208969
commit:1,8,commitment,operating,29760.0,27927.869305437715
commit:1,9,commitment,operating,28800.0,26813.158405120015
commit:1,10,commitment,operating,29760.0,27487.739259032733
commit:1,11,commitment,operating,29760.0,27270.28219924016
commit:1,12,commitment,operating,28800.0,26181.81818181818
commit:1,13,commitment,operating,29760.0,26840.51541543859
commit:1,14,commitment,operating,28800.0,25769.20507749207
commit:1,15,commitment,operating,29760.0,26417.521553424547
commit:1,16,commitment,operating,29760.0,26208.53104642507
commit:1,17,commitment,operating,27840.0,24323.697496103858
commit:1,18,commitment,operating,29760.0,25795.496959953474
commit:1,19,commitment,operating,28800.0,24765.897410990627
commit:1,20,commitment,operating,29760.0,25388.972095852463
commit:1,21,commitment,operating,28800.0,24375.598550109105
commit:1,22,commitment,operating,29760.0,24988.853871847936
commit:1,23,commitment,operating,29760.0,24791.165635672867
commit:1,24,commitment,operating,28800.0,23801.652892561982
commit:1,25,commitment,operating,29760.0,24400.468559489622
commit:1,26,commitment,operating,28800.0,23426.550070447338
commit:1,27,commitment,operating,29760.0,24015.9286849314
commit:1,28,commitment,operating,29760.0,23825.937314931874
commit:1,29,commitment,operating,26880.0,21349.953915075486
commit:1,30,commitment,operating,29760.0,23450.451781775886
commit:1,31,commitment,operating,28800.0,22514.452191809658
commit:1,32,commitment,operating,29760.0,23080.88372350224
commit:1,33,commitment,operating,28800.0,22159.63504555373
commit:1,34,commitment,operating,29760.0,22717.139883498123
commit:1,35,commitment,operating,29760.0,22537.423305157154
commit:1,36,commitment,operating,28800.0,21637.866265965433
commit:1,0,commit_setup,capital,0.0,0.0
commit:1,1,commit_setup,operating,0.0,0.0
commit:1,2,commit_setup,operating,0.0,0.0
commit:1,3,commit_setup,operating,0.0,0.0
commit:1,4,commit_setup,operating,0.0,0.0
commit:1,5,commit_setup,operating,0.0,0.0
commit:1,6,commit_setup,operating,0.0,0.0
commit:1,7,commit_setup,operating,0.0,0.0
commit:1,8,commit_setup,operating,0.0,0.0
commit:1,9,commit_setup,operating,0.0,0.0
commit:1,10,commit_setup,operating,0.0,0.0
commit:1,11,commit_setup,operating,0.0,0.0
commit:1,12,commit_setup,operating,0.0,0.0
commit:1,13,commit_setup,operating,0.0,0.0
commit:1,14,commit_setup,operating,0.0,0.0
commit:1,15,commit_setup,operating,0.0,0.0
commit:1,16,commit_setup,operating,0.0,0.0
commit:1,17,commit_setup,operating,0.0,0.0
commit:1,18,commit_setup,operating,0.0,0.0
commit:1,19,commit_setup,operating,0.0,0.0
commit:1,20,commit_setup,operating,0.0,0.0
commit:1,21,commit_setup,operating,0.0,0.0
commit:1,22,commit_setup,operating,0.0,0.0
commit:1,23,commit_setup,operating,0.0,0.0
commit:1,24,commit_setup,operating,0.0,0.0
commit:1,25,commit_setup,operating,0.0,0.0
commit:1,26,commit_setup,operating,0.0,0.0
commit:1,27,commit_setup,operating,0.0,0.0
commit:1,28,commit_setup,operating,0.0,0.0
commit:1,29,commit_setup,operating,0.0,0.0
commit:1,30,commit_setup,operating,0.0,0.0
commit:1,31,commit_setup,operating,0.0,0.0
commit:1,32,commit_setup,operating,0.0,0.0
commit:1,33,commit_setup,operating,0.0,0.0
commit:1,34,commit_setup,operating,0.0,0.0
commit:1,35,commit_setup,operating,0.0,0.0
commit:1,36,commit_setup,operating,0.0,0.0
commit:1,0,commit_fees,capital,0.0,0.0
commit:1,1,commit_fees,operating,0.0,0.0
commit:1,2,commit_fees,operating,0.0,0.0
commit:1,3,commit_fees,operating,0.0,0.0
commit:1,4,commit_fees,operating,0.0,0.0
commit:1,5,commit_fees,operating,0.0,0.0
commit:1,6,commit_fees,operating,0.0,0.0
commit:1,7,commit_fees,operating,0.0,0.0
commit:1,8,commit_fees,operating,0.0,0.0
commit:1,9,commit_fees,operating,0.0,0.0
commit:1,10,commit_fees,operating,0.0,0.0
commit:1,11,commit_fees,operating,0.0,0.0
commit:1,12,commit_fees,operating,0.0,0.0
commit:1,13,commit_fees,operating,0.0,0.0
commit:1,14,commit_fees,operating,0.0,0.0
commit:1,15,commit_fees,operating,0.0,0.0
commit:1,16,commit_fees,operating,0.0,0.0
commit:1,17,commit_fees,operating,0.0,0.0
commit:1,18,commit_fees,operating,0.0,0.0
commit:1,19,commit_fees,operating,0.0,0.0
commit:1,20,commit_fees,operating,0.0,0.0
commit:1,21,commit_fees,operating,0.0,0.0
commit:1,22,commit_fees,operating,0.0,0.0
commit:1,23,commit_fees,operating,0.0,0.0
commit:1,24,commit_fees,operating,0.0,0.0
commit:1,25,commit_fees,operating,0.0,0.0
commit:1,26,commit_fees,operating,0.0,0.0
commit:1,27,commit_fees,operating,0.0,0.0
commit:1,28,commit_fees,operating,0.0,0.0
commit:1,29,commit_fees,operating,0.0,0.0
commit:1,30,commit_fees,operating,0.0,0.0
commit:1,31,commit_fees,operating,0.0,0.0
commit:1,32,commit_fees,operating,0.0,0.0
commit:1,33,commit_fees,operating,0.0,0.0
commit:1,34,commit_fees,operating,0.0,0.0
commit:1,35,commit_fees,operating,0.0,0.0
commit:1,36,commit_fees,operating,0.0,0.0
commit:2,0,on_demand,capital,0.0,0.0
commit:2,1,on_demand,operating,179636.8,178215.6831161984
commit:2,2,on_demand,operating,174958.4,172201.13814558607
commit:2,3,on_demand,operating,182044.8,177758.389464306
commit:2,4,on_demand,operating,183420.8,177685.10431774647
commit:2,5,on_demand,operating,167321.6,160807.03955677088
commit:2,6,on_demand,operating,186585.6,177902.38929194238
commit:2,7,on_demand,operating,41348.799999999996,39112.64419285854
commit:2,8,on_demand,operating,43550.4,40869.283581973614
commit:2,9,on_demand,operating,42724.799999999996,39777.32049399554
commit:2,10,on_demand,operating,44926.4,41496.14143303119
commit:2,11,on_demand,operating,45614.4,41798.305119254714
commit:2,12,on_demand,operating,44995.2,40904.72727272727
commit:2,13,on_demand,operating,47265.6,42628.7992412619
commit:2,14,on_demand,operating,46371.2,41491.28341977084
commit:2,15,on_demand,operating,48641.6,43178.44477127202
commit:2,16,on_demand,operating,49398.4,43503.34341544772
commit:2,17,on_demand,operating,46921.6,40995.21567647941
commit:2,18,on_demand,operating,51049.6,44248.98526904707
commit:2,19,on_demand,operating,50086.4,43070.647364091696
commit:2,20,on_demand,operating,52356.799999999996,44666.845908203235
commit:2,21,on_demand,operating,51668.799999999996,43731.17799881518
commit:2,22,on_demand,operating,53939.2,45291.62589934073
commit:2,23,on_demand,operating,54764.799999999996,45621.07620310811
commit:2,24,on_demand,operating,54008.0,44634.71074380165
commit:2,25,on_demand,operating,56347.2,46199.53232578204
commit:2,26,on_demand,operating,55246.399999999994,44938.630410137564
commit:2,27,on_demand,operating,57998.399999999994,46803.94617742356
commit:2,28,on_demand,operating,58755.2,47039.57366015744
commit:2,29,on_demand,operating,53801.6,42732.94942549573
commit:2,30,on_demand,operating,60406.399999999994,47599.37400909498
commit:2,31,on_demand,operating,59236.799999999996,46308.475749853824
commit:2,32,on_demand,operating,62057.6,48129.847102137515
commit:2,33,on_demand,operating,60819.2,46796.22485286601
commit:2,34,on_demand,operating,63708.799999999996,48631.778273178934
commit:2,35,on_demand,operating,64534.399999999994,48872.281268290775
commit:2,36,on_demand,operating,63296.0,47555.22163786625
commit:2,0,variable_service,capital,0.0,0.0
commit:2,1,variable_service,operating,0.0,0.0
commit:2,2,variable_service,operating,0.0,0.0
commit:2,3,variable_service,operating,0.0,0.0
commit:2,4,variable_service,operating,0.0,0.0
commit:2,5,variable_service,operating,0.0,0.0
commit:2,6,variable_service,operating,0.0,0.0
commit:2,7,variable_service,operating,0.0,0.0
commit:2,8,variable_service,operating,0.0,0.0
commit:2,9,variable_service,operating,0.0,0.0
commit:2,10,variable_service,operating,0.0,0.0
commit:2,11,variable_service,operating,0.0,0.0
commit:2,12,variable_service,operating,0.0,0.0
commit:2,13,variable_service,operating,0.0,0.0
commit:2,14,variable_service,operating,0.0,0.0
commit:2,15,variable_service,operating,0.0,0.0
commit:2,16,variable_service,operating,0.0,0.0
commit:2,17,variable_service,operating,0.0,0.0
commit:2,18,variable_service,operating,0.0,0.0
commit:2,19,variable_service,operating,0.0,0.0
commit:2,20,variable_service,operating,0.0,0.0
commit:2,21,variable_service,operating,0.0,0.0
commit:2,22,variable_service,operating,0.0,0.0
commit:2,23,variable_service,operating,0.0,0.0
commit:2,24,variable_service,operating,0.0,0.0
commit:2,25,variable_service,operating,0.0,0.0
commit:2,26,variable_service,operating,0.0,0.0
commit:2,27,variable_service,operating,0.0,0.0
commit:2,28,variable_service,operating,0.0,0.0
commit:2,29,variable_service,operating,0.0,0.0
commit:2,30,variable_service,operating,0.0,0.0
commit:2,31,variable_service,operating,0.0,0.0
commit:2,32,variable_service,operating,0.0,0.0
commit:2,33,variable_service,operating,0.0,0.0
commit:2,34,variable_service,operating,0.0,0.0
commit:2,35,variable_service,operating,0.0,0.0
commit:2,36,variable_service,operating,0.0,0.0
commit:2,0,commitment,capital,0.0,0.0
commit:2,1,commitment,operating,59520.0,59049.1339139649
commit:2,2,commitment,operating,57600.0,56692.25117048257
commit:2,3,commitment,operating,59520.0,58118.547417534006
commit:2,4,commitment,operating,59520.0,57658.768302135155
commit:2,5,commitment,operating,53760.0,51666.88847448269
commit:2,6,commitment,operating,59520.0,56750.09331189765
commit:2,7,commitment,operating,57600.0,54484.97430417938
commit:2,8,commitment,operating,59520.0,55855.73861087543
commit:2,9,commitment,operating,57600.0,53626.31681024003
commit:2,10,commitment,operating,59520.0,54975.478518065465
commit:2,11,commitment,operating,59520.0,54540.56439848032
commit:2,12,commitment,operating,57600.0,52363.63636363636
commit:2,13,commitment,operating,59520.0,53681.03083087718
commit:2,14,commitment,operating,57600.0,51538.41015498414
commit:2,15,commitment,operating,59520.0,52835.043106849094
commit:2,16,commitment,operating,59520.0,52417.06209285014
commit:2,17,commitment,operating,55680.0,48647.394992207715
commit:2,18,commitment,operating,59520.0,51590.99391990695
commit:2,19,commitment,operating,57600.0,49531.79482198125
commit:2,20,commitment,operating,59520.0,50777.944191704926
commit:2,21,commitment,operating,57600.0,48751.19710021821
commit:2,22,commitment,operating,59520.0,49977.70774369587
commit:2,23,commitment,operating,59520.0,49582.331271345734
commit:2,24,commitment,operating,57600.0,47603.305785123965
commit:2,25,commitment,operating,59520.0,48800.937118979244
commit:2,26,commitment,operating,57600.0,46853.100140894676
commit:2,27,commitment,operating,59520.0,48031.8573698628
commit:2,28,commitment,operating,59520.0,47651.87462986375
commit:2,29,commitment,operating,53760.0,42699.90783015097
commit:2,30,commitment,operating,59520.0,46900.90356355177
commit:2,31,commitment,operating,57600.0,45028.904383619316
commit:2,32,commitment,operating,59520.0,46161.76744700448
commit:2,33,commitment,operating,57600.0,44319.27009110746
commit:2,34,commitment,operating,59520.0,45434.279766996246
commit:2,35,commitment,operating,59520.0,45074.84661031431
commit:2,36,commitment,operating,57600.0,43275.732531930866
commit:2,0,commit_setup,capital,0.0,0.0
commit:2,1,commit_setup,operating,0.0,0.0
commit:2,2,commit_setup,operating,0.0,0.0
commit:2,3,commit_setup,operating,0.0,0.0
commit:2,4,commit_setup,operating,0.0,0.0
commit:2,5,commit_setup,operating,0.0,0.0
commit:2,6,commit_setup,operating,0.0,0.0
commit:2,7,commit_setup,operating,0.0,0.0
commit:2,8,commit_setup,operating,0.0,0.0
commit:2,9,commit_setup,operating,0.0,0.0
commit:2,10,commit_setup,operating,0.0,0.0
commit:2,11,commit_setup,operating,0.0,0.0
commit:2,12,commit_setup,operating,0.0,0.0
commit:2,13,commit_setup,operating,0.0,0.0
commit:2,14,commit_setup,operating,0.0,0.0
commit:2,15,commit_setup,operating,0.0,0.0
commit:2,16,commit_setup,operating,0.0,0.0
commit:2,17,commit_setup,operating,0.0,0.0
commit:2,18,commit_setup,operating,0.0,0.0
commit:2,19,commit_setup,operating,0.0,0.0
commit:2,20,commit_setup,operating,0.0,0.0
commit:2,21,commit_setup,operating,0.0,0.0
commit:2,22,commit_setup,operating,0.0,0.0
commit:2,23,commit_setup,operating,0.0,0.0
commit:2,24,commit_setup,operating,0.0,0.0
commit:2,25,commit_setup,operating,0.0,0.0
commit:2,26,commit_setup,operating,0.0,0.0
commit:2,27,commit_setup,operating,0.0,0.0
commit:2,28,commit_setup,operating,0.0,0.0
commit:2,29,commit_setup,operating,0.0,0.0
commit:2,30,commit_setup,operating,0.0,0.0
commit:2,31,commit_setup,operating,0.0,0.0
commit:2,32,commit_setup,operating,0.0,0.0
commit:2,33,commit_setup,operating,0.0,0.0
commit:2,34,commit_setup,operating,0.0,0.0
commit:2,35,commit_setup,operating,0.0,0.0
commit:2,36,commit_setup,operating,0.0,0.0
commit:2,0,commit_fees,capital,0.0,0.0
commit:2,1,commit_fees,operating,0.0,0.0
commit:2,2,commit_fees,operating,0.0,0.0
commit:2,3,commit_fees,operating,0.0,0.0
commit:2,4,commit_fees,operating,0.0,0.0
commit:2,5,commit_fees,operating,0.0,0.0
commit:2,6,commit_fees,operating,0.0,0.0
commit:2,7,commit_fees,operating,0.0,0.0
commit:2,8,commit_fees,operating,0.0,0.0
commit:2,9,commit_fees,operating,0.0,0.0
commit:2,10,commit_fees,operating,0.0,0.0
commit:2,11,commit_fees,operating,0.0,0.0
commit:2,12,commit_fees,operating,0.0,0.0
commit:2,13,commit_fees,operating,0.0,0.0
commit:2,14,commit_fees,operating,0.0,0.0
commit:2,15,commit_fees,operating,0.0,0.0
commit:2,16,commit_fees,operating,0.0,0.0
commit:2,17,commit_fees,operating,0.0,0.0
commit:2,18,commit_fees,operating,0.0,0.0
commit:2,19,commit_fees,operating,0.0,0.0
commit:2,20,commit_fees,operating,0.0,0.0
commit:2,21,commit_fees,operating,0.0,0.0
commit:2,22,commit_fees,operating,0.0,0.0
commit:2,23,commit_fees,operating,0.0,0.0
commit:2,24,commit_fees,operating,0.0,0.0
commit:2,25,commit_fees,operating,0.0,0.0
commit:2,26,commit_fees,operating,0.0,0.0
commit:2,27,commit_fees,operating,0.0,0.0
commit:2,28,commit_fees,operating,0.0,0.0
commit:2,29,commit_fees,operating,0.0,0.0
commit:2,30,commit_fees,operating,0.0,0.0
commit:2,31,commit_fees,operating,0.0,0.0
commit:2,32,commit_fees,operating,0.0,0.0
commit:2,33,commit_fees,operating,0.0,0.0
commit:2,34,commit_fees,operating,0.0,0.0
commit:2,35,commit_fees,operating,0.0,0.0
commit:2,36,commit_fees,operating,0.0,0.0
commit:3,0,on_demand,capital,0.0,0.0
commit:3,1,on_demand,operating,128380.79999999999,127365.17223087944
commit:3,2,on_demand,operating,125353.59999999999,123378.08639451742
commit:3,3,on_demand,operating,130788.79999999999,127709.25864385703
commit:3,4,on_demand,operating,132233.6,128098.56357791027
commit:3,5,on_demand,operating,120812.79999999999,116109.03020628684
commit:3,6,on_demand,operating,135123.19999999998,128834.91613915
commit:3,7,on_demand,operating,17062.399999999998,16139.660166104688
commit:3,8,on_demand,operating,17888.0,16786.751550257723
commit:3,9,on_demand,operating,17612.8,16397.735984642284
commit:3,10,on_demand,operating,18438.399999999998,17030.57565704802
commit:3,11,on_demand,operating,18713.6,17148.022613027573
commit:3,12,on_demand,operating,18300.8,16637.090909090908
commit:3,13,on_demand,operating,19126.399999999998,17250.081789040476
commit:3,14,on_demand,operating,18851.2,16867.376345722867
commit:3,15,on_demand,operating,19676.8,17466.810756129842
commit:3,16,on_demand,operating,19952.0,17570.988287576376
commit:3,17,on_demand,operating,18851.2,16470.218614890557
commit:3,18,on_demand,operating,20364.8,17651.886306789667
commit:3,19,on_demand,operating,20020.8,17216.42635020698
commit:3,20,on_demand,operating,21052.8,17960.65026006595
commit:3,21,on_demand,operating,20640.0,17469.178960911526
commit:3,22,on_demand,operating,21465.6,18024.2184701458
commit:3,23,on_demand,operating,21672.0,18053.56658791339
commit:3,24,on_demand,operating,21259.2,17569.5867768595
commit:3,25,on_demand,operating,22291.2,18276.738062946744
commit:3,26,on_demand,operating,21878.399999999998,17796.369203516493
commit:3,27,on_demand,operating,22704.0,18321.82946447186
commit:3,28,on_demand,operating,23116.8,18507.37324334063
commit:3,29,on_demand,operating,21052.8,16721.588905628763
commit:3,30,on_demand,operating,23529.6,18540.986231333125
commit:3,31,on_demand,operating,23116.8,18071.600292625884
commit:3,32,on_demand,operating,24148.8,18729.020324667705
commit:3,33,on_demand,operating,23529.6,18104.421832217395
commit:3,34,on_demand,operating,24768.0,18906.522870782308
commit:3,35,on_demand,operating,24974.399999999998,18913.26023495688
commit:3,36,on_demand,operating,24355.2,18298.4222389181
commit:3,0,variable_service,capital,0.0,0.0
commit:3,1,variable_service,operating,0.0,0.0
commit:3,2,variable_service,operating,0.0,0.0
commit:3,3,variable_service,operating,0.0,0.0
commit:3,4,variable_service,operating,0.0,0.0
commit:3,5,variable_service,operating,0.0,0.0
commit:3,6,variable_service,operating,0.0,0.0
commit:3,7,variable_service,operating,0.0,0.0
commit:3,8,variable_service,operating,0.0,0.0
commit:3,9,variable_service,operating,0.0,0.0
commit:3,10,variable_service,operating,0.0,0.0
commit:3,11,variable_service,operating,0.0,0.0
commit:3,12,variable_service,operating,0.0,0.0
commit:3,13,variable_service,operating,0.0,0.0
commit:3,14,variable_service,operating,0.0,0.0
commit:3,15,variable_service,operating,0.0,0.0
commit:3,16,variable_service,operating,0.0,0.0
commit:3,17,variable_service,operating,0.0,0.0
commit:3,18,variable_service,operating,0.0,0.0
commit:3,19,variable_service,operating,0.0,0.0
commit:3,20,variable_service,operating,0.0,0.0
commit:3,21,variable_service,operating,0.0,0.0
commit:3,22,variable_service,operating,0.0,0.0
commit:3,23,variable_service,operating,0.0,0.0
commit:3,24,variable_service,operating,0.0,0.0
commit:3,25,variable_service,operating,0.0,0.0
commit:3,26,variable_service,operating,0.0,0.0
commit:3,27,variable_service,operating,0.0,0.0
commit:3,28,variable_service,operating,0.0,0.0
commit:3,29,variable_service,operating,0.0,0.0
commit:3,30,variable_service,operating,0.0,0.0
commit:3,31,variable_service,operating,0.0,0.0
commit:3,32,variable_service,operating,0.0,0.0
commit:3,33,variable_service,operating,0.0,0.0
commit:3,34,variable_service,operating,0.0,0.0
commit:3,35,variable_service,operating,0.0,0.0
commit:3,36,variable_service,operating,0.0,0.0
commit:3,0,commitment,capital,0.0,0.0
commit:3,1,commitment,operating,89280.0,88573.70087094734
commit:3,2,commitment,operating,86400.0,85038.37675572385
commit:3,3,commitment,operating,89280.0,87177.821126301
commit:3,4,commitment,operating,89280.0,86488.15245320273
commit:3,5,commitment,operating,80640.0,77500.33271172403
commit:3,6,commitment,operating,89280.0,85125.13996784648
commit:3,7,commitment,operating,86400.0,81727.46145626907
commit:3,8,commitment,operating,89280.0,83783.60791631314
commit:3,9,commitment,operating,86400.0,80439.47521536004
commit:3,10,commitment,operating,89280.0,82463.2177770982
commit:3,11,commitment,operating,89280.0,81810.84659772048
commit:3,12,commitment,operating,86400.0,78545.45454545454
commit:3,13,commitment,operating,89280.0,80521.54624631577
commit:3,14,commitment,operating,86400.0,77307.61523247622
commit:3,15,commitment,operating,89280.0,79252.56466027364
commit:3,16,commitment,operating,89280.0,78625.59313927521
commit:3,17,commitment,operating,83520.0,72971.09248831158
commit:3,18,commitment,operating,89280.0,77386.49087986043
commit:3,19,commitment,operating,86400.0,74297.69223297188
commit:3,20,commitment,operating,89280.0,76166.9162875574
commit:3,21,commitment,operating,86400.0,73126.79565032732
commit:3,22,commitment,operating,89280.0,74966.5616155438
commit:3,23,commitment,operating,89280.0,74373.4969070186
commit:3,24,commitment,operating,86400.0,71404.95867768594
commit:3,25,commitment,operating,89280.0,73201.40567846887
commit:3,26,commitment,operating,86400.0,70279.65021134201
commit:3,27,commitment,operating,89280.0,72047.7860547942
commit:3,28,commitment,operating,89280.0,71477.81194479563
commit:3,29,commitment,operating,80640.0,64049.86174522646
commit:3,30,commitment,operating,89280.0,70351.35534532765
commit:3,31,commitment,operating,86400.0,67543.35657542897
commit:3,32,commitment,operating,89280.0,69242.65117050672
commit:3,33,commitment,operating,86400.0,66478.90513666118
commit:3,34,commitment,operating,89280.0,68151.41965049437
commit:3,35,commitment,operating,89280.0,67612.26991547145
commit:3,36,commitment,operating,86400.0,64913.5987978963
commit:3,0,commit_setup,capital,0.0,0.0
commit:3,1,commit_setup,operating,0.0,0.0
commit:3,2,commit_setup,operating,0.0,0.0
commit:3,3,commit_setup,operating,0.0,0.0
commit:3,4,commit_setup,operating,0.0,0.0
commit:3,5,commit_setup,operating,0.0,0.0
commit:3,6,commit_setup,operating,0.0,0.0
commit:3,7,commit_setup,operating,0.0,0.0
commit:3,8,commit_setup,operating,0.0,0.0
commit:3,9,commit_setup,operating,0.0,0.0
commit:3,10,commit_setup,operating,0.0,0.0
commit:3,11,commit_setup,operating,0.0,0.0
commit:3,12,commit_setup,operating,0.0,0.0
commit:3,13,commit_setup,operating,0.0,0.0
commit:3,14,commit_setup,operating,0.0,0.0
commit:3,15,commit_setup,operating,0.0,0.0
commit:3,16,commit_setup,operating,0.0,0.0
commit:3,17,commit_setup,operating,0.0,0.0
commit:3,18,commit_setup,operating,0.0,0.0
commit:3,19,commit_setup,operating,0.0,0.0
commit:3,20,commit_setup,operating,0.0,0.0
commit:3,21,commit_setup,operating,0.0,0.0
commit:3,22,commit_setup,operating,0.0,0.0
commit:3,23,commit_setup,operating,0.0,0.0
commit:3,24,commit_setup,operating,0.0,0.0
commit:3,25,commit_setup,operating,0.0,0.0
commit:3,26,commit_setup,operating,0.0,0.0
commit:3,27,commit_setup,operating,0.0,0.0
commit:3,28,commit_setup,operating,0.0,0.0
commit:3,29,commit_setup,operating,0.0,0.0
commit:3,30,commit_setup,operating,0.0,0.0
commit:3,31,commit_setup,operating,0.0,0.0
commit:3,32,commit_setup,operating,0.0,0.0
commit:3,33,commit_setup,operating,0.0,0.0
commit:3,34,commit_setup,operating,0.0,0.0
commit:3,35,commit_setup,operating,0.0,0.0
commit:3,36,commit_setup,operating,0.0,0.0
commit:3,0,commit_fees,capital,0.0,0.0
commit:3,1,commit_fees,operating,0.0,0.0
commit:3,2,commit_fees,operating,0.0,0.0
commit:3,3,commit_fees,operating,0.0,0.0
commit:3,4,commit_fees,operating,0.0,0.0
commit:3,5,commit_fees,operating,0.0,0.0
commit:3,6,commit_fees,operating,0.0,0.0
commit:3,7,commit_fees,operating,0.0,0.0
commit:3,8,commit_fees,operating,0.0,0.0
commit:3,9,commit_fees,operating,0.0,0.0
commit:3,10,commit_fees,operating,0.0,0.0
commit:3,11,commit_fees,operating,0.0,0.0
commit:3,12,commit_fees,operating,0.0,0.0
commit:3,13,commit_fees,operating,0.0,0.0
commit:3,14,commit_fees,operating,0.0,0.0
commit:3,15,commit_fees,operating,0.0,0.0
commit:3,16,commit_fees,operating,0.0,0.0
commit:3,17,commit_fees,operating,0.0,0.0
commit:3,18,commit_fees,operating,0.0,0.0
commit:3,19,commit_fees,operating,0.0,0.0
commit:3,20,commit_fees,operating,0.0,0.0
commit:3,21,commit_fees,operating,0.0,0.0
commit:3,22,commit_fees,operating,0.0,0.0
commit:3,23,commit_fees,operating,0.0,0.0
commit:3,24,commit_fees,operating,0.0,0.0
commit:3,25,commit_fees,operating,0.0,0.0
commit:3,26,commit_fees,operating,0.0,0.0
commit:3,27,commit_fees,operating,0.0,0.0
commit:3,28,commit_fees,operating,0.0,0.0
commit:3,29,commit_fees,operating,0.0,0.0
commit:3,30,commit_fees,operating,0.0,0.0
commit:3,31,commit_fees,operating,0.0,0.0
commit:3,32,commit_fees,operating,0.0,0.0
commit:3,33,commit_fees,operating,0.0,0.0
commit:3,34,commit_fees,operating,0.0,0.0
commit:3,35,commit_fees,operating,0.0,0.0
commit:3,36,commit_fees,operating,0.0,0.0
commit:4,0,on_demand,capital,0.0,0.0
commit:4,1,on_demand,operating,77124.8,76514.6613455605
commit:4,2,on_demand,operating,76024.0,74825.89762126331
commit:4,3,on_demand,operating,79808.0,77928.84798888699
commit:4,4,on_demand,operating,81184.0,78645.31999060047
commit:4,5,on_demand,operating,74510.4,71609.38480262453
commit:4,6,on_demand,operating,83936.0,80029.83589091802
commit:4,7,on_demand,operating,7155.2,6768.244585785837
commit:4,8,on_demand,operating,7636.799999999999,7166.651623379258
commit:4,9,on_demand,operating,7636.799999999999,7109.95583709099
commit:4,10,on_demand,operating,8118.4,7498.537043028607
commit:4,11,on_demand,operating,8393.6,7691.392495549133
commit:4,12,on_demand,operating,8393.6,7630.545454545455
commit:4,13,on_demand,operating,8875.199999999999,8004.534355346121
commit:4,14,on_demand,operating,8875.199999999999,7941.210031380473
commit:4,15,on_demand,operating,9356.8,8305.89602389391
commit:4,16,on_demand,operating,9632.0,8482.546069864458
commit:4,17,on_demand,operating,9219.199999999999,8054.7784466983
commit:4,18,on_demand,operating,10113.6,8766.308402358383
commit:4,19,on_demand,operating,10044.8,8637.79466367773
commit:4,20,on_demand,operating,10732.8,9156.409936504211
commit:4,21,on_demand,operating,10595.199999999999,8967.511866601248
commit:4,22,on_demand,operating,11145.6,9358.728821037244
commit:4,23,on_demand,operating,11420.8,9513.94302728134
commit:4,24,on_demand,operating,11420.8,9438.677685950412
commit:4,25,on_demand,operating,11971.199999999999,9815.285256026955
commit:4,26,on_demand,operating,11833.6,9625.70912894603
commit:4,27,on_demand,operating,12521.6,10104.766553132964
commit:4,28,on_demand,operating,12796.8,10245.153045420706
commit:4,29,on_demand,operating,11833.6,9399.063044993947
commit:4,30,on_demand,operating,13347.199999999999,10517.401546428731
commit:4,31,on_demand,operating,13209.599999999999,10326.628738643361
commit:4,32,on_demand,operating,13897.599999999999,10778.52451733013
commit:4,33,on_demand,operating,13622.4,10481.507376546913
commit:4,34,on_demand,operating,14448.0,11028.805007956347
commit:4,35,on_demand,operating,14723.199999999999,11149.966088927747
commit:4,36,on_demand,operating,14448.0,10854.996243425992
commit:4,0,variable_service,capital,0.0,0.0
commit:4,1,variable_service,operating,0.0,0.0
commit:4,2,variable_service,operating,0.0,0.0
commit:4,3,variable_service,operating,0.0,0.0
commit:4,4,variable_service,operating,0.0,0.0
commit:4,5,variable_service,operating,0.0,0.0
commit:4,6,variable_service,operating,0.0,0.0
commit:4,7,variable_service,operating,0.0,0.0
commit:4,8,variable_service,operating,0.0,0.0
commit:4,9,variable_service,operating,0.0,0.0
commit:4,10,variable_service,operating,0.0,0.0
commit:4,11,variable_service,operating,0.0,0.0
commit:4,12,variable_service,operating,0.0,0.0
commit:4,13,variable_service,operating,0.0,0.0
commit:4,14,variable_service,operating,0.0,0.0
commit:4,15,variable_service,operating,0.0,0.0
commit:4,16,variable_service,operating,0.0,0.0
commit:4,17,variable_service,operating,0.0,0.0
commit:4,18,variable_service,operating,0.0,0.0
commit:4,19,variable_service,operating,0.0,0.0
commit:4,20,variable_service,operating,0.0,0.0
commit:4,21,variable_service,operating,0.0,0.0
commit:4,22,variable_service,operating,0.0,0.0
commit:4,23,variable_service,operating,0.0,0.0
commit:4,24,variable_service,operating,0.0,0.0
commit:4,25,variable_service,operating,0.0,0.0
commit:4,26,variable_service,operating,0.0,0.0
commit:4,27,variable_service,operating,0.0,0.0
commit:4,28,variable_service,operating,0.0,0.0
commit:4,29,variable_service,operating,0.0,0.0
commit:4,30,variable_service,operating,0.0,0.0
commit:4,31,variable_service,operating,0.0,0.0
commit:4,32,variable_service,operating,0.0,0.0
commit:4,33,variable_service,operating,0.0,0.0
commit:4,34,variable_service,operating,0.0,0.0
commit:4,35,variable_service,operating,0.0,0.0
commit:4,36,variable_service,operating,0.0,0.0
commit:4,0,commitment,capital,0.0,0.0
commit:4,1,commitment,operating,119040.0,118098.2678279298
commit:4,2,commitment,operating,115200.0,113384.50234096513
commit:4,3,commitment,operating,119040.0,116237.09483506801
commit:4,4,commitment,operating,119040.0,115317.53660427031
commit:4,5,commitment,operating,107520.0,103333.77694896537
commit:4,6,commitment,operating,119040.0,113500.1866237953
commit:4,7,commitment,operating,115200.0,108969.94860835875
commit:4,8,commitment,operating,119040.0,111711.47722175086
commit:4,9,commitment,operating,115200.0,107252.63362048006
commit:4,10,commitment,operating,119040.0,109950.95703613093
commit:4,11,commitment,operating,119040.0,109081.12879696063
commit:4,12,commitment,operating,115200.0,104727.27272727272
commit:4,13,commitment,operating,119040.0,107362.06166175436
commit:4,14,commitment,operating,115200.0,103076.82030996829
commit:4,15,commitment,operating,119040.0,105670.08621369819
commit:4,16,commitment,operating,119040.0,104834.12418570028
commit:4,17,commitment,operating,111360.0,97294.78998441543
commit:4,18,commitment,operating,119040.0,103181.9878398139
commit:4,19,commitment,operating,115200.0,99063.5896439625
commit:4,20,commitment,operating,119040.0,101555.88838340985
commit:4,21,commitment,operating,115200.0,97502.39420043642
commit:4,22,commitment,operating,119040.0,99955.41548739174
commit:4,23,commitment,operating,119040.0,99164.66254269147
commit:4,24,commitment,operating,115200.0,95206.61157024793
commit:4,25,commitment,operating,119040.0,97601.87423795849
commit:4,26,commitment,operating,115200.0,93706.20028178935
commit:4,27,commitment,operating,119040.0,96063.7147397256
commit:4,28,commitment,operating,119040.0,95303.7492597275
commit:4,29,commitment,operating,107520.0,85399.81566030195
commit:4,30,commitment,operating,119040.0,93801.80712710354
commit:4,31,commitment,operating,115200.0,90057.80876723863
commit:4,32,commitment,operating,119040.0,92323.53489400896
commit:4,33,commitment,operating,115200.0,88638.54018221491
commit:4,34,commitment,operating,119040.0,90868.55953399249
commit:4,35,commitment,operating,119040.0,90149.69322062861
commit:4,36,commitment,operating,115200.0,86551.46506386173
commit:4,0,commit_setup,capital,0.0,0.0
commit:4,1,commit_setup,operating,0.0,0.0
commit:4,2,commit_setup,operating,0.0,0.0
commit:4,3,commit_setup,operating,0.0,0.0
commit:4,4,commit_setup,operating,0.0,0.0
commit:4,5,commit_setup,operating,0.0,0.0
commit:4,6,commit_setup,operating,0.0,0.0
commit:4,7,commit_setup,operating,0.0,0.0
commit:4,8,commit_setup,operating,0.0,0.0
commit:4,9,commit_setup,operating,0.0,0.0
commit:4,10,commit_setup,operating,0.0,0.0
commit:4,11,commit_setup,operating,0.0,0.0
commit:4,12,commit_setup,operating,0.0,0.0
commit:4,13,commit_setup,operating,0.0,0.0
commit:4,14,commit_setup,operating,0.0,0.0
commit:4,15,commit_setup,operating,0.0,0.0
commit:4,16,commit_setup,operating,0.0,0.0
commit:4,17,commit_setup,operating,0.0,0.0
commit:4,18,commit_setup,operating,0.0,0.0
commit:4,19,commit_setup,operating,0.0,0.0
commit:4,20,commit_setup,operating,0.0,0.0
commit:4,21,commit_setup,operating,0.0,0.0
commit:4,22,commit_setup,operating,0.0,0.0
commit:4,23,commit_setup,operating,0.0,0.0
commit:4,24,commit_setup,operating,0.0,0.0
commit:4,25,commit_setup,operating,0.0,0.0
commit:4,26,commit_setup,operating,0.0,0.0
commit:4,27,commit_setup,operating,0.0,0.0
commit:4,28,commit_setup,operating,0.0,0.0
commit:4,29,commit_setup,operating,0.0,0.0
commit:4,30,commit_setup,operating,0.0,0.0
commit:4,31,commit_setup,operating,0.0,0.0
commit:4,32,commit_setup,operating,0.0,0.0
commit:4,33,commit_setup,operating,0.0,0.0
commit:4,34,commit_setup,operating,0.0,0.0
commit:4,35,commit_setup,operating,0.0,0.0
commit:4,36,commit_setup,operating,0.0,0.0
commit:4,0,commit_fees,capital,0.0,0.0
commit:4,1,commit_fees,operating,0.0,0.0
commit:4,2,commit_fees,operating,0.0,0.0
commit:4,3,commit_fees,operating,0.0,0.0
commit:4,4,commit_fees,operating,0.0,0.0
commit:4,5,commit_fees,operating,0.0,0.0
commit:4,6,commit_fees,operating,0.0,0.0
commit:4,7,commit_fees,operating,0.0,0.0
commit:4,8,commit_fees,operating,0.0,0.0
commit:4,9,commit_fees,operating,0.0,0.0
commit:4,10,commit_fees,operating,0.0,0.0
commit:4,11,commit_fees,operating,0.0,0.0
commit:4,12,commit_fees,operating,0.0,0.0
commit:4,13,commit_fees,operating,0.0,0.0
commit:4,14,commit_fees,operating,0.0,0.0
commit:4,15,commit_fees,operating,0.0,0.0
commit:4,16,commit_fees,operating,0.0,0.0
commit:4,17,commit_fees,operating,0.0,0.0
commit:4,18,commit_fees,operating,0.0,0.0
commit:4,19,commit_fees,operating,0.0,0.0
commit:4,20,commit_fees,operating,0.0,0.0
commit:4,21,commit_fees,operating,0.0,0.0
commit:4,22,commit_fees,operating,0.0,0.0
commit:4,23,commit_fees,operating,0.0,0.0
commit:4,24,commit_fees,operating,0.0,0.0
commit:4,25,commit_fees,operating,0.0,0.0
commit:4,26,commit_fees,operating,0.0,0.0
commit:4,27,commit_fees,operating,0.0,0.0
commit:4,28,commit_fees,operating,0.0,0.0
commit:4,29,commit_fees,operating,0.0,0.0
commit:4,30,commit_fees,operating,0.0,0.0
commit:4,31,commit_fees,operating,0.0,0.0
commit:4,32,commit_fees,operating,0.0,0.0
commit:4,33,commit_fees,operating,0.0,0.0
commit:4,34,commit_fees,operating,0.0,0.0
commit:4,35,commit_fees,operating,0.0,0.0
commit:4,36,commit_fees,operating,0.0,0.0
commit:5,0,on_demand,capital,0.0,0.0
commit:5,1,on_demand,operating,42656.0,42318.545971674845
commit:5,2,on_demand,operating,41968.0,41306.60411671549
commit:5,3,on_demand,operating,43688.0,42659.326269778656
commit:5,4,on_demand,operating,44376.0,42988.33168977738
commit:5,5,on_demand,operating,40248.0,38680.969630226544
commit:5,6,on_demand,operating,45064.0,42966.83812176337
commit:5,7,on_demand,operating,0.0,0.0
commit:5,8,on_demand,operating,0.0,0.0
commit:5,9,on_demand,operating,0.0,0.0
commit:5,10,on_demand,operating,0.0,0.0
commit:5,11,on_demand,operating,0.0,0.0
commit:5,12,on_demand,operating,0.0,0.0
commit:5,13,on_demand,operating,0.0,0.0
commit:5,14,on_demand,operating,0.0,0.0
commit:5,15,on_demand,operating,0.0,0.0
commit:5,16,on_demand,operating,0.0,0.0
commit:5,17,on_demand,operating,0.0,0.0
commit:5,18,on_demand,operating,0.0,0.0
commit:5,19,on_demand,operating,137.6,118.3259542969552
commit:5,20,on_demand,operating,412.79999999999995,352.1696129424696
commit:5,21,on_demand,operating,688.0,582.3059653637175
commit:5,22,on_demand,operating,963.1999999999999,808.7790339167988
commit:5,23,on_demand,operating,1169.6,974.3194666492939
commit:5,24,on_demand,operating,1444.8,1194.0495867768593
commit:5,25,on_demand,operating,1720.0,1410.2421344866314
commit:5,26,on_demand,operating,1926.3999999999999,1566.9759047121443
commit:5,27,on_demand,operating,2270.4,1832.182946447186
commit:5,28,on_demand,operating,2545.6,2038.0143154869147
commit:5,29,on_demand,operating,2545.6,2021.891468981256
commit:5,30,on_demand,operating,3027.2,2385.390041458063
commit:5,31,on_demand,operating,3233.6,2527.8726599804063
commit:5,32,on_demand,operating,3577.6,2774.669677728549
commit:5,33,on_demand,operating,3715.2,2858.592920876431
commit:5,34,on_demand,operating,4128.0,3151.0871451303847
commit:5,35,on_demand,operating,4403.2,3334.5692976232517
commit:5,36,on_demand,operating,4540.8,3411.5702479338834
commit:5,0,variable_service,capital,0.0,0.0
commit:5,1,variable_service,operating,0.0,0.0
commit:5,2,variable_service,operating,0.0,0.0
commit:5,3,variable_service,operating,0.0,0.0
commit:5,4,variable_service,operating,0.0,0.0
commit:5,5,variable_service,operating,0.0,0.0
commit:5,6,variable_service,operating,0.0,0.0
commit:5,7,variable_service,operating,0.0,0.0
commit:5,8,variable_service,operating,0.0,0.0
commit:5,9,variable_service,operating,0.0,0.0
commit:5,10,variable_service,operating,0.0,0.0
commit:5,11,variable_service,operating,0.0,0.0
commit:5,12,variable_service,operating,0.0,0.0
commit:5,13,variable_service,operating,0.0,0.0
commit:5,14,variable_service,operating,0.0,0.0
commit:5,15,variable_service,operating,0.0,0.0
commit:5,16,variable_service,operating,0.0,0.0
commit:5,17,variable_service,operating,0.0,0.0
commit:5,18,variable_service,operating,0.0,0.0
commit:5,19,variable_service,operating,0.0,0.0
commit:5,20,variable_service,operating,0.0,0.0
commit:5,21,variable_service,operating,0.0,0.0
commit:5,22,variable_service,operating,0.0,0.0
commit:5,23,variable_service,operating,0.0,0.0
commit:5,24,variable_service,operating,0.0,0.0
commit:5,25,variable_service,operating,0.0,0.0
commit:5,26,variable_service,operating,0.0,0.0
commit:5,27,variable_service,operating,0.0,0.0
commit:5,28,variable_service,operating,0.0,0.0
commit:5,29,variable_service,operating,0.0,0.0
commit:5,30,variable_service,operating,0.0,0.0
commit:5,31,variable_service,operating,0.0,0.0
commit:5,32,variable_service,operating,0.0,0.0
commit:5,33,variable_service,operating,0.0,0.0
commit:5,34,variable_service,operating,0.0,0.0
commit:5,35,variable_service,operating,0.0,0.0
commit:5,36,variable_service,operating,0.0,0.0
commit:5,0,commitment,capital,0.0,0.0
commit:5,1,commitment,operating,148800.0,147622.83478491227
commit:5,2,commitment,operating,144000.0,141730.62792620642
commit:5,3,commitment,operating,148800.0,145296.368543835
commit:5,4,commitment,operating,148800.0,144146.92075533787
commit:5,5,commitment,operating,134400.0,129167.2211862067
commit:5,6,commitment,operating,148800.0,141875.23327974413
commit:5,7,commitment,operating,144000.0,136212.43576044845
commit:5,8,commitment,operating,148800.0,139639.34652718858
commit:5,9,commitment,operating,144000.0,134065.79202560007
commit:5,10,commitment,operating,148800.0,137438.69629516365
commit:5,11,commitment,operating,148800.0,136351.41099620078
commit:5,12,commitment,operating,144000.0,130909.09090909091
commit:5,13,commitment,operating,148800.0,134202.57707719295
commit:5,14,commitment,operating,144000.0,128846.02538746037
commit:5,15,commitment,operating,148800.0,132087.60776712274
commit:5,16,commitment,operating,148800.0,131042.65523212534
commit:5,17,commitment,operating,139200.0,121618.4874805193
commit:5,18,commitment,operating,148800.0,128977.48479976738
commit:5,19,commitment,operating,144000.0,123829.48705495313
commit:5,20,commitment,operating,148800.0,126944.86047926232
commit:5,21,commitment,operating,144000.0,121877.99275054553
commit:5,22,commitment,operating,148800.0,124944.26935923968
commit:5,23,commitment,operating,148800.0,123955.82817836435
commit:5,24,commitment,operating,144000.0,119008.26446280991
commit:5,25,commitment,operating,148800.0,122002.34279744812
commit:5,26,commitment,operating,144000.0,117132.7503522367
commit:5,27,commitment,operating,148800.0,120079.643424657
commit:5,28,commitment,operating,148800.0,119129.68657465938
commit:5,29,commitment,operating,134400.0,106749.76957537743
commit:5,30,commitment,operating,148800.0,117252.25890887942
commit:5,31,commitment,operating,144000.0,112572.26095904829
commit:5,32,commitment,operating,148800.0,115404.4186175112
commit:5,33,commitment,operating,144000.0,110798.17522776865
commit:5,34,commitment,operating,148800.0,113585.69941749061
commit:5,35,commitment,operating,148800.0,112687.11652578576
commit:5,36,commitment,operating,144000.0,108189.33132982717
commit:5,0,commit_setup,capital,0.0,0.0
commit:5,1,commit_setup,operating,0.0,0.0
commit:5,2,commit_setup,operating,0.0,0.0
commit:5,3,commit_setup,operating,0.0,0.0
commit:5,4,commit_setup,operating,0.0,0.0
commit:5,5,commit_setup,operating,0.0,0.0
commit:5,6,commit_setup,operating,0.0,0.0
commit:5,7,commit_setup,operating,0.0,0.0
commit:5,8,commit_setup,operating,0.0,0.0
commit:5,9,commit_setup,operating,0.0,0.0
commit:5,10,commit_setup,operating,0.0,0.0
commit:5,11,commit_setup,operating,0.0,0.0
commit:5,12,commit_setup,operating,0.0,0.0
commit:5,13,commit_setup,operating,0.0,0.0
commit:5,14,commit_setup,operating,0.0,0.0
commit:5,15,commit_setup,operating,0.0,0.0
commit:5,16,commit_setup,operating,0.0,0.0
commit:5,17,commit_setup,operating,0.0,0.0
commit:5,18,commit_setup,operating,0.0,0.0
commit:5,19,commit_setup,operating,0.0,0.0
commit:5,20,commit_setup,operating,0.0,0.0
commit:5,21,commit_setup,operating,0.0,0.0
commit:5,22,commit_setup,operating,0.0,0.0
commit:5,23,commit_setup,operating,0.0,0.0
commit:5,24,commit_setup,operating,0.0,0.0
commit:5,25,commit_setup,operating,0.0,0.0
commit:5,26,commit_setup,operating,0.0,0.0
commit:5,27,commit_setup,operating,0.0,0.0
commit:5,28,commit_setup,operating,0.0,0.0
commit:5,29,commit_setup,operating,0.0,0.0
commit:5,30,commit_setup,operating,0.0,0.0
commit:5,31,commit_setup,operating,0.0,0.0
commit:5,32,commit_setup,operating,0.0,0.0
commit:5,33,commit_setup,operating,0.0,0.0
commit:5,34,commit_setup,operating,0.0,0.0
commit:5,35,commit_setup,operating,0.0,0.0
commit:5,36,commit_setup,operating,0.0,0.0
commit:5,0,commit_fees,capital,0.0,0.0
commit:5,1,commit_fees,operating,0.0,0.0
commit:5,2,commit_fees,operating,0.0,0.0
commit:5,3,commit_fees,operating,0.0,0.0
commit:5,4,commit_fees,operating,0.0,0.0
commit:5,5,commit_fees,operating,0.0,0.0
commit:5,6,commit_fees,operating,0.0,0.0
commit:5,7,commit_fees,operating,0.0,0.0
commit:5,8,commit_fees,operating,0.0,0.0
commit:5,9,commit_fees,operating,0.0,0.0
commit:5,10,commit_fees,operating,0.0,0.0
commit:5,11,commit_fees,operating,0.0,0.0
commit:5,12,commit_fees,operating,0.0,0.0
commit:5,13,commit_fees,operating,0.0,0.0
commit:5,14,commit_fees,operating,0.0,0.0
commit:5,15,commit_fees,operating,0.0,0.0
commit:5,16,commit_fees,operating,0.0,0.0
commit:5,17,commit_fees,operating,0.0,0.0
commit:5,18,commit_fees,operating,0.0,0.0
commit:5,19,commit_fees,operating,0.0,0.0
commit:5,20,commit_fees,operating,0.0,0.0
commit:5,21,commit_fees,operating,0.0,0.0
commit:5,22,commit_fees,operating,0.0,0.0
commit:5,23,commit_fees,operating,0.0,0.0
commit:5,24,commit_fees,operating,0.0,0.0
commit:5,25,commit_fees,operating,0.0,0.0
commit:5,26,commit_fees,operating,0.0,0.0
commit:5,27,commit_fees,operating,0.0,0.0
commit:5,28,commit_fees,operating,0.0,0.0
commit:5,29,commit_fees,operating,0.0,0.0
commit:5,30,commit_fees,operating,0.0,0.0
commit:5,31,commit_fees,operating,0.0,0.0
commit:5,32,commit_fees,operating,0.0,0.0
commit:5,33,commit_fees,operating,0.0,0.0
commit:5,34,commit_fees,operating,0.0,0.0
commit:5,35,commit_fees,operating,0.0,0.0
commit:5,36,commit_fees,operating,0.0,0.0
commit:6,0,on_demand,capital,0.0,0.0
commit:6,1,on_demand,operating,32473.6,32216.699513920204
commit:6,2,on_demand,operating,31923.199999999997,31420.105426485225
commit:6,3,on_demand,operating,33574.4,32783.86018842832
commit:6,4,on_demand,operating,33849.6,32791.099521504606
commit:6,5,on_demand,operating,31097.6,29886.834654465638
commit:6,6,on_demand,operating,34950.4,33323.89887916915
commit:6,7,on_demand,operating,0.0,0.0
commit:6,8,on_demand,operating,0.0,0.0
commit:6,9,on_demand,operating,0.0,0.0
commit:6,10,on_demand,operating,0.0,0.0
commit:6,11,on_demand,operating,0.0,0.0
commit:6,12,on_demand,operating,0.0,0.0
commit:6,13,on_demand,operating,0.0,0.0
commit:6,14,on_demand,operating,0.0,0.0
commit:6,15,on_demand,operating,0.0,0.0
commit:6,16,on_demand,operating,0.0,0.0
commit:6,17,on_demand,operating,0.0,0.0
commit:6,18,on_demand,operating,0.0,0.0
commit:6,19,on_demand,operating,0.0,0.0
commit:6,20,on_demand,operating,0.0,0.0
commit:6,21,on_demand,operating,0.0,0.0
commit:6,22,on_demand,operating,0.0,0.0
commit:6,23,on_demand,operating,0.0,0.0
commit:6,24,on_demand,operating,0.0,0.0
commit:6,25,on_demand,operating,0.0,0.0
commit:6,26,on_demand,operating,0.0,0.0
commit:6,27,on_demand,operating,0.0,0.0
commit:6,28,on_demand,operating,0.0,0.0
commit:6,29,on_demand,operating,0.0,0.0
commit:6,30,on_demand,operating,0.0,0.0
commit:6,31,on_demand,operating,0.0,0.0
commit:6,32,on_demand,operating,0.0,0.0
commit:6,33,on_demand,operating,0.0,0.0
commit:6,34,on_demand,operating,0.0,0.0
commit:6,35,on_demand,operating,0.0,0.0
commit:6,36,on_demand,operating,0.0,0.0
commit:6,0,variable_service,capital,0.0,0.0
commit:6,1,variable_service,operating,0.0,0.0
commit:6,2,variable_service,operating,0.0,0.0
commit:6,3,variable_service,operating,0.0,0.0
commit:6,4,variable_service,operating,0.0,0.0
commit:6,5,variable_service,operating,0.0,0.0
commit:6,6,variable_service,operating,0.0,0.0
commit:6,7,variable_service,operating,0.0,0.0
commit:6,8,variable_service,operating,0.0,0.0
commit:6,9,variable_service,operating,0.0,0.0
commit:6,10,variable_service,operating,0.0,0.0
commit:6,11,variable_service,operating,0.0,0.0
commit:6,12,variable_service,operating,0.0,0.0
commit:6,13,variable_service,operating,0.0,0.0
commit:6,14,variable_service,operating,0.0,0.0
commit:6,15,variable_service,operating,0.0,0.0
commit:6,16,variable_service,operating,0.0,0.0
commit:6,17,variable_service,operating,0.0,0.0
commit:6,18,variable_service,operating,0.0,0.0
commit:6,19,variable_service,operating,0.0,0.0
commit:6,20,variable_service,operating,0.0,0.0
commit:6,21,variable_service,operating,0.0,0.0
commit:6,22,variable_service,operating,0.0,0.0
commit:6,23,variable_service,operating,0.0,0.0
commit:6,24,variable_service,operating,0.0,0.0
commit:6,25,variable_service,operating,0.0,0.0
commit:6,26,variable_service,operating,0.0,0.0
commit:6,27,variable_service,operating,0.0,0.0
commit:6,28,variable_service,operating,0.0,0.0
commit:6,29,variable_service,operating,0.0,0.0
commit:6,30,variable_service,operating,0.0,0.0
commit:6,31,variable_service,operating,0.0,0.0
commit:6,32,variable_service,operating,0.0,0.0
commit:6,33,variable_service,operating,0.0,0.0
commit:6,34,variable_service,operating,0.0,0.0
commit:6,35,variable_service,operating,0.0,0.0
commit:6,36,variable_service,operating,0.0,0.0
commit:6,0,commitment,capital,0.0,0.0
commit:6,1,commitment,operating,178560.0,177147.4017418947
commit:6,2,commitment,operating,172800.0,170076.7535114477
commit:6,3,commitment,operating,178560.0,174355.642252602
commit:6,4,commitment,operating,178560.0,172976.30490640545
commit:6,5,commitment,operating,161280.0,155000.66542344805
commit:6,6,commitment,operating,178560.0,170250.27993569296
commit:6,7,commitment,operating,172800.0,163454.92291253814
commit:6,8,commitment,operating,178560.0,167567.21583262627
commit:6,9,commitment,operating,172800.0,160878.95043072008
commit:6,10,commitment,operating,178560.0,164926.4355541964
commit:6,11,commitment,operating,178560.0,163621.69319544095
commit:6,12,commitment,operating,172800.0,157090.9090909091
commit:6,13,commitment,operating,178560.0,161043.09249263155
commit:6,14,commitment,operating,172800.0,154615.23046495244
commit:6,15,commitment,operating,178560.0,158505.12932054728
commit:6,16,commitment,operating,178560.0,157251.18627855042
commit:6,17,commitment,operating,167040.0,145942.18497662316
commit:6,18,commitment,operating,178560.0,154772.98175972086
commit:6,19,commitment,operating,172800.0,148595.38446594376
commit:6,20,commitment,operating,178560.0,152333.8325751148
commit:6,21,commitment,operating,172800.0,146253.59130065463
commit:6,22,commitment,operating,178560.0,149933.1232310876
commit:6,23,commitment,operating,178560.0,148746.9938140372
commit:6,24,commitment,operating,172800.0,142809.91735537187
commit:6,25,commitment,operating,178560.0,146402.81135693775
commit:6,26,commitment,operating,172800.0,140559.30042268403
commit:6,27,commitment,operating,178560.0,144095.5721095884
commit:6,28,commitment,operating,178560.0,142955.62388959125
commit:6,29,commitment,operating,161280.0,128099.72349045292
commit:6,30,commitment,operating,178560.0,140702.7106906553
commit:6,31,commitment,operating,172800.0,135086.71315085795
commit:6,32,commitment,operating,178560.0,138485.30234101345
commit:6,33,commitment,operating,172800.0,132957.81027332236
commit:6,34,commitment,operating,178560.0,136302.83930098874
commit:6,35,commitment,operating,178560.0,135224.5398309429
commit:6,36,commitment,operating,172800.0,129827.1975957926
commit:6,0,commit_setup,capital,0.0,0.0
commit:6,1,commit_setup,operating,0.0,0.0
commit:6,2,commit_setup,operating,0.0,0.0
commit:6,3,commit_setup,operating,0.0,0.0
commit:6,4,commit_setup,operating,0.0,0.0
commit:6,5,commit_setup,operating,0.0,0.0
commit:6,6,commit_setup,operating,0.0,0.0
commit:6,7,commit_setup,operating,0.0,0.0
commit:6,8,commit_setup,operating,0.0,0.0
commit:6,9,commit_setup,operating,0.0,0.0
commit:6,10,commit_setup,operating,0.0,0.0
commit:6,11,commit_setup,operating,0.0,0.0
commit:6,12,commit_setup,operating,0.0,0.0
commit:6,13,commit_setup,operating,0.0,0.0
commit:6,14,commit_setup,operating,0.0,0.0
commit:6,15,commit_setup,operating,0.0,0.0
commit:6,16,commit_setup,operating,0.0,0.0
commit:6,17,commit_setup,operating,0.0,0.0
commit:6,18,commit_setup,operating,0.0,0.0
commit:6,19,commit_setup,operating,0.0,0.0
commit:6,20,commit_setup,operating,0.0,0.0
commit:6,21,commit_setup,operating,0.0,0.0
commit:6,22,commit_setup,operating,0.0,0.0
commit:6,23,commit_setup,operating,0.0,0.0
commit:6,24,commit_setup,operating,0.0,0.0
commit:6,25,commit_setup,operating,0.0,0.0
commit:6,26,commit_setup,operating,0.0,0.0
commit:6,27,commit_setup,operating,0.0,0.0
commit:6,28,commit_setup,operating,0.0,0.0
commit:6,29,commit_setup,operating,0.0,0.0
commit:6,30,commit_setup,operating,0.0,0.0
commit:6,31,commit_setup,operating,0.0,0.0
commit:6,32,commit_setup,operating,0.0,0.0
commit:6,33,commit_setup,operating,0.0,0.0
commit:6,34,commit_setup,operating,0.0,0.0
commit:6,35,commit_setup,operating,0.0,0.0
commit:6,36,commit_setup,operating,0.0,0.0
commit:6,0,commit_fees,capital,0.0,0.0
commit:6,1,commit_fees,operating,0.0,0.0
commit:6,2,commit_fees,operating,0.0,0.0
commit:6,3,commit_fees,operating,0.0,0.0
commit:6,4,commit_fees,operating,0.0,0.0
commit:6,5,commit_fees,operating,0.0,0.0
commit:6,6,commit_fees,operating,0.0,0.0
commit:6,7,commit_fees,operating,0.0,0.0
commit:6,8,commit_fees,operating,0.0,0.0
commit:6,9,commit_fees,operating,0.0,0.0
commit:6,10,commit_fees,operating,0.0,0.0
commit:6,11,commit_fees,operating,0.0,0.0
commit:6,12,commit_fees,operating,0.0,0.0
commit:6,13,commit_fees,operating,0.0,0.0
commit:6,14,commit_fees,operating,0.0,0.0
commit:6,15,commit_fees,operating,0.0,0.0
commit:6,16,commit_fees,operating,0.0,0.0
commit:6,17,commit_fees,operating,0.0,0.0
commit:6,18,commit_fees,operating,0.0,0.0
commit:6,19,commit_fees,operating,0.0,0.0
commit:6,20,commit_fees,operating,0.0,0.0
commit:6,21,commit_fees,operating,0.0,0.0
commit:6,22,commit_fees,operating,0.0,0.0
commit:6,23,commit_fees,operating,0.0,0.0
commit:6,24,commit_fees,operating,0.0,0.0
commit:6,25,commit_fees,operating,0.0,0.0
commit:6,26,commit_fees,operating,0.0,0.0
commit:6,27,commit_fees,operating,0.0,0.0
commit:6,28,commit_fees,operating,0.0,0.0
commit:6,29,commit_fees,operating,0.0,0.0
commit:6,30,commit_fees,operating,0.0,0.0
commit:6,31,commit_fees,operating,0.0,0.0
commit:6,32,commit_fees,operating,0.0,0.0
commit:6,33,commit_fees,operating,0.0,0.0
commit:6,34,commit_fees,operating,0.0,0.0
commit:6,35,commit_fees,operating,0.0,0.0
commit:6,36,commit_fees,operating,0.0,0.0
commit:7,0,on_demand,capital,0.0,0.0
commit:7,1,on_demand,operating,22291.2,22114.853056165564
commit:7,2,on_demand,operating,22084.8,21736.753969615856
commit:7,3,on_demand,operating,23116.8,22572.493900229336
commit:7,4,on_demand,operating,23736.0,22993.758810811156
commit:7,5,on_demand,operating,21878.399999999998,21026.578363097506
commit:7,6,on_demand,operating,24561.6,23418.566732014537
commit:7,7,on_demand,operating,0.0,0.0
commit:7,8,on_demand,operating,0.0,0.0
commit:7,9,on_demand,operating,0.0,0.0
commit:7,10,on_demand,operating,0.0,0.0
commit:7,11,on_demand,operating,0.0,0.0
commit:7,12,on_demand,operating,0.0,0.0
commit:7,13,on_demand,operating,0.0,0.0
commit:7,14,on_demand,operating,0.0,0.0
commit:7,15,on_demand,operating,0.0,0.0
commit:7,16,on_demand,operating,0.0,0.0
commit:7,17,on_demand,operating,0.0,0.0
commit:7,18,on_demand,operating,0.0,0.0
commit:7,19,on_demand,operating,0.0,0.0
commit:7,20,on_demand,operating,0.0,0.0
commit:7,21,on_demand,operating,0.0,0.0
commit:7,22,on_demand,operating,0.0,0.0
commit:7,23,on_demand,operating,0.0,0.0
commit:7,24,on_demand,operating,0.0,0.0
commit:7,25,on_demand,operating,0.0,0.0
commit:7,26,on_demand,operating,0.0,0.0
commit:7,27,on_demand,operating,0.0,0.0
commit:7,28,on_demand,operating,0.0,0.0
commit:7,29,on_demand,operating,0.0,0.0
commit:7,30,on_demand,operating,0.0,0.0
commit:7,31,on_demand,operating,0.0,0.0
commit:7,32,on_demand,operating,0.0,0.0
commit:7,33,on_demand,operating,0.0,0.0
commit:7,34,on_demand,operating,0.0,0.0
commit:7,35,on_demand,operating,0.0,0.0
commit:7,36,on_demand,operating,0.0,0.0
commit:7,0,variable_service,capital,0.0,0.0
commit:7,1,variable_service,operating,0.0,0.0
commit:7,2,variable_service,operating,0.0,0.0
commit:7,3,variable_service,operating,0.0,0.0
commit:7,4,variable_service,operating,0.0,0.0
commit:7,5,variable_service,operating,0.0,0.0
commit:7,6,variable_service,operating,0.0,0.0
commit:7,7,variable_service,operating,0.0,0.0
commit:7,8,variable_service,operating,0.0,0.0
commit:7,9,variable_service,operating,0.0,0.0
commit:7,10,variable_service,operating,0.0,0.0
commit:7,11,variable_service,operating,0.0,0.0
commit:7,12,variable_service,operating,0.0,0.0
commit:7,13,variable_service,operating,0.0,0.0
commit:7,14,variable_service,operating,0.0,0.0
commit:7,15,variable_service,operating,0.0,0.0
commit:7,16,variable_service,operating,0.0,0.0
commit:7,17,variable_service,operating,0.0,0.0
commit:7,18,variable_service,operating,0.0,0.0
commit:7,19,variable_service,operating,0.0,0.0
commit:7,20,variable_service,operating,0.0,0.0
commit:7,21,variable_service,operating,0.0,0.0
commit:7,22,variable_service,operating,0.0,0.0
commit:7,23,variable_service,operating,0.0,0.0
commit:7,24,variable_service,operating,0.0,0.0
commit:7,25,variable_service,operating,0.0,0.0
commit:7,26,variable_service,operating,0.0,0.0
commit:7,27,variable_service,operating,0.0,0.0
commit:7,28,variable_service,operating,0.0,0.0
commit:7,29,variable_service,operating,0.0,0.0
commit:7,30,variable_service,operating,0.0,0.0
commit:7,31,variable_service,operating,0.0,0.0
commit:7,32,variable_service,operating,0.0,0.0
commit:7,33,variable_service,operating,0.0,0.0
commit:7,34,variable_service,operating,0.0,0.0
commit:7,35,variable_service,operating,0.0,0.0
commit:7,36,variable_service,operating,0.0,0.0
commit:7,0,commitment,capital,0.0,0.0
commit:7,1,commitment,operating,208320.0,206671.96869887714
commit:7,2,commitment,operating,201600.0,198422.879096689
commit:7,3,commitment,operating,208320.0,203414.915961369
commit:7,4,commitment,operating,208320.0,201805.68905747304
commit:7,5,commitment,operating,188160.0,180834.1096606894
commit:7,6,commitment,operating,208320.0,198625.3265916418
commit:7,7,commitment,operating,201600.0,190697.41006462782
commit:7,8,commitment,operating,208320.0,195495.085138064
commit:7,9,commitment,operating,201600.0,187692.1088358401
commit:7,10,commitment,operating,208320.0,192414.17481322912
commit:7,11,commitment,operating,208320.0,190891.9753946811
commit:7,12,commitment,operating,201600.0,183272.72727272726
commit:7,13,commitment,operating,208320.0,187883.60790807015
commit:7,14,commitment,operating,201600.0,180384.4355424445
commit:7,15,commitment,operating,208320.0,184922.6508739718
commit:7,16,commitment,operating,208320.0,183459.71732497547
commit:7,17,commitment,operating,194880.0,170265.882472727
commit:7,18,commitment,operating,208320.0,180568.4787196743
commit:7,19,commitment,operating,201600.0,173361.28187693437
commit:7,20,commitment,operating,208320.0,177722.80467096725
commit:7,21,commitment,operating,201600.0,170629.18985076374
commit:7,22,commitment,operating,208320.0,174921.97710293555
commit:7,23,commitment,operating,208320.0,173538.15944971007
commit:7,24,commitment,operating,201600.0,166611.57024793388
commit:7,25,commitment,operating,208320.0,170803.27991642736
commit:7,26,commitment,operating,201600.0,163985.85049313138
commit:7,27,commitment,operating,208320.0,168111.50079451982
commit:7,28,commitment,operating,208320.0,166781.56120452314
commit:7,29,commitment,operating,188160.0,149449.6774055284
commit:7,30,commitment,operating,208320.0,164153.1624724312
commit:7,31,commitment,operating,201600.0,157601.1653426676
commit:7,32,commitment,operating,208320.0,161566.18606451567
commit:7,33,commitment,operating,201600.0,155117.4453188761
commit:7,34,commitment,operating,208320.0,159019.97918448687
commit:7,35,commitment,operating,208320.0,157761.96313610006
commit:7,36,commitment,operating,201600.0,151465.06386175804
commit:7,0,commit_setup,capital,0.0,0.0
commit:7,1,commit_setup,operating,0.0,0.0
commit:7,2,commit_setup,operating,0.0,0.0
commit:7,3,commit_setup,operating,0.0,0.0
commit:7,4,commit_setup,operating,0.0,0.0
commit:7,5,commit_setup,operating,0.0,0.0
commit:7,6,commit_setup,operating,0.0,0.0
commit:7,7,commit_setup,operating,0.0,0.0
commit:7,8,commit_setup,operating,0.0,0.0
commit:7,9,commit_setup,operating,0.0,0.0
commit:7,10,commit_setup,operating,0.0,0.0
commit:7,11,commit_setup,operating,0.0,0.0
commit:7,12,commit_setup,operating,0.0,0.0
commit:7,13,commit_setup,operating,0.0,0.0
commit:7,14,commit_setup,operating,0.0,0.0
commit:7,15,commit_setup,operating,0.0,0.0
commit:7,16,commit_setup,operating,0.0,0.0
commit:7,17,commit_setup,operating,0.0,0.0
commit:7,18,commit_setup,operating,0.0,0.0
commit:7,19,commit_setup,operating,0.0,0.0
commit:7,20,commit_setup,operating,0.0,0.0
commit:7,21,commit_setup,operating,0.0,0.0
commit:7,22,commit_setup,operating,0.0,0.0
commit:7,23,commit_setup,operating,0.0,0.0
commit:7,24,commit_setup,operating,0.0,0.0
commit:7,25,commit_setup,operating,0.0,0.0
commit:7,26,commit_setup,operating,0.0,0.0
commit:7,27,commit_setup,operating,0.0,0.0
commit:7,28,commit_setup,operating,0.0,0.0
commit:7,29,commit_setup,operating,0.0,0.0
commit:7,30,commit_setup,operating,0.0,0.0
commit:7,31,commit_setup,operating,0.0,0.0
commit:7,32,commit_setup,operating,0.0,0.0
commit:7,33,commit_setup,operating,0.0,0.0
commit:7,34,commit_setup,operating,0.0,0.0
commit:7,35,commit_setup,operating,0.0,0.0
commit:7,36,commit_setup,operating,0.0,0.0
commit:7,0,commit_fees,capital,0.0,0.0
commit:7,1,commit_fees,operating,0.0,0.0
commit:7,2,commit_fees,operating,0.0,0.0
commit:7,3,commit_fees,operating,0.0,0.0
commit:7,4,commit_fees,operating,0.0,0.0
commit:7,5,commit_fees,operating,0.0,0.0
commit:7,6,commit_fees,operating,0.0,0.0
commit:7,7,commit_fees,operating,0.0,0.0
commit:7,8,commit_fees,operating,0.0,0.0
commit:7,9,commit_fees,operating,0.0,0.0
commit:7,10,commit_fees,operating,0.0,0.0
commit:7,11,commit_fees,operating,0.0,0.0
commit:7,12,commit_fees,operating,0.0,0.0
commit:7,13,commit_fees,operating,0.0,0.0
commit:7,14,commit_fees,operating,0.0,0.0
commit:7,15,commit_fees,operating,0.0,0.0
commit:7,16,commit_fees,operating,0.0,0.0
commit:7,17,commit_fees,operating,0.0,0.0
commit:7,18,commit_fees,operating,0.0,0.0
commit:7,19,commit_fees,operating,0.0,0.0
commit:7,20,commit_fees,operating,0.0,0.0
commit:7,21,commit_fees,operating,0.0,0.0
commit:7,22,commit_fees,operating,0.0,0.0
commit:7,23,commit_fees,operating,0.0,0.0
commit:7,24,commit_fees,operating,0.0,0.0
commit:7,25,commit_fees,operating,0.0,0.0
commit:7,26,commit_fees,operating,0.0,0.0
commit:7,27,commit_fees,operating,0.0,0.0
commit:7,28,commit_fees,operating,0.0,0.0
commit:7,29,commit_fees,operating,0.0,0.0
commit:7,30,commit_fees,operating,0.0,0.0
commit:7,31,commit_fees,operating,0.0,0.0
commit:7,32,commit_fees,operating,0.0,0.0
commit:7,33,commit_fees,operating,0.0,0.0
commit:7,34,commit_fees,operating,0.0,0.0
commit:7,35,commit_fees,operating,0.0,0.0
commit:7,36,commit_fees,operating,0.0,0.0
commit:8,0,on_demand,capital,0.0,0.0
commit:8,1,on_demand,operating,11971.199999999999,11876.495159792617
commit:8,2,on_demand,operating,12108.8,11917.971023839224
commit:8,3,on_demand,operating,12934.4,12629.84777750927
commit:8,4,on_demand,operating,13347.199999999999,12929.823795064822
commit:8,5,on_demand,operating,12521.6,12034.079440514926
commit:8,6,on_demand,operating,14310.4,13644.431037140122
commit:8,7,on_demand,operating,0.0,0.0
commit:8,8,on_demand,operating,0.0,0.0
commit:8,9,on_demand,operating,0.0,0.0
commit:8,10,on_demand,operating,0.0,0.0
commit:8,11,on_demand,operating,0.0,0.0
commit:8,12,on_demand,operating,0.0,0.0
commit:8,13,on_demand,operating,0.0,0.0
commit:8,14,on_demand,operating,0.0,0.0
commit:8,15,on_demand,operating,0.0,0.0
commit:8,16,on_demand,operating,0.0,0.0
commit:8,17,on_demand,operating,0.0,0.0
commit:8,18,on_demand,operating,0.0,0.0
commit:8,19,on_demand,operating,0.0,0.0
commit:8,20,on_demand,operating,0.0,0.0
commit:8,21,on_demand,operating,0.0,0.0
commit:8,22,on_demand,operating,0.0,0.0
commit:8,23,on_demand,operating,0.0,0.0
commit:8,24,on_demand,operating,0.0,0.0
commit:8,25,on_demand,operating,0.0,0.0
commit:8,26,on_demand,operating,0.0,0.0
commit:8,27,on_demand,operating,0.0,0.0
commit:8,28,on_demand,operating,0.0,0.0
commit:8,29,on_demand,operating,0.0,0.0
commit:8,30,on_demand,operating,0.0,0.0
commit:8,31,on_demand,operating,0.0,0.0
commit:8,32,on_demand,operating,0.0,0.0
commit:8,33,on_demand,operating,0.0,0.0
commit:8,34,on_demand,operating,0.0,0.0
commit:8,35,on_demand,operating,0.0,0.0
commit:8,36,on_demand,operating,0.0,0.0
commit:8,0,variable_service,capital,0.0,0.0
commit:8,1,variable_service,operating,0.0,0.0
commit:8,2,variable_service,operating,0.0,0.0
commit:8,3,variable_service,operating,0.0,0.0
commit:8,4,variable_service,operating,0.0,0.0
commit:8,5,variable_service,operating,0.0,0.0
commit:8,6,variable_service,operating,0.0,0.0
commit:8,7,variable_service,operating,0.0,0.0
commit:8,8,variable_service,operating,0.0,0.0
commit:8,9,variable_service,operating,0.0,0.0
commit:8,10,variable_service,operating,0.0,0.0
commit:8,11,variable_service,operating,0.0,0.0
commit:8,12,variable_service,operating,0.0,0.0
commit:8,13,variable_service,operating,0.0,0.0
commit:8,14,variable_service,operating,0.0,0.0
commit:8,15,variable_service,operating,0.0,0.0
commit:8,16,variable_service,operating,0.0,0.0
commit:8,17,variable_service,operating,0.0,0.0
commit:8,18,variable_service,operating,0.0,0.0
commit:8,19,variable_service,operating,0.0,0.0
commit:8,20,variable_service,operating,0.0,0.0
commit:8,21,variable_service,operating,0.0,0.0
commit:8,22,variable_service,operating,0.0,0.0
commit:8,23,variable_service,operating,0.0,0.0
commit:8,24,variable_service,operating,0.0,0.0
commit:8,25,variable_service,operating,0.0,0.0
commit:8,26,variable_service,operating,0.0,0.0
commit:8,27,variable_service,operating,0.0,0.0
commit:8,28,variable_service,operating,0.0,0.0
commit:8,29,variable_service,operating,0.0,0.0
commit:8,30,variable_service,operating,0.0,0.0
commit:8,31,variable_service,operating,0.0,0.0
commit:8,32,variable_service,operating,0.0,0.0
commit:8,33,variable_service,operating,0.0,0.0
commit:8,34,variable_service,operating,0.0,0.0
commit:8,35,variable_service,operating,0.0,0.0
commit:8,36,variable_service,operating,0.0,0.0
commit:8,0,commitment,capital,0.0,0.0
commit:8,1,commitment,operating,238080.0,236196.5356558596
commit:8,2,commitment,operating,230400.0,226769.00468193027
commit:8,3,commitment,operating,238080.0,232474.18967013602
commit:8,4,commitment,operating,238080.0,230635.07320854062
commit:8,5,commitment,operating,215040.0,206667.55389793075
commit:8,6,commitment,operating,238080.0,227000.3732475906
commit:8,7,commitment,operating,230400.0,217939.8972167175
commit:8,8,commitment,operating,238080.0,223422.95444350172
commit:8,9,commitment,operating,230400.0,214505.26724096012
commit:8,10,commitment,operating,238080.0,219901.91407226186
commit:8,11,commitment,operating,238080.0,218162.25759392127
commit:8,12,commitment,operating,230400.0,209454.54545454544
commit:8,13,commitment,operating,238080.0,214724.1233235087
commit:8,14,commitment,operating,230400.0,206153.64061993657
commit:8,15,commitment,operating,238080.0,211340.17242739638
commit:8,16,commitment,operating,238080.0,209668.24837140055
commit:8,17,commitment,operating,222720.0,194589.57996883086
commit:8,18,commitment,operating,238080.0,206363.9756796278
commit:8,19,commitment,operating,230400.0,198127.179287925
commit:8,20,commitment,operating,238080.0,203111.7767668197
commit:8,21,commitment,operating,230400.0,195004.78840087284
commit:8,22,commitment,operating,238080.0,199910.8309747835
commit:8,23,commitment,operating,238080.0,198329.32508538294
commit:8,24,commitment,operating,230400.0,190413.22314049586
commit:8,25,commitment,operating,238080.0,195203.74847591697
commit:8,26,commitment,operating,230400.0,187412.4005635787
commit:8,27,commitment,operating,238080.0,192127.4294794512
commit:8,28,commitment,operating,238080.0,190607.498519455
commit:8,29,commitment,operating,215040.0,170799.6313206039
commit:8,30,commitment,operating,238080.0,187603.6142542071
commit:8,31,commitment,operating,230400.0,180115.61753447726
commit:8,32,commitment,operating,238080.0,184647.06978801792
commit:8,33,commitment,operating,230400.0,177277.08036442983
commit:8,34,commitment,operating,238080.0,181737.11906798498
commit:8,35,commitment,operating,238080.0,180299.38644125723
commit:8,36,commitment,operating,230400.0,173102.93012772346
commit:8,0,commit_setup,capital,0.0,0.0
commit:8,1,commit_setup,operating,0.0,0.0
commit:8,2,commit_setup,operating,0.0,0.0
commit:8,3,commit_setup,operating,0.0,0.0
commit:8,4,commit_setup,operating,0.0,0.0
commit:8,5,commit_setup,operating,0.0,0.0
commit:8,6,commit_setup,operating,0.0,0.0
commit:8,7,commit_setup,operating,0.0,0.0
commit:8,8,commit_setup,operating,0.0,0.0
commit:8,9,commit_setup,operating,0.0,0.0
commit:8,10,commit_setup,operating,0.0,0.0
commit:8,11,commit_setup,operating,0.0,0.0
commit:8,12,commit_setup,operating,0.0,0.0
commit:8,13,commit_setup,operating,0.0,0.0
commit:8,14,commit_setup,operating,0.0,0.0
commit:8,15,commit_setup,operating,0.0,0.0
commit:8,16,commit_setup,operating,0.0,0.0
commit:8,17,commit_setup,operating,0.0,0.0
commit:8,18,commit_setup,operating,0.0,0.0
commit:8,19,commit_setup,operating,0.0,0.0
commit:8,20,commit_setup,operating,0.0,0.0
commit:8,21,commit_setup,operating,0.0,0.0
commit:8,22,commit_setup,operating,0.0,0.0
commit:8,23,commit_setup,operating,0.0,0.0
commit:8,24,commit_setup,operating,0.0,0.0
commit:8,25,commit_setup,operating,0.0,0.0
commit:8,26,commit_setup,operating,0.0,0.0
commit:8,27,commit_setup,operating,0.0,0.0
commit:8,28,commit_setup,operating,0.0,0.0
commit:8,29,commit_setup,operating,0.0,0.0
commit:8,30,commit_setup,operating,0.0,0.0
commit:8,31,commit_setup,operating,0.0,0.0
commit:8,32,commit_setup,operating,0.0,0.0
commit:8,33,commit_setup,operating,0.0,0.0
commit:8,34,commit_setup,operating,0.0,0.0
commit:8,35,commit_setup,operating,0.0,0.0
commit:8,36,commit_setup,operating,0.0,0.0
commit:8,0,commit_fees,capital,0.0,0.0
commit:8,1,commit_fees,operating,0.0,0.0
commit:8,2,commit_fees,operating,0.0,0.0
commit:8,3,commit_fees,operating,0.0,0.0
commit:8,4,commit_fees,operating,0.0,0.0
commit:8,5,commit_fees,operating,0.0,0.0
commit:8,6,commit_fees,operating,0.0,0.0
commit:8,7,commit_fees,operating,0.0,0.0
commit:8,8,commit_fees,operating,0.0,0.0
commit:8,9,commit_fees,operating,0.0,0.0
commit:8,10,commit_fees,operating,0.0,0.0
commit:8,11,commit_fees,operating,0.0,0.0
commit:8,12,commit_fees,operating,0.0,0.0
commit:8,13,commit_fees,operating,0.0,0.0
commit:8,14,commit_fees,operating,0.0,0.0
commit:8,15,commit_fees,operating,0.0,0.0
commit:8,16,commit_fees,operating,0.0,0.0
commit:8,17,commit_fees,operating,0.0,0.0
commit:8,18,commit_fees,operating,0.0,0.0
commit:8,19,commit_fees,operating,0.0,0.0
commit:8,20,commit_fees,operating,0.0,0.0
commit:8,21,commit_fees,operating,0.0,0.0
commit:8,22,commit_fees,operating,0.0,0.0
commit:8,23,commit_fees,operating,0.0,0.0
commit:8,24,commit_fees,operating,0.0,0.0
commit:8,25,commit_fees,operating,0.0,0.0
commit:8,26,commit_fees,operating,0.0,0.0
commit:8,27,commit_fees,operating,0.0,0.0
commit:8,28,commit_fees,operating,0.0,0.0
commit:8,29,commit_fees,operating,0.0,0.0
commit:8,30,commit_fees,operating,0.0,0.0
commit:8,31,commit_fees,operating,0.0,0.0
commit:8,32,commit_fees,operating,0.0,0.0
commit:8,33,commit_fees,operating,0.0,0.0
commit:8,34,commit_fees,operating,0.0,0.0
commit:8,35,commit_fees,operating,0.0,0.0
commit:8,36,commit_fees,operating,0.0,0.0
commit:9,0,on_demand,capital,0.0,0.0
commit:9,1,on_demand,operating,1720.0,1706.3929827288243
commit:9,2,on_demand,operating,2132.7999999999997,2099.18807806259
commit:9,3,on_demand,operating,2683.2,2620.021613419476
commit:9,4,on_demand,operating,3096.0,2999.1859318449333
commit:9,5,on_demand,operating,3233.6,3107.7018335395687
commit:9,6,on_demand,operating,4059.2,3870.295342265708
commit:9,7,on_demand,operating,0.0,0.0
commit:9,8,on_demand,operating,0.0,0.0
commit:9,9,on_demand,operating,0.0,0.0
commit:9,10,on_demand,operating,0.0,0.0
commit:9,11,on_demand,operating,0.0,0.0
commit:9,12,on_demand,operating,0.0,0.0
commit:9,13,on_demand,operating,0.0,0.0
commit:9,14,on_demand,operating,0.0,0.0
commit:9,15,on_demand,operating,0.0,0.0
commit:9,16,on_demand,operating,0.0,0.0
commit:9,17,on_demand,operating,0.0,0.0
commit:9,18,on_demand,operating,0.0,0.0
commit:9,19,on_demand,operating,0.0,0.0
commit:9,20,on_demand,operating,0.0,0.0
commit:9,21,on_demand,operating,0.0,0.0
commit:9,22,on_demand,operating,0.0,0.0
commit:9,23,on_demand,operating,0.0,0.0
commit:9,24,on_demand,operating,0.0,0.0
commit:9,25,on_demand,operating,0.0,0.0
commit:9,26,on_demand,operating,0.0,0.0
commit:9,27,on_demand,operating,0.0,0.0
commit:9,28,on_demand,operating,0.0,0.0
commit:9,29,on_demand,operating,0.0,0.0
commit:9,30,on_demand,operating,0.0,0.0
commit:9,31,on_demand,operating,0.0,0.0
commit:9,32,on_demand,operating,0.0,0.0
commit:9,33,on_demand,operating,0.0,0.0
commit:9,34,on_demand,operating,0.0,0.0
commit:9,35,on_demand,operating,0.0,0.0
commit:9,36,on_demand,operating,0.0,0.0
commit:9,0,variable_service,capital,0.0,0.0
commit:9,1,variable_service,operating,0.0,0.0
commit:9,2,variable_service,operating,0.0,0.0
commit:9,3,variable_service,operating,0.0,0.0
commit:9,4,variable_service,operating,0.0,0.0
commit:9,5,variable_service,operating,0.0,0.0
commit:9,6,variable_service,operating,0.0,0.0
commit:9,7,variable_service,operating,0.0,0.0
commit:9,8,variable_service,operating,0.0,0.0
commit:9,9,variable_service,operating,0.0,0.0
commit:9,10,variable_service,operating,0.0,0.0
commit:9,11,variable_service,operating,0.0,0.0
commit:9,12,variable_service,operating,0.0,0.0
commit:9,13,variable_service,operating,0.0,0.0
commit:9,14,variable_service,operating,0.0,0.0
commit:9,15,variable_service,operating,0.0,0.0
commit:9,16,variable_service,operating,0.0,0.0
commit:9,17,variable_service,operating,0.0,0.0
commit:9,18,variable_service,operating,0.0,0.0
commit:9,19,variable_service,operating,0.0,0.0
commit:9,20,variable_service,operating,0.0,0.0
commit:9,21,variable_service,operating,0.0,0.0
commit:9,22,variable_service,operating,0.0,0.0
commit:9,23,variable_service,operating,0.0,0.0
commit:9,24,variable_service,operating,0.0,0.0
commit:9,25,variable_service,operating,0.0,0.0
commit:9,26,variable_service,operating,0.0,0.0
commit:9,27,variable_service,operating,0.0,0.0
commit:9,28,variable_service,operating,0.0,0.0
commit:9,29,variable_service,operating,0.0,0.0
commit:9,30,variable_service,operating,0.0,0.0
commit:9,31,variable_service,operating,0.0,0.0
commit:9,32,variable_service,operating,0.0,0.0
commit:9,33,variable_service,operating,0.0,0.0
commit:9,34,variable_service,operating,0.0,0.0
commit:9,35,variable_service,operating,0.0,0.0
commit:9,36,variable_service,operating,0.0,0.0
commit:9,0,commitment,capital,0.0,0.0
commit:9,1,commitment,operating,267840.0,265721.10261284205
commit:9,2,commitment,operating,259200.0,255115.13026717157
commit:9,3,commitment,operating,267840.0,261533.46337890302
commit:9,4,commitment,operating,267840.0,259464.45735960818
commit:9,5,commitment,operating,241920.0,232500.9981351721
commit:9,6,commitment,operating,267840.0,255375.4199035394
commit:9,7,commitment,operating,259200.0,245182.3843688072
commit:9,8,commitment,operating,267840.0,251350.82374893944
commit:9,9,commitment,operating,259200.0,241318.42564608014
commit:9,10,commitment,operating,267840.0,247389.6533312946
commit:9,11,commitment,operating,267840.0,245432.5397931614
commit:9,12,commitment,operating,259200.0,235636.36363636362
commit:9,13,commitment,operating,267840.0,241564.6387389473
commit:9,14,commitment,operating,259200.0,231922.84569742865
commit:9,15,commitment,operating,267840.0,237757.6939808209
commit:9,16,commitment,operating,267840.0,235876.7794178256
commit:9,17,commitment,operating,250560.0,218913.27746493474
commit:9,18,commitment,operating,267840.0,232159.47263958128
commit:9,19,commitment,operating,259200.0,222893.07669891563
commit:9,20,commitment,operating,267840.0,228500.7488626722
commit:9,21,commitment,operating,259200.0,219380.38695098195
commit:9,22,commitment,operating,267840.0,224899.68484663143
commit:9,23,commitment,operating,267840.0,223120.4907210558
commit:9,24,commitment,operating,259200.0,214214.87603305784
commit:9,25,commitment,operating,267840.0,219604.21703540662
commit:9,26,commitment,operating,259200.0,210838.95063402606
commit:9,27,commitment,operating,267840.0,216143.3581643826
commit:9,28,commitment,operating,267840.0,214433.43583438688
commit:9,29,commitment,operating,241920.0,192149.58523567938
commit:9,30,commitment,operating,267840.0,211054.06603598298
commit:9,31,commitment,operating,259200.0,202630.06972628692
commit:9,32,commitment,operating,267840.0,207727.95351152014
commit:9,33,commitment,operating,259200.0,199436.71540998356
commit:9,34,commitment,operating,267840.0,204454.25895148312
commit:9,35,commitment,operating,267840.0,202836.80974641436
commit:9,36,commitment,operating,259200.0,194740.79639368888
commit:9,0,commit_setup,capital,0.0,0.0
commit:9,1,commit_setup,operating,0.0,0.0
commit:9,2,commit_setup,operating,0.0,0.0
commit:9,3,commit_setup,operating,0.0,0.0
commit:9,4,commit_setup,operating,0.0,0.0
commit:9,5,commit_setup,operating,0.0,0.0
commit:9,6,commit_setup,operating,0.0,0.0
commit:9,7,commit_setup,operating,0.0,0.0
commit:9,8,commit_setup,operating,0.0,0.0
commit:9,9,commit_setup,operating,0.0,0.0
commit:9,10,commit_setup,operating,0.0,0.0
commit:9,11,commit_setup,operating,0.0,0.0
commit:9,12,commit_setup,operating,0.0,0.0
commit:9,13,commit_setup,operating,0.0,0.0
commit:9,14,commit_setup,operating,0.0,0.0
commit:9,15,commit_setup,operating,0.0,0.0
commit:9,16,commit_setup,operating,0.0,0.0
commit:9,17,commit_setup,operating,0.0,0.0
commit:9,18,commit_setup,operating,0.0,0.0
commit:9,19,commit_setup,operating,0.0,0.0
commit:9,20,commit_setup,operating,0.0,0.0
commit:9,21,commit_setup,operating,0.0,0.0
commit:9,22,commit_setup,operating,0.0,0.0
commit:9,23,commit_setup,operating,0.0,0.0
commit:9,24,commit_setup,operating,0.0,0.0
commit:9,25,commit_setup,operating,0.0,0.0
commit:9,26,commit_setup,operating,0.0,0.0
commit:9,27,commit_setup,operating,0.0,0.0
commit:9,28,commit_setup,operating,0.0,0.0
commit:9,29,commit_setup,operating,0.0,0.0
commit:9,30,commit_setup,operating,0.0,0.0
commit:9,31,commit_setup,operating,0.0,0.0
commit:9,32,commit_setup,operating,0.0,0.0
commit:9,33,commit_setup,operating,0.0,0.0
commit:9,34,commit_setup,operating,0.0,0.0
commit:9,35,commit_setup,operating,0.0,0.0
commit:9,36,commit_setup,operating,0.0,0.0
commit:9,0,commit_fees,capital,0.0,0.0
commit:9,1,commit_fees,operating,0.0,0.0
commit:9,2,commit_fees,operating,0.0,0.0
commit:9,3,commit_fees,operating,0.0,0.0
commit:9,4,commit_fees,operating,0.0,0.0
commit:9,5,commit_fees,operating,0.0,0.0
commit:9,6,commit_fees,operating,0.0,0.0
commit:9,7,commit_fees,operating,0.0,0.0
commit:9,8,commit_fees,operating,0.0,0.0
commit:9,9,commit_fees,operating,0.0,0.0
commit:9,10,commit_fees,operating,0.0,0.0
commit:9,11,commit_fees,operating,0.0,0.0
commit:9,12,commit_fees,operating,0.0,0.0
commit:9,13,commit_fees,operating,0.0,0.0
commit:9,14,commit_fees,operating,0.0,0.0
commit:9,15,commit_fees,operating,0.0,0.0
commit:9,16,commit_fees,operating,0.0,0.0
commit:9,17,commit_fees,operating,0.0,0.0
commit:9,18,commit_fees,operating,0.0,0.0
commit:9,19,commit_fees,operating,0.0,0.0
commit:9,20,commit_fees,operating,0.0,0.0
commit:9,21,commit_fees,operating,0.0,0.0
commit:9,22,commit_fees,operating,0.0,0.0
commit:9,23,commit_fees,operating,0.0,0.0
commit:9,24,commit_fees,operating,0.0,0.0
commit:9,25,commit_fees,operating,0.0,0.0
commit:9,26,commit_fees,operating,0.0,0.0
commit:9,27,commit_fees,operating,0.0,0.0
commit:9,28,commit_fees,operating,0.0,0.0
commit:9,29,commit_fees,operating,0.0,0.0
commit:9,30,commit_fees,operating,0.0,0.0
commit:9,31,commit_fees,operating,0.0,0.0
commit:9,32,commit_fees,operating,0.0,0.0
commit:9,33,commit_fees,operating,0.0,0.0
commit:9,34,commit_fees,operating,0.0,0.0
commit:9,35,commit_fees,operating,0.0,0.0
commit:9,36,commit_fees,operating,0.0,0.0
commit:10,0,on_demand,capital,0.0,0.0
commit:10,1,on_demand,operating,0.0,0.0
commit:10,2,on_demand,operating,0.0,0.0
commit:10,3,on_demand,operating,0.0,0.0
commit:10,4,on_demand,operating,0.0,0.0
commit:10,5,on_demand,operating,0.0,0.0
commit:10,6,on_demand,operating,0.0,0.0
commit:10,7,on_demand,operating,0.0,0.0
commit:10,8,on_demand,operating,0.0,0.0
commit:10,9,on_demand,operating,0.0,0.0
commit:10,10,on_demand,operating,0.0,0.0
commit:10,11,on_demand,operating,0.0,0.0
commit:10,12,on_demand,operating,0.0,0.0
commit:10,13,on_demand,operating,0.0,0.0
commit:10,14,on_demand,operating,0.0,0.0
commit:10,15,on_demand,operating,0.0,0.0
commit:10,16,on_demand,operating,0.0,0.0
commit:10,17,on_demand,operating,0.0,0.0
commit:10,18,on_demand,operating,0.0,0.0
commit:10,19,on_demand,operating,0.0,0.0
commit:10,20,on_demand,operating,0.0,0.0
commit:10,21,on_demand,operating,0.0,0.0
commit:10,22,on_demand,operating,0.0,0.0
commit:10,23,on_demand,operating,0.0,0.0
commit:10,24,on_demand,operating,0.0,0.0
commit:10,25,on_demand,operating,0.0,0.0
commit:10,26,on_demand,operating,0.0,0.0
commit:10,27,on_demand,operating,0.0,0.0
commit:10,28,on_demand,operating,0.0,0.0
commit:10,29,on_demand,operating,0.0,0.0
commit:10,30,on_demand,operating,0.0,0.0
commit:10,31,on_demand,operating,0.0,0.0
commit:10,32,on_demand,operating,0.0,0.0
commit:10,33,on_demand,operating,0.0,0.0
commit:10,34,on_demand,operating,0.0,0.0
commit:10,35,on_demand,operating,0.0,0.0
commit:10,36,on_demand,operating,0.0,0.0
commit:10,0,variable_service,capital,0.0,0.0
commit:10,1,variable_service,operating,0.0,0.0
commit:10,2,variable_service,operating,0.0,0.0
commit:10,3,variable_service,operating,0.0,0.0
commit:10,4,variable_service,operating,0.0,0.0
commit:10,5,variable_service,operating,0.0,0.0
commit:10,6,variable_service,operating,0.0,0.0
commit:10,7,variable_service,operating,0.0,0.0
commit:10,8,variable_service,operating,0.0,0.0
commit:10,9,variable_service,operating,0.0,0.0
commit:10,10,variable_service,operating,0.0,0.0
commit:10,11,variable_service,operating,0.0,0.0
commit:10,12,variable_service,operating,0.0,0.0
commit:10,13,variable_service,operating,0.0,0.0
commit:10,14,variable_service,operating,0.0,0.0
commit:10,15,variable_service,operating,0.0,0.0
commit:10,16,variable_service,operating,0.0,0.0
commit:10,17,variable_service,operating,0.0,0.0
commit:10,18,variable_service,operating,0.0,0.0
commit:10,19,variable_service,operating,0.0,0.0
commit:10,20,variable_service,operating,0.0,0.0
commit:10,21,variable_service,operating,0.0,0.0
commit:10,22,variable_service,operating,0.0,0.0
commit:10,23,variable_service,operating,0.0,0.0
commit:10,24,variable_service,operating,0.0,0.0
commit:10,25,variable_service,operating,0.0,0.0
commit:10,26,variable_service,operating,0.0,0.0
commit:10,27,variable_service,operating,0.0,0.0
commit:10,28,variable_service,operating,0.0,0.0
commit:10,29,variable_service,operating,0.0,0.0
commit:10,30,variable_service,operating,0.0,0.0
commit:10,31,variable_service,operating,0.0,0.0
commit:10,32,variable_service,operating,0.0,0.0
commit:10,33,variable_service,operating,0.0,0.0
commit:10,34,variable_service,operating,0.0,0.0
commit:10,35,variable_service,operating,0.0,0.0
commit:10,36,variable_service,operating,0.0,0.0
commit:10,0,commitment,capital,0.0,0.0
commit:10,1,commitment,operating,297600.0,295245.66956982453
commit:10,2,commitment,operating,288000.0,283461.25585241284
commit:10,3,commitment,operating,297600.0,290592.73708767
commit:10,4,commitment,operating,297600.0,288293.84151067573
commit:10,5,commitment,operating,268800.0,258334.4423724134
commit:10,6,commitment,operating,297600.0,283750.46655948827
commit:10,7,commitment,operating,288000.0,272424.8715208969
commit:10,8,commitment,operating,297600.0,279278.69305437716
commit:10,9,commitment,operating,288000.0,268131.58405120013
commit:10,10,commitment,operating,297600.0,274877.3925903273
commit:10,11,commitment,operating,297600.0,272702.82199240156
commit:10,12,commitment,operating,288000.0,261818.18181818182
commit:10,13,commitment,operating,297600.0,268405.1541543859
commit:10,14,commitment,operating,288000.0,257692.05077492073
commit:10,15,commitment,operating,297600.0,264175.2155342455
commit:10,16,commitment,operating,297600.0,262085.31046425068
commit:10,17,commitment,operating,278400.0,243236.9749610386
commit:10,18,commitment,operating,297600.0,257954.96959953476
commit:10,19,commitment,operating,288000.0,247658.97410990627
commit:10,20,commitment,operating,297600.0,253889.72095852465
commit:10,21,commitment,operating,288000.0,243755.98550109105
commit:10,22,commitment,operating,297600.0,249888.53871847937
commit:10,23,commitment,operating,297600.0,247911.6563567287
commit:10,24,commitment,operating,288000.0,238016.52892561982
commit:10,25,commitment,operating,297600.0,244004.68559489623
commit:10,26,commitment,operating,288000.0,234265.5007044734
commit:10,27,commitment,operating,297600.0,240159.286849314
commit:10,28,commitment,operating,297600.0,238259.37314931877
commit:10,29,commitment,operating,268800.0,213499.53915075486
commit:10,30,commitment,operating,297600.0,234504.51781775884
commit:10,31,commitment,operating,288000.0,225144.52191809658
commit:10,32,commitment,operating,297600.0,230808.8372350224
commit:10,33,commitment,operating,288000.0,221596.3504555373
commit:10,34,commitment,operating,297600.0,227171.39883498123
commit:10,35,commitment,operating,297600.0,225374.23305157153
commit:10,36,commitment,operating,288000.0,216378.66265965434
commit:10,0,commit_setup,capital,0.0,0.0
commit:10,1,commit_setup,operating,0.0,0.0
commit:10,2,commit_setup,operating,0.0,0.0
commit:10,3,commit_setup,operating,0.0,0.0
commit:10,4,commit_setup,operating,0.0,0.0
commit:10,5,commit_setup,operating,0.0,0.0
commit:10,6,commit_setup,operating,0.0,0.0
commit:10,7,commit_setup,operating,0.0,0.0
commit:10,8,commit_setup,operating,0.0,0.0
commit:10,9,commit_setup,operating,0.0,0.0
commit:10,10,commit_setup,operating,0.0,0.0
commit:10,11,commit_setup,operating,0.0,0.0
commit:10,12,commit_setup,operating,0.0,0.0
commit:10,13,commit_setup,operating,0.0,0.0
commit:10,14,commit_setup,operating,0.0,0.0
commit:10,15,commit_setup,operating,0.0,0.0
commit:10,16,commit_setup,operating,0.0,0.0
commit:10,17,commit_setup,operating,0.0,0.0
commit:10,18,commit_setup,operating,0.0,0.0
commit:10,19,commit_setup,operating,0.0,0.0
commit:10,20,commit_setup,operating,0.0,0.0
commit:10,21,commit_setup,operating,0.0,0.0
commit:10,22,commit_setup,operating,0.0,0.0
commit:10,23,commit_setup,operating,0.0,0.0
commit:10,24,commit_setup,operating,0.0,0.0
commit:10,25,commit_setup,operating,0.0,0.0
commit:10,26,commit_setup,operating,0.0,0.0
commit:10,27,commit_setup,operating,0.0,0.0
commit:10,28,commit_setup,operating,0.0,0.0
commit:10,29,commit_setup,operating,0.0,0.0
commit:10,30,commit_setup,operating,0.0,0.0
commit:10,31,commit_setup,operating,0.0,0.0
commit:10,32,commit_setup,operating,0.0,0.0
commit:10,33,commit_setup,operating,0.0,0.0
commit:10,34,commit_setup,operating,0.0,0.0
commit:10,35,commit_setup,operating,0.0,0.0
commit:10,36,commit_setup,operating,0.0,0.0
commit:10,0,commit_fees,capital,0.0,0.0
commit:10,1,commit_fees,operating,0.0,0.0
commit:10,2,commit_fees,operating,0.0,0.0
commit:10,3,commit_fees,operating,0.0,0.0
commit:10,4,commit_fees,operating,0.0,0.0
commit:10,5,commit_fees,operating,0.0,0.0
commit:10,6,commit_fees,operating,0.0,0.0
commit:10,7,commit_fees,operating,0.0,0.0
commit:10,8,commit_fees,operating,0.0,0.0
commit:10,9,commit_fees,operating,0.0,0.0
commit:10,10,commit_fees,operating,0.0,0.0
commit:10,11,commit_fees,operating,0.0,0.0
commit:10,12,commit_fees,operating,0.0,0.0
commit:10,13,commit_fees,operating,0.0,0.0
commit:10,14,commit_fees,operating,0.0,0.0
commit:10,15,commit_fees,operating,0.0,0.0
commit:10,16,commit_fees,operating,0.0,0.0
commit:10,17,commit_fees,operating,0.0,0.0
commit:10,18,commit_fees,operating,0.0,0.0
commit:10,19,commit_fees,operating,0.0,0.0
commit:10,20,commit_fees,operating,0.0,0.0
commit:10,21,commit_fees,operating,0.0,0.0
commit:10,22,commit_fees,operating,0.0,0.0
commit:10,23,commit_fees,operating,0.0,0.0
commit:10,24,commit_fees,operating,0.0,0.0
commit:10,25,commit_fees,operating,0.0,0.0
commit:10,26,commit_fees,operating,0.0,0.0
commit:10,27,commit_fees,operating,0.0,0.0
commit:10,28,commit_fees,operating,0.0,0.0
commit:10,29,commit_fees,operating,0.0,0.0
commit:10,30,commit_fees,operating,0.0,0.0
commit:10,31,commit_fees,operating,0.0,0.0
commit:10,32,commit_fees,operating,0.0,0.0
commit:10,33,commit_fees,operating,0.0,0.0
commit:10,34,commit_fees,operating,0.0,0.0
commit:10,35,commit_fees,operating,0.0,0.0
commit:10,36,commit_fees,operating,0.0,0.0
commit:11,0,on_demand,capital,0.0,0.0
commit:11,1,on_demand,operating,0.0,0.0
commit:11,2,on_demand,operating,0.0,0.0
commit:11,3,on_demand,operating,0.0,0.0
commit:11,4,on_demand,operating,0.0,0.0
commit:11,5,on_demand,operating,0.0,0.0
commit:11,6,on_demand,operating,0.0,0.0
commit:11,7,on_demand,operating,0.0,0.0
commit:11,8,on_demand,operating,0.0,0.0
commit:11,9,on_demand,operating,0.0,0.0
commit:11,10,on_demand,operating,0.0,0.0
commit:11,11,on_demand,operating,0.0,0.0
commit:11,12,on_demand,operating,0.0,0.0
commit:11,13,on_demand,operating,0.0,0.0
commit:11,14,on_demand,operating,0.0,0.0
commit:11,15,on_demand,operating,0.0,0.0
commit:11,16,on_demand,operating,0.0,0.0
commit:11,17,on_demand,operating,0.0,0.0
commit:11,18,on_demand,operating,0.0,0.0
commit:11,19,on_demand,operating,0.0,0.0
commit:11,20,on_demand,operating,0.0,0.0
commit:11,21,on_demand,operating,0.0,0.0
commit:11,22,on_demand,operating,0.0,0.0
commit:11,23,on_demand,operating,0.0,0.0
commit:11,24,on_demand,operating,0.0,0.0
commit:11,25,on_demand,operating,0.0,0.0
commit:11,26,on_demand,operating,0.0,0.0
commit:11,27,on_demand,operating,0.0,0.0
commit:11,28,on_demand,operating,0.0,0.0
commit:11,29,on_demand,operating,0.0,0.0
commit:11,30,on_demand,operating,0.0,0.0
commit:11,31,on_demand,operating,0.0,0.0
commit:11,32,on_demand,operating,0.0,0.0
commit:11,33,on_demand,operating,0.0,0.0
commit:11,34,on_demand,operating,0.0,0.0
commit:11,35,on_demand,operating,0.0,0.0
commit:11,36,on_demand,operating,0.0,0.0
commit:11,0,variable_service,capital,0.0,0.0
commit:11,1,variable_service,operating,0.0,0.0
commit:11,2,variable_service,operating,0.0,0.0
commit:11,3,variable_service,operating,0.0,0.0
commit:11,4,variable_service,operating,0.0,0.0
commit:11,5,variable_service,operating,0.0,0.0
commit:11,6,variable_service,operating,0.0,0.0
commit:11,7,variable_service,operating,0.0,0.0
commit:11,8,variable_service,operating,0.0,0.0
commit:11,9,variable_service,operating,0.0,0.0
commit:11,10,variable_service,operating,0.0,0.0
commit:11,11,variable_service,operating,0.0,0.0
commit:11,12,variable_service,operating,0.0,0.0
commit:11,13,variable_service,operating,0.0,0.0
commit:11,14,variable_service,operating,0.0,0.0
commit:11,15,variable_service,operating,0.0,0.0
commit:11,16,variable_service,operating,0.0,0.0
commit:11,17,variable_service,operating,0.0,0.0
commit:11,18,variable_service,operating,0.0,0.0
commit:11,19,variable_service,operating,0.0,0.0
commit:11,20,variable_service,operating,0.0,0.0
commit:11,21,variable_service,operating,0.0,0.0
commit:11,22,variable_service,operating,0.0,0.0
commit:11,23,variable_service,operating,0.0,0.0
commit:11,24,variable_service,operating,0.0,0.0
commit:11,25,variable_service,operating,0.0,0.0
commit:11,26,variable_service,operating,0.0,0.0
commit:11,27,variable_service,operating,0.0,0.0
commit:11,28,variable_service,operating,0.0,0.0
commit:11,29,variable_service,operating,0.0,0.0
commit:11,30,variable_service,operating,0.0,0.0
commit:11,31,variable_service,operating,0.0,0.0
commit:11,32,variable_service,operating,0.0,0.0
commit:11,33,variable_service,operating,0.0,0.0
commit:11,34,variable_service,operating,0.0,0.0
commit:11,35,variable_service,operating,0.0,0.0
commit:11,36,variable_service,operating,0.0,0.0
commit:11,0,commitment,capital,0.0,0.0
commit:11,1,commitment,operating,327360.0,324770.23652680696
commit:11,2,commitment,operating,316800.0,311807.38143765414
commit:11,3,commitment,operating,327360.0,319652.01079643704
commit:11,4,commitment,operating,327360.0,317123.2256617433
commit:11,5,commitment,operating,295680.0,284167.88660965476
commit:11,6,commitment,operating,327360.0,312125.51321543707
commit:11,7,commitment,operating,316800.0,299667.35867298656
commit:11,8,commitment,operating,327360.0,307206.5623598149
commit:11,9,commitment,operating,316800.0,294944.74245632015
commit:11,10,commitment,operating,327360.0,302365.13184936007
commit:11,11,commitment,operating,327360.0,299973.10419164173
commit:11,12,commitment,operating,316800.0,288000.0
commit:11,13,commitment,operating,327360.0,295245.6695698245
commit:11,14,commitment,operating,316800.0,283461.2558524128
commit:11,15,commitment,operating,327360.0,290592.73708767
commit:11,16,commitment,operating,327360.0,288293.84151067573
commit:11,17,commitment,operating,306240.0,267560.67245714244
commit:11,18,commitment,operating,327360.0,283750.4665594882
commit:11,19,commitment,operating,316800.0,272424.8715208969
commit:11,20,commitment,operating,327360.0,279278.6930543771
commit:11,21,commitment,operating,316800.0,268131.58405120013
commit:11,22,commitment,operating,327360.0,274877.3925903273
commit:11,23,commitment,operating,327360.0,272702.82199240156
commit:11,24,commitment,operating,316800.0,261818.1818181818
commit:11,25,commitment,operating,327360.0,268405.15415438585
commit:11,26,commitment,operating,316800.0,257692.05077492073
commit:11,27,commitment,operating,327360.0,264175.2155342454
commit:11,28,commitment,operating,327360.0,262085.31046425065
commit:11,29,commitment,operating,295680.0,234849.49306583035
commit:11,30,commitment,operating,327360.0,257954.96959953473
commit:11,31,commitment,operating,316800.0,247658.9741099062
commit:11,32,commitment,operating,327360.0,253889.72095852465
commit:11,33,commitment,operating,316800.0,243755.985501091
commit:11,34,commitment,operating,327360.0,249888.53871847937
commit:11,35,commitment,operating,327360.0,247911.65635672866
commit:11,36,commitment,operating,316800.0,238016.52892561976
commit:11,0,commit_setup,capital,0.0,0.0
commit:11,1,commit_setup,operating,0.0,0.0
commit:11,2,commit_setup,operating,0.0,0.0
commit:11,3,commit_setup,operating,0.0,0.0
commit:11,4,commit_setup,operating,0.0,0.0
commit:11,5,commit_setup,operating,0.0,0.0
commit:11,6,commit_setup,operating,0.0,0.0
commit:11,7,commit_setup,operating,0.0,0.0
commit:11,8,commit_setup,operating,0.0,0.0
commit:11,9,commit_setup,operating,0.0,0.0
commit:11,10,commit_setup,operating,0.0,0.0
commit:11,11,commit_setup,operating,0.0,0.0
commit:11,12,commit_setup,operating,0.0,0.0
commit:11,13,commit_setup,operating,0.0,0.0
commit:11,14,commit_setup,operating,0.0,0.0
commit:11,15,commit_setup,operating,0.0,0.0
commit:11,16,commit_setup,operating,0.0,0.0
commit:11,17,commit_setup,operating,0.0,0.0
commit:11,18,commit_setup,operating,0.0,0.0
commit:11,19,commit_setup,operating,0.0,0.0
commit:11,20,commit_setup,operating,0.0,0.0
commit:11,21,commit_setup,operating,0.0,0.0
commit:11,22,commit_setup,operating,0.0,0.0
commit:11,23,commit_setup,operating,0.0,0.0
commit:11,24,commit_setup,operating,0.0,0.0
commit:11,25,commit_setup,operating,0.0,0.0
commit:11,26,commit_setup,operating,0.0,0.0
commit:11,27,commit_setup,operating,0.0,0.0
commit:11,28,commit_setup,operating,0.0,0.0
commit:11,29,commit_setup,operating,0.0,0.0
commit:11,30,commit_setup,operating,0.0,0.0
commit:11,31,commit_setup,operating,0.0,0.0
commit:11,32,commit_setup,operating,0.0,0.0
commit:11,33,commit_setup,operating,0.0,0.0
commit:11,34,commit_setup,operating,0.0,0.0
commit:11,35,commit_setup,operating,0.0,0.0
commit:11,36,commit_setup,operating,0.0,0.0
commit:11,0,commit_fees,capital,0.0,0.0
commit:11,1,commit_fees,operating,0.0,0.0
commit:11,2,commit_fees,operating,0.0,0.0
commit:11,3,commit_fees,operating,0.0,0.0
commit:11,4,commit_fees,operating,0.0,0.0
commit:11,5,commit_fees,operating,0.0,0.0
commit:11,6,commit_fees,operating,0.0,0.0
commit:11,7,commit_fees,operating,0.0,0.0
commit:11,8,commit_fees,operating,0.0,0.0
commit:11,9,commit_fees,operating,0.0,0.0
commit:11,10,commit_fees,operating,0.0,0.0
commit:11,11,commit_fees,operating,0.0,0.0
commit:11,12,commit_fees,operating,0.0,0.0
commit:11,13,commit_fees,operating,0.0,0.0
commit:11,14,commit_fees,operating,0.0,0.0
commit:11,15,commit_fees,operating,0.0,0.0
commit:11,16,commit_fees,operating,0.0,0.0
commit:11,17,commit_fees,operating,0.0,0.0
commit:11,18,commit_fees,operating,0.0,0.0
commit:11,19,commit_fees,operating,0.0,0.0
commit:11,20,commit_fees,operating,0.0,0.0
commit:11,21,commit_fees,operating,0.0,0.0
commit:11,22,commit_fees,operating,0.0,0.0
commit:11,23,commit_fees,operating,0.0,0.0
commit:11,24,commit_fees,operating,0.0,0.0
commit:11,25,commit_fees,operating,0.0,0.0
commit:11,26,commit_fees,operating,0.0,0.0
commit:11,27,commit_fees,operating,0.0,0.0
commit:11,28,commit_fees,operating,0.0,0.0
commit:11,29,commit_fees,operating,0.0,0.0
commit:11,30,commit_fees,operating,0.0,0.0
commit:11,31,commit_fees,operating,0.0,0.0
commit:11,32,commit_fees,operating,0.0,0.0
commit:11,33,commit_fees,operating,0.0,0.0
commit:11,34,commit_fees,operating,0.0,0.0
commit:11,35,commit_fees,operating,0.0,0.0
commit:11,36,commit_fees,operating,0.0,0.0
commit:12,0,on_demand,capital,0.0,0.0
commit:12,1,on_demand,operating,0.0,0.0
commit:12,2,on_demand,operating,0.0,0.0
commit:12,3,on_demand,operating,0.0,0.0
commit:12,4,on_demand,operating,0.0,0.0
commit:12,5,on_demand,operating,0.0,0.0
commit:12,6,on_demand,operating,0.0,0.0
commit:12,7,on_demand,operating,0.0,0.0
commit:12,8,on_demand,operating,0.0,0.0
commit:12,9,on_demand,operating,0.0,0.0
commit:12,10,on_demand,operating,0.0,0.0
commit:12,11,on_demand,operating,0.0,0.0
commit:12,12,on_demand,operating,0.0,0.0
commit:12,13,on_demand,operating,0.0,0.0
commit:12,14,on_demand,operating,0.0,0.0
commit:12,15,on_demand,operating,0.0,0.0
commit:12,16,on_demand,operating,0.0,0.0
commit:12,17,on_demand,operating,0.0,0.0
commit:12,18,on_demand,operating,0.0,0.0
commit:12,19,on_demand,operating,0.0,0.0
commit:12,20,on_demand,operating,0.0,0.0
commit:12,21,on_demand,operating,0.0,0.0
commit:12,22,on_demand,operating,0.0,0.0
commit:12,23,on_demand,operating,0.0,0.0
commit:12,24,on_demand,operating,0.0,0.0
commit:12,25,on_demand,operating,0.0,0.0
commit:12,26,on_demand,operating,0.0,0.0
commit:12,27,on_demand,operating,0.0,0.0
commit:12,28,on_demand,operating,0.0,0.0
commit:12,29,on_demand,operating,0.0,0.0
commit:12,30,on_demand,operating,0.0,0.0
commit:12,31,on_demand,operating,0.0,0.0
commit:12,32,on_demand,operating,0.0,0.0
commit:12,33,on_demand,operating,0.0,0.0
commit:12,34,on_demand,operating,0.0,0.0
commit:12,35,on_demand,operating,0.0,0.0
commit:12,36,on_demand,operating,0.0,0.0
commit:12,0,variable_service,capital,0.0,0.0
commit:12,1,variable_service,operating,0.0,0.0
commit:12,2,variable_service,operating,0.0,0.0
commit:12,3,variable_service,operating,0.0,0.0
commit:12,4,variable_service,operating,0.0,0.0
commit:12,5,variable_service,operating,0.0,0.0
commit:12,6,variable_service,operating,0.0,0.0
commit:12,7,variable_service,operating,0.0,0.0
commit:12,8,variable_service,operating,0.0,0.0
commit:12,9,variable_service,operating,0.0,0.0
commit:12,10,variable_service,operating,0.0,0.0
commit:12,11,variable_service,operating,0.0,0.0
commit:12,12,variable_service,operating,0.0,0.0
commit:12,13,variable_service,operating,0.0,0.0
commit:12,14,variable_service,operating,0.0,0.0
commit:12,15,variable_service,operating,0.0,0.0
commit:12,16,variable_service,operating,0.0,0.0
commit:12,17,variable_service,operating,0.0,0.0
commit:12,18,variable_service,operating,0.0,0.0
commit:12,19,variable_service,operating,0.0,0.0
commit:12,20,variable_service,operating,0.0,0.0
commit:12,21,variable_service,operating,0.0,0.0
commit:12,22,variable_service,operating,0.0,0.0
commit:12,23,variable_service,operating,0.0,0.0
commit:12,24,variable_service,operating,0.0,0.0
commit:12,25,variable_service,operating,0.0,0.0
commit:12,26,variable_service,operating,0.0,0.0
commit:12,27,variable_service,operating,0.0,0.0
commit:12,28,variable_service,operating,0.0,0.0
commit:12,29,variable_service,operating,0.0,0.0
commit:12,30,variable_service,operating,0.0,0.0
commit:12,31,variable_service,operating,0.0,0.0
commit:12,32,variable_service,operating,0.0,0.0
commit:12,33,variable_service,operating,0.0,0.0
commit:12,34,variable_service,operating,0.0,0.0
commit:12,35,variable_service,operating,0.0,0.0
commit:12,36,variable_service,operating,0.0,0.0
commit:12,0,commitment,capital,0.0,0.0
commit:12,1,commitment,operating,357120.0,354294.8034837894
commit:12,2,commitment,operating,345600.0,340153.5070228954
commit:12,3,commitment,operating,357120.0,348711.284505204
commit:12,4,commitment,operating,357120.0,345952.6098128109
commit:12,5,commitment,operating,322560.0,310001.3308468961
commit:12,6,commitment,operating,357120.0,340500.5598713859
commit:12,7,commitment,operating,345600.0,326909.8458250763
commit:12,8,commitment,operating,357120.0,335134.43166525254
commit:12,9,commitment,operating,345600.0,321757.90086144017
commit:12,10,commitment,operating,357120.0,329852.8711083928
commit:12,11,commitment,operating,357120.0,327243.3863908819
commit:12,12,commitment,operating,345600.0,314181.8181818182
commit:12,13,commitment,operating,357120.0,322086.1849852631
commit:12,14,commitment,operating,345600.0,309230.4609299049
commit:12,15,commitment,operating,357120.0,317010.25864109455
commit:12,16,commitment,operating,357120.0,314502.37255710084
commit:12,17,commitment,operating,334080.0,291884.3699532463
commit:12,18,commitment,operating,357120.0,309545.9635194417
commit:12,19,commitment,operating,345600.0,297190.7689318875
commit:12,20,commitment,operating,357120.0,304667.6651502296
commit:12,21,commitment,operating,345600.0,292507.18260130927
commit:12,22,commitment,operating,357120.0,299866.2464621752
commit:12,23,commitment,operating,357120.0,297493.9876280744
commit:12,24,commitment,operating,345600.0,285619.83471074374
commit:12,25,commitment,operating,357120.0,292805.6227138755
commit:12,26,commitment,operating,345600.0,281118.60084536806
commit:12,27,commitment,operating,357120.0,288191.1442191768
commit:12,28,commitment,operating,357120.0,285911.2477791825
commit:12,29,commitment,operating,322560.0,256199.44698090584
commit:12,30,commitment,operating,357120.0,281405.4213813106
commit:12,31,commitment,operating,345600.0,270173.4263017159
commit:12,32,commitment,operating,357120.0,276970.6046820269
commit:12,33,commitment,operating,345600.0,265915.6205466447
commit:12,34,commitment,operating,357120.0,272605.6786019775
commit:12,35,commitment,operating,357120.0,270449.0796618858
commit:12,36,commitment,operating,345600.0,259654.3951915852
commit:12,0,commit_setup,capital,0.0,0.0
commit:12,1,commit_setup,operating,0.0,0.0
commit:12,2,commit_setup,operating,0.0,0.0
commit:12,3,commit_setup,operating,0.0,0.0
commit:12,4,commit_setup,operating,0.0,0.0
commit:12,5,commit_setup,operating,0.0,0.0
commit:12,6,commit_setup,operating,0.0,0.0
commit:12,7,commit_setup,operating,0.0,0.0
commit:12,8,commit_setup,operating,0.0,0.0
commit:12,9,commit_setup,operating,0.0,0.0
commit:12,10,commit_setup,operating,0.0,0.0
commit:12,11,commit_setup,operating,0.0,0.0
commit:12,12,commit_setup,operating,0.0,0.0
commit:12,13,commit_setup,operating,0.0,0.0
commit:12,14,commit_setup,operating,0.0,0.0
commit:12,15,commit_setup,operating,0.0,0.0
commit:12,16,commit_setup,operating,0.0,0.0
commit:12,17,commit_setup,operating,0.0,0.0
commit:12,18,commit_setup,operating,0.0,0.0
commit:12,19,commit_setup,operating,0.0,0.0
commit:12,20,commit_setup,operating,0.0,0.0
commit:12,21,commit_setup,operating,0.0,0.0
commit:12,22,commit_setup,operating,0.0,0.0
commit:12,23,commit_setup,operating,0.0,0.0
commit:12,24,commit_setup,operating,0.0,0.0
commit:12,25,commit_setup,operating,0.0,0.0
commit:12,26,commit_setup,operating,0.0,0.0
commit:12,27,commit_setup,operating,0.0,0.0
commit:12,28,commit_setup,operating,0.0,0.0
commit:12,29,commit_setup,operating,0.0,0.0
commit:12,30,commit_setup,operating,0.0,0.0
commit:12,31,commit_setup,operating,0.0,0.0
commit:12,32,commit_setup,operating,0.0,0.0
commit:12,33,commit_setup,operating,0.0,0.0
commit:12,34,commit_setup,operating,0.0,0.0
commit:12,35,commit_setup,operating,0.0,0.0
commit:12,36,commit_setup,operating,0.0,0.0
commit:12,0,commit_fees,capital,0.0,0.0
commit:12,1,commit_fees,operating,0.0,0.0
commit:12,2,commit_fees,operating,0.0,0.0
commit:12,3,commit_fees,operating,0.0,0.0
commit:12,4,commit_fees,operating,0.0,0.0
commit:12,5,commit_fees,operating,0.0,0.0
commit:12,6,commit_fees,operating,0.0,0.0
commit:12,7,commit_fees,operating,0.0,0.0
commit:12,8,commit_fees,operating,0.0,0.0
commit:12,9,commit_fees,operating,0.0,0.0
commit:12,10,commit_fees,operating,0.0,0.0
commit:12,11,commit_fees,operating,0.0,0.0
commit:12,12,commit_fees,operating,0.0,0.0
commit:12,13,commit_fees,operating,0.0,0.0
commit:12,14,commit_fees,operating,0.0,0.0
commit:12,15,commit_fees,operating,0.0,0.0
commit:12,16,commit_fees,operating,0.0,0.0
commit:12,17,commit_fees,operating,0.0,0.0
commit:12,18,commit_fees,operating,0.0,0.0
commit:12,19,commit_fees,operating,0.0,0.0
commit:12,20,commit_fees,operating,0.0,0.0
commit:12,21,commit_fees,operating,0.0,0.0
commit:12,22,commit_fees,operating,0.0,0.0
commit:12,23,commit_fees,operating,0.0,0.0
commit:12,24,commit_fees,operating,0.0,0.0
commit:12,25,commit_fees,operating,0.0,0.0
commit:12,26,commit_fees,operating,0.0,0.0
commit:12,27,commit_fees,operating,0.0,0.0
commit:12,28,commit_fees,operating,0.0,0.0
commit:12,29,commit_fees,operating,0.0,0.0
commit:12,30,commit_fees,operating,0.0,0.0
commit:12,31,commit_fees,operating,0.0,0.0
commit:12,32,commit_fees,operating,0.0,0.0
commit:12,33,commit_fees,operating,0.0,0.0
commit:12,34,commit_fees,operating,0.0,0.0
commit:12,35,commit_fees,operating,0.0,0.0
commit:12,36,commit_fees,operating,0.0,0.0
commit:13,0,on_demand,capital,0.0,0.0
commit:13,1,on_demand,operating,0.0,0.0
commit:13,2,on_demand,operating,0.0,0.0
commit:13,3,on_demand,operating,0.0,0.0
commit:13,4,on_demand,operating,0.0,0.0
commit:13,5,on_demand,operating,0.0,0.0
commit:13,6,on_demand,operating,0.0,0.0
commit:13,7,on_demand,operating,0.0,0.0
commit:13,8,on_demand,operating,0.0,0.0
commit:13,9,on_demand,operating,0.0,0.0
commit:13,10,on_demand,operating,0.0,0.0
commit:13,11,on_demand,operating,0.0,0.0
commit:13,12,on_demand,operating,0.0,0.0
commit:13,13,on_demand,operating,0.0,0.0
commit:13,14,on_demand,operating,0.0,0.0
commit:13,15,on_demand,operating,0.0,0.0
commit:13,16,on_demand,operating,0.0,0.0
commit:13,17,on_demand,operating,0.0,0.0
commit:13,18,on_demand,operating,0.0,0.0
commit:13,19,on_demand,operating,0.0,0.0
commit:13,20,on_demand,operating,0.0,0.0
commit:13,21,on_demand,operating,0.0,0.0
commit:13,22,on_demand,operating,0.0,0.0
commit:13,23,on_demand,operating,0.0,0.0
commit:13,24,on_demand,operating,0.0,0.0
commit:13,25,on_demand,operating,0.0,0.0
commit:13,26,on_demand,operating,0.0,0.0
commit:13,27,on_demand,operating,0.0,0.0
commit:13,28,on_demand,operating,0.0,0.0
commit:13,29,on_demand,operating,0.0,0.0
commit:13,30,on_demand,operating,0.0,0.0
commit:13,31,on_demand,operating,0.0,0.0
commit:13,32,on_demand,operating,0.0,0.0
commit:13,33,on_demand,operating,0.0,0.0
commit:13,34,on_demand,operating,0.0,0.0
commit:13,35,on_demand,operating,0.0,0.0
commit:13,36,on_demand,operating,0.0,0.0
commit:13,0,variable_service,capital,0.0,0.0
commit:13,1,variable_service,operating,0.0,0.0
commit:13,2,variable_service,operating,0.0,0.0
commit:13,3,variable_service,operating,0.0,0.0
commit:13,4,variable_service,operating,0.0,0.0
commit:13,5,variable_service,operating,0.0,0.0
commit:13,6,variable_service,operating,0.0,0.0
commit:13,7,variable_service,operating,0.0,0.0
commit:13,8,variable_service,operating,0.0,0.0
commit:13,9,variable_service,operating,0.0,0.0
commit:13,10,variable_service,operating,0.0,0.0
commit:13,11,variable_service,operating,0.0,0.0
commit:13,12,variable_service,operating,0.0,0.0
commit:13,13,variable_service,operating,0.0,0.0
commit:13,14,variable_service,operating,0.0,0.0
commit:13,15,variable_service,operating,0.0,0.0
commit:13,16,variable_service,operating,0.0,0.0
commit:13,17,variable_service,operating,0.0,0.0
commit:13,18,variable_service,operating,0.0,0.0
commit:13,19,variable_service,operating,0.0,0.0
commit:13,20,variable_service,operating,0.0,0.0
commit:13,21,variable_service,operating,0.0,0.0
commit:13,22,variable_service,operating,0.0,0.0
commit:13,23,variable_service,operating,0.0,0.0
commit:13,24,variable_service,operating,0.0,0.0
commit:13,25,variable_service,operating,0.0,0.0
commit:13,26,variable_service,operating,0.0,0.0
commit:13,27,variable_service,operating,0.0,0.0
commit:13,28,variable_service,operating,0.0,0.0
commit:13,29,variable_service,operating,0.0,0.0
commit:13,30,variable_service,operating,0.0,0.0
commit:13,31,variable_service,operating,0.0,0.0
commit:13,32,variable_service,operating,0.0,0.0
commit:13,33,variable_service,operating,0.0,0.0
commit:13,34,variable_service,operating,0.0,0.0
commit:13,35,variable_service,operating,0.0,0.0
commit:13,36,variable_service,operating,0.0,0.0
commit:13,0,commitment,capital,0.0,0.0
commit:13,1,commitment,operating,386880.0,383819.37044077186
commit:13,2,commitment,operating,374400.0,368499.6326081367
commit:13,3,commitment,operating,386880.0,377770.55821397103
commit:13,4,commitment,operating,386880.0,374781.9939638785
commit:13,5,commitment,operating,349440.0,335834.77508413745
commit:13,6,commitment,operating,386880.0,368875.6065273347
commit:13,7,commitment,operating,374400.0,354152.33297716593
commit:13,8,commitment,operating,386880.0,363062.30097069027
commit:13,9,commitment,operating,374400.0,348571.0592665602
commit:13,10,commitment,operating,386880.0,357340.61036742554
commit:13,11,commitment,operating,386880.0,354513.6685901221
commit:13,12,commitment,operating,374400.0,340363.63636363635
commit:13,13,commitment,operating,386880.0,348926.70040070167
commit:13,14,commitment,operating,374400.0,334999.66600739694
commit:13,15,commitment,operating,386880.0,343427.7801945191
commit:13,16,commitment,operating,386880.0,340710.9036035259
commit:13,17,commitment,operating,361920.0,316208.06744935014
commit:13,18,commitment,operating,386880.0,335341.4604793952
commit:13,19,commitment,operating,374400.0,321956.66634287813
commit:13,20,commitment,operating,386880.0,330056.637246082
commit:13,21,commitment,operating,374400.0,316882.78115141834
commit:13,22,commitment,operating,386880.0,324855.1003340232
commit:13,23,commitment,operating,386880.0,322285.1532637473
commit:13,24,commitment,operating,374400.0,309421.4876033058
commit:13,25,commitment,operating,386880.0,317206.0912733651
commit:13,26,commitment,operating,374400.0,304545.15091581544
commit:13,27,commitment,operating,386880.0,312207.0729041082
commit:13,28,commitment,operating,386880.0,309737.1850941144
commit:13,29,commitment,operating,349440.0,277549.40089598135
commit:13,30,commitment,operating,386880.0,304855.8731630865
commit:13,31,commitment,operating,374400.0,292687.87849352555
commit:13,32,commitment,operating,386880.0,300051.4884055291
commit:13,33,commitment,operating,374400.0,288075.25559219846
commit:13,34,commitment,operating,386880.0,295322.8184854756
commit:13,35,commitment,operating,386880.0,292986.50296704296
commit:13,36,commitment,operating,374400.0,281292.26145755063
commit:13,0,commit_setup,capital,0.0,0.0
commit:13,1,commit_setup,operating,0.0,0.0
commit:13,2,commit_setup,operating,0.0,0.0
commit:13,3,commit_setup,operating,0.0,0.0
commit:13,4,commit_setup,operating,0.0,0.0
commit:13,5,commit_setup,operating,0.0,0.0
commit:13,6,commit_setup,operating,0.0,0.0
commit:13,7,commit_setup,operating,0.0,0.0
commit:13,8,commit_setup,operating,0.0,0.0
commit:13,9,commit_setup,operating,0.0,0.0
commit:13,10,commit_setup,operating,0.0,0.0
commit:13,11,commit_setup,operating,0.0,0.0
commit:13,12,commit_setup,operating,0.0,0.0
commit:13,13,commit_setup,operating,0.0,0.0
commit:13,14,commit_setup,operating,0.0,0.0
commit:13,15,commit_setup,operating,0.0,0.0
commit:13,16,commit_setup,operating,0.0,0.0
commit:13,17,commit_setup,operating,0.0,0.0
commit:13,18,commit_setup,operating,0.0,0.0
commit:13,19,commit_setup,operating,0.0,0.0
commit:13,20,commit_setup,operating,0.0,0.0
commit:13,21,commit_setup,operating,0.0,0.0
commit:13,22,commit_setup,operating,0.0,0.0
commit:13,23,commit_setup,operating,0.0,0.0
commit:13,24,commit_setup,operating,0.0,0.0
commit:13,25,commit_setup,operating,0.0,0.0
commit:13,26,commit_setup,operating,0.0,0.0
commit:13,27,commit_setup,operating,0.0,0.0
commit:13,28,commit_setup,operating,0.0,0.0
commit:13,29,commit_setup,operating,0.0,0.0
commit:13,30,commit_setup,operating,0.0,0.0
commit:13,31,commit_setup,operating,0.0,0.0
commit:13,32,commit_setup,operating,0.0,0.0
commit:13,33,commit_setup,operating,0.0,0.0
commit:13,34,commit_setup,operating,0.0,0.0
commit:13,35,commit_setup,operating,0.0,0.0
commit:13,36,commit_setup,operating,0.0,0.0
commit:13,0,commit_fees,capital,0.0,0.0
commit:13,1,commit_fees,operating,0.0,0.0
commit:13,2,commit_fees,operating,0.0,0.0
commit:13,3,commit_fees,operating,0.0,0.0
commit:13,4,commit_fees,operating,0.0,0.0
commit:13,5,commit_fees,operating,0.0,0.0
commit:13,6,commit_fees,operating,0.0,0.0
commit:13,7,commit_fees,operating,0.0,0.0
commit:13,8,commit_fees,operating,0.0,0.0
commit:13,9,commit_fees,operating,0.0,0.0
commit:13,10,commit_fees,operating,0.0,0.0
commit:13,11,commit_fees,operating,0.0,0.0
commit:13,12,commit_fees,operating,0.0,0.0
commit:13,13,commit_fees,operating,0.0,0.0
commit:13,14,commit_fees,operating,0.0,0.0
commit:13,15,commit_fees,operating,0.0,0.0
commit:13,16,commit_fees,operating,0.0,0.0
commit:13,17,commit_fees,operating,0.0,0.0
commit:13,18,commit_fees,operating,0.0,0.0
commit:13,19,commit_fees,operating,0.0,0.0
commit:13,20,commit_fees,operating,0.0,0.0
commit:13,21,commit_fees,operating,0.0,0.0
commit:13,22,commit_fees,operating,0.0,0.0
commit:13,23,commit_fees,operating,0.0,0.0
commit:13,24,commit_fees,operating,0.0,0.0
commit:13,25,commit_fees,operating,0.0,0.0
commit:13,26,commit_fees,operating,0.0,0.0
commit:13,27,commit_fees,operating,0.0,0.0
commit:13,28,commit_fees,operating,0.0,0.0
commit:13,29,commit_fees,operating,0.0,0.0
commit:13,30,commit_fees,operating,0.0,0.0
commit:13,31,commit_fees,operating,0.0,0.0
commit:13,32,commit_fees,operating,0.0,0.0
commit:13,33,commit_fees,operating,0.0,0.0
commit:13,34,commit_fees,operating,0.0,0.0
commit:13,35,commit_fees,operating,0.0,0.0
commit:13,36,commit_fees,operating,0.0,0.0
commit:14,0,on_demand,capital,0.0,0.0
commit:14,1,on_demand,operating,0.0,0.0
commit:14,2,on_demand,operating,0.0,0.0
commit:14,3,on_demand,operating,0.0,0.0
commit:14,4,on_demand,operating,0.0,0.0
commit:14,5,on_demand,operating,0.0,0.0
commit:14,6,on_demand,operating,0.0,0.0
commit:14,7,on_demand,operating,0.0,0.0
commit:14,8,on_demand,operating,0.0,0.0
commit:14,9,on_demand,operating,0.0,0.0
commit:14,10,on_demand,operating,0.0,0.0
commit:14,11,on_demand,operating,0.0,0.0
commit:14,12,on_demand,operating,0.0,0.0
commit:14,13,on_demand,operating,0.0,0.0
commit:14,14,on_demand,operating,0.0,0.0
commit:14,15,on_demand,operating,0.0,0.0
commit:14,16,on_demand,operating,0.0,0.0
commit:14,17,on_demand,operating,0.0,0.0
commit:14,18,on_demand,operating,0.0,0.0
commit:14,19,on_demand,operating,0.0,0.0
commit:14,20,on_demand,operating,0.0,0.0
commit:14,21,on_demand,operating,0.0,0.0
commit:14,22,on_demand,operating,0.0,0.0
commit:14,23,on_demand,operating,0.0,0.0
commit:14,24,on_demand,operating,0.0,0.0
commit:14,25,on_demand,operating,0.0,0.0
commit:14,26,on_demand,operating,0.0,0.0
commit:14,27,on_demand,operating,0.0,0.0
commit:14,28,on_demand,operating,0.0,0.0
commit:14,29,on_demand,operating,0.0,0.0
commit:14,30,on_demand,operating,0.0,0.0
commit:14,31,on_demand,operating,0.0,0.0
commit:14,32,on_demand,operating,0.0,0.0
commit:14,33,on_demand,operating,0.0,0.0
commit:14,34,on_demand,operating,0.0,0.0
commit:14,35,on_demand,operating,0.0,0.0
commit:14,36,on_demand,operating,0.0,0.0
commit:14,0,variable_service,capital,0.0,0.0
commit:14,1,variable_service,operating,0.0,0.0
commit:14,2,variable_service,operating,0.0,0.0
commit:14,3,variable_service,operating,0.0,0.0
commit:14,4,variable_service,operating,0.0,0.0
commit:14,5,variable_service,operating,0.0,0.0
commit:14,6,variable_service,operating,0.0,0.0
commit:14,7,variable_service,operating,0.0,0.0
commit:14,8,variable_service,operating,0.0,0.0
commit:14,9,variable_service,operating,0.0,0.0
commit:14,10,variable_service,operating,0.0,0.0
commit:14,11,variable_service,operating,0.0,0.0
commit:14,12,variable_service,operating,0.0,0.0
commit:14,13,variable_service,operating,0.0,0.0
commit:14,14,variable_service,operating,0.0,0.0
commit:14,15,variable_service,operating,0.0,0.0
commit:14,16,variable_service,operating,0.0,0.0
commit:14,17,variable_service,operating,0.0,0.0
commit:14,18,variable_service,operating,0.0,0.0
commit:14,19,variable_service,operating,0.0,0.0
commit:14,20,variable_service,operating,0.0,0.0
commit:14,21,variable_service,operating,0.0,0.0
commit:14,22,variable_service,operating,0.0,0.0
commit:14,23,variable_service,operating,0.0,0.0
commit:14,24,variable_service,operating,0.0,0.0
commit:14,25,variable_service,operating,0.0,0.0
commit:14,26,variable_service,operating,0.0,0.0
commit:14,27,variable_service,operating,0.0,0.0
commit:14,28,variable_service,operating,0.0,0.0
commit:14,29,variable_service,operating,0.0,0.0
commit:14,30,variable_service,operating,0.0,0.0
commit:14,31,variable_service,operating,0.0,0.0
commit:14,32,variable_service,operating,0.0,0.0
commit:14,33,variable_service,operating,0.0,0.0
commit:14,34,variable_service,operating,0.0,0.0
commit:14,35,variable_service,operating,0.0,0.0
commit:14,36,variable_service,operating,0.0,0.0
commit:14,0,commitment,capital,0.0,0.0
commit:14,1,commitment,operating,416640.0,413343.9373977543
commit:14,2,commitment,operating,403200.0,396845.758193378
commit:14,3,commitment,operating,416640.0,406829.831922738
commit:14,4,commitment,operating,416640.0,403611.37811494607
commit:14,5,commitment,operating,376320.0,361668.2193213788
commit:14,6,commitment,operating,416640.0,397250.6531832836
commit:14,7,commitment,operating,403200.0,381394.82012925565
commit:14,8,commitment,operating,416640.0,390990.170276128
commit:14,9,commitment,operating,403200.0,375384.2176716802
commit:14,10,commitment,operating,416640.0,384828.34962645825
commit:14,11,commitment,operating,416640.0,381783.9507893622
commit:14,12,commitment,operating,403200.0,366545.45454545453
commit:14,13,commitment,operating,416640.0,375767.2158161403
commit:14,14,commitment,operating,403200.0,360768.871084889
commit:14,15,commitment,operating,416640.0,369845.3017479436
commit:14,16,commitment,operating,416640.0,366919.43464995094
commit:14,17,commitment,operating,389760.0,340531.764945454
commit:14,18,commitment,operating,416640.0,361136.9574393486
commit:14,19,commitment,operating,403200.0,346722.56375386874
commit:14,20,commitment,operating,416640.0,355445.6093419345
commit:14,21,commitment,operating,403200.0,341258.3797015275
commit:14,22,commitment,operating,416640.0,349843.9542058711
commit:14,23,commitment,operating,416640.0,347076.31889942015
commit:14,24,commitment,operating,403200.0,333223.14049586776
commit:14,25,commitment,operating,416640.0,341606.5598328547
commit:14,26,commitment,operating,403200.0,327971.70098626276
commit:14,27,commitment,operating,416640.0,336223.00158903963
commit:14,28,commitment,operating,416640.0,333563.1224090463
commit:14,29,commitment,operating,376320.0,298899.3548110568
commit:14,30,commitment,operating,416640.0,328306.3249448624
commit:14,31,commitment,operating,403200.0,315202.3306853352
commit:14,32,commitment,operating,416640.0,323132.37212903134
commit:14,33,commitment,operating,403200.0,310234.8906377522
commit:14,34,commitment,operating,416640.0,318039.95836897375
commit:14,35,commitment,operating,416640.0,315523.92627220013
commit:14,36,commitment,operating,403200.0,302930.1277235161
commit:14,0,commit_setup,capital,0.0,0.0
commit:14,1,commit_setup,operating,0.0,0.0
commit:14,2,commit_setup,operating,0.0,0.0
commit:14,3,commit_setup,operating,0.0,0.0
commit:14,4,commit_setup,operating,0.0,0.0
commit:14,5,commit_setup,operating,0.0,0.0
commit:14,6,commit_setup,operating,0.0,0.0
commit:14,7,commit_setup,operating,0.0,0.0
commit:14,8,commit_setup,operating,0.0,0.0
commit:14,9,commit_setup,operating,0.0,0.0
commit:14,10,commit_setup,operating,0.0,0.0
commit:14,11,commit_setup,operating,0.0,0.0
commit:14,12,commit_setup,operating,0.0,0.0
commit:14,13,commit_setup,operating,0.0,0.0
commit:14,14,commit_setup,operating,0.0,0.0
commit:14,15,commit_setup,operating,0.0,0.0
commit:14,16,commit_setup,operating,0.0,0.0
commit:14,17,commit_setup,operating,0.0,0.0
commit:14,18,commit_setup,operating,0.0,0.0
commit:14,19,commit_setup,operating,0.0,0.0
commit:14,20,commit_setup,operating,0.0,0.0
commit:14,21,commit_setup,operating,0.0,0.0
commit:14,22,commit_setup,operating,0.0,0.0
commit:14,23,commit_setup,operating,0.0,0.0
commit:14,24,commit_setup,operating,0.0,0.0
commit:14,25,commit_setup,operating,0.0,0.0
commit:14,26,commit_setup,operating,0.0,0.0
commit:14,27,commit_setup,operating,0.0,0.0
commit:14,28,commit_setup,operating,0.0,0.0
commit:14,29,commit_setup,operating,0.0,0.0
commit:14,30,commit_setup,operating,0.0,0.0
commit:14,31,commit_setup,operating,0.0,0.0
commit:14,32,commit_setup,operating,0.0,0.0
commit:14,33,commit_setup,operating,0.0,0.0
commit:14,34,commit_setup,operating,0.0,0.0
commit:14,35,commit_setup,operating,0.0,0.0
commit:14,36,commit_setup,operating,0.0,0.0
commit:14,0,commit_fees,capital,0.0,0.0
commit:14,1,commit_fees,operating,0.0,0.0
commit:14,2,commit_fees,operating,0.0,0.0
commit:14,3,commit_fees,operating,0.0,0.0
commit:14,4,commit_fees,operating,0.0,0.0
commit:14,5,commit_fees,operating,0.0,0.0
commit:14,6,commit_fees,operating,0.0,0.0
commit:14,7,commit_fees,operating,0.0,0.0
commit:14,8,commit_fees,operating,0.0,0.0
commit:14,9,commit_fees,operating,0.0,0.0
commit:14,10,commit_fees,operating,0.0,0.0
commit:14,11,commit_fees,operating,0.0,0.0
commit:14,12,commit_fees,operating,0.0,0.0
commit:14,13,commit_fees,operating,0.0,0.0
commit:14,14,commit_fees,operating,0.0,0.0
commit:14,15,commit_fees,operating,0.0,0.0
commit:14,16,commit_fees,operating,0.0,0.0
commit:14,17,commit_fees,operating,0.0,0.0
commit:14,18,commit_fees,operating,0.0,0.0
commit:14,19,commit_fees,operating,0.0,0.0
commit:14,20,commit_fees,operating,0.0,0.0
commit:14,21,commit_fees,operating,0.0,0.0
commit:14,22,commit_fees,operating,0.0,0.0
commit:14,23,commit_fees,operating,0.0,0.0
commit:14,24,commit_fees,operating,0.0,0.0
commit:14,25,commit_fees,operating,0.0,0.0
commit:14,26,commit_fees,operating,0.0,0.0
commit:14,27,commit_fees,operating,0.0,0.0
commit:14,28,commit_fees,operating,0.0,0.0
commit:14,29,commit_fees,operating,0.0,0.0
commit:14,30,commit_fees,operating,0.0,0.0
commit:14,31,commit_fees,operating,0.0,0.0
commit:14,32,commit_fees,operating,0.0,0.0
commit:14,33,commit_fees,operating,0.0,0.0
commit:14,34,commit_fees,operating,0.0,0.0
commit:14,35,commit_fees,operating,0.0,0.0
commit:14,36,commit_fees,operating,0.0,0.0
commit:15,0,on_demand,capital,0.0,0.0
commit:15,1,on_demand,operating,0.0,0.0
commit:15,2,on_demand,operating,0.0,0.0
commit:15,3,on_demand,operating,0.0,0.0
commit:15,4,on_demand,operating,0.0,0.0
commit:15,5,on_demand,operating,0.0,0.0
commit:15,6,on_demand,operating,0.0,0.0
commit:15,7,on_demand,operating,0.0,0.0
commit:15,8,on_demand,operating,0.0,0.0
commit:15,9,on_demand,operating,0.0,0.0
commit:15,10,on_demand,operating,0.0,0.0
commit:15,11,on_demand,operating,0.0,0.0
commit:15,12,on_demand,operating,0.0,0.0
commit:15,13,on_demand,operating,0.0,0.0
commit:15,14,on_demand,operating,0.0,0.0
commit:15,15,on_demand,operating,0.0,0.0
commit:15,16,on_demand,operating,0.0,0.0
commit:15,17,on_demand,operating,0.0,0.0
commit:15,18,on_demand,operating,0.0,0.0
commit:15,19,on_demand,operating,0.0,0.0
commit:15,20,on_demand,operating,0.0,0.0
commit:15,21,on_demand,operating,0.0,0.0
commit:15,22,on_demand,operating,0.0,0.0
commit:15,23,on_demand,operating,0.0,0.0
commit:15,24,on_demand,operating,0.0,0.0
commit:15,25,on_demand,operating,0.0,0.0
commit:15,26,on_demand,operating,0.0,0.0
commit:15,27,on_demand,operating,0.0,0.0
commit:15,28,on_demand,operating,0.0,0.0
commit:15,29,on_demand,operating,0.0,0.0
commit:15,30,on_demand,operating,0.0,0.0
commit:15,31,on_demand,operating,0.0,0.0
commit:15,32,on_demand,operating,0.0,0.0
commit:15,33,on_demand,operating,0.0,0.0
commit:15,34,on_demand,operating,0.0,0.0
commit:15,35,on_demand,operating,0.0,0.0
commit:15,36,on_demand,operating,0.0,0.0
commit:15,0,variable_service,capital,0.0,0.0
commit:15,1,variable_service,operating,0.0,0.0
commit:15,2,variable_service,operating,0.0,0.0
commit:15,3,variable_service,operating,0.0,0.0
commit:15,4,variable_service,operating,0.0,0.0
commit:15,5,variable_service,operating,0.0,0.0
commit:15,6,variable_service,operating,0.0,0.0
commit:15,7,variable_service,operating,0.0,0.0
commit:15,8,variable_service,operating,0.0,0.0
commit:15,9,variable_service,operating,0.0,0.0
commit:15,10,variable_service,operating,0.0,0.0
commit:15,11,variable_service,operating,0.0,0.0
commit:15,12,variable_service,operating,0.0,0.0
commit:15,13,variable_service,operating,0.0,0.0
commit:15,14,variable_service,operating,0.0,0.0
commit:15,15,variable_service,operating,0.0,0.0
commit:15,16,variable_service,operating,0.0,0.0
commit:15,17,variable_service,operating,0.0,0.0
commit:15,18,variable_service,operating,0.0,0.0
commit:15,19,variable_service,operating,0.0,0.0
commit:15,20,variable_service,operating,0.0,0.0
commit:15,21,variable_service,operating,0.0,0.0
commit:15,22,variable_service,operating,0.0,0.0
commit:15,23,variable_service,operating,0.0,0.0
commit:15,24,variable_service,operating,0.0,0.0
commit:15,25,variable_service,operating,0.0,0.0
commit:15,26,variable_service,operating,0.0,0.0
commit:15,27,variable_service,operating,0.0,0.0
commit:15,28,variable_service,operating,0.0,0.0
commit:15,29,variable_service,operating,0.0,0.0
commit:15,30,variable_service,operating,0.0,0.0
commit:15,31,variable_service,operating,0.0,0.0
commit:15,32,variable_service,operating,0.0,0.0
commit:15,33,variable_service,operating,0.0,0.0
commit:15,34,variable_service,operating,0.0,0.0
commit:15,35,variable_service,operating,0.0,0.0
commit:15,36,variable_service,operating,0.0,0.0
commit:15,0,commitment,capital,0.0,0.0
commit:15,1,commitment,operating,446400.0,442868.50435473677
commit:15,2,commitment,operating,432000.0,425191.8837786193
commit:15,3,commitment,operating,446400.0,435889.105631505
commit:15,4,commitment,operating,446400.0,432440.76226601365
commit:15,5,commitment,operating,403200.0,387501.66355862014
commit:15,6,commitment,operating,446400.0,425625.6998392324
commit:15,7,commitment,operating,432000.0,408637.3072813453
commit:15,8,commitment,operating,446400.0,418918.0395815657
commit:15,9,commitment,operating,432000.0,402197.3760768002
commit:15,10,commitment,operating,446400.0,412316.088885491
commit:15,11,commitment,operating,446400.0,409054.23298860237
commit:15,12,commitment,operating,432000.0,392727.2727272727
commit:15,13,commitment,operating,446400.0,402607.73123157886
commit:15,14,commitment,operating,432000.0,386538.0761623811
commit:15,15,commitment,operating,446400.0,396262.82330136816
commit:15,16,commitment,operating,446400.0,393127.96569637605
commit:15,17,commitment,operating,417600.0,364855.4624415579
commit:15,18,commitment,operating,446400.0,386932.45439930214
commit:15,19,commitment,operating,432000.0,371488.46116485936
commit:15,20,commitment,operating,446400.0,380834.581437787
commit:15,21,commitment,operating,432000.0,365633.97825163655
commit:15,22,commitment,operating,446400.0,374832.80807771906
commit:15,23,commitment,operating,446400.0,371867.484535093
commit:15,24,commitment,operating,432000.0,357024.79338842974
commit:15,25,commitment,operating,446400.0,366007.02839234436
commit:15,26,commitment,operating,432000.0,351398.2510567101
commit:15,27,commitment,operating,446400.0,360238.930273971
commit:15,28,commitment,operating,446400.0,357389.05972397816
commit:15,29,commitment,operating,403200.0,320249.3087261323
commit:15,30,commitment,operating,446400.0,351756.77672663826
commit:15,31,commitment,operating,432000.0,337716.78287714487
commit:15,32,commitment,operating,446400.0,346213.2558525336
commit:15,33,commitment,operating,432000.0,332394.5256833059
commit:15,34,commitment,operating,446400.0,340757.0982524718
commit:15,35,commitment,operating,446400.0,338061.3495773573
commit:15,36,commitment,operating,432000.0,324567.9939894815
commit:15,0,commit_setup,capital,0.0,0.0
commit:15,1,commit_setup,operating,0.0,0.0
commit:15,2,commit_setup,operating,0.0,0.0
commit:15,3,commit_setup,operating,0.0,0.0
commit:15,4,commit_setup,operating,0.0,0.0
commit:15,5,commit_setup,operating,0.0,0.0
commit:15,6,commit_setup,operating,0.0,0.0
commit:15,7,commit_setup,operating,0.0,0.0
commit:15,8,commit_setup,operating,0.0,0.0
commit:15,9,commit_setup,operating,0.0,0.0
commit:15,10,commit_setup,operating,0.0,0.0
commit:15,11,commit_setup,operating,0.0,0.0
commit:15,12,commit_setup,operating,0.0,0.0
commit:15,13,commit_setup,operating,0.0,0.0
commit:15,14,commit_setup,operating,0.0,0.0
commit:15,15,commit_setup,operating,0.0,0.0
commit:15,16,commit_setup,operating,0.0,0.0
commit:15,17,commit_setup,operating,0.0,0.0
commit:15,18,commit_setup,operating,0.0,0.0
commit:15,19,commit_setup,operating,0.0,0.0
commit:15,20,commit_setup,operating,0.0,0.0
commit:15,21,commit_setup,operating,0.0,0.0
commit:15,22,commit_setup,operating,0.0,0.0
commit:15,23,commit_setup,operating,0.0,0.0
commit:15,24,commit_setup,operating,0.0,0.0
commit:15,25,commit_setup,operating,0.0,0.0
commit:15,26,commit_setup,operating,0.0,0.0
commit:15,27,commit_setup,operating,0.0,0.0
commit:15,28,commit_setup,operating,0.0,0.0
commit:15,29,commit_setup,operating,0.0,0.0
commit:15,30,commit_setup,operating,0.0,0.0
commit:15,31,commit_setup,operating,0.0,0.0
commit:15,32,commit_setup,operating,0.0,0.0
commit:15,33,commit_setup,operating,0.0,0.0
commit:15,34,commit_setup,operating,0.0,0.0
commit:15,35,commit_setup,operating,0.0,0.0
commit:15,36,commit_setup,operating,0.0,0.0
commit:15,0,commit_fees,capital,0.0,0.0
commit:15,1,commit_fees,operating,0.0,0.0
commit:15,2,commit_fees,operating,0.0,0.0
commit:15,3,commit_fees,operating,0.0,0.0
commit:15,4,commit_fees,operating,0.0,0.0
commit:15,5,commit_fees,operating,0.0,0.0
commit:15,6,commit_fees,operating,0.0,0.0
commit:15,7,commit_fees,operating,0.0,0.0
commit:15,8,commit_fees,operating,0.0,0.0
commit:15,9,commit_fees,operating,0.0,0.0
commit:15,10,commit_fees,operating,0.0,0.0
commit:15,11,commit_fees,operating,0.0,0.0
commit:15,12,commit_fees,operating,0.0,0.0
commit:15,13,commit_fees,operating,0.0,0.0
commit:15,14,commit_fees,operating,0.0,0.0
commit:15,15,commit_fees,operating,0.0,0.0
commit:15,16,commit_fees,operating,0.0,0.0
commit:15,17,commit_fees,operating,0.0,0.0
commit:15,18,commit_fees,operating,0.0,0.0
commit:15,19,commit_fees,operating,0.0,0.0
commit:15,20,commit_fees,operating,0.0,0.0
commit:15,21,commit_fees,operating,0.0,0.0
commit:15,22,commit_fees,operating,0.0,0.0
commit:15,23,commit_fees,operating,0.0,0.0
commit:15,24,commit_fees,operating,0.0,0.0
commit:15,25,commit_fees,operating,0.0,0.0
commit:15,26,commit_fees,operating,0.0,0.0
commit:15,27,commit_fees,operating,0.0,0.0
commit:15,28,commit_fees,operating,0.0,0.0
commit:15,29,commit_fees,operating,0.0,0.0
commit:15,30,commit_fees,operating,0.0,0.0
commit:15,31,commit_fees,operating,0.0,0.0
commit:15,32,commit_fees,operating,0.0,0.0
commit:15,33,commit_fees,operating,0.0,0.0
commit:15,34,commit_fees,operating,0.0,0.0
commit:15,35,commit_fees,operating,0.0,0.0
commit:15,36,commit_fees,operating,0.0,0.0
commit:16,0,on_demand,capital,0.0,0.0
commit:16,1,on_demand,operating,0.0,0.0
commit:16,2,on_demand,operating,0.0,0.0
commit:16,3,on_demand,operating,0.0,0.0
commit:16,4,on_demand,operating,0.0,0.0
commit:16,5,on_demand,operating,0.0,0.0
commit:16,6,on_demand,operating,0.0,0.0
commit:16,7,on_demand,operating,0.0,0.0
commit:16,8,on_demand,operating,0.0,0.0
commit:16,9,on_demand,operating,0.0,0.0
commit:16,10,on_demand,operating,0.0,0.0
commit:16,11,on_demand,operating,0.0,0.0
commit:16,12,on_demand,operating,0.0,0.0
commit:16,13,on_demand,operating,0.0,0.0
commit:16,14,on_demand,operating,0.0,0.0
commit:16,15,on_demand,operating,0.0,0.0
commit:16,16,on_demand,operating,0.0,0.0
commit:16,17,on_demand,operating,0.0,0.0
commit:16,18,on_demand,operating,0.0,0.0
commit:16,19,on_demand,operating,0.0,0.0
commit:16,20,on_demand,operating,0.0,0.0
commit:16,21,on_demand,operating,0.0,0.0
commit:16,22,on_demand,operating,0.0,0.0
commit:16,23,on_demand,operating,0.0,0.0
commit:16,24,on_demand,operating,0.0,0.0
commit:16,25,on_demand,operating,0.0,0.0
commit:16,26,on_demand,operating,0.0,0.0
commit:16,27,on_demand,operating,0.0,0.0
commit:16,28,on_demand,operating,0.0,0.0
commit:16,29,on_demand,operating,0.0,0.0
commit:16,30,on_demand,operating,0.0,0.0
commit:16,31,on_demand,operating,0.0,0.0
commit:16,32,on_demand,operating,0.0,0.0
commit:16,33,on_demand,operating,0.0,0.0
commit:16,34,on_demand,operating,0.0,0.0
commit:16,35,on_demand,operating,0.0,0.0
commit:16,36,on_demand,operating,0.0,0.0
commit:16,0,variable_service,capital,0.0,0.0
commit:16,1,variable_service,operating,0.0,0.0
commit:16,2,variable_service,operating,0.0,0.0
commit:16,3,variable_service,operating,0.0,0.0
commit:16,4,variable_service,operating,0.0,0.0
commit:16,5,variable_service,operating,0.0,0.0
commit:16,6,variable_service,operating,0.0,0.0
commit:16,7,variable_service,operating,0.0,0.0
commit:16,8,variable_service,operating,0.0,0.0
commit:16,9,variable_service,operating,0.0,0.0
commit:16,10,variable_service,operating,0.0,0.0
commit:16,11,variable_service,operating,0.0,0.0
commit:16,12,variable_service,operating,0.0,0.0
commit:16,13,variable_service,operating,0.0,0.0
commit:16,14,variable_service,operating,0.0,0.0
commit:16,15,variable_service,operating,0.0,0.0
commit:16,16,variable_service,operating,0.0,0.0
commit:16,17,variable_service,operating,0.0,0.0
commit:16,18,variable_service,operating,0.0,0.0
commit:16,19,variable_service,operating,0.0,0.0
commit:16,20,variable_service,operating,0.0,0.0
commit:16,21,variable_service,operating,0.0,0.0
commit:16,22,variable_service,operating,0.0,0.0
commit:16,23,variable_service,operating,0.0,0.0
commit:16,24,variable_service,operating,0.0,0.0
commit:16,25,variable_service,operating,0.0,0.0
commit:16,26,variable_service,operating,0.0,0.0
commit:16,27,variable_service,operating,0.0,0.0
commit:16,28,variable_service,operating,0.0,0.0
commit:16,29,variable_service,operating,0.0,0.0
commit:16,30,variable_service,operating,0.0,0.0
commit:16,31,variable_service,operating,0.0,0.0
commit:16,32,variable_service,operating,0.0,0.0
commit:16,33,variable_service,operating,0.0,0.0
commit:16,34,variable_service,operating,0.0,0.0
commit:16,35,variable_service,operating,0.0,0.0
commit:16,36,variable_service,operating,0.0,0.0
commit:16,0,commitment,capital,0.0,0.0
commit:16,1,commitment,operating,476160.0,472393.0713117192
commit:16,2,commitment,operating,460800.0,453538.00936386053
commit:16,3,commitment,operating,476160.0,464948.37934027205
commit:16,4,commitment,operating,476160.0,461270.14641708124
commit:16,5,commitment,operating,430080.0,413335.1077958615
commit:16,6,commitment,operating,476160.0,454000.7464951812
commit:16,7,commitment,operating,460800.0,435879.794433435
commit:16,8,commitment,operating,476160.0,446845.90888700343
commit:16,9,commitment,operating,460800.0,429010.53448192024
commit:16,10,commitment,operating,476160.0,439803.8281445237
commit:16,11,commitment,operating,476160.0,436324.51518784254
commit:16,12,commitment,operating,460800.0,418909.0909090909
commit:16,13,commitment,operating,476160.0,429448.2466470174
commit:16,14,commitment,operating,460800.0,412307.28123987315
commit:16,15,commitment,operating,476160.0,422680.34485479275
commit:16,16,commitment,operating,476160.0,419336.4967428011
commit:16,17,commitment,operating,445440.0,389179.1599376617
commit:16,18,commitment,operating,476160.0,412727.9513592556
commit:16,19,commitment,operating,460800.0,396254.35857585
commit:16,20,commitment,operating,476160.0,406223.5535336394
commit:16,21,commitment,operating,460800.0,390009.5768017457
commit:16,22,commitment,operating,476160.0,399821.661949567
commit:16,23,commitment,operating,476160.0,396658.6501707659
commit:16,24,commitment,operating,460800.0,380826.4462809917
commit:16,25,commitment,operating,476160.0,390407.49695183395
commit:16,26,commitment,operating,460800.0,374824.8011271574
commit:16,27,commitment,operating,476160.0,384254.8589589024
commit:16,28,commitment,operating,476160.0,381214.99703891
commit:16,29,commitment,operating,430080.0,341599.2626412078
commit:16,30,commitment,operating,476160.0,375207.2285084142
commit:16,31,commitment,operating,460800.0,360231.2350689545
commit:16,32,commitment,operating,476160.0,369294.13957603584
commit:16,33,commitment,operating,460800.0,354554.16072885966
commit:16,34,commitment,operating,476160.0,363474.23813596996
commit:16,35,commitment,operating,476160.0,360598.77288251446
commit:16,36,commitment,operating,460800.0,346205.8602554469
commit:16,0,commit_setup,capital,0.0,0.0
commit:16,1,commit_setup,operating,0.0,0.0
commit:16,2,commit_setup,operating,0.0,0.0
commit:16,3,commit_setup,operating,0.0,0.0
commit:16,4,commit_setup,operating,0.0,0.0
commit:16,5,commit_setup,operating,0.0,0.0
commit:16,6,commit_setup,operating,0.0,0.0
commit:16,7,commit_setup,operating,0.0,0.0
commit:16,8,commit_setup,operating,0.0,0.0
commit:16,9,commit_setup,operating,0.0,0.0
commit:16,10,commit_setup,operating,0.0,0.0
commit:16,11,commit_setup,operating,0.0,0.0
commit:16,12,commit_setup,operating,0.0,0.0
commit:16,13,commit_setup,operating,0.0,0.0
commit:16,14,commit_setup,operating,0.0,0.0
commit:16,15,commit_setup,operating,0.0,0.0
commit:16,16,commit_setup,operating,0.0,0.0
commit:16,17,commit_setup,operating,0.0,0.0
commit:16,18,commit_setup,operating,0.0,0.0
commit:16,19,commit_setup,operating,0.0,0.0
commit:16,20,commit_setup,operating,0.0,0.0
commit:16,21,commit_setup,operating,0.0,0.0
commit:16,22,commit_setup,operating,0.0,0.0
commit:16,23,commit_setup,operating,0.0,0.0
commit:16,24,commit_setup,operating,0.0,0.0
commit:16,25,commit_setup,operating,0.0,0.0
commit:16,26,commit_setup,operating,0.0,0.0
commit:16,27,commit_setup,operating,0.0,0.0
commit:16,28,commit_setup,operating,0.0,0.0
commit:16,29,commit_setup,operating,0.0,0.0
commit:16,30,commit_setup,operating,0.0,0.0
commit:16,31,commit_setup,operating,0.0,0.0
commit:16,32,commit_setup,operating,0.0,0.0
commit:16,33,commit_setup,operating,0.0,0.0
commit:16,34,commit_setup,operating,0.0,0.0
commit:16,35,commit_setup,operating,0.0,0.0
commit:16,36,commit_setup,operating,0.0,0.0
commit:16,0,commit_fees,capital,0.0,0.0
commit:16,1,commit_fees,operating,0.0,0.0
commit:16,2,commit_fees,operating,0.0,0.0
commit:16,3,commit_fees,operating,0.0,0.0
commit:16,4,commit_fees,operating,0.0,0.0
commit:16,5,commit_fees,operating,0.0,0.0
commit:16,6,commit_fees,operating,0.0,0.0
commit:16,7,commit_fees,operating,0.0,0.0
commit:16,8,commit_fees,operating,0.0,0.0
commit:16,9,commit_fees,operating,0.0,0.0
commit:16,10,commit_fees,operating,0.0,0.0
commit:16,11,commit_fees,operating,0.0,0.0
commit:16,12,commit_fees,operating,0.0,0.0
commit:16,13,commit_fees,operating,0.0,0.0
commit:16,14,commit_fees,operating,0.0,0.0
commit:16,15,commit_fees,operating,0.0,0.0
commit:16,16,commit_fees,operating,0.0,0.0
commit:16,17,commit_fees,operating,0.0,0.0
commit:16,18,commit_fees,operating,0.0,0.0
commit:16,19,commit_fees,operating,0.0,0.0
commit:16,20,commit_fees,operating,0.0,0.0
commit:16,21,commit_fees,operating,0.0,0.0
commit:16,22,commit_fees,operating,0.0,0.0
commit:16,23,commit_fees,operating,0.0,0.0
commit:16,24,commit_fees,operating,0.0,0.0
commit:16,25,commit_fees,operating,0.0,0.0
commit:16,26,commit_fees,operating,0.0,0.0
commit:16,27,commit_fees,operating,0.0,0.0
commit:16,28,commit_fees,operating,0.0,0.0
commit:16,29,commit_fees,operating,0.0,0.0
commit:16,30,commit_fees,operating,0.0,0.0
commit:16,31,commit_fees,operating,0.0,0.0
commit:16,32,commit_fees,operating,0.0,0.0
commit:16,33,commit_fees,operating,0.0,0.0
commit:16,34,commit_fees,operating,0.0,0.0
commit:16,35,commit_fees,operating,0.0,0.0
commit:16,36,commit_fees,operating,0.0,0.0
commit:17,0,on_demand,capital,0.0,0.0
commit:17,1,on_demand,operating,0.0,0.0
commit:17,2,on_demand,operating,0.0,0.0
commit:17,3,on_demand,operating,0.0,0.0
commit:17,4,on_demand,operating,0.0,0.0
commit:17,5,on_demand,operating,0.0,0.0
commit:17,6,on_demand,operating,0.0,0.0
commit:17,7,on_demand,operating,0.0,0.0
commit:17,8,on_demand,operating,0.0,0.0
commit:17,9,on_demand,operating,0.0,0.0
commit:17,10,on_demand,operating,0.0,0.0
commit:17,11,on_demand,operating,0.0,0.0
commit:17,12,on_demand,operating,0.0,0.0
commit:17,13,on_demand,operating,0.0,0.0
commit:17,14,on_demand,operating,0.0,0.0
commit:17,15,on_demand,operating,0.0,0.0
commit:17,16,on_demand,operating,0.0,0.0
commit:17,17,on_demand,operating,0.0,0.0
commit:17,18,on_demand,operating,0.0,0.0
commit:17,19,on_demand,operating,0.0,0.0
commit:17,20,on_demand,operating,0.0,0.0
commit:17,21,on_demand,operating,0.0,0.0
commit:17,22,on_demand,operating,0.0,0.0
commit:17,23,on_demand,operating,0.0,0.0
commit:17,24,on_demand,operating,0.0,0.0
commit:17,25,on_demand,operating,0.0,0.0
commit:17,26,on_demand,operating,0.0,0.0
commit:17,27,on_demand,operating,0.0,0.0
commit:17,28,on_demand,operating,0.0,0.0
commit:17,29,on_demand,operating,0.0,0.0
commit:17,30,on_demand,operating,0.0,0.0
commit:17,31,on_demand,operating,0.0,0.0
commit:17,32,on_demand,operating,0.0,0.0
commit:17,33,on_demand,operating,0.0,0.0
commit:17,34,on_demand,operating,0.0,0.0
commit:17,35,on_demand,operating,0.0,0.0
commit:17,36,on_demand,operating,0.0,0.0
commit:17,0,variable_service,capital,0.0,0.0
commit:17,1,variable_service,operating,0.0,0.0
commit:17,2,variable_service,operating,0.0,0.0
commit:17,3,variable_service,operating,0.0,0.0
commit:17,4,variable_service,operating,0.0,0.0
commit:17,5,variable_service,operating,0.0,0.0
commit:17,6,variable_service,operating,0.0,0.0
commit:17,7,variable_service,operating,0.0,0.0
commit:17,8,variable_service,operating,0.0,0.0
commit:17,9,variable_service,operating,0.0,0.0
commit:17,10,variable_service,operating,0.0,0.0
commit:17,11,variable_service,operating,0.0,0.0
commit:17,12,variable_service,operating,0.0,0.0
commit:17,13,variable_service,operating,0.0,0.0
commit:17,14,variable_service,operating,0.0,0.0
commit:17,15,variable_service,operating,0.0,0.0
commit:17,16,variable_service,operating,0.0,0.0
commit:17,17,variable_service,operating,0.0,0.0
commit:17,18,variable_service,operating,0.0,0.0
commit:17,19,variable_service,operating,0.0,0.0
commit:17,20,variable_service,operating,0.0,0.0
commit:17,21,variable_service,operating,0.0,0.0
commit:17,22,variable_service,operating,0.0,0.0
commit:17,23,variable_service,operating,0.0,0.0
commit:17,24,variable_service,operating,0.0,0.0
commit:17,25,variable_service,operating,0.0,0.0
commit:17,26,variable_service,operating,0.0,0.0
commit:17,27,variable_service,operating,0.0,0.0
commit:17,28,variable_service,operating,0.0,0.0
commit:17,29,variable_service,operating,0.0,0.0
commit:17,30,variable_service,operating,0.0,0.0
commit:17,31,variable_service,operating,0.0,0.0
commit:17,32,variable_service,operating,0.0,0.0
commit:17,33,variable_service,operating,0.0,0.0
commit:17,34,variable_service,operating,0.0,0.0
commit:17,35,variable_service,operating,0.0,0.0
commit:17,36,variable_service,operating,0.0,0.0
commit:17,0,commitment,capital,0.0,0.0
commit:17,1,commitment,operating,505920.0,501917.6382687017
commit:17,2,commitment,operating,489600.0,481884.13494910183
commit:17,3,commitment,operating,505920.0,494007.653049039
commit:17,4,commitment,operating,505920.0,490099.53056814877
commit:17,5,commitment,operating,456960.0,439168.55203310284
commit:17,6,commitment,operating,505920.0,482375.79315113
commit:17,7,commitment,operating,489600.0,463122.2815855247
commit:17,8,commitment,operating,505920.0,474773.77819244115
commit:17,9,commitment,operating,489600.0,455823.69288704026
commit:17,10,commitment,operating,505920.0,467291.56740355643
commit:17,11,commitment,operating,505920.0,463594.7973870827
commit:17,12,commitment,operating,489600.0,445090.90909090906
commit:17,13,commitment,operating,505920.0,456288.76206245605
commit:17,14,commitment,operating,489600.0,438076.48631736526
commit:17,15,commitment,operating,505920.0,449097.8664082173
commit:17,16,commitment,operating,505920.0,445545.02778922615
commit:17,17,commitment,operating,473280.0,413502.8574337656
commit:17,18,commitment,operating,505920.0,438523.4483192091
commit:17,19,commitment,operating,489600.0,421020.25598684064
commit:17,20,commitment,operating,505920.0,431612.5256294919
commit:17,21,commitment,operating,489600.0,414385.17535185476
commit:17,22,commitment,operating,505920.0,424810.51582141494
commit:17,23,commitment,operating,505920.0,421449.81580643874
commit:17,24,commitment,operating,489600.0,404628.0991735537
commit:17,25,commitment,operating,505920.0,414807.9655113236
commit:17,26,commitment,operating,489600.0,398251.3511976048
commit:17,27,commitment,operating,505920.0,408270.7876438338
commit:17,28,commitment,operating,505920.0,405040.9343538419
commit:17,29,commitment,operating,456960.0,362949.2165562833
commit:17,30,commitment,operating,505920.0,398657.68029019004
commit:17,31,commitment,operating,489600.0,382745.6872607642
commit:17,32,commitment,operating,505920.0,392375.02329953806
commit:17,33,commitment,operating,489600.0,376713.7957744134
commit:17,34,commitment,operating,505920.0,386191.3780194681
commit:17,35,commitment,operating,505920.0,383136.19618767156
commit:17,36,commitment,operating,489600.0,367843.7265214124
commit:17,0,commit_setup,capital,0.0,0.0
commit:17,1,commit_setup,operating,0.0,0.0
commit:17,2,commit_setup,operating,0.0,0.0
commit:17,3,commit_setup,operating,0.0,0.0
commit:17,4,commit_setup,operating,0.0,0.0
commit:17,5,commit_setup,operating,0.0,0.0
commit:17,6,commit_setup,operating,0.0,0.0
commit:17,7,commit_setup,operating,0.0,0.0
commit:17,8,commit_setup,operating,0.0,0.0
commit:17,9,commit_setup,operating,0.0,0.0
commit:17,10,commit_setup,operating,0.0,0.0
commit:17,11,commit_setup,operating,0.0,0.0
commit:17,12,commit_setup,operating,0.0,0.0
commit:17,13,commit_setup,operating,0.0,0.0
commit:17,14,commit_setup,operating,0.0,0.0
commit:17,15,commit_setup,operating,0.0,0.0
commit:17,16,commit_setup,operating,0.0,0.0
commit:17,17,commit_setup,operating,0.0,0.0
commit:17,18,commit_setup,operating,0.0,0.0
commit:17,19,commit_setup,operating,0.0,0.0
commit:17,20,commit_setup,operating,0.0,0.0
commit:17,21,commit_setup,operating,0.0,0.0
commit:17,22,commit_setup,operating,0.0,0.0
commit:17,23,commit_setup,operating,0.0,0.0
commit:17,24,commit_setup,operating,0.0,0.0
commit:17,25,commit_setup,operating,0.0,0.0
commit:17,26,commit_setup,operating,0.0,0.0
commit:17,27,commit_setup,operating,0.0,0.0
commit:17,28,commit_setup,operating,0.0,0.0
commit:17,29,commit_setup,operating,0.0,0.0
commit:17,30,commit_setup,operating,0.0,0.0
commit:17,31,commit_setup,operating,0.0,0.0
commit:17,32,commit_setup,operating,0.0,0.0
commit:17,33,commit_setup,operating,0.0,0.0
commit:17,34,commit_setup,operating,0.0,0.0
commit:17,35,commit_setup,operating,0.0,0.0
commit:17,36,commit_setup,operating,0.0,0.0
commit:17,0,commit_fees,capital,0.0,0.0
commit:17,1,commit_fees,operating,0.0,0.0
commit:17,2,commit_fees,operating,0.0,0.0
commit:17,3,commit_fees,operating,0.0,0.0
commit:17,4,commit_fees,operating,0.0,0.0
commit:17,5,commit_fees,operating,0.0,0.0
commit:17,6,commit_fees,operating,0.0,0.0
commit:17,7,commit_fees,operating,0.0,0.0
commit:17,8,commit_fees,operating,0.0,0.0
commit:17,9,commit_fees,operating,0.0,0.0
commit:17,10,commit_fees,operating,0.0,0.0
commit:17,11,commit_fees,operating,0.0,0.0
commit:17,12,commit_fees,operating,0.0,0.0
commit:17,13,commit_fees,operating,0.0,0.0
commit:17,14,commit_fees,operating,0.0,0.0
commit:17,15,commit_fees,operating,0.0,0.0
commit:17,16,commit_fees,operating,0.0,0.0
commit:17,17,commit_fees,operating,0.0,0.0
commit:17,18,commit_fees,operating,0.0,0.0
commit:17,19,commit_fees,operating,0.0,0.0
commit:17,20,commit_fees,operating,0.0,0.0
commit:17,21,commit_fees,operating,0.0,0.0
commit:17,22,commit_fees,operating,0.0,0.0
commit:17,23,commit_fees,operating,0.0,0.0
commit:17,24,commit_fees,operating,0.0,0.0
commit:17,25,commit_fees,operating,0.0,0.0
commit:17,26,commit_fees,operating,0.0,0.0
commit:17,27,commit_fees,operating,0.0,0.0
commit:17,28,commit_fees,operating,0.0,0.0
commit:17,29,commit_fees,operating,0.0,0.0
commit:17,30,commit_fees,operating,0.0,0.0
commit:17,31,commit_fees,operating,0.0,0.0
commit:17,32,commit_fees,operating,0.0,0.0
commit:17,33,commit_fees,operating,0.0,0.0
commit:17,34,commit_fees,operating,0.0,0.0
commit:17,35,commit_fees,operating,0.0,0.0
commit:17,36,commit_fees,operating,0.0,0.0
commit:18,0,on_demand,capital,0.0,0.0
commit:18,1,on_demand,operating,0.0,0.0
commit:18,2,on_demand,operating,0.0,0.0
commit:18,3,on_demand,operating,0.0,0.0
commit:18,4,on_demand,operating,0.0,0.0
commit:18,5,on_demand,operating,0.0,0.0
commit:18,6,on_demand,operating,0.0,0.0
commit:18,7,on_demand,operating,0.0,0.0
commit:18,8,on_demand,operating,0.0,0.0
commit:18,9,on_demand,operating,0.0,0.0
commit:18,10,on_demand,operating,0.0,0.0
commit:18,11,on_demand,operating,0.0,0.0
commit:18,12,on_demand,operating,0.0,0.0
commit:18,13,on_demand,operating,0.0,0.0
commit:18,14,on_demand,operating,0.0,0.0
commit:18,15,on_demand,operating,0.0,0.0
commit:18,16,on_demand,operating,0.0,0.0
commit:18,17,on_demand,operating,0.0,0.0
commit:18,18,on_demand,operating,0.0,0.0
commit:18,19,on_demand,operating,0.0,0.0
commit:18,20,on_demand,operating,0.0,0.0
commit:18,21,on_demand,operating,0.0,0.0
commit:18,22,on_demand,operating,0.0,0.0
commit:18,23,on_demand,operating,0.0,0.0
commit:18,24,on_demand,operating,0.0,0.0
commit:18,25,on_demand,operating,0.0,0.0
commit:18,26,on_demand,operating,0.0,0.0
commit:18,27,on_demand,operating,0.0,0.0
commit:18,28,on_demand,operating,0.0,0.0
commit:18,29,on_demand,operating,0.0,0.0
commit:18,30,on_demand,operating,0.0,0.0
commit:18,31,on_demand,operating,0.0,0.0
commit:18,32,on_demand,operating,0.0,0.0
commit:18,33,on_demand,operating,0.0,0.0
commit:18,34,on_demand,operating,0.0,0.0
commit:18,35,on_demand,operating,0.0,0.0
commit:18,36,on_demand,operating,0.0,0.0
commit:18,0,variable_service,capital,0.0,0.0
commit:18,1,variable_service,operating,0.0,0.0
commit:18,2,variable_service,operating,0.0,0.0
commit:18,3,variable_service,operating,0.0,0.0
commit:18,4,variable_service,operating,0.0,0.0
commit:18,5,variable_service,operating,0.0,0.0
commit:18,6,variable_service,operating,0.0,0.0
commit:18,7,variable_service,operating,0.0,0.0
commit:18,8,variable_service,operating,0.0,0.0
commit:18,9,variable_service,operating,0.0,0.0
commit:18,10,variable_service,operating,0.0,0.0
commit:18,11,variable_service,operating,0.0,0.0
commit:18,12,variable_service,operating,0.0,0.0
commit:18,13,variable_service,operating,0.0,0.0
commit:18,14,variable_service,operating,0.0,0.0
commit:18,15,variable_service,operating,0.0,0.0
commit:18,16,variable_service,operating,0.0,0.0
commit:18,17,variable_service,operating,0.0,0.0
commit:18,18,variable_service,operating,0.0,0.0
commit:18,19,variable_service,operating,0.0,0.0
commit:18,20,variable_service,operating,0.0,0.0
commit:18,21,variable_service,operating,0.0,0.0
commit:18,22,variable_service,operating,0.0,0.0
commit:18,23,variable_service,operating,0.0,0.0
commit:18,24,variable_service,operating,0.0,0.0
commit:18,25,variable_service,operating,0.0,0.0
commit:18,26,variable_service,operating,0.0,0.0
commit:18,27,variable_service,operating,0.0,0.0
commit:18,28,variable_service,operating,0.0,0.0
commit:18,29,variable_service,operating,0.0,0.0
commit:18,30,variable_service,operating,0.0,0.0
commit:18,31,variable_service,operating,0.0,0.0
commit:18,32,variable_service,operating,0.0,0.0
commit:18,33,variable_service,operating,0.0,0.0
commit:18,34,variable_service,operating,0.0,0.0
commit:18,35,variable_service,operating,0.0,0.0
commit:18,36,variable_service,operating,0.0,0.0
commit:18,0,commitment,capital,0.0,0.0
commit:18,1,commitment,operating,535680.0,531442.2052256841
commit:18,2,commitment,operating,518400.0,510230.26053434314
commit:18,3,commitment,operating,535680.0,523066.92675780604
commit:18,4,commitment,operating,535680.0,518928.91471921635
commit:18,5,commitment,operating,483840.0,465001.9962703442
commit:18,6,commitment,operating,535680.0,510750.8398070788
commit:18,7,commitment,operating,518400.0,490364.7687376144
commit:18,8,commitment,operating,535680.0,502701.6474978789
commit:18,9,commitment,operating,518400.0,482636.8512921603
commit:18,10,commitment,operating,535680.0,494779.3066625892
commit:18,11,commitment,operating,535680.0,490865.0795863228
commit:18,12,commitment,operating,518400.0,471272.72727272724
commit:18,13,commitment,operating,535680.0,483129.2774778946
commit:18,14,commitment,operating,518400.0,463845.6913948573
commit:18,15,commitment,operating,535680.0,475515.3879616418
commit:18,16,commitment,operating,535680.0,471753.5588356512
commit:18,17,commitment,operating,501120.0,437826.5549298695
commit:18,18,commitment,operating,535680.0,464318.94527916255
commit:18,19,commitment,operating,518400.0,445786.15339783125
commit:18,20,commitment,operating,535680.0,457001.4977253444
commit:18,21,commitment,operating,518400.0,438760.7739019639
commit:18,22,commitment,operating,535680.0,449799.36969326285
commit:18,23,commitment,operating,535680.0,446240.9814421116
commit:18,24,commitment,operating,518400.0,428429.7520661157
commit:18,25,commitment,operating,535680.0,439208.43407081324
commit:18,26,commitment,operating,518400.0,421677.9012680521
commit:18,27,commitment,operating,535680.0,432286.7163287652
commit:18,28,commitment,operating,535680.0,428866.87166877376
commit:18,29,commitment,operating,483840.0,384299.17047135875
commit:18,30,commitment,operating,535680.0,422108.13207196596
commit:18,31,commitment,operating,518400.0,405260.13945257384
commit:18,32,commitment,operating,535680.0,415455.9070230403
commit:18,33,commitment,operating,518400.0,398873.4308199671
commit:18,34,commitment,operating,535680.0,408908.51790296624
commit:18,35,commitment,operating,535680.0,405673.61949282873
commit:18,36,commitment,operating,518400.0,389481.59278737777
commit:18,0,commit_setup,capital,0.0,0.0
commit:18,1,commit_setup,operating,0.0,0.0
commit:18,2,commit_setup,operating,0.0,0.0
commit:18,3,commit_setup,operating,0.0,0.0
commit:18,4,commit_setup,operating,0.0,0.0
commit:18,5,commit_setup,operating,0.0,0.0
commit:18,6,commit_setup,operating,0.0,0.0
commit:18,7,commit_setup,operating,0.0,0.0
commit:18,8,commit_setup,operating,0.0,0.0
commit:18,9,commit_setup,operating,0.0,0.0
commit:18,10,commit_setup,operating,0.0,0.0
commit:18,11,commit_setup,operating,0.0,0.0
commit:18,12,commit_setup,operating,0.0,0.0
commit:18,13,commit_setup,operating,0.0,0.0
commit:18,14,commit_setup,operating,0.0,0.0
commit:18,15,commit_setup,operating,0.0,0.0
commit:18,16,commit_setup,operating,0.0,0.0
commit:18,17,commit_setup,operating,0.0,0.0
commit:18,18,commit_setup,operating,0.0,0.0
commit:18,19,commit_setup,operating,0.0,0.0
commit:18,20,commit_setup,operating,0.0,0.0
commit:18,21,commit_setup,operating,0.0,0.0
commit:18,22,commit_setup,operating,0.0,0.0
commit:18,23,commit_setup,operating,0.0,0.0
commit:18,24,commit_setup,operating,0.0,0.0
commit:18,25,commit_setup,operating,0.0,0.0
commit:18,26,commit_setup,operating,0.0,0.0
commit:18,27,commit_setup,operating,0.0,0.0
commit:18,28,commit_setup,operating,0.0,0.0
commit:18,29,commit_setup,operating,0.0,0.0
commit:18,30,commit_setup,operating,0.0,0.0
commit:18,31,commit_setup,operating,0.0,0.0
commit:18,32,commit_setup,operating,0.0,0.0
commit:18,33,commit_setup,operating,0.0,0.0
commit:18,34,commit_setup,operating,0.0,0.0
commit:18,35,commit_setup,operating,0.0,0.0
commit:18,36,commit_setup,operating,0.0,0.0
commit:18,0,commit_fees,capital,0.0,0.0
commit:18,1,commit_fees,operating,0.0,0.0
commit:18,2,commit_fees,operating,0.0,0.0
commit:18,3,commit_fees,operating,0.0,0.0
commit:18,4,commit_fees,operating,0.0,0.0
commit:18,5,commit_fees,operating,0.0,0.0
commit:18,6,commit_fees,operating,0.0,0.0
commit:18,7,commit_fees,operating,0.0,0.0
commit:18,8,commit_fees,operating,0.0,0.0
commit:18,9,commit_fees,operating,0.0,0.0
commit:18,10,commit_fees,operating,0.0,0.0
commit:18,11,commit_fees,operating,0.0,0.0
commit:18,12,commit_fees,operating,0.0,0.0
commit:18,13,commit_fees,operating,0.0,0.0
commit:18,14,commit_fees,operating,0.0,0.0
commit:18,15,commit_fees,operating,0.0,0.0
commit:18,16,commit_fees,operating,0.0,0.0
commit:18,17,commit_fees,operating,0.0,0.0
commit:18,18,commit_fees,operating,0.0,0.0
commit:18,19,commit_fees,operating,0.0,0.0
commit:18,20,commit_fees,operating,0.0,0.0
commit:18,21,commit_fees,operating,0.0,0.0
commit:18,22,commit_fees,operating,0.0,0.0
commit:18,23,commit_fees,operating,0.0,0.0
commit:18,24,commit_fees,operating,0.0,0.0
commit:18,25,commit_fees,operating,0.0,0.0
commit:18,26,commit_fees,operating,0.0,0.0
commit:18,27,commit_fees,operating,0.0,0.0
commit:18,28,commit_fees,operating,0.0,0.0
commit:18,29,commit_fees,operating,0.0,0.0
commit:18,30,commit_fees,operating,0.0,0.0
commit:18,31,commit_fees,operating,0.0,0.0
commit:18,32,commit_fees,operating,0.0,0.0
commit:18,33,commit_fees,operating,0.0,0.0
commit:18,34,commit_fees,operating,0.0,0.0
commit:18,35,commit_fees,operating,0.0,0.0
commit:18,36,commit_fees,operating,0.0,0.0
commit:19,0,on_demand,capital,0.0,0.0
commit:19,1,on_demand,operating,0.0,0.0
commit:19,2,on_demand,operating,0.0,0.0
commit:19,3,on_demand,operating,0.0,0.0
commit:19,4,on_demand,operating,0.0,0.0
commit:19,5,on_demand,operating,0.0,0.0
commit:19,6,on_demand,operating,0.0,0.0
commit:19,7,on_demand,operating,0.0,0.0
commit:19,8,on_demand,operating,0.0,0.0
commit:19,9,on_demand,operating,0.0,0.0
commit:19,10,on_demand,operating,0.0,0.0
commit:19,11,on_demand,operating,0.0,0.0
commit:19,12,on_demand,operating,0.0,0.0
commit:19,13,on_demand,operating,0.0,0.0
commit:19,14,on_demand,operating,0.0,0.0
commit:19,15,on_demand,operating,0.0,0.0
commit:19,16,on_demand,operating,0.0,0.0
commit:19,17,on_demand,operating,0.0,0.0
commit:19,18,on_demand,operating,0.0,0.0
commit:19,19,on_demand,operating,0.0,0.0
commit:19,20,on_demand,operating,0.0,0.0
commit:19,21,on_demand,operating,0.0,0.0
commit:19,22,on_demand,operating,0.0,0.0
commit:19,23,on_demand,operating,0.0,0.0
commit:19,24,on_demand,operating,0.0,0.0
commit:19,25,on_demand,operating,0.0,0.0
commit:19,26,on_demand,operating,0.0,0.0
commit:19,27,on_demand,operating,0.0,0.0
commit:19,28,on_demand,operating,0.0,0.0
commit:19,29,on_demand,operating,0.0,0.0
commit:19,30,on_demand,operating,0.0,0.0
commit:19,31,on_demand,operating,0.0,0.0
commit:19,32,on_demand,operating,0.0,0.0
commit:19,33,on_demand,operating,0.0,0.0
commit:19,34,on_demand,operating,0.0,0.0
commit:19,35,on_demand,operating,0.0,0.0
commit:19,36,on_demand,operating,0.0,0.0
commit:19,0,variable_service,capital,0.0,0.0
commit:19,1,variable_service,operating,0.0,0.0
commit:19,2,variable_service,operating,0.0,0.0
commit:19,3,variable_service,operating,0.0,0.0
commit:19,4,variable_service,operating,0.0,0.0
commit:19,5,variable_service,operating,0.0,0.0
commit:19,6,variable_service,operating,0.0,0.0
commit:19,7,variable_service,operating,0.0,0.0
commit:19,8,variable_service,operating,0.0,0.0
commit:19,9,variable_service,operating,0.0,0.0
commit:19,10,variable_service,operating,0.0,0.0
commit:19,11,variable_service,operating,0.0,0.0
commit:19,12,variable_service,operating,0.0,0.0
commit:19,13,variable_service,operating,0.0,0.0
commit:19,14,variable_service,operating,0.0,0.0
commit:19,15,variable_service,operating,0.0,0.0
commit:19,16,variable_service,operating,0.0,0.0
commit:19,17,variable_service,operating,0.0,0.0
commit:19,18,variable_service,operating,0.0,0.0
commit:19,19,variable_service,operating,0.0,0.0
commit:19,20,variable_service,operating,0.0,0.0
commit:19,21,variable_service,operating,0.0,0.0
commit:19,22,variable_service,operating,0.0,0.0
commit:19,23,variable_service,operating,0.0,0.0
commit:19,24,variable_service,operating,0.0,0.0
commit:19,25,variable_service,operating,0.0,0.0
commit:19,26,variable_service,operating,0.0,0.0
commit:19,27,variable_service,operating,0.0,0.0
commit:19,28,variable_service,operating,0.0,0.0
commit:19,29,variable_service,operating,0.0,0.0
commit:19,30,variable_service,operating,0.0,0.0
commit:19,31,variable_service,operating,0.0,0.0
commit:19,32,variable_service,operating,0.0,0.0
commit:19,33,variable_service,operating,0.0,0.0
commit:19,34,variable_service,operating,0.0,0.0
commit:19,35,variable_service,operating,0.0,0.0
commit:19,36,variable_service,operating,0.0,0.0
commit:19,0,commitment,capital,0.0,0.0
commit:19,1,commitment,operating,565440.0,560966.7721826666
commit:19,2,commitment,operating,547200.0,538576.3861195844
commit:19,3,commitment,operating,565440.0,552126.200466573
commit:19,4,commitment,operating,565440.0,547758.298870284
commit:19,5,commitment,operating,510720.0,490835.4405075855
commit:19,6,commitment,operating,565440.0,539125.8864630277
commit:19,7,commitment,operating,547200.0,517607.25588970404
commit:19,8,commitment,operating,565440.0,530629.5168033165
commit:19,9,commitment,operating,547200.0,509450.0096972803
commit:19,10,commitment,operating,565440.0,522267.0459216219
commit:19,11,commitment,operating,565440.0,518135.361785563
commit:19,12,commitment,operating,547200.0,497454.5454545454
commit:19,13,commitment,operating,565440.0,509969.79289333324
commit:19,14,commitment,operating,547200.0,489614.89647234936
commit:19,15,commitment,operating,565440.0,501932.90951506636
commit:19,16,commitment,operating,565440.0,497962.0898820763
commit:19,17,commitment,operating,528960.0,462150.2524259733
commit:19,18,commitment,operating,565440.0,490114.442239116
commit:19,19,commitment,operating,547200.0,470552.05080882186
commit:19,20,commitment,operating,565440.0,482390.4698211968
commit:19,21,commitment,operating,547200.0,463136.372452073
commit:19,22,commitment,operating,565440.0,474788.22356511076
commit:19,23,commitment,operating,565440.0,471032.14707778447
commit:19,24,commitment,operating,547200.0,452231.40495867765
commit:19,25,commitment,operating,565440.0,463608.9026303028
commit:19,26,commitment,operating,547200.0,445104.45133849944
commit:19,27,commitment,operating,565440.0,456302.64501369663
commit:19,28,commitment,operating,565440.0,452692.80898370565
commit:19,29,commitment,operating,510720.0,405649.12438643427
commit:19,30,commitment,operating,565440.0,445558.5838537418
commit:19,31,commitment,operating,547200.0,427774.5916443835
commit:19,32,commitment,operating,565440.0,438536.79074654257
commit:19,33,commitment,operating,547200.0,421033.06586552085
commit:19,34,commitment,operating,565440.0,431625.6577864643
commit:19,35,commitment,operating,565440.0,428211.0427979859
commit:19,36,commitment,operating,547200.0,411119.4590533432
commit:19,0,commit_setup,capital,0.0,0.0
commit:19,1,commit_setup,operating,0.0,0.0
commit:19,2,commit_setup,operating,0.0,0.0
commit:19,3,commit_setup,operating,0.0,0.0
commit:19,4,commit_setup,operating,0.0,0.0
commit:19,5,commit_setup,operating,0.0,0.0
commit:19,6,commit_setup,operating,0.0,0.0
commit:19,7,commit_setup,operating,0.0,0.0
commit:19,8,commit_setup,operating,0.0,0.0
commit:19,9,commit_setup,operating,0.0,0.0
commit:19,10,commit_setup,operating,0.0,0.0
commit:19,11,commit_setup,operating,0.0,0.0
commit:19,12,commit_setup,operating,0.0,0.0
commit:19,13,commit_setup,operating,0.0,0.0
commit:19,14,commit_setup,operating,0.0,0.0
commit:19,15,commit_setup,operating,0.0,0.0
commit:19,16,commit_setup,operating,0.0,0.0
commit:19,17,commit_setup,operating,0.0,0.0
commit:19,18,commit_setup,operating,0.0,0.0
commit:19,19,commit_setup,operating,0.0,0.0
commit:19,20,commit_setup,operating,0.0,0.0
commit:19,21,commit_setup,operating,0.0,0.0
commit:19,22,commit_setup,operating,0.0,0.0
commit:19,23,commit_setup,operating,0.0,0.0
commit:19,24,commit_setup,operating,0.0,0.0
commit:19,25,commit_setup,operating,0.0,0.0
commit:19,26,commit_setup,operating,0.0,0.0
commit:19,27,commit_setup,operating,0.0,0.0
commit:19,28,commit_setup,operating,0.0,0.0
commit:19,29,commit_setup,operating,0.0,0.0
commit:19,30,commit_setup,operating,0.0,0.0
commit:19,31,commit_setup,operating,0.0,0.0
commit:19,32,commit_setup,operating,0.0,0.0
commit:19,33,commit_setup,operating,0.0,0.0
commit:19,34,commit_setup,operating,0.0,0.0
commit:19,35,commit_setup,operating,0.0,0.0
commit:19,36,commit_setup,operating,0.0,0.0
commit:19,0,commit_fees,capital,0.0,0.0
commit:19,1,commit_fees,operating,0.0,0.0
commit:19,2,commit_fees,operating,0.0,0.0
commit:19,3,commit_fees,operating,0.0,0.0
commit:19,4,commit_fees,operating,0.0,0.0
commit:19,5,commit_fees,operating,0.0,0.0
commit:19,6,commit_fees,operating,0.0,0.0
commit:19,7,commit_fees,operating,0.0,0.0
commit:19,8,commit_fees,operating,0.0,0.0
commit:19,9,commit_fees,operating,0.0,0.0
commit:19,10,commit_fees,operating,0.0,0.0
commit:19,11,commit_fees,operating,0.0,0.0
commit:19,12,commit_fees,operating,0.0,0.0
commit:19,13,commit_fees,operating,0.0,0.0
commit:19,14,commit_fees,operating,0.0,0.0
commit:19,15,commit_fees,operating,0.0,0.0
commit:19,16,commit_fees,operating,0.0,0.0
commit:19,17,commit_fees,operating,0.0,0.0
commit:19,18,commit_fees,operating,0.0,0.0
commit:19,19,commit_fees,operating,0.0,0.0
commit:19,20,commit_fees,operating,0.0,0.0
commit:19,21,commit_fees,operating,0.0,0.0
commit:19,22,commit_fees,operating,0.0,0.0
commit:19,23,commit_fees,operating,0.0,0.0
commit:19,24,commit_fees,operating,0.0,0.0
commit:19,25,commit_fees,operating,0.0,0.0
commit:19,26,commit_fees,operating,0.0,0.0
commit:19,27,commit_fees,operating,0.0,0.0
commit:19,28,commit_fees,operating,0.0,0.0
commit:19,29,commit_fees,operating,0.0,0.0
commit:19,30,commit_fees,operating,0.0,0.0
commit:19,31,commit_fees,operating,0.0,0.0
commit:19,32,commit_fees,operating,0.0,0.0
commit:19,33,commit_fees,operating,0.0,0.0
commit:19,34,commit_fees,operating,0.0,0.0
commit:19,35,commit_fees,operating,0.0,0.0
commit:19,36,commit_fees,operating,0.0,0.0
commit:20,0,on_demand,capital,0.0,0.0
commit:20,1,on_demand,operating,0.0,0.0
commit:20,2,on_demand,operating,0.0,0.0
commit:20,3,on_demand,operating,0.0,0.0
commit:20,4,on_demand,operating,0.0,0.0
commit:20,5,on_demand,operating,0.0,0.0
commit:20,6,on_demand,operating,0.0,0.0
commit:20,7,on_demand,operating,0.0,0.0
commit:20,8,on_demand,operating,0.0,0.0
commit:20,9,on_demand,operating,0.0,0.0
commit:20,10,on_demand,operating,0.0,0.0
commit:20,11,on_demand,operating,0.0,0.0
commit:20,12,on_demand,operating,0.0,0.0
commit:20,13,on_demand,operating,0.0,0.0
commit:20,14,on_demand,operating,0.0,0.0
commit:20,15,on_demand,operating,0.0,0.0
commit:20,16,on_demand,operating,0.0,0.0
commit:20,17,on_demand,operating,0.0,0.0
commit:20,18,on_demand,operating,0.0,0.0
commit:20,19,on_demand,operating,0.0,0.0
commit:20,20,on_demand,operating,0.0,0.0
commit:20,21,on_demand,operating,0.0,0.0
commit:20,22,on_demand,operating,0.0,0.0
commit:20,23,on_demand,operating,0.0,0.0
commit:20,24,on_demand,operating,0.0,0.0
commit:20,25,on_demand,operating,0.0,0.0
commit:20,26,on_demand,operating,0.0,0.0
commit:20,27,on_demand,operating,0.0,0.0
commit:20,28,on_demand,operating,0.0,0.0
commit:20,29,on_demand,operating,0.0,0.0
commit:20,30,on_demand,operating,0.0,0.0
commit:20,31,on_demand,operating,0.0,0.0
commit:20,32,on_demand,operating,0.0,0.0
commit:20,33,on_demand,operating,0.0,0.0
commit:20,34,on_demand,operating,0.0,0.0
commit:20,35,on_demand,operating,0.0,0.0
commit:20,36,on_demand,operating,0.0,0.0
commit:20,0,variable_service,capital,0.0,0.0
commit:20,1,variable_service,operating,0.0,0.0
commit:20,2,variable_service,operating,0.0,0.0
commit:20,3,variable_service,operating,0.0,0.0
commit:20,4,variable_service,operating,0.0,0.0
commit:20,5,variable_service,operating,0.0,0.0
commit:20,6,variable_service,operating,0.0,0.0
commit:20,7,variable_service,operating,0.0,0.0
commit:20,8,variable_service,operating,0.0,0.0
commit:20,9,variable_service,operating,0.0,0.0
commit:20,10,variable_service,operating,0.0,0.0
commit:20,11,variable_service,operating,0.0,0.0
commit:20,12,variable_service,operating,0.0,0.0
commit:20,13,variable_service,operating,0.0,0.0
commit:20,14,variable_service,operating,0.0,0.0
commit:20,15,variable_service,operating,0.0,0.0
commit:20,16,variable_service,operating,0.0,0.0
commit:20,17,variable_service,operating,0.0,0.0
commit:20,18,variable_service,operating,0.0,0.0
commit:20,19,variable_service,operating,0.0,0.0
commit:20,20,variable_service,operating,0.0,0.0
commit:20,21,variable_service,operating,0.0,0.0
commit:20,22,variable_service,operating,0.0,0.0
commit:20,23,variable_service,operating,0.0,0.0
commit:20,24,variable_service,operating,0.0,0.0
commit:20,25,variable_service,operating,0.0,0.0
commit:20,26,variable_service,operating,0.0,0.0
commit:20,27,variable_service,operating,0.0,0.0
commit:20,28,variable_service,operating,0.0,0.0
commit:20,29,variable_service,operating,0.0,0.0
commit:20,30,variable_service,operating,0.0,0.0
commit:20,31,variable_service,operating,0.0,0.0
commit:20,32,variable_service,operating,0.0,0.0
commit:20,33,variable_service,operating,0.0,0.0
commit:20,34,variable_service,operating,0.0,0.0
commit:20,35,variable_service,operating,0.0,0.0
commit:20,36,variable_service,operating,0.0,0.0
commit:20,0,commitment,capital,0.0,0.0
commit:20,1,commitment,operating,595200.0,590491.3391396491
commit:20,2,commitment,operating,576000.0,566922.5117048257
commit:20,3,commitment,operating,595200.0,581185.47417534
commit:20,4,commitment,operating,595200.0,576587.6830213515
commit:20,5,commitment,operating,537600.0,516668.8847448268
commit:20,6,commitment,operating,595200.0,567500.9331189765
commit:20,7,commitment,operating,576000.0,544849.7430417938
commit:20,8,commitment,operating,595200.0,558557.3861087543
commit:20,9,commitment,operating,576000.0,536263.1681024003
commit:20,10,commitment,operating,595200.0,549754.7851806546
commit:20,11,commitment,operating,595200.0,545405.6439848031
commit:20,12,commitment,operating,576000.0,523636.36363636365
commit:20,13,commitment,operating,595200.0,536810.3083087718
commit:20,14,commitment,operating,576000.0,515384.10154984146
commit:20,15,commitment,operating,595200.0,528350.431068491
commit:20,16,commitment,operating,595200.0,524170.62092850136
commit:20,17,commitment,operating,556800.0,486473.9499220772
commit:20,18,commitment,operating,595200.0,515909.9391990695
commit:20,19,commitment,operating,576000.0,495317.94821981253
commit:20,20,commitment,operating,595200.0,507779.4419170493
commit:20,21,commitment,operating,576000.0,487511.9710021821
commit:20,22,commitment,operating,595200.0,499777.07743695873
commit:20,23,commitment,operating,595200.0,495823.3127134574
commit:20,24,commitment,operating,576000.0,476033.05785123963
commit:20,25,commitment,operating,595200.0,488009.37118979247
commit:20,26,commitment,operating,576000.0,468531.0014089468
commit:20,27,commitment,operating,595200.0,480318.573698628
commit:20,28,commitment,operating,595200.0,476518.74629863753
commit:20,29,commitment,operating,537600.0,426999.0783015097
commit:20,30,commitment,operating,595200.0,469009.0356355177
commit:20,31,commitment,operating,576000.0,450289.04383619316
commit:20,32,commitment,operating,595200.0,461617.6744700448
commit:20,33,commitment,operating,576000.0,443192.7009110746
commit:20,34,commitment,operating,595200.0,454342.79766996246
commit:20,35,commitment,operating,595200.0,450748.46610314306
commit:20,36,commitment,operating,576000.0,432757.3253193087
commit:20,0,commit_setup,capital,0.0,0.0
commit:20,1,commit_setup,operating,0.0,0.0
commit:20,2,commit_setup,operating,0.0,0.0
commit:20,3,commit_setup,operating,0.0,0.0
commit:20,4,commit_setup,operating,0.0,0.0
commit:20,5,commit_setup,operating,0.0,0.0
commit:20,6,commit_setup,operating,0.0,0.0
commit:20,7,commit_setup,operating,0.0,0.0
commit:20,8,commit_setup,operating,0.0,0.0
commit:20,9,commit_setup,operating,0.0,0.0
commit:20,10,commit_setup,operating,0.0,0.0
commit:20,11,commit_setup,operating,0.0,0.0
commit:20,12,commit_setup,operating,0.0,0.0
commit:20,13,commit_setup,operating,0.0,0.0
commit:20,14,commit_setup,operating,0.0,0.0
commit:20,15,commit_setup,operating,0.0,0.0
commit:20,16,commit_setup,operating,0.0,0.0
commit:20,17,commit_setup,operating,0.0,0.0
commit:20,18,commit_setup,operating,0.0,0.0
commit:20,19,commit_setup,operating,0.0,0.0
commit:20,20,commit_setup,operating,0.0,0.0
commit:20,21,commit_setup,operating,0.0,0.0
commit:20,22,commit_setup,operating,0.0,0.0
commit:20,23,commit_setup,operating,0.0,0.0
commit:20,24,commit_setup,operating,0.0,0.0
commit:20,25,commit_setup,operating,0.0,0.0
commit:20,26,commit_setup,operating,0.0,0.0
commit:20,27,commit_setup,operating,0.0,0.0
commit:20,28,commit_setup,operating,0.0,0.0
commit:20,29,commit_setup,operating,0.0,0.0
commit:20,30,commit_setup,operating,0.0,0.0
commit:20,31,commit_setup,operating,0.0,0.0
commit:20,32,commit_setup,operating,0.0,0.0
commit:20,33,commit_setup,operating,0.0,0.0
commit:20,34,commit_setup,operating,0.0,0.0
commit:20,35,commit_setup,operating,0.0,0.0
commit:20,36,commit_setup,operating,0.0,0.0
commit:20,0,commit_fees,capital,0.0,0.0
commit:20,1,commit_fees,operating,0.0,0.0
commit:20,2,commit_fees,operating,0.0,0.0
commit:20,3,commit_fees,operating,0.0,0.0
commit:20,4,commit_fees,operating,0.0,0.0
commit:20,5,commit_fees,operating,0.0,0.0
commit:20,6,commit_fees,operating,0.0,0.0
commit:20,7,commit_fees,operating,0.0,0.0
commit:20,8,commit_fees,operating,0.0,0.0
commit:20,9,commit_fees,operating,0.0,0.0
commit:20,10,commit_fees,operating,0.0,0.0
commit:20,11,commit_fees,operating,0.0,0.0
commit:20,12,commit_fees,operating,0.0,0.0
commit:20,13,commit_fees,operating,0.0,0.0
commit:20,14,commit_fees,operating,0.0,0.0
commit:20,15,commit_fees,operating,0.0,0.0
commit:20,16,commit_fees,operating,0.0,0.0
commit:20,17,commit_fees,operating,0.0,0.0
commit:20,18,commit_fees,operating,0.0,0.0
commit:20,19,commit_fees,operating,0.0,0.0
commit:20,20,commit_fees,operating,0.0,0.0
commit:20,21,commit_fees,operating,0.0,0.0
commit:20,22,commit_fees,operating,0.0,0.0
commit:20,23,commit_fees,operating,0.0,0.0
commit:20,24,commit_fees,operating,0.0,0.0
commit:20,25,commit_fees,operating,0.0,0.0
commit:20,26,commit_fees,operating,0.0,0.0
commit:20,27,commit_fees,operating,0.0,0.0
commit:20,28,commit_fees,operating,0.0,0.0
commit:20,29,commit_fees,operating,0.0,0.0
commit:20,30,commit_fees,operating,0.0,0.0
commit:20,31,commit_fees,operating,0.0,0.0
commit:20,32,commit_fees,operating,0.0,0.0
commit:20,33,commit_fees,operating,0.0,0.0
commit:20,34,commit_fees,operating,0.0,0.0
commit:20,35,commit_fees,operating,0.0,0.0
commit:20,36,commit_fees,operating,0.0,0.0
commit:21,0,on_demand,capital,0.0,0.0
commit:21,1,on_demand,operating,0.0,0.0
commit:21,2,on_demand,operating,0.0,0.0
commit:21,3,on_demand,operating,0.0,0.0
commit:21,4,on_demand,operating,0.0,0.0
commit:21,5,on_demand,operating,0.0,0.0
commit:21,6,on_demand,operating,0.0,0.0
commit:21,7,on_demand,operating,0.0,0.0
commit:21,8,on_demand,operating,0.0,0.0
commit:21,9,on_demand,operating,0.0,0.0
commit:21,10,on_demand,operating,0.0,0.0
commit:21,11,on_demand,operating,0.0,0.0
commit:21,12,on_demand,operating,0.0,0.0
commit:21,13,on_demand,operating,0.0,0.0
commit:21,14,on_demand,operating,0.0,0.0
commit:21,15,on_demand,operating,0.0,0.0
commit:21,16,on_demand,operating,0.0,0.0
commit:21,17,on_demand,operating,0.0,0.0
commit:21,18,on_demand,operating,0.0,0.0
commit:21,19,on_demand,operating,0.0,0.0
commit:21,20,on_demand,operating,0.0,0.0
commit:21,21,on_demand,operating,0.0,0.0
commit:21,22,on_demand,operating,0.0,0.0
commit:21,23,on_demand,operating,0.0,0.0
commit:21,24,on_demand,operating,0.0,0.0
commit:21,25,on_demand,operating,0.0,0.0
commit:21,26,on_demand,operating,0.0,0.0
commit:21,27,on_demand,operating,0.0,0.0
commit:21,28,on_demand,operating,0.0,0.0
commit:21,29,on_demand,operating,0.0,0.0
commit:21,30,on_demand,operating,0.0,0.0
commit:21,31,on_demand,operating,0.0,0.0
commit:21,32,on_demand,operating,0.0,0.0
commit:21,33,on_demand,operating,0.0,0.0
commit:21,34,on_demand,operating,0.0,0.0
commit:21,35,on_demand,operating,0.0,0.0
commit:21,36,on_demand,operating,0.0,0.0
commit:21,0,variable_service,capital,0.0,0.0
commit:21,1,variable_service,operating,0.0,0.0
commit:21,2,variable_service,operating,0.0,0.0
commit:21,3,variable_service,operating,0.0,0.0
commit:21,4,variable_service,operating,0.0,0.0
commit:21,5,variable_service,operating,0.0,0.0
commit:21,6,variable_service,operating,0.0,0.0
commit:21,7,variable_service,operating,0.0,0.0
commit:21,8,variable_service,operating,0.0,0.0
commit:21,9,variable_service,operating,0.0,0.0
commit:21,10,variable_service,operating,0.0,0.0
commit:21,11,variable_service,operating,0.0,0.0
commit:21,12,variable_service,operating,0.0,0.0
commit:21,13,variable_service,operating,0.0,0.0
commit:21,14,variable_service,operating,0.0,0.0
commit:21,15,variable_service,operating,0.0,0.0
commit:21,16,variable_service,operating,0.0,0.0
commit:21,17,variable_service,operating,0.0,0.0
commit:21,18,variable_service,operating,0.0,0.0
commit:21,19,variable_service,operating,0.0,0.0
commit:21,20,variable_service,operating,0.0,0.0
commit:21,21,variable_service,operating,0.0,0.0
commit:21,22,variable_service,operating,0.0,0.0
commit:21,23,variable_service,operating,0.0,0.0
commit:21,24,variable_service,operating,0.0,0.0
commit:21,25,variable_service,operating,0.0,0.0
commit:21,26,variable_service,operating,0.0,0.0
commit:21,27,variable_service,operating,0.0,0.0
commit:21,28,variable_service,operating,0.0,0.0
commit:21,29,variable_service,operating,0.0,0.0
commit:21,30,variable_service,operating,0.0,0.0
commit:21,31,variable_service,operating,0.0,0.0
commit:21,32,variable_service,operating,0.0,0.0
commit:21,33,variable_service,operating,0.0,0.0
commit:21,34,variable_service,operating,0.0,0.0
commit:21,35,variable_service,operating,0.0,0.0
commit:21,36,variable_service,operating,0.0,0.0
commit:21,0,commitment,capital,0.0,0.0
commit:21,1,commitment,operating,624960.0,620015.9060966314
commit:21,2,commitment,operating,604800.0,595268.6372900669
commit:21,3,commitment,operating,624960.0,610244.747884107
commit:21,4,commitment,operating,624960.0,605417.067172419
commit:21,5,commitment,operating,564480.0,542502.3289820682
commit:21,6,commitment,operating,624960.0,595875.9797749253
commit:21,7,commitment,operating,604800.0,572092.2301938834
commit:21,8,commitment,operating,624960.0,586485.255414192
commit:21,9,commitment,operating,604800.0,563076.3265075203
commit:21,10,commitment,operating,624960.0,577242.5244396874
commit:21,11,commitment,operating,624960.0,572675.9261840433
commit:21,12,commitment,operating,604800.0,549818.1818181818
commit:21,13,commitment,operating,624960.0,563650.8237242104
commit:21,14,commitment,operating,604800.0,541153.3066273335
commit:21,15,commitment,operating,624960.0,554767.9526219155
commit:21,16,commitment,operating,624960.0,550379.1519749265
commit:21,17,commitment,operating,584640.0,510797.64741818106
commit:21,18,commitment,operating,624960.0,541705.436159023
commit:21,19,commitment,operating,604800.0,520083.84563080315
commit:21,20,commitment,operating,624960.0,533168.4140129017
commit:21,21,commitment,operating,604800.0,511887.5695522912
commit:21,22,commitment,operating,624960.0,524765.9313088066
commit:21,23,commitment,operating,624960.0,520614.47834913025
commit:21,24,commitment,operating,604800.0,499834.7107438016
commit:21,25,commitment,operating,624960.0,512409.8397492821
commit:21,26,commitment,operating,604800.0,491957.55147939414
commit:21,27,commitment,operating,624960.0,504334.5023835594
commit:21,28,commitment,operating,624960.0,500344.6836135694
commit:21,29,commitment,operating,564480.0,448349.03221658524
commit:21,30,commitment,operating,624960.0,492459.4874172936
commit:21,31,commitment,operating,604800.0,472803.49602800276
commit:21,32,commitment,operating,624960.0,484698.558193547
commit:21,33,commitment,operating,604800.0,465352.33595662826
commit:21,34,commitment,operating,624960.0,477059.9375534606
commit:21,35,commitment,operating,624960.0,473285.88940830017
commit:21,36,commitment,operating,604800.0,454395.1915852741
commit:21,0,commit_setup,capital,0.0,0.0
commit:21,1,commit_setup,operating,0.0,0.0
commit:21,2,commit_setup,operating,0.0,0.0
commit:21,3,commit_setup,operating,0.0,0.0
commit:21,4,commit_setup,operating,0.0,0.0
commit:21,5,commit_setup,operating,0.0,0.0
commit:21,6,commit_setup,operating,0.0,0.0
commit:21,7,commit_setup,operating,0.0,0.0
commit:21,8,commit_setup,operating,0.0,0.0
commit:21,9,commit_setup,operating,0.0,0.0
commit:21,10,commit_setup,operating,0.0,0.0
commit:21,11,commit_setup,operating,0.0,0.0
commit:21,12,commit_setup,operating,0.0,0.0
commit:21,13,commit_setup,operating,0.0,0.0
commit:21,14,commit_setup,operating,0.0,0.0
commit:21,15,commit_setup,operating,0.0,0.0
commit:21,16,commit_setup,operating,0.0,0.0
commit:21,17,commit_setup,operating,0.0,0.0
commit:21,18,commit_setup,operating,0.0,0.0
commit:21,19,commit_setup,operating,0.0,0.0
commit:21,20,commit_setup,operating,0.0,0.0
commit:21,21,commit_setup,operating,0.0,0.0
commit:21,22,commit_setup,operating,0.0,0.0
commit:21,23,commit_setup,operating,0.0,0.0
commit:21,24,commit_setup,operating,0.0,0.0
commit:21,25,commit_setup,operating,0.0,0.0
commit:21,26,commit_setup,operating,0.0,0.0
commit:21,27,commit_setup,operating,0.0,0.0
commit:21,28,commit_setup,operating,0.0,0.0
commit:21,29,commit_setup,operating,0.0,0.0
commit:21,30,commit_setup,operating,0.0,0.0
commit:21,31,commit_setup,operating,0.0,0.0
commit:21,32,commit_setup,operating,0.0,0.0
commit:21,33,commit_setup,operating,0.0,0.0
commit:21,34,commit_setup,operating,0.0,0.0
commit:21,35,commit_setup,operating,0.0,0.0
commit:21,36,commit_setup,operating,0.0,0.0
commit:21,0,commit_fees,capital,0.0,0.0
commit:21,1,commit_fees,operating,0.0,0.0
commit:21,2,commit_fees,operating,0.0,0.0
commit:21,3,commit_fees,operating,0.0,0.0
commit:21,4,commit_fees,operating,0.0,0.0
commit:21,5,commit_fees,operating,0.0,0.0
commit:21,6,commit_fees,operating,0.0,0.0
commit:21,7,commit_fees,operating,0.0,0.0
commit:21,8,commit_fees,operating,0.0,0.0
commit:21,9,commit_fees,operating,0.0,0.0
commit:21,10,commit_fees,operating,0.0,0.0
commit:21,11,commit_fees,operating,0.0,0.0
commit:21,12,commit_fees,operating,0.0,0.0
commit:21,13,commit_fees,operating,0.0,0.0
commit:21,14,commit_fees,operating,0.0,0.0
commit:21,15,commit_fees,operating,0.0,0.0
commit:21,16,commit_fees,operating,0.0,0.0
commit:21,17,commit_fees,operating,0.0,0.0
commit:21,18,commit_fees,operating,0.0,0.0
commit:21,19,commit_fees,operating,0.0,0.0
commit:21,20,commit_fees,operating,0.0,0.0
commit:21,21,commit_fees,operating,0.0,0.0
commit:21,22,commit_fees,operating,0.0,0.0
commit:21,23,commit_fees,operating,0.0,0.0
commit:21,24,commit_fees,operating,0.0,0.0
commit:21,25,commit_fees,operating,0.0,0.0
commit:21,26,commit_fees,operating,0.0,0.0
commit:21,27,commit_fees,operating,0.0,0.0
commit:21,28,commit_fees,operating,0.0,0.0
commit:21,29,commit_fees,operating,0.0,0.0
commit:21,30,commit_fees,operating,0.0,0.0
commit:21,31,commit_fees,operating,0.0,0.0
commit:21,32,commit_fees,operating,0.0,0.0
commit:21,33,commit_fees,operating,0.0,0.0
commit:21,34,commit_fees,operating,0.0,0.0
commit:21,35,commit_fees,operating,0.0,0.0
commit:21,36,commit_fees,operating,0.0,0.0
commit:22,0,on_demand,capital,0.0,0.0
commit:22,1,on_demand,operating,0.0,0.0
commit:22,2,on_demand,operating,0.0,0.0
commit:22,3,on_demand,operating,0.0,0.0
commit:22,4,on_demand,operating,0.0,0.0
commit:22,5,on_demand,operating,0.0,0.0
commit:22,6,on_demand,operating,0.0,0.0
commit:22,7,on_demand,operating,0.0,0.0
commit:22,8,on_demand,operating,0.0,0.0
commit:22,9,on_demand,operating,0.0,0.0
commit:22,10,on_demand,operating,0.0,0.0
commit:22,11,on_demand,operating,0.0,0.0
commit:22,12,on_demand,operating,0.0,0.0
commit:22,13,on_demand,operating,0.0,0.0
commit:22,14,on_demand,operating,0.0,0.0
commit:22,15,on_demand,operating,0.0,0.0
commit:22,16,on_demand,operating,0.0,0.0
commit:22,17,on_demand,operating,0.0,0.0
commit:22,18,on_demand,operating,0.0,0.0
commit:22,19,on_demand,operating,0.0,0.0
commit:22,20,on_demand,operating,0.0,0.0
commit:22,21,on_demand,operating,0.0,0.0
commit:22,22,on_demand,operating,0.0,0.0
commit:22,23,on_demand,operating,0.0,0.0
commit:22,24,on_demand,operating,0.0,0.0
commit:22,25,on_demand,operating,0.0,0.0
commit:22,26,on_demand,operating,0.0,0.0
commit:22,27,on_demand,operating,0.0,0.0
commit:22,28,on_demand,operating,0.0,0.0
commit:22,29,on_demand,operating,0.0,0.0
commit:22,30,on_demand,operating,0.0,0.0
commit:22,31,on_demand,operating,0.0,0.0
commit:22,32,on_demand,operating,0.0,0.0
commit:22,33,on_demand,operating,0.0,0.0
commit:22,34,on_demand,operating,0.0,0.0
commit:22,35,on_demand,operating,0.0,0.0
commit:22,36,on_demand,operating,0.0,0.0
commit:22,0,variable_service,capital,0.0,0.0
commit:22,1,variable_service,operating,0.0,0.0
commit:22,2,variable_service,operating,0.0,0.0
commit:22,3,variable_service,operating,0.0,0.0
commit:22,4,variable_service,operating,0.0,0.0
commit:22,5,variable_service,operating,0.0,0.0
commit:22,6,variable_service,operating,0.0,0.0
commit:22,7,variable_service,operating,0.0,0.0
commit:22,8,variable_service,operating,0.0,0.0
commit:22,9,variable_service,operating,0.0,0.0
commit:22,10,variable_service,operating,0.0,0.0
commit:22,11,variable_service,operating,0.0,0.0
commit:22,12,variable_service,operating,0.0,0.0
commit:22,13,variable_service,operating,0.0,0.0
commit:22,14,variable_service,operating,0.0,0.0
commit:22,15,variable_service,operating,0.0,0.0
commit:22,16,variable_service,operating,0.0,0.0
commit:22,17,variable_service,operating,0.0,0.0
commit:22,18,variable_service,operating,0.0,0.0
commit:22,19,variable_service,operating,0.0,0.0
commit:22,20,variable_service,operating,0.0,0.0
commit:22,21,variable_service,operating,0.0,0.0
commit:22,22,variable_service,operating,0.0,0.0
commit:22,23,variable_service,operating,0.0,0.0
commit:22,24,variable_service,operating,0.0,0.0
commit:22,25,variable_service,operating,0.0,0.0
commit:22,26,variable_service,operating,0.0,0.0
commit:22,27,variable_service,operating,0.0,0.0
commit:22,28,variable_service,operating,0.0,0.0
commit:22,29,variable_service,operating,0.0,0.0
commit:22,30,variable_service,operating,0.0,0.0
commit:22,31,variable_service,operating,0.0,0.0
commit:22,32,variable_service,operating,0.0,0.0
commit:22,33,variable_service,operating,0.0,0.0
commit:22,34,variable_service,operating,0.0,0.0
commit:22,35,variable_service,operating,0.0,0.0
commit:22,36,variable_service,operating,0.0,0.0
commit:22,0,commitment,capital,0.0,0.0
commit:22,1,commitment,operating,654720.0,649540.4730536139
commit:22,2,commitment,operating,633600.0,623614.7628753083
commit:22,3,commitment,operating,654720.0,639304.0215928741
commit:22,4,commitment,operating,654720.0,634246.4513234866
commit:22,5,commitment,operating,591360.0,568335.7732193095
commit:22,6,commitment,operating,654720.0,624251.0264308741
commit:22,7,commitment,operating,633600.0,599334.7173459731
commit:22,8,commitment,operating,654720.0,614413.1247196298
commit:22,9,commitment,operating,633600.0,589889.4849126403
commit:22,10,commitment,operating,654720.0,604730.2636987201
commit:22,11,commitment,operating,654720.0,599946.2083832835
commit:22,12,commitment,operating,633600.0,576000.0
commit:22,13,commitment,operating,654720.0,590491.339139649
commit:22,14,commitment,operating,633600.0,566922.5117048256
commit:22,15,commitment,operating,654720.0,581185.47417534
commit:22,16,commitment,operating,654720.0,576587.6830213515
commit:22,17,commitment,operating,612480.0,535121.3449142849
commit:22,18,commitment,operating,654720.0,567500.9331189764
commit:22,19,commitment,operating,633600.0,544849.7430417938
commit:22,20,commitment,operating,654720.0,558557.3861087542
commit:22,21,commitment,operating,633600.0,536263.1681024003
commit:22,22,commitment,operating,654720.0,549754.7851806546
commit:22,23,commitment,operating,654720.0,545405.6439848031
commit:22,24,commitment,operating,633600.0,523636.3636363636
commit:22,25,commitment,operating,654720.0,536810.3083087717
commit:22,26,commitment,operating,633600.0,515384.10154984146
commit:22,27,commitment,operating,654720.0,528350.4310684908
commit:22,28,commitment,operating,654720.0,524170.6209285013
commit:22,29,commitment,operating,591360.0,469698.9861316607
commit:22,30,commitment,operating,654720.0,515909.93919906946
commit:22,31,commitment,operating,633600.0,495317.9482198124
commit:22,32,commitment,operating,654720.0,507779.4419170493
commit:22,33,commitment,operating,633600.0,487511.971002182
commit:22,34,commitment,operating,654720.0,499777.07743695873
commit:22,35,commitment,operating,654720.0,495823.31271345733
commit:22,36,commitment,operating,633600.0,476033.0578512395
commit:22,0,commit_setup,capital,0.0,0.0
commit:22,1,commit_setup,operating,0.0,0.0
commit:22,2,commit_setup,operating,0.0,0.0
commit:22,3,commit_setup,operating,0.0,0.0
commit:22,4,commit_setup,operating,0.0,0.0
commit:22,5,commit_setup,operating,0.0,0.0
commit:22,6,commit_setup,operating,0.0,0.0
commit:22,7,commit_setup,operating,0.0,0.0
commit:22,8,commit_setup,operating,0.0,0.0
commit:22,9,commit_setup,operating,0.0,0.0
commit:22,10,commit_setup,operating,0.0,0.0
commit:22,11,commit_setup,operating,0.0,0.0
commit:22,12,commit_setup,operating,0.0,0.0
commit:22,13,commit_setup,operating,0.0,0.0
commit:22,14,commit_setup,operating,0.0,0.0
commit:22,15,commit_setup,operating,0.0,0.0
commit:22,16,commit_setup,operating,0.0,0.0
commit:22,17,commit_setup,operating,0.0,0.0
commit:22,18,commit_setup,operating,0.0,0.0
commit:22,19,commit_setup,operating,0.0,0.0
commit:22,20,commit_setup,operating,0.0,0.0
commit:22,21,commit_setup,operating,0.0,0.0
commit:22,22,commit_setup,operating,0.0,0.0
commit:22,23,commit_setup,operating,0.0,0.0
commit:22,24,commit_setup,operating,0.0,0.0
commit:22,25,commit_setup,operating,0.0,0.0
commit:22,26,commit_setup,operating,0.0,0.0
commit:22,27,commit_setup,operating,0.0,0.0
commit:22,28,commit_setup,operating,0.0,0.0
commit:22,29,commit_setup,operating,0.0,0.0
commit:22,30,commit_setup,operating,0.0,0.0
commit:22,31,commit_setup,operating,0.0,0.0
commit:22,32,commit_setup,operating,0.0,0.0
commit:22,33,commit_setup,operating,0.0,0.0
commit:22,34,commit_setup,operating,0.0,0.0
commit:22,35,commit_setup,operating,0.0,0.0
commit:22,36,commit_setup,operating,0.0,0.0
commit:22,0,commit_fees,capital,0.0,0.0
commit:22,1,commit_fees,operating,0.0,0.0
commit:22,2,commit_fees,operating,0.0,0.0
commit:22,3,commit_fees,operating,0.0,0.0
commit:22,4,commit_fees,operating,0.0,0.0
commit:22,5,commit_fees,operating,0.0,0.0
commit:22,6,commit_fees,operating,0.0,0.0
commit:22,7,commit_fees,operating,0.0,0.0
commit:22,8,commit_fees,operating,0.0,0.0
commit:22,9,commit_fees,operating,0.0,0.0
commit:22,10,commit_fees,operating,0.0,0.0
commit:22,11,commit_fees,operating,0.0,0.0
commit:22,12,commit_fees,operating,0.0,0.0
commit:22,13,commit_fees,operating,0.0,0.0
commit:22,14,commit_fees,operating,0.0,0.0
commit:22,15,commit_fees,operating,0.0,0.0
commit:22,16,commit_fees,operating,0.0,0.0
commit:22,17,commit_fees,operating,0.0,0.0
commit:22,18,commit_fees,operating,0.0,0.0
commit:22,19,commit_fees,operating,0.0,0.0
commit:22,20,commit_fees,operating,0.0,0.0
commit:22,21,commit_fees,operating,0.0,0.0
commit:22,22,commit_fees,operating,0.0,0.0
commit:22,23,commit_fees,operating,0.0,0.0
commit:22,24,commit_fees,operating,0.0,0.0
commit:22,25,commit_fees,operating,0.0,0.0
commit:22,26,commit_fees,operating,0.0,0.0
commit:22,27,commit_fees,operating,0.0,0.0
commit:22,28,commit_fees,operating,0.0,0.0
commit:22,29,commit_fees,operating,0.0,0.0
commit:22,30,commit_fees,operating,0.0,0.0
commit:22,31,commit_fees,operating,0.0,0.0
commit:22,32,commit_fees,operating,0.0,0.0
commit:22,33,commit_fees,operating,0.0,0.0
commit:22,34,commit_fees,operating,0.0,0.0
commit:22,35,commit_fees,operating,0.0,0.0
commit:22,36,commit_fees,operating,0.0,0.0
commit:23,0,on_demand,capital,0.0,0.0
commit:23,1,on_demand,operating,0.0,0.0
commit:23,2,on_demand,operating,0.0,0.0
commit:23,3,on_demand,operating,0.0,0.0
commit:23,4,on_demand,operating,0.0,0.0
commit:23,5,on_demand,operating,0.0,0.0
commit:23,6,on_demand,operating,0.0,0.0
commit:23,7,on_demand,operating,0.0,0.0
commit:23,8,on_demand,operating,0.0,0.0
commit:23,9,on_demand,operating,0.0,0.0
commit:23,10,on_demand,operating,0.0,0.0
commit:23,11,on_demand,operating,0.0,0.0
commit:23,12,on_demand,operating,0.0,0.0
commit:23,13,on_demand,operating,0.0,0.0
commit:23,14,on_demand,operating,0.0,0.0
commit:23,15,on_demand,operating,0.0,0.0
commit:23,16,on_demand,operating,0.0,0.0
commit:23,17,on_demand,operating,0.0,0.0
commit:23,18,on_demand,operating,0.0,0.0
commit:23,19,on_demand,operating,0.0,0.0
commit:23,20,on_demand,operating,0.0,0.0
commit:23,21,on_demand,operating,0.0,0.0
commit:23,22,on_demand,operating,0.0,0.0
commit:23,23,on_demand,operating,0.0,0.0
commit:23,24,on_demand,operating,0.0,0.0
commit:23,25,on_demand,operating,0.0,0.0
commit:23,26,on_demand,operating,0.0,0.0
commit:23,27,on_demand,operating,0.0,0.0
commit:23,28,on_demand,operating,0.0,0.0
commit:23,29,on_demand,operating,0.0,0.0
commit:23,30,on_demand,operating,0.0,0.0
commit:23,31,on_demand,operating,0.0,0.0
commit:23,32,on_demand,operating,0.0,0.0
commit:23,33,on_demand,operating,0.0,0.0
commit:23,34,on_demand,operating,0.0,0.0
commit:23,35,on_demand,operating,0.0,0.0
commit:23,36,on_demand,operating,0.0,0.0
commit:23,0,variable_service,capital,0.0,0.0
commit:23,1,variable_service,operating,0.0,0.0
commit:23,2,variable_service,operating,0.0,0.0
commit:23,3,variable_service,operating,0.0,0.0
commit:23,4,variable_service,operating,0.0,0.0
commit:23,5,variable_service,operating,0.0,0.0
commit:23,6,variable_service,operating,0.0,0.0
commit:23,7,variable_service,operating,0.0,0.0
commit:23,8,variable_service,operating,0.0,0.0
commit:23,9,variable_service,operating,0.0,0.0
commit:23,10,variable_service,operating,0.0,0.0
commit:23,11,variable_service,operating,0.0,0.0
commit:23,12,variable_service,operating,0.0,0.0
commit:23,13,variable_service,operating,0.0,0.0
commit:23,14,variable_service,operating,0.0,0.0
commit:23,15,variable_service,operating,0.0,0.0
commit:23,16,variable_service,operating,0.0,0.0
commit:23,17,variable_service,operating,0.0,0.0
commit:23,18,variable_service,operating,0.0,0.0
commit:23,19,variable_service,operating,0.0,0.0
commit:23,20,variable_service,operating,0.0,0.0
commit:23,21,variable_service,operating,0.0,0.0
commit:23,22,variable_service,operating,0.0,0.0
commit:23,23,variable_service,operating,0.0,0.0
commit:23,24,variable_service,operating,0.0,0.0
commit:23,25,variable_service,operating,0.0,0.0
commit:23,26,variable_service,operating,0.0,0.0
commit:23,27,variable_service,operating,0.0,0.0
commit:23,28,variable_service,operating,0.0,0.0
commit:23,29,variable_service,operating,0.0,0.0
commit:23,30,variable_service,operating,0.0,0.0
commit:23,31,variable_service,operating,0.0,0.0
commit:23,32,variable_service,operating,0.0,0.0
commit:23,33,variable_service,operating,0.0,0.0
commit:23,34,variable_service,operating,0.0,0.0
commit:23,35,variable_service,operating,0.0,0.0
commit:23,36,variable_service,operating,0.0,0.0
commit:23,0,commitment,capital,0.0,0.0
commit:23,1,commitment,operating,684480.0,679065.0400105964
commit:23,2,commitment,operating,662400.0,651960.8884605495
commit:23,3,commitment,operating,684480.0,668363.295301641
commit:23,4,commitment,operating,684480.0,663075.8354745542
commit:23,5,commitment,operating,618240.0,594169.2174565509
commit:23,6,commitment,operating,684480.0,652626.073086823
commit:23,7,commitment,operating,662400.0,626577.2044980628
commit:23,8,commitment,operating,684480.0,642340.9940250674
commit:23,9,commitment,operating,662400.0,616702.6433177603
commit:23,10,commitment,operating,684480.0,632218.0029577528
commit:23,11,commitment,operating,684480.0,627216.4905825236
commit:23,12,commitment,operating,662400.0,602181.8181818181
commit:23,13,commitment,operating,684480.0,617331.8545550876
commit:23,14,commitment,operating,662400.0,592691.7167823176
commit:23,15,commitment,operating,684480.0,607602.9957287646
commit:23,16,commitment,operating,684480.0,602796.2140677766
commit:23,17,commitment,operating,640320.0,559445.0424103887
commit:23,18,commitment,operating,684480.0,593296.4300789299
commit:23,19,commitment,operating,662400.0,569615.6404527844
commit:23,20,commitment,operating,684480.0,583946.3582046067
commit:23,21,commitment,operating,662400.0,560638.7666525095
commit:23,22,commitment,operating,684480.0,574743.6390525026
commit:23,23,commitment,operating,684480.0,570196.809620476
commit:23,24,commitment,operating,662400.0,547438.0165289255
commit:23,25,commitment,operating,684480.0,561210.7768682613
commit:23,26,commitment,operating,662400.0,538810.6516202888
commit:23,27,commitment,operating,684480.0,552366.3597534222
commit:23,28,commitment,operating,684480.0,547996.5582434331
commit:23,29,commitment,operating,618240.0,491048.9400467362
commit:23,30,commitment,operating,684480.0,539360.3909808453
commit:23,31,commitment,operating,662400.0,517832.4004116221
commit:23,32,commitment,operating,684480.0,530860.3256405515
commit:23,33,commitment,operating,662400.0,509671.6060477357
commit:23,34,commitment,operating,684480.0,522494.2173204568
commit:23,35,commitment,operating,684480.0,518360.7360186145
commit:23,36,commitment,operating,662400.0,497670.92411720497
commit:23,0,commit_setup,capital,0.0,0.0
commit:23,1,commit_setup,operating,0.0,0.0
commit:23,2,commit_setup,operating,0.0,0.0
commit:23,3,commit_setup,operating,0.0,0.0
commit:23,4,commit_setup,operating,0.0,0.0
commit:23,5,commit_setup,operating,0.0,0.0
commit:23,6,commit_setup,operating,0.0,0.0
commit:23,7,commit_setup,operating,0.0,0.0
commit:23,8,commit_setup,operating,0.0,0.0
commit:23,9,commit_setup,operating,0.0,0.0
commit:23,10,commit_setup,operating,0.0,0.0
commit:23,11,commit_setup,operating,0.0,0.0
commit:23,12,commit_setup,operating,0.0,0.0
commit:23,13,commit_setup,operating,0.0,0.0
commit:23,14,commit_setup,operating,0.0,0.0
commit:23,15,commit_setup,operating,0.0,0.0
commit:23,16,commit_setup,operating,0.0,0.0
commit:23,17,commit_setup,operating,0.0,0.0
commit:23,18,commit_setup,operating,0.0,0.0
commit:23,19,commit_setup,operating,0.0,0.0
commit:23,20,commit_setup,operating,0.0,0.0
commit:23,21,commit_setup,operating,0.0,0.0
commit:23,22,commit_setup,operating,0.0,0.0
commit:23,23,commit_setup,operating,0.0,0.0
commit:23,24,commit_setup,operating,0.0,0.0
commit:23,25,commit_setup,operating,0.0,0.0
commit:23,26,commit_setup,operating,0.0,0.0
commit:23,27,commit_setup,operating,0.0,0.0
commit:23,28,commit_setup,operating,0.0,0.0
commit:23,29,commit_setup,operating,0.0,0.0
commit:23,30,commit_setup,operating,0.0,0.0
commit:23,31,commit_setup,operating,0.0,0.0
commit:23,32,commit_setup,operating,0.0,0.0
commit:23,33,commit_setup,operating,0.0,0.0
commit:23,34,commit_setup,operating,0.0,0.0
commit:23,35,commit_setup,operating,0.0,0.0
commit:23,36,commit_setup,operating,0.0,0.0
commit:23,0,commit_fees,capital,0.0,0.0
commit:23,1,commit_fees,operating,0.0,0.0
commit:23,2,commit_fees,operating,0.0,0.0
commit:23,3,commit_fees,operating,0.0,0.0
commit:23,4,commit_fees,operating,0.0,0.0
commit:23,5,commit_fees,operating,0.0,0.0
commit:23,6,commit_fees,operating,0.0,0.0
commit:23,7,commit_fees,operating,0.0,0.0
commit:23,8,commit_fees,operating,0.0,0.0
commit:23,9,commit_fees,operating,0.0,0.0
commit:23,10,commit_fees,operating,0.0,0.0
commit:23,11,commit_fees,operating,0.0,0.0
commit:23,12,commit_fees,operating,0.0,0.0
commit:23,13,commit_fees,operating,0.0,0.0
commit:23,14,commit_fees,operating,0.0,0.0
commit:23,15,commit_fees,operating,0.0,0.0
commit:23,16,commit_fees,operating,0.0,0.0
commit:23,17,commit_fees,operating,0.0,0.0
commit:23,18,commit_fees,operating,0.0,0.0
commit:23,19,commit_fees,operating,0.0,0.0
commit:23,20,commit_fees,operating,0.0,0.0
commit:23,21,commit_fees,operating,0.0,0.0
commit:23,22,commit_fees,operating,0.0,0.0
commit:23,23,commit_fees,operating,0.0,0.0
commit:23,24,commit_fees,operating,0.0,0.0
commit:23,25,commit_fees,operating,0.0,0.0
commit:23,26,commit_fees,operating,0.0,0.0
commit:23,27,commit_fees,operating,0.0,0.0
commit:23,28,commit_fees,operating,0.0,0.0
commit:23,29,commit_fees,operating,0.0,0.0
commit:23,30,commit_fees,operating,0.0,0.0
commit:23,31,commit_fees,operating,0.0,0.0
commit:23,32,commit_fees,operating,0.0,0.0
commit:23,33,commit_fees,operating,0.0,0.0
commit:23,34,commit_fees,operating,0.0,0.0
commit:23,35,commit_fees,operating,0.0,0.0
commit:23,36,commit_fees,operating,0.0,0.0
commit:24,0,on_demand,capital,0.0,0.0
commit:24,1,on_demand,operating,0.0,0.0
commit:24,2,on_demand,operating,0.0,0.0
commit:24,3,on_demand,operating,0.0,0.0
commit:24,4,on_demand,operating,0.0,0.0
commit:24,5,on_demand,operating,0.0,0.0
commit:24,6,on_demand,operating,0.0,0.0
commit:24,7,on_demand,operating,0.0,0.0
commit:24,8,on_demand,operating,0.0,0.0
commit:24,9,on_demand,operating,0.0,0.0
commit:24,10,on_demand,operating,0.0,0.0
commit:24,11,on_demand,operating,0.0,0.0
commit:24,12,on_demand,operating,0.0,0.0
commit:24,13,on_demand,operating,0.0,0.0
commit:24,14,on_demand,operating,0.0,0.0
commit:24,15,on_demand,operating,0.0,0.0
commit:24,16,on_demand,operating,0.0,0.0
commit:24,17,on_demand,operating,0.0,0.0
commit:24,18,on_demand,operating,0.0,0.0
commit:24,19,on_demand,operating,0.0,0.0
commit:24,20,on_demand,operating,0.0,0.0
commit:24,21,on_demand,operating,0.0,0.0
commit:24,22,on_demand,operating,0.0,0.0
commit:24,23,on_demand,operating,0.0,0.0
commit:24,24,on_demand,operating,0.0,0.0
commit:24,25,on_demand,operating,0.0,0.0
commit:24,26,on_demand,operating,0.0,0.0
commit:24,27,on_demand,operating,0.0,0.0
commit:24,28,on_demand,operating,0.0,0.0
commit:24,29,on_demand,operating,0.0,0.0
commit:24,30,on_demand,operating,0.0,0.0
commit:24,31,on_demand,operating,0.0,0.0
commit:24,32,on_demand,operating,0.0,0.0
commit:24,33,on_demand,operating,0.0,0.0
commit:24,34,on_demand,operating,0.0,0.0
commit:24,35,on_demand,operating,0.0,0.0
commit:24,36,on_demand,operating,0.0,0.0
commit:24,0,variable_service,capital,0.0,0.0
commit:24,1,variable_service,operating,0.0,0.0
commit:24,2,variable_service,operating,0.0,0.0
commit:24,3,variable_service,operating,0.0,0.0
commit:24,4,variable_service,operating,0.0,0.0
commit:24,5,variable_service,operating,0.0,0.0
commit:24,6,variable_service,operating,0.0,0.0
commit:24,7,variable_service,operating,0.0,0.0
commit:24,8,variable_service,operating,0.0,0.0
commit:24,9,variable_service,operating,0.0,0.0
commit:24,10,variable_service,operating,0.0,0.0
commit:24,11,variable_service,operating,0.0,0.0
commit:24,12,variable_service,operating,0.0,0.0
commit:24,13,variable_service,operating,0.0,0.0
commit:24,14,variable_service,operating,0.0,0.0
commit:24,15,variable_service,operating,0.0,0.0
commit:24,16,variable_service,operating,0.0,0.0
commit:24,17,variable_service,operating,0.0,0.0
commit:24,18,variable_service,operating,0.0,0.0
commit:24,19,variable_service,operating,0.0,0.0
commit:24,20,variable_service,operating,0.0,0.0
commit:24,21,variable_service,operating,0.0,0.0
commit:24,22,variable_service,operating,0.0,0.0
commit:24,23,variable_service,operating,0.0,0.0
commit:24,24,variable_service,operating,0.0,0.0
commit:24,25,variable_service,operating,0.0,0.0
commit:24,26,variable_service,operating,0.0,0.0
commit:24,27,variable_service,operating,0.0,0.0
commit:24,28,variable_service,operating,0.0,0.0
commit:24,29,variable_service,operating,0.0,0.0
commit:24,30,variable_service,operating,0.0,0.0
commit:24,31,variable_service,operating,0.0,0.0
commit:24,32,variable_service,operating,0.0,0.0
commit:24,33,variable_service,operating,0.0,0.0
commit:24,34,variable_service,operating,0.0,0.0
commit:24,35,variable_service,operating,0.0,0.0
commit:24,36,variable_service,operating,0.0,0.0
commit:24,0,commitment,capital,0.0,0.0
commit:24,1,commitment,operating,714240.0,708589.6069675788
commit:24,2,commitment,operating,691200.0,680307.0140457908
commit:24,3,commitment,operating,714240.0,697422.569010408
commit:24,4,commitment,operating,714240.0,691905.2196256218
commit:24,5,commitment,operating,645120.0,620002.6616937922
commit:24,6,commitment,operating,714240.0,681001.1197427718
commit:24,7,commitment,operating,691200.0,653819.6916501526
commit:24,8,commitment,operating,714240.0,670268.8633305051
commit:24,9,commitment,operating,691200.0,643515.8017228803
commit:24,10,commitment,operating,714240.0,659705.7422167856
commit:24,11,commitment,operating,714240.0,654486.7727817638
commit:24,12,commitment,operating,691200.0,628363.6363636364
commit:24,13,commitment,operating,714240.0,644172.3699705262
commit:24,14,commitment,operating,691200.0,618460.9218598098
commit:24,15,commitment,operating,714240.0,634020.5172821891
commit:24,16,commitment,operating,714240.0,629004.7451142017
commit:24,17,commitment,operating,668160.0,583768.7399064926
commit:24,18,commitment,operating,714240.0,619091.9270388834
commit:24,19,commitment,operating,691200.0,594381.537863775
commit:24,20,commitment,operating,714240.0,609335.3303004592
commit:24,21,commitment,operating,691200.0,585014.3652026185
commit:24,22,commitment,operating,714240.0,599732.4929243504
commit:24,23,commitment,operating,714240.0,594987.9752561488
commit:24,24,commitment,operating,691200.0,571239.6694214875
commit:24,25,commitment,operating,714240.0,585611.245427751
commit:24,26,commitment,operating,691200.0,562237.2016907361
commit:24,27,commitment,operating,714240.0,576382.2884383536
commit:24,28,commitment,operating,714240.0,571822.495558365
commit:24,29,commitment,operating,645120.0,512398.8939618117
commit:24,30,commitment,operating,714240.0,562810.8427626212
commit:24,31,commitment,operating,691200.0,540346.8526034318
commit:24,32,commitment,operating,714240.0,553941.2093640538
commit:24,33,commitment,operating,691200.0,531831.2410932895
commit:24,34,commitment,operating,714240.0,545211.357203955
commit:24,35,commitment,operating,714240.0,540898.1593237716
commit:24,36,commitment,operating,691200.0,519308.7903831704
commit:24,0,commit_setup,capital,0.0,0.0
commit:24,1,commit_setup,operating,0.0,0.0
commit:24,2,commit_setup,operating,0.0,0.0
commit:24,3,commit_setup,operating,0.0,0.0
commit:24,4,commit_setup,operating,0.0,0.0
commit:24,5,commit_setup,operating,0.0,0.0
commit:24,6,commit_setup,operating,0.0,0.0
commit:24,7,commit_setup,operating,0.0,0.0
commit:24,8,commit_setup,operating,0.0,0.0
commit:24,9,commit_setup,operating,0.0,0.0
commit:24,10,commit_setup,operating,0.0,0.0
commit:24,11,commit_setup,operating,0.0,0.0
commit:24,12,commit_setup,operating,0.0,0.0
commit:24,13,commit_setup,operating,0.0,0.0
commit:24,14,commit_setup,operating,0.0,0.0
commit:24,15,commit_setup,operating,0.0,0.0
commit:24,16,commit_setup,operating,0.0,0.0
commit:24,17,commit_setup,operating,0.0,0.0
commit:24,18,commit_setup,operating,0.0,0.0
commit:24,19,commit_setup,operating,0.0,0.0
commit:24,20,commit_setup,operating,0.0,0.0
commit:24,21,commit_setup,operating,0.0,0.0
commit:24,22,commit_setup,operating,0.0,0.0
commit:24,23,commit_setup,operating,0.0,0.0
commit:24,24,commit_setup,operating,0.0,0.0
commit:24,25,commit_setup,operating,0.0,0.0
commit:24,26,commit_setup,operating,0.0,0.0
commit:24,27,commit_setup,operating,0.0,0.0
commit:24,28,commit_setup,operating,0.0,0.0
commit:24,29,commit_setup,operating,0.0,0.0
commit:24,30,commit_setup,operating,0.0,0.0
commit:24,31,commit_setup,operating,0.0,0.0
commit:24,32,commit_setup,operating,0.0,0.0
commit:24,33,commit_setup,operating,0.0,0.0
commit:24,34,commit_setup,operating,0.0,0.0
commit:24,35,commit_setup,operating,0.0,0.0
commit:24,36,commit_setup,operating,0.0,0.0
commit:24,0,commit_fees,capital,0.0,0.0
commit:24,1,commit_fees,operating,0.0,0.0
commit:24,2,commit_fees,operating,0.0,0.0
commit:24,3,commit_fees,operating,0.0,0.0
commit:24,4,commit_fees,operating,0.0,0.0
commit:24,5,commit_fees,operating,0.0,0.0
commit:24,6,commit_fees,operating,0.0,0.0
commit:24,7,commit_fees,operating,0.0,0.0
commit:24,8,commit_fees,operating,0.0,0.0
commit:24,9,commit_fees,operating,0.0,0.0
commit:24,10,commit_fees,operating,0.0,0.0
commit:24,11,commit_fees,operating,0.0,0.0
commit:24,12,commit_fees,operating,0.0,0.0
commit:24,13,commit_fees,operating,0.0,0.0
commit:24,14,commit_fees,operating,0.0,0.0
commit:24,15,commit_fees,operating,0.0,0.0
commit:24,16,commit_fees,operating,0.0,0.0
commit:24,17,commit_fees,operating,0.0,0.0
commit:24,18,commit_fees,operating,0.0,0.0
commit:24,19,commit_fees,operating,0.0,0.0
commit:24,20,commit_fees,operating,0.0,0.0
commit:24,21,commit_fees,operating,0.0,0.0
commit:24,22,commit_fees,operating,0.0,0.0
commit:24,23,commit_fees,operating,0.0,0.0
commit:24,24,commit_fees,operating,0.0,0.0
commit:24,25,commit_fees,operating,0.0,0.0
commit:24,26,commit_fees,operating,0.0,0.0
commit:24,27,commit_fees,operating,0.0,0.0
commit:24,28,commit_fees,operating,0.0,0.0
commit:24,29,commit_fees,operating,0.0,0.0
commit:24,30,commit_fees,operating,0.0,0.0
commit:24,31,commit_fees,operating,0.0,0.0
commit:24,32,commit_fees,operating,0.0,0.0
commit:24,33,commit_fees,operating,0.0,0.0
commit:24,34,commit_fees,operating,0.0,0.0
commit:24,35,commit_fees,operating,0.0,0.0
commit:24,36,commit_fees,operating,0.0,0.0
commit:25,0,on_demand,capital,0.0,0.0
commit:25,1,on_demand,operating,0.0,0.0
commit:25,2,on_demand,operating,0.0,0.0
commit:25,3,on_demand,operating,0.0,0.0
commit:25,4,on_demand,operating,0.0,0.0
commit:25,5,on_demand,operating,0.0,0.0
commit:25,6,on_demand,operating,0.0,0.0
commit:25,7,on_demand,operating,0.0,0.0
commit:25,8,on_demand,operating,0.0,0.0
commit:25,9,on_demand,operating,0.0,0.0
commit:25,10,on_demand,operating,0.0,0.0
commit:25,11,on_demand,operating,0.0,0.0
commit:25,12,on_demand,operating,0.0,0.0
commit:25,13,on_demand,operating,0.0,0.0
commit:25,14,on_demand,operating,0.0,0.0
commit:25,15,on_demand,operating,0.0,0.0
commit:25,16,on_demand,operating,0.0,0.0
commit:25,17,on_demand,operating,0.0,0.0
commit:25,18,on_demand,operating,0.0,0.0
commit:25,19,on_demand,operating,0.0,0.0
commit:25,20,on_demand,operating,0.0,0.0
commit:25,21,on_demand,operating,0.0,0.0
commit:25,22,on_demand,operating,0.0,0.0
commit:25,23,on_demand,operating,0.0,0.0
commit:25,24,on_demand,operating,0.0,0.0
commit:25,25,on_demand,operating,0.0,0.0
commit:25,26,on_demand,operating,0.0,0.0
commit:25,27,on_demand,operating,0.0,0.0
commit:25,28,on_demand,operating,0.0,0.0
commit:25,29,on_demand,operating,0.0,0.0
commit:25,30,on_demand,operating,0.0,0.0
commit:25,31,on_demand,operating,0.0,0.0
commit:25,32,on_demand,operating,0.0,0.0
commit:25,33,on_demand,operating,0.0,0.0
commit:25,34,on_demand,operating,0.0,0.0
commit:25,35,on_demand,operating,0.0,0.0
commit:25,36,on_demand,operating,0.0,0.0
commit:25,0,variable_service,capital,0.0,0.0
commit:25,1,variable_service,operating,0.0,0.0
commit:25,2,variable_service,operating,0.0,0.0
commit:25,3,variable_service,operating,0.0,0.0
commit:25,4,variable_service,operating,0.0,0.0
commit:25,5,variable_service,operating,0.0,0.0
commit:25,6,variable_service,operating,0.0,0.0
commit:25,7,variable_service,operating,0.0,0.0
commit:25,8,variable_service,operating,0.0,0.0
commit:25,9,variable_service,operating,0.0,0.0
commit:25,10,variable_service,operating,0.0,0.0
commit:25,11,variable_service,operating,0.0,0.0
commit:25,12,variable_service,operating,0.0,0.0
commit:25,13,variable_service,operating,0.0,0.0
commit:25,14,variable_service,operating,0.0,0.0
commit:25,15,variable_service,operating,0.0,0.0
commit:25,16,variable_service,operating,0.0,0.0
commit:25,17,variable_service,operating,0.0,0.0
commit:25,18,variable_service,operating,0.0,0.0
commit:25,19,variable_service,operating,0.0,0.0
commit:25,20,variable_service,operating,0.0,0.0
commit:25,21,variable_service,operating,0.0,0.0
commit:25,22,variable_service,operating,0.0,0.0
commit:25,23,variable_service,operating,0.0,0.0
commit:25,24,variable_service,operating,0.0,0.0
commit:25,25,variable_service,operating,0.0,0.0
commit:25,26,variable_service,operating,0.0,0.0
commit:25,27,variable_service,operating,0.0,0.0
commit:25,28,variable_service,operating,0.0,0.0
commit:25,29,variable_service,operating,0.0,0.0
commit:25,30,variable_service,operating,0.0,0.0
commit:25,31,variable_service,operating,0.0,0.0
commit:25,32,variable_service,operating,0.0,0.0
commit:25,33,variable_service,operating,0.0,0.0
commit:25,34,variable_service,operating,0.0,0.0
commit:25,35,variable_service,operating,0.0,0.0
commit:25,36,variable_service,operating,0.0,0.0
commit:25,0,commitment,capital,0.0,0.0
commit:25,1,commitment,operating,744000.0,738114.1739245612
commit:25,2,commitment,operating,720000.0,708653.1396310321
commit:25,3,commitment,operating,744000.0,726481.842719175
commit:25,4,commitment,operating,744000.0,720734.6037766894
commit:25,5,commitment,operating,672000.0,645836.1059310335
commit:25,6,commitment,operating,744000.0,709376.1663987206
commit:25,7,commitment,operating,720000.0,681062.1788022422
commit:25,8,commitment,operating,744000.0,698196.7326359429
commit:25,9,commitment,operating,720000.0,670328.9601280004
commit:25,10,commitment,operating,744000.0,687193.4814758183
commit:25,11,commitment,operating,744000.0,681757.054981004
commit:25,12,commitment,operating,720000.0,654545.4545454545
commit:25,13,commitment,operating,744000.0,671012.8853859648
commit:25,14,commitment,operating,720000.0,644230.1269373018
commit:25,15,commitment,operating,744000.0,660438.0388356136
commit:25,16,commitment,operating,744000.0,655213.2761606267
commit:25,17,commitment,operating,696000.0,608092.4374025965
commit:25,18,commitment,operating,744000.0,644887.4239988369
commit:25,19,commitment,operating,720000.0,619147.4352747656
commit:25,20,commitment,operating,744000.0,634724.3023963117
commit:25,21,commitment,operating,720000.0,609389.9637527276
commit:25,22,commitment,operating,744000.0,624721.3467961984
commit:25,23,commitment,operating,744000.0,619779.1408918217
commit:25,24,commitment,operating,720000.0,595041.3223140495
commit:25,25,commitment,operating,744000.0,610011.7139872406
commit:25,26,commitment,operating,720000.0,585663.7517611835
commit:25,27,commitment,operating,744000.0,600398.217123285
commit:25,28,commitment,operating,744000.0,595648.4328732969
commit:25,29,commitment,operating,672000.0,533748.8478768872
commit:25,30,commitment,operating,744000.0,586261.2945443972
commit:25,31,commitment,operating,720000.0,562861.3047952414
commit:25,32,commitment,operating,744000.0,577022.093087556
commit:25,33,commitment,operating,720000.0,553990.8761388432
commit:25,34,commitment,operating,744000.0,567928.497087453
commit:25,35,commitment,operating,744000.0,563435.5826289288
commit:25,36,commitment,operating,720000.0,540946.6566491359
commit:25,0,commit_setup,capital,0.0,0.0
commit:25,1,commit_setup,operating,0.0,0.0
commit:25,2,commit_setup,operating,0.0,0.0
commit:25,3,commit_setup,operating,0.0,0.0
commit:25,4,commit_setup,operating,0.0,0.0
commit:25,5,commit_setup,operating,0.0,0.0
commit:25,6,commit_setup,operating,0.0,0.0
commit:25,7,commit_setup,operating,0.0,0.0
commit:25,8,commit_setup,operating,0.0,0.0
commit:25,9,commit_setup,operating,0.0,0.0
commit:25,10,commit_setup,operating,0.0,0.0
commit:25,11,commit_setup,operating,0.0,0.0
commit:25,12,commit_setup,operating,0.0,0.0
commit:25,13,commit_setup,operating,0.0,0.0
commit:25,14,commit_setup,operating,0.0,0.0
commit:25,15,commit_setup,operating,0.0,0.0
commit:25,16,commit_setup,operating,0.0,0.0
commit:25,17,commit_setup,operating,0.0,0.0
commit:25,18,commit_setup,operating,0.0,0.0
commit:25,19,commit_setup,operating,0.0,0.0
commit:25,20,commit_setup,operating,0.0,0.0
commit:25,21,commit_setup,operating,0.0,0.0
commit:25,22,commit_setup,operating,0.0,0.0
commit:25,23,commit_setup,operating,0.0,0.0
commit:25,24,commit_setup,operating,0.0,0.0
commit:25,25,commit_setup,operating,0.0,0.0
commit:25,26,commit_setup,operating,0.0,0.0
commit:25,27,commit_setup,operating,0.0,0.0
commit:25,28,commit_setup,operating,0.0,0.0
commit:25,29,commit_setup,operating,0.0,0.0
commit:25,30,commit_setup,operating,0.0,0.0
commit:25,31,commit_setup,operating,0.0,0.0
commit:25,32,commit_setup,operating,0.0,0.0
commit:25,33,commit_setup,operating,0.0,0.0
commit:25,34,commit_setup,operating,0.0,0.0
commit:25,35,commit_setup,operating,0.0,0.0
commit:25,36,commit_setup,operating,0.0,0.0
commit:25,0,commit_fees,capital,0.0,0.0
commit:25,1,commit_fees,operating,0.0,0.0
commit:25,2,commit_fees,operating,0.0,0.0
commit:25,3,commit_fees,operating,0.0,0.0
commit:25,4,commit_fees,operating,0.0,0.0
commit:25,5,commit_fees,operating,0.0,0.0
commit:25,6,commit_fees,operating,0.0,0.0
commit:25,7,commit_fees,operating,0.0,0.0
commit:25,8,commit_fees,operating,0.0,0.0
commit:25,9,commit_fees,operating,0.0,0.0
commit:25,10,commit_fees,operating,0.0,0.0
commit:25,11,commit_fees,operating,0.0,0.0
commit:25,12,commit_fees,operating,0.0,0.0
commit:25,13,commit_fees,operating,0.0,0.0
commit:25,14,commit_fees,operating,0.0,0.0
commit:25,15,commit_fees,operating,0.0,0.0
commit:25,16,commit_fees,operating,0.0,0.0
commit:25,17,commit_fees,operating,0.0,0.0
commit:25,18,commit_fees,operating,0.0,0.0
commit:25,19,commit_fees,operating,0.0,0.0
commit:25,20,commit_fees,operating,0.0,0.0
commit:25,21,commit_fees,operating,0.0,0.0
commit:25,22,commit_fees,operating,0.0,0.0
commit:25,23,commit_fees,operating,0.0,0.0
commit:25,24,commit_fees,operating,0.0,0.0
commit:25,25,commit_fees,operating,0.0,0.0
commit:25,26,commit_fees,operating,0.0,0.0
commit:25,27,commit_fees,operating,0.0,0.0
commit:25,28,commit_fees,operating,0.0,0.0
commit:25,29,commit_fees,operating,0.0,0.0
commit:25,30,commit_fees,operating,0.0,0.0
commit:25,31,commit_fees,operating,0.0,0.0
commit:25,32,commit_fees,operating,0.0,0.0
commit:25,33,commit_fees,operating,0.0,0.0
commit:25,34,commit_fees,operating,0.0,0.0
commit:25,35,commit_fees,operating,0.0,0.0
commit:25,36,commit_fees,operating,0.0,0.0
commit:26,0,on_demand,capital,0.0,0.0
commit:26,1,on_demand,operating,0.0,0.0
commit:26,2,on_demand,operating,0.0,0.0
commit:26,3,on_demand,operating,0.0,0.0
commit:26,4,on_demand,operating,0.0,0.0
commit:26,5,on_demand,operating,0.0,0.0
commit:26,6,on_demand,operating,0.0,0.0
commit:26,7,on_demand,operating,0.0,0.0
commit:26,8,on_demand,operating,0.0,0.0
commit:26,9,on_demand,operating,0.0,0.0
commit:26,10,on_demand,operating,0.0,0.0
commit:26,11,on_demand,operating,0.0,0.0
commit:26,12,on_demand,operating,0.0,0.0
commit:26,13,on_demand,operating,0.0,0.0
commit:26,14,on_demand,operating,0.0,0.0
commit:26,15,on_demand,operating,0.0,0.0
commit:26,16,on_demand,operating,0.0,0.0
commit:26,17,on_demand,operating,0.0,0.0
commit:26,18,on_demand,operating,0.0,0.0
commit:26,19,on_demand,operating,0.0,0.0
commit:26,20,on_demand,operating,0.0,0.0
commit:26,21,on_demand,operating,0.0,0.0
commit:26,22,on_demand,operating,0.0,0.0
commit:26,23,on_demand,operating,0.0,0.0
commit:26,24,on_demand,operating,0.0,0.0
commit:26,25,on_demand,operating,0.0,0.0
commit:26,26,on_demand,operating,0.0,0.0
commit:26,27,on_demand,operating,0.0,0.0
commit:26,28,on_demand,operating,0.0,0.0
commit:26,29,on_demand,operating,0.0,0.0
commit:26,30,on_demand,operating,0.0,0.0
commit:26,31,on_demand,operating,0.0,0.0
commit:26,32,on_demand,operating,0.0,0.0
commit:26,33,on_demand,operating,0.0,0.0
commit:26,34,on_demand,operating,0.0,0.0
commit:26,35,on_demand,operating,0.0,0.0
commit:26,36,on_demand,operating,0.0,0.0
commit:26,0,variable_service,capital,0.0,0.0
commit:26,1,variable_service,operating,0.0,0.0
commit:26,2,variable_service,operating,0.0,0.0
commit:26,3,variable_service,operating,0.0,0.0
commit:26,4,variable_service,operating,0.0,0.0
commit:26,5,variable_service,operating,0.0,0.0
commit:26,6,variable_service,operating,0.0,0.0
commit:26,7,variable_service,operating,0.0,0.0
commit:26,8,variable_service,operating,0.0,0.0
commit:26,9,variable_service,operating,0.0,0.0
commit:26,10,variable_service,operating,0.0,0.0
commit:26,11,variable_service,operating,0.0,0.0
commit:26,12,variable_service,operating,0.0,0.0
commit:26,13,variable_service,operating,0.0,0.0
commit:26,14,variable_service,operating,0.0,0.0
commit:26,15,variable_service,operating,0.0,0.0
commit:26,16,variable_service,operating,0.0,0.0
commit:26,17,variable_service,operating,0.0,0.0
commit:26,18,variable_service,operating,0.0,0.0
commit:26,19,variable_service,operating,0.0,0.0
commit:26,20,variable_service,operating,0.0,0.0
commit:26,21,variable_service,operating,0.0,0.0
commit:26,22,variable_service,operating,0.0,0.0
commit:26,23,variable_service,operating,0.0,0.0
commit:26,24,variable_service,operating,0.0,0.0
commit:26,25,variable_service,operating,0.0,0.0
commit:26,26,variable_service,operating,0.0,0.0
commit:26,27,variable_service,operating,0.0,0.0
commit:26,28,variable_service,operating,0.0,0.0
commit:26,29,variable_service,operating,0.0,0.0
commit:26,30,variable_service,operating,0.0,0.0
commit:26,31,variable_service,operating,0.0,0.0
commit:26,32,variable_service,operating,0.0,0.0
commit:26,33,variable_service,operating,0.0,0.0
commit:26,34,variable_service,operating,0.0,0.0
commit:26,35,variable_service,operating,0.0,0.0
commit:26,36,variable_service,operating,0.0,0.0
commit:26,0,commitment,capital,0.0,0.0
commit:26,1,commitment,operating,773760.0,767638.7408815437
commit:26,2,commitment,operating,748800.0,736999.2652162734
commit:26,3,commitment,operating,773760.0,755541.1164279421
commit:26,4,commitment,operating,773760.0,749563.987927757
commit:26,5,commitment,operating,698880.0,671669.5501682749
commit:26,6,commitment,operating,773760.0,737751.2130546694
commit:26,7,commitment,operating,748800.0,708304.6659543319
commit:26,8,commitment,operating,773760.0,726124.6019413805
commit:26,9,commitment,operating,748800.0,697142.1185331204
commit:26,10,commitment,operating,773760.0,714681.2207348511
commit:26,11,commitment,operating,773760.0,709027.3371802442
commit:26,12,commitment,operating,748800.0,680727.2727272727
commit:26,13,commitment,operating,773760.0,697853.4008014033
commit:26,14,commitment,operating,748800.0,669999.3320147939
commit:26,15,commitment,operating,773760.0,686855.5603890382
commit:26,16,commitment,operating,773760.0,681421.8072070518
commit:26,17,commitment,operating,723840.0,632416.1348987003
commit:26,18,commitment,operating,773760.0,670682.9209587903
commit:26,19,commitment,operating,748800.0,643913.3326857563
commit:26,20,commitment,operating,773760.0,660113.274492164
commit:26,21,commitment,operating,748800.0,633765.5623028367
commit:26,22,commitment,operating,773760.0,649710.2006680464
commit:26,23,commitment,operating,773760.0,644570.3065274946
commit:26,24,commitment,operating,748800.0,618842.9752066116
commit:26,25,commitment,operating,773760.0,634412.1825467302
commit:26,26,commitment,operating,748800.0,609090.3018316309
commit:26,27,commitment,operating,773760.0,624414.1458082164
commit:26,28,commitment,operating,773760.0,619474.3701882288
commit:26,29,commitment,operating,698880.0,555098.8017919627
commit:26,30,commitment,operating,773760.0,609711.746326173
commit:26,31,commitment,operating,748800.0,585375.7569870511
commit:26,32,commitment,operating,773760.0,600102.9768110582
commit:26,33,commitment,operating,748800.0,576150.5111843969
commit:26,34,commitment,operating,773760.0,590645.6369709512
commit:26,35,commitment,operating,773760.0,585973.0059340859
commit:26,36,commitment,operating,748800.0,562584.5229151013
commit:26,0,commit_setup,capital,0.0,0.0
commit:26,1,commit_setup,operating,0.0,0.0
commit:26,2,commit_setup,operating,0.0,0.0
commit:26,3,commit_setup,operating,0.0,0.0
commit:26,4,commit_setup,operating,0.0,0.0
commit:26,5,commit_setup,operating,0.0,0.0
commit:26,6,commit_setup,operating,0.0,0.0
commit:26,7,commit_setup,operating,0.0,0.0
commit:26,8,commit_setup,operating,0.0,0.0
commit:26,9,commit_setup,operating,0.0,0.0
commit:26,10,commit_setup,operating,0.0,0.0
commit:26,11,commit_setup,operating,0.0,0.0
commit:26,12,commit_setup,operating,0.0,0.0
commit:26,13,commit_setup,operating,0.0,0.0
commit:26,14,commit_setup,operating,0.0,0.0
commit:26,15,commit_setup,operating,0.0,0.0
commit:26,16,commit_setup,operating,0.0,0.0
commit:26,17,commit_setup,operating,0.0,0.0
commit:26,18,commit_setup,operating,0.0,0.0
commit:26,19,commit_setup,operating,0.0,0.0
commit:26,20,commit_setup,operating,0.0,0.0
commit:26,21,commit_setup,operating,0.0,0.0
commit:26,22,commit_setup,operating,0.0,0.0
commit:26,23,commit_setup,operating,0.0,0.0
commit:26,24,commit_setup,operating,0.0,0.0
commit:26,25,commit_setup,operating,0.0,0.0
commit:26,26,commit_setup,operating,0.0,0.0
commit:26,27,commit_setup,operating,0.0,0.0
commit:26,28,commit_setup,operating,0.0,0.0
commit:26,29,commit_setup,operating,0.0,0.0
commit:26,30,commit_setup,operating,0.0,0.0
commit:26,31,commit_setup,operating,0.0,0.0
commit:26,32,commit_setup,operating,0.0,0.0
commit:26,33,commit_setup,operating,0.0,0.0
commit:26,34,commit_setup,operating,0.0,0.0
commit:26,35,commit_setup,operating,0.0,0.0
commit:26,36,commit_setup,operating,0.0,0.0
commit:26,0,commit_fees,capital,0.0,0.0
commit:26,1,commit_fees,operating,0.0,0.0
commit:26,2,commit_fees,operating,0.0,0.0
commit:26,3,commit_fees,operating,0.0,0.0
commit:26,4,commit_fees,operating,0.0,0.0
commit:26,5,commit_fees,operating,0.0,0.0
commit:26,6,commit_fees,operating,0.0,0.0
commit:26,7,commit_fees,operating,0.0,0.0
commit:26,8,commit_fees,operating,0.0,0.0
commit:26,9,commit_fees,operating,0.0,0.0
commit:26,10,commit_fees,operating,0.0,0.0
commit:26,11,commit_fees,operating,0.0,0.0
commit:26,12,commit_fees,operating,0.0,0.0
commit:26,13,commit_fees,operating,0.0,0.0
commit:26,14,commit_fees,operating,0.0,0.0
commit:26,15,commit_fees,operating,0.0,0.0
commit:26,16,commit_fees,operating,0.0,0.0
commit:26,17,commit_fees,operating,0.0,0.0
commit:26,18,commit_fees,operating,0.0,0.0
commit:26,19,commit_fees,operating,0.0,0.0
commit:26,20,commit_fees,operating,0.0,0.0
commit:26,21,commit_fees,operating,0.0,0.0
commit:26,22,commit_fees,operating,0.0,0.0
commit:26,23,commit_fees,operating,0.0,0.0
commit:26,24,commit_fees,operating,0.0,0.0
commit:26,25,commit_fees,operating,0.0,0.0
commit:26,26,commit_fees,operating,0.0,0.0
commit:26,27,commit_fees,operating,0.0,0.0
commit:26,28,commit_fees,operating,0.0,0.0
commit:26,29,commit_fees,operating,0.0,0.0
commit:26,30,commit_fees,operating,0.0,0.0
commit:26,31,commit_fees,operating,0.0,0.0
commit:26,32,commit_fees,operating,0.0,0.0
commit:26,33,commit_fees,operating,0.0,0.0
commit:26,34,commit_fees,operating,0.0,0.0
commit:26,35,commit_fees,operating,0.0,0.0
commit:26,36,commit_fees,operating,0.0,0.0
commit:27,0,on_demand,capital,0.0,0.0
commit:27,1,on_demand,operating,0.0,0.0
commit:27,2,on_demand,operating,0.0,0.0
commit:27,3,on_demand,operating,0.0,0.0
commit:27,4,on_demand,operating,0.0,0.0
commit:27,5,on_demand,operating,0.0,0.0
commit:27,6,on_demand,operating,0.0,0.0
commit:27,7,on_demand,operating,0.0,0.0
commit:27,8,on_demand,operating,0.0,0.0
commit:27,9,on_demand,operating,0.0,0.0
commit:27,10,on_demand,operating,0.0,0.0
commit:27,11,on_demand,operating,0.0,0.0
commit:27,12,on_demand,operating,0.0,0.0
commit:27,13,on_demand,operating,0.0,0.0
commit:27,14,on_demand,operating,0.0,0.0
commit:27,15,on_demand,operating,0.0,0.0
commit:27,16,on_demand,operating,0.0,0.0
commit:27,17,on_demand,operating,0.0,0.0
commit:27,18,on_demand,operating,0.0,0.0
commit:27,19,on_demand,operating,0.0,0.0
commit:27,20,on_demand,operating,0.0,0.0
commit:27,21,on_demand,operating,0.0,0.0
commit:27,22,on_demand,operating,0.0,0.0
commit:27,23,on_demand,operating,0.0,0.0
commit:27,24,on_demand,operating,0.0,0.0
commit:27,25,on_demand,operating,0.0,0.0
commit:27,26,on_demand,operating,0.0,0.0
commit:27,27,on_demand,operating,0.0,0.0
commit:27,28,on_demand,operating,0.0,0.0
commit:27,29,on_demand,operating,0.0,0.0
commit:27,30,on_demand,operating,0.0,0.0
commit:27,31,on_demand,operating,0.0,0.0
commit:27,32,on_demand,operating,0.0,0.0
commit:27,33,on_demand,operating,0.0,0.0
commit:27,34,on_demand,operating,0.0,0.0
commit:27,35,on_demand,operating,0.0,0.0
commit:27,36,on_demand,operating,0.0,0.0
commit:27,0,variable_service,capital,0.0,0.0
commit:27,1,variable_service,operating,0.0,0.0
commit:27,2,variable_service,operating,0.0,0.0
commit:27,3,variable_service,operating,0.0,0.0
commit:27,4,variable_service,operating,0.0,0.0
commit:27,5,variable_service,operating,0.0,0.0
commit:27,6,variable_service,operating,0.0,0.0
commit:27,7,variable_service,operating,0.0,0.0
commit:27,8,variable_service,operating,0.0,0.0
commit:27,9,variable_service,operating,0.0,0.0
commit:27,10,variable_service,operating,0.0,0.0
commit:27,11,variable_service,operating,0.0,0.0
commit:27,12,variable_service,operating,0.0,0.0
commit:27,13,variable_service,operating,0.0,0.0
commit:27,14,variable_service,operating,0.0,0.0
commit:27,15,variable_service,operating,0.0,0.0
commit:27,16,variable_service,operating,0.0,0.0
commit:27,17,variable_service,operating,0.0,0.0
commit:27,18,variable_service,operating,0.0,0.0
commit:27,19,variable_service,operating,0.0,0.0
commit:27,20,variable_service,operating,0.0,0.0
commit:27,21,variable_service,operating,0.0,0.0
commit:27,22,variable_service,operating,0.0,0.0
commit:27,23,variable_service,operating,0.0,0.0
commit:27,24,variable_service,operating,0.0,0.0
commit:27,25,variable_service,operating,0.0,0.0
commit:27,26,variable_service,operating,0.0,0.0
commit:27,27,variable_service,operating,0.0,0.0
commit:27,28,variable_service,operating,0.0,0.0
commit:27,29,variable_service,operating,0.0,0.0
commit:27,30,variable_service,operating,0.0,0.0
commit:27,31,variable_service,operating,0.0,0.0
commit:27,32,variable_service,operating,0.0,0.0
commit:27,33,variable_service,operating,0.0,0.0
commit:27,34,variable_service,operating,0.0,0.0
commit:27,35,variable_service,operating,0.0,0.0
commit:27,36,variable_service,operating,0.0,0.0
commit:27,0,commitment,capital,0.0,0.0
commit:27,1,commitment,operating,803520.0,797163.3078385262
commit:27,2,commitment,operating,777600.0,765345.3908015146
commit:27,3,commitment,operating,803520.0,784600.3901367091
commit:27,4,commitment,operating,803520.0,778393.3720788246
commit:27,5,commitment,operating,725760.0,697502.9944055162
commit:27,6,commitment,operating,803520.0,766126.2597106183
commit:27,7,commitment,operating,777600.0,735547.1531064216
commit:27,8,commitment,operating,803520.0,754052.4712468183
commit:27,9,commitment,operating,777600.0,723955.2769382404
commit:27,10,commitment,operating,803520.0,742168.9599938837
commit:27,11,commitment,operating,803520.0,736297.6193794843
commit:27,12,commitment,operating,777600.0,706909.0909090909
commit:27,13,commitment,operating,803520.0,724693.9162168419
commit:27,14,commitment,operating,777600.0,695768.5370922859
commit:27,15,commitment,operating,803520.0,713273.0819424627
commit:27,16,commitment,operating,803520.0,707630.3382534769
commit:27,17,commitment,operating,751680.0,656739.8323948042
commit:27,18,commitment,operating,803520.0,696478.4179187438
commit:27,19,commitment,operating,777600.0,668679.2300967469
commit:27,20,commitment,operating,803520.0,685502.2465880165
commit:27,21,commitment,operating,777600.0,658141.1608529458
commit:27,22,commitment,operating,803520.0,674699.0545398943
commit:27,23,commitment,operating,803520.0,669361.4721631674
commit:27,24,commitment,operating,777600.0,642644.6280991735
commit:27,25,commitment,operating,803520.0,658812.6511062199
commit:27,26,commitment,operating,777600.0,632516.8519020781
commit:27,27,commitment,operating,803520.0,648430.0744931478
commit:27,28,commitment,operating,803520.0,643300.3075031607
commit:27,29,commitment,operating,725760.0,576448.7557070381
commit:27,30,commitment,operating,803520.0,633162.1981079489
commit:27,31,commitment,operating,777600.0,607890.2091788608
commit:27,32,commitment,operating,803520.0,623183.8605345605
commit:27,33,commitment,operating,777600.0,598310.1462299507
commit:27,34,commitment,operating,803520.0,613362.7768544493
commit:27,35,commitment,operating,803520.0,608510.4292392432
commit:27,36,commitment,operating,777600.0,584222.3891810667
commit:27,0,commit_setup,capital,0.0,0.0
commit:27,1,commit_setup,operating,0.0,0.0
commit:27,2,commit_setup,operating,0.0,0.0
commit:27,3,commit_setup,operating,0.0,0.0
commit:27,4,commit_setup,operating,0.0,0.0
commit:27,5,commit_setup,operating,0.0,0.0
commit:27,6,commit_setup,operating,0.0,0.0
commit:27,7,commit_setup,operating,0.0,0.0
commit:27,8,commit_setup,operating,0.0,0.0
commit:27,9,commit_setup,operating,0.0,0.0
commit:27,10,commit_setup,operating,0.0,0.0
commit:27,11,commit_setup,operating,0.0,0.0
commit:27,12,commit_setup,operating,0.0,0.0
commit:27,13,commit_setup,operating,0.0,0.0
commit:27,14,commit_setup,operating,0.0,0.0
commit:27,15,commit_setup,operating,0.0,0.0
commit:27,16,commit_setup,operating,0.0,0.0
commit:27,17,commit_setup,operating,0.0,0.0
commit:27,18,commit_setup,operating,0.0,0.0
commit:27,19,commit_setup,operating,0.0,0.0
commit:27,20,commit_setup,operating,0.0,0.0
commit:27,21,commit_setup,operating,0.0,0.0
commit:27,22,commit_setup,operating,0.0,0.0
commit:27,23,commit_setup,operating,0.0,0.0
commit:27,24,commit_setup,operating,0.0,0.0
commit:27,25,commit_setup,operating,0.0,0.0
commit:27,26,commit_setup,operating,0.0,0.0
commit:27,27,commit_setup,operating,0.0,0.0
commit:27,28,commit_setup,operating,0.0,0.0
commit:27,29,commit_setup,operating,0.0,0.0
commit:27,30,commit_setup,operating,0.0,0.0
commit:27,31,commit_setup,operating,0.0,0.0
commit:27,32,commit_setup,operating,0.0,0.0
commit:27,33,commit_setup,operating,0.0,0.0
commit:27,34,commit_setup,operating,0.0,0.0
commit:27,35,commit_setup,operating,0.0,0.0
commit:27,36,commit_setup,operating,0.0,0.0
commit:27,0,commit_fees,capital,0.0,0.0
commit:27,1,commit_fees,operating,0.0,0.0
commit:27,2,commit_fees,operating,0.0,0.0
commit:27,3,commit_fees,operating,0.0,0.0
commit:27,4,commit_fees,operating,0.0,0.0
commit:27,5,commit_fees,operating,0.0,0.0
commit:27,6,commit_fees,operating,0.0,0.0
commit:27,7,commit_fees,operating,0.0,0.0
commit:27,8,commit_fees,operating,0.0,0.0
commit:27,9,commit_fees,operating,0.0,0.0
commit:27,10,commit_fees,operating,0.0,0.0
commit:27,11,commit_fees,operating,0.0,0.0
commit:27,12,commit_fees,operating,0.0,0.0
commit:27,13,commit_fees,operating,0.0,0.0
commit:27,14,commit_fees,operating,0.0,0.0
commit:27,15,commit_fees,operating,0.0,0.0
commit:27,16,commit_fees,operating,0.0,0.0
commit:27,17,commit_fees,operating,0.0,0.0
commit:27,18,commit_fees,operating,0.0,0.0
commit:27,19,commit_fees,operating,0.0,0.0
commit:27,20,commit_fees,operating,0.0,0.0
commit:27,21,commit_fees,operating,0.0,0.0
commit:27,22,commit_fees,operating,0.0,0.0
commit:27,23,commit_fees,operating,0.0,0.0
commit:27,24,commit_fees,operating,0.0,0.0
commit:27,25,commit_fees,operating,0.0,0.0
commit:27,26,commit_fees,operating,0.0,0.0
commit:27,27,commit_fees,operating,0.0,0.0
commit:27,28,commit_fees,operating,0.0,0.0
commit:27,29,commit_fees,operating,0.0,0.0
commit:27,30,commit_fees,operating,0.0,0.0
commit:27,31,commit_fees,operating,0.0,0.0
commit:27,32,commit_fees,operating,0.0,0.0
commit:27,33,commit_fees,operating,0.0,0.0
commit:27,34,commit_fees,operating,0.0,0.0
commit:27,35,commit_fees,operating,0.0,0.0
commit:27,36,commit_fees,operating,0.0,0.0
commit:28,0,on_demand,capital,0.0,0.0
commit:28,1,on_demand,operating,0.0,0.0
commit:28,2,on_demand,operating,0.0,0.0
commit:28,3,on_demand,operating,0.0,0.0
commit:28,4,on_demand,operating,0.0,0.0
commit:28,5,on_demand,operating,0.0,0.0
commit:28,6,on_demand,operating,0.0,0.0
commit:28,7,on_demand,operating,0.0,0.0
commit:28,8,on_demand,operating,0.0,0.0
commit:28,9,on_demand,operating,0.0,0.0
commit:28,10,on_demand,operating,0.0,0.0
commit:28,11,on_demand,operating,0.0,0.0
commit:28,12,on_demand,operating,0.0,0.0
commit:28,13,on_demand,operating,0.0,0.0
commit:28,14,on_demand,operating,0.0,0.0
commit:28,15,on_demand,operating,0.0,0.0
commit:28,16,on_demand,operating,0.0,0.0
commit:28,17,on_demand,operating,0.0,0.0
commit:28,18,on_demand,operating,0.0,0.0
commit:28,19,on_demand,operating,0.0,0.0
commit:28,20,on_demand,operating,0.0,0.0
commit:28,21,on_demand,operating,0.0,0.0
commit:28,22,on_demand,operating,0.0,0.0
commit:28,23,on_demand,operating,0.0,0.0
commit:28,24,on_demand,operating,0.0,0.0
commit:28,25,on_demand,operating,0.0,0.0
commit:28,26,on_demand,operating,0.0,0.0
commit:28,27,on_demand,operating,0.0,0.0
commit:28,28,on_demand,operating,0.0,0.0
commit:28,29,on_demand,operating,0.0,0.0
commit:28,30,on_demand,operating,0.0,0.0
commit:28,31,on_demand,operating,0.0,0.0
commit:28,32,on_demand,operating,0.0,0.0
commit:28,33,on_demand,operating,0.0,0.0
commit:28,34,on_demand,operating,0.0,0.0
commit:28,35,on_demand,operating,0.0,0.0
commit:28,36,on_demand,operating,0.0,0.0
commit:28,0,variable_service,capital,0.0,0.0
commit:28,1,variable_service,operating,0.0,0.0
commit:28,2,variable_service,operating,0.0,0.0
commit:28,3,variable_service,operating,0.0,0.0
commit:28,4,variable_service,operating,0.0,0.0
commit:28,5,variable_service,operating,0.0,0.0
commit:28,6,variable_service,operating,0.0,0.0
commit:28,7,variable_service,operating,0.0,0.0
commit:28,8,variable_service,operating,0.0,0.0
commit:28,9,variable_service,operating,0.0,0.0
commit:28,10,variable_service,operating,0.0,0.0
commit:28,11,variable_service,operating,0.0,0.0
commit:28,12,variable_service,operating,0.0,0.0
commit:28,13,variable_service,operating,0.0,0.0
commit:28,14,variable_service,operating,0.0,0.0
commit:28,15,variable_service,operating,0.0,0.0
commit:28,16,variable_service,operating,0.0,0.0
commit:28,17,variable_service,operating,0.0,0.0
commit:28,18,variable_service,operating,0.0,0.0
commit:28,19,variable_service,operating,0.0,0.0
commit:28,20,variable_service,operating,0.0,0.0
commit:28,21,variable_service,operating,0.0,0.0
commit:28,22,variable_service,operating,0.0,0.0
commit:28,23,variable_service,operating,0.0,0.0
commit:28,24,variable_service,operating,0.0,0.0
commit:28,25,variable_service,operating,0.0,0.0
commit:28,26,variable_service,operating,0.0,0.0
commit:28,27,variable_service,operating,0.0,0.0
commit:28,28,variable_service,operating,0.0,0.0
commit:28,29,variable_service,operating,0.0,0.0
commit:28,30,variable_service,operating,0.0,0.0
commit:28,31,variable_service,operating,0.0,0.0
commit:28,32,variable_service,operating,0.0,0.0
commit:28,33,variable_service,operating,0.0,0.0
commit:28,34,variable_service,operating,0.0,0.0
commit:28,35,variable_service,operating,0.0,0.0
commit:28,36,variable_service,operating,0.0,0.0
commit:28,0,commitment,capital,0.0,0.0
commit:28,1,commitment,operating,833280.0,826687.8747955086
commit:28,2,commitment,operating,806400.0,793691.516386756
commit:28,3,commitment,operating,833280.0,813659.663845476
commit:28,4,commitment,operating,833280.0,807222.7562298921
commit:28,5,commitment,operating,752640.0,723336.4386427576
commit:28,6,commitment,operating,833280.0,794501.3063665672
commit:28,7,commitment,operating,806400.0,762789.6402585113
commit:28,8,commitment,operating,833280.0,781980.340552256
commit:28,9,commitment,operating,806400.0,750768.4353433604
commit:28,10,commitment,operating,833280.0,769656.6992529165
commit:28,11,commitment,operating,833280.0,763567.9015787244
commit:28,12,commitment,operating,806400.0,733090.9090909091
commit:28,13,commitment,operating,833280.0,751534.4316322806
commit:28,14,commitment,operating,806400.0,721537.742169778
commit:28,15,commitment,operating,833280.0,739690.6034958872
commit:28,16,commitment,operating,833280.0,733838.8692999019
commit:28,17,commitment,operating,779520.0,681063.529890908
commit:28,18,commitment,operating,833280.0,722273.9148786973
commit:28,19,commitment,operating,806400.0,693445.1275077375
commit:28,20,commitment,operating,833280.0,710891.218683869
commit:28,21,commitment,operating,806400.0,682516.759403055
commit:28,22,commitment,operating,833280.0,699687.9084117422
commit:28,23,commitment,operating,833280.0,694152.6377988403
commit:28,24,commitment,operating,806400.0,666446.2809917355
commit:28,25,commitment,operating,833280.0,683213.1196657094
commit:28,26,commitment,operating,806400.0,655943.4019725255
commit:28,27,commitment,operating,833280.0,672446.0031780793
commit:28,28,commitment,operating,833280.0,667126.2448180926
commit:28,29,commitment,operating,752640.0,597798.7096221136
commit:28,30,commitment,operating,833280.0,656612.6498897248
commit:28,31,commitment,operating,806400.0,630404.6613706704
commit:28,32,commitment,operating,833280.0,646264.7442580627
commit:28,33,commitment,operating,806400.0,620469.7812755044
commit:28,34,commitment,operating,833280.0,636079.9167379475
commit:28,35,commitment,operating,833280.0,631047.8525444003
commit:28,36,commitment,operating,806400.0,605860.2554470322
commit:28,0,commit_setup,capital,0.0,0.0
commit:28,1,commit_setup,operating,0.0,0.0
commit:28,2,commit_setup,operating,0.0,0.0
commit:28,3,commit_setup,operating,0.0,0.0
commit:28,4,commit_setup,operating,0.0,0.0
commit:28,5,commit_setup,operating,0.0,0.0
commit:28,6,commit_setup,operating,0.0,0.0
commit:28,7,commit_setup,operating,0.0,0.0
commit:28,8,commit_setup,operating,0.0,0.0
commit:28,9,commit_setup,operating,0.0,0.0
commit:28,10,commit_setup,operating,0.0,0.0
commit:28,11,commit_setup,operating,0.0,0.0
commit:28,12,commit_setup,operating,0.0,0.0
commit:28,13,commit_setup,operating,0.0,0.0
commit:28,14,commit_setup,operating,0.0,0.0
commit:28,15,commit_setup,operating,0.0,0.0
commit:28,16,commit_setup,operating,0.0,0.0
commit:28,17,commit_setup,operating,0.0,0.0
commit:28,18,commit_setup,operating,0.0,0.0
commit:28,19,commit_setup,operating,0.0,0.0
commit:28,20,commit_setup,operating,0.0,0.0
commit:28,21,commit_setup,operating,0.0,0.0
commit:28,22,commit_setup,operating,0.0,0.0
commit:28,23,commit_setup,operating,0.0,0.0
commit:28,24,commit_setup,operating,0.0,0.0
commit:28,25,commit_setup,operating,0.0,0.0
commit:28,26,commit_setup,operating,0.0,0.0
commit:28,27,commit_setup,operating,0.0,0.0
commit:28,28,commit_setup,operating,0.0,0.0
commit:28,29,commit_setup,operating,0.0,0.0
commit:28,30,commit_setup,operating,0.0,0.0
commit:28,31,commit_setup,operating,0.0,0.0
commit:28,32,commit_setup,operating,0.0,0.0
commit:28,33,commit_setup,operating,0.0,0.0
commit:28,34,commit_setup,operating,0.0,0.0
commit:28,35,commit_setup,operating,0.0,0.0
commit:28,36,commit_setup,operating,0.0,0.0
commit:28,0,commit_fees,capital,0.0,0.0
commit:28,1,commit_fees,operating,0.0,0.0
commit:28,2,commit_fees,operating,0.0,0.0
commit:28,3,commit_fees,operating,0.0,0.0
commit:28,4,commit_fees,operating,0.0,0.0
commit:28,5,commit_fees,operating,0.0,0.0
commit:28,6,commit_fees,operating,0.0,0.0
commit:28,7,commit_fees,operating,0.0,0.0
commit:28,8,commit_fees,operating,0.0,0.0
commit:28,9,commit_fees,operating,0.0,0.0
commit:28,10,commit_fees,operating,0.0,0.0
commit:28,11,commit_fees,operating,0.0,0.0
commit:28,12,commit_fees,operating,0.0,0.0
commit:28,13,commit_fees,operating,0.0,0.0
commit:28,14,commit_fees,operating,0.0,0.0
commit:28,15,commit_fees,operating,0.0,0.0
commit:28,16,commit_fees,operating,0.0,0.0
commit:28,17,commit_fees,operating,0.0,0.0
commit:28,18,commit_fees,operating,0.0,0.0
commit:28,19,commit_fees,operating,0.0,0.0
commit:28,20,commit_fees,operating,0.0,0.0
commit:28,21,commit_fees,operating,0.0,0.0
commit:28,22,commit_fees,operating,0.0,0.0
commit:28,23,commit_fees,operating,0.0,0.0
commit:28,24,commit_fees,operating,0.0,0.0
commit:28,25,commit_fees,operating,0.0,0.0
commit:28,26,commit_fees,operating,0.0,0.0
commit:28,27,commit_fees,operating,0.0,0.0
commit:28,28,commit_fees,operating,0.0,0.0
commit:28,29,commit_fees,operating,0.0,0.0
commit:28,30,commit_fees,operating,0.0,0.0
commit:28,31,commit_fees,operating,0.0,0.0
commit:28,32,commit_fees,operating,0.0,0.0
commit:28,33,commit_fees,operating,0.0,0.0
commit:28,34,commit_fees,operating,0.0,0.0
commit:28,35,commit_fees,operating,0.0,0.0
commit:28,36,commit_fees,operating,0.0,0.0
commit:29,0,on_demand,capital,0.0,0.0
commit:29,1,on_demand,operating,0.0,0.0
commit:29,2,on_demand,operating,0.0,0.0
commit:29,3,on_demand,operating,0.0,0.0
commit:29,4,on_demand,operating,0.0,0.0
commit:29,5,on_demand,operating,0.0,0.0
commit:29,6,on_demand,operating,0.0,0.0
commit:29,7,on_demand,operating,0.0,0.0
commit:29,8,on_demand,operating,0.0,0.0
commit:29,9,on_demand,operating,0.0,0.0
commit:29,10,on_demand,operating,0.0,0.0
commit:29,11,on_demand,operating,0.0,0.0
commit:29,12,on_demand,operating,0.0,0.0
commit:29,13,on_demand,operating,0.0,0.0
commit:29,14,on_demand,operating,0.0,0.0
commit:29,15,on_demand,operating,0.0,0.0
commit:29,16,on_demand,operating,0.0,0.0
commit:29,17,on_demand,operating,0.0,0.0
commit:29,18,on_demand,operating,0.0,0.0
commit:29,19,on_demand,operating,0.0,0.0
commit:29,20,on_demand,operating,0.0,0.0
commit:29,21,on_demand,operating,0.0,0.0
commit:29,22,on_demand,operating,0.0,0.0
commit:29,23,on_demand,operating,0.0,0.0
commit:29,24,on_demand,operating,0.0,0.0
commit:29,25,on_demand,operating,0.0,0.0
commit:29,26,on_demand,operating,0.0,0.0
commit:29,27,on_demand,operating,0.0,0.0
commit:29,28,on_demand,operating,0.0,0.0
commit:29,29,on_demand,operating,0.0,0.0
commit:29,30,on_demand,operating,0.0,0.0
commit:29,31,on_demand,operating,0.0,0.0
commit:29,32,on_demand,operating,0.0,0.0
commit:29,33,on_demand,operating,0.0,0.0
commit:29,34,on_demand,operating,0.0,0.0
commit:29,35,on_demand,operating,0.0,0.0
commit:29,36,on_demand,operating,0.0,0.0
commit:29,0,variable_service,capital,0.0,0.0
commit:29,1,variable_service,operating,0.0,0.0
commit:29,2,variable_service,operating,0.0,0.0
commit:29,3,variable_service,operating,0.0,0.0
commit:29,4,variable_service,operating,0.0,0.0
commit:29,5,variable_service,operating,0.0,0.0
commit:29,6,variable_service,operating,0.0,0.0
commit:29,7,variable_service,operating,0.0,0.0
commit:29,8,variable_service,operating,0.0,0.0
commit:29,9,variable_service,operating,0.0,0.0
commit:29,10,variable_service,operating,0.0,0.0
commit:29,11,variable_service,operating,0.0,0.0
commit:29,12,variable_service,operating,0.0,0.0
commit:29,13,variable_service,operating,0.0,0.0
commit:29,14,variable_service,operating,0.0,0.0
commit:29,15,variable_service,operating,0.0,0.0
commit:29,16,variable_service,operating,0.0,0.0
commit:29,17,variable_service,operating,0.0,0.0
commit:29,18,variable_service,operating,0.0,0.0
commit:29,19,variable_service,operating,0.0,0.0
commit:29,20,variable_service,operating,0.0,0.0
commit:29,21,variable_service,operating,0.0,0.0
commit:29,22,variable_service,operating,0.0,0.0
commit:29,23,variable_service,operating,0.0,0.0
commit:29,24,variable_service,operating,0.0,0.0
commit:29,25,variable_service,operating,0.0,0.0
commit:29,26,variable_service,operating,0.0,0.0
commit:29,27,variable_service,operating,0.0,0.0
commit:29,28,variable_service,operating,0.0,0.0
commit:29,29,variable_service,operating,0.0,0.0
commit:29,30,variable_service,operating,0.0,0.0
commit:29,31,variable_service,operating,0.0,0.0
commit:29,32,variable_service,operating,0.0,0.0
commit:29,33,variable_service,operating,0.0,0.0
commit:29,34,variable_service,operating,0.0,0.0
commit:29,35,variable_service,operating,0.0,0.0
commit:29,36,variable_service,operating,0.0,0.0
commit:29,0,commitment,capital,0.0,0.0
commit:29,1,commitment,operating,863040.0,856212.441752491
commit:29,2,commitment,operating,835200.0,822037.6419719972
commit:29,3,commitment,operating,863040.0,842718.937554243
commit:29,4,commitment,operating,863040.0,836052.1403809597
commit:29,5,commitment,operating,779520.0,749169.8828799989
commit:29,6,commitment,operating,863040.0,822876.3530225159
commit:29,7,commitment,operating,835200.0,790032.1274106009
commit:29,8,commitment,operating,863040.0,809908.2098576938
commit:29,9,commitment,operating,835200.0,777581.5937484804
commit:29,10,commitment,operating,863040.0,797144.4385119493
commit:29,11,commitment,operating,863040.0,790838.1837779646
commit:29,12,commitment,operating,835200.0,759272.7272727273
commit:29,13,commitment,operating,863040.0,778374.9470477191
commit:29,14,commitment,operating,835200.0,747306.9472472701
commit:29,15,commitment,operating,863040.0,766108.1250493118
commit:29,16,commitment,operating,863040.0,760047.400346327
commit:29,17,commitment,operating,807360.0,705387.2273870119
commit:29,18,commitment,operating,863040.0,748069.4118386508
commit:29,19,commitment,operating,835200.0,718211.0249187282
commit:29,20,commitment,operating,863040.0,736280.1907797215
commit:29,21,commitment,operating,835200.0,706892.357953164
commit:29,22,commitment,operating,863040.0,724676.7622835902
commit:29,23,commitment,operating,863040.0,718943.8034345132
commit:29,24,commitment,operating,835200.0,690247.9338842975
commit:29,25,commitment,operating,863040.0,707613.588225199
commit:29,26,commitment,operating,835200.0,679369.9520429729
commit:29,27,commitment,operating,863040.0,696461.9318630106
commit:29,28,commitment,operating,863040.0,690952.1821330244
commit:29,29,commitment,operating,779520.0,619148.6635371891
commit:29,30,commitment,operating,863040.0,680063.1016715007
commit:29,31,commitment,operating,835200.0,652919.1135624801
commit:29,32,commitment,operating,863040.0,669345.627981565
commit:29,33,commitment,operating,835200.0,642629.4163210581
commit:29,34,commitment,operating,863040.0,658797.0566214456
commit:29,35,commitment,operating,863040.0,653585.2758495574
commit:29,36,commitment,operating,835200.0,627498.1217129976
commit:29,0,commit_setup,capital,0.0,0.0
commit:29,1,commit_setup,operating,0.0,0.0
commit:29,2,commit_setup,operating,0.0,0.0
commit:29,3,commit_setup,operating,0.0,0.0
commit:29,4,commit_setup,operating,0.0,0.0
commit:29,5,commit_setup,operating,0.0,0.0
commit:29,6,commit_setup,operating,0.0,0.0
commit:29,7,commit_setup,operating,0.0,0.0
commit:29,8,commit_setup,operating,0.0,0.0
commit:29,9,commit_setup,operating,0.0,0.0
commit:29,10,commit_setup,operating,0.0,0.0
commit:29,11,commit_setup,operating,0.0,0.0
commit:29,12,commit_setup,operating,0.0,0.0
commit:29,13,commit_setup,operating,0.0,0.0
commit:29,14,commit_setup,operating,0.0,0.0
commit:29,15,commit_setup,operating,0.0,0.0
commit:29,16,commit_setup,operating,0.0,0.0
commit:29,17,commit_setup,operating,0.0,0.0
commit:29,18,commit_setup,operating,0.0,0.0
commit:29,19,commit_setup,operating,0.0,0.0
commit:29,20,commit_setup,operating,0.0,0.0
commit:29,21,commit_setup,operating,0.0,0.0
commit:29,22,commit_setup,operating,0.0,0.0
commit:29,23,commit_setup,operating,0.0,0.0
commit:29,24,commit_setup,operating,0.0,0.0
commit:29,25,commit_setup,operating,0.0,0.0
commit:29,26,commit_setup,operating,0.0,0.0
commit:29,27,commit_setup,operating,0.0,0.0
commit:29,28,commit_setup,operating,0.0,0.0
commit:29,29,commit_setup,operating,0.0,0.0
commit:29,30,commit_setup,operating,0.0,0.0
commit:29,31,commit_setup,operating,0.0,0.0
commit:29,32,commit_setup,operating,0.0,0.0
commit:29,33,commit_setup,operating,0.0,0.0
commit:29,34,commit_setup,operating,0.0,0.0
commit:29,35,commit_setup,operating,0.0,0.0
commit:29,36,commit_setup,operating,0.0,0.0
commit:29,0,commit_fees,capital,0.0,0.0
commit:29,1,commit_fees,operating,0.0,0.0
commit:29,2,commit_fees,operating,0.0,0.0
commit:29,3,commit_fees,operating,0.0,0.0
commit:29,4,commit_fees,operating,0.0,0.0
commit:29,5,commit_fees,operating,0.0,0.0
commit:29,6,commit_fees,operating,0.0,0.0
commit:29,7,commit_fees,operating,0.0,0.0
commit:29,8,commit_fees,operating,0.0,0.0
commit:29,9,commit_fees,operating,0.0,0.0
commit:29,10,commit_fees,operating,0.0,0.0
commit:29,11,commit_fees,operating,0.0,0.0
commit:29,12,commit_fees,operating,0.0,0.0
commit:29,13,commit_fees,operating,0.0,0.0
commit:29,14,commit_fees,operating,0.0,0.0
commit:29,15,commit_fees,operating,0.0,0.0
commit:29,16,commit_fees,operating,0.0,0.0
commit:29,17,commit_fees,operating,0.0,0.0
commit:29,18,commit_fees,operating,0.0,0.0
commit:29,19,commit_fees,operating,0.0,0.0
commit:29,20,commit_fees,operating,0.0,0.0
commit:29,21,commit_fees,operating,0.0,0.0
commit:29,22,commit_fees,operating,0.0,0.0
commit:29,23,commit_fees,operating,0.0,0.0
commit:29,24,commit_fees,operating,0.0,0.0
commit:29,25,commit_fees,operating,0.0,0.0
commit:29,26,commit_fees,operating,0.0,0.0
commit:29,27,commit_fees,operating,0.0,0.0
commit:29,28,commit_fees,operating,0.0,0.0
commit:29,29,commit_fees,operating,0.0,0.0
commit:29,30,commit_fees,operating,0.0,0.0
commit:29,31,commit_fees,operating,0.0,0.0
commit:29,32,commit_fees,operating,0.0,0.0
commit:29,33,commit_fees,operating,0.0,0.0
commit:29,34,commit_fees,operating,0.0,0.0
commit:29,35,commit_fees,operating,0.0,0.0
commit:29,36,commit_fees,operating,0.0,0.0
commit:30,0,on_demand,capital,0.0,0.0
commit:30,1,on_demand,operating,0.0,0.0
commit:30,2,on_demand,operating,0.0,0.0
commit:30,3,on_demand,operating,0.0,0.0
commit:30,4,on_demand,operating,0.0,0.0
commit:30,5,on_demand,operating,0.0,0.0
commit:30,6,on_demand,operating,0.0,0.0
commit:30,7,on_demand,operating,0.0,0.0
commit:30,8,on_demand,operating,0.0,0.0
commit:30,9,on_demand,operating,0.0,0.0
commit:30,10,on_demand,operating,0.0,0.0
commit:30,11,on_demand,operating,0.0,0.0
commit:30,12,on_demand,operating,0.0,0.0
commit:30,13,on_demand,operating,0.0,0.0
commit:30,14,on_demand,operating,0.0,0.0
commit:30,15,on_demand,operating,0.0,0.0
commit:30,16,on_demand,operating,0.0,0.0
commit:30,17,on_demand,operating,0.0,0.0
commit:30,18,on_demand,operating,0.0,0.0
commit:30,19,on_demand,operating,0.0,0.0
commit:30,20,on_demand,operating,0.0,0.0
commit:30,21,on_demand,operating,0.0,0.0
commit:30,22,on_demand,operating,0.0,0.0
commit:30,23,on_demand,operating,0.0,0.0
commit:30,24,on_demand,operating,0.0,0.0
commit:30,25,on_demand,operating,0.0,0.0
commit:30,26,on_demand,operating,0.0,0.0
commit:30,27,on_demand,operating,0.0,0.0
commit:30,28,on_demand,operating,0.0,0.0
commit:30,29,on_demand,operating,0.0,0.0
commit:30,30,on_demand,operating,0.0,0.0
commit:30,31,on_demand,operating,0.0,0.0
commit:30,32,on_demand,operating,0.0,0.0
commit:30,33,on_demand,operating,0.0,0.0
commit:30,34,on_demand,operating,0.0,0.0
commit:30,35,on_demand,operating,0.0,0.0
commit:30,36,on_demand,operating,0.0,0.0
commit:30,0,variable_service,capital,0.0,0.0
commit:30,1,variable_service,operating,0.0,0.0
commit:30,2,variable_service,operating,0.0,0.0
commit:30,3,variable_service,operating,0.0,0.0
commit:30,4,variable_service,operating,0.0,0.0
commit:30,5,variable_service,operating,0.0,0.0
commit:30,6,variable_service,operating,0.0,0.0
commit:30,7,variable_service,operating,0.0,0.0
commit:30,8,variable_service,operating,0.0,0.0
commit:30,9,variable_service,operating,0.0,0.0
commit:30,10,variable_service,operating,0.0,0.0
commit:30,11,variable_service,operating,0.0,0.0
commit:30,12,variable_service,operating,0.0,0.0
commit:30,13,variable_service,operating,0.0,0.0
commit:30,14,variable_service,operating,0.0,0.0
commit:30,15,variable_service,operating,0.0,0.0
commit:30,16,variable_service,operating,0.0,0.0
commit:30,17,variable_service,operating,0.0,0.0
commit:30,18,variable_service,operating,0.0,0.0
commit:30,19,variable_service,operating,0.0,0.0
commit:30,20,variable_service,operating,0.0,0.0
commit:30,21,variable_service,operating,0.0,0.0
commit:30,22,variable_service,operating,0.0,0.0
commit:30,23,variable_service,operating,0.0,0.0
commit:30,24,variable_service,operating,0.0,0.0
commit:30,25,variable_service,operating,0.0,0.0
commit:30,26,variable_service,operating,0.0,0.0
commit:30,27,variable_service,operating,0.0,0.0
commit:30,28,variable_service,operating,0.0,0.0
commit:30,29,variable_service,operating,0.0,0.0
commit:30,30,variable_service,operating,0.0,0.0
commit:30,31,variable_service,operating,0.0,0.0
commit:30,32,variable_service,operating,0.0,0.0
commit:30,33,variable_service,operating,0.0,0.0
commit:30,34,variable_service,operating,0.0,0.0
commit:30,35,variable_service,operating,0.0,0.0
commit:30,36,variable_service,operating,0.0,0.0
commit:30,0,commitment,capital,0.0,0.0
commit:30,1,commitment,operating,892800.0,885737.0087094735
commit:30,2,commitment,operating,864000.0,850383.7675572386
commit:30,3,commitment,operating,892800.0,871778.21126301
commit:30,4,commitment,operating,892800.0,864881.5245320273
commit:30,5,commitment,operating,806400.0,775003.3271172403
commit:30,6,commitment,operating,892800.0,851251.3996784647
commit:30,7,commitment,operating,864000.0,817274.6145626906
commit:30,8,commitment,operating,892800.0,837836.0791631314
commit:30,9,commitment,operating,864000.0,804394.7521536004
commit:30,10,commitment,operating,892800.0,824632.177770982
commit:30,11,commitment,operating,892800.0,818108.4659772047
commit:30,12,commitment,operating,864000.0,785454.5454545454
commit:30,13,commitment,operating,892800.0,805215.4624631577
commit:30,14,commitment,operating,864000.0,773076.1523247622
commit:30,15,commitment,operating,892800.0,792525.6466027363
commit:30,16,commitment,operating,892800.0,786255.9313927521
commit:30,17,commitment,operating,835200.0,729710.9248831158
commit:30,18,commitment,operating,892800.0,773864.9087986043
commit:30,19,commitment,operating,864000.0,742976.9223297187
commit:30,20,commitment,operating,892800.0,761669.162875574
commit:30,21,commitment,operating,864000.0,731267.9565032731
commit:30,22,commitment,operating,892800.0,749665.6161554381
commit:30,23,commitment,operating,892800.0,743734.969070186
commit:30,24,commitment,operating,864000.0,714049.5867768595
commit:30,25,commitment,operating,892800.0,732014.0567846887
commit:30,26,commitment,operating,864000.0,702796.5021134202
commit:30,27,commitment,operating,892800.0,720477.860547942
commit:30,28,commitment,operating,892800.0,714778.1194479563
commit:30,29,commitment,operating,806400.0,640498.6174522646
commit:30,30,commitment,operating,892800.0,703513.5534532765
commit:30,31,commitment,operating,864000.0,675433.5657542897
commit:30,32,commitment,operating,892800.0,692426.5117050672
commit:30,33,commitment,operating,864000.0,664789.0513666118
commit:30,34,commitment,operating,892800.0,681514.1965049437
commit:30,35,commitment,operating,892800.0,676122.6991547146
commit:30,36,commitment,operating,864000.0,649135.987978963
commit:30,0,commit_setup,capital,0.0,0.0
commit:30,1,commit_setup,operating,0.0,0.0
commit:30,2,commit_setup,operating,0.0,0.0
commit:30,3,commit_setup,operating,0.0,0.0
commit:30,4,commit_setup,operating,0.0,0.0
commit:30,5,commit_setup,operating,0.0,0.0
commit:30,6,commit_setup,operating,0.0,0.0
commit:30,7,commit_setup,operating,0.0,0.0
commit:30,8,commit_setup,operating,0.0,0.0
commit:30,9,commit_setup,operating,0.0,0.0
commit:30,10,commit_setup,operating,0.0,0.0
commit:30,11,commit_setup,operating,0.0,0.0
commit:30,12,commit_setup,operating,0.0,0.0
commit:30,13,commit_setup,operating,0.0,0.0
commit:30,14,commit_setup,operating,0.0,0.0
commit:30,15,commit_setup,operating,0.0,0.0
commit:30,16,commit_setup,operating,0.0,0.0
commit:30,17,commit_setup,operating,0.0,0.0
commit:30,18,commit_setup,operating,0.0,0.0
commit:30,19,commit_setup,operating,0.0,0.0
commit:30,20,commit_setup,operating,0.0,0.0
commit:30,21,commit_setup,operating,0.0,0.0
commit:30,22,commit_setup,operating,0.0,0.0
commit:30,23,commit_setup,operating,0.0,0.0
commit:30,24,commit_setup,operating,0.0,0.0
commit:30,25,commit_setup,operating,0.0,0.0
commit:30,26,commit_setup,operating,0.0,0.0
commit:30,27,commit_setup,operating,0.0,0.0
commit:30,28,commit_setup,operating,0.0,0.0
commit:30,29,commit_setup,operating,0.0,0.0
commit:30,30,commit_setup,operating,0.0,0.0
commit:30,31,commit_setup,operating,0.0,0.0
commit:30,32,commit_setup,operating,0.0,0.0
commit:30,33,commit_setup,operating,0.0,0.0
commit:30,34,commit_setup,operating,0.0,0.0
commit:30,35,commit_setup,operating,0.0,0.0
commit:30,36,commit_setup,operating,0.0,0.0
commit:30,0,commit_fees,capital,0.0,0.0
commit:30,1,commit_fees,operating,0.0,0.0
commit:30,2,commit_fees,operating,0.0,0.0
commit:30,3,commit_fees,operating,0.0,0.0
commit:30,4,commit_fees,operating,0.0,0.0
commit:30,5,commit_fees,operating,0.0,0.0
commit:30,6,commit_fees,operating,0.0,0.0
commit:30,7,commit_fees,operating,0.0,0.0
commit:30,8,commit_fees,operating,0.0,0.0
commit:30,9,commit_fees,operating,0.0,0.0
commit:30,10,commit_fees,operating,0.0,0.0
commit:30,11,commit_fees,operating,0.0,0.0
commit:30,12,commit_fees,operating,0.0,0.0
commit:30,13,commit_fees,operating,0.0,0.0
commit:30,14,commit_fees,operating,0.0,0.0
commit:30,15,commit_fees,operating,0.0,0.0
commit:30,16,commit_fees,operating,0.0,0.0
commit:30,17,commit_fees,operating,0.0,0.0
commit:30,18,commit_fees,operating,0.0,0.0
commit:30,19,commit_fees,operating,0.0,0.0
commit:30,20,commit_fees,operating,0.0,0.0
commit:30,21,commit_fees,operating,0.0,0.0
commit:30,22,commit_fees,operating,0.0,0.0
commit:30,23,commit_fees,operating,0.0,0.0
commit:30,24,commit_fees,operating,0.0,0.0
commit:30,25,commit_fees,operating,0.0,0.0
commit:30,26,commit_fees,operating,0.0,0.0
commit:30,27,commit_fees,operating,0.0,0.0
commit:30,28,commit_fees,operating,0.0,0.0
commit:30,29,commit_fees,operating,0.0,0.0
commit:30,30,commit_fees,operating,0.0,0.0
commit:30,31,commit_fees,operating,0.0,0.0
commit:30,32,commit_fees,operating,0.0,0.0
commit:30,33,commit_fees,operating,0.0,0.0
commit:30,34,commit_fees,operating,0.0,0.0
commit:30,35,commit_fees,operating,0.0,0.0
commit:30,36,commit_fees,operating,0.0,0.0
commit:31,0,on_demand,capital,0.0,0.0
commit:31,1,on_demand,operating,0.0,0.0
commit:31,2,on_demand,operating,0.0,0.0
commit:31,3,on_demand,operating,0.0,0.0
commit:31,4,on_demand,operating,0.0,0.0
commit:31,5,on_demand,operating,0.0,0.0
commit:31,6,on_demand,operating,0.0,0.0
commit:31,7,on_demand,operating,0.0,0.0
commit:31,8,on_demand,operating,0.0,0.0
commit:31,9,on_demand,operating,0.0,0.0
commit:31,10,on_demand,operating,0.0,0.0
commit:31,11,on_demand,operating,0.0,0.0
commit:31,12,on_demand,operating,0.0,0.0
commit:31,13,on_demand,operating,0.0,0.0
commit:31,14,on_demand,operating,0.0,0.0
commit:31,15,on_demand,operating,0.0,0.0
commit:31,16,on_demand,operating,0.0,0.0
commit:31,17,on_demand,operating,0.0,0.0
commit:31,18,on_demand,operating,0.0,0.0
commit:31,19,on_demand,operating,0.0,0.0
commit:31,20,on_demand,operating,0.0,0.0
commit:31,21,on_demand,operating,0.0,0.0
commit:31,22,on_demand,operating,0.0,0.0
commit:31,23,on_demand,operating,0.0,0.0
commit:31,24,on_demand,operating,0.0,0.0
commit:31,25,on_demand,operating,0.0,0.0
commit:31,26,on_demand,operating,0.0,0.0
commit:31,27,on_demand,operating,0.0,0.0
commit:31,28,on_demand,operating,0.0,0.0
commit:31,29,on_demand,operating,0.0,0.0
commit:31,30,on_demand,operating,0.0,0.0
commit:31,31,on_demand,operating,0.0,0.0
commit:31,32,on_demand,operating,0.0,0.0
commit:31,33,on_demand,operating,0.0,0.0
commit:31,34,on_demand,operating,0.0,0.0
commit:31,35,on_demand,operating,0.0,0.0
commit:31,36,on_demand,operating,0.0,0.0
commit:31,0,variable_service,capital,0.0,0.0
commit:31,1,variable_service,operating,0.0,0.0
commit:31,2,variable_service,operating,0.0,0.0
commit:31,3,variable_service,operating,0.0,0.0
commit:31,4,variable_service,operating,0.0,0.0
commit:31,5,variable_service,operating,0.0,0.0
commit:31,6,variable_service,operating,0.0,0.0
commit:31,7,variable_service,operating,0.0,0.0
commit:31,8,variable_service,operating,0.0,0.0
commit:31,9,variable_service,operating,0.0,0.0
commit:31,10,variable_service,operating,0.0,0.0
commit:31,11,variable_service,operating,0.0,0.0
commit:31,12,variable_service,operating,0.0,0.0
commit:31,13,variable_service,operating,0.0,0.0
commit:31,14,variable_service,operating,0.0,0.0
commit:31,15,variable_service,operating,0.0,0.0
commit:31,16,variable_service,operating,0.0,0.0
commit:31,17,variable_service,operating,0.0,0.0
commit:31,18,variable_service,operating,0.0,0.0
commit:31,19,variable_service,operating,0.0,0.0
commit:31,20,variable_service,operating,0.0,0.0
commit:31,21,variable_service,operating,0.0,0.0
commit:31,22,variable_service,operating,0.0,0.0
commit:31,23,variable_service,operating,0.0,0.0
commit:31,24,variable_service,operating,0.0,0.0
commit:31,25,variable_service,operating,0.0,0.0
commit:31,26,variable_service,operating,0.0,0.0
commit:31,27,variable_service,operating,0.0,0.0
commit:31,28,variable_service,operating,0.0,0.0
commit:31,29,variable_service,operating,0.0,0.0
commit:31,30,variable_service,operating,0.0,0.0
commit:31,31,variable_service,operating,0.0,0.0
commit:31,32,variable_service,operating,0.0,0.0
commit:31,33,variable_service,operating,0.0,0.0
commit:31,34,variable_service,operating,0.0,0.0
commit:31,35,variable_service,operating,0.0,0.0
commit:31,36,variable_service,operating,0.0,0.0
commit:31,0,commitment,capital,0.0,0.0
commit:31,1,commitment,operating,922560.0,915261.575666456
commit:31,2,commitment,operating,892800.0,878729.8931424798
commit:31,3,commitment,operating,922560.0,900837.4849717771
commit:31,4,commitment,operating,922560.0,893710.9086830949
commit:31,5,commitment,operating,833280.0,800836.7713544816
commit:31,6,commitment,operating,922560.0,879626.4463344136
commit:31,7,commitment,operating,892800.0,844517.1017147803
commit:31,8,commitment,operating,922560.0,865763.9484685691
commit:31,9,commitment,operating,892800.0,831207.9105587205
commit:31,10,commitment,operating,922560.0,852119.9170300147
commit:31,11,commitment,operating,922560.0,845378.7481764449
commit:31,12,commitment,operating,892800.0,811636.3636363636
commit:31,13,commitment,operating,922560.0,832055.9778785963
commit:31,14,commitment,operating,892800.0,798845.3574022542
commit:31,15,commitment,operating,922560.0,818943.1681561609
commit:31,16,commitment,operating,922560.0,812464.4624391771
commit:31,17,commitment,operating,863040.0,754034.6223792196
commit:31,18,commitment,operating,922560.0,799660.4057585577
commit:31,19,commitment,operating,892800.0,767742.8197407094
commit:31,20,commitment,operating,922560.0,787058.1349714263
commit:31,21,commitment,operating,892800.0,755643.5550533822
commit:31,22,commitment,operating,922560.0,774654.470027286
commit:31,23,commitment,operating,922560.0,768526.1347058589
commit:31,24,commitment,operating,892800.0,737851.2396694215
commit:31,25,commitment,operating,922560.0,756414.5253441783
commit:31,26,commitment,operating,892800.0,726223.0521838675
commit:31,27,commitment,operating,922560.0,744493.7892328735
commit:31,28,commitment,operating,922560.0,738604.0567628882
commit:31,29,commitment,operating,833280.0,661848.57136734
commit:31,30,commitment,operating,922560.0,726964.0052350524
commit:31,31,commitment,operating,892800.0,697948.0179460994
commit:31,32,commitment,operating,922560.0,715507.3954285694
commit:31,33,commitment,operating,892800.0,686948.6864121655
commit:31,34,commitment,operating,922560.0,704231.3363884419
commit:31,35,commitment,operating,922560.0,698660.1224598717
commit:31,36,commitment,operating,892800.0,670773.8542449285
commit:31,0,commit_setup,capital,0.0,0.0
commit:31,1,commit_setup,operating,0.0,0.0
commit:31,2,commit_setup,operating,0.0,0.0
commit:31,3,commit_setup,operating,0.0,0.0
commit:31,4,commit_setup,operating,0.0,0.0
commit:31,5,commit_setup,operating,0.0,0.0
commit:31,6,commit_setup,operating,0.0,0.0
commit:31,7,commit_setup,operating,0.0,0.0
commit:31,8,commit_setup,operating,0.0,0.0
commit:31,9,commit_setup,operating,0.0,0.0
commit:31,10,commit_setup,operating,0.0,0.0
commit:31,11,commit_setup,operating,0.0,0.0
commit:31,12,commit_setup,operating,0.0,0.0
commit:31,13,commit_setup,operating,0.0,0.0
commit:31,14,commit_setup,operating,0.0,0.0
commit:31,15,commit_setup,operating,0.0,0.0
commit:31,16,commit_setup,operating,0.0,0.0
commit:31,17,commit_setup,operating,0.0,0.0
commit:31,18,commit_setup,operating,0.0,0.0
commit:31,19,commit_setup,operating,0.0,0.0
commit:31,20,commit_setup,operating,0.0,0.0
commit:31,21,commit_setup,operating,0.0,0.0
commit:31,22,commit_setup,operating,0.0,0.0
commit:31,23,commit_setup,operating,0.0,0.0
commit:31,24,commit_setup,operating,0.0,0.0
commit:31,25,commit_setup,operating,0.0,0.0
commit:31,26,commit_setup,operating,0.0,0.0
commit:31,27,commit_setup,operating,0.0,0.0
commit:31,28,commit_setup,operating,0.0,0.0
commit:31,29,commit_setup,operating,0.0,0.0
commit:31,30,commit_setup,operating,0.0,0.0
commit:31,31,commit_setup,operating,0.0,0.0
commit:31,32,commit_setup,operating,0.0,0.0
commit:31,33,commit_setup,operating,0.0,0.0
commit:31,34,commit_setup,operating,0.0,0.0
commit:31,35,commit_setup,operating,0.0,0.0
commit:31,36,commit_setup,operating,0.0,0.0
commit:31,0,commit_fees,capital,0.0,0.0
commit:31,1,commit_fees,operating,0.0,0.0
commit:31,2,commit_fees,operating,0.0,0.0
commit:31,3,commit_fees,operating,0.0,0.0
commit:31,4,commit_fees,operating,0.0,0.0
commit:31,5,commit_fees,operating,0.0,0.0
commit:31,6,commit_fees,operating,0.0,0.0
commit:31,7,commit_fees,operating,0.0,0.0
commit:31,8,commit_fees,operating,0.0,0.0
commit:31,9,commit_fees,operating,0.0,0.0
commit:31,10,commit_fees,operating,0.0,0.0
commit:31,11,commit_fees,operating,0.0,0.0
commit:31,12,commit_fees,operating,0.0,0.0
commit:31,13,commit_fees,operating,0.0,0.0
commit:31,14,commit_fees,operating,0.0,0.0
commit:31,15,commit_fees,operating,0.0,0.0
commit:31,16,commit_fees,operating,0.0,0.0
commit:31,17,commit_fees,operating,0.0,0.0
commit:31,18,commit_fees,operating,0.0,0.0
commit:31,19,commit_fees,operating,0.0,0.0
commit:31,20,commit_fees,operating,0.0,0.0
commit:31,21,commit_fees,operating,0.0,0.0
commit:31,22,commit_fees,operating,0.0,0.0
commit:31,23,commit_fees,operating,0.0,0.0
commit:31,24,commit_fees,operating,0.0,0.0
commit:31,25,commit_fees,operating,0.0,0.0
commit:31,26,commit_fees,operating,0.0,0.0
commit:31,27,commit_fees,operating,0.0,0.0
commit:31,28,commit_fees,operating,0.0,0.0
commit:31,29,commit_fees,operating,0.0,0.0
commit:31,30,commit_fees,operating,0.0,0.0
commit:31,31,commit_fees,operating,0.0,0.0
commit:31,32,commit_fees,operating,0.0,0.0
commit:31,33,commit_fees,operating,0.0,0.0
commit:31,34,commit_fees,operating,0.0,0.0
commit:31,35,commit_fees,operating,0.0,0.0
commit:31,36,commit_fees,operating,0.0,0.0
commit:32,0,on_demand,capital,0.0,0.0
commit:32,1,on_demand,operating,0.0,0.0
commit:32,2,on_demand,operating,0.0,0.0
commit:32,3,on_demand,operating,0.0,0.0
commit:32,4,on_demand,operating,0.0,0.0
commit:32,5,on_demand,operating,0.0,0.0
commit:32,6,on_demand,operating,0.0,0.0
commit:32,7,on_demand,operating,0.0,0.0
commit:32,8,on_demand,operating,0.0,0.0
commit:32,9,on_demand,operating,0.0,0.0
commit:32,10,on_demand,operating,0.0,0.0
commit:32,11,on_demand,operating,0.0,0.0
commit:32,12,on_demand,operating,0.0,0.0
commit:32,13,on_demand,operating,0.0,0.0
commit:32,14,on_demand,operating,0.0,0.0
commit:32,15,on_demand,operating,0.0,0.0
commit:32,16,on_demand,operating,0.0,0.0
commit:32,17,on_demand,operating,0.0,0.0
commit:32,18,on_demand,operating,0.0,0.0
commit:32,19,on_demand,operating,0.0,0.0
commit:32,20,on_demand,operating,0.0,0.0
commit:32,21,on_demand,operating,0.0,0.0
commit:32,22,on_demand,operating,0.0,0.0
commit:32,23,on_demand,operating,0.0,0.0
commit:32,24,on_demand,operating,0.0,0.0
commit:32,25,on_demand,operating,0.0,0.0
commit:32,26,on_demand,operating,0.0,0.0
commit:32,27,on_demand,operating,0.0,0.0
commit:32,28,on_demand,operating,0.0,0.0
commit:32,29,on_demand,operating,0.0,0.0
commit:32,30,on_demand,operating,0.0,0.0
commit:32,31,on_demand,operating,0.0,0.0
commit:32,32,on_demand,operating,0.0,0.0
commit:32,33,on_demand,operating,0.0,0.0
commit:32,34,on_demand,operating,0.0,0.0
commit:32,35,on_demand,operating,0.0,0.0
commit:32,36,on_demand,operating,0.0,0.0
commit:32,0,variable_service,capital,0.0,0.0
commit:32,1,variable_service,operating,0.0,0.0
commit:32,2,variable_service,operating,0.0,0.0
commit:32,3,variable_service,operating,0.0,0.0
commit:32,4,variable_service,operating,0.0,0.0
commit:32,5,variable_service,operating,0.0,0.0
commit:32,6,variable_service,operating,0.0,0.0
commit:32,7,variable_service,operating,0.0,0.0
commit:32,8,variable_service,operating,0.0,0.0
commit:32,9,variable_service,operating,0.0,0.0
commit:32,10,variable_service,operating,0.0,0.0
commit:32,11,variable_service,operating,0.0,0.0
commit:32,12,variable_service,operating,0.0,0.0
commit:32,13,variable_service,operating,0.0,0.0
commit:32,14,variable_service,operating,0.0,0.0
commit:32,15,variable_service,operating,0.0,0.0
commit:32,16,variable_service,operating,0.0,0.0
commit:32,17,variable_service,operating,0.0,0.0
commit:32,18,variable_service,operating,0.0,0.0
commit:32,19,variable_service,operating,0.0,0.0
commit:32,20,variable_service,operating,0.0,0.0
commit:32,21,variable_service,operating,0.0,0.0
commit:32,22,variable_service,operating,0.0,0.0
commit:32,23,variable_service,operating,0.0,0.0
commit:32,24,variable_service,operating,0.0,0.0
commit:32,25,variable_service,operating,0.0,0.0
commit:32,26,variable_service,operating,0.0,0.0
commit:32,27,variable_service,operating,0.0,0.0
commit:32,28,variable_service,operating,0.0,0.0
commit:32,29,variable_service,operating,0.0,0.0
commit:32,30,variable_service,operating,0.0,0.0
commit:32,31,variable_service,operating,0.0,0.0
commit:32,32,variable_service,operating,0.0,0.0
commit:32,33,variable_service,operating,0.0,0.0
commit:32,34,variable_service,operating,0.0,0.0
commit:32,35,variable_service,operating,0.0,0.0
commit:32,36,variable_service,operating,0.0,0.0
commit:32,0,commitment,capital,0.0,0.0
commit:32,1,commitment,operating,952320.0,944786.1426234384
commit:32,2,commitment,operating,921600.0,907076.0187277211
commit:32,3,commitment,operating,952320.0,929896.7586805441
commit:32,4,commitment,operating,952320.0,922540.2928341625
commit:32,5,commitment,operating,860160.0,826670.215591723
commit:32,6,commitment,operating,952320.0,908001.4929903625
commit:32,7,commitment,operating,921600.0,871759.58886687
commit:32,8,commitment,operating,952320.0,893691.8177740069
commit:32,9,commitment,operating,921600.0,858021.0689638405
commit:32,10,commitment,operating,952320.0,879607.6562890474
commit:32,11,commitment,operating,952320.0,872649.0303756851
commit:32,12,commitment,operating,921600.0,837818.1818181818
commit:32,13,commitment,operating,952320.0,858896.4932940349
commit:32,14,commitment,operating,921600.0,824614.5624797463
commit:32,15,commitment,operating,952320.0,845360.6897095855
commit:32,16,commitment,operating,952320.0,838672.9934856022
commit:32,17,commitment,operating,890880.0,778358.3198753234
commit:32,18,commitment,operating,952320.0,825455.9027185112
commit:32,19,commitment,operating,921600.0,792508.7171517
commit:32,20,commitment,operating,952320.0,812447.1070672788
commit:32,21,commitment,operating,921600.0,780019.1536034914
commit:32,22,commitment,operating,952320.0,799643.323899134
commit:32,23,commitment,operating,952320.0,793317.3003415318
commit:32,24,commitment,operating,921600.0,761652.8925619834
commit:32,25,commitment,operating,952320.0,780814.9939036679
commit:32,26,commitment,operating,921600.0,749649.6022543148
commit:32,27,commitment,operating,952320.0,768509.7179178048
commit:32,28,commitment,operating,952320.0,762429.99407782
commit:32,29,commitment,operating,860160.0,683198.5252824156
commit:32,30,commitment,operating,952320.0,750414.4570168284
commit:32,31,commitment,operating,921600.0,720462.470137909
commit:32,32,commitment,operating,952320.0,738588.2791520717
commit:32,33,commitment,operating,921600.0,709108.3214577193
commit:32,34,commitment,operating,952320.0,726948.4762719399
commit:32,35,commitment,operating,952320.0,721197.5457650289
commit:32,36,commitment,operating,921600.0,692411.7205108939
commit:32,0,commit_setup,capital,0.0,0.0
commit:32,1,commit_setup,operating,0.0,0.0
commit:32,2,commit_setup,operating,0.0,0.0
commit:32,3,commit_setup,operating,0.0,0.0
commit:32,4,commit_setup,operating,0.0,0.0
commit:32,5,commit_setup,operating,0.0,0.0
commit:32,6,commit_setup,operating,0.0,0.0
commit:32,7,commit_setup,operating,0.0,0.0
commit:32,8,commit_setup,operating,0.0,0.0
commit:32,9,commit_setup,operating,0.0,0.0
commit:32,10,commit_setup,operating,0.0,0.0
commit:32,11,commit_setup,operating,0.0,0.0
commit:32,12,commit_setup,operating,0.0,0.0
commit:32,13,commit_setup,operating,0.0,0.0
commit:32,14,commit_setup,operating,0.0,0.0
commit:32,15,commit_setup,operating,0.0,0.0
commit:32,16,commit_setup,operating,0.0,0.0
commit:32,17,commit_setup,operating,0.0,0.0
commit:32,18,commit_setup,operating,0.0,0.0
commit:32,19,commit_setup,operating,0.0,0.0
commit:32,20,commit_setup,operating,0.0,0.0
commit:32,21,commit_setup,operating,0.0,0.0
commit:32,22,commit_setup,operating,0.0,0.0
commit:32,23,commit_setup,operating,0.0,0.0
commit:32,24,commit_setup,operating,0.0,0.0
commit:32,25,commit_setup,operating,0.0,0.0
commit:32,26,commit_setup,operating,0.0,0.0
commit:32,27,commit_setup,operating,0.0,0.0
commit:32,28,commit_setup,operating,0.0,0.0
commit:32,29,commit_setup,operating,0.0,0.0
commit:32,30,commit_setup,operating,0.0,0.0
commit:32,31,commit_setup,operating,0.0,0.0
commit:32,32,commit_setup,operating,0.0,0.0
commit:32,33,commit_setup,operating,0.0,0.0
commit:32,34,commit_setup,operating,0.0,0.0
commit:32,35,commit_setup,operating,0.0,0.0
commit:32,36,commit_setup,operating,0.0,0.0
commit:32,0,commit_fees,capital,0.0,0.0
commit:32,1,commit_fees,operating,0.0,0.0
commit:32,2,commit_fees,operating,0.0,0.0
commit:32,3,commit_fees,operating,0.0,0.0
commit:32,4,commit_fees,operating,0.0,0.0
commit:32,5,commit_fees,operating,0.0,0.0
commit:32,6,commit_fees,operating,0.0,0.0
commit:32,7,commit_fees,operating,0.0,0.0
commit:32,8,commit_fees,operating,0.0,0.0
commit:32,9,commit_fees,operating,0.0,0.0
commit:32,10,commit_fees,operating,0.0,0.0
commit:32,11,commit_fees,operating,0.0,0.0
commit:32,12,commit_fees,operating,0.0,0.0
commit:32,13,commit_fees,operating,0.0,0.0
commit:32,14,commit_fees,operating,0.0,0.0
commit:32,15,commit_fees,operating,0.0,0.0
commit:32,16,commit_fees,operating,0.0,0.0
commit:32,17,commit_fees,operating,0.0,0.0
commit:32,18,commit_fees,operating,0.0,0.0
commit:32,19,commit_fees,operating,0.0,0.0
commit:32,20,commit_fees,operating,0.0,0.0
commit:32,21,commit_fees,operating,0.0,0.0
commit:32,22,commit_fees,operating,0.0,0.0
commit:32,23,commit_fees,operating,0.0,0.0
commit:32,24,commit_fees,operating,0.0,0.0
commit:32,25,commit_fees,operating,0.0,0.0
commit:32,26,commit_fees,operating,0.0,0.0
commit:32,27,commit_fees,operating,0.0,0.0
commit:32,28,commit_fees,operating,0.0,0.0
commit:32,29,commit_fees,operating,0.0,0.0
commit:32,30,commit_fees,operating,0.0,0.0
commit:32,31,commit_fees,operating,0.0,0.0
commit:32,32,commit_fees,operating,0.0,0.0
commit:32,33,commit_fees,operating,0.0,0.0
commit:32,34,commit_fees,operating,0.0,0.0
commit:32,35,commit_fees,operating,0.0,0.0
commit:32,36,commit_fees,operating,0.0,0.0
own:1,0,on_demand,capital,0.0,0.0
own:1,1,on_demand,operating,230548.8,228724.9154049716
own:1,2,on_demand,operating,224838.4,221295.05287446923
own:1,3,on_demand,operating,233438.4,227941.88036749445
own:1,4,on_demand,operating,235158.4,227804.83366768848
own:1,5,on_demand,operating,213348.8,205042.1996980043
own:1,6,on_demand,operating,237704.0,226641.87131403424
own:1,7,on_demand,operating,90816.0,85904.64281958948
own:1,8,on_demand,operating,94806.4,88969.78321636592
own:1,9,on_demand,operating,92329.59999999999,85960.00660699197
own:1,10,on_demand,operating,96320.0,88965.69373084788
own:1,11,on_demand,operating,96870.4,88766.23470273097
own:1,12,on_demand,operating,94668.8,86062.54545454546
own:1,13,on_demand,operating,98384.0,88732.43510189887
own:1,14,on_demand,operating,96182.4,86060.55522379768
own:1,15,on_demand,operating,99897.59999999999,88677.6546080438
own:1,16,on_demand,operating,100723.2,88703.19604486832
own:1,17,on_demand,operating,94806.4,82831.97536977804
own:1,18,on_demand,operating,102168.0,88557.6052891306
own:1,19,on_demand,operating,99622.4,85667.99091099556
own:1,20,on_demand,operating,103819.2,88570.65765503111
own:1,21,on_demand,operating,101411.2,85831.89929461195
own:1,22,on_demand,operating,105264.0,88387.9944209073
own:1,23,on_demand,operating,106158.4,88433.81982587415
own:1,24,on_demand,operating,103612.8,85630.4132231405
own:1,25,on_demand,operating,107465.59999999999,88111.92856272473
own:1,26,on_demand,operating,104920.0,85344.22338164358
own:1,27,on_demand,operating,109254.4,88166.86421085245
own:1,28,on_demand,operating,110148.79999999999,88185.43024579865
own:1,29,on_demand,operating,100104.0,79509.51587480344
own:1,30,on_demand,operating,111593.59999999999,87934.1510737495
own:1,31,on_demand,operating,108910.4,85140.9025691273
own:1,32,on_demand,operating,113382.4,87935.68517108938
own:1,33,on_demand,operating,110217.59999999999,84804.9233193341
own:1,34,on_demand,operating,114827.2,87652.7407537102
own:1,35,on_demand,operating,115721.59999999999,87636.64935316108
own:1,36,on_demand,operating,112900.79999999999,84824.04207362882
own:1,0,variable_service,capital,0.0,0.0
own:1,1,variable_service,operating,0.0,0.0
own:1,2,variable_service,operating,0.0,0.0
own:1,3,variable_service,operating,0.0,0.0
own:1,4,variable_service,operating,0.0,0.0
own:1,5,variable_service,operating,0.0,0.0
own:1,6,variable_service,operating,0.0,0.0
own:1,7,variable_service,operating,0.0,0.0
own:1,8,variable_service,operating,0.0,0.0
own:1,9,variable_service,operating,0.0,0.0
own:1,10,variable_service,operating,0.0,0.0
own:1,11,variable_service,operating,0.0,0.0
own:1,12,variable_service,operating,0.0,0.0
own:1,13,variable_service,operating,0.0,0.0
own:1,14,variable_service,operating,0.0,0.0
own:1,15,variable_service,operating,0.0,0.0
own:1,16,variable_service,operating,0.0,0.0
own:1,17,variable_service,operating,0.0,0.0
own:1,18,variable_service,operating,0.0,0.0
own:1,19,variable_service,operating,0.0,0.0
own:1,20,variable_service,operating,0.0,0.0
own:1,21,variable_service,operating,0.0,0.0
own:1,22,variable_service,operating,0.0,0.0
own:1,23,variable_service,operating,0.0,0.0
own:1,24,variable_service,operating,0.0,0.0
own:1,25,variable_service,operating,0.0,0.0
own:1,26,variable_service,operating,0.0,0.0
own:1,27,variable_service,operating,0.0,0.0
own:1,28,variable_service,operating,0.0,0.0
own:1,29,variable_service,operating,0.0,0.0
own:1,30,variable_service,operating,0.0,0.0
own:1,31,variable_service,operating,0.0,0.0
own:1,32,variable_service,operating,0.0,0.0
own:1,33,variable_service,operating,0.0,0.0
own:1,34,variable_service,operating,0.0,0.0
own:1,35,variable_service,operating,0.0,0.0
own:1,36,variable_service,operating,0.0,0.0
own:1,0,node_acquisition,capital,400000.0,400000.0
own:1,1,node_acquisition,operating,0.0,0.0
own:1,2,node_acquisition,operating,0.0,0.0
own:1,3,node_acquisition,operating,0.0,0.0
own:1,4,node_acquisition,operating,0.0,0.0
own:1,5,node_acquisition,operating,0.0,0.0
own:1,6,node_acquisition,operating,0.0,0.0
own:1,7,node_acquisition,operating,0.0,0.0
own:1,8,node_acquisition,operating,0.0,0.0
own:1,9,node_acquisition,operating,0.0,0.0
own:1,10,node_acquisition,operating,0.0,0.0
own:1,11,node_acquisition,operating,0.0,0.0
own:1,12,node_acquisition,operating,0.0,0.0
own:1,13,node_acquisition,operating,0.0,0.0
own:1,14,node_acquisition,operating,0.0,0.0
own:1,15,node_acquisition,operating,0.0,0.0
own:1,16,node_acquisition,operating,0.0,0.0
own:1,17,node_acquisition,operating,0.0,0.0
own:1,18,node_acquisition,operating,0.0,0.0
own:1,19,node_acquisition,operating,0.0,0.0
own:1,20,node_acquisition,operating,0.0,0.0
own:1,21,node_acquisition,operating,0.0,0.0
own:1,22,node_acquisition,operating,0.0,0.0
own:1,23,node_acquisition,operating,0.0,0.0
own:1,24,node_acquisition,operating,0.0,0.0
own:1,25,node_acquisition,operating,0.0,0.0
own:1,26,node_acquisition,operating,0.0,0.0
own:1,27,node_acquisition,operating,0.0,0.0
own:1,28,node_acquisition,operating,0.0,0.0
own:1,29,node_acquisition,operating,0.0,0.0
own:1,30,node_acquisition,operating,0.0,0.0
own:1,31,node_acquisition,operating,0.0,0.0
own:1,32,node_acquisition,operating,0.0,0.0
own:1,33,node_acquisition,operating,0.0,0.0
own:1,34,node_acquisition,operating,0.0,0.0
own:1,35,node_acquisition,operating,0.0,0.0
own:1,36,node_acquisition,operating,0.0,0.0
own:1,0,installation,capital,50000.0,50000.0
own:1,1,installation,operating,0.0,0.0
own:1,2,installation,operating,0.0,0.0
own:1,3,installation,operating,0.0,0.0
own:1,4,installation,operating,0.0,0.0
own:1,5,installation,operating,0.0,0.0
own:1,6,installation,operating,0.0,0.0
own:1,7,installation,operating,0.0,0.0
own:1,8,installation,operating,0.0,0.0
own:1,9,installation,operating,0.0,0.0
own:1,10,installation,operating,0.0,0.0
own:1,11,installation,operating,0.0,0.0
own:1,12,installation,operating,0.0,0.0
own:1,13,installation,operating,0.0,0.0
own:1,14,installation,operating,0.0,0.0
own:1,15,installation,operating,0.0,0.0
own:1,16,installation,operating,0.0,0.0
own:1,17,installation,operating,0.0,0.0
own:1,18,installation,operating,0.0,0.0
own:1,19,installation,operating,0.0,0.0
own:1,20,installation,operating,0.0,0.0
own:1,21,installation,operating,0.0,0.0
own:1,22,installation,operating,0.0,0.0
own:1,23,installation,operating,0.0,0.0
own:1,24,installation,operating,0.0,0.0
own:1,25,installation,operating,0.0,0.0
own:1,26,installation,operating,0.0,0.0
own:1,27,installation,operating,0.0,0.0
own:1,28,installation,operating,0.0,0.0
own:1,29,installation,operating,0.0,0.0
own:1,30,installation,operating,0.0,0.0
own:1,31,installation,operating,0.0,0.0
own:1,32,installation,operating,0.0,0.0
own:1,33,installation,operating,0.0,0.0
own:1,34,installation,operating,0.0,0.0
own:1,35,installation,operating,0.0,0.0
own:1,36,installation,operating,0.0,0.0
own:1,0,network,capital,0.0,0.0
own:1,1,network,operating,0.0,0.0
own:1,2,network,operating,0.0,0.0
own:1,3,network,operating,0.0,0.0
own:1,4,network,operating,0.0,0.0
own:1,5,network,operating,0.0,0.0
own:1,6,network,operating,0.0,0.0
own:1,7,network,operating,0.0,0.0
own:1,8,network,operating,0.0,0.0
own:1,9,network,operating,0.0,0.0
own:1,10,network,operating,0.0,0.0
own:1,11,network,operating,0.0,0.0
own:1,12,network,operating,0.0,0.0
own:1,13,network,operating,0.0,0.0
own:1,14,network,operating,0.0,0.0
own:1,15,network,operating,0.0,0.0
own:1,16,network,operating,0.0,0.0
own:1,17,network,operating,0.0,0.0
own:1,18,network,operating,0.0,0.0
own:1,19,network,operating,0.0,0.0
own:1,20,network,operating,0.0,0.0
own:1,21,network,operating,0.0,0.0
own:1,22,network,operating,0.0,0.0
own:1,23,network,operating,0.0,0.0
own:1,24,network,operating,0.0,0.0
own:1,25,network,operating,0.0,0.0
own:1,26,network,operating,0.0,0.0
own:1,27,network,operating,0.0,0.0
own:1,28,network,operating,0.0,0.0
own:1,29,network,operating,0.0,0.0
own:1,30,network,operating,0.0,0.0
own:1,31,network,operating,0.0,0.0
own:1,32,network,operating,0.0,0.0
own:1,33,network,operating,0.0,0.0
own:1,34,network,operating,0.0,0.0
own:1,35,network,operating,0.0,0.0
own:1,36,network,operating,0.0,0.0
own:1,0,storage,capital,0.0,0.0
own:1,1,storage,operating,0.0,0.0
own:1,2,storage,operating,0.0,0.0
own:1,3,storage,operating,0.0,0.0
own:1,4,storage,operating,0.0,0.0
own:1,5,storage,operating,0.0,0.0
own:1,6,storage,operating,0.0,0.0
own:1,7,storage,operating,0.0,0.0
own:1,8,storage,operating,0.0,0.0
own:1,9,storage,operating,0.0,0.0
own:1,10,storage,operating,0.0,0.0
own:1,11,storage,operating,0.0,0.0
own:1,12,storage,operating,0.0,0.0
own:1,13,storage,operating,0.0,0.0
own:1,14,storage,operating,0.0,0.0
own:1,15,storage,operating,0.0,0.0
own:1,16,storage,operating,0.0,0.0
own:1,17,storage,operating,0.0,0.0
own:1,18,storage,operating,0.0,0.0
own:1,19,storage,operating,0.0,0.0
own:1,20,storage,operating,0.0,0.0
own:1,21,storage,operating,0.0,0.0
own:1,22,storage,operating,0.0,0.0
own:1,23,storage,operating,0.0,0.0
own:1,24,storage,operating,0.0,0.0
own:1,25,storage,operating,0.0,0.0
own:1,26,storage,operating,0.0,0.0
own:1,27,storage,operating,0.0,0.0
own:1,28,storage,operating,0.0,0.0
own:1,29,storage,operating,0.0,0.0
own:1,30,storage,operating,0.0,0.0
own:1,31,storage,operating,0.0,0.0
own:1,32,storage,operating,0.0,0.0
own:1,33,storage,operating,0.0,0.0
own:1,34,storage,operating,0.0,0.0
own:1,35,storage,operating,0.0,0.0
own:1,36,storage,operating,0.0,0.0
own:1,0,operations,capital,0.0,0.0
own:1,1,operations,operating,2333.3333333333335,2314.874201376312
own:1,2,operations,operating,2333.3333333333335,2296.5611006561226
own:1,3,operations,operating,2333.3333333333335,2278.3928759113915
own:1,4,operations,operating,2333.3333333333335,2260.3683810200832
own:1,5,operations,operating,2333.3333333333335,2242.4864789272
own:1,6,operations,operating,2333.3333333333335,2224.746041573049
own:1,7,operations,operating,2333.3333333333335,2207.1459498220815
own:1,8,operations,operating,2333.3333333333335,2189.685093392294
own:1,9,operations,operating,2333.3333333333335,2172.3623707851866
own:1,10,operations,operating,2333.3333333333335,2155.1766892162764
own:1,11,operations,operating,2333.3333333333335,2138.1269645461593
own:1,12,operations,operating,2333.3333333333335,2121.2121212121215
own:1,13,operations,operating,2333.3333333333335,2104.4310921602837
own:1,14,operations,operating,2333.3333333333335,2087.782818778293
own:1,15,operations,operating,2333.3333333333335,2071.2662508285375
own:1,16,operations,operating,2333.3333333333335,2054.880346381894
own:1,17,operations,operating,2333.3333333333335,2038.6240717519997
own:1,18,operations,operating,2333.3333333333335,2022.4964014300442
own:1,19,operations,operating,2333.3333333333335,2006.4963180200739
own:1,20,operations,operating,2333.3333333333335,1990.6228121748125
own:1,21,operations,operating,2333.3333333333335,1974.8748825319879
own:1,22,operations,operating,2333.3333333333335,1959.25153565116
own:1,23,operations,operating,2333.3333333333335,1943.7517859510538
own:1,24,operations,operating,2333.3333333333335,1928.374655647383
own:1,25,operations,operating,2333.3333333333335,1913.1191746911668
own:1,26,operations,operating,2333.3333333333335,1897.9843807075392
own:1,27,operations,operating,2333.3333333333335,1882.9693189350337
own:1,28,operations,operating,2333.3333333333335,1868.0730421653577
own:1,29,operations,operating,2333.3333333333335,1853.2946106836362
own:1,30,operations,operating,2333.3333333333335,1838.6330922091308
own:1,31,operations,operating,2333.3333333333335,1824.0875618364307
own:1,32,operations,operating,2333.3333333333335,1809.6571019771022
own:1,33,operations,operating,2333.3333333333335,1795.340802301807
own:1,34,operations,operating,2333.3333333333335,1781.1377596828727
own:1,35,operations,operating,2333.3333333333335,1767.0470781373217
own:1,36,operations,operating,2333.3333333333335,1753.0678687703478
own:1,0,precommission,capital,0.0,0.0
own:1,1,precommission,operating,0.0,0.0
own:1,2,precommission,operating,0.0,0.0
own:1,3,precommission,operating,0.0,0.0
own:1,4,precommission,operating,0.0,0.0
own:1,5,precommission,operating,0.0,0.0
own:1,6,precommission,operating,0.0,0.0
own:1,7,precommission,operating,0.0,0.0
own:1,8,precommission,operating,0.0,0.0
own:1,9,precommission,operating,0.0,0.0
own:1,10,precommission,operating,0.0,0.0
own:1,11,precommission,operating,0.0,0.0
own:1,12,precommission,operating,0.0,0.0
own:1,13,precommission,operating,0.0,0.0
own:1,14,precommission,operating,0.0,0.0
own:1,15,precommission,operating,0.0,0.0
own:1,16,precommission,operating,0.0,0.0
own:1,17,precommission,operating,0.0,0.0
own:1,18,precommission,operating,0.0,0.0
own:1,19,precommission,operating,0.0,0.0
own:1,20,precommission,operating,0.0,0.0
own:1,21,precommission,operating,0.0,0.0
own:1,22,precommission,operating,0.0,0.0
own:1,23,precommission,operating,0.0,0.0
own:1,24,precommission,operating,0.0,0.0
own:1,25,precommission,operating,0.0,0.0
own:1,26,precommission,operating,0.0,0.0
own:1,27,precommission,operating,0.0,0.0
own:1,28,precommission,operating,0.0,0.0
own:1,29,precommission,operating,0.0,0.0
own:1,30,precommission,operating,0.0,0.0
own:1,31,precommission,operating,0.0,0.0
own:1,32,precommission,operating,0.0,0.0
own:1,33,precommission,operating,0.0,0.0
own:1,34,precommission,operating,0.0,0.0
own:1,35,precommission,operating,0.0,0.0
own:1,36,precommission,operating,0.0,0.0
own:1,0,electricity,capital,0.0,0.0
own:1,1,electricity,operating,915.1200000000001,907.8804339272104
own:1,2,electricity,operating,885.6,871.6433617461695
own:1,3,electricity,operating,915.1200000000001,893.5726665445854
own:1,4,electricity,operating,915.1200000000001,886.5035626453281
own:1,5,electricity,operating,826.56,794.3784102951712
own:1,6,electricity,operating,915.1200000000001,872.5326846704265
own:1,7,electricity,operating,885.6,837.7064799267579
own:1,8,electricity,operating,915.1200000000001,858.7819811422098
own:1,9,electricity,operating,885.6,824.5046209574405
own:1,10,electricity,operating,915.1200000000001,845.2479822152567
own:1,11,electricity,operating,915.1200000000001,838.561177626635
own:1,12,electricity,operating,885.6,805.0909090909091
own:1,13,electricity,operating,915.1200000000001,825.3458490247367
own:1,14,electricity,operating,885.6,792.4030561328813
own:1,15,electricity,operating,915.1200000000001,812.3387877678049
own:1,16,electricity,operating,915.1200000000001,805.9123296775709
own:1,17,electricity,operating,856.0800000000002,747.9536980051938
own:1,18,electricity,operating,915.1200000000001,793.2115315185695
own:1,19,electricity,operating,885.6,761.5513453879618
own:1,20,electricity,operating,915.1200000000001,780.7108919474633
own:1,21,electricity,operating,885.6,749.549655415855
own:1,22,electricity,operating,915.1200000000001,768.4072565593241
own:1,23,electricity,operating,915.1200000000001,762.3283432969408
own:1,24,electricity,operating,885.6,731.9008264462809
own:1,25,electricity,operating,915.1200000000001,750.314408204306
own:1,26,electricity,operating,885.6,720.3664146662558
own:1,27,electricity,operating,915.1200000000001,738.4898070616407
own:1,28,electricity,operating,915.1200000000001,732.6475724341553
own:1,29,electricity,operating,826.56,656.5110828885712
own:1,30,electricity,operating,915.1200000000001,721.1013922896086
own:1,31,electricity,operating,885.6,692.3194048981469
own:1,32,electricity,operating,915.1200000000001,709.737174497694
own:1,33,electricity,operating,885.6,681.4087776507771
own:1,34,electricity,operating,915.1200000000001,698.5520514175673
own:1,35,electricity,operating,915.1200000000001,693.0257666335825
own:1,36,electricity,operating,885.6,665.3643876784371
own:1,0,hosting,capital,0.0,0.0
own:1,1,hosting,operating,0.0,0.0
own:1,2,hosting,operating,0.0,0.0
own:1,3,hosting,operating,0.0,0.0
own:1,4,hosting,operating,0.0,0.0
own:1,5,hosting,operating,0.0,0.0
own:1,6,hosting,operating,0.0,0.0
own:1,7,hosting,operating,0.0,0.0
own:1,8,hosting,operating,0.0,0.0
own:1,9,hosting,operating,0.0,0.0
own:1,10,hosting,operating,0.0,0.0
own:1,11,hosting,operating,0.0,0.0
own:1,12,hosting,operating,0.0,0.0
own:1,13,hosting,operating,0.0,0.0
own:1,14,hosting,operating,0.0,0.0
own:1,15,hosting,operating,0.0,0.0
own:1,16,hosting,operating,0.0,0.0
own:1,17,hosting,operating,0.0,0.0
own:1,18,hosting,operating,0.0,0.0
own:1,19,hosting,operating,0.0,0.0
own:1,20,hosting,operating,0.0,0.0
own:1,21,hosting,operating,0.0,0.0
own:1,22,hosting,operating,0.0,0.0
own:1,23,hosting,operating,0.0,0.0
own:1,24,hosting,operating,0.0,0.0
own:1,25,hosting,operating,0.0,0.0
own:1,26,hosting,operating,0.0,0.0
own:1,27,hosting,operating,0.0,0.0
own:1,28,hosting,operating,0.0,0.0
own:1,29,hosting,operating,0.0,0.0
own:1,30,hosting,operating,0.0,0.0
own:1,31,hosting,operating,0.0,0.0
own:1,32,hosting,operating,0.0,0.0
own:1,33,hosting,operating,0.0,0.0
own:1,34,hosting,operating,0.0,0.0
own:1,35,hosting,operating,0.0,0.0
own:1,36,hosting,operating,0.0,0.0
own:1,0,exit,terminal,0.0,0.0
own:1,1,exit,terminal,0.0,0.0
own:1,2,exit,terminal,0.0,0.0
own:1,3,exit,terminal,0.0,0.0
own:1,4,exit,terminal,0.0,0.0
own:1,5,exit,terminal,0.0,0.0
own:1,6,exit,terminal,0.0,0.0
own:1,7,exit,terminal,0.0,0.0
own:1,8,exit,terminal,0.0,0.0
own:1,9,exit,terminal,0.0,0.0
own:1,10,exit,terminal,0.0,0.0
own:1,11,exit,terminal,0.0,0.0
own:1,12,exit,terminal,0.0,0.0
own:1,13,exit,terminal,0.0,0.0
own:1,14,exit,terminal,0.0,0.0
own:1,15,exit,terminal,0.0,0.0
own:1,16,exit,terminal,0.0,0.0
own:1,17,exit,terminal,0.0,0.0
own:1,18,exit,terminal,0.0,0.0
own:1,19,exit,terminal,0.0,0.0
own:1,20,exit,terminal,0.0,0.0
own:1,21,exit,terminal,0.0,0.0
own:1,22,exit,terminal,0.0,0.0
own:1,23,exit,terminal,0.0,0.0
own:1,24,exit,terminal,0.0,0.0
own:1,25,exit,terminal,0.0,0.0
own:1,26,exit,terminal,0.0,0.0
own:1,27,exit,terminal,0.0,0.0
own:1,28,exit,terminal,0.0,0.0
own:1,29,exit,terminal,0.0,0.0
own:1,30,exit,terminal,0.0,0.0
own:1,31,exit,terminal,0.0,0.0
own:1,32,exit,terminal,0.0,0.0
own:1,33,exit,terminal,0.0,0.0
own:1,34,exit,terminal,0.0,0.0
own:1,35,exit,terminal,0.0,0.0
own:1,36,exit,terminal,0.0,0.0
own:1,0,residual,terminal,0.0,0.0
own:1,1,residual,terminal,0.0,0.0
own:1,2,residual,terminal,0.0,0.0
own:1,3,residual,terminal,0.0,0.0
own:1,4,residual,terminal,0.0,0.0
own:1,5,residual,terminal,0.0,0.0
own:1,6,residual,terminal,0.0,0.0
own:1,7,residual,terminal,0.0,0.0
own:1,8,residual,terminal,0.0,0.0
own:1,9,residual,terminal,0.0,0.0
own:1,10,residual,terminal,0.0,0.0
own:1,11,residual,terminal,0.0,0.0
own:1,12,residual,terminal,0.0,0.0
own:1,13,residual,terminal,0.0,0.0
own:1,14,residual,terminal,0.0,0.0
own:1,15,residual,terminal,0.0,0.0
own:1,16,residual,terminal,0.0,0.0
own:1,17,residual,terminal,0.0,0.0
own:1,18,residual,terminal,0.0,0.0
own:1,19,residual,terminal,0.0,0.0
own:1,20,residual,terminal,0.0,0.0
own:1,21,residual,terminal,0.0,0.0
own:1,22,residual,terminal,0.0,0.0
own:1,23,residual,terminal,0.0,0.0
own:1,24,residual,terminal,0.0,0.0
own:1,25,residual,terminal,0.0,0.0
own:1,26,residual,terminal,0.0,0.0
own:1,27,residual,terminal,0.0,0.0
own:1,28,residual,terminal,0.0,0.0
own:1,29,residual,terminal,0.0,0.0
own:1,30,residual,terminal,0.0,0.0
own:1,31,residual,terminal,0.0,0.0
own:1,32,residual,terminal,0.0,0.0
own:1,33,residual,terminal,0.0,0.0
own:1,34,residual,terminal,0.0,0.0
own:1,35,residual,terminal,0.0,0.0
own:1,36,residual,terminal,0.0,0.0
own:2,0,on_demand,capital,0.0,0.0
own:2,1,on_demand,operating,179636.8,178215.6831161984
own:2,2,on_demand,operating,174958.4,172201.13814558607
own:2,3,on_demand,operating,182044.8,177758.389464306
own:2,4,on_demand,operating,183420.8,177685.10431774647
own:2,5,on_demand,operating,167321.6,160807.03955677088
own:2,6,on_demand,operating,186585.6,177902.38929194238
own:2,7,on_demand,operating,41348.799999999996,39112.64419285854
own:2,8,on_demand,operating,43550.4,40869.283581973614
own:2,9,on_demand,operating,42724.799999999996,39777.32049399554
own:2,10,on_demand,operating,44926.4,41496.14143303119
own:2,11,on_demand,operating,45614.4,41798.305119254714
own:2,12,on_demand,operating,44995.2,40904.72727272727
own:2,13,on_demand,operating,47265.6,42628.7992412619
own:2,14,on_demand,operating,46371.2,41491.28341977084
own:2,15,on_demand,operating,48641.6,43178.44477127202
own:2,16,on_demand,operating,49398.4,43503.34341544772
own:2,17,on_demand,operating,46921.6,40995.21567647941
own:2,18,on_demand,operating,51049.6,44248.98526904707
own:2,19,on_demand,operating,50086.4,43070.647364091696
own:2,20,on_demand,operating,52356.799999999996,44666.845908203235
own:2,21,on_demand,operating,51668.799999999996,43731.17799881518
own:2,22,on_demand,operating,53939.2,45291.62589934073
own:2,23,on_demand,operating,54764.799999999996,45621.07620310811
own:2,24,on_demand,operating,54008.0,44634.71074380165
own:2,25,on_demand,operating,56347.2,46199.53232578204
own:2,26,on_demand,operating,55246.399999999994,44938.630410137564
own:2,27,on_demand,operating,57998.399999999994,46803.94617742356
own:2,28,on_demand,operating,58755.2,47039.57366015744
own:2,29,on_demand,operating,53801.6,42732.94942549573
own:2,30,on_demand,operating,60406.399999999994,47599.37400909498
own:2,31,on_demand,operating,59236.799999999996,46308.475749853824
own:2,32,on_demand,operating,62057.6,48129.847102137515
own:2,33,on_demand,operating,60819.2,46796.22485286601
own:2,34,on_demand,operating,63708.799999999996,48631.778273178934
own:2,35,on_demand,operating,64534.399999999994,48872.281268290775
own:2,36,on_demand,operating,63296.0,47555.22163786625
own:2,0,variable_service,capital,0.0,0.0
own:2,1,variable_service,operating,0.0,0.0
own:2,2,variable_service,operating,0.0,0.0
own:2,3,variable_service,operating,0.0,0.0
own:2,4,variable_service,operating,0.0,0.0
own:2,5,variable_service,operating,0.0,0.0
own:2,6,variable_service,operating,0.0,0.0
own:2,7,variable_service,operating,0.0,0.0
own:2,8,variable_service,operating,0.0,0.0
own:2,9,variable_service,operating,0.0,0.0
own:2,10,variable_service,operating,0.0,0.0
own:2,11,variable_service,operating,0.0,0.0
own:2,12,variable_service,operating,0.0,0.0
own:2,13,variable_service,operating,0.0,0.0
own:2,14,variable_service,operating,0.0,0.0
own:2,15,variable_service,operating,0.0,0.0
own:2,16,variable_service,operating,0.0,0.0
own:2,17,variable_service,operating,0.0,0.0
own:2,18,variable_service,operating,0.0,0.0
own:2,19,variable_service,operating,0.0,0.0
own:2,20,variable_service,operating,0.0,0.0
own:2,21,variable_service,operating,0.0,0.0
own:2,22,variable_service,operating,0.0,0.0
own:2,23,variable_service,operating,0.0,0.0
own:2,24,variable_service,operating,0.0,0.0
own:2,25,variable_service,operating,0.0,0.0
own:2,26,variable_service,operating,0.0,0.0
own:2,27,variable_service,operating,0.0,0.0
own:2,28,variable_service,operating,0.0,0.0
own:2,29,variable_service,operating,0.0,0.0
own:2,30,variable_service,operating,0.0,0.0
own:2,31,variable_service,operating,0.0,0.0
own:2,32,variable_service,operating,0.0,0.0
own:2,33,variable_service,operating,0.0,0.0
own:2,34,variable_service,operating,0.0,0.0
own:2,35,variable_service,operating,0.0,0.0
own:2,36,variable_service,operating,0.0,0.0
own:2,0,node_acquisition,capital,800000.0,800000.0
own:2,1,node_acquisition,operating,0.0,0.0
own:2,2,node_acquisition,operating,0.0,0.0
own:2,3,node_acquisition,operating,0.0,0.0
own:2,4,node_acquisition,operating,0.0,0.0
own:2,5,node_acquisition,operating,0.0,0.0
own:2,6,node_acquisition,operating,0.0,0.0
own:2,7,node_acquisition,operating,0.0,0.0
own:2,8,node_acquisition,operating,0.0,0.0
own:2,9,node_acquisition,operating,0.0,0.0
own:2,10,node_acquisition,operating,0.0,0.0
own:2,11,node_acquisition,operating,0.0,0.0
own:2,12,node_acquisition,operating,0.0,0.0
own:2,13,node_acquisition,operating,0.0,0.0
own:2,14,node_acquisition,operating,0.0,0.0
own:2,15,node_acquisition,operating,0.0,0.0
own:2,16,node_acquisition,operating,0.0,0.0
own:2,17,node_acquisition,operating,0.0,0.0
own:2,18,node_acquisition,operating,0.0,0.0
own:2,19,node_acquisition,operating,0.0,0.0
own:2,20,node_acquisition,operating,0.0,0.0
own:2,21,node_acquisition,operating,0.0,0.0
own:2,22,node_acquisition,operating,0.0,0.0
own:2,23,node_acquisition,operating,0.0,0.0
own:2,24,node_acquisition,operating,0.0,0.0
own:2,25,node_acquisition,operating,0.0,0.0
own:2,26,node_acquisition,operating,0.0,0.0
own:2,27,node_acquisition,operating,0.0,0.0
own:2,28,node_acquisition,operating,0.0,0.0
own:2,29,node_acquisition,operating,0.0,0.0
own:2,30,node_acquisition,operating,0.0,0.0
own:2,31,node_acquisition,operating,0.0,0.0
own:2,32,node_acquisition,operating,0.0,0.0
own:2,33,node_acquisition,operating,0.0,0.0
own:2,34,node_acquisition,operating,0.0,0.0
own:2,35,node_acquisition,operating,0.0,0.0
own:2,36,node_acquisition,operating,0.0,0.0
own:2,0,installation,capital,50000.0,50000.0
own:2,1,installation,operating,0.0,0.0
own:2,2,installation,operating,0.0,0.0
own:2,3,installation,operating,0.0,0.0
own:2,4,installation,operating,0.0,0.0
own:2,5,installation,operating,0.0,0.0
own:2,6,installation,operating,0.0,0.0
own:2,7,installation,operating,0.0,0.0
own:2,8,installation,operating,0.0,0.0
own:2,9,installation,operating,0.0,0.0
own:2,10,installation,operating,0.0,0.0
own:2,11,installation,operating,0.0,0.0
own:2,12,installation,operating,0.0,0.0
own:2,13,installation,operating,0.0,0.0
own:2,14,installation,operating,0.0,0.0
own:2,15,installation,operating,0.0,0.0
own:2,16,installation,operating,0.0,0.0
own:2,17,installation,operating,0.0,0.0
own:2,18,installation,operating,0.0,0.0
own:2,19,installation,operating,0.0,0.0
own:2,20,installation,operating,0.0,0.0
own:2,21,installation,operating,0.0,0.0
own:2,22,installation,operating,0.0,0.0
own:2,23,installation,operating,0.0,0.0
own:2,24,installation,operating,0.0,0.0
own:2,25,installation,operating,0.0,0.0
own:2,26,installation,operating,0.0,0.0
own:2,27,installation,operating,0.0,0.0
own:2,28,installation,operating,0.0,0.0
own:2,29,installation,operating,0.0,0.0
own:2,30,installation,operating,0.0,0.0
own:2,31,installation,operating,0.0,0.0
own:2,32,installation,operating,0.0,0.0
own:2,33,installation,operating,0.0,0.0
own:2,34,installation,operating,0.0,0.0
own:2,35,installation,operating,0.0,0.0
own:2,36,installation,operating,0.0,0.0
own:2,0,network,capital,0.0,0.0
own:2,1,network,operating,0.0,0.0
own:2,2,network,operating,0.0,0.0
own:2,3,network,operating,0.0,0.0
own:2,4,network,operating,0.0,0.0
own:2,5,network,operating,0.0,0.0
own:2,6,network,operating,0.0,0.0
own:2,7,network,operating,0.0,0.0
own:2,8,network,operating,0.0,0.0
own:2,9,network,operating,0.0,0.0
own:2,10,network,operating,0.0,0.0
own:2,11,network,operating,0.0,0.0
own:2,12,network,operating,0.0,0.0
own:2,13,network,operating,0.0,0.0
own:2,14,network,operating,0.0,0.0
own:2,15,network,operating,0.0,0.0
own:2,16,network,operating,0.0,0.0
own:2,17,network,operating,0.0,0.0
own:2,18,network,operating,0.0,0.0
own:2,19,network,operating,0.0,0.0
own:2,20,network,operating,0.0,0.0
own:2,21,network,operating,0.0,0.0
own:2,22,network,operating,0.0,0.0
own:2,23,network,operating,0.0,0.0
own:2,24,network,operating,0.0,0.0
own:2,25,network,operating,0.0,0.0
own:2,26,network,operating,0.0,0.0
own:2,27,network,operating,0.0,0.0
own:2,28,network,operating,0.0,0.0
own:2,29,network,operating,0.0,0.0
own:2,30,network,operating,0.0,0.0
own:2,31,network,operating,0.0,0.0
own:2,32,network,operating,0.0,0.0
own:2,33,network,operating,0.0,0.0
own:2,34,network,operating,0.0,0.0
own:2,35,network,operating,0.0,0.0
own:2,36,network,operating,0.0,0.0
own:2,0,storage,capital,0.0,0.0
own:2,1,storage,operating,0.0,0.0
own:2,2,storage,operating,0.0,0.0
own:2,3,storage,operating,0.0,0.0
own:2,4,storage,operating,0.0,0.0
own:2,5,storage,operating,0.0,0.0
own:2,6,storage,operating,0.0,0.0
own:2,7,storage,operating,0.0,0.0
own:2,8,storage,operating,0.0,0.0
own:2,9,storage,operating,0.0,0.0
own:2,10,storage,operating,0.0,0.0
own:2,11,storage,operating,0.0,0.0
own:2,12,storage,operating,0.0,0.0
own:2,13,storage,operating,0.0,0.0
own:2,14,storage,operating,0.0,0.0
own:2,15,storage,operating,0.0,0.0
own:2,16,storage,operating,0.0,0.0
own:2,17,storage,operating,0.0,0.0
own:2,18,storage,operating,0.0,0.0
own:2,19,storage,operating,0.0,0.0
own:2,20,storage,operating,0.0,0.0
own:2,21,storage,operating,0.0,0.0
own:2,22,storage,operating,0.0,0.0
own:2,23,storage,operating,0.0,0.0
own:2,24,storage,operating,0.0,0.0
own:2,25,storage,operating,0.0,0.0
own:2,26,storage,operating,0.0,0.0
own:2,27,storage,operating,0.0,0.0
own:2,28,storage,operating,0.0,0.0
own:2,29,storage,operating,0.0,0.0
own:2,30,storage,operating,0.0,0.0
own:2,31,storage,operating,0.0,0.0
own:2,32,storage,operating,0.0,0.0
own:2,33,storage,operating,0.0,0.0
own:2,34,storage,operating,0.0,0.0
own:2,35,storage,operating,0.0,0.0
own:2,36,storage,operating,0.0,0.0
own:2,0,operations,capital,0.0,0.0
own:2,1,operations,operating,2666.6666666666665,2645.5705158586425
own:2,2,operations,operating,2666.6666666666665,2624.641257892711
own:2,3,operations,operating,2666.6666666666665,2603.8775724701613
own:2,4,operations,operating,2666.6666666666665,2583.278149737238
own:2,5,operations,operating,2666.6666666666665,2562.8416902025137
own:2,6,operations,operating,2666.6666666666665,2542.5669046549124
own:2,7,operations,operating,2666.6666666666665,2522.4525140823785
own:2,8,operations,operating,2666.6666666666665,2502.497249591193
own:2,9,operations,operating,2666.6666666666665,2482.699852325927
own:2,10,operations,operating,2666.6666666666665,2463.0590733900294
own:2,11,operations,operating,2666.6666666666665,2443.573673767039
own:2,12,operations,operating,2666.6666666666665,2424.242424242424
own:2,13,operations,operating,2666.6666666666665,2405.0641053260383
own:2,14,operations,operating,2666.6666666666665,2386.037507175192
own:2,15,operations,operating,2666.6666666666665,2367.1614295183285
own:2,16,operations,operating,2666.6666666666665,2348.434681579307
own:2,17,operations,operating,2666.6666666666665,2329.8560820022853
own:2,18,operations,operating,2666.6666666666665,2311.424458777193
own:2,19,operations,operating,2666.6666666666665,2293.1386491657986
own:2,20,operations,operating,2666.6666666666665,2274.9974996283568
own:2,21,operations,operating,2666.6666666666665,2256.9998657508427
own:2,22,operations,operating,2666.6666666666665,2239.144612172754
own:2,23,operations,operating,2666.6666666666665,2221.43061251549
own:2,24,operations,operating,2666.6666666666665,2203.8567493112946
own:2,25,operations,operating,2666.6666666666665,2186.421913932762
own:2,26,operations,operating,2666.6666666666665,2169.125006522902
own:2,27,operations,operating,2666.6666666666665,2151.964935925753
own:2,28,operations,operating,2666.6666666666665,2134.9406196175514
own:2,29,operations,operating,2666.6666666666665,2118.050983638441
own:2,30,operations,operating,2666.6666666666665,2101.2949625247206
own:2,31,operations,operating,2666.6666666666665,2084.6714992416346
own:2,32,operations,operating,2666.6666666666665,2068.179545116688
own:2,33,operations,operating,2666.6666666666665,2051.818059773493
own:2,34,operations,operating,2666.6666666666665,2035.58601106614
own:2,35,operations,operating,2666.6666666666665,2019.4823750140815
own:2,36,operations,operating,2666.6666666666665,2003.50613573754
own:2,0,precommission,capital,0.0,0.0
own:2,1,precommission,operating,0.0,0.0
own:2,2,precommission,operating,0.0,0.0
own:2,3,precommission,operating,0.0,0.0
own:2,4,precommission,operating,0.0,0.0
own:2,5,precommission,operating,0.0,0.0
own:2,6,precommission,operating,0.0,0.0
own:2,7,precommission,operating,0.0,0.0
own:2,8,precommission,operating,0.0,0.0
own:2,9,precommission,operating,0.0,0.0
own:2,10,precommission,operating,0.0,0.0
own:2,11,precommission,operating,0.0,0.0
own:2,12,precommission,operating,0.0,0.0
own:2,13,precommission,operating,0.0,0.0
own:2,14,precommission,operating,0.0,0.0
own:2,15,precommission,operating,0.0,0.0
own:2,16,precommission,operating,0.0,0.0
own:2,17,precommission,operating,0.0,0.0
own:2,18,precommission,operating,0.0,0.0
own:2,19,precommission,operating,0.0,0.0
own:2,20,precommission,operating,0.0,0.0
own:2,21,precommission,operating,0.0,0.0
own:2,22,precommission,operating,0.0,0.0
own:2,23,precommission,operating,0.0,0.0
own:2,24,precommission,operating,0.0,0.0
own:2,25,precommission,operating,0.0,0.0
own:2,26,precommission,operating,0.0,0.0
own:2,27,precommission,operating,0.0,0.0
own:2,28,precommission,operating,0.0,0.0
own:2,29,precommission,operating,0.0,0.0
own:2,30,precommission,operating,0.0,0.0
own:2,31,precommission,operating,0.0,0.0
own:2,32,precommission,operating,0.0,0.0
own:2,33,precommission,operating,0.0,0.0
own:2,34,precommission,operating,0.0,0.0
own:2,35,precommission,operating,0.0,0.0
own:2,36,precommission,operating,0.0,0.0
own:2,0,electricity,capital,0.0,0.0
own:2,1,electricity,operating,1830.2400000000002,1815.760867854421
own:2,2,electricity,operating,1771.2,1743.286723492339
own:2,3,electricity,operating,1830.2400000000002,1787.145333089171
own:2,4,electricity,operating,1830.2400000000002,1773.0071252906562
own:2,5,electricity,operating,1653.12,1588.7568205903424
own:2,6,electricity,operating,1830.2400000000002,1745.065369340853
own:2,7,electricity,operating,1771.2,1675.4129598535158
own:2,8,electricity,operating,1830.2400000000002,1717.5639622844196
own:2,9,electricity,operating,1771.2,1649.009241914881
own:2,10,electricity,operating,1830.2400000000002,1690.4959644305134
own:2,11,electricity,operating,1830.2400000000002,1677.12235525327
own:2,12,electricity,operating,1771.2,1610.1818181818182
own:2,13,electricity,operating,1830.2400000000002,1650.6916980494734
own:2,14,electricity,operating,1771.2,1584.8061122657625
own:2,15,electricity,operating,1830.2400000000002,1624.6775755356098
own:2,16,electricity,operating,1830.2400000000002,1611.8246593551419
own:2,17,electricity,operating,1712.1600000000003,1495.9073960103876
own:2,18,electricity,operating,1830.2400000000002,1586.423063037139
own:2,19,electricity,operating,1771.2,1523.1026907759235
own:2,20,electricity,operating,1830.2400000000002,1561.4217838949266
own:2,21,electricity,operating,1771.2,1499.09931083171
own:2,22,electricity,operating,1830.2400000000002,1536.8145131186482
own:2,23,electricity,operating,1830.2400000000002,1524.6566865938817
own:2,24,electricity,operating,1771.2,1463.8016528925618
own:2,25,electricity,operating,1830.2400000000002,1500.628816408612
own:2,26,electricity,operating,1771.2,1440.7328293325115
own:2,27,electricity,operating,1830.2400000000002,1476.9796141232814
own:2,28,electricity,operating,1830.2400000000002,1465.2951448683107
own:2,29,electricity,operating,1653.12,1313.0221657771424
own:2,30,electricity,operating,1830.2400000000002,1442.2027845792172
own:2,31,electricity,operating,1771.2,1384.6388097962938
own:2,32,electricity,operating,1830.2400000000002,1419.474348995388
own:2,33,electricity,operating,1771.2,1362.8175553015542
own:2,34,electricity,operating,1830.2400000000002,1397.1041028351347
own:2,35,electricity,operating,1830.2400000000002,1386.051533267165
own:2,36,electricity,operating,1771.2,1330.7287753568742
own:2,0,hosting,capital,0.0,0.0
own:2,1,hosting,operating,0.0,0.0
own:2,2,hosting,operating,0.0,0.0
own:2,3,hosting,operating,0.0,0.0
own:2,4,hosting,operating,0.0,0.0
own:2,5,hosting,operating,0.0,0.0
own:2,6,hosting,operating,0.0,0.0
own:2,7,hosting,operating,0.0,0.0
own:2,8,hosting,operating,0.0,0.0
own:2,9,hosting,operating,0.0,0.0
own:2,10,hosting,operating,0.0,0.0
own:2,11,hosting,operating,0.0,0.0
own:2,12,hosting,operating,0.0,0.0
own:2,13,hosting,operating,0.0,0.0
own:2,14,hosting,operating,0.0,0.0
own:2,15,hosting,operating,0.0,0.0
own:2,16,hosting,operating,0.0,0.0
own:2,17,hosting,operating,0.0,0.0
own:2,18,hosting,operating,0.0,0.0
own:2,19,hosting,operating,0.0,0.0
own:2,20,hosting,operating,0.0,0.0
own:2,21,hosting,operating,0.0,0.0
own:2,22,hosting,operating,0.0,0.0
own:2,23,hosting,operating,0.0,0.0
own:2,24,hosting,operating,0.0,0.0
own:2,25,hosting,operating,0.0,0.0
own:2,26,hosting,operating,0.0,0.0
own:2,27,hosting,operating,0.0,0.0
own:2,28,hosting,operating,0.0,0.0
own:2,29,hosting,operating,0.0,0.0
own:2,30,hosting,operating,0.0,0.0
own:2,31,hosting,operating,0.0,0.0
own:2,32,hosting,operating,0.0,0.0
own:2,33,hosting,operating,0.0,0.0
own:2,34,hosting,operating,0.0,0.0
own:2,35,hosting,operating,0.0,0.0
own:2,36,hosting,operating,0.0,0.0
own:2,0,exit,terminal,0.0,0.0
own:2,1,exit,terminal,0.0,0.0
own:2,2,exit,terminal,0.0,0.0
own:2,3,exit,terminal,0.0,0.0
own:2,4,exit,terminal,0.0,0.0
own:2,5,exit,terminal,0.0,0.0
own:2,6,exit,terminal,0.0,0.0
own:2,7,exit,terminal,0.0,0.0
own:2,8,exit,terminal,0.0,0.0
own:2,9,exit,terminal,0.0,0.0
own:2,10,exit,terminal,0.0,0.0
own:2,11,exit,terminal,0.0,0.0
own:2,12,exit,terminal,0.0,0.0
own:2,13,exit,terminal,0.0,0.0
own:2,14,exit,terminal,0.0,0.0
own:2,15,exit,terminal,0.0,0.0
own:2,16,exit,terminal,0.0,0.0
own:2,17,exit,terminal,0.0,0.0
own:2,18,exit,terminal,0.0,0.0
own:2,19,exit,terminal,0.0,0.0
own:2,20,exit,terminal,0.0,0.0
own:2,21,exit,terminal,0.0,0.0
own:2,22,exit,terminal,0.0,0.0
own:2,23,exit,terminal,0.0,0.0
own:2,24,exit,terminal,0.0,0.0
own:2,25,exit,terminal,0.0,0.0
own:2,26,exit,terminal,0.0,0.0
own:2,27,exit,terminal,0.0,0.0
own:2,28,exit,terminal,0.0,0.0
own:2,29,exit,terminal,0.0,0.0
own:2,30,exit,terminal,0.0,0.0
own:2,31,exit,terminal,0.0,0.0
own:2,32,exit,terminal,0.0,0.0
own:2,33,exit,terminal,0.0,0.0
own:2,34,exit,terminal,0.0,0.0
own:2,35,exit,terminal,0.0,0.0
own:2,36,exit,terminal,0.0,0.0
own:2,0,residual,terminal,0.0,0.0
own:2,1,residual,terminal,0.0,0.0
own:2,2,residual,terminal,0.0,0.0
own:2,3,residual,terminal,0.0,0.0
own:2,4,residual,terminal,0.0,0.0
own:2,5,residual,terminal,0.0,0.0
own:2,6,residual,terminal,0.0,0.0
own:2,7,residual,terminal,0.0,0.0
own:2,8,residual,terminal,0.0,0.0
own:2,9,residual,terminal,0.0,0.0
own:2,10,residual,terminal,0.0,0.0
own:2,11,residual,terminal,0.0,0.0
own:2,12,residual,terminal,0.0,0.0
own:2,13,residual,terminal,0.0,0.0
own:2,14,residual,terminal,0.0,0.0
own:2,15,residual,terminal,0.0,0.0
own:2,16,residual,terminal,0.0,0.0
own:2,17,residual,terminal,0.0,0.0
own:2,18,residual,terminal,0.0,0.0
own:2,19,residual,terminal,0.0,0.0
own:2,20,residual,terminal,0.0,0.0
own:2,21,residual,terminal,0.0,0.0
own:2,22,residual,terminal,0.0,0.0
own:2,23,residual,terminal,0.0,0.0
own:2,24,residual,terminal,0.0,0.0
own:2,25,residual,terminal,0.0,0.0
own:2,26,residual,terminal,0.0,0.0
own:2,27,residual,terminal,0.0,0.0
own:2,28,residual,terminal,0.0,0.0
own:2,29,residual,terminal,0.0,0.0
own:2,30,residual,terminal,0.0,0.0
own:2,31,residual,terminal,0.0,0.0
own:2,32,residual,terminal,0.0,0.0
own:2,33,residual,terminal,0.0,0.0
own:2,34,residual,terminal,0.0,0.0
own:2,35,residual,terminal,0.0,0.0
own:2,36,residual,terminal,0.0,0.0
own:3,0,on_demand,capital,0.0,0.0
own:3,1,on_demand,operating,128380.79999999999,127365.17223087944
own:3,2,on_demand,operating,125353.59999999999,123378.08639451742
own:3,3,on_demand,operating,130788.79999999999,127709.25864385703
own:3,4,on_demand,operating,132233.6,128098.56357791027
own:3,5,on_demand,operating,120812.79999999999,116109.03020628684
own:3,6,on_demand,operating,135123.19999999998,128834.91613915
own:3,7,on_demand,operating,17062.399999999998,16139.660166104688
own:3,8,on_demand,operating,17888.0,16786.751550257723
own:3,9,on_demand,operating,17612.8,16397.735984642284
own:3,10,on_demand,operating,18438.399999999998,17030.57565704802
own:3,11,on_demand,operating,18713.6,17148.022613027573
own:3,12,on_demand,operating,18300.8,16637.090909090908
own:3,13,on_demand,operating,19126.399999999998,17250.081789040476
own:3,14,on_demand,operating,18851.2,16867.376345722867
own:3,15,on_demand,operating,19676.8,17466.810756129842
own:3,16,on_demand,operating,19952.0,17570.988287576376
own:3,17,on_demand,operating,18851.2,16470.218614890557
own:3,18,on_demand,operating,20364.8,17651.886306789667
own:3,19,on_demand,operating,20020.8,17216.42635020698
own:3,20,on_demand,operating,21052.8,17960.65026006595
own:3,21,on_demand,operating,20640.0,17469.178960911526
own:3,22,on_demand,operating,21465.6,18024.2184701458
own:3,23,on_demand,operating,21672.0,18053.56658791339
own:3,24,on_demand,operating,21259.2,17569.5867768595
own:3,25,on_demand,operating,22291.2,18276.738062946744
own:3,26,on_demand,operating,21878.399999999998,17796.369203516493
own:3,27,on_demand,operating,22704.0,18321.82946447186
own:3,28,on_demand,operating,23116.8,18507.37324334063
own:3,29,on_demand,operating,21052.8,16721.588905628763
own:3,30,on_demand,operating,23529.6,18540.986231333125
own:3,31,on_demand,operating,23116.8,18071.600292625884
own:3,32,on_demand,operating,24148.8,18729.020324667705
own:3,33,on_demand,operating,23529.6,18104.421832217395
own:3,34,on_demand,operating,24768.0,18906.522870782308
own:3,35,on_demand,operating,24974.399999999998,18913.26023495688
own:3,36,on_demand,operating,24355.2,18298.4222389181
own:3,0,variable_service,capital,0.0,0.0
own:3,1,variable_service,operating,0.0,0.0
own:3,2,variable_service,operating,0.0,0.0
own:3,3,variable_service,operating,0.0,0.0
own:3,4,variable_service,operating,0.0,0.0
own:3,5,variable_service,operating,0.0,0.0
own:3,6,variable_service,operating,0.0,0.0
own:3,7,variable_service,operating,0.0,0.0
own:3,8,variable_service,operating,0.0,0.0
own:3,9,variable_service,operating,0.0,0.0
own:3,10,variable_service,operating,0.0,0.0
own:3,11,variable_service,operating,0.0,0.0
own:3,12,variable_service,operating,0.0,0.0
own:3,13,variable_service,operating,0.0,0.0
own:3,14,variable_service,operating,0.0,0.0
own:3,15,variable_service,operating,0.0,0.0
own:3,16,variable_service,operating,0.0,0.0
own:3,17,variable_service,operating,0.0,0.0
own:3,18,variable_service,operating,0.0,0.0
own:3,19,variable_service,operating,0.0,0.0
own:3,20,variable_service,operating,0.0,0.0
own:3,21,variable_service,operating,0.0,0.0
own:3,22,variable_service,operating,0.0,0.0
own:3,23,variable_service,operating,0.0,0.0
own:3,24,variable_service,operating,0.0,0.0
own:3,25,variable_service,operating,0.0,0.0
own:3,26,variable_service,operating,0.0,0.0
own:3,27,variable_service,operating,0.0,0.0
own:3,28,variable_service,operating,0.0,0.0
own:3,29,variable_service,operating,0.0,0.0
own:3,30,variable_service,operating,0.0,0.0
own:3,31,variable_service,operating,0.0,0.0
own:3,32,variable_service,operating,0.0,0.0
own:3,33,variable_service,operating,0.0,0.0
own:3,34,variable_service,operating,0.0,0.0
own:3,35,variable_service,operating,0.0,0.0
own:3,36,variable_service,operating,0.0,0.0
own:3,0,node_acquisition,capital,1200000.0,1200000.0
own:3,1,node_acquisition,operating,0.0,0.0
own:3,2,node_acquisition,operating,0.0,0.0
own:3,3,node_acquisition,operating,0.0,0.0
own:3,4,node_acquisition,operating,0.0,0.0
own:3,5,node_acquisition,operating,0.0,0.0
own:3,6,node_acquisition,operating,0.0,0.0
own:3,7,node_acquisition,operating,0.0,0.0
own:3,8,node_acquisition,operating,0.0,0.0
own:3,9,node_acquisition,operating,0.0,0.0
own:3,10,node_acquisition,operating,0.0,0.0
own:3,11,node_acquisition,operating,0.0,0.0
own:3,12,node_acquisition,operating,0.0,0.0
own:3,13,node_acquisition,operating,0.0,0.0
own:3,14,node_acquisition,operating,0.0,0.0
own:3,15,node_acquisition,operating,0.0,0.0
own:3,16,node_acquisition,operating,0.0,0.0
own:3,17,node_acquisition,operating,0.0,0.0
own:3,18,node_acquisition,operating,0.0,0.0
own:3,19,node_acquisition,operating,0.0,0.0
own:3,20,node_acquisition,operating,0.0,0.0
own:3,21,node_acquisition,operating,0.0,0.0
own:3,22,node_acquisition,operating,0.0,0.0
own:3,23,node_acquisition,operating,0.0,0.0
own:3,24,node_acquisition,operating,0.0,0.0
own:3,25,node_acquisition,operating,0.0,0.0
own:3,26,node_acquisition,operating,0.0,0.0
own:3,27,node_acquisition,operating,0.0,0.0
own:3,28,node_acquisition,operating,0.0,0.0
own:3,29,node_acquisition,operating,0.0,0.0
own:3,30,node_acquisition,operating,0.0,0.0
own:3,31,node_acquisition,operating,0.0,0.0
own:3,32,node_acquisition,operating,0.0,0.0
own:3,33,node_acquisition,operating,0.0,0.0
own:3,34,node_acquisition,operating,0.0,0.0
own:3,35,node_acquisition,operating,0.0,0.0
own:3,36,node_acquisition,operating,0.0,0.0
own:3,0,installation,capital,50000.0,50000.0
own:3,1,installation,operating,0.0,0.0
own:3,2,installation,operating,0.0,0.0
own:3,3,installation,operating,0.0,0.0
own:3,4,installation,operating,0.0,0.0
own:3,5,installation,operating,0.0,0.0
own:3,6,installation,operating,0.0,0.0
own:3,7,installation,operating,0.0,0.0
own:3,8,installation,operating,0.0,0.0
own:3,9,installation,operating,0.0,0.0
own:3,10,installation,operating,0.0,0.0
own:3,11,installation,operating,0.0,0.0
own:3,12,installation,operating,0.0,0.0
own:3,13,installation,operating,0.0,0.0
own:3,14,installation,operating,0.0,0.0
own:3,15,installation,operating,0.0,0.0
own:3,16,installation,operating,0.0,0.0
own:3,17,installation,operating,0.0,0.0
own:3,18,installation,operating,0.0,0.0
own:3,19,installation,operating,0.0,0.0
own:3,20,installation,operating,0.0,0.0
own:3,21,installation,operating,0.0,0.0
own:3,22,installation,operating,0.0,0.0
own:3,23,installation,operating,0.0,0.0
own:3,24,installation,operating,0.0,0.0
own:3,25,installation,operating,0.0,0.0
own:3,26,installation,operating,0.0,0.0
own:3,27,installation,operating,0.0,0.0
own:3,28,installation,operating,0.0,0.0
own:3,29,installation,operating,0.0,0.0
own:3,30,installation,operating,0.0,0.0
own:3,31,installation,operating,0.0,0.0
own:3,32,installation,operating,0.0,0.0
own:3,33,installation,operating,0.0,0.0
own:3,34,installation,operating,0.0,0.0
own:3,35,installation,operating,0.0,0.0
own:3,36,installation,operating,0.0,0.0
own:3,0,network,capital,0.0,0.0
own:3,1,network,operating,0.0,0.0
own:3,2,network,operating,0.0,0.0
own:3,3,network,operating,0.0,0.0
own:3,4,network,operating,0.0,0.0
own:3,5,network,operating,0.0,0.0
own:3,6,network,operating,0.0,0.0
own:3,7,network,operating,0.0,0.0
own:3,8,network,operating,0.0,0.0
own:3,9,network,operating,0.0,0.0
own:3,10,network,operating,0.0,0.0
own:3,11,network,operating,0.0,0.0
own:3,12,network,operating,0.0,0.0
own:3,13,network,operating,0.0,0.0
own:3,14,network,operating,0.0,0.0
own:3,15,network,operating,0.0,0.0
own:3,16,network,operating,0.0,0.0
own:3,17,network,operating,0.0,0.0
own:3,18,network,operating,0.0,0.0
own:3,19,network,operating,0.0,0.0
own:3,20,network,operating,0.0,0.0
own:3,21,network,operating,0.0,0.0
own:3,22,network,operating,0.0,0.0
own:3,23,network,operating,0.0,0.0
own:3,24,network,operating,0.0,0.0
own:3,25,network,operating,0.0,0.0
own:3,26,network,operating,0.0,0.0
own:3,27,network,operating,0.0,0.0
own:3,28,network,operating,0.0,0.0
own:3,29,network,operating,0.0,0.0
own:3,30,network,operating,0.0,0.0
own:3,31,network,operating,0.0,0.0
own:3,32,network,operating,0.0,0.0
own:3,33,network,operating,0.0,0.0
own:3,34,network,operating,0.0,0.0
own:3,35,network,operating,0.0,0.0
own:3,36,network,operating,0.0,0.0
own:3,0,storage,capital,0.0,0.0
own:3,1,storage,operating,0.0,0.0
own:3,2,storage,operating,0.0,0.0
own:3,3,storage,operating,0.0,0.0
own:3,4,storage,operating,0.0,0.0
own:3,5,storage,operating,0.0,0.0
own:3,6,storage,operating,0.0,0.0
own:3,7,storage,operating,0.0,0.0
own:3,8,storage,operating,0.0,0.0
own:3,9,storage,operating,0.0,0.0
own:3,10,storage,operating,0.0,0.0
own:3,11,storage,operating,0.0,0.0
own:3,12,storage,operating,0.0,0.0
own:3,13,storage,operating,0.0,0.0
own:3,14,storage,operating,0.0,0.0
own:3,15,storage,operating,0.0,0.0
own:3,16,storage,operating,0.0,0.0
own:3,17,storage,operating,0.0,0.0
own:3,18,storage,operating,0.0,0.0
own:3,19,storage,operating,0.0,0.0
own:3,20,storage,operating,0.0,0.0
own:3,21,storage,operating,0.0,0.0
own:3,22,storage,operating,0.0,0.0
own:3,23,storage,operating,0.0,0.0
own:3,24,storage,operating,0.0,0.0
own:3,25,storage,operating,0.0,0.0
own:3,26,storage,operating,0.0,0.0
own:3,27,storage,operating,0.0,0.0
own:3,28,storage,operating,0.0,0.0
own:3,29,storage,operating,0.0,0.0
own:3,30,storage,operating,0.0,0.0
own:3,31,storage,operating,0.0,0.0
own:3,32,storage,operating,0.0,0.0
own:3,33,storage,operating,0.0,0.0
own:3,34,storage,operating,0.0,0.0
own:3,35,storage,operating,0.0,0.0
own:3,36,storage,operating,0.0,0.0
own:3,0,operations,capital,0.0,0.0
own:3,1,operations,operating,3000.0,2976.266830340973
own:3,2,operations,operating,3000.0,2952.7214151293006
own:3,3,operations,operating,3000.0,2929.3622690289317
own:3,4,operations,operating,3000.0,2906.1879184543927
own:3,5,operations,operating,3000.0,2883.1969014778283
own:3,6,operations,operating,3000.0,2860.387767736777
own:3,7,operations,operating,3000.0,2837.759078342676
own:3,8,operations,operating,3000.0,2815.309405790092
own:3,9,operations,operating,3000.0,2793.037333866668
own:3,10,operations,operating,3000.0,2770.9414575637834
own:3,11,operations,operating,3000.0,2749.020382987919
own:3,12,operations,operating,3000.0,2727.272727272727
own:3,13,operations,operating,3000.0,2705.6971184917934
own:3,14,operations,operating,3000.0,2684.292195572091
own:3,15,operations,operating,3000.0,2663.0566082081195
own:3,16,operations,operating,3000.0,2641.9890167767207
own:3,17,operations,operating,3000.0,2621.088092252571
own:3,18,operations,operating,3000.0,2600.3525161243424
own:3,19,operations,operating,3000.0,2579.7809803115233
own:3,20,operations,operating,3000.0,2559.3721870819018
own:3,21,operations,operating,3000.0,2539.124848969698
own:3,22,operations,operating,3000.0,2519.0376886943486
own:3,23,operations,operating,3000.0,2499.1094390799262
own:3,24,operations,operating,3000.0,2479.3388429752063
own:3,25,operations,operating,3000.0,2459.724653174357
own:3,26,operations,operating,3000.0,2440.2656323382644
own:3,27,operations,operating,3000.0,2420.960552916472
own:3,28,operations,operating,3000.0,2401.808197069746
own:3,29,operations,operating,3000.0,2382.8073565932464
own:3,30,operations,operating,3000.0,2363.956832840311
own:3,31,operations,operating,3000.0,2345.2554366468394
own:3,32,operations,operating,3000.0,2326.701988256274
own:3,33,operations,operating,3000.0,2308.29531724518
own:3,34,operations,operating,3000.0,2290.0342624494074
own:3,35,operations,operating,3000.0,2271.917671890842
own:3,36,operations,operating,3000.0,2253.9444027047325
own:3,0,precommission,capital,0.0,0.0
own:3,1,precommission,operating,0.0,0.0
own:3,2,precommission,operating,0.0,0.0
own:3,3,precommission,operating,0.0,0.0
own:3,4,precommission,operating,0.0,0.0
own:3,5,precommission,operating,0.0,0.0
own:3,6,precommission,operating,0.0,0.0
own:3,7,precommission,operating,0.0,0.0
own:3,8,precommission,operating,0.0,0.0
own:3,9,precommission,operating,0.0,0.0
own:3,10,precommission,operating,0.0,0.0
own:3,11,precommission,operating,0.0,0.0
own:3,12,precommission,operating,0.0,0.0
own:3,13,precommission,operating,0.0,0.0
own:3,14,precommission,operating,0.0,0.0
own:3,15,precommission,operating,0.0,0.0
own:3,16,precommission,operating,0.0,0.0
own:3,17,precommission,operating,0.0,0.0
own:3,18,precommission,operating,0.0,0.0
own:3,19,precommission,operating,0.0,0.0
own:3,20,precommission,operating,0.0,0.0
own:3,21,precommission,operating,0.0,0.0
own:3,22,precommission,operating,0.0,0.0
own:3,23,precommission,operating,0.0,0.0
own:3,24,precommission,operating,0.0,0.0
own:3,25,precommission,operating,0.0,0.0
own:3,26,precommission,operating,0.0,0.0
own:3,27,precommission,operating,0.0,0.0
own:3,28,precommission,operating,0.0,0.0
own:3,29,precommission,operating,0.0,0.0
own:3,30,precommission,operating,0.0,0.0
own:3,31,precommission,operating,0.0,0.0
own:3,32,precommission,operating,0.0,0.0
own:3,33,precommission,operating,0.0,0.0
own:3,34,precommission,operating,0.0,0.0
own:3,35,precommission,operating,0.0,0.0
own:3,36,precommission,operating,0.0,0.0
own:3,0,electricity,capital,0.0,0.0
own:3,1,electricity,operating,2745.36,2723.6413017816312
own:3,2,electricity,operating,2656.7999999999997,2614.930085238508
own:3,3,electricity,operating,2745.36,2680.717999633756
own:3,4,electricity,operating,2745.36,2659.510687935984
own:3,5,electricity,operating,2479.6800000000003,2383.135230885514
own:3,6,electricity,operating,2745.36,2617.598054011279
own:3,7,electricity,operating,2295.87066564415,2171.7092747107763
own:3,8,electricity,operating,2379.2843262714496,2232.8071809336516
own:3,9,electricity,operating,2309.2290850672325,2149.921015681183
own:3,10,electricity,operating,2393.1570448423204,2210.4326900048054
own:3,11,electricity,operating,2400.1454700665317,2199.349606449672
own:3,12,electricity,operating,2329.518229758256,2117.7438452347783
own:3,13,electricity,operating,2414.2273216039484,2177.3893024826543
own:3,14,electricity,operating,2343.213966011582,2096.623653840139
own:3,15,electricity,operating,2428.4503437030285,2155.7002451678763
own:3,16,electricity,operating,2435.615235421543,2144.9562336925874
own:3,17,electricity,operating,2285.214922463254,1996.5832071687723
own:3,18,electricity,operating,2450.0526713566433,2123.6668761998044
own:3,19,electricity,operating,2378.057007787187,2044.9554129286394
own:3,20,electricity,operating,2464.634842586994,2102.639289143378
own:3,21,electricity,operating,2392.239345290254,2024.7314554364953
own:3,22,electricity,operating,2479.363200083928,2081.869781657747
own:3,23,electricity,operating,2486.782656084347,2071.5806695868805
own:3,24,electricity,operating,2413.779880030422,1994.8594049838198
own:3,25,electricity,operating,2501.7330454115927,2051.1914824866194
own:3,26,electricity,operating,2428.320339327726,1975.2488894564806
own:3,27,electricity,operating,2516.8333123918437,2031.0513891889177
own:3,28,electricity,operating,2524.4401189538025,2021.0736569049889
own:3,29,electricity,operating,2287.044479592258,1816.5288036094682
own:3,30,electricity,operating,2539.7680243463146,2001.3006583276026
own:3,31,electricity,operating,2465.3124236787535,1927.2624548885308
own:3,32,electricity,operating,2555.249591990386,1981.7681020583548
own:3,33,electricity,operating,2480.3694967261326,1908.4750981102386
own:3,34,electricity,operating,2570.8863623500893,1962.472618215209
own:3,35,electricity,operating,2578.7634341618395,1952.912739232733
own:3,36,electricity,operating,2503.238604515466,1880.72021376068
own:3,0,hosting,capital,0.0,0.0
own:3,1,hosting,operating,0.0,0.0
own:3,2,hosting,operating,0.0,0.0
own:3,3,hosting,operating,0.0,0.0
own:3,4,hosting,operating,0.0,0.0
own:3,5,hosting,operating,0.0,0.0
own:3,6,hosting,operating,0.0,0.0
own:3,7,hosting,operating,0.0,0.0
own:3,8,hosting,operating,0.0,0.0
own:3,9,hosting,operating,0.0,0.0
own:3,10,hosting,operating,0.0,0.0
own:3,11,hosting,operating,0.0,0.0
own:3,12,hosting,operating,0.0,0.0
own:3,13,hosting,operating,0.0,0.0
own:3,14,hosting,operating,0.0,0.0
own:3,15,hosting,operating,0.0,0.0
own:3,16,hosting,operating,0.0,0.0
own:3,17,hosting,operating,0.0,0.0
own:3,18,hosting,operating,0.0,0.0
own:3,19,hosting,operating,0.0,0.0
own:3,20,hosting,operating,0.0,0.0
own:3,21,hosting,operating,0.0,0.0
own:3,22,hosting,operating,0.0,0.0
own:3,23,hosting,operating,0.0,0.0
own:3,24,hosting,operating,0.0,0.0
own:3,25,hosting,operating,0.0,0.0
own:3,26,hosting,operating,0.0,0.0
own:3,27,hosting,operating,0.0,0.0
own:3,28,hosting,operating,0.0,0.0
own:3,29,hosting,operating,0.0,0.0
own:3,30,hosting,operating,0.0,0.0
own:3,31,hosting,operating,0.0,0.0
own:3,32,hosting,operating,0.0,0.0
own:3,33,hosting,operating,0.0,0.0
own:3,34,hosting,operating,0.0,0.0
own:3,35,hosting,operating,0.0,0.0
own:3,36,hosting,operating,0.0,0.0
own:3,0,exit,terminal,0.0,0.0
own:3,1,exit,terminal,0.0,0.0
own:3,2,exit,terminal,0.0,0.0
own:3,3,exit,terminal,0.0,0.0
own:3,4,exit,terminal,0.0,0.0
own:3,5,exit,terminal,0.0,0.0
own:3,6,exit,terminal,0.0,0.0
own:3,7,exit,terminal,0.0,0.0
own:3,8,exit,terminal,0.0,0.0
own:3,9,exit,terminal,0.0,0.0
own:3,10,exit,terminal,0.0,0.0
own:3,11,exit,terminal,0.0,0.0
own:3,12,exit,terminal,0.0,0.0
own:3,13,exit,terminal,0.0,0.0
own:3,14,exit,terminal,0.0,0.0
own:3,15,exit,terminal,0.0,0.0
own:3,16,exit,terminal,0.0,0.0
own:3,17,exit,terminal,0.0,0.0
own:3,18,exit,terminal,0.0,0.0
own:3,19,exit,terminal,0.0,0.0
own:3,20,exit,terminal,0.0,0.0
own:3,21,exit,terminal,0.0,0.0
own:3,22,exit,terminal,0.0,0.0
own:3,23,exit,terminal,0.0,0.0
own:3,24,exit,terminal,0.0,0.0
own:3,25,exit,terminal,0.0,0.0
own:3,26,exit,terminal,0.0,0.0
own:3,27,exit,terminal,0.0,0.0
own:3,28,exit,terminal,0.0,0.0
own:3,29,exit,terminal,0.0,0.0
own:3,30,exit,terminal,0.0,0.0
own:3,31,exit,terminal,0.0,0.0
own:3,32,exit,terminal,0.0,0.0
own:3,33,exit,terminal,0.0,0.0
own:3,34,exit,terminal,0.0,0.0
own:3,35,exit,terminal,0.0,0.0
own:3,36,exit,terminal,0.0,0.0
own:3,0,residual,terminal,0.0,0.0
own:3,1,residual,terminal,0.0,0.0
own:3,2,residual,terminal,0.0,0.0
own:3,3,residual,terminal,0.0,0.0
own:3,4,residual,terminal,0.0,0.0
own:3,5,residual,terminal,0.0,0.0
own:3,6,residual,terminal,0.0,0.0
own:3,7,residual,terminal,0.0,0.0
own:3,8,residual,terminal,0.0,0.0
own:3,9,residual,terminal,0.0,0.0
own:3,10,residual,terminal,0.0,0.0
own:3,11,residual,terminal,0.0,0.0
own:3,12,residual,terminal,0.0,0.0
own:3,13,residual,terminal,0.0,0.0
own:3,14,residual,terminal,0.0,0.0
own:3,15,residual,terminal,0.0,0.0
own:3,16,residual,terminal,0.0,0.0
own:3,17,residual,terminal,0.0,0.0
own:3,18,residual,terminal,0.0,0.0
own:3,19,residual,terminal,0.0,0.0
own:3,20,residual,terminal,0.0,0.0
own:3,21,residual,terminal,0.0,0.0
own:3,22,residual,terminal,0.0,0.0
own:3,23,residual,terminal,0.0,0.0
own:3,24,residual,terminal,0.0,0.0
own:3,25,residual,terminal,0.0,0.0
own:3,26,residual,terminal,0.0,0.0
own:3,27,residual,terminal,0.0,0.0
own:3,28,residual,terminal,0.0,0.0
own:3,29,residual,terminal,0.0,0.0
own:3,30,residual,terminal,0.0,0.0
own:3,31,residual,terminal,0.0,0.0
own:3,32,residual,terminal,0.0,0.0
own:3,33,residual,terminal,0.0,0.0
own:3,34,residual,terminal,0.0,0.0
own:3,35,residual,terminal,0.0,0.0
own:3,36,residual,terminal,0.0,0.0
own:4,0,on_demand,capital,0.0,0.0
own:4,1,on_demand,operating,77124.8,76514.6613455605
own:4,2,on_demand,operating,76024.0,74825.89762126331
own:4,3,on_demand,operating,79808.0,77928.84798888699
own:4,4,on_demand,operating,81184.0,78645.31999060047
own:4,5,on_demand,operating,74510.4,71609.38480262453
own:4,6,on_demand,operating,83936.0,80029.83589091802
own:4,7,on_demand,operating,7155.2,6768.244585785837
own:4,8,on_demand,operating,7636.799999999999,7166.651623379258
own:4,9,on_demand,operating,7636.799999999999,7109.95583709099
own:4,10,on_demand,operating,8118.4,7498.537043028607
own:4,11,on_demand,operating,8393.6,7691.392495549133
own:4,12,on_demand,operating,8393.6,7630.545454545455
own:4,13,on_demand,operating,8875.199999999999,8004.534355346121
own:4,14,on_demand,operating,8875.199999999999,7941.210031380473
own:4,15,on_demand,operating,9356.8,8305.89602389391
own:4,16,on_demand,operating,9632.0,8482.546069864458
own:4,17,on_demand,operating,9219.199999999999,8054.7784466983
own:4,18,on_demand,operating,10113.6,8766.308402358383
own:4,19,on_demand,operating,10044.8,8637.79466367773
own:4,20,on_demand,operating,10732.8,9156.409936504211
own:4,21,on_demand,operating,10595.199999999999,8967.511866601248
own:4,22,on_demand,operating,11145.6,9358.728821037244
own:4,23,on_demand,operating,11420.8,9513.94302728134
own:4,24,on_demand,operating,11420.8,9438.677685950412
own:4,25,on_demand,operating,11971.199999999999,9815.285256026955
own:4,26,on_demand,operating,11833.6,9625.70912894603
own:4,27,on_demand,operating,12521.6,10104.766553132964
own:4,28,on_demand,operating,12796.8,10245.153045420706
own:4,29,on_demand,operating,11833.6,9399.063044993947
own:4,30,on_demand,operating,13347.199999999999,10517.401546428731
own:4,31,on_demand,operating,13209.599999999999,10326.628738643361
own:4,32,on_demand,operating,13897.599999999999,10778.52451733013
own:4,33,on_demand,operating,13622.4,10481.507376546913
own:4,34,on_demand,operating,14448.0,11028.805007956347
own:4,35,on_demand,operating,14723.199999999999,11149.966088927747
own:4,36,on_demand,operating,14448.0,10854.996243425992
own:4,0,variable_service,capital,0.0,0.0
own:4,1,variable_service,operating,0.0,0.0
own:4,2,variable_service,operating,0.0,0.0
own:4,3,variable_service,operating,0.0,0.0
own:4,4,variable_service,operating,0.0,0.0
own:4,5,variable_service,operating,0.0,0.0
own:4,6,variable_service,operating,0.0,0.0
own:4,7,variable_service,operating,0.0,0.0
own:4,8,variable_service,operating,0.0,0.0
own:4,9,variable_service,operating,0.0,0.0
own:4,10,variable_service,operating,0.0,0.0
own:4,11,variable_service,operating,0.0,0.0
own:4,12,variable_service,operating,0.0,0.0
own:4,13,variable_service,operating,0.0,0.0
own:4,14,variable_service,operating,0.0,0.0
own:4,15,variable_service,operating,0.0,0.0
own:4,16,variable_service,operating,0.0,0.0
own:4,17,variable_service,operating,0.0,0.0
own:4,18,variable_service,operating,0.0,0.0
own:4,19,variable_service,operating,0.0,0.0
own:4,20,variable_service,operating,0.0,0.0
own:4,21,variable_service,operating,0.0,0.0
own:4,22,variable_service,operating,0.0,0.0
own:4,23,variable_service,operating,0.0,0.0
own:4,24,variable_service,operating,0.0,0.0
own:4,25,variable_service,operating,0.0,0.0
own:4,26,variable_service,operating,0.0,0.0
own:4,27,variable_service,operating,0.0,0.0
own:4,28,variable_service,operating,0.0,0.0
own:4,29,variable_service,operating,0.0,0.0
own:4,30,variable_service,operating,0.0,0.0
own:4,31,variable_service,operating,0.0,0.0
own:4,32,variable_service,operating,0.0,0.0
own:4,33,variable_service,operating,0.0,0.0
own:4,34,variable_service,operating,0.0,0.0
own:4,35,variable_service,operating,0.0,0.0
own:4,36,variable_service,operating,0.0,0.0
own:4,0,node_acquisition,capital,1600000.0,1600000.0
own:4,1,node_acquisition,operating,0.0,0.0
own:4,2,node_acquisition,operating,0.0,0.0
own:4,3,node_acquisition,operating,0.0,0.0
own:4,4,node_acquisition,operating,0.0,0.0
own:4,5,node_acquisition,operating,0.0,0.0
own:4,6,node_acquisition,operating,0.0,0.0
own:4,7,node_acquisition,operating,0.0,0.0
own:4,8,node_acquisition,operating,0.0,0.0
own:4,9,node_acquisition,operating,0.0,0.0
own:4,10,node_acquisition,operating,0.0,0.0
own:4,11,node_acquisition,operating,0.0,0.0
own:4,12,node_acquisition,operating,0.0,0.0
own:4,13,node_acquisition,operating,0.0,0.0
own:4,14,node_acquisition,operating,0.0,0.0
own:4,15,node_acquisition,operating,0.0,0.0
own:4,16,node_acquisition,operating,0.0,0.0
own:4,17,node_acquisition,operating,0.0,0.0
own:4,18,node_acquisition,operating,0.0,0.0
own:4,19,node_acquisition,operating,0.0,0.0
own:4,20,node_acquisition,operating,0.0,0.0
own:4,21,node_acquisition,operating,0.0,0.0
own:4,22,node_acquisition,operating,0.0,0.0
own:4,23,node_acquisition,operating,0.0,0.0
own:4,24,node_acquisition,operating,0.0,0.0
own:4,25,node_acquisition,operating,0.0,0.0
own:4,26,node_acquisition,operating,0.0,0.0
own:4,27,node_acquisition,operating,0.0,0.0
own:4,28,node_acquisition,operating,0.0,0.0
own:4,29,node_acquisition,operating,0.0,0.0
own:4,30,node_acquisition,operating,0.0,0.0
own:4,31,node_acquisition,operating,0.0,0.0
own:4,32,node_acquisition,operating,0.0,0.0
own:4,33,node_acquisition,operating,0.0,0.0
own:4,34,node_acquisition,operating,0.0,0.0
own:4,35,node_acquisition,operating,0.0,0.0
own:4,36,node_acquisition,operating,0.0,0.0
own:4,0,installation,capital,50000.0,50000.0
own:4,1,installation,operating,0.0,0.0
own:4,2,installation,operating,0.0,0.0
own:4,3,installation,operating,0.0,0.0
own:4,4,installation,operating,0.0,0.0
own:4,5,installation,operating,0.0,0.0
own:4,6,installation,operating,0.0,0.0
own:4,7,installation,operating,0.0,0.0
own:4,8,installation,operating,0.0,0.0
own:4,9,installation,operating,0.0,0.0
own:4,10,installation,operating,0.0,0.0
own:4,11,installation,operating,0.0,0.0
own:4,12,installation,operating,0.0,0.0
own:4,13,installation,operating,0.0,0.0
own:4,14,installation,operating,0.0,0.0
own:4,15,installation,operating,0.0,0.0
own:4,16,installation,operating,0.0,0.0
own:4,17,installation,operating,0.0,0.0
own:4,18,installation,operating,0.0,0.0
own:4,19,installation,operating,0.0,0.0
own:4,20,installation,operating,0.0,0.0
own:4,21,installation,operating,0.0,0.0
own:4,22,installation,operating,0.0,0.0
own:4,23,installation,operating,0.0,0.0
own:4,24,installation,operating,0.0,0.0
own:4,25,installation,operating,0.0,0.0
own:4,26,installation,operating,0.0,0.0
own:4,27,installation,operating,0.0,0.0
own:4,28,installation,operating,0.0,0.0
own:4,29,installation,operating,0.0,0.0
own:4,30,installation,operating,0.0,0.0
own:4,31,installation,operating,0.0,0.0
own:4,32,installation,operating,0.0,0.0
own:4,33,installation,operating,0.0,0.0
own:4,34,installation,operating,0.0,0.0
own:4,35,installation,operating,0.0,0.0
own:4,36,installation,operating,0.0,0.0
own:4,0,network,capital,0.0,0.0
own:4,1,network,operating,0.0,0.0
own:4,2,network,operating,0.0,0.0
own:4,3,network,operating,0.0,0.0
own:4,4,network,operating,0.0,0.0
own:4,5,network,operating,0.0,0.0
own:4,6,network,operating,0.0,0.0
own:4,7,network,operating,0.0,0.0
own:4,8,network,operating,0.0,0.0
own:4,9,network,operating,0.0,0.0
own:4,10,network,operating,0.0,0.0
own:4,11,network,operating,0.0,0.0
own:4,12,network,operating,0.0,0.0
own:4,13,network,operating,0.0,0.0
own:4,14,network,operating,0.0,0.0
own:4,15,network,operating,0.0,0.0
own:4,16,network,operating,0.0,0.0
own:4,17,network,operating,0.0,0.0
own:4,18,network,operating,0.0,0.0
own:4,19,network,operating,0.0,0.0
own:4,20,network,operating,0.0,0.0
own:4,21,network,operating,0.0,0.0
own:4,22,network,operating,0.0,0.0
own:4,23,network,operating,0.0,0.0
own:4,24,network,operating,0.0,0.0
own:4,25,network,operating,0.0,0.0
own:4,26,network,operating,0.0,0.0
own:4,27,network,operating,0.0,0.0
own:4,28,network,operating,0.0,0.0
own:4,29,network,operating,0.0,0.0
own:4,30,network,operating,0.0,0.0
own:4,31,network,operating,0.0,0.0
own:4,32,network,operating,0.0,0.0
own:4,33,network,operating,0.0,0.0
own:4,34,network,operating,0.0,0.0
own:4,35,network,operating,0.0,0.0
own:4,36,network,operating,0.0,0.0
own:4,0,storage,capital,0.0,0.0
own:4,1,storage,operating,0.0,0.0
own:4,2,storage,operating,0.0,0.0
own:4,3,storage,operating,0.0,0.0
own:4,4,storage,operating,0.0,0.0
own:4,5,storage,operating,0.0,0.0
own:4,6,storage,operating,0.0,0.0
own:4,7,storage,operating,0.0,0.0
own:4,8,storage,operating,0.0,0.0
own:4,9,storage,operating,0.0,0.0
own:4,10,storage,operating,0.0,0.0
own:4,11,storage,operating,0.0,0.0
own:4,12,storage,operating,0.0,0.0
own:4,13,storage,operating,0.0,0.0
own:4,14,storage,operating,0.0,0.0
own:4,15,storage,operating,0.0,0.0
own:4,16,storage,operating,0.0,0.0
own:4,17,storage,operating,0.0,0.0
own:4,18,storage,operating,0.0,0.0
own:4,19,storage,operating,0.0,0.0
own:4,20,storage,operating,0.0,0.0
own:4,21,storage,operating,0.0,0.0
own:4,22,storage,operating,0.0,0.0
own:4,23,storage,operating,0.0,0.0
own:4,24,storage,operating,0.0,0.0
own:4,25,storage,operating,0.0,0.0
own:4,26,storage,operating,0.0,0.0
own:4,27,storage,operating,0.0,0.0
own:4,28,storage,operating,0.0,0.0
own:4,29,storage,operating,0.0,0.0
own:4,30,storage,operating,0.0,0.0
own:4,31,storage,operating,0.0,0.0
own:4,32,storage,operating,0.0,0.0
own:4,33,storage,operating,0.0,0.0
own:4,34,storage,operating,0.0,0.0
own:4,35,storage,operating,0.0,0.0
own:4,36,storage,operating,0.0,0.0
own:4,0,operations,capital,0.0,0.0
own:4,1,operations,operating,3333.3333333333335,3306.963144823303
own:4,2,operations,operating,3333.3333333333335,3280.8015723658896
own:4,3,operations,operating,3333.3333333333335,3254.846965587702
own:4,4,operations,operating,3333.3333333333335,3229.0976871715475
own:4,5,operations,operating,3333.3333333333335,3203.552112753143
own:4,6,operations,operating,3333.3333333333335,3178.208630818641
own:4,7,operations,operating,3333.3333333333335,3153.065642602973
own:4,8,operations,operating,3333.3333333333335,3128.1215619889913
own:4,9,operations,operating,3333.3333333333335,3103.374815407409
own:4,10,operations,operating,3333.3333333333335,3078.8238417375374
own:4,11,operations,operating,3333.3333333333335,3054.4670922087994
own:4,12,operations,operating,3333.3333333333335,3030.3030303030305
own:4,13,operations,operating,3333.3333333333335,3006.3301316575485
own:4,14,operations,operating,3333.3333333333335,2982.54688396899
own:4,15,operations,operating,3333.3333333333335,2958.9517868979106
own:4,16,operations,operating,3333.3333333333335,2935.543351974134
own:4,17,operations,operating,3333.3333333333335,2912.320102502857
own:4,18,operations,operating,3333.3333333333335,2889.2805734714916
own:4,19,operations,operating,3333.3333333333335,2866.4233114572485
own:4,20,operations,operating,3333.3333333333335,2843.7468745354463
own:4,21,operations,operating,3333.3333333333335,2821.2498321885537
own:4,22,operations,operating,3333.3333333333335,2798.9307652159428
own:4,23,operations,operating,3333.3333333333335,2776.7882656443626
own:4,24,operations,operating,3333.3333333333335,2754.8209366391184
own:4,25,operations,operating,3333.3333333333335,2733.0273924159524
own:4,26,operations,operating,3333.3333333333335,2711.4062581536273
own:4,27,operations,operating,3333.3333333333335,2689.956169907191
own:4,28,operations,operating,3333.3333333333335,2668.6757745219397
own:4,29,operations,operating,3333.3333333333335,2647.5637295480515
own:4,30,operations,operating,3333.3333333333335,2626.618703155901
own:4,31,operations,operating,3333.3333333333335,2605.8393740520437
own:4,32,operations,operating,3333.3333333333335,2585.2244313958604
own:4,33,operations,operating,3333.3333333333335,2564.772574716867
own:4,34,operations,operating,3333.3333333333335,2544.482513832675
own:4,35,operations,operating,3333.3333333333335,2524.3529687676023
own:4,36,operations,operating,3333.3333333333335,2504.382669671925
own:4,0,precommission,capital,0.0,0.0
own:4,1,precommission,operating,0.0,0.0
own:4,2,precommission,operating,0.0,0.0
own:4,3,precommission,operating,0.0,0.0
own:4,4,precommission,operating,0.0,0.0
own:4,5,precommission,operating,0.0,0.0
own:4,6,precommission,operating,0.0,0.0
own:4,7,precommission,operating,0.0,0.0
own:4,8,precommission,operating,0.0,0.0
own:4,9,precommission,operating,0.0,0.0
own:4,10,precommission,operating,0.0,0.0
own:4,11,precommission,operating,0.0,0.0
own:4,12,precommission,operating,0.0,0.0
own:4,13,precommission,operating,0.0,0.0
own:4,14,precommission,operating,0.0,0.0
own:4,15,precommission,operating,0.0,0.0
own:4,16,precommission,operating,0.0,0.0
own:4,17,precommission,operating,0.0,0.0
own:4,18,precommission,operating,0.0,0.0
own:4,19,precommission,operating,0.0,0.0
own:4,20,precommission,operating,0.0,0.0
own:4,21,precommission,operating,0.0,0.0
own:4,22,precommission,operating,0.0,0.0
own:4,23,precommission,operating,0.0,0.0
own:4,24,precommission,operating,0.0,0.0
own:4,25,precommission,operating,0.0,0.0
own:4,26,precommission,operating,0.0,0.0
own:4,27,precommission,operating,0.0,0.0
own:4,28,precommission,operating,0.0,0.0
own:4,29,precommission,operating,0.0,0.0
own:4,30,precommission,operating,0.0,0.0
own:4,31,precommission,operating,0.0,0.0
own:4,32,precommission,operating,0.0,0.0
own:4,33,precommission,operating,0.0,0.0
own:4,34,precommission,operating,0.0,0.0
own:4,35,precommission,operating,0.0,0.0
own:4,36,precommission,operating,0.0,0.0
own:4,0,electricity,capital,0.0,0.0
own:4,1,electricity,operating,3660.4800000000005,3631.521735708842
own:4,2,electricity,operating,3542.4,3486.573446984678
own:4,3,electricity,operating,3660.4800000000005,3574.290666178342
own:4,4,electricity,operating,3660.4800000000005,3546.0142505813124
own:4,5,electricity,operating,3306.24,3177.5136411806848
own:4,6,electricity,operating,3660.4800000000005,3490.130738681706
own:4,7,electricity,operating,2616.99066564415,2475.4630064565763
own:4,8,electricity,operating,2711.1083262714496,2544.202923689282
own:4,9,electricity,operating,2630.3490850672324,2448.887731898271
own:4,10,electricity,operating,2724.9810448423204,2516.9209827430204
own:4,11,electricity,operating,2731.9694700665323,2503.4132529712006
own:4,12,electricity,operating,2650.6382297582563,2409.671117962051
own:4,13,electricity,operating,2746.051321603949,2476.6610493647954
own:4,14,electricity,operating,2664.333966011582,2383.9502904541755
own:4,15,electricity,operating,2760.2743437030276,2450.2556104885593
own:4,16,electricity,operating,2767.4392354215433,2437.1813548602277
own:4,17,electricity,operating,2595.630922463254,2267.7924342503306
own:4,18,electricity,operating,2781.876671356644,2411.2866673032863
own:4,19,electricity,operating,2699.1770077871874,2321.095169061185
own:4,20,electricity,operating,2796.4588425869933,2385.726328012132
own:4,21,electricity,operating,2713.3593452902533,2296.519379270211
own:4,22,electricity,operating,2811.1872000839285,2360.495502328852
own:4,23,electricity,operating,2818.6066560843474,2348.0021664246333
own:4,24,electricity,operating,2734.8998800304216,2260.2478347358856
own:4,25,electricity,operating,2833.557045411593,2323.256706924929
own:4,26,electricity,operating,2749.440339327726,2236.454922741969
own:4,27,electricity,operating,2848.6573123918433,2298.8289940259024
own:4,28,electricity,operating,2856.2641189538026,2286.7328579664795
own:4,29,electricity,operating,2586.7564795922585,2054.5807897625605
own:4,30,electricity,operating,2871.5920243463147,2262.773195694404
own:4,31,electricity,operating,2786.4324236787543,2178.298596827209
own:4,32,electricity,operating,2887.0735919903855,2239.119955575404
own:4,33,electricity,operating,2801.4894967261334,2155.5550288681634
own:4,34,electricity,operating,2902.710362350089,2215.768727916213
own:4,35,electricity,operating,2910.5874341618396,2204.2050090852354
own:4,36,electricity,operating,2824.358604515466,2121.982422626195
own:4,0,hosting,capital,0.0,0.0
own:4,1,hosting,operating,0.0,0.0
own:4,2,hosting,operating,0.0,0.0
own:4,3,hosting,operating,0.0,0.0
own:4,4,hosting,operating,0.0,0.0
own:4,5,hosting,operating,0.0,0.0
own:4,6,hosting,operating,0.0,0.0
own:4,7,hosting,operating,0.0,0.0
own:4,8,hosting,operating,0.0,0.0
own:4,9,hosting,operating,0.0,0.0
own:4,10,hosting,operating,0.0,0.0
own:4,11,hosting,operating,0.0,0.0
own:4,12,hosting,operating,0.0,0.0
own:4,13,hosting,operating,0.0,0.0
own:4,14,hosting,operating,0.0,0.0
own:4,15,hosting,operating,0.0,0.0
own:4,16,hosting,operating,0.0,0.0
own:4,17,hosting,operating,0.0,0.0
own:4,18,hosting,operating,0.0,0.0
own:4,19,hosting,operating,0.0,0.0
own:4,20,hosting,operating,0.0,0.0
own:4,21,hosting,operating,0.0,0.0
own:4,22,hosting,operating,0.0,0.0
own:4,23,hosting,operating,0.0,0.0
own:4,24,hosting,operating,0.0,0.0
own:4,25,hosting,operating,0.0,0.0
own:4,26,hosting,operating,0.0,0.0
own:4,27,hosting,operating,0.0,0.0
own:4,28,hosting,operating,0.0,0.0
own:4,29,hosting,operating,0.0,0.0
own:4,30,hosting,operating,0.0,0.0
own:4,31,hosting,operating,0.0,0.0
own:4,32,hosting,operating,0.0,0.0
own:4,33,hosting,operating,0.0,0.0
own:4,34,hosting,operating,0.0,0.0
own:4,35,hosting,operating,0.0,0.0
own:4,36,hosting,operating,0.0,0.0
own:4,0,exit,terminal,0.0,0.0
own:4,1,exit,terminal,0.0,0.0
own:4,2,exit,terminal,0.0,0.0
own:4,3,exit,terminal,0.0,0.0
own:4,4,exit,terminal,0.0,0.0
own:4,5,exit,terminal,0.0,0.0
own:4,6,exit,terminal,0.0,0.0
own:4,7,exit,terminal,0.0,0.0
own:4,8,exit,terminal,0.0,0.0
own:4,9,exit,terminal,0.0,0.0
own:4,10,exit,terminal,0.0,0.0
own:4,11,exit,terminal,0.0,0.0
own:4,12,exit,terminal,0.0,0.0
own:4,13,exit,terminal,0.0,0.0
own:4,14,exit,terminal,0.0,0.0
own:4,15,exit,terminal,0.0,0.0
own:4,16,exit,terminal,0.0,0.0
own:4,17,exit,terminal,0.0,0.0
own:4,18,exit,terminal,0.0,0.0
own:4,19,exit,terminal,0.0,0.0
own:4,20,exit,terminal,0.0,0.0
own:4,21,exit,terminal,0.0,0.0
own:4,22,exit,terminal,0.0,0.0
own:4,23,exit,terminal,0.0,0.0
own:4,24,exit,terminal,0.0,0.0
own:4,25,exit,terminal,0.0,0.0
own:4,26,exit,terminal,0.0,0.0
own:4,27,exit,terminal,0.0,0.0
own:4,28,exit,terminal,0.0,0.0
own:4,29,exit,terminal,0.0,0.0
own:4,30,exit,terminal,0.0,0.0
own:4,31,exit,terminal,0.0,0.0
own:4,32,exit,terminal,0.0,0.0
own:4,33,exit,terminal,0.0,0.0
own:4,34,exit,terminal,0.0,0.0
own:4,35,exit,terminal,0.0,0.0
own:4,36,exit,terminal,0.0,0.0
own:4,0,residual,terminal,0.0,0.0
own:4,1,residual,terminal,0.0,0.0
own:4,2,residual,terminal,0.0,0.0
own:4,3,residual,terminal,0.0,0.0
own:4,4,residual,terminal,0.0,0.0
own:4,5,residual,terminal,0.0,0.0
own:4,6,residual,terminal,0.0,0.0
own:4,7,residual,terminal,0.0,0.0
own:4,8,residual,terminal,0.0,0.0
own:4,9,residual,terminal,0.0,0.0
own:4,10,residual,terminal,0.0,0.0
own:4,11,residual,terminal,0.0,0.0
own:4,12,residual,terminal,0.0,0.0
own:4,13,residual,terminal,0.0,0.0
own:4,14,residual,terminal,0.0,0.0
own:4,15,residual,terminal,0.0,0.0
own:4,16,residual,terminal,0.0,0.0
own:4,17,residual,terminal,0.0,0.0
own:4,18,residual,terminal,0.0,0.0
own:4,19,residual,terminal,0.0,0.0
own:4,20,residual,terminal,0.0,0.0
own:4,21,residual,terminal,0.0,0.0
own:4,22,residual,terminal,0.0,0.0
own:4,23,residual,terminal,0.0,0.0
own:4,24,residual,terminal,0.0,0.0
own:4,25,residual,terminal,0.0,0.0
own:4,26,residual,terminal,0.0,0.0
own:4,27,residual,terminal,0.0,0.0
own:4,28,residual,terminal,0.0,0.0
own:4,29,residual,terminal,0.0,0.0
own:4,30,residual,terminal,0.0,0.0
own:4,31,residual,terminal,0.0,0.0
own:4,32,residual,terminal,0.0,0.0
own:4,33,residual,terminal,0.0,0.0
own:4,34,residual,terminal,0.0,0.0
own:4,35,residual,terminal,0.0,0.0
own:4,36,residual,terminal,0.0,0.0
own:5,0,on_demand,capital,0.0,0.0
own:5,1,on_demand,operating,42656.0,42318.545971674845
own:5,2,on_demand,operating,41968.0,41306.60411671549
own:5,3,on_demand,operating,43688.0,42659.326269778656
own:5,4,on_demand,operating,44376.0,42988.33168977738
own:5,5,on_demand,operating,40248.0,38680.969630226544
own:5,6,on_demand,operating,45064.0,42966.83812176337
own:5,7,on_demand,operating,0.0,0.0
own:5,8,on_demand,operating,0.0,0.0
own:5,9,on_demand,operating,0.0,0.0
own:5,10,on_demand,operating,0.0,0.0
own:5,11,on_demand,operating,0.0,0.0
own:5,12,on_demand,operating,0.0,0.0
own:5,13,on_demand,operating,0.0,0.0
own:5,14,on_demand,operating,0.0,0.0
own:5,15,on_demand,operating,0.0,0.0
own:5,16,on_demand,operating,0.0,0.0
own:5,17,on_demand,operating,0.0,0.0
own:5,18,on_demand,operating,0.0,0.0
own:5,19,on_demand,operating,137.6,118.3259542969552
own:5,20,on_demand,operating,412.79999999999995,352.1696129424696
own:5,21,on_demand,operating,688.0,582.3059653637175
own:5,22,on_demand,operating,963.1999999999999,808.7790339167988
own:5,23,on_demand,operating,1169.6,974.3194666492939
own:5,24,on_demand,operating,1444.8,1194.0495867768593
own:5,25,on_demand,operating,1720.0,1410.2421344866314
own:5,26,on_demand,operating,1926.3999999999999,1566.9759047121443
own:5,27,on_demand,operating,2270.4,1832.182946447186
own:5,28,on_demand,operating,2545.6,2038.0143154869147
own:5,29,on_demand,operating,2545.6,2021.891468981256
own:5,30,on_demand,operating,3027.2,2385.390041458063
own:5,31,on_demand,operating,3233.6,2527.8726599804063
own:5,32,on_demand,operating,3577.6,2774.669677728549
own:5,33,on_demand,operating,3715.2,2858.592920876431
own:5,34,on_demand,operating,4128.0,3151.0871451303847
own:5,35,on_demand,operating,4403.2,3334.5692976232517
own:5,36,on_demand,operating,4540.8,3411.5702479338834
own:5,0,variable_service,capital,0.0,0.0
own:5,1,variable_service,operating,0.0,0.0
own:5,2,variable_service,operating,0.0,0.0
own:5,3,variable_service,operating,0.0,0.0
own:5,4,variable_service,operating,0.0,0.0
own:5,5,variable_service,operating,0.0,0.0
own:5,6,variable_service,operating,0.0,0.0
own:5,7,variable_service,operating,0.0,0.0
own:5,8,variable_service,operating,0.0,0.0
own:5,9,variable_service,operating,0.0,0.0
own:5,10,variable_service,operating,0.0,0.0
own:5,11,variable_service,operating,0.0,0.0
own:5,12,variable_service,operating,0.0,0.0
own:5,13,variable_service,operating,0.0,0.0
own:5,14,variable_service,operating,0.0,0.0
own:5,15,variable_service,operating,0.0,0.0
own:5,16,variable_service,operating,0.0,0.0
own:5,17,variable_service,operating,0.0,0.0
own:5,18,variable_service,operating,0.0,0.0
own:5,19,variable_service,operating,0.0,0.0
own:5,20,variable_service,operating,0.0,0.0
own:5,21,variable_service,operating,0.0,0.0
own:5,22,variable_service,operating,0.0,0.0
own:5,23,variable_service,operating,0.0,0.0
own:5,24,variable_service,operating,0.0,0.0
own:5,25,variable_service,operating,0.0,0.0
own:5,26,variable_service,operating,0.0,0.0
own:5,27,variable_service,operating,0.0,0.0
own:5,28,variable_service,operating,0.0,0.0
own:5,29,variable_service,operating,0.0,0.0
own:5,30,variable_service,operating,0.0,0.0
own:5,31,variable_service,operating,0.0,0.0
own:5,32,variable_service,operating,0.0,0.0
own:5,33,variable_service,operating,0.0,0.0
own:5,34,variable_service,operating,0.0,0.0
own:5,35,variable_service,operating,0.0,0.0
own:5,36,variable_service,operating,0.0,0.0
own:5,0,node_acquisition,capital,2000000.0,2000000.0
own:5,1,node_acquisition,operating,0.0,0.0
own:5,2,node_acquisition,operating,0.0,0.0
own:5,3,node_acquisition,operating,0.0,0.0
own:5,4,node_acquisition,operating,0.0,0.0
own:5,5,node_acquisition,operating,0.0,0.0
own:5,6,node_acquisition,operating,0.0,0.0
own:5,7,node_acquisition,operating,0.0,0.0
own:5,8,node_acquisition,operating,0.0,0.0
own:5,9,node_acquisition,operating,0.0,0.0
own:5,10,node_acquisition,operating,0.0,0.0
own:5,11,node_acquisition,operating,0.0,0.0
own:5,12,node_acquisition,operating,0.0,0.0
own:5,13,node_acquisition,operating,0.0,0.0
own:5,14,node_acquisition,operating,0.0,0.0
own:5,15,node_acquisition,operating,0.0,0.0
own:5,16,node_acquisition,operating,0.0,0.0
own:5,17,node_acquisition,operating,0.0,0.0
own:5,18,node_acquisition,operating,0.0,0.0
own:5,19,node_acquisition,operating,0.0,0.0
own:5,20,node_acquisition,operating,0.0,0.0
own:5,21,node_acquisition,operating,0.0,0.0
own:5,22,node_acquisition,operating,0.0,0.0
own:5,23,node_acquisition,operating,0.0,0.0
own:5,24,node_acquisition,operating,0.0,0.0
own:5,25,node_acquisition,operating,0.0,0.0
own:5,26,node_acquisition,operating,0.0,0.0
own:5,27,node_acquisition,operating,0.0,0.0
own:5,28,node_acquisition,operating,0.0,0.0
own:5,29,node_acquisition,operating,0.0,0.0
own:5,30,node_acquisition,operating,0.0,0.0
own:5,31,node_acquisition,operating,0.0,0.0
own:5,32,node_acquisition,operating,0.0,0.0
own:5,33,node_acquisition,operating,0.0,0.0
own:5,34,node_acquisition,operating,0.0,0.0
own:5,35,node_acquisition,operating,0.0,0.0
own:5,36,node_acquisition,operating,0.0,0.0
own:5,0,installation,capital,50000.0,50000.0
own:5,1,installation,operating,0.0,0.0
own:5,2,installation,operating,0.0,0.0
own:5,3,installation,operating,0.0,0.0
own:5,4,installation,operating,0.0,0.0
own:5,5,installation,operating,0.0,0.0
own:5,6,installation,operating,0.0,0.0
own:5,7,installation,operating,0.0,0.0
own:5,8,installation,operating,0.0,0.0
own:5,9,installation,operating,0.0,0.0
own:5,10,installation,operating,0.0,0.0
own:5,11,installation,operating,0.0,0.0
own:5,12,installation,operating,0.0,0.0
own:5,13,installation,operating,0.0,0.0
own:5,14,installation,operating,0.0,0.0
own:5,15,installation,operating,0.0,0.0
own:5,16,installation,operating,0.0,0.0
own:5,17,installation,operating,0.0,0.0
own:5,18,installation,operating,0.0,0.0
own:5,19,installation,operating,0.0,0.0
own:5,20,installation,operating,0.0,0.0
own:5,21,installation,operating,0.0,0.0
own:5,22,installation,operating,0.0,0.0
own:5,23,installation,operating,0.0,0.0
own:5,24,installation,operating,0.0,0.0
own:5,25,installation,operating,0.0,0.0
own:5,26,installation,operating,0.0,0.0
own:5,27,installation,operating,0.0,0.0
own:5,28,installation,operating,0.0,0.0
own:5,29,installation,operating,0.0,0.0
own:5,30,installation,operating,0.0,0.0
own:5,31,installation,operating,0.0,0.0
own:5,32,installation,operating,0.0,0.0
own:5,33,installation,operating,0.0,0.0
own:5,34,installation,operating,0.0,0.0
own:5,35,installation,operating,0.0,0.0
own:5,36,installation,operating,0.0,0.0
own:5,0,network,capital,0.0,0.0
own:5,1,network,operating,0.0,0.0
own:5,2,network,operating,0.0,0.0
own:5,3,network,operating,0.0,0.0
own:5,4,network,operating,0.0,0.0
own:5,5,network,operating,0.0,0.0
own:5,6,network,operating,0.0,0.0
own:5,7,network,operating,0.0,0.0
own:5,8,network,operating,0.0,0.0
own:5,9,network,operating,0.0,0.0
own:5,10,network,operating,0.0,0.0
own:5,11,network,operating,0.0,0.0
own:5,12,network,operating,0.0,0.0
own:5,13,network,operating,0.0,0.0
own:5,14,network,operating,0.0,0.0
own:5,15,network,operating,0.0,0.0
own:5,16,network,operating,0.0,0.0
own:5,17,network,operating,0.0,0.0
own:5,18,network,operating,0.0,0.0
own:5,19,network,operating,0.0,0.0
own:5,20,network,operating,0.0,0.0
own:5,21,network,operating,0.0,0.0
own:5,22,network,operating,0.0,0.0
own:5,23,network,operating,0.0,0.0
own:5,24,network,operating,0.0,0.0
own:5,25,network,operating,0.0,0.0
own:5,26,network,operating,0.0,0.0
own:5,27,network,operating,0.0,0.0
own:5,28,network,operating,0.0,0.0
own:5,29,network,operating,0.0,0.0
own:5,30,network,operating,0.0,0.0
own:5,31,network,operating,0.0,0.0
own:5,32,network,operating,0.0,0.0
own:5,33,network,operating,0.0,0.0
own:5,34,network,operating,0.0,0.0
own:5,35,network,operating,0.0,0.0
own:5,36,network,operating,0.0,0.0
own:5,0,storage,capital,0.0,0.0
own:5,1,storage,operating,0.0,0.0
own:5,2,storage,operating,0.0,0.0
own:5,3,storage,operating,0.0,0.0
own:5,4,storage,operating,0.0,0.0
own:5,5,storage,operating,0.0,0.0
own:5,6,storage,operating,0.0,0.0
own:5,7,storage,operating,0.0,0.0
own:5,8,storage,operating,0.0,0.0
own:5,9,storage,operating,0.0,0.0
own:5,10,storage,operating,0.0,0.0
own:5,11,storage,operating,0.0,0.0
own:5,12,storage,operating,0.0,0.0
own:5,13,storage,operating,0.0,0.0
own:5,14,storage,operating,0.0,0.0
own:5,15,storage,operating,0.0,0.0
own:5,16,storage,operating,0.0,0.0
own:5,17,storage,operating,0.0,0.0
own:5,18,storage,operating,0.0,0.0
own:5,19,storage,operating,0.0,0.0
own:5,20,storage,operating,0.0,0.0
own:5,21,storage,operating,0.0,0.0
own:5,22,storage,operating,0.0,0.0
own:5,23,storage,operating,0.0,0.0
own:5,24,storage,operating,0.0,0.0
own:5,25,storage,operating,0.0,0.0
own:5,26,storage,operating,0.0,0.0
own:5,27,storage,operating,0.0,0.0
own:5,28,storage,operating,0.0,0.0
own:5,29,storage,operating,0.0,0.0
own:5,30,storage,operating,0.0,0.0
own:5,31,storage,operating,0.0,0.0
own:5,32,storage,operating,0.0,0.0
own:5,33,storage,operating,0.0,0.0
own:5,34,storage,operating,0.0,0.0
own:5,35,storage,operating,0.0,0.0
own:5,36,storage,operating,0.0,0.0
own:5,0,operations,capital,0.0,0.0
own:5,1,operations,operating,3666.6666666666665,3637.6594593056334
own:5,2,operations,operating,3666.6666666666665,3608.881729602478
own:5,3,operations,operating,3666.6666666666665,3580.331662146472
own:5,4,operations,operating,3666.6666666666665,3552.007455888702
own:5,5,operations,operating,3666.6666666666665,3523.907324028457
own:5,6,operations,operating,3666.6666666666665,3496.029493900505
own:5,7,operations,operating,3666.6666666666665,3468.37220686327
own:5,8,operations,operating,3666.6666666666665,3440.9337181878905
own:5,9,operations,operating,3666.6666666666665,3413.71229694815
own:5,10,operations,operating,3666.6666666666665,3386.706225911291
own:5,11,operations,operating,3666.6666666666665,3359.9138014296786
own:5,12,operations,operating,3666.6666666666665,3333.333333333333
own:5,13,operations,operating,3666.6666666666665,3306.963144823303
own:5,14,operations,operating,3666.6666666666665,3280.8015723658887
own:5,15,operations,operating,3666.6666666666665,3254.8469655877016
own:5,16,operations,operating,3666.6666666666665,3229.0976871715475
own:5,17,operations,operating,3666.6666666666665,3203.5521127531424
own:5,18,operations,operating,3666.6666666666665,3178.2086308186404
own:5,19,operations,operating,3666.6666666666665,3153.065642602973
own:5,20,operations,operating,3666.6666666666665,3128.121561988991
own:5,21,operations,operating,3666.6666666666665,3103.374815407409
own:5,22,operations,operating,3666.6666666666665,3078.823841737537
own:5,23,operations,operating,3666.6666666666665,3054.4670922087985
own:5,24,operations,operating,3666.6666666666665,3030.30303030303
own:5,25,operations,operating,3666.6666666666665,3006.3301316575476
own:5,26,operations,operating,3666.6666666666665,2982.5468839689897
own:5,27,operations,operating,3666.6666666666665,2958.95178689791
own:5,28,operations,operating,3666.6666666666665,2935.543351974133
own:5,29,operations,operating,3666.6666666666665,2912.3201025028566
own:5,30,operations,operating,3666.6666666666665,2889.280573471491
own:5,31,operations,operating,3666.6666666666665,2866.423311457248
own:5,32,operations,operating,3666.6666666666665,2843.7468745354463
own:5,33,operations,operating,3666.6666666666665,2821.2498321885532
own:5,34,operations,operating,3666.6666666666665,2798.9307652159423
own:5,35,operations,operating,3666.6666666666665,2776.788265644362
own:5,36,operations,operating,3666.6666666666665,2754.8209366391175
own:5,0,precommission,capital,0.0,0.0
own:5,1,precommission,operating,0.0,0.0
own:5,2,precommission,operating,0.0,0.0
own:5,3,precommission,operating,0.0,0.0
own:5,4,precommission,operating,0.0,0.0
own:5,5,precommission,operating,0.0,0.0
own:5,6,precommission,operating,0.0,0.0
own:5,7,precommission,operating,0.0,0.0
own:5,8,precommission,operating,0.0,0.0
own:5,9,precommission,operating,0.0,0.0
own:5,10,precommission,operating,0.0,0.0
own:5,11,precommission,operating,0.0,0.0
own:5,12,precommission,operating,0.0,0.0
own:5,13,precommission,operating,0.0,0.0
own:5,14,precommission,operating,0.0,0.0
own:5,15,precommission,operating,0.0,0.0
own:5,16,precommission,operating,0.0,0.0
own:5,17,precommission,operating,0.0,0.0
own:5,18,precommission,operating,0.0,0.0
own:5,19,precommission,operating,0.0,0.0
own:5,20,precommission,operating,0.0,0.0
own:5,21,precommission,operating,0.0,0.0
own:5,22,precommission,operating,0.0,0.0
own:5,23,precommission,operating,0.0,0.0
own:5,24,precommission,operating,0.0,0.0
own:5,25,precommission,operating,0.0,0.0
own:5,26,precommission,operating,0.0,0.0
own:5,27,precommission,operating,0.0,0.0
own:5,28,precommission,operating,0.0,0.0
own:5,29,precommission,operating,0.0,0.0
own:5,30,precommission,operating,0.0,0.0
own:5,31,precommission,operating,0.0,0.0
own:5,32,precommission,operating,0.0,0.0
own:5,33,precommission,operating,0.0,0.0
own:5,34,precommission,operating,0.0,0.0
own:5,35,precommission,operating,0.0,0.0
own:5,36,precommission,operating,0.0,0.0
own:5,0,electricity,capital,0.0,0.0
own:5,1,electricity,operating,4331.786426196395,4297.517418803199
own:5,2,electricity,operating,4204.98363709101,4138.715078502306
own:5,3,electricity,operating,4358.579907119013,4255.953175487354
own:5,4,electricity,operating,4372.077206654608,4235.3593188431505
own:5,5,electricity,operating,3961.22502565357,3806.9972400069346
own:5,6,electricity,operating,4399.27460265132,4194.543753446301
own:5,7,electricity,operating,2898.765998466225,2741.999842712867
own:5,8,electricity,operating,3005.7184894071743,2820.6758447950683
own:5,9,electricity,operating,2918.8036276008493,2717.4425007048785
own:5,10,electricity,operating,3026.527567263481,2795.443569530014
own:5,11,electricity,operating,3037.010205099798,2782.9343190538884
own:5,12,electricity,operating,2949.237344637384,2681.124858761258
own:5,13,electricity,operating,3058.132982405923,2758.1271994868066
own:5,14,electricity,operating,2969.780949017373,2657.2532746686707
own:5,15,electricity,operating,3079.467515554542,2733.5987723532544
own:5,16,electricity,operating,3090.2148531323146,2721.437900485287
own:5,17,electricity,operating,2900.9503836948807,2534.548835639393
own:5,18,electricity,operating,3111.871007034965,2697.320534332587
own:5,19,electricity,operating,3020.297007787187,2597.23492519373
own:5,20,electricity,operating,3128.282842586994,2668.8133668808878
own:5,21,electricity,operating,3034.479345290253,2568.3073031039276
own:5,22,electricity,operating,3143.0112000839285,2639.1212229999564
own:5,23,electricity,operating,3150.430656084347,2624.4236632623856
own:5,24,electricity,operating,3056.0198800304215,2525.6362644879514
own:5,25,electricity,operating,3165.381045411593,2595.321931363238
own:5,26,electricity,operating,3070.5603393277265,2497.660956027457
own:5,27,electricity,operating,3180.4813123918434,2566.606598862888
own:5,28,electricity,operating,3188.088118953803,2552.39205902797
own:5,29,electricity,operating,2886.4684795922585,2292.632775915652
own:5,30,electricity,operating,3203.4160243463143,2524.2457330612046
own:5,31,electricity,operating,3107.5524236787537,2429.3347387658864
own:5,32,electricity,operating,3218.897591990386,2496.471809092455
own:5,33,electricity,operating,3122.609496726133,2402.634959626087
own:5,34,electricity,operating,3234.534362350089,2469.064837617217
own:5,35,electricity,operating,3242.411434161839,2455.497278937737
own:5,36,electricity,operating,3145.478604515466,2363.2446314917092
own:5,0,hosting,capital,0.0,0.0
own:5,1,hosting,operating,0.0,0.0
own:5,2,hosting,operating,0.0,0.0
own:5,3,hosting,operating,0.0,0.0
own:5,4,hosting,operating,0.0,0.0
own:5,5,hosting,operating,0.0,0.0
own:5,6,hosting,operating,0.0,0.0
own:5,7,hosting,operating,0.0,0.0
own:5,8,hosting,operating,0.0,0.0
own:5,9,hosting,operating,0.0,0.0
own:5,10,hosting,operating,0.0,0.0
own:5,11,hosting,operating,0.0,0.0
own:5,12,hosting,operating,0.0,0.0
own:5,13,hosting,operating,0.0,0.0
own:5,14,hosting,operating,0.0,0.0
own:5,15,hosting,operating,0.0,0.0
own:5,16,hosting,operating,0.0,0.0
own:5,17,hosting,operating,0.0,0.0
own:5,18,hosting,operating,0.0,0.0
own:5,19,hosting,operating,0.0,0.0
own:5,20,hosting,operating,0.0,0.0
own:5,21,hosting,operating,0.0,0.0
own:5,22,hosting,operating,0.0,0.0
own:5,23,hosting,operating,0.0,0.0
own:5,24,hosting,operating,0.0,0.0
own:5,25,hosting,operating,0.0,0.0
own:5,26,hosting,operating,0.0,0.0
own:5,27,hosting,operating,0.0,0.0
own:5,28,hosting,operating,0.0,0.0
own:5,29,hosting,operating,0.0,0.0
own:5,30,hosting,operating,0.0,0.0
own:5,31,hosting,operating,0.0,0.0
own:5,32,hosting,operating,0.0,0.0
own:5,33,hosting,operating,0.0,0.0
own:5,34,hosting,operating,0.0,0.0
own:5,35,hosting,operating,0.0,0.0
own:5,36,hosting,operating,0.0,0.0
own:5,0,exit,terminal,0.0,0.0
own:5,1,exit,terminal,0.0,0.0
own:5,2,exit,terminal,0.0,0.0
own:5,3,exit,terminal,0.0,0.0
own:5,4,exit,terminal,0.0,0.0
own:5,5,exit,terminal,0.0,0.0
own:5,6,exit,terminal,0.0,0.0
own:5,7,exit,terminal,0.0,0.0
own:5,8,exit,terminal,0.0,0.0
own:5,9,exit,terminal,0.0,0.0
own:5,10,exit,terminal,0.0,0.0
own:5,11,exit,terminal,0.0,0.0
own:5,12,exit,terminal,0.0,0.0
own:5,13,exit,terminal,0.0,0.0
own:5,14,exit,terminal,0.0,0.0
own:5,15,exit,terminal,0.0,0.0
own:5,16,exit,terminal,0.0,0.0
own:5,17,exit,terminal,0.0,0.0
own:5,18,exit,terminal,0.0,0.0
own:5,19,exit,terminal,0.0,0.0
own:5,20,exit,terminal,0.0,0.0
own:5,21,exit,terminal,0.0,0.0
own:5,22,exit,terminal,0.0,0.0
own:5,23,exit,terminal,0.0,0.0
own:5,24,exit,terminal,0.0,0.0
own:5,25,exit,terminal,0.0,0.0
own:5,26,exit,terminal,0.0,0.0
own:5,27,exit,terminal,0.0,0.0
own:5,28,exit,terminal,0.0,0.0
own:5,29,exit,terminal,0.0,0.0
own:5,30,exit,terminal,0.0,0.0
own:5,31,exit,terminal,0.0,0.0
own:5,32,exit,terminal,0.0,0.0
own:5,33,exit,terminal,0.0,0.0
own:5,34,exit,terminal,0.0,0.0
own:5,35,exit,terminal,0.0,0.0
own:5,36,exit,terminal,0.0,0.0
own:5,0,residual,terminal,0.0,0.0
own:5,1,residual,terminal,0.0,0.0
own:5,2,residual,terminal,0.0,0.0
own:5,3,residual,terminal,0.0,0.0
own:5,4,residual,terminal,0.0,0.0
own:5,5,residual,terminal,0.0,0.0
own:5,6,residual,terminal,0.0,0.0
own:5,7,residual,terminal,0.0,0.0
own:5,8,residual,terminal,0.0,0.0
own:5,9,residual,terminal,0.0,0.0
own:5,10,residual,terminal,0.0,0.0
own:5,11,residual,terminal,0.0,0.0
own:5,12,residual,terminal,0.0,0.0
own:5,13,residual,terminal,0.0,0.0
own:5,14,residual,terminal,0.0,0.0
own:5,15,residual,terminal,0.0,0.0
own:5,16,residual,terminal,0.0,0.0
own:5,17,residual,terminal,0.0,0.0
own:5,18,residual,terminal,0.0,0.0
own:5,19,residual,terminal,0.0,0.0
own:5,20,residual,terminal,0.0,0.0
own:5,21,residual,terminal,0.0,0.0
own:5,22,residual,terminal,0.0,0.0
own:5,23,residual,terminal,0.0,0.0
own:5,24,residual,terminal,0.0,0.0
own:5,25,residual,terminal,0.0,0.0
own:5,26,residual,terminal,0.0,0.0
own:5,27,residual,terminal,0.0,0.0
own:5,28,residual,terminal,0.0,0.0
own:5,29,residual,terminal,0.0,0.0
own:5,30,residual,terminal,0.0,0.0
own:5,31,residual,terminal,0.0,0.0
own:5,32,residual,terminal,0.0,0.0
own:5,33,residual,terminal,0.0,0.0
own:5,34,residual,terminal,0.0,0.0
own:5,35,residual,terminal,0.0,0.0
own:5,36,residual,terminal,0.0,0.0
own:6,0,on_demand,capital,0.0,0.0
own:6,1,on_demand,operating,32473.6,32216.699513920204
own:6,2,on_demand,operating,31923.199999999997,31420.105426485225
own:6,3,on_demand,operating,33574.4,32783.86018842832
own:6,4,on_demand,operating,33849.6,32791.099521504606
own:6,5,on_demand,operating,31097.6,29886.834654465638
own:6,6,on_demand,operating,34950.4,33323.89887916915
own:6,7,on_demand,operating,0.0,0.0
own:6,8,on_demand,operating,0.0,0.0
own:6,9,on_demand,operating,0.0,0.0
own:6,10,on_demand,operating,0.0,0.0
own:6,11,on_demand,operating,0.0,0.0
own:6,12,on_demand,operating,0.0,0.0
own:6,13,on_demand,operating,0.0,0.0
own:6,14,on_demand,operating,0.0,0.0
own:6,15,on_demand,operating,0.0,0.0
own:6,16,on_demand,operating,0.0,0.0
own:6,17,on_demand,operating,0.0,0.0
own:6,18,on_demand,operating,0.0,0.0
own:6,19,on_demand,operating,0.0,0.0
own:6,20,on_demand,operating,0.0,0.0
own:6,21,on_demand,operating,0.0,0.0
own:6,22,on_demand,operating,0.0,0.0
own:6,23,on_demand,operating,0.0,0.0
own:6,24,on_demand,operating,0.0,0.0
own:6,25,on_demand,operating,0.0,0.0
own:6,26,on_demand,operating,0.0,0.0
own:6,27,on_demand,operating,0.0,0.0
own:6,28,on_demand,operating,0.0,0.0
own:6,29,on_demand,operating,0.0,0.0
own:6,30,on_demand,operating,0.0,0.0
own:6,31,on_demand,operating,0.0,0.0
own:6,32,on_demand,operating,0.0,0.0
own:6,33,on_demand,operating,0.0,0.0
own:6,34,on_demand,operating,0.0,0.0
own:6,35,on_demand,operating,0.0,0.0
own:6,36,on_demand,operating,0.0,0.0
own:6,0,variable_service,capital,0.0,0.0
own:6,1,variable_service,operating,0.0,0.0
own:6,2,variable_service,operating,0.0,0.0
own:6,3,variable_service,operating,0.0,0.0
own:6,4,variable_service,operating,0.0,0.0
own:6,5,variable_service,operating,0.0,0.0
own:6,6,variable_service,operating,0.0,0.0
own:6,7,variable_service,operating,0.0,0.0
own:6,8,variable_service,operating,0.0,0.0
own:6,9,variable_service,operating,0.0,0.0
own:6,10,variable_service,operating,0.0,0.0
own:6,11,variable_service,operating,0.0,0.0
own:6,12,variable_service,operating,0.0,0.0
own:6,13,variable_service,operating,0.0,0.0
own:6,14,variable_service,operating,0.0,0.0
own:6,15,variable_service,operating,0.0,0.0
own:6,16,variable_service,operating,0.0,0.0
own:6,17,variable_service,operating,0.0,0.0
own:6,18,variable_service,operating,0.0,0.0
own:6,19,variable_service,operating,0.0,0.0
own:6,20,variable_service,operating,0.0,0.0
own:6,21,variable_service,operating,0.0,0.0
own:6,22,variable_service,operating,0.0,0.0
own:6,23,variable_service,operating,0.0,0.0
own:6,24,variable_service,operating,0.0,0.0
own:6,25,variable_service,operating,0.0,0.0
own:6,26,variable_service,operating,0.0,0.0
own:6,27,variable_service,operating,0.0,0.0
own:6,28,variable_service,operating,0.0,0.0
own:6,29,variable_service,operating,0.0,0.0
own:6,30,variable_service,operating,0.0,0.0
own:6,31,variable_service,operating,0.0,0.0
own:6,32,variable_service,operating,0.0,0.0
own:6,33,variable_service,operating,0.0,0.0
own:6,34,variable_service,operating,0.0,0.0
own:6,35,variable_service,operating,0.0,0.0
own:6,36,variable_service,operating,0.0,0.0
own:6,0,node_acquisition,capital,2400000.0,2400000.0
own:6,1,node_acquisition,operating,0.0,0.0
own:6,2,node_acquisition,operating,0.0,0.0
own:6,3,node_acquisition,operating,0.0,0.0
own:6,4,node_acquisition,operating,0.0,0.0
own:6,5,node_acquisition,operating,0.0,0.0
own:6,6,node_acquisition,operating,0.0,0.0
own:6,7,node_acquisition,operating,0.0,0.0
own:6,8,node_acquisition,operating,0.0,0.0
own:6,9,node_acquisition,operating,0.0,0.0
own:6,10,node_acquisition,operating,0.0,0.0
own:6,11,node_acquisition,operating,0.0,0.0
own:6,12,node_acquisition,operating,0.0,0.0
own:6,13,node_acquisition,operating,0.0,0.0
own:6,14,node_acquisition,operating,0.0,0.0
own:6,15,node_acquisition,operating,0.0,0.0
own:6,16,node_acquisition,operating,0.0,0.0
own:6,17,node_acquisition,operating,0.0,0.0
own:6,18,node_acquisition,operating,0.0,0.0
own:6,19,node_acquisition,operating,0.0,0.0
own:6,20,node_acquisition,operating,0.0,0.0
own:6,21,node_acquisition,operating,0.0,0.0
own:6,22,node_acquisition,operating,0.0,0.0
own:6,23,node_acquisition,operating,0.0,0.0
own:6,24,node_acquisition,operating,0.0,0.0
own:6,25,node_acquisition,operating,0.0,0.0
own:6,26,node_acquisition,operating,0.0,0.0
own:6,27,node_acquisition,operating,0.0,0.0
own:6,28,node_acquisition,operating,0.0,0.0
own:6,29,node_acquisition,operating,0.0,0.0
own:6,30,node_acquisition,operating,0.0,0.0
own:6,31,node_acquisition,operating,0.0,0.0
own:6,32,node_acquisition,operating,0.0,0.0
own:6,33,node_acquisition,operating,0.0,0.0
own:6,34,node_acquisition,operating,0.0,0.0
own:6,35,node_acquisition,operating,0.0,0.0
own:6,36,node_acquisition,operating,0.0,0.0
own:6,0,installation,capital,50000.0,50000.0
own:6,1,installation,operating,0.0,0.0
own:6,2,installation,operating,0.0,0.0
own:6,3,installation,operating,0.0,0.0
own:6,4,installation,operating,0.0,0.0
own:6,5,installation,operating,0.0,0.0
own:6,6,installation,operating,0.0,0.0
own:6,7,installation,operating,0.0,0.0
own:6,8,installation,operating,0.0,0.0
own:6,9,installation,operating,0.0,0.0
own:6,10,installation,operating,0.0,0.0
own:6,11,installation,operating,0.0,0.0
own:6,12,installation,operating,0.0,0.0
own:6,13,installation,operating,0.0,0.0
own:6,14,installation,operating,0.0,0.0
own:6,15,installation,operating,0.0,0.0
own:6,16,installation,operating,0.0,0.0
own:6,17,installation,operating,0.0,0.0
own:6,18,installation,operating,0.0,0.0
own:6,19,installation,operating,0.0,0.0
own:6,20,installation,operating,0.0,0.0
own:6,21,installation,operating,0.0,0.0
own:6,22,installation,operating,0.0,0.0
own:6,23,installation,operating,0.0,0.0
own:6,24,installation,operating,0.0,0.0
own:6,25,installation,operating,0.0,0.0
own:6,26,installation,operating,0.0,0.0
own:6,27,installation,operating,0.0,0.0
own:6,28,installation,operating,0.0,0.0
own:6,29,installation,operating,0.0,0.0
own:6,30,installation,operating,0.0,0.0
own:6,31,installation,operating,0.0,0.0
own:6,32,installation,operating,0.0,0.0
own:6,33,installation,operating,0.0,0.0
own:6,34,installation,operating,0.0,0.0
own:6,35,installation,operating,0.0,0.0
own:6,36,installation,operating,0.0,0.0
own:6,0,network,capital,0.0,0.0
own:6,1,network,operating,0.0,0.0
own:6,2,network,operating,0.0,0.0
own:6,3,network,operating,0.0,0.0
own:6,4,network,operating,0.0,0.0
own:6,5,network,operating,0.0,0.0
own:6,6,network,operating,0.0,0.0
own:6,7,network,operating,0.0,0.0
own:6,8,network,operating,0.0,0.0
own:6,9,network,operating,0.0,0.0
own:6,10,network,operating,0.0,0.0
own:6,11,network,operating,0.0,0.0
own:6,12,network,operating,0.0,0.0
own:6,13,network,operating,0.0,0.0
own:6,14,network,operating,0.0,0.0
own:6,15,network,operating,0.0,0.0
own:6,16,network,operating,0.0,0.0
own:6,17,network,operating,0.0,0.0
own:6,18,network,operating,0.0,0.0
own:6,19,network,operating,0.0,0.0
own:6,20,network,operating,0.0,0.0
own:6,21,network,operating,0.0,0.0
own:6,22,network,operating,0.0,0.0
own:6,23,network,operating,0.0,0.0
own:6,24,network,operating,0.0,0.0
own:6,25,network,operating,0.0,0.0
own:6,26,network,operating,0.0,0.0
own:6,27,network,operating,0.0,0.0
own:6,28,network,operating,0.0,0.0
own:6,29,network,operating,0.0,0.0
own:6,30,network,operating,0.0,0.0
own:6,31,network,operating,0.0,0.0
own:6,32,network,operating,0.0,0.0
own:6,33,network,operating,0.0,0.0
own:6,34,network,operating,0.0,0.0
own:6,35,network,operating,0.0,0.0
own:6,36,network,operating,0.0,0.0
own:6,0,storage,capital,0.0,0.0
own:6,1,storage,operating,0.0,0.0
own:6,2,storage,operating,0.0,0.0
own:6,3,storage,operating,0.0,0.0
own:6,4,storage,operating,0.0,0.0
own:6,5,storage,operating,0.0,0.0
own:6,6,storage,operating,0.0,0.0
own:6,7,storage,operating,0.0,0.0
own:6,8,storage,operating,0.0,0.0
own:6,9,storage,operating,0.0,0.0
own:6,10,storage,operating,0.0,0.0
own:6,11,storage,operating,0.0,0.0
own:6,12,storage,operating,0.0,0.0
own:6,13,storage,operating,0.0,0.0
own:6,14,storage,operating,0.0,0.0
own:6,15,storage,operating,0.0,0.0
own:6,16,storage,operating,0.0,0.0
own:6,17,storage,operating,0.0,0.0
own:6,18,storage,operating,0.0,0.0
own:6,19,storage,operating,0.0,0.0
own:6,20,storage,operating,0.0,0.0
own:6,21,storage,operating,0.0,0.0
own:6,22,storage,operating,0.0,0.0
own:6,23,storage,operating,0.0,0.0
own:6,24,storage,operating,0.0,0.0
own:6,25,storage,operating,0.0,0.0
own:6,26,storage,operating,0.0,0.0
own:6,27,storage,operating,0.0,0.0
own:6,28,storage,operating,0.0,0.0
own:6,29,storage,operating,0.0,0.0
own:6,30,storage,operating,0.0,0.0
own:6,31,storage,operating,0.0,0.0
own:6,32,storage,operating,0.0,0.0
own:6,33,storage,operating,0.0,0.0
own:6,34,storage,operating,0.0,0.0
own:6,35,storage,operating,0.0,0.0
own:6,36,storage,operating,0.0,0.0
own:6,0,operations,capital,0.0,0.0
own:6,1,operations,operating,4000.0,3968.3557737879637
own:6,2,operations,operating,4000.0,3936.961886839067
own:6,3,operations,operating,4000.0,3905.8163587052422
own:6,4,operations,operating,4000.0,3874.917224605857
own:6,5,operations,operating,4000.0,3844.262535303771
own:6,6,operations,operating,4000.0,3813.850356982369
own:6,7,operations,operating,4000.0,3783.678771123568
own:6,8,operations,operating,4000.0,3753.7458743867896
own:6,9,operations,operating,4000.0,3724.049778488891
own:6,10,operations,operating,4000.0,3694.588610085045
own:6,11,operations,operating,4000.0,3665.360510650559
own:6,12,operations,operating,4000.0,3636.363636363636
own:6,13,operations,operating,4000.0,3607.5961579890577
own:6,14,operations,operating,4000.0,3579.056260762788
own:6,15,operations,operating,4000.0,3550.7421442774926
own:6,16,operations,operating,4000.0,3522.652022368961
own:6,17,operations,operating,4000.0,3494.784123003428
own:6,18,operations,operating,4000.0,3467.1366881657896
own:6,19,operations,operating,4000.0,3439.707973748698
own:6,20,operations,operating,4000.0,3412.4962494425354
own:6,21,operations,operating,4000.0,3385.4997986262647
own:6,22,operations,operating,4000.0,3358.716918259131
own:6,23,operations,operating,4000.0,3332.145918773235
own:6,24,operations,operating,4000.0,3305.7851239669417
own:6,25,operations,operating,4000.0,3279.6328708991427
own:6,26,operations,operating,4000.0,3253.6875097843526
own:6,27,operations,operating,4000.0,3227.947403888629
own:6,28,operations,operating,4000.0,3202.4109294263276
own:6,29,operations,operating,4000.0,3177.0764754576617
own:6,30,operations,operating,4000.0,3151.942443787081
own:6,31,operations,operating,4000.0,3127.0072488624523
own:6,32,operations,operating,4000.0,3102.269317675032
own:6,33,operations,operating,4000.0,3077.72708966024
own:6,34,operations,operating,4000.0,3053.37901659921
own:6,35,operations,operating,4000.0,3029.2235625211224
own:6,36,operations,operating,4000.0,3005.25920360631
own:6,0,precommission,capital,0.0,0.0
own:6,1,precommission,operating,0.0,0.0
own:6,2,precommission,operating,0.0,0.0
own:6,3,precommission,operating,0.0,0.0
own:6,4,precommission,operating,0.0,0.0
own:6,5,precommission,operating,0.0,0.0
own:6,6,precommission,operating,0.0,0.0
own:6,7,precommission,operating,0.0,0.0
own:6,8,precommission,operating,0.0,0.0
own:6,9,precommission,operating,0.0,0.0
own:6,10,precommission,operating,0.0,0.0
own:6,11,precommission,operating,0.0,0.0
own:6,12,precommission,operating,0.0,0.0
own:6,13,precommission,operating,0.0,0.0
own:6,14,precommission,operating,0.0,0.0
own:6,15,precommission,operating,0.0,0.0
own:6,16,precommission,operating,0.0,0.0
own:6,17,precommission,operating,0.0,0.0
own:6,18,precommission,operating,0.0,0.0
own:6,19,precommission,operating,0.0,0.0
own:6,20,precommission,operating,0.0,0.0
own:6,21,precommission,operating,0.0,0.0
own:6,22,precommission,operating,0.0,0.0
own:6,23,precommission,operating,0.0,0.0
own:6,24,precommission,operating,0.0,0.0
own:6,25,precommission,operating,0.0,0.0
own:6,26,precommission,operating,0.0,0.0
own:6,27,precommission,operating,0.0,0.0
own:6,28,precommission,operating,0.0,0.0
own:6,29,precommission,operating,0.0,0.0
own:6,30,precommission,operating,0.0,0.0
own:6,31,precommission,operating,0.0,0.0
own:6,32,precommission,operating,0.0,0.0
own:6,33,precommission,operating,0.0,0.0
own:6,34,precommission,operating,0.0,0.0
own:6,35,precommission,operating,0.0,0.0
own:6,36,precommission,operating,0.0,0.0
own:6,0,electricity,capital,0.0,0.0
own:6,1,electricity,operating,4663.610426196396,4626.716340373553
own:6,2,electricity,operating,4526.10363709101,4454.774378777746
own:6,3,electricity,operating,4690.403907119013,4579.964077340106
own:6,4,electricity,operating,4703.901206654607,4556.806952127553
own:6,5,electricity,operating,4260.937025653569,4095.0401432521753
own:6,6,electricity,operating,4731.09860265132,4510.925523660131
own:6,7,electricity,operating,3078.765998466225,2912.2653874134276
own:6,8,electricity,operating,3191.7184894071743,2995.225027954054
own:6,9,electricity,operating,3098.8036276008493,2885.024740736879
own:6,10,electricity,operating,3212.527567263481,2967.2419398989687
own:6,11,electricity,operating,3223.010205099798,2953.3735827991395
own:6,12,electricity,operating,3129.237344637384,2844.7612223976216
own:6,13,electricity,operating,3244.132982405923,2925.880420833298
own:6,14,electricity,operating,3149.780949017373,2818.310806402996
own:6,15,electricity,operating,3265.467515554542,2898.7082820621577
own:6,16,electricity,operating,3276.2148531323146,2885.241219525444
own:6,17,electricity,operating,3074.9503836948807,2686.571944990042
own:6,18,electricity,operating,3297.871007034965,2858.5423903322962
own:6,19,electricity,operating,3202.0455116807807,2753.5253697086528
own:6,20,electricity,operating,3319.7442638804905,2832.153712400136
own:6,21,electricity,operating,3223.31901793538,2728.1364715321097
own:6,22,electricity,operating,3341.836800125892,2806.070949660948
own:6,23,electricity,operating,3352.965984126521,2793.1429799481675
own:6,24,electricity,operating,3255.6298200456326,2690.603157062506
own:6,25,electricity,operating,3375.391568117389,2767.511284738398
own:6,26,electricity,operating,3277.440508991589,2665.9418120418013
own:6,27,electricity,operating,3398.041968587765,2742.1751877018705
own:6,28,electricity,operating,3409.4521784307044,2729.616729890722
own:6,29,electricity,operating,3089.8627193883876,2454.1825395406213
own:6,30,electricity,operating,3432.4440365194714,2704.716511157394
own:6,31,electricity,operating,3332.9286355181307,2605.523000801609
own:6,32,electricity,operating,3455.6663879855787,2680.101951892141
own:6,33,electricity,operating,3355.5142450892,2581.839272962965
own:6,34,electricity,operating,3479.1215435251333,2655.769179299474
own:6,35,electricity,operating,3490.9371512427592,2643.7072684562327
own:6,36,electricity,operating,3389.817906773199,2546.8203657199083
own:6,0,hosting,capital,0.0,0.0
own:6,1,hosting,operating,0.0,0.0
own:6,2,hosting,operating,0.0,0.0
own:6,3,hosting,operating,0.0,0.0
own:6,4,hosting,operating,0.0,0.0
own:6,5,hosting,operating,0.0,0.0
own:6,6,hosting,operating,0.0,0.0
own:6,7,hosting,operating,0.0,0.0
own:6,8,hosting,operating,0.0,0.0
own:6,9,hosting,operating,0.0,0.0
own:6,10,hosting,operating,0.0,0.0
own:6,11,hosting,operating,0.0,0.0
own:6,12,hosting,operating,0.0,0.0
own:6,13,hosting,operating,0.0,0.0
own:6,14,hosting,operating,0.0,0.0
own:6,15,hosting,operating,0.0,0.0
own:6,16,hosting,operating,0.0,0.0
own:6,17,hosting,operating,0.0,0.0
own:6,18,hosting,operating,0.0,0.0
own:6,19,hosting,operating,0.0,0.0
own:6,20,hosting,operating,0.0,0.0
own:6,21,hosting,operating,0.0,0.0
own:6,22,hosting,operating,0.0,0.0
own:6,23,hosting,operating,0.0,0.0
own:6,24,hosting,operating,0.0,0.0
own:6,25,hosting,operating,0.0,0.0
own:6,26,hosting,operating,0.0,0.0
own:6,27,hosting,operating,0.0,0.0
own:6,28,hosting,operating,0.0,0.0
own:6,29,hosting,operating,0.0,0.0
own:6,30,hosting,operating,0.0,0.0
own:6,31,hosting,operating,0.0,0.0
own:6,32,hosting,operating,0.0,0.0
own:6,33,hosting,operating,0.0,0.0
own:6,34,hosting,operating,0.0,0.0
own:6,35,hosting,operating,0.0,0.0
own:6,36,hosting,operating,0.0,0.0
own:6,0,exit,terminal,0.0,0.0
own:6,1,exit,terminal,0.0,0.0
own:6,2,exit,terminal,0.0,0.0
own:6,3,exit,terminal,0.0,0.0
own:6,4,exit,terminal,0.0,0.0
own:6,5,exit,terminal,0.0,0.0
own:6,6,exit,terminal,0.0,0.0
own:6,7,exit,terminal,0.0,0.0
own:6,8,exit,terminal,0.0,0.0
own:6,9,exit,terminal,0.0,0.0
own:6,10,exit,terminal,0.0,0.0
own:6,11,exit,terminal,0.0,0.0
own:6,12,exit,terminal,0.0,0.0
own:6,13,exit,terminal,0.0,0.0
own:6,14,exit,terminal,0.0,0.0
own:6,15,exit,terminal,0.0,0.0
own:6,16,exit,terminal,0.0,0.0
own:6,17,exit,terminal,0.0,0.0
own:6,18,exit,terminal,0.0,0.0
own:6,19,exit,terminal,0.0,0.0
own:6,20,exit,terminal,0.0,0.0
own:6,21,exit,terminal,0.0,0.0
own:6,22,exit,terminal,0.0,0.0
own:6,23,exit,terminal,0.0,0.0
own:6,24,exit,terminal,0.0,0.0
own:6,25,exit,terminal,0.0,0.0
own:6,26,exit,terminal,0.0,0.0
own:6,27,exit,terminal,0.0,0.0
own:6,28,exit,terminal,0.0,0.0
own:6,29,exit,terminal,0.0,0.0
own:6,30,exit,terminal,0.0,0.0
own:6,31,exit,terminal,0.0,0.0
own:6,32,exit,terminal,0.0,0.0
own:6,33,exit,terminal,0.0,0.0
own:6,34,exit,terminal,0.0,0.0
own:6,35,exit,terminal,0.0,0.0
own:6,36,exit,terminal,0.0,0.0
own:6,0,residual,terminal,0.0,0.0
own:6,1,residual,terminal,0.0,0.0
own:6,2,residual,terminal,0.0,0.0
own:6,3,residual,terminal,0.0,0.0
own:6,4,residual,terminal,0.0,0.0
own:6,5,residual,terminal,0.0,0.0
own:6,6,residual,terminal,0.0,0.0
own:6,7,residual,terminal,0.0,0.0
own:6,8,residual,terminal,0.0,0.0
own:6,9,residual,terminal,0.0,0.0
own:6,10,residual,terminal,0.0,0.0
own:6,11,residual,terminal,0.0,0.0
own:6,12,residual,terminal,0.0,0.0
own:6,13,residual,terminal,0.0,0.0
own:6,14,residual,terminal,0.0,0.0
own:6,15,residual,terminal,0.0,0.0
own:6,16,residual,terminal,0.0,0.0
own:6,17,residual,terminal,0.0,0.0
own:6,18,residual,terminal,0.0,0.0
own:6,19,residual,terminal,0.0,0.0
own:6,20,residual,terminal,0.0,0.0
own:6,21,residual,terminal,0.0,0.0
own:6,22,residual,terminal,0.0,0.0
own:6,23,residual,terminal,0.0,0.0
own:6,24,residual,terminal,0.0,0.0
own:6,25,residual,terminal,0.0,0.0
own:6,26,residual,terminal,0.0,0.0
own:6,27,residual,terminal,0.0,0.0
own:6,28,residual,terminal,0.0,0.0
own:6,29,residual,terminal,0.0,0.0
own:6,30,residual,terminal,0.0,0.0
own:6,31,residual,terminal,0.0,0.0
own:6,32,residual,terminal,0.0,0.0
own:6,33,residual,terminal,0.0,0.0
own:6,34,residual,terminal,0.0,0.0
own:6,35,residual,terminal,0.0,0.0
own:6,36,residual,terminal,0.0,0.0
own:7,0,on_demand,capital,0.0,0.0
own:7,1,on_demand,operating,22291.2,22114.853056165564
own:7,2,on_demand,operating,22084.8,21736.753969615856
own:7,3,on_demand,operating,23116.8,22572.493900229336
own:7,4,on_demand,operating,23736.0,22993.758810811156
own:7,5,on_demand,operating,21878.399999999998,21026.578363097506
own:7,6,on_demand,operating,24561.6,23418.566732014537
own:7,7,on_demand,operating,0.0,0.0
own:7,8,on_demand,operating,0.0,0.0
own:7,9,on_demand,operating,0.0,0.0
own:7,10,on_demand,operating,0.0,0.0
own:7,11,on_demand,operating,0.0,0.0
own:7,12,on_demand,operating,0.0,0.0
own:7,13,on_demand,operating,0.0,0.0
own:7,14,on_demand,operating,0.0,0.0
own:7,15,on_demand,operating,0.0,0.0
own:7,16,on_demand,operating,0.0,0.0
own:7,17,on_demand,operating,0.0,0.0
own:7,18,on_demand,operating,0.0,0.0
own:7,19,on_demand,operating,0.0,0.0
own:7,20,on_demand,operating,0.0,0.0
own:7,21,on_demand,operating,0.0,0.0
own:7,22,on_demand,operating,0.0,0.0
own:7,23,on_demand,operating,0.0,0.0
own:7,24,on_demand,operating,0.0,0.0
own:7,25,on_demand,operating,0.0,0.0
own:7,26,on_demand,operating,0.0,0.0
own:7,27,on_demand,operating,0.0,0.0
own:7,28,on_demand,operating,0.0,0.0
own:7,29,on_demand,operating,0.0,0.0
own:7,30,on_demand,operating,0.0,0.0
own:7,31,on_demand,operating,0.0,0.0
own:7,32,on_demand,operating,0.0,0.0
own:7,33,on_demand,operating,0.0,0.0
own:7,34,on_demand,operating,0.0,0.0
own:7,35,on_demand,operating,0.0,0.0
own:7,36,on_demand,operating,0.0,0.0
own:7,0,variable_service,capital,0.0,0.0
own:7,1,variable_service,operating,0.0,0.0
own:7,2,variable_service,operating,0.0,0.0
own:7,3,variable_service,operating,0.0,0.0
own:7,4,variable_service,operating,0.0,0.0
own:7,5,variable_service,operating,0.0,0.0
own:7,6,variable_service,operating,0.0,0.0
own:7,7,variable_service,operating,0.0,0.0
own:7,8,variable_service,operating,0.0,0.0
own:7,9,variable_service,operating,0.0,0.0
own:7,10,variable_service,operating,0.0,0.0
own:7,11,variable_service,operating,0.0,0.0
own:7,12,variable_service,operating,0.0,0.0
own:7,13,variable_service,operating,0.0,0.0
own:7,14,variable_service,operating,0.0,0.0
own:7,15,variable_service,operating,0.0,0.0
own:7,16,variable_service,operating,0.0,0.0
own:7,17,variable_service,operating,0.0,0.0
own:7,18,variable_service,operating,0.0,0.0
own:7,19,variable_service,operating,0.0,0.0
own:7,20,variable_service,operating,0.0,0.0
own:7,21,variable_service,operating,0.0,0.0
own:7,22,variable_service,operating,0.0,0.0
own:7,23,variable_service,operating,0.0,0.0
own:7,24,variable_service,operating,0.0,0.0
own:7,25,variable_service,operating,0.0,0.0
own:7,26,variable_service,operating,0.0,0.0
own:7,27,variable_service,operating,0.0,0.0
own:7,28,variable_service,operating,0.0,0.0
own:7,29,variable_service,operating,0.0,0.0
own:7,30,variable_service,operating,0.0,0.0
own:7,31,variable_service,operating,0.0,0.0
own:7,32,variable_service,operating,0.0,0.0
own:7,33,variable_service,operating,0.0,0.0
own:7,34,variable_service,operating,0.0,0.0
own:7,35,variable_service,operating,0.0,0.0
own:7,36,variable_service,operating,0.0,0.0
own:7,0,node_acquisition,capital,2800000.0,2800000.0
own:7,1,node_acquisition,operating,0.0,0.0
own:7,2,node_acquisition,operating,0.0,0.0
own:7,3,node_acquisition,operating,0.0,0.0
own:7,4,node_acquisition,operating,0.0,0.0
own:7,5,node_acquisition,operating,0.0,0.0
own:7,6,node_acquisition,operating,0.0,0.0
own:7,7,node_acquisition,operating,0.0,0.0
own:7,8,node_acquisition,operating,0.0,0.0
own:7,9,node_acquisition,operating,0.0,0.0
own:7,10,node_acquisition,operating,0.0,0.0
own:7,11,node_acquisition,operating,0.0,0.0
own:7,12,node_acquisition,operating,0.0,0.0
own:7,13,node_acquisition,operating,0.0,0.0
own:7,14,node_acquisition,operating,0.0,0.0
own:7,15,node_acquisition,operating,0.0,0.0
own:7,16,node_acquisition,operating,0.0,0.0
own:7,17,node_acquisition,operating,0.0,0.0
own:7,18,node_acquisition,operating,0.0,0.0
own:7,19,node_acquisition,operating,0.0,0.0
own:7,20,node_acquisition,operating,0.0,0.0
own:7,21,node_acquisition,operating,0.0,0.0
own:7,22,node_acquisition,operating,0.0,0.0
own:7,23,node_acquisition,operating,0.0,0.0
own:7,24,node_acquisition,operating,0.0,0.0
own:7,25,node_acquisition,operating,0.0,0.0
own:7,26,node_acquisition,operating,0.0,0.0
own:7,27,node_acquisition,operating,0.0,0.0
own:7,28,node_acquisition,operating,0.0,0.0
own:7,29,node_acquisition,operating,0.0,0.0
own:7,30,node_acquisition,operating,0.0,0.0
own:7,31,node_acquisition,operating,0.0,0.0
own:7,32,node_acquisition,operating,0.0,0.0
own:7,33,node_acquisition,operating,0.0,0.0
own:7,34,node_acquisition,operating,0.0,0.0
own:7,35,node_acquisition,operating,0.0,0.0
own:7,36,node_acquisition,operating,0.0,0.0
own:7,0,installation,capital,50000.0,50000.0
own:7,1,installation,operating,0.0,0.0
own:7,2,installation,operating,0.0,0.0
own:7,3,installation,operating,0.0,0.0
own:7,4,installation,operating,0.0,0.0
own:7,5,installation,operating,0.0,0.0
own:7,6,installation,operating,0.0,0.0
own:7,7,installation,operating,0.0,0.0
own:7,8,installation,operating,0.0,0.0
own:7,9,installation,operating,0.0,0.0
own:7,10,installation,operating,0.0,0.0
own:7,11,installation,operating,0.0,0.0
own:7,12,installation,operating,0.0,0.0
own:7,13,installation,operating,0.0,0.0
own:7,14,installation,operating,0.0,0.0
own:7,15,installation,operating,0.0,0.0
own:7,16,installation,operating,0.0,0.0
own:7,17,installation,operating,0.0,0.0
own:7,18,installation,operating,0.0,0.0
own:7,19,installation,operating,0.0,0.0
own:7,20,installation,operating,0.0,0.0
own:7,21,installation,operating,0.0,0.0
own:7,22,installation,operating,0.0,0.0
own:7,23,installation,operating,0.0,0.0
own:7,24,installation,operating,0.0,0.0
own:7,25,installation,operating,0.0,0.0
own:7,26,installation,operating,0.0,0.0
own:7,27,installation,operating,0.0,0.0
own:7,28,installation,operating,0.0,0.0
own:7,29,installation,operating,0.0,0.0
own:7,30,installation,operating,0.0,0.0
own:7,31,installation,operating,0.0,0.0
own:7,32,installation,operating,0.0,0.0
own:7,33,installation,operating,0.0,0.0
own:7,34,installation,operating,0.0,0.0
own:7,35,installation,operating,0.0,0.0
own:7,36,installation,operating,0.0,0.0
own:7,0,network,capital,0.0,0.0
own:7,1,network,operating,0.0,0.0
own:7,2,network,operating,0.0,0.0
own:7,3,network,operating,0.0,0.0
own:7,4,network,operating,0.0,0.0
own:7,5,network,operating,0.0,0.0
own:7,6,network,operating,0.0,0.0
own:7,7,network,operating,0.0,0.0
own:7,8,network,operating,0.0,0.0
own:7,9,network,operating,0.0,0.0
own:7,10,network,operating,0.0,0.0
own:7,11,network,operating,0.0,0.0
own:7,12,network,operating,0.0,0.0
own:7,13,network,operating,0.0,0.0
own:7,14,network,operating,0.0,0.0
own:7,15,network,operating,0.0,0.0
own:7,16,network,operating,0.0,0.0
own:7,17,network,operating,0.0,0.0
own:7,18,network,operating,0.0,0.0
own:7,19,network,operating,0.0,0.0
own:7,20,network,operating,0.0,0.0
own:7,21,network,operating,0.0,0.0
own:7,22,network,operating,0.0,0.0
own:7,23,network,operating,0.0,0.0
own:7,24,network,operating,0.0,0.0
own:7,25,network,operating,0.0,0.0
own:7,26,network,operating,0.0,0.0
own:7,27,network,operating,0.0,0.0
own:7,28,network,operating,0.0,0.0
own:7,29,network,operating,0.0,0.0
own:7,30,network,operating,0.0,0.0
own:7,31,network,operating,0.0,0.0
own:7,32,network,operating,0.0,0.0
own:7,33,network,operating,0.0,0.0
own:7,34,network,operating,0.0,0.0
own:7,35,network,operating,0.0,0.0
own:7,36,network,operating,0.0,0.0
own:7,0,storage,capital,0.0,0.0
own:7,1,storage,operating,0.0,0.0
own:7,2,storage,operating,0.0,0.0
own:7,3,storage,operating,0.0,0.0
own:7,4,storage,operating,0.0,0.0
own:7,5,storage,operating,0.0,0.0
own:7,6,storage,operating,0.0,0.0
own:7,7,storage,operating,0.0,0.0
own:7,8,storage,operating,0.0,0.0
own:7,9,storage,operating,0.0,0.0
own:7,10,storage,operating,0.0,0.0
own:7,11,storage,operating,0.0,0.0
own:7,12,storage,operating,0.0,0.0
own:7,13,storage,operating,0.0,0.0
own:7,14,storage,operating,0.0,0.0
own:7,15,storage,operating,0.0,0.0
own:7,16,storage,operating,0.0,0.0
own:7,17,storage,operating,0.0,0.0
own:7,18,storage,operating,0.0,0.0
own:7,19,storage,operating,0.0,0.0
own:7,20,storage,operating,0.0,0.0
own:7,21,storage,operating,0.0,0.0
own:7,22,storage,operating,0.0,0.0
own:7,23,storage,operating,0.0,0.0
own:7,24,storage,operating,0.0,0.0
own:7,25,storage,operating,0.0,0.0
own:7,26,storage,operating,0.0,0.0
own:7,27,storage,operating,0.0,0.0
own:7,28,storage,operating,0.0,0.0
own:7,29,storage,operating,0.0,0.0
own:7,30,storage,operating,0.0,0.0
own:7,31,storage,operating,0.0,0.0
own:7,32,storage,operating,0.0,0.0
own:7,33,storage,operating,0.0,0.0
own:7,34,storage,operating,0.0,0.0
own:7,35,storage,operating,0.0,0.0
own:7,36,storage,operating,0.0,0.0
own:7,0,operations,capital,0.0,0.0
own:7,1,operations,operating,4333.333333333333,4299.052088270294
own:7,2,operations,operating,4333.333333333333,4265.042044075656
own:7,3,operations,operating,4333.333333333333,4231.301055264012
own:7,4,operations,operating,4333.333333333333,4197.826993323011
own:7,5,operations,operating,4333.333333333333,4164.617746579085
own:7,6,operations,operating,4333.333333333333,4131.671220064232
own:7,7,operations,operating,4333.333333333333,4098.985335383864
own:7,8,operations,operating,4333.333333333333,4066.5580305856884
own:7,9,operations,operating,4333.333333333333,4034.3872600296318
own:7,10,operations,operating,4333.333333333333,4002.4709942587983
own:7,11,operations,operating,4333.333333333333,3970.8072198714385
own:7,12,operations,operating,4333.333333333333,3939.393939393939
own:7,13,operations,operating,4333.333333333333,3908.2291711548123
own:7,14,operations,operating,4333.333333333333,3877.3109491596865
own:7,15,operations,operating,4333.333333333333,3846.6373229672836
own:7,16,operations,operating,4333.333333333333,3816.2063575663738
own:7,17,operations,operating,4333.333333333333,3786.016133253713
own:7,18,operations,operating,4333.333333333333,3756.0647455129388
own:7,19,operations,operating,4333.333333333333,3726.3503048944226
own:7,20,operations,operating,4333.333333333333,3696.87093689608
own:7,21,operations,operating,4333.333333333333,3667.6247818451197
own:7,22,operations,operating,4333.333333333333,3638.609994780725
own:7,23,operations,operating,4333.333333333333,3609.824745337671
own:7,24,operations,operating,4333.333333333333,3581.2672176308533
own:7,25,operations,operating,4333.333333333333,3552.935610140738
own:7,26,operations,operating,4333.333333333333,3524.828135599715
own:7,27,operations,operating,4333.333333333333,3496.943020879348
own:7,28,operations,operating,4333.333333333333,3469.278506878521
own:7,29,operations,operating,4333.333333333333,3441.832848412467
own:7,30,operations,operating,4333.333333333333,3414.604314102671
own:7,31,operations,operating,4333.333333333333,3387.591186267656
own:7,32,operations,operating,4333.333333333333,3360.791760814618
own:7,33,operations,operating,4333.333333333333,3334.2043471319266
own:7,34,operations,operating,4333.333333333333,3307.827267982477
own:7,35,operations,operating,4333.333333333333,3281.6588593978827
own:7,36,operations,operating,4333.333333333333,3255.6974705735024
own:7,0,precommission,capital,0.0,0.0
own:7,1,precommission,operating,0.0,0.0
own:7,2,precommission,operating,0.0,0.0
own:7,3,precommission,operating,0.0,0.0
own:7,4,precommission,operating,0.0,0.0
own:7,5,precommission,operating,0.0,0.0
own:7,6,precommission,operating,0.0,0.0
own:7,7,precommission,operating,0.0,0.0
own:7,8,precommission,operating,0.0,0.0
own:7,9,precommission,operating,0.0,0.0
own:7,10,precommission,operating,0.0,0.0
own:7,11,precommission,operating,0.0,0.0
own:7,12,precommission,operating,0.0,0.0
own:7,13,precommission,operating,0.0,0.0
own:7,14,precommission,operating,0.0,0.0
own:7,15,precommission,operating,0.0,0.0
own:7,16,precommission,operating,0.0,0.0
own:7,17,precommission,operating,0.0,0.0
own:7,18,precommission,operating,0.0,0.0
own:7,19,precommission,operating,0.0,0.0
own:7,20,precommission,operating,0.0,0.0
own:7,21,precommission,operating,0.0,0.0
own:7,22,precommission,operating,0.0,0.0
own:7,23,precommission,operating,0.0,0.0
own:7,24,precommission,operating,0.0,0.0
own:7,25,precommission,operating,0.0,0.0
own:7,26,precommission,operating,0.0,0.0
own:7,27,precommission,operating,0.0,0.0
own:7,28,precommission,operating,0.0,0.0
own:7,29,precommission,operating,0.0,0.0
own:7,30,precommission,operating,0.0,0.0
own:7,31,precommission,operating,0.0,0.0
own:7,32,precommission,operating,0.0,0.0
own:7,33,precommission,operating,0.0,0.0
own:7,34,precommission,operating,0.0,0.0
own:7,35,precommission,operating,0.0,0.0
own:7,36,precommission,operating,0.0,0.0
own:7,0,electricity,capital,0.0,0.0
own:7,1,electricity,operating,4995.434426196396,4955.915261943908
own:7,2,electricity,operating,4847.22363709101,4770.833679053187
own:7,3,electricity,operating,5022.227907119013,4903.974979192858
own:7,4,electricity,operating,5035.725206654608,4878.254585411957
own:7,5,electricity,operating,4560.64902565357,4383.083046497417
own:7,6,electricity,operating,5062.922602651321,4827.307293873961
own:7,7,electricity,operating,3258.765998466225,3082.530932113988
own:7,8,electricity,operating,3377.7184894071747,3169.77421111304
own:7,9,electricity,operating,3278.8036276008493,3052.6069807688787
own:7,10,electricity,operating,3398.527567263481,3139.0403102679234
own:7,11,electricity,operating,3409.010205099798,3123.8128465443906
own:7,12,electricity,operating,3309.237344637384,3008.3975860339856
own:7,13,electricity,operating,3430.132982405923,3093.633642179789
own:7,14,electricity,operating,3329.7809490173736,2979.368338137322
own:7,15,electricity,operating,3451.467515554542,3063.8177917710614
own:7,16,electricity,operating,3462.214853132314,3049.0445385656003
own:7,17,electricity,operating,3248.9503836948807,2838.595054340691
own:7,18,electricity,operating,3483.871007034965,3019.7642463320058
own:7,19,electricity,operating,3382.0455116807807,2908.3122285273444
own:7,20,electricity,operating,3505.7442638804905,2990.834787999214
own:7,21,electricity,operating,3403.31901793538,2880.4839624702913
own:7,22,electricity,operating,3527.836800125892,2962.2512863599977
own:7,23,electricity,operating,3538.965984126521,2948.087765171123
own:7,24,electricity,operating,3435.6298200456326,2839.3634876410183
own:7,25,electricity,operating,3561.391568117389,2920.014213235208
own:7,26,electricity,operating,3457.440508991589,2812.357749982097
own:7,27,electricity,operating,3584.041968587765,2892.274741982692
own:7,28,electricity,operating,3595.4521784307044,2878.5288381090463
own:7,29,electricity,operating,3257.8627193883876,2587.619751509843
own:7,30,electricity,operating,3618.4440365194714,2851.2818347934935
own:7,31,electricity,operating,3512.9286355181307,2746.2383270004198
own:7,32,electricity,operating,3641.6663879855787,2824.35747516403
own:7,33,electricity,operating,3535.5142450892,2720.336991997676
own:7,34,electricity,operating,3665.1215435251333,2797.7513035713378
own:7,35,electricity,operating,3676.9371512427592,2784.5661641134648
own:7,36,electricity,operating,3569.817906773199,2682.057029882192
own:7,0,hosting,capital,0.0,0.0
own:7,1,hosting,operating,0.0,0.0
own:7,2,hosting,operating,0.0,0.0
own:7,3,hosting,operating,0.0,0.0
own:7,4,hosting,operating,0.0,0.0
own:7,5,hosting,operating,0.0,0.0
own:7,6,hosting,operating,0.0,0.0
own:7,7,hosting,operating,0.0,0.0
own:7,8,hosting,operating,0.0,0.0
own:7,9,hosting,operating,0.0,0.0
own:7,10,hosting,operating,0.0,0.0
own:7,11,hosting,operating,0.0,0.0
own:7,12,hosting,operating,0.0,0.0
own:7,13,hosting,operating,0.0,0.0
own:7,14,hosting,operating,0.0,0.0
own:7,15,hosting,operating,0.0,0.0
own:7,16,hosting,operating,0.0,0.0
own:7,17,hosting,operating,0.0,0.0
own:7,18,hosting,operating,0.0,0.0
own:7,19,hosting,operating,0.0,0.0
own:7,20,hosting,operating,0.0,0.0
own:7,21,hosting,operating,0.0,0.0
own:7,22,hosting,operating,0.0,0.0
own:7,23,hosting,operating,0.0,0.0
own:7,24,hosting,operating,0.0,0.0
own:7,25,hosting,operating,0.0,0.0
own:7,26,hosting,operating,0.0,0.0
own:7,27,hosting,operating,0.0,0.0
own:7,28,hosting,operating,0.0,0.0
own:7,29,hosting,operating,0.0,0.0
own:7,30,hosting,operating,0.0,0.0
own:7,31,hosting,operating,0.0,0.0
own:7,32,hosting,operating,0.0,0.0
own:7,33,hosting,operating,0.0,0.0
own:7,34,hosting,operating,0.0,0.0
own:7,35,hosting,operating,0.0,0.0
own:7,36,hosting,operating,0.0,0.0
own:7,0,exit,terminal,0.0,0.0
own:7,1,exit,terminal,0.0,0.0
own:7,2,exit,terminal,0.0,0.0
own:7,3,exit,terminal,0.0,0.0
own:7,4,exit,terminal,0.0,0.0
own:7,5,exit,terminal,0.0,0.0
own:7,6,exit,terminal,0.0,0.0
own:7,7,exit,terminal,0.0,0.0
own:7,8,exit,terminal,0.0,0.0
own:7,9,exit,terminal,0.0,0.0
own:7,10,exit,terminal,0.0,0.0
own:7,11,exit,terminal,0.0,0.0
own:7,12,exit,terminal,0.0,0.0
own:7,13,exit,terminal,0.0,0.0
own:7,14,exit,terminal,0.0,0.0
own:7,15,exit,terminal,0.0,0.0
own:7,16,exit,terminal,0.0,0.0
own:7,17,exit,terminal,0.0,0.0
own:7,18,exit,terminal,0.0,0.0
own:7,19,exit,terminal,0.0,0.0
own:7,20,exit,terminal,0.0,0.0
own:7,21,exit,terminal,0.0,0.0
own:7,22,exit,terminal,0.0,0.0
own:7,23,exit,terminal,0.0,0.0
own:7,24,exit,terminal,0.0,0.0
own:7,25,exit,terminal,0.0,0.0
own:7,26,exit,terminal,0.0,0.0
own:7,27,exit,terminal,0.0,0.0
own:7,28,exit,terminal,0.0,0.0
own:7,29,exit,terminal,0.0,0.0
own:7,30,exit,terminal,0.0,0.0
own:7,31,exit,terminal,0.0,0.0
own:7,32,exit,terminal,0.0,0.0
own:7,33,exit,terminal,0.0,0.0
own:7,34,exit,terminal,0.0,0.0
own:7,35,exit,terminal,0.0,0.0
own:7,36,exit,terminal,0.0,0.0
own:7,0,residual,terminal,0.0,0.0
own:7,1,residual,terminal,0.0,0.0
own:7,2,residual,terminal,0.0,0.0
own:7,3,residual,terminal,0.0,0.0
own:7,4,residual,terminal,0.0,0.0
own:7,5,residual,terminal,0.0,0.0
own:7,6,residual,terminal,0.0,0.0
own:7,7,residual,terminal,0.0,0.0
own:7,8,residual,terminal,0.0,0.0
own:7,9,residual,terminal,0.0,0.0
own:7,10,residual,terminal,0.0,0.0
own:7,11,residual,terminal,0.0,0.0
own:7,12,residual,terminal,0.0,0.0
own:7,13,residual,terminal,0.0,0.0
own:7,14,residual,terminal,0.0,0.0
own:7,15,residual,terminal,0.0,0.0
own:7,16,residual,terminal,0.0,0.0
own:7,17,residual,terminal,0.0,0.0
own:7,18,residual,terminal,0.0,0.0
own:7,19,residual,terminal,0.0,0.0
own:7,20,residual,terminal,0.0,0.0
own:7,21,residual,terminal,0.0,0.0
own:7,22,residual,terminal,0.0,0.0
own:7,23,residual,terminal,0.0,0.0
own:7,24,residual,terminal,0.0,0.0
own:7,25,residual,terminal,0.0,0.0
own:7,26,residual,terminal,0.0,0.0
own:7,27,residual,terminal,0.0,0.0
own:7,28,residual,terminal,0.0,0.0
own:7,29,residual,terminal,0.0,0.0
own:7,30,residual,terminal,0.0,0.0
own:7,31,residual,terminal,0.0,0.0
own:7,32,residual,terminal,0.0,0.0
own:7,33,residual,terminal,0.0,0.0
own:7,34,residual,terminal,0.0,0.0
own:7,35,residual,terminal,0.0,0.0
own:7,36,residual,terminal,0.0,0.0
own:8,0,on_demand,capital,0.0,0.0
own:8,1,on_demand,operating,11971.199999999999,11876.495159792617
own:8,2,on_demand,operating,12108.8,11917.971023839224
own:8,3,on_demand,operating,12934.4,12629.84777750927
own:8,4,on_demand,operating,13347.199999999999,12929.823795064822
own:8,5,on_demand,operating,12521.6,12034.079440514926
own:8,6,on_demand,operating,14310.4,13644.431037140122
own:8,7,on_demand,operating,0.0,0.0
own:8,8,on_demand,operating,0.0,0.0
own:8,9,on_demand,operating,0.0,0.0
own:8,10,on_demand,operating,0.0,0.0
own:8,11,on_demand,operating,0.0,0.0
own:8,12,on_demand,operating,0.0,0.0
own:8,13,on_demand,operating,0.0,0.0
own:8,14,on_demand,operating,0.0,0.0
own:8,15,on_demand,operating,0.0,0.0
own:8,16,on_demand,operating,0.0,0.0
own:8,17,on_demand,operating,0.0,0.0
own:8,18,on_demand,operating,0.0,0.0
own:8,19,on_demand,operating,0.0,0.0
own:8,20,on_demand,operating,0.0,0.0
own:8,21,on_demand,operating,0.0,0.0
own:8,22,on_demand,operating,0.0,0.0
own:8,23,on_demand,operating,0.0,0.0
own:8,24,on_demand,operating,0.0,0.0
own:8,25,on_demand,operating,0.0,0.0
own:8,26,on_demand,operating,0.0,0.0
own:8,27,on_demand,operating,0.0,0.0
own:8,28,on_demand,operating,0.0,0.0
own:8,29,on_demand,operating,0.0,0.0
own:8,30,on_demand,operating,0.0,0.0
own:8,31,on_demand,operating,0.0,0.0
own:8,32,on_demand,operating,0.0,0.0
own:8,33,on_demand,operating,0.0,0.0
own:8,34,on_demand,operating,0.0,0.0
own:8,35,on_demand,operating,0.0,0.0
own:8,36,on_demand,operating,0.0,0.0
own:8,0,variable_service,capital,0.0,0.0
own:8,1,variable_service,operating,0.0,0.0
own:8,2,variable_service,operating,0.0,0.0
own:8,3,variable_service,operating,0.0,0.0
own:8,4,variable_service,operating,0.0,0.0
own:8,5,variable_service,operating,0.0,0.0
own:8,6,variable_service,operating,0.0,0.0
own:8,7,variable_service,operating,0.0,0.0
own:8,8,variable_service,operating,0.0,0.0
own:8,9,variable_service,operating,0.0,0.0
own:8,10,variable_service,operating,0.0,0.0
own:8,11,variable_service,operating,0.0,0.0
own:8,12,variable_service,operating,0.0,0.0
own:8,13,variable_service,operating,0.0,0.0
own:8,14,variable_service,operating,0.0,0.0
own:8,15,variable_service,operating,0.0,0.0
own:8,16,variable_service,operating,0.0,0.0
own:8,17,variable_service,operating,0.0,0.0
own:8,18,variable_service,operating,0.0,0.0
own:8,19,variable_service,operating,0.0,0.0
own:8,20,variable_service,operating,0.0,0.0
own:8,21,variable_service,operating,0.0,0.0
own:8,22,variable_service,operating,0.0,0.0
own:8,23,variable_service,operating,0.0,0.0
own:8,24,variable_service,operating,0.0,0.0
own:8,25,variable_service,operating,0.0,0.0
own:8,26,variable_service,operating,0.0,0.0
own:8,27,variable_service,operating,0.0,0.0
own:8,28,variable_service,operating,0.0,0.0
own:8,29,variable_service,operating,0.0,0.0
own:8,30,variable_service,operating,0.0,0.0
own:8,31,variable_service,operating,0.0,0.0
own:8,32,variable_service,operating,0.0,0.0
own:8,33,variable_service,operating,0.0,0.0
own:8,34,variable_service,operating,0.0,0.0
own:8,35,variable_service,operating,0.0,0.0
own:8,36,variable_service,operating,0.0,0.0
own:8,0,node_acquisition,capital,3200000.0,3200000.0
own:8,1,node_acquisition,operating,0.0,0.0
own:8,2,node_acquisition,operating,0.0,0.0
own:8,3,node_acquisition,operating,0.0,0.0
own:8,4,node_acquisition,operating,0.0,0.0
own:8,5,node_acquisition,operating,0.0,0.0
own:8,6,node_acquisition,operating,0.0,0.0
own:8,7,node_acquisition,operating,0.0,0.0
own:8,8,node_acquisition,operating,0.0,0.0
own:8,9,node_acquisition,operating,0.0,0.0
own:8,10,node_acquisition,operating,0.0,0.0
own:8,11,node_acquisition,operating,0.0,0.0
own:8,12,node_acquisition,operating,0.0,0.0
own:8,13,node_acquisition,operating,0.0,0.0
own:8,14,node_acquisition,operating,0.0,0.0
own:8,15,node_acquisition,operating,0.0,0.0
own:8,16,node_acquisition,operating,0.0,0.0
own:8,17,node_acquisition,operating,0.0,0.0
own:8,18,node_acquisition,operating,0.0,0.0
own:8,19,node_acquisition,operating,0.0,0.0
own:8,20,node_acquisition,operating,0.0,0.0
own:8,21,node_acquisition,operating,0.0,0.0
own:8,22,node_acquisition,operating,0.0,0.0
own:8,23,node_acquisition,operating,0.0,0.0
own:8,24,node_acquisition,operating,0.0,0.0
own:8,25,node_acquisition,operating,0.0,0.0
own:8,26,node_acquisition,operating,0.0,0.0
own:8,27,node_acquisition,operating,0.0,0.0
own:8,28,node_acquisition,operating,0.0,0.0
own:8,29,node_acquisition,operating,0.0,0.0
own:8,30,node_acquisition,operating,0.0,0.0
own:8,31,node_acquisition,operating,0.0,0.0
own:8,32,node_acquisition,operating,0.0,0.0
own:8,33,node_acquisition,operating,0.0,0.0
own:8,34,node_acquisition,operating,0.0,0.0
own:8,35,node_acquisition,operating,0.0,0.0
own:8,36,node_acquisition,operating,0.0,0.0
own:8,0,installation,capital,50000.0,50000.0
own:8,1,installation,operating,0.0,0.0
own:8,2,installation,operating,0.0,0.0
own:8,3,installation,operating,0.0,0.0
own:8,4,installation,operating,0.0,0.0
own:8,5,installation,operating,0.0,0.0
own:8,6,installation,operating,0.0,0.0
own:8,7,installation,operating,0.0,0.0
own:8,8,installation,operating,0.0,0.0
own:8,9,installation,operating,0.0,0.0
own:8,10,installation,operating,0.0,0.0
own:8,11,installation,operating,0.0,0.0
own:8,12,installation,operating,0.0,0.0
own:8,13,installation,operating,0.0,0.0
own:8,14,installation,operating,0.0,0.0
own:8,15,installation,operating,0.0,0.0
own:8,16,installation,operating,0.0,0.0
own:8,17,installation,operating,0.0,0.0
own:8,18,installation,operating,0.0,0.0
own:8,19,installation,operating,0.0,0.0
own:8,20,installation,operating,0.0,0.0
own:8,21,installation,operating,0.0,0.0
own:8,22,installation,operating,0.0,0.0
own:8,23,installation,operating,0.0,0.0
own:8,24,installation,operating,0.0,0.0
own:8,25,installation,operating,0.0,0.0
own:8,26,installation,operating,0.0,0.0
own:8,27,installation,operating,0.0,0.0
own:8,28,installation,operating,0.0,0.0
own:8,29,installation,operating,0.0,0.0
own:8,30,installation,operating,0.0,0.0
own:8,31,installation,operating,0.0,0.0
own:8,32,installation,operating,0.0,0.0
own:8,33,installation,operating,0.0,0.0
own:8,34,installation,operating,0.0,0.0
own:8,35,installation,operating,0.0,0.0
own:8,36,installation,operating,0.0,0.0
own:8,0,network,capital,0.0,0.0
own:8,1,network,operating,0.0,0.0
own:8,2,network,operating,0.0,0.0
own:8,3,network,operating,0.0,0.0
own:8,4,network,operating,0.0,0.0
own:8,5,network,operating,0.0,0.0
own:8,6,network,operating,0.0,0.0
own:8,7,network,operating,0.0,0.0
own:8,8,network,operating,0.0,0.0
own:8,9,network,operating,0.0,0.0
own:8,10,network,operating,0.0,0.0
own:8,11,network,operating,0.0,0.0
own:8,12,network,operating,0.0,0.0
own:8,13,network,operating,0.0,0.0
own:8,14,network,operating,0.0,0.0
own:8,15,network,operating,0.0,0.0
own:8,16,network,operating,0.0,0.0
own:8,17,network,operating,0.0,0.0
own:8,18,network,operating,0.0,0.0
own:8,19,network,operating,0.0,0.0
own:8,20,network,operating,0.0,0.0
own:8,21,network,operating,0.0,0.0
own:8,22,network,operating,0.0,0.0
own:8,23,network,operating,0.0,0.0
own:8,24,network,operating,0.0,0.0
own:8,25,network,operating,0.0,0.0
own:8,26,network,operating,0.0,0.0
own:8,27,network,operating,0.0,0.0
own:8,28,network,operating,0.0,0.0
own:8,29,network,operating,0.0,0.0
own:8,30,network,operating,0.0,0.0
own:8,31,network,operating,0.0,0.0
own:8,32,network,operating,0.0,0.0
own:8,33,network,operating,0.0,0.0
own:8,34,network,operating,0.0,0.0
own:8,35,network,operating,0.0,0.0
own:8,36,network,operating,0.0,0.0
own:8,0,storage,capital,0.0,0.0
own:8,1,storage,operating,0.0,0.0
own:8,2,storage,operating,0.0,0.0
own:8,3,storage,operating,0.0,0.0
own:8,4,storage,operating,0.0,0.0
own:8,5,storage,operating,0.0,0.0
own:8,6,storage,operating,0.0,0.0
own:8,7,storage,operating,0.0,0.0
own:8,8,storage,operating,0.0,0.0
own:8,9,storage,operating,0.0,0.0
own:8,10,storage,operating,0.0,0.0
own:8,11,storage,operating,0.0,0.0
own:8,12,storage,operating,0.0,0.0
own:8,13,storage,operating,0.0,0.0
own:8,14,storage,operating,0.0,0.0
own:8,15,storage,operating,0.0,0.0
own:8,16,storage,operating,0.0,0.0
own:8,17,storage,operating,0.0,0.0
own:8,18,storage,operating,0.0,0.0
own:8,19,storage,operating,0.0,0.0
own:8,20,storage,operating,0.0,0.0
own:8,21,storage,operating,0.0,0.0
own:8,22,storage,operating,0.0,0.0
own:8,23,storage,operating,0.0,0.0
own:8,24,storage,operating,0.0,0.0
own:8,25,storage,operating,0.0,0.0
own:8,26,storage,operating,0.0,0.0
own:8,27,storage,operating,0.0,0.0
own:8,28,storage,operating,0.0,0.0
own:8,29,storage,operating,0.0,0.0
own:8,30,storage,operating,0.0,0.0
own:8,31,storage,operating,0.0,0.0
own:8,32,storage,operating,0.0,0.0
own:8,33,storage,operating,0.0,0.0
own:8,34,storage,operating,0.0,0.0
own:8,35,storage,operating,0.0,0.0
own:8,36,storage,operating,0.0,0.0
own:8,0,operations,capital,0.0,0.0
own:8,1,operations,operating,4666.666666666667,4629.748402752624
own:8,2,operations,operating,4666.666666666667,4593.122201312245
own:8,3,operations,operating,4666.666666666667,4556.785751822783
own:8,4,operations,operating,4666.666666666667,4520.7367620401665
own:8,5,operations,operating,4666.666666666667,4484.9729578544
own:8,6,operations,operating,4666.666666666667,4449.492083146098
own:8,7,operations,operating,4666.666666666667,4414.291899644163
own:8,8,operations,operating,4666.666666666667,4379.370186784588
own:8,9,operations,operating,4666.666666666667,4344.724741570373
own:8,10,operations,operating,4666.666666666667,4310.353378432553
own:8,11,operations,operating,4666.666666666667,4276.253929092319
own:8,12,operations,operating,4666.666666666667,4242.424242424243
own:8,13,operations,operating,4666.666666666667,4208.862184320567
own:8,14,operations,operating,4666.666666666667,4175.565637556586
own:8,15,operations,operating,4666.666666666667,4142.532501657075
own:8,16,operations,operating,4666.666666666667,4109.760692763788
own:8,17,operations,operating,4666.666666666667,4077.2481435039995
own:8,18,operations,operating,4666.666666666667,4044.9928028600884
own:8,19,operations,operating,4666.666666666667,4012.9926360401478
own:8,20,operations,operating,4666.666666666667,3981.245624349625
own:8,21,operations,operating,4666.666666666667,3949.7497650639757
own:8,22,operations,operating,4666.666666666667,3918.50307130232
own:8,23,operations,operating,4666.666666666667,3887.5035719021075
own:8,24,operations,operating,4666.666666666667,3856.749311294766
own:8,25,operations,operating,4666.666666666667,3826.2383493823336
own:8,26,operations,operating,4666.666666666667,3795.9687614150785
own:8,27,operations,operating,4666.666666666667,3765.9386378700674
own:8,28,operations,operating,4666.666666666667,3736.1460843307154
own:8,29,operations,operating,4666.666666666667,3706.5892213672723
own:8,30,operations,operating,4666.666666666667,3677.2661844182617
own:8,31,operations,operating,4666.666666666667,3648.1751236728614
own:8,32,operations,operating,4666.666666666667,3619.3142039542045
own:8,33,operations,operating,4666.666666666667,3590.681604603614
own:8,34,operations,operating,4666.666666666667,3562.2755193657454
own:8,35,operations,operating,4666.666666666667,3534.0941562746434
own:8,36,operations,operating,4666.666666666667,3506.1357375406956
own:8,0,precommission,capital,0.0,0.0
own:8,1,precommission,operating,0.0,0.0
own:8,2,precommission,operating,0.0,0.0
own:8,3,precommission,operating,0.0,0.0
own:8,4,precommission,operating,0.0,0.0
own:8,5,precommission,operating,0.0,0.0
own:8,6,precommission,operating,0.0,0.0
own:8,7,precommission,operating,0.0,0.0
own:8,8,precommission,operating,0.0,0.0
own:8,9,precommission,operating,0.0,0.0
own:8,10,precommission,operating,0.0,0.0
own:8,11,precommission,operating,0.0,0.0
own:8,12,precommission,operating,0.0,0.0
own:8,13,precommission,operating,0.0,0.0
own:8,14,precommission,operating,0.0,0.0
own:8,15,precommission,operating,0.0,0.0
own:8,16,precommission,operating,0.0,0.0
own:8,17,precommission,operating,0.0,0.0
own:8,18,precommission,operating,0.0,0.0
own:8,19,precommission,operating,0.0,0.0
own:8,20,precommission,operating,0.0,0.0
own:8,21,precommission,operating,0.0,0.0
own:8,22,precommission,operating,0.0,0.0
own:8,23,precommission,operating,0.0,0.0
own:8,24,precommission,operating,0.0,0.0
own:8,25,precommission,operating,0.0,0.0
own:8,26,precommission,operating,0.0,0.0
own:8,27,precommission,operating,0.0,0.0
own:8,28,precommission,operating,0.0,0.0
own:8,29,precommission,operating,0.0,0.0
own:8,30,precommission,operating,0.0,0.0
own:8,31,precommission,operating,0.0,0.0
own:8,32,precommission,operating,0.0,0.0
own:8,33,precommission,operating,0.0,0.0
own:8,34,precommission,operating,0.0,0.0
own:8,35,precommission,operating,0.0,0.0
own:8,36,precommission,operating,0.0,0.0
own:8,0,electricity,capital,0.0,0.0
own:8,1,electricity,operating,5327.258426196395,5285.114183514261
own:8,2,electricity,operating,5168.343637091009,5086.892979328627
own:8,3,electricity,operating,5354.051907119014,5227.985881045611
own:8,4,electricity,operating,5367.5492066546085,5199.702218696361
own:8,5,electricity,operating,4860.36102565357,4671.125949742658
own:8,6,electricity,operating,5394.74660265132,5143.68906408779
own:8,7,electricity,operating,3438.765998466225,3252.796476814549
own:8,8,electricity,operating,3563.7184894071747,3344.323394272026
own:8,9,electricity,operating,3458.8036276008493,3220.189220800879
own:8,10,electricity,operating,3584.527567263481,3310.838680636878
own:8,11,electricity,operating,3595.010205099798,3294.2521102896417
own:8,12,electricity,operating,3489.237344637384,3172.033949670349
own:8,13,electricity,operating,3616.132982405923,3261.38686352628
own:8,14,electricity,operating,3509.7809490173736,3140.4258698716476
own:8,15,electricity,operating,3637.467515554542,3228.9273014799646
own:8,16,electricity,operating,3648.214853132314,3212.847857605757
own:8,17,electricity,operating,3422.9503836948807,2990.61816369134
own:8,18,electricity,operating,3669.871007034965,3180.986102331715
own:8,19,electricity,operating,3562.0455116807807,3063.0990873460355
own:8,20,electricity,operating,3691.7442638804905,3149.515863598292
own:8,21,electricity,operating,3583.31901793538,3032.8314534084734
own:8,22,electricity,operating,3713.836800125892,3118.431623059047
own:8,23,electricity,operating,3724.965984126521,3103.0325503940785
own:8,24,electricity,operating,3615.6298200456326,2988.1238182195307
own:8,25,electricity,operating,3747.391568117389,3072.5171417320184
own:8,26,electricity,operating,3637.440508991589,2958.773687922393
own:8,27,electricity,operating,3770.041968587765,3042.3742962635133
own:8,28,electricity,operating,3781.4521784307044,3027.4409463273705
own:8,29,electricity,operating,3425.862719388387,2721.0569634790645
own:8,30,electricity,operating,3804.4440365194714,2997.8471584295926
own:8,31,electricity,operating,3692.9286355181307,2886.95365319923
own:8,32,electricity,operating,3827.6663879855787,2968.612998435919
own:8,33,electricity,operating,3715.5142450892,2858.8347110323866
own:8,34,electricity,operating,3851.1215435251333,2939.733427843201
own:8,35,electricity,operating,3862.9371512427592,2925.425059770697
own:8,36,electricity,operating,3749.817906773199,2817.293694044476
own:8,0,hosting,capital,0.0,0.0
own:8,1,hosting,operating,0.0,0.0
own:8,2,hosting,operating,0.0,0.0
own:8,3,hosting,operating,0.0,0.0
own:8,4,hosting,operating,0.0,0.0
own:8,5,hosting,operating,0.0,0.0
own:8,6,hosting,operating,0.0,0.0
own:8,7,hosting,operating,0.0,0.0
own:8,8,hosting,operating,0.0,0.0
own:8,9,hosting,operating,0.0,0.0
own:8,10,hosting,operating,0.0,0.0
own:8,11,hosting,operating,0.0,0.0
own:8,12,hosting,operating,0.0,0.0
own:8,13,hosting,operating,0.0,0.0
own:8,14,hosting,operating,0.0,0.0
own:8,15,hosting,operating,0.0,0.0
own:8,16,hosting,operating,0.0,0.0
own:8,17,hosting,operating,0.0,0.0
own:8,18,hosting,operating,0.0,0.0
own:8,19,hosting,operating,0.0,0.0
own:8,20,hosting,operating,0.0,0.0
own:8,21,hosting,operating,0.0,0.0
own:8,22,hosting,operating,0.0,0.0
own:8,23,hosting,operating,0.0,0.0
own:8,24,hosting,operating,0.0,0.0
own:8,25,hosting,operating,0.0,0.0
own:8,26,hosting,operating,0.0,0.0
own:8,27,hosting,operating,0.0,0.0
own:8,28,hosting,operating,0.0,0.0
own:8,29,hosting,operating,0.0,0.0
own:8,30,hosting,operating,0.0,0.0
own:8,31,hosting,operating,0.0,0.0
own:8,32,hosting,operating,0.0,0.0
own:8,33,hosting,operating,0.0,0.0
own:8,34,hosting,operating,0.0,0.0
own:8,35,hosting,operating,0.0,0.0
own:8,36,hosting,operating,0.0,0.0
own:8,0,exit,terminal,0.0,0.0
own:8,1,exit,terminal,0.0,0.0
own:8,2,exit,terminal,0.0,0.0
own:8,3,exit,terminal,0.0,0.0
own:8,4,exit,terminal,0.0,0.0
own:8,5,exit,terminal,0.0,0.0
own:8,6,exit,terminal,0.0,0.0
own:8,7,exit,terminal,0.0,0.0
own:8,8,exit,terminal,0.0,0.0
own:8,9,exit,terminal,0.0,0.0
own:8,10,exit,terminal,0.0,0.0
own:8,11,exit,terminal,0.0,0.0
own:8,12,exit,terminal,0.0,0.0
own:8,13,exit,terminal,0.0,0.0
own:8,14,exit,terminal,0.0,0.0
own:8,15,exit,terminal,0.0,0.0
own:8,16,exit,terminal,0.0,0.0
own:8,17,exit,terminal,0.0,0.0
own:8,18,exit,terminal,0.0,0.0
own:8,19,exit,terminal,0.0,0.0
own:8,20,exit,terminal,0.0,0.0
own:8,21,exit,terminal,0.0,0.0
own:8,22,exit,terminal,0.0,0.0
own:8,23,exit,terminal,0.0,0.0
own:8,24,exit,terminal,0.0,0.0
own:8,25,exit,terminal,0.0,0.0
own:8,26,exit,terminal,0.0,0.0
own:8,27,exit,terminal,0.0,0.0
own:8,28,exit,terminal,0.0,0.0
own:8,29,exit,terminal,0.0,0.0
own:8,30,exit,terminal,0.0,0.0
own:8,31,exit,terminal,0.0,0.0
own:8,32,exit,terminal,0.0,0.0
own:8,33,exit,terminal,0.0,0.0
own:8,34,exit,terminal,0.0,0.0
own:8,35,exit,terminal,0.0,0.0
own:8,36,exit,terminal,0.0,0.0
own:8,0,residual,terminal,0.0,0.0
own:8,1,residual,terminal,0.0,0.0
own:8,2,residual,terminal,0.0,0.0
own:8,3,residual,terminal,0.0,0.0
own:8,4,residual,terminal,0.0,0.0
own:8,5,residual,terminal,0.0,0.0
own:8,6,residual,terminal,0.0,0.0
own:8,7,residual,terminal,0.0,0.0
own:8,8,residual,terminal,0.0,0.0
own:8,9,residual,terminal,0.0,0.0
own:8,10,residual,terminal,0.0,0.0
own:8,11,residual,terminal,0.0,0.0
own:8,12,residual,terminal,0.0,0.0
own:8,13,residual,terminal,0.0,0.0
own:8,14,residual,terminal,0.0,0.0
own:8,15,residual,terminal,0.0,0.0
own:8,16,residual,terminal,0.0,0.0
own:8,17,residual,terminal,0.0,0.0
own:8,18,residual,terminal,0.0,0.0
own:8,19,residual,terminal,0.0,0.0
own:8,20,residual,terminal,0.0,0.0
own:8,21,residual,terminal,0.0,0.0
own:8,22,residual,terminal,0.0,0.0
own:8,23,residual,terminal,0.0,0.0
own:8,24,residual,terminal,0.0,0.0
own:8,25,residual,terminal,0.0,0.0
own:8,26,residual,terminal,0.0,0.0
own:8,27,residual,terminal,0.0,0.0
own:8,28,residual,terminal,0.0,0.0
own:8,29,residual,terminal,0.0,0.0
own:8,30,residual,terminal,0.0,0.0
own:8,31,residual,terminal,0.0,0.0
own:8,32,residual,terminal,0.0,0.0
own:8,33,residual,terminal,0.0,0.0
own:8,34,residual,terminal,0.0,0.0
own:8,35,residual,terminal,0.0,0.0
own:8,36,residual,terminal,0.0,0.0
own:9,0,on_demand,capital,0.0,0.0
own:9,1,on_demand,operating,1720.0,1706.3929827288243
own:9,2,on_demand,operating,2132.7999999999997,2099.18807806259
own:9,3,on_demand,operating,2683.2,2620.021613419476
own:9,4,on_demand,operating,3096.0,2999.1859318449333
own:9,5,on_demand,operating,3233.6,3107.7018335395687
own:9,6,on_demand,operating,4059.2,3870.295342265708
own:9,7,on_demand,operating,0.0,0.0
own:9,8,on_demand,operating,0.0,0.0
own:9,9,on_demand,operating,0.0,0.0
own:9,10,on_demand,operating,0.0,0.0
own:9,11,on_demand,operating,0.0,0.0
own:9,12,on_demand,operating,0.0,0.0
own:9,13,on_demand,operating,0.0,0.0
own:9,14,on_demand,operating,0.0,0.0
own:9,15,on_demand,operating,0.0,0.0
own:9,16,on_demand,operating,0.0,0.0
own:9,17,on_demand,operating,0.0,0.0
own:9,18,on_demand,operating,0.0,0.0
own:9,19,on_demand,operating,0.0,0.0
own:9,20,on_demand,operating,0.0,0.0
own:9,21,on_demand,operating,0.0,0.0
own:9,22,on_demand,operating,0.0,0.0
own:9,23,on_demand,operating,0.0,0.0
own:9,24,on_demand,operating,0.0,0.0
own:9,25,on_demand,operating,0.0,0.0
own:9,26,on_demand,operating,0.0,0.0
own:9,27,on_demand,operating,0.0,0.0
own:9,28,on_demand,operating,0.0,0.0
own:9,29,on_demand,operating,0.0,0.0
own:9,30,on_demand,operating,0.0,0.0
own:9,31,on_demand,operating,0.0,0.0
own:9,32,on_demand,operating,0.0,0.0
own:9,33,on_demand,operating,0.0,0.0
own:9,34,on_demand,operating,0.0,0.0
own:9,35,on_demand,operating,0.0,0.0
own:9,36,on_demand,operating,0.0,0.0
own:9,0,variable_service,capital,0.0,0.0
own:9,1,variable_service,operating,0.0,0.0
own:9,2,variable_service,operating,0.0,0.0
own:9,3,variable_service,operating,0.0,0.0
own:9,4,variable_service,operating,0.0,0.0
own:9,5,variable_service,operating,0.0,0.0
own:9,6,variable_service,operating,0.0,0.0
own:9,7,variable_service,operating,0.0,0.0
own:9,8,variable_service,operating,0.0,0.0
own:9,9,variable_service,operating,0.0,0.0
own:9,10,variable_service,operating,0.0,0.0
own:9,11,variable_service,operating,0.0,0.0
own:9,12,variable_service,operating,0.0,0.0
own:9,13,variable_service,operating,0.0,0.0
own:9,14,variable_service,operating,0.0,0.0
own:9,15,variable_service,operating,0.0,0.0
own:9,16,variable_service,operating,0.0,0.0
own:9,17,variable_service,operating,0.0,0.0
own:9,18,variable_service,operating,0.0,0.0
own:9,19,variable_service,operating,0.0,0.0
own:9,20,variable_service,operating,0.0,0.0
own:9,21,variable_service,operating,0.0,0.0
own:9,22,variable_service,operating,0.0,0.0
own:9,23,variable_service,operating,0.0,0.0
own:9,24,variable_service,operating,0.0,0.0
own:9,25,variable_service,operating,0.0,0.0
own:9,26,variable_service,operating,0.0,0.0
own:9,27,variable_service,operating,0.0,0.0
own:9,28,variable_service,operating,0.0,0.0
own:9,29,variable_service,operating,0.0,0.0
own:9,30,variable_service,operating,0.0,0.0
own:9,31,variable_service,operating,0.0,0.0
own:9,32,variable_service,operating,0.0,0.0
own:9,33,variable_service,operating,0.0,0.0
own:9,34,variable_service,operating,0.0,0.0
own:9,35,variable_service,operating,0.0,0.0
own:9,36,variable_service,operating,0.0,0.0
own:9,0,node_acquisition,capital,3600000.0,3600000.0
own:9,1,node_acquisition,operating,0.0,0.0
own:9,2,node_acquisition,operating,0.0,0.0
own:9,3,node_acquisition,operating,0.0,0.0
own:9,4,node_acquisition,operating,0.0,0.0
own:9,5,node_acquisition,operating,0.0,0.0
own:9,6,node_acquisition,operating,0.0,0.0
own:9,7,node_acquisition,operating,0.0,0.0
own:9,8,node_acquisition,operating,0.0,0.0
own:9,9,node_acquisition,operating,0.0,0.0
own:9,10,node_acquisition,operating,0.0,0.0
own:9,11,node_acquisition,operating,0.0,0.0
own:9,12,node_acquisition,operating,0.0,0.0
own:9,13,node_acquisition,operating,0.0,0.0
own:9,14,node_acquisition,operating,0.0,0.0
own:9,15,node_acquisition,operating,0.0,0.0
own:9,16,node_acquisition,operating,0.0,0.0
own:9,17,node_acquisition,operating,0.0,0.0
own:9,18,node_acquisition,operating,0.0,0.0
own:9,19,node_acquisition,operating,0.0,0.0
own:9,20,node_acquisition,operating,0.0,0.0
own:9,21,node_acquisition,operating,0.0,0.0
own:9,22,node_acquisition,operating,0.0,0.0
own:9,23,node_acquisition,operating,0.0,0.0
own:9,24,node_acquisition,operating,0.0,0.0
own:9,25,node_acquisition,operating,0.0,0.0
own:9,26,node_acquisition,operating,0.0,0.0
own:9,27,node_acquisition,operating,0.0,0.0
own:9,28,node_acquisition,operating,0.0,0.0
own:9,29,node_acquisition,operating,0.0,0.0
own:9,30,node_acquisition,operating,0.0,0.0
own:9,31,node_acquisition,operating,0.0,0.0
own:9,32,node_acquisition,operating,0.0,0.0
own:9,33,node_acquisition,operating,0.0,0.0
own:9,34,node_acquisition,operating,0.0,0.0
own:9,35,node_acquisition,operating,0.0,0.0
own:9,36,node_acquisition,operating,0.0,0.0
own:9,0,installation,capital,50000.0,50000.0
own:9,1,installation,operating,0.0,0.0
own:9,2,installation,operating,0.0,0.0
own:9,3,installation,operating,0.0,0.0
own:9,4,installation,operating,0.0,0.0
own:9,5,installation,operating,0.0,0.0
own:9,6,installation,operating,0.0,0.0
own:9,7,installation,operating,0.0,0.0
own:9,8,installation,operating,0.0,0.0
own:9,9,installation,operating,0.0,0.0
own:9,10,installation,operating,0.0,0.0
own:9,11,installation,operating,0.0,0.0
own:9,12,installation,operating,0.0,0.0
own:9,13,installation,operating,0.0,0.0
own:9,14,installation,operating,0.0,0.0
own:9,15,installation,operating,0.0,0.0
own:9,16,installation,operating,0.0,0.0
own:9,17,installation,operating,0.0,0.0
own:9,18,installation,operating,0.0,0.0
own:9,19,installation,operating,0.0,0.0
own:9,20,installation,operating,0.0,0.0
own:9,21,installation,operating,0.0,0.0
own:9,22,installation,operating,0.0,0.0
own:9,23,installation,operating,0.0,0.0
own:9,24,installation,operating,0.0,0.0
own:9,25,installation,operating,0.0,0.0
own:9,26,installation,operating,0.0,0.0
own:9,27,installation,operating,0.0,0.0
own:9,28,installation,operating,0.0,0.0
own:9,29,installation,operating,0.0,0.0
own:9,30,installation,operating,0.0,0.0
own:9,31,installation,operating,0.0,0.0
own:9,32,installation,operating,0.0,0.0
own:9,33,installation,operating,0.0,0.0
own:9,34,installation,operating,0.0,0.0
own:9,35,installation,operating,0.0,0.0
own:9,36,installation,operating,0.0,0.0
own:9,0,network,capital,0.0,0.0
own:9,1,network,operating,0.0,0.0
own:9,2,network,operating,0.0,0.0
own:9,3,network,operating,0.0,0.0
own:9,4,network,operating,0.0,0.0
own:9,5,network,operating,0.0,0.0
own:9,6,network,operating,0.0,0.0
own:9,7,network,operating,0.0,0.0
own:9,8,network,operating,0.0,0.0
own:9,9,network,operating,0.0,0.0
own:9,10,network,operating,0.0,0.0
own:9,11,network,operating,0.0,0.0
own:9,12,network,operating,0.0,0.0
own:9,13,network,operating,0.0,0.0
own:9,14,network,operating,0.0,0.0
own:9,15,network,operating,0.0,0.0
own:9,16,network,operating,0.0,0.0
own:9,17,network,operating,0.0,0.0
own:9,18,network,operating,0.0,0.0
own:9,19,network,operating,0.0,0.0
own:9,20,network,operating,0.0,0.0
own:9,21,network,operating,0.0,0.0
own:9,22,network,operating,0.0,0.0
own:9,23,network,operating,0.0,0.0
own:9,24,network,operating,0.0,0.0
own:9,25,network,operating,0.0,0.0
own:9,26,network,operating,0.0,0.0
own:9,27,network,operating,0.0,0.0
own:9,28,network,operating,0.0,0.0
own:9,29,network,operating,0.0,0.0
own:9,30,network,operating,0.0,0.0
own:9,31,network,operating,0.0,0.0
own:9,32,network,operating,0.0,0.0
own:9,33,network,operating,0.0,0.0
own:9,34,network,operating,0.0,0.0
own:9,35,network,operating,0.0,0.0
own:9,36,network,operating,0.0,0.0
own:9,0,storage,capital,0.0,0.0
own:9,1,storage,operating,0.0,0.0
own:9,2,storage,operating,0.0,0.0
own:9,3,storage,operating,0.0,0.0
own:9,4,storage,operating,0.0,0.0
own:9,5,storage,operating,0.0,0.0
own:9,6,storage,operating,0.0,0.0
own:9,7,storage,operating,0.0,0.0
own:9,8,storage,operating,0.0,0.0
own:9,9,storage,operating,0.0,0.0
own:9,10,storage,operating,0.0,0.0
own:9,11,storage,operating,0.0,0.0
own:9,12,storage,operating,0.0,0.0
own:9,13,storage,operating,0.0,0.0
own:9,14,storage,operating,0.0,0.0
own:9,15,storage,operating,0.0,0.0
own:9,16,storage,operating,0.0,0.0
own:9,17,storage,operating,0.0,0.0
own:9,18,storage,operating,0.0,0.0
own:9,19,storage,operating,0.0,0.0
own:9,20,storage,operating,0.0,0.0
own:9,21,storage,operating,0.0,0.0
own:9,22,storage,operating,0.0,0.0
own:9,23,storage,operating,0.0,0.0
own:9,24,storage,operating,0.0,0.0
own:9,25,storage,operating,0.0,0.0
own:9,26,storage,operating,0.0,0.0
own:9,27,storage,operating,0.0,0.0
own:9,28,storage,operating,0.0,0.0
own:9,29,storage,operating,0.0,0.0
own:9,30,storage,operating,0.0,0.0
own:9,31,storage,operating,0.0,0.0
own:9,32,storage,operating,0.0,0.0
own:9,33,storage,operating,0.0,0.0
own:9,34,storage,operating,0.0,0.0
own:9,35,storage,operating,0.0,0.0
own:9,36,storage,operating,0.0,0.0
own:9,0,operations,capital,0.0,0.0
own:9,1,operations,operating,5000.0,4960.444717234955
own:9,2,operations,operating,5000.0,4921.202358548834
own:9,3,operations,operating,5000.0,4882.270448381552
own:9,4,operations,operating,5000.0,4843.646530757321
own:9,5,operations,operating,5000.0,4805.328169129714
own:9,6,operations,operating,5000.0,4767.312946227961
own:9,7,operations,operating,5000.0,4729.59846390446
own:9,8,operations,operating,5000.0,4692.182342983487
own:9,9,operations,operating,5000.0,4655.062223111114
own:9,10,operations,operating,5000.0,4618.235762606306
own:9,11,operations,operating,5000.0,4581.700638313198
own:9,12,operations,operating,5000.0,4545.454545454545
own:9,13,operations,operating,5000.0,4509.4951974863225
own:9,14,operations,operating,5000.0,4473.820325953485
own:9,15,operations,operating,5000.0,4438.427680346866
own:9,16,operations,operating,5000.0,4403.315027961201
own:9,17,operations,operating,5000.0,4368.480153754285
own:9,18,operations,operating,5000.0,4333.920860207237
own:9,19,operations,operating,5000.0,4299.6349671858725
own:9,20,operations,operating,5000.0,4265.620311803169
own:9,21,operations,operating,5000.0,4231.87474828283
own:9,22,operations,operating,5000.0,4198.396147823914
own:9,23,operations,operating,5000.0,4165.182398466543
own:9,24,operations,operating,5000.0,4132.231404958678
own:9,25,operations,operating,5000.0,4099.541088623929
own:9,26,operations,operating,5000.0,4067.109387230441
own:9,27,operations,operating,5000.0,4034.9342548607865
own:9,28,operations,operating,5000.0,4003.0136617829094
own:9,29,operations,operating,5000.0,3971.345594322077
own:9,30,operations,operating,5000.0,3939.9280547338517
own:9,31,operations,operating,5000.0,3908.7590610780653
own:9,32,operations,operating,5000.0,3877.8366470937904
own:9,33,operations,operating,5000.0,3847.1588620753
own:9,34,operations,operating,5000.0,3816.7237707490126
own:9,35,operations,operating,5000.0,3786.5294531514032
own:9,36,operations,operating,5000.0,3756.574004507888
own:9,0,precommission,capital,0.0,0.0
own:9,1,precommission,operating,0.0,0.0
own:9,2,precommission,operating,0.0,0.0
own:9,3,precommission,operating,0.0,0.0
own:9,4,precommission,operating,0.0,0.0
own:9,5,precommission,operating,0.0,0.0
own:9,6,precommission,operating,0.0,0.0
own:9,7,precommission,operating,0.0,0.0
own:9,8,precommission,operating,0.0,0.0
own:9,9,precommission,operating,0.0,0.0
own:9,10,precommission,operating,0.0,0.0
own:9,11,precommission,operating,0.0,0.0
own:9,12,precommission,operating,0.0,0.0
own:9,13,precommission,operating,0.0,0.0
own:9,14,precommission,operating,0.0,0.0
own:9,15,precommission,operating,0.0,0.0
own:9,16,precommission,operating,0.0,0.0
own:9,17,precommission,operating,0.0,0.0
own:9,18,precommission,operating,0.0,0.0
own:9,19,precommission,operating,0.0,0.0
own:9,20,precommission,operating,0.0,0.0
own:9,21,precommission,operating,0.0,0.0
own:9,22,precommission,operating,0.0,0.0
own:9,23,precommission,operating,0.0,0.0
own:9,24,precommission,operating,0.0,0.0
own:9,25,precommission,operating,0.0,0.0
own:9,26,precommission,operating,0.0,0.0
own:9,27,precommission,operating,0.0,0.0
own:9,28,precommission,operating,0.0,0.0
own:9,29,precommission,operating,0.0,0.0
own:9,30,precommission,operating,0.0,0.0
own:9,31,precommission,operating,0.0,0.0
own:9,32,precommission,operating,0.0,0.0
own:9,33,precommission,operating,0.0,0.0
own:9,34,precommission,operating,0.0,0.0
own:9,35,precommission,operating,0.0,0.0
own:9,36,precommission,operating,0.0,0.0
own:9,0,electricity,capital,0.0,0.0
own:9,1,electricity,operating,5659.082426196395,5614.313105084616
own:9,2,electricity,operating,5489.46363709101,5402.952279604068
own:9,3,electricity,operating,5685.875907119014,5551.996782898364
own:9,4,electricity,operating,5699.373206654608,5521.149851980765
own:9,5,electricity,operating,5160.07302565357,4959.168852987898
own:9,6,electricity,operating,5726.570602651321,5460.0708343016195
own:9,7,electricity,operating,3618.765998466225,3423.0620215151093
own:9,8,electricity,operating,3749.7184894071747,3518.8725774310115
own:9,9,electricity,operating,3638.8036276008493,3387.771460832879
own:9,10,electricity,operating,3770.527567263481,3482.6370510058323
own:9,11,electricity,operating,3781.010205099798,3464.6913740348923
own:9,12,electricity,operating,3669.237344637384,3335.6703133067126
own:9,13,electricity,operating,3802.132982405923,3429.1400848727717
own:9,14,electricity,operating,3689.7809490173736,3301.483401605973
own:9,15,electricity,operating,3823.467515554542,3394.036811188868
own:9,16,electricity,operating,3834.214853132314,3376.6511766459134
own:9,17,electricity,operating,3596.9503836948807,3142.6412730419893
own:9,18,electricity,operating,3855.871007034965,3342.207958331424
own:9,19,electricity,operating,3742.0455116807807,3217.885946164727
own:9,20,electricity,operating,3877.7442638804905,3308.19693919737
own:9,21,electricity,operating,3763.31901793538,3185.178944346655
own:9,22,electricity,operating,3899.836800125892,3274.611959758097
own:9,23,electricity,operating,3910.965984126521,3257.977335617034
own:9,24,electricity,operating,3795.6298200456326,3136.884148798043
own:9,25,electricity,operating,3933.391568117389,3225.0200702288284
own:9,26,electricity,operating,3817.440508991589,3105.189625862689
own:9,27,electricity,operating,3956.041968587765,3192.4738505443343
own:9,28,electricity,operating,3967.4521784307044,3176.3530545456947
own:9,29,electricity,operating,3593.862719388387,2854.494175448286
own:9,30,electricity,operating,3990.4440365194714,3144.412482065692
own:9,31,electricity,operating,3872.9286355181307,3027.6689793980404
own:9,32,electricity,operating,4013.6663879855787,3112.868521707808
own:9,33,electricity,operating,3895.5142450892,2997.3324300670974
own:9,34,electricity,operating,4037.1215435251333,3081.7155521150644
own:9,35,electricity,operating,4048.9371512427592,3066.283955427929
own:9,36,electricity,operating,3929.817906773199,2952.53035820676
own:9,0,hosting,capital,0.0,0.0
own:9,1,hosting,operating,0.0,0.0
own:9,2,hosting,operating,0.0,0.0
own:9,3,hosting,operating,0.0,0.0
own:9,4,hosting,operating,0.0,0.0
own:9,5,hosting,operating,0.0,0.0
own:9,6,hosting,operating,0.0,0.0
own:9,7,hosting,operating,0.0,0.0
own:9,8,hosting,operating,0.0,0.0
own:9,9,hosting,operating,0.0,0.0
own:9,10,hosting,operating,0.0,0.0
own:9,11,hosting,operating,0.0,0.0
own:9,12,hosting,operating,0.0,0.0
own:9,13,hosting,operating,0.0,0.0
own:9,14,hosting,operating,0.0,0.0
own:9,15,hosting,operating,0.0,0.0
own:9,16,hosting,operating,0.0,0.0
own:9,17,hosting,operating,0.0,0.0
own:9,18,hosting,operating,0.0,0.0
own:9,19,hosting,operating,0.0,0.0
own:9,20,hosting,operating,0.0,0.0
own:9,21,hosting,operating,0.0,0.0
own:9,22,hosting,operating,0.0,0.0
own:9,23,hosting,operating,0.0,0.0
own:9,24,hosting,operating,0.0,0.0
own:9,25,hosting,operating,0.0,0.0
own:9,26,hosting,operating,0.0,0.0
own:9,27,hosting,operating,0.0,0.0
own:9,28,hosting,operating,0.0,0.0
own:9,29,hosting,operating,0.0,0.0
own:9,30,hosting,operating,0.0,0.0
own:9,31,hosting,operating,0.0,0.0
own:9,32,hosting,operating,0.0,0.0
own:9,33,hosting,operating,0.0,0.0
own:9,34,hosting,operating,0.0,0.0
own:9,35,hosting,operating,0.0,0.0
own:9,36,hosting,operating,0.0,0.0
own:9,0,exit,terminal,0.0,0.0
own:9,1,exit,terminal,0.0,0.0
own:9,2,exit,terminal,0.0,0.0
own:9,3,exit,terminal,0.0,0.0
own:9,4,exit,terminal,0.0,0.0
own:9,5,exit,terminal,0.0,0.0
own:9,6,exit,terminal,0.0,0.0
own:9,7,exit,terminal,0.0,0.0
own:9,8,exit,terminal,0.0,0.0
own:9,9,exit,terminal,0.0,0.0
own:9,10,exit,terminal,0.0,0.0
own:9,11,exit,terminal,0.0,0.0
own:9,12,exit,terminal,0.0,0.0
own:9,13,exit,terminal,0.0,0.0
own:9,14,exit,terminal,0.0,0.0
own:9,15,exit,terminal,0.0,0.0
own:9,16,exit,terminal,0.0,0.0
own:9,17,exit,terminal,0.0,0.0
own:9,18,exit,terminal,0.0,0.0
own:9,19,exit,terminal,0.0,0.0
own:9,20,exit,terminal,0.0,0.0
own:9,21,exit,terminal,0.0,0.0
own:9,22,exit,terminal,0.0,0.0
own:9,23,exit,terminal,0.0,0.0
own:9,24,exit,terminal,0.0,0.0
own:9,25,exit,terminal,0.0,0.0
own:9,26,exit,terminal,0.0,0.0
own:9,27,exit,terminal,0.0,0.0
own:9,28,exit,terminal,0.0,0.0
own:9,29,exit,terminal,0.0,0.0
own:9,30,exit,terminal,0.0,0.0
own:9,31,exit,terminal,0.0,0.0
own:9,32,exit,terminal,0.0,0.0
own:9,33,exit,terminal,0.0,0.0
own:9,34,exit,terminal,0.0,0.0
own:9,35,exit,terminal,0.0,0.0
own:9,36,exit,terminal,0.0,0.0
own:9,0,residual,terminal,0.0,0.0
own:9,1,residual,terminal,0.0,0.0
own:9,2,residual,terminal,0.0,0.0
own:9,3,residual,terminal,0.0,0.0
own:9,4,residual,terminal,0.0,0.0
own:9,5,residual,terminal,0.0,0.0
own:9,6,residual,terminal,0.0,0.0
own:9,7,residual,terminal,0.0,0.0
own:9,8,residual,terminal,0.0,0.0
own:9,9,residual,terminal,0.0,0.0
own:9,10,residual,terminal,0.0,0.0
own:9,11,residual,terminal,0.0,0.0
own:9,12,residual,terminal,0.0,0.0
own:9,13,residual,terminal,0.0,0.0
own:9,14,residual,terminal,0.0,0.0
own:9,15,residual,terminal,0.0,0.0
own:9,16,residual,terminal,0.0,0.0
own:9,17,residual,terminal,0.0,0.0
own:9,18,residual,terminal,0.0,0.0
own:9,19,residual,terminal,0.0,0.0
own:9,20,residual,terminal,0.0,0.0
own:9,21,residual,terminal,0.0,0.0
own:9,22,residual,terminal,0.0,0.0
own:9,23,residual,terminal,0.0,0.0
own:9,24,residual,terminal,0.0,0.0
own:9,25,residual,terminal,0.0,0.0
own:9,26,residual,terminal,0.0,0.0
own:9,27,residual,terminal,0.0,0.0
own:9,28,residual,terminal,0.0,0.0
own:9,29,residual,terminal,0.0,0.0
own:9,30,residual,terminal,0.0,0.0
own:9,31,residual,terminal,0.0,0.0
own:9,32,residual,terminal,0.0,0.0
own:9,33,residual,terminal,0.0,0.0
own:9,34,residual,terminal,0.0,0.0
own:9,35,residual,terminal,0.0,0.0
own:9,36,residual,terminal,0.0,0.0
own:10,0,on_demand,capital,0.0,0.0
own:10,1,on_demand,operating,0.0,0.0
own:10,2,on_demand,operating,0.0,0.0
own:10,3,on_demand,operating,0.0,0.0
own:10,4,on_demand,operating,0.0,0.0
own:10,5,on_demand,operating,0.0,0.0
own:10,6,on_demand,operating,0.0,0.0
own:10,7,on_demand,operating,0.0,0.0
own:10,8,on_demand,operating,0.0,0.0
own:10,9,on_demand,operating,0.0,0.0
own:10,10,on_demand,operating,0.0,0.0
own:10,11,on_demand,operating,0.0,0.0
own:10,12,on_demand,operating,0.0,0.0
own:10,13,on_demand,operating,0.0,0.0
own:10,14,on_demand,operating,0.0,0.0
own:10,15,on_demand,operating,0.0,0.0
own:10,16,on_demand,operating,0.0,0.0
own:10,17,on_demand,operating,0.0,0.0
own:10,18,on_demand,operating,0.0,0.0
own:10,19,on_demand,operating,0.0,0.0
own:10,20,on_demand,operating,0.0,0.0
own:10,21,on_demand,operating,0.0,0.0
own:10,22,on_demand,operating,0.0,0.0
own:10,23,on_demand,operating,0.0,0.0
own:10,24,on_demand,operating,0.0,0.0
own:10,25,on_demand,operating,0.0,0.0
own:10,26,on_demand,operating,0.0,0.0
own:10,27,on_demand,operating,0.0,0.0
own:10,28,on_demand,operating,0.0,0.0
own:10,29,on_demand,operating,0.0,0.0
own:10,30,on_demand,operating,0.0,0.0
own:10,31,on_demand,operating,0.0,0.0
own:10,32,on_demand,operating,0.0,0.0
own:10,33,on_demand,operating,0.0,0.0
own:10,34,on_demand,operating,0.0,0.0
own:10,35,on_demand,operating,0.0,0.0
own:10,36,on_demand,operating,0.0,0.0
own:10,0,variable_service,capital,0.0,0.0
own:10,1,variable_service,operating,0.0,0.0
own:10,2,variable_service,operating,0.0,0.0
own:10,3,variable_service,operating,0.0,0.0
own:10,4,variable_service,operating,0.0,0.0
own:10,5,variable_service,operating,0.0,0.0
own:10,6,variable_service,operating,0.0,0.0
own:10,7,variable_service,operating,0.0,0.0
own:10,8,variable_service,operating,0.0,0.0
own:10,9,variable_service,operating,0.0,0.0
own:10,10,variable_service,operating,0.0,0.0
own:10,11,variable_service,operating,0.0,0.0
own:10,12,variable_service,operating,0.0,0.0
own:10,13,variable_service,operating,0.0,0.0
own:10,14,variable_service,operating,0.0,0.0
own:10,15,variable_service,operating,0.0,0.0
own:10,16,variable_service,operating,0.0,0.0
own:10,17,variable_service,operating,0.0,0.0
own:10,18,variable_service,operating,0.0,0.0
own:10,19,variable_service,operating,0.0,0.0
own:10,20,variable_service,operating,0.0,0.0
own:10,21,variable_service,operating,0.0,0.0
own:10,22,variable_service,operating,0.0,0.0
own:10,23,variable_service,operating,0.0,0.0
own:10,24,variable_service,operating,0.0,0.0
own:10,25,variable_service,operating,0.0,0.0
own:10,26,variable_service,operating,0.0,0.0
own:10,27,variable_service,operating,0.0,0.0
own:10,28,variable_service,operating,0.0,0.0
own:10,29,variable_service,operating,0.0,0.0
own:10,30,variable_service,operating,0.0,0.0
own:10,31,variable_service,operating,0.0,0.0
own:10,32,variable_service,operating,0.0,0.0
own:10,33,variable_service,operating,0.0,0.0
own:10,34,variable_service,operating,0.0,0.0
own:10,35,variable_service,operating,0.0,0.0
own:10,36,variable_service,operating,0.0,0.0
own:10,0,node_acquisition,capital,4000000.0,4000000.0
own:10,1,node_acquisition,operating,0.0,0.0
own:10,2,node_acquisition,operating,0.0,0.0
own:10,3,node_acquisition,operating,0.0,0.0
own:10,4,node_acquisition,operating,0.0,0.0
own:10,5,node_acquisition,operating,0.0,0.0
own:10,6,node_acquisition,operating,0.0,0.0
own:10,7,node_acquisition,operating,0.0,0.0
own:10,8,node_acquisition,operating,0.0,0.0
own:10,9,node_acquisition,operating,0.0,0.0
own:10,10,node_acquisition,operating,0.0,0.0
own:10,11,node_acquisition,operating,0.0,0.0
own:10,12,node_acquisition,operating,0.0,0.0
own:10,13,node_acquisition,operating,0.0,0.0
own:10,14,node_acquisition,operating,0.0,0.0
own:10,15,node_acquisition,operating,0.0,0.0
own:10,16,node_acquisition,operating,0.0,0.0
own:10,17,node_acquisition,operating,0.0,0.0
own:10,18,node_acquisition,operating,0.0,0.0
own:10,19,node_acquisition,operating,0.0,0.0
own:10,20,node_acquisition,operating,0.0,0.0
own:10,21,node_acquisition,operating,0.0,0.0
own:10,22,node_acquisition,operating,0.0,0.0
own:10,23,node_acquisition,operating,0.0,0.0
own:10,24,node_acquisition,operating,0.0,0.0
own:10,25,node_acquisition,operating,0.0,0.0
own:10,26,node_acquisition,operating,0.0,0.0
own:10,27,node_acquisition,operating,0.0,0.0
own:10,28,node_acquisition,operating,0.0,0.0
own:10,29,node_acquisition,operating,0.0,0.0
own:10,30,node_acquisition,operating,0.0,0.0
own:10,31,node_acquisition,operating,0.0,0.0
own:10,32,node_acquisition,operating,0.0,0.0
own:10,33,node_acquisition,operating,0.0,0.0
own:10,34,node_acquisition,operating,0.0,0.0
own:10,35,node_acquisition,operating,0.0,0.0
own:10,36,node_acquisition,operating,0.0,0.0
own:10,0,installation,capital,50000.0,50000.0
own:10,1,installation,operating,0.0,0.0
own:10,2,installation,operating,0.0,0.0
own:10,3,installation,operating,0.0,0.0
own:10,4,installation,operating,0.0,0.0
own:10,5,installation,operating,0.0,0.0
own:10,6,installation,operating,0.0,0.0
own:10,7,installation,operating,0.0,0.0
own:10,8,installation,operating,0.0,0.0
own:10,9,installation,operating,0.0,0.0
own:10,10,installation,operating,0.0,0.0
own:10,11,installation,operating,0.0,0.0
own:10,12,installation,operating,0.0,0.0
own:10,13,installation,operating,0.0,0.0
own:10,14,installation,operating,0.0,0.0
own:10,15,installation,operating,0.0,0.0
own:10,16,installation,operating,0.0,0.0
own:10,17,installation,operating,0.0,0.0
own:10,18,installation,operating,0.0,0.0
own:10,19,installation,operating,0.0,0.0
own:10,20,installation,operating,0.0,0.0
own:10,21,installation,operating,0.0,0.0
own:10,22,installation,operating,0.0,0.0
own:10,23,installation,operating,0.0,0.0
own:10,24,installation,operating,0.0,0.0
own:10,25,installation,operating,0.0,0.0
own:10,26,installation,operating,0.0,0.0
own:10,27,installation,operating,0.0,0.0
own:10,28,installation,operating,0.0,0.0
own:10,29,installation,operating,0.0,0.0
own:10,30,installation,operating,0.0,0.0
own:10,31,installation,operating,0.0,0.0
own:10,32,installation,operating,0.0,0.0
own:10,33,installation,operating,0.0,0.0
own:10,34,installation,operating,0.0,0.0
own:10,35,installation,operating,0.0,0.0
own:10,36,installation,operating,0.0,0.0
own:10,0,network,capital,0.0,0.0
own:10,1,network,operating,0.0,0.0
own:10,2,network,operating,0.0,0.0
own:10,3,network,operating,0.0,0.0
own:10,4,network,operating,0.0,0.0
own:10,5,network,operating,0.0,0.0
own:10,6,network,operating,0.0,0.0
own:10,7,network,operating,0.0,0.0
own:10,8,network,operating,0.0,0.0
own:10,9,network,operating,0.0,0.0
own:10,10,network,operating,0.0,0.0
own:10,11,network,operating,0.0,0.0
own:10,12,network,operating,0.0,0.0
own:10,13,network,operating,0.0,0.0
own:10,14,network,operating,0.0,0.0
own:10,15,network,operating,0.0,0.0
own:10,16,network,operating,0.0,0.0
own:10,17,network,operating,0.0,0.0
own:10,18,network,operating,0.0,0.0
own:10,19,network,operating,0.0,0.0
own:10,20,network,operating,0.0,0.0
own:10,21,network,operating,0.0,0.0
own:10,22,network,operating,0.0,0.0
own:10,23,network,operating,0.0,0.0
own:10,24,network,operating,0.0,0.0
own:10,25,network,operating,0.0,0.0
own:10,26,network,operating,0.0,0.0
own:10,27,network,operating,0.0,0.0
own:10,28,network,operating,0.0,0.0
own:10,29,network,operating,0.0,0.0
own:10,30,network,operating,0.0,0.0
own:10,31,network,operating,0.0,0.0
own:10,32,network,operating,0.0,0.0
own:10,33,network,operating,0.0,0.0
own:10,34,network,operating,0.0,0.0
own:10,35,network,operating,0.0,0.0
own:10,36,network,operating,0.0,0.0
own:10,0,storage,capital,0.0,0.0
own:10,1,storage,operating,0.0,0.0
own:10,2,storage,operating,0.0,0.0
own:10,3,storage,operating,0.0,0.0
own:10,4,storage,operating,0.0,0.0
own:10,5,storage,operating,0.0,0.0
own:10,6,storage,operating,0.0,0.0
own:10,7,storage,operating,0.0,0.0
own:10,8,storage,operating,0.0,0.0
own:10,9,storage,operating,0.0,0.0
own:10,10,storage,operating,0.0,0.0
own:10,11,storage,operating,0.0,0.0
own:10,12,storage,operating,0.0,0.0
own:10,13,storage,operating,0.0,0.0
own:10,14,storage,operating,0.0,0.0
own:10,15,storage,operating,0.0,0.0
own:10,16,storage,operating,0.0,0.0
own:10,17,storage,operating,0.0,0.0
own:10,18,storage,operating,0.0,0.0
own:10,19,storage,operating,0.0,0.0
own:10,20,storage,operating,0.0,0.0
own:10,21,storage,operating,0.0,0.0
own:10,22,storage,operating,0.0,0.0
own:10,23,storage,operating,0.0,0.0
own:10,24,storage,operating,0.0,0.0
own:10,25,storage,operating,0.0,0.0
own:10,26,storage,operating,0.0,0.0
own:10,27,storage,operating,0.0,0.0
own:10,28,storage,operating,0.0,0.0
own:10,29,storage,operating,0.0,0.0
own:10,30,storage,operating,0.0,0.0
own:10,31,storage,operating,0.0,0.0
own:10,32,storage,operating,0.0,0.0
own:10,33,storage,operating,0.0,0.0
own:10,34,storage,operating,0.0,0.0
own:10,35,storage,operating,0.0,0.0
own:10,36,storage,operating,0.0,0.0
own:10,0,operations,capital,0.0,0.0
own:10,1,operations,operating,5333.333333333333,5291.141031717285
own:10,2,operations,operating,5333.333333333333,5249.282515785422
own:10,3,operations,operating,5333.333333333333,5207.755144940323
own:10,4,operations,operating,5333.333333333333,5166.556299474476
own:10,5,operations,operating,5333.333333333333,5125.6833804050275
own:10,6,operations,operating,5333.333333333333,5085.133809309825
own:10,7,operations,operating,5333.333333333333,5044.905028164757
own:10,8,operations,operating,5333.333333333333,5004.994499182386
own:10,9,operations,operating,5333.333333333333,4965.399704651854
own:10,10,operations,operating,5333.333333333333,4926.118146780059
own:10,11,operations,operating,5333.333333333333,4887.147347534078
own:10,12,operations,operating,5333.333333333333,4848.484848484848
own:10,13,operations,operating,5333.333333333333,4810.128210652077
own:10,14,operations,operating,5333.333333333333,4772.075014350384
own:10,15,operations,operating,5333.333333333333,4734.322859036657
own:10,16,operations,operating,5333.333333333333,4696.869363158614
own:10,17,operations,operating,5333.333333333333,4659.712164004571
own:10,18,operations,operating,5333.333333333333,4622.848917554386
own:10,19,operations,operating,5333.333333333333,4586.277298331597
own:10,20,operations,operating,5333.333333333333,4549.9949992567135
own:10,21,operations,operating,5333.333333333333,4513.999731501685
own:10,22,operations,operating,5333.333333333333,4478.289224345508
own:10,23,operations,operating,5333.333333333333,4442.86122503098
own:10,24,operations,operating,5333.333333333333,4407.713498622589
own:10,25,operations,operating,5333.333333333333,4372.843827865524
own:10,26,operations,operating,5333.333333333333,4338.250013045804
own:10,27,operations,operating,5333.333333333333,4303.929871851506
own:10,28,operations,operating,5333.333333333333,4269.881239235103
own:10,29,operations,operating,5333.333333333333,4236.101967276882
own:10,30,operations,operating,5333.333333333333,4202.589925049441
own:10,31,operations,operating,5333.333333333333,4169.342998483269
own:10,32,operations,operating,5333.333333333333,4136.359090233376
own:10,33,operations,operating,5333.333333333333,4103.636119546986
own:10,34,operations,operating,5333.333333333333,4071.17202213228
own:10,35,operations,operating,5333.333333333333,4038.964750028163
own:10,36,operations,operating,5333.333333333333,4007.01227147508
own:10,0,precommission,capital,0.0,0.0
own:10,1,precommission,operating,0.0,0.0
own:10,2,precommission,operating,0.0,0.0
own:10,3,precommission,operating,0.0,0.0
own:10,4,precommission,operating,0.0,0.0
own:10,5,precommission,operating,0.0,0.0
own:10,6,precommission,operating,0.0,0.0
own:10,7,precommission,operating,0.0,0.0
own:10,8,precommission,operating,0.0,0.0
own:10,9,precommission,operating,0.0,0.0
own:10,10,precommission,operating,0.0,0.0
own:10,11,precommission,operating,0.0,0.0
own:10,12,precommission,operating,0.0,0.0
own:10,13,precommission,operating,0.0,0.0
own:10,14,precommission,operating,0.0,0.0
own:10,15,precommission,operating,0.0,0.0
own:10,16,precommission,operating,0.0,0.0
own:10,17,precommission,operating,0.0,0.0
own:10,18,precommission,operating,0.0,0.0
own:10,19,precommission,operating,0.0,0.0
own:10,20,precommission,operating,0.0,0.0
own:10,21,precommission,operating,0.0,0.0
own:10,22,precommission,operating,0.0,0.0
own:10,23,precommission,operating,0.0,0.0
own:10,24,precommission,operating,0.0,0.0
own:10,25,precommission,operating,0.0,0.0
own:10,26,precommission,operating,0.0,0.0
own:10,27,precommission,operating,0.0,0.0
own:10,28,precommission,operating,0.0,0.0
own:10,29,precommission,operating,0.0,0.0
own:10,30,precommission,operating,0.0,0.0
own:10,31,precommission,operating,0.0,0.0
own:10,32,precommission,operating,0.0,0.0
own:10,33,precommission,operating,0.0,0.0
own:10,34,precommission,operating,0.0,0.0
own:10,35,precommission,operating,0.0,0.0
own:10,36,precommission,operating,0.0,0.0
own:10,0,electricity,capital,0.0,0.0
own:10,1,electricity,operating,5868.999639294592,5822.569651238543
own:10,2,electricity,operating,5699.075455636515,5609.260714765237
own:10,3,electricity,operating,5909.18986067852,5770.0526061333285
own:10,4,electricity,operating,5929.435809981912,5744.018238073423
own:10,5,electricity,operating,5373.997538480355,5164.764350498678
own:10,6,electricity,operating,5970.231903976979,5692.3927695625325
own:10,7,electricity,operating,3798.765998466225,3593.32756621567
own:10,8,electricity,operating,3935.7184894071747,3693.4217605899976
own:10,9,electricity,operating,3818.8036276008493,3555.353700864879
own:10,10,electricity,operating,3956.527567263481,3654.435421374787
own:10,11,electricity,operating,3967.010205099798,3635.1306377801434
own:10,12,electricity,operating,3849.237344637384,3499.306676943076
own:10,13,electricity,operating,3988.132982405923,3596.8933062192627
own:10,14,electricity,operating,3869.7809490173736,3462.5409333402986
own:10,15,electricity,operating,4009.467515554542,3559.146320897771
own:10,16,electricity,operating,4020.214853132314,3540.4544956860705
own:10,17,electricity,operating,3770.9503836948807,3294.6643823926383
own:10,18,electricity,operating,4041.871007034965,3503.4298143311335
own:10,19,electricity,operating,3922.0455116807807,3372.6728049834182
own:10,20,electricity,operating,4063.7442638804905,3466.8780147964476
own:10,21,electricity,operating,3943.31901793538,3337.526435284837
own:10,22,electricity,operating,4085.836800125892,3430.792296457146
own:10,23,electricity,operating,4096.96598412652,3412.9221208399886
own:10,24,electricity,operating,3975.6298200456326,3285.6444793765554
own:10,25,electricity,operating,4119.391568117389,3377.522998725639
own:10,26,electricity,operating,3997.440508991589,3251.6055638029848
own:10,27,electricity,operating,4142.041968587765,3342.5734048251556
own:10,28,electricity,operating,4153.4521784307035,3325.2651627640184
own:10,29,electricity,operating,3761.862719388387,2987.9313874175077
own:10,30,electricity,operating,4176.444036519471,3290.977805701791
own:10,31,electricity,operating,4052.9286355181307,3168.3843055968505
own:10,32,electricity,operating,4199.666387985579,3257.124044979697
own:10,33,electricity,operating,4075.5142450892,3135.8301491018083
own:10,34,electricity,operating,4223.121543525133,3223.6976763869275
own:10,35,electricity,operating,4234.93715124276,3207.1428510851615
own:10,36,electricity,operating,4109.817906773199,3087.7670223690443
own:10,0,hosting,capital,0.0,0.0
own:10,1,hosting,operating,0.0,0.0
own:10,2,hosting,operating,0.0,0.0
own:10,3,hosting,operating,0.0,0.0
own:10,4,hosting,operating,0.0,0.0
own:10,5,hosting,operating,0.0,0.0
own:10,6,hosting,operating,0.0,0.0
own:10,7,hosting,operating,0.0,0.0
own:10,8,hosting,operating,0.0,0.0
own:10,9,hosting,operating,0.0,0.0
own:10,10,hosting,operating,0.0,0.0
own:10,11,hosting,operating,0.0,0.0
own:10,12,hosting,operating,0.0,0.0
own:10,13,hosting,operating,0.0,0.0
own:10,14,hosting,operating,0.0,0.0
own:10,15,hosting,operating,0.0,0.0
own:10,16,hosting,operating,0.0,0.0
own:10,17,hosting,operating,0.0,0.0
own:10,18,hosting,operating,0.0,0.0
own:10,19,hosting,operating,0.0,0.0
own:10,20,hosting,operating,0.0,0.0
own:10,21,hosting,operating,0.0,0.0
own:10,22,hosting,operating,0.0,0.0
own:10,23,hosting,operating,0.0,0.0
own:10,24,hosting,operating,0.0,0.0
own:10,25,hosting,operating,0.0,0.0
own:10,26,hosting,operating,0.0,0.0
own:10,27,hosting,operating,0.0,0.0
own:10,28,hosting,operating,0.0,0.0
own:10,29,hosting,operating,0.0,0.0
own:10,30,hosting,operating,0.0,0.0
own:10,31,hosting,operating,0.0,0.0
own:10,32,hosting,operating,0.0,0.0
own:10,33,hosting,operating,0.0,0.0
own:10,34,hosting,operating,0.0,0.0
own:10,35,hosting,operating,0.0,0.0
own:10,36,hosting,operating,0.0,0.0
own:10,0,exit,terminal,0.0,0.0
own:10,1,exit,terminal,0.0,0.0
own:10,2,exit,terminal,0.0,0.0
own:10,3,exit,terminal,0.0,0.0
own:10,4,exit,terminal,0.0,0.0
own:10,5,exit,terminal,0.0,0.0
own:10,6,exit,terminal,0.0,0.0
own:10,7,exit,terminal,0.0,0.0
own:10,8,exit,terminal,0.0,0.0
own:10,9,exit,terminal,0.0,0.0
own:10,10,exit,terminal,0.0,0.0
own:10,11,exit,terminal,0.0,0.0
own:10,12,exit,terminal,0.0,0.0
own:10,13,exit,terminal,0.0,0.0
own:10,14,exit,terminal,0.0,0.0
own:10,15,exit,terminal,0.0,0.0
own:10,16,exit,terminal,0.0,0.0
own:10,17,exit,terminal,0.0,0.0
own:10,18,exit,terminal,0.0,0.0
own:10,19,exit,terminal,0.0,0.0
own:10,20,exit,terminal,0.0,0.0
own:10,21,exit,terminal,0.0,0.0
own:10,22,exit,terminal,0.0,0.0
own:10,23,exit,terminal,0.0,0.0
own:10,24,exit,terminal,0.0,0.0
own:10,25,exit,terminal,0.0,0.0
own:10,26,exit,terminal,0.0,0.0
own:10,27,exit,terminal,0.0,0.0
own:10,28,exit,terminal,0.0,0.0
own:10,29,exit,terminal,0.0,0.0
own:10,30,exit,terminal,0.0,0.0
own:10,31,exit,terminal,0.0,0.0
own:10,32,exit,terminal,0.0,0.0
own:10,33,exit,terminal,0.0,0.0
own:10,34,exit,terminal,0.0,0.0
own:10,35,exit,terminal,0.0,0.0
own:10,36,exit,terminal,0.0,0.0
own:10,0,residual,terminal,0.0,0.0
own:10,1,residual,terminal,0.0,0.0
own:10,2,residual,terminal,0.0,0.0
own:10,3,residual,terminal,0.0,0.0
own:10,4,residual,terminal,0.0,0.0
own:10,5,residual,terminal,0.0,0.0
own:10,6,residual,terminal,0.0,0.0
own:10,7,residual,terminal,0.0,0.0
own:10,8,residual,terminal,0.0,0.0
own:10,9,residual,terminal,0.0,0.0
own:10,10,residual,terminal,0.0,0.0
own:10,11,residual,terminal,0.0,0.0
own:10,12,residual,terminal,0.0,0.0
own:10,13,residual,terminal,0.0,0.0
own:10,14,residual,terminal,0.0,0.0
own:10,15,residual,terminal,0.0,0.0
own:10,16,residual,terminal,0.0,0.0
own:10,17,residual,terminal,0.0,0.0
own:10,18,residual,terminal,0.0,0.0
own:10,19,residual,terminal,0.0,0.0
own:10,20,residual,terminal,0.0,0.0
own:10,21,residual,terminal,0.0,0.0
own:10,22,residual,terminal,0.0,0.0
own:10,23,residual,terminal,0.0,0.0
own:10,24,residual,terminal,0.0,0.0
own:10,25,residual,terminal,0.0,0.0
own:10,26,residual,terminal,0.0,0.0
own:10,27,residual,terminal,0.0,0.0
own:10,28,residual,terminal,0.0,0.0
own:10,29,residual,terminal,0.0,0.0
own:10,30,residual,terminal,0.0,0.0
own:10,31,residual,terminal,0.0,0.0
own:10,32,residual,terminal,0.0,0.0
own:10,33,residual,terminal,0.0,0.0
own:10,34,residual,terminal,0.0,0.0
own:10,35,residual,terminal,0.0,0.0
own:10,36,residual,terminal,0.0,0.0
own:11,0,on_demand,capital,0.0,0.0
own:11,1,on_demand,operating,0.0,0.0
own:11,2,on_demand,operating,0.0,0.0
own:11,3,on_demand,operating,0.0,0.0
own:11,4,on_demand,operating,0.0,0.0
own:11,5,on_demand,operating,0.0,0.0
own:11,6,on_demand,operating,0.0,0.0
own:11,7,on_demand,operating,0.0,0.0
own:11,8,on_demand,operating,0.0,0.0
own:11,9,on_demand,operating,0.0,0.0
own:11,10,on_demand,operating,0.0,0.0
own:11,11,on_demand,operating,0.0,0.0
own:11,12,on_demand,operating,0.0,0.0
own:11,13,on_demand,operating,0.0,0.0
own:11,14,on_demand,operating,0.0,0.0
own:11,15,on_demand,operating,0.0,0.0
own:11,16,on_demand,operating,0.0,0.0
own:11,17,on_demand,operating,0.0,0.0
own:11,18,on_demand,operating,0.0,0.0
own:11,19,on_demand,operating,0.0,0.0
own:11,20,on_demand,operating,0.0,0.0
own:11,21,on_demand,operating,0.0,0.0
own:11,22,on_demand,operating,0.0,0.0
own:11,23,on_demand,operating,0.0,0.0
own:11,24,on_demand,operating,0.0,0.0
own:11,25,on_demand,operating,0.0,0.0
own:11,26,on_demand,operating,0.0,0.0
own:11,27,on_demand,operating,0.0,0.0
own:11,28,on_demand,operating,0.0,0.0
own:11,29,on_demand,operating,0.0,0.0
own:11,30,on_demand,operating,0.0,0.0
own:11,31,on_demand,operating,0.0,0.0
own:11,32,on_demand,operating,0.0,0.0
own:11,33,on_demand,operating,0.0,0.0
own:11,34,on_demand,operating,0.0,0.0
own:11,35,on_demand,operating,0.0,0.0
own:11,36,on_demand,operating,0.0,0.0
own:11,0,variable_service,capital,0.0,0.0
own:11,1,variable_service,operating,0.0,0.0
own:11,2,variable_service,operating,0.0,0.0
own:11,3,variable_service,operating,0.0,0.0
own:11,4,variable_service,operating,0.0,0.0
own:11,5,variable_service,operating,0.0,0.0
own:11,6,variable_service,operating,0.0,0.0
own:11,7,variable_service,operating,0.0,0.0
own:11,8,variable_service,operating,0.0,0.0
own:11,9,variable_service,operating,0.0,0.0
own:11,10,variable_service,operating,0.0,0.0
own:11,11,variable_service,operating,0.0,0.0
own:11,12,variable_service,operating,0.0,0.0
own:11,13,variable_service,operating,0.0,0.0
own:11,14,variable_service,operating,0.0,0.0
own:11,15,variable_service,operating,0.0,0.0
own:11,16,variable_service,operating,0.0,0.0
own:11,17,variable_service,operating,0.0,0.0
own:11,18,variable_service,operating,0.0,0.0
own:11,19,variable_service,operating,0.0,0.0
own:11,20,variable_service,operating,0.0,0.0
own:11,21,variable_service,operating,0.0,0.0
own:11,22,variable_service,operating,0.0,0.0
own:11,23,variable_service,operating,0.0,0.0
own:11,24,variable_service,operating,0.0,0.0
own:11,25,variable_service,operating,0.0,0.0
own:11,26,variable_service,operating,0.0,0.0
own:11,27,variable_service,operating,0.0,0.0
own:11,28,variable_service,operating,0.0,0.0
own:11,29,variable_service,operating,0.0,0.0
own:11,30,variable_service,operating,0.0,0.0
own:11,31,variable_service,operating,0.0,0.0
own:11,32,variable_service,operating,0.0,0.0
own:11,33,variable_service,operating,0.0,0.0
own:11,34,variable_service,operating,0.0,0.0
own:11,35,variable_service,operating,0.0,0.0
own:11,36,variable_service,operating,0.0,0.0
own:11,0,node_acquisition,capital,4400000.0,4400000.0
own:11,1,node_acquisition,operating,0.0,0.0
own:11,2,node_acquisition,operating,0.0,0.0
own:11,3,node_acquisition,operating,0.0,0.0
own:11,4,node_acquisition,operating,0.0,0.0
own:11,5,node_acquisition,operating,0.0,0.0
own:11,6,node_acquisition,operating,0.0,0.0
own:11,7,node_acquisition,operating,0.0,0.0
own:11,8,node_acquisition,operating,0.0,0.0
own:11,9,node_acquisition,operating,0.0,0.0
own:11,10,node_acquisition,operating,0.0,0.0
own:11,11,node_acquisition,operating,0.0,0.0
own:11,12,node_acquisition,operating,0.0,0.0
own:11,13,node_acquisition,operating,0.0,0.0
own:11,14,node_acquisition,operating,0.0,0.0
own:11,15,node_acquisition,operating,0.0,0.0
own:11,16,node_acquisition,operating,0.0,0.0
own:11,17,node_acquisition,operating,0.0,0.0
own:11,18,node_acquisition,operating,0.0,0.0
own:11,19,node_acquisition,operating,0.0,0.0
own:11,20,node_acquisition,operating,0.0,0.0
own:11,21,node_acquisition,operating,0.0,0.0
own:11,22,node_acquisition,operating,0.0,0.0
own:11,23,node_acquisition,operating,0.0,0.0
own:11,24,node_acquisition,operating,0.0,0.0
own:11,25,node_acquisition,operating,0.0,0.0
own:11,26,node_acquisition,operating,0.0,0.0
own:11,27,node_acquisition,operating,0.0,0.0
own:11,28,node_acquisition,operating,0.0,0.0
own:11,29,node_acquisition,operating,0.0,0.0
own:11,30,node_acquisition,operating,0.0,0.0
own:11,31,node_acquisition,operating,0.0,0.0
own:11,32,node_acquisition,operating,0.0,0.0
own:11,33,node_acquisition,operating,0.0,0.0
own:11,34,node_acquisition,operating,0.0,0.0
own:11,35,node_acquisition,operating,0.0,0.0
own:11,36,node_acquisition,operating,0.0,0.0
own:11,0,installation,capital,50000.0,50000.0
own:11,1,installation,operating,0.0,0.0
own:11,2,installation,operating,0.0,0.0
own:11,3,installation,operating,0.0,0.0
own:11,4,installation,operating,0.0,0.0
own:11,5,installation,operating,0.0,0.0
own:11,6,installation,operating,0.0,0.0
own:11,7,installation,operating,0.0,0.0
own:11,8,installation,operating,0.0,0.0
own:11,9,installation,operating,0.0,0.0
own:11,10,installation,operating,0.0,0.0
own:11,11,installation,operating,0.0,0.0
own:11,12,installation,operating,0.0,0.0
own:11,13,installation,operating,0.0,0.0
own:11,14,installation,operating,0.0,0.0
own:11,15,installation,operating,0.0,0.0
own:11,16,installation,operating,0.0,0.0
own:11,17,installation,operating,0.0,0.0
own:11,18,installation,operating,0.0,0.0
own:11,19,installation,operating,0.0,0.0
own:11,20,installation,operating,0.0,0.0
own:11,21,installation,operating,0.0,0.0
own:11,22,installation,operating,0.0,0.0
own:11,23,installation,operating,0.0,0.0
own:11,24,installation,operating,0.0,0.0
own:11,25,installation,operating,0.0,0.0
own:11,26,installation,operating,0.0,0.0
own:11,27,installation,operating,0.0,0.0
own:11,28,installation,operating,0.0,0.0
own:11,29,installation,operating,0.0,0.0
own:11,30,installation,operating,0.0,0.0
own:11,31,installation,operating,0.0,0.0
own:11,32,installation,operating,0.0,0.0
own:11,33,installation,operating,0.0,0.0
own:11,34,installation,operating,0.0,0.0
own:11,35,installation,operating,0.0,0.0
own:11,36,installation,operating,0.0,0.0
own:11,0,network,capital,0.0,0.0
own:11,1,network,operating,0.0,0.0
own:11,2,network,operating,0.0,0.0
own:11,3,network,operating,0.0,0.0
own:11,4,network,operating,0.0,0.0
own:11,5,network,operating,0.0,0.0
own:11,6,network,operating,0.0,0.0
own:11,7,network,operating,0.0,0.0
own:11,8,network,operating,0.0,0.0
own:11,9,network,operating,0.0,0.0
own:11,10,network,operating,0.0,0.0
own:11,11,network,operating,0.0,0.0
own:11,12,network,operating,0.0,0.0
own:11,13,network,operating,0.0,0.0
own:11,14,network,operating,0.0,0.0
own:11,15,network,operating,0.0,0.0
own:11,16,network,operating,0.0,0.0
own:11,17,network,operating,0.0,0.0
own:11,18,network,operating,0.0,0.0
own:11,19,network,operating,0.0,0.0
own:11,20,network,operating,0.0,0.0
own:11,21,network,operating,0.0,0.0
own:11,22,network,operating,0.0,0.0
own:11,23,network,operating,0.0,0.0
own:11,24,network,operating,0.0,0.0
own:11,25,network,operating,0.0,0.0
own:11,26,network,operating,0.0,0.0
own:11,27,network,operating,0.0,0.0
own:11,28,network,operating,0.0,0.0
own:11,29,network,operating,0.0,0.0
own:11,30,network,operating,0.0,0.0
own:11,31,network,operating,0.0,0.0
own:11,32,network,operating,0.0,0.0
own:11,33,network,operating,0.0,0.0
own:11,34,network,operating,0.0,0.0
own:11,35,network,operating,0.0,0.0
own:11,36,network,operating,0.0,0.0
own:11,0,storage,capital,0.0,0.0
own:11,1,storage,operating,0.0,0.0
own:11,2,storage,operating,0.0,0.0
own:11,3,storage,operating,0.0,0.0
own:11,4,storage,operating,0.0,0.0
own:11,5,storage,operating,0.0,0.0
own:11,6,storage,operating,0.0,0.0
own:11,7,storage,operating,0.0,0.0
own:11,8,storage,operating,0.0,0.0
own:11,9,storage,operating,0.0,0.0
own:11,10,storage,operating,0.0,0.0
own:11,11,storage,operating,0.0,0.0
own:11,12,storage,operating,0.0,0.0
own:11,13,storage,operating,0.0,0.0
own:11,14,storage,operating,0.0,0.0
own:11,15,storage,operating,0.0,0.0
own:11,16,storage,operating,0.0,0.0
own:11,17,storage,operating,0.0,0.0
own:11,18,storage,operating,0.0,0.0
own:11,19,storage,operating,0.0,0.0
own:11,20,storage,operating,0.0,0.0
own:11,21,storage,operating,0.0,0.0
own:11,22,storage,operating,0.0,0.0
own:11,23,storage,operating,0.0,0.0
own:11,24,storage,operating,0.0,0.0
own:11,25,storage,operating,0.0,0.0
own:11,26,storage,operating,0.0,0.0
own:11,27,storage,operating,0.0,0.0
own:11,28,storage,operating,0.0,0.0
own:11,29,storage,operating,0.0,0.0
own:11,30,storage,operating,0.0,0.0
own:11,31,storage,operating,0.0,0.0
own:11,32,storage,operating,0.0,0.0
own:11,33,storage,operating,0.0,0.0
own:11,34,storage,operating,0.0,0.0
own:11,35,storage,operating,0.0,0.0
own:11,36,storage,operating,0.0,0.0
own:11,0,operations,capital,0.0,0.0
own:11,1,operations,operating,5666.666666666667,5621.837346199615
own:11,2,operations,operating,5666.666666666667,5577.362673022012
own:11,3,operations,operating,5666.666666666667,5533.239841499093
own:11,4,operations,operating,5666.666666666667,5489.466068191631
own:11,5,operations,operating,5666.666666666667,5446.0385916803425
own:11,6,operations,operating,5666.666666666667,5402.954672391689
own:11,7,operations,operating,5666.666666666667,5360.211592425055
own:11,8,operations,operating,5666.666666666667,5317.806655381285
own:11,9,operations,operating,5666.666666666667,5275.737186192596
own:11,10,operations,operating,5666.666666666667,5234.000530953814
own:11,11,operations,operating,5666.666666666667,5192.594056754959
own:11,12,operations,operating,5666.666666666667,5151.515151515152
own:11,13,operations,operating,5666.666666666667,5110.761223817833
own:11,14,operations,operating,5666.666666666667,5070.329702747283
own:11,15,operations,operating,5666.666666666667,5030.2180377264485
own:11,16,operations,operating,5666.666666666667,4990.423698356028
own:11,17,operations,operating,5666.666666666667,4950.944174254857
own:11,18,operations,operating,5666.666666666667,4911.776974901536
own:11,19,operations,operating,5666.666666666667,4872.919629477323
own:11,20,operations,operating,5666.666666666667,4834.369686710259
own:11,21,operations,operating,5666.666666666667,4796.124714720541
own:11,22,operations,operating,5666.666666666667,4758.182300867103
own:11,23,operations,operating,5666.666666666667,4720.540051595416
own:11,24,operations,operating,5666.666666666667,4683.195592286501
own:11,25,operations,operating,5666.666666666667,4646.146567107119
own:11,26,operations,operating,5666.666666666667,4609.390638861167
own:11,27,operations,operating,5666.666666666667,4572.925488842225
own:11,28,operations,operating,5666.666666666667,4536.748816687297
own:11,29,operations,operating,5666.666666666667,4500.858340231688
own:11,30,operations,operating,5666.666666666667,4465.251795365032
own:11,31,operations,operating,5666.666666666667,4429.926935888474
own:11,32,operations,operating,5666.666666666667,4394.881533372963
own:11,33,operations,operating,5666.666666666667,4360.113377018673
own:11,34,operations,operating,5666.666666666667,4325.6202735155475
own:11,35,operations,operating,5666.666666666667,4291.400046904924
own:11,36,operations,operating,5666.666666666667,4257.450538442273
own:11,0,precommission,capital,0.0,0.0
own:11,1,precommission,operating,0.0,0.0
own:11,2,precommission,operating,0.0,0.0
own:11,3,precommission,operating,0.0,0.0
own:11,4,precommission,operating,0.0,0.0
own:11,5,precommission,operating,0.0,0.0
own:11,6,precommission,operating,0.0,0.0
own:11,7,precommission,operating,0.0,0.0
own:11,8,precommission,operating,0.0,0.0
own:11,9,precommission,operating,0.0,0.0
own:11,10,precommission,operating,0.0,0.0
own:11,11,precommission,operating,0.0,0.0
own:11,12,precommission,operating,0.0,0.0
own:11,13,precommission,operating,0.0,0.0
own:11,14,precommission,operating,0.0,0.0
own:11,15,precommission,operating,0.0,0.0
own:11,16,precommission,operating,0.0,0.0
own:11,17,precommission,operating,0.0,0.0
own:11,18,precommission,operating,0.0,0.0
own:11,19,precommission,operating,0.0,0.0
own:11,20,precommission,operating,0.0,0.0
own:11,21,precommission,operating,0.0,0.0
own:11,22,precommission,operating,0.0,0.0
own:11,23,precommission,operating,0.0,0.0
own:11,24,precommission,operating,0.0,0.0
own:11,25,precommission,operating,0.0,0.0
own:11,26,precommission,operating,0.0,0.0
own:11,27,precommission,operating,0.0,0.0
own:11,28,precommission,operating,0.0,0.0
own:11,29,precommission,operating,0.0,0.0
own:11,30,precommission,operating,0.0,0.0
own:11,31,precommission,operating,0.0,0.0
own:11,32,precommission,operating,0.0,0.0
own:11,33,precommission,operating,0.0,0.0
own:11,34,precommission,operating,0.0,0.0
own:11,35,precommission,operating,0.0,0.0
own:11,36,precommission,operating,0.0,0.0
own:11,0,electricity,capital,0.0,0.0
own:11,1,electricity,operating,6054.999639294592,6007.098194719683
own:11,2,electricity,operating,5879.075455636515,5786.423999672996
own:11,3,electricity,operating,6095.18986067852,5951.673066813122
own:11,4,electricity,operating,6115.435809981912,5924.201889017595
own:11,5,electricity,operating,5541.997538480355,5326.223376981437
own:11,6,electricity,operating,6156.231903976979,5869.736811162213
own:11,7,electricity,operating,3978.765998466225,3763.59311091623
own:11,8,electricity,operating,4121.718489407175,3867.9709437489837
own:11,9,electricity,operating,3998.8036276008493,3722.9359408968794
own:11,10,electricity,operating,4142.527567263481,3826.233791743741
own:11,11,electricity,operating,4153.0102050997975,3805.569901525394
own:11,12,electricity,operating,4029.237344637384,3662.94304057944
own:11,13,electricity,operating,4174.132982405923,3764.646527565754
own:11,14,electricity,operating,4049.7809490173736,3623.5984650746236
own:11,15,electricity,operating,4195.467515554542,3724.255830606675
own:11,16,electricity,operating,4206.214853132315,3704.2578147262275
own:11,17,electricity,operating,3944.9503836948807,3446.6874917432874
own:11,18,electricity,operating,4227.871007034964,3664.651670330842
own:11,19,electricity,operating,4102.045511680781,3527.45966380211
own:11,20,electricity,operating,4249.7442638804905,3625.559090395526
own:11,21,electricity,operating,4123.31901793538,3489.8739262230188
own:11,22,electricity,operating,4271.836800125892,3586.9726331561965
own:11,23,electricity,operating,4282.96598412652,3567.866906062944
own:11,24,electricity,operating,4155.629820045632,3434.404809955068
own:11,25,electricity,operating,4305.391568117389,3530.0259272224494
own:11,26,electricity,operating,4177.440508991589,3398.0215017432806
own:11,27,electricity,operating,4328.041968587765,3492.672959105977
own:11,28,electricity,operating,4339.4521784307035,3474.1772709823426
own:11,29,electricity,operating,3929.862719388387,3121.36859938673
own:11,30,electricity,operating,4362.444036519471,3437.5431293378906
own:11,31,electricity,operating,4232.928635518131,3309.0996317956615
own:11,32,electricity,operating,4385.666387985579,3401.379568251586
own:11,33,electricity,operating,4255.514245089201,3274.32786813652
own:11,34,electricity,operating,4409.121543525133,3365.6798006587906
own:11,35,electricity,operating,4420.93715124276,3348.001746742394
own:11,36,electricity,operating,4289.817906773199,3223.003686531328
own:11,0,hosting,capital,0.0,0.0
own:11,1,hosting,operating,0.0,0.0
own:11,2,hosting,operating,0.0,0.0
own:11,3,hosting,operating,0.0,0.0
own:11,4,hosting,operating,0.0,0.0
own:11,5,hosting,operating,0.0,0.0
own:11,6,hosting,operating,0.0,0.0
own:11,7,hosting,operating,0.0,0.0
own:11,8,hosting,operating,0.0,0.0
own:11,9,hosting,operating,0.0,0.0
own:11,10,hosting,operating,0.0,0.0
own:11,11,hosting,operating,0.0,0.0
own:11,12,hosting,operating,0.0,0.0
own:11,13,hosting,operating,0.0,0.0
own:11,14,hosting,operating,0.0,0.0
own:11,15,hosting,operating,0.0,0.0
own:11,16,hosting,operating,0.0,0.0
own:11,17,hosting,operating,0.0,0.0
own:11,18,hosting,operating,0.0,0.0
own:11,19,hosting,operating,0.0,0.0
own:11,20,hosting,operating,0.0,0.0
own:11,21,hosting,operating,0.0,0.0
own:11,22,hosting,operating,0.0,0.0
own:11,23,hosting,operating,0.0,0.0
own:11,24,hosting,operating,0.0,0.0
own:11,25,hosting,operating,0.0,0.0
own:11,26,hosting,operating,0.0,0.0
own:11,27,hosting,operating,0.0,0.0
own:11,28,hosting,operating,0.0,0.0
own:11,29,hosting,operating,0.0,0.0
own:11,30,hosting,operating,0.0,0.0
own:11,31,hosting,operating,0.0,0.0
own:11,32,hosting,operating,0.0,0.0
own:11,33,hosting,operating,0.0,0.0
own:11,34,hosting,operating,0.0,0.0
own:11,35,hosting,operating,0.0,0.0
own:11,36,hosting,operating,0.0,0.0
own:11,0,exit,terminal,0.0,0.0
own:11,1,exit,terminal,0.0,0.0
own:11,2,exit,terminal,0.0,0.0
own:11,3,exit,terminal,0.0,0.0
own:11,4,exit,terminal,0.0,0.0
own:11,5,exit,terminal,0.0,0.0
own:11,6,exit,terminal,0.0,0.0
own:11,7,exit,terminal,0.0,0.0
own:11,8,exit,terminal,0.0,0.0
own:11,9,exit,terminal,0.0,0.0
own:11,10,exit,terminal,0.0,0.0
own:11,11,exit,terminal,0.0,0.0
own:11,12,exit,terminal,0.0,0.0
own:11,13,exit,terminal,0.0,0.0
own:11,14,exit,terminal,0.0,0.0
own:11,15,exit,terminal,0.0,0.0
own:11,16,exit,terminal,0.0,0.0
own:11,17,exit,terminal,0.0,0.0
own:11,18,exit,terminal,0.0,0.0
own:11,19,exit,terminal,0.0,0.0
own:11,20,exit,terminal,0.0,0.0
own:11,21,exit,terminal,0.0,0.0
own:11,22,exit,terminal,0.0,0.0
own:11,23,exit,terminal,0.0,0.0
own:11,24,exit,terminal,0.0,0.0
own:11,25,exit,terminal,0.0,0.0
own:11,26,exit,terminal,0.0,0.0
own:11,27,exit,terminal,0.0,0.0
own:11,28,exit,terminal,0.0,0.0
own:11,29,exit,terminal,0.0,0.0
own:11,30,exit,terminal,0.0,0.0
own:11,31,exit,terminal,0.0,0.0
own:11,32,exit,terminal,0.0,0.0
own:11,33,exit,terminal,0.0,0.0
own:11,34,exit,terminal,0.0,0.0
own:11,35,exit,terminal,0.0,0.0
own:11,36,exit,terminal,0.0,0.0
own:11,0,residual,terminal,0.0,0.0
own:11,1,residual,terminal,0.0,0.0
own:11,2,residual,terminal,0.0,0.0
own:11,3,residual,terminal,0.0,0.0
own:11,4,residual,terminal,0.0,0.0
own:11,5,residual,terminal,0.0,0.0
own:11,6,residual,terminal,0.0,0.0
own:11,7,residual,terminal,0.0,0.0
own:11,8,residual,terminal,0.0,0.0
own:11,9,residual,terminal,0.0,0.0
own:11,10,residual,terminal,0.0,0.0
own:11,11,residual,terminal,0.0,0.0
own:11,12,residual,terminal,0.0,0.0
own:11,13,residual,terminal,0.0,0.0
own:11,14,residual,terminal,0.0,0.0
own:11,15,residual,terminal,0.0,0.0
own:11,16,residual,terminal,0.0,0.0
own:11,17,residual,terminal,0.0,0.0
own:11,18,residual,terminal,0.0,0.0
own:11,19,residual,terminal,0.0,0.0
own:11,20,residual,terminal,0.0,0.0
own:11,21,residual,terminal,0.0,0.0
own:11,22,residual,terminal,0.0,0.0
own:11,23,residual,terminal,0.0,0.0
own:11,24,residual,terminal,0.0,0.0
own:11,25,residual,terminal,0.0,0.0
own:11,26,residual,terminal,0.0,0.0
own:11,27,residual,terminal,0.0,0.0
own:11,28,residual,terminal,0.0,0.0
own:11,29,residual,terminal,0.0,0.0
own:11,30,residual,terminal,0.0,0.0
own:11,31,residual,terminal,0.0,0.0
own:11,32,residual,terminal,0.0,0.0
own:11,33,residual,terminal,0.0,0.0
own:11,34,residual,terminal,0.0,0.0
own:11,35,residual,terminal,0.0,0.0
own:11,36,residual,terminal,0.0,0.0
own:12,0,on_demand,capital,0.0,0.0
own:12,1,on_demand,operating,0.0,0.0
own:12,2,on_demand,operating,0.0,0.0
own:12,3,on_demand,operating,0.0,0.0
own:12,4,on_demand,operating,0.0,0.0
own:12,5,on_demand,operating,0.0,0.0
own:12,6,on_demand,operating,0.0,0.0
own:12,7,on_demand,operating,0.0,0.0
own:12,8,on_demand,operating,0.0,0.0
own:12,9,on_demand,operating,0.0,0.0
own:12,10,on_demand,operating,0.0,0.0
own:12,11,on_demand,operating,0.0,0.0
own:12,12,on_demand,operating,0.0,0.0
own:12,13,on_demand,operating,0.0,0.0
own:12,14,on_demand,operating,0.0,0.0
own:12,15,on_demand,operating,0.0,0.0
own:12,16,on_demand,operating,0.0,0.0
own:12,17,on_demand,operating,0.0,0.0
own:12,18,on_demand,operating,0.0,0.0
own:12,19,on_demand,operating,0.0,0.0
own:12,20,on_demand,operating,0.0,0.0
own:12,21,on_demand,operating,0.0,0.0
own:12,22,on_demand,operating,0.0,0.0
own:12,23,on_demand,operating,0.0,0.0
own:12,24,on_demand,operating,0.0,0.0
own:12,25,on_demand,operating,0.0,0.0
own:12,26,on_demand,operating,0.0,0.0
own:12,27,on_demand,operating,0.0,0.0
own:12,28,on_demand,operating,0.0,0.0
own:12,29,on_demand,operating,0.0,0.0
own:12,30,on_demand,operating,0.0,0.0
own:12,31,on_demand,operating,0.0,0.0
own:12,32,on_demand,operating,0.0,0.0
own:12,33,on_demand,operating,0.0,0.0
own:12,34,on_demand,operating,0.0,0.0
own:12,35,on_demand,operating,0.0,0.0
own:12,36,on_demand,operating,0.0,0.0
own:12,0,variable_service,capital,0.0,0.0
own:12,1,variable_service,operating,0.0,0.0
own:12,2,variable_service,operating,0.0,0.0
own:12,3,variable_service,operating,0.0,0.0
own:12,4,variable_service,operating,0.0,0.0
own:12,5,variable_service,operating,0.0,0.0
own:12,6,variable_service,operating,0.0,0.0
own:12,7,variable_service,operating,0.0,0.0
own:12,8,variable_service,operating,0.0,0.0
own:12,9,variable_service,operating,0.0,0.0
own:12,10,variable_service,operating,0.0,0.0
own:12,11,variable_service,operating,0.0,0.0
own:12,12,variable_service,operating,0.0,0.0
own:12,13,variable_service,operating,0.0,0.0
own:12,14,variable_service,operating,0.0,0.0
own:12,15,variable_service,operating,0.0,0.0
own:12,16,variable_service,operating,0.0,0.0
own:12,17,variable_service,operating,0.0,0.0
own:12,18,variable_service,operating,0.0,0.0
own:12,19,variable_service,operating,0.0,0.0
own:12,20,variable_service,operating,0.0,0.0
own:12,21,variable_service,operating,0.0,0.0
own:12,22,variable_service,operating,0.0,0.0
own:12,23,variable_service,operating,0.0,0.0
own:12,24,variable_service,operating,0.0,0.0
own:12,25,variable_service,operating,0.0,0.0
own:12,26,variable_service,operating,0.0,0.0
own:12,27,variable_service,operating,0.0,0.0
own:12,28,variable_service,operating,0.0,0.0
own:12,29,variable_service,operating,0.0,0.0
own:12,30,variable_service,operating,0.0,0.0
own:12,31,variable_service,operating,0.0,0.0
own:12,32,variable_service,operating,0.0,0.0
own:12,33,variable_service,operating,0.0,0.0
own:12,34,variable_service,operating,0.0,0.0
own:12,35,variable_service,operating,0.0,0.0
own:12,36,variable_service,operating,0.0,0.0
own:12,0,node_acquisition,capital,4800000.0,4800000.0
own:12,1,node_acquisition,operating,0.0,0.0
own:12,2,node_acquisition,operating,0.0,0.0
own:12,3,node_acquisition,operating,0.0,0.0
own:12,4,node_acquisition,operating,0.0,0.0
own:12,5,node_acquisition,operating,0.0,0.0
own:12,6,node_acquisition,operating,0.0,0.0
own:12,7,node_acquisition,operating,0.0,0.0
own:12,8,node_acquisition,operating,0.0,0.0
own:12,9,node_acquisition,operating,0.0,0.0
own:12,10,node_acquisition,operating,0.0,0.0
own:12,11,node_acquisition,operating,0.0,0.0
own:12,12,node_acquisition,operating,0.0,0.0
own:12,13,node_acquisition,operating,0.0,0.0
own:12,14,node_acquisition,operating,0.0,0.0
own:12,15,node_acquisition,operating,0.0,0.0
own:12,16,node_acquisition,operating,0.0,0.0
own:12,17,node_acquisition,operating,0.0,0.0
own:12,18,node_acquisition,operating,0.0,0.0
own:12,19,node_acquisition,operating,0.0,0.0
own:12,20,node_acquisition,operating,0.0,0.0
own:12,21,node_acquisition,operating,0.0,0.0
own:12,22,node_acquisition,operating,0.0,0.0
own:12,23,node_acquisition,operating,0.0,0.0
own:12,24,node_acquisition,operating,0.0,0.0
own:12,25,node_acquisition,operating,0.0,0.0
own:12,26,node_acquisition,operating,0.0,0.0
own:12,27,node_acquisition,operating,0.0,0.0
own:12,28,node_acquisition,operating,0.0,0.0
own:12,29,node_acquisition,operating,0.0,0.0
own:12,30,node_acquisition,operating,0.0,0.0
own:12,31,node_acquisition,operating,0.0,0.0
own:12,32,node_acquisition,operating,0.0,0.0
own:12,33,node_acquisition,operating,0.0,0.0
own:12,34,node_acquisition,operating,0.0,0.0
own:12,35,node_acquisition,operating,0.0,0.0
own:12,36,node_acquisition,operating,0.0,0.0
own:12,0,installation,capital,50000.0,50000.0
own:12,1,installation,operating,0.0,0.0
own:12,2,installation,operating,0.0,0.0
own:12,3,installation,operating,0.0,0.0
own:12,4,installation,operating,0.0,0.0
own:12,5,installation,operating,0.0,0.0
own:12,6,installation,operating,0.0,0.0
own:12,7,installation,operating,0.0,0.0
own:12,8,installation,operating,0.0,0.0
own:12,9,installation,operating,0.0,0.0
own:12,10,installation,operating,0.0,0.0
own:12,11,installation,operating,0.0,0.0
own:12,12,installation,operating,0.0,0.0
own:12,13,installation,operating,0.0,0.0
own:12,14,installation,operating,0.0,0.0
own:12,15,installation,operating,0.0,0.0
own:12,16,installation,operating,0.0,0.0
own:12,17,installation,operating,0.0,0.0
own:12,18,installation,operating,0.0,0.0
own:12,19,installation,operating,0.0,0.0
own:12,20,installation,operating,0.0,0.0
own:12,21,installation,operating,0.0,0.0
own:12,22,installation,operating,0.0,0.0
own:12,23,installation,operating,0.0,0.0
own:12,24,installation,operating,0.0,0.0
own:12,25,installation,operating,0.0,0.0
own:12,26,installation,operating,0.0,0.0
own:12,27,installation,operating,0.0,0.0
own:12,28,installation,operating,0.0,0.0
own:12,29,installation,operating,0.0,0.0
own:12,30,installation,operating,0.0,0.0
own:12,31,installation,operating,0.0,0.0
own:12,32,installation,operating,0.0,0.0
own:12,33,installation,operating,0.0,0.0
own:12,34,installation,operating,0.0,0.0
own:12,35,installation,operating,0.0,0.0
own:12,36,installation,operating,0.0,0.0
own:12,0,network,capital,0.0,0.0
own:12,1,network,operating,0.0,0.0
own:12,2,network,operating,0.0,0.0
own:12,3,network,operating,0.0,0.0
own:12,4,network,operating,0.0,0.0
own:12,5,network,operating,0.0,0.0
own:12,6,network,operating,0.0,0.0
own:12,7,network,operating,0.0,0.0
own:12,8,network,operating,0.0,0.0
own:12,9,network,operating,0.0,0.0
own:12,10,network,operating,0.0,0.0
own:12,11,network,operating,0.0,0.0
own:12,12,network,operating,0.0,0.0
own:12,13,network,operating,0.0,0.0
own:12,14,network,operating,0.0,0.0
own:12,15,network,operating,0.0,0.0
own:12,16,network,operating,0.0,0.0
own:12,17,network,operating,0.0,0.0
own:12,18,network,operating,0.0,0.0
own:12,19,network,operating,0.0,0.0
own:12,20,network,operating,0.0,0.0
own:12,21,network,operating,0.0,0.0
own:12,22,network,operating,0.0,0.0
own:12,23,network,operating,0.0,0.0
own:12,24,network,operating,0.0,0.0
own:12,25,network,operating,0.0,0.0
own:12,26,network,operating,0.0,0.0
own:12,27,network,operating,0.0,0.0
own:12,28,network,operating,0.0,0.0
own:12,29,network,operating,0.0,0.0
own:12,30,network,operating,0.0,0.0
own:12,31,network,operating,0.0,0.0
own:12,32,network,operating,0.0,0.0
own:12,33,network,operating,0.0,0.0
own:12,34,network,operating,0.0,0.0
own:12,35,network,operating,0.0,0.0
own:12,36,network,operating,0.0,0.0
own:12,0,storage,capital,0.0,0.0
own:12,1,storage,operating,0.0,0.0
own:12,2,storage,operating,0.0,0.0
own:12,3,storage,operating,0.0,0.0
own:12,4,storage,operating,0.0,0.0
own:12,5,storage,operating,0.0,0.0
own:12,6,storage,operating,0.0,0.0
own:12,7,storage,operating,0.0,0.0
own:12,8,storage,operating,0.0,0.0
own:12,9,storage,operating,0.0,0.0
own:12,10,storage,operating,0.0,0.0
own:12,11,storage,operating,0.0,0.0
own:12,12,storage,operating,0.0,0.0
own:12,13,storage,operating,0.0,0.0
own:12,14,storage,operating,0.0,0.0
own:12,15,storage,operating,0.0,0.0
own:12,16,storage,operating,0.0,0.0
own:12,17,storage,operating,0.0,0.0
own:12,18,storage,operating,0.0,0.0
own:12,19,storage,operating,0.0,0.0
own:12,20,storage,operating,0.0,0.0
own:12,21,storage,operating,0.0,0.0
own:12,22,storage,operating,0.0,0.0
own:12,23,storage,operating,0.0,0.0
own:12,24,storage,operating,0.0,0.0
own:12,25,storage,operating,0.0,0.0
own:12,26,storage,operating,0.0,0.0
own:12,27,storage,operating,0.0,0.0
own:12,28,storage,operating,0.0,0.0
own:12,29,storage,operating,0.0,0.0
own:12,30,storage,operating,0.0,0.0
own:12,31,storage,operating,0.0,0.0
own:12,32,storage,operating,0.0,0.0
own:12,33,storage,operating,0.0,0.0
own:12,34,storage,operating,0.0,0.0
own:12,35,storage,operating,0.0,0.0
own:12,36,storage,operating,0.0,0.0
own:12,0,operations,capital,0.0,0.0
own:12,1,operations,operating,6000.0,5952.533660681946
own:12,2,operations,operating,6000.0,5905.442830258601
own:12,3,operations,operating,6000.0,5858.724538057863
own:12,4,operations,operating,6000.0,5812.3758369087855
own:12,5,operations,operating,6000.0,5766.393802955657
own:12,6,operations,operating,6000.0,5720.775535473554
own:12,7,operations,operating,6000.0,5675.518156685352
own:12,8,operations,operating,6000.0,5630.618811580184
own:12,9,operations,operating,6000.0,5586.074667733336
own:12,10,operations,operating,6000.0,5541.882915127567
own:12,11,operations,operating,6000.0,5498.040765975838
own:12,12,operations,operating,6000.0,5454.545454545454
own:12,13,operations,operating,6000.0,5411.394236983587
own:12,14,operations,operating,6000.0,5368.584391144182
own:12,15,operations,operating,6000.0,5326.113216416239
own:12,16,operations,operating,6000.0,5283.9780335534415
own:12,17,operations,operating,6000.0,5242.176184505142
own:12,18,operations,operating,6000.0,5200.705032248685
own:12,19,operations,operating,6000.0,5159.561960623047
own:12,20,operations,operating,6000.0,5118.7443741638035
own:12,21,operations,operating,6000.0,5078.249697939396
own:12,22,operations,operating,6000.0,5038.075377388697
own:12,23,operations,operating,6000.0,4998.2188781598525
own:12,24,operations,operating,6000.0,4958.6776859504125
own:12,25,operations,operating,6000.0,4919.449306348714
own:12,26,operations,operating,6000.0,4880.531264676529
own:12,27,operations,operating,6000.0,4841.921105832944
own:12,28,operations,operating,6000.0,4803.616394139492
own:12,29,operations,operating,6000.0,4765.614713186493
own:12,30,operations,operating,6000.0,4727.913665680622
own:12,31,operations,operating,6000.0,4690.510873293679
own:12,32,operations,operating,6000.0,4653.403976512548
own:12,33,operations,operating,6000.0,4616.59063449036
own:12,34,operations,operating,6000.0,4580.068524898815
own:12,35,operations,operating,6000.0,4543.835343781684
own:12,36,operations,operating,6000.0,4507.888805409465
own:12,0,precommission,capital,0.0,0.0
own:12,1,precommission,operating,0.0,0.0
own:12,2,precommission,operating,0.0,0.0
own:12,3,precommission,operating,0.0,0.0
own:12,4,precommission,operating,0.0,0.0
own:12,5,precommission,operating,0.0,0.0
own:12,6,precommission,operating,0.0,0.0
own:12,7,precommission,operating,0.0,0.0
own:12,8,precommission,operating,0.0,0.0
own:12,9,precommission,operating,0.0,0.0
own:12,10,precommission,operating,0.0,0.0
own:12,11,precommission,operating,0.0,0.0
own:12,12,precommission,operating,0.0,0.0
own:12,13,precommission,operating,0.0,0.0
own:12,14,precommission,operating,0.0,0.0
own:12,15,precommission,operating,0.0,0.0
own:12,16,precommission,operating,0.0,0.0
own:12,17,precommission,operating,0.0,0.0
own:12,18,precommission,operating,0.0,0.0
own:12,19,precommission,operating,0.0,0.0
own:12,20,precommission,operating,0.0,0.0
own:12,21,precommission,operating,0.0,0.0
own:12,22,precommission,operating,0.0,0.0
own:12,23,precommission,operating,0.0,0.0
own:12,24,precommission,operating,0.0,0.0
own:12,25,precommission,operating,0.0,0.0
own:12,26,precommission,operating,0.0,0.0
own:12,27,precommission,operating,0.0,0.0
own:12,28,precommission,operating,0.0,0.0
own:12,29,precommission,operating,0.0,0.0
own:12,30,precommission,operating,0.0,0.0
own:12,31,precommission,operating,0.0,0.0
own:12,32,precommission,operating,0.0,0.0
own:12,33,precommission,operating,0.0,0.0
own:12,34,precommission,operating,0.0,0.0
own:12,35,precommission,operating,0.0,0.0
own:12,36,precommission,operating,0.0,0.0
own:12,0,electricity,capital,0.0,0.0
own:12,1,electricity,operating,6240.999639294592,6191.626738200824
own:12,2,electricity,operating,6059.075455636515,5963.5872845807535
own:12,3,electricity,operating,6281.18986067852,6133.293527492916
own:12,4,electricity,operating,6301.435809981912,6104.385539961768
own:12,5,electricity,operating,5709.997538480355,5487.682403464195
own:12,6,electricity,operating,6342.231903976979,6047.080852761893
own:12,7,electricity,operating,4158.765998466225,3933.858655616791
own:12,8,electricity,operating,4307.718489407175,4042.5201269079694
own:12,9,electricity,operating,4178.803627600849,3890.518180928879
own:12,10,electricity,operating,4328.527567263481,3998.032162112696
own:12,11,electricity,operating,4339.0102050997975,3976.009165270645
own:12,12,electricity,operating,4209.237344637384,3826.5794042158036
own:12,13,electricity,operating,4360.132982405923,3932.3997489122453
own:12,14,electricity,operating,4229.780949017374,3784.6559968089496
own:12,15,electricity,operating,4381.467515554542,3889.365340315578
own:12,16,electricity,operating,4392.214853132315,3868.061133766384
own:12,17,electricity,operating,4118.950383694881,3598.7106010939365
own:12,18,electricity,operating,4413.871007034964,3825.873526330551
own:12,19,electricity,operating,4282.045511680781,3682.246522620801
own:12,20,electricity,operating,4435.7442638804905,3784.2401659946036
own:12,21,electricity,operating,4303.31901793538,3642.2214171612004
own:12,22,electricity,operating,4457.836800125892,3743.152969855246
own:12,23,electricity,operating,4468.96598412652,3722.8116912858995
own:12,24,electricity,operating,4335.629820045632,3583.16514053358
own:12,25,electricity,operating,4491.391568117389,3682.5288557192594
own:12,26,electricity,operating,4357.440508991589,3544.4374396835765
own:12,27,electricity,operating,4514.041968587765,3642.772513386798
own:12,28,electricity,operating,4525.4521784307035,3623.089379200667
own:12,29,electricity,operating,4097.862719388388,3254.805811355952
own:12,30,electricity,operating,4548.444036519471,3584.1084529739896
own:12,31,electricity,operating,4412.928635518131,3449.8149579944716
own:12,32,electricity,operating,4571.666387985579,3545.6350915234752
own:12,33,electricity,operating,4435.514245089201,3412.825587171231
own:12,34,electricity,operating,4595.121543525133,3507.661924930654
own:12,35,electricity,operating,4606.93715124276,3488.860642399626
own:12,36,electricity,operating,4469.817906773199,3358.240350693612
own:12,0,hosting,capital,0.0,0.0
own:12,1,hosting,operating,0.0,0.0
own:12,2,hosting,operating,0.0,0.0
own:12,3,hosting,operating,0.0,0.0
own:12,4,hosting,operating,0.0,0.0
own:12,5,hosting,operating,0.0,0.0
own:12,6,hosting,operating,0.0,0.0
own:12,7,hosting,operating,0.0,0.0
own:12,8,hosting,operating,0.0,0.0
own:12,9,hosting,operating,0.0,0.0
own:12,10,hosting,operating,0.0,0.0
own:12,11,hosting,operating,0.0,0.0
own:12,12,hosting,operating,0.0,0.0
own:12,13,hosting,operating,0.0,0.0
own:12,14,hosting,operating,0.0,0.0
own:12,15,hosting,operating,0.0,0.0
own:12,16,hosting,operating,0.0,0.0
own:12,17,hosting,operating,0.0,0.0
own:12,18,hosting,operating,0.0,0.0
own:12,19,hosting,operating,0.0,0.0
own:12,20,hosting,operating,0.0,0.0
own:12,21,hosting,operating,0.0,0.0
own:12,22,hosting,operating,0.0,0.0
own:12,23,hosting,operating,0.0,0.0
own:12,24,hosting,operating,0.0,0.0
own:12,25,hosting,operating,0.0,0.0
own:12,26,hosting,operating,0.0,0.0
own:12,27,hosting,operating,0.0,0.0
own:12,28,hosting,operating,0.0,0.0
own:12,29,hosting,operating,0.0,0.0
own:12,30,hosting,operating,0.0,0.0
own:12,31,hosting,operating,0.0,0.0
own:12,32,hosting,operating,0.0,0.0
own:12,33,hosting,operating,0.0,0.0
own:12,34,hosting,operating,0.0,0.0
own:12,35,hosting,operating,0.0,0.0
own:12,36,hosting,operating,0.0,0.0
own:12,0,exit,terminal,0.0,0.0
own:12,1,exit,terminal,0.0,0.0
own:12,2,exit,terminal,0.0,0.0
own:12,3,exit,terminal,0.0,0.0
own:12,4,exit,terminal,0.0,0.0
own:12,5,exit,terminal,0.0,0.0
own:12,6,exit,terminal,0.0,0.0
own:12,7,exit,terminal,0.0,0.0
own:12,8,exit,terminal,0.0,0.0
own:12,9,exit,terminal,0.0,0.0
own:12,10,exit,terminal,0.0,0.0
own:12,11,exit,terminal,0.0,0.0
own:12,12,exit,terminal,0.0,0.0
own:12,13,exit,terminal,0.0,0.0
own:12,14,exit,terminal,0.0,0.0
own:12,15,exit,terminal,0.0,0.0
own:12,16,exit,terminal,0.0,0.0
own:12,17,exit,terminal,0.0,0.0
own:12,18,exit,terminal,0.0,0.0
own:12,19,exit,terminal,0.0,0.0
own:12,20,exit,terminal,0.0,0.0
own:12,21,exit,terminal,0.0,0.0
own:12,22,exit,terminal,0.0,0.0
own:12,23,exit,terminal,0.0,0.0
own:12,24,exit,terminal,0.0,0.0
own:12,25,exit,terminal,0.0,0.0
own:12,26,exit,terminal,0.0,0.0
own:12,27,exit,terminal,0.0,0.0
own:12,28,exit,terminal,0.0,0.0
own:12,29,exit,terminal,0.0,0.0
own:12,30,exit,terminal,0.0,0.0
own:12,31,exit,terminal,0.0,0.0
own:12,32,exit,terminal,0.0,0.0
own:12,33,exit,terminal,0.0,0.0
own:12,34,exit,terminal,0.0,0.0
own:12,35,exit,terminal,0.0,0.0
own:12,36,exit,terminal,0.0,0.0
own:12,0,residual,terminal,0.0,0.0
own:12,1,residual,terminal,0.0,0.0
own:12,2,residual,terminal,0.0,0.0
own:12,3,residual,terminal,0.0,0.0
own:12,4,residual,terminal,0.0,0.0
own:12,5,residual,terminal,0.0,0.0
own:12,6,residual,terminal,0.0,0.0
own:12,7,residual,terminal,0.0,0.0
own:12,8,residual,terminal,0.0,0.0
own:12,9,residual,terminal,0.0,0.0
own:12,10,residual,terminal,0.0,0.0
own:12,11,residual,terminal,0.0,0.0
own:12,12,residual,terminal,0.0,0.0
own:12,13,residual,terminal,0.0,0.0
own:12,14,residual,terminal,0.0,0.0
own:12,15,residual,terminal,0.0,0.0
own:12,16,residual,terminal,0.0,0.0
own:12,17,residual,terminal,0.0,0.0
own:12,18,residual,terminal,0.0,0.0
own:12,19,residual,terminal,0.0,0.0
own:12,20,residual,terminal,0.0,0.0
own:12,21,residual,terminal,0.0,0.0
own:12,22,residual,terminal,0.0,0.0
own:12,23,residual,terminal,0.0,0.0
own:12,24,residual,terminal,0.0,0.0
own:12,25,residual,terminal,0.0,0.0
own:12,26,residual,terminal,0.0,0.0
own:12,27,residual,terminal,0.0,0.0
own:12,28,residual,terminal,0.0,0.0
own:12,29,residual,terminal,0.0,0.0
own:12,30,residual,terminal,0.0,0.0
own:12,31,residual,terminal,0.0,0.0
own:12,32,residual,terminal,0.0,0.0
own:12,33,residual,terminal,0.0,0.0
own:12,34,residual,terminal,0.0,0.0
own:12,35,residual,terminal,0.0,0.0
own:12,36,residual,terminal,0.0,0.0
own:13,0,on_demand,capital,0.0,0.0
own:13,1,on_demand,operating,0.0,0.0
own:13,2,on_demand,operating,0.0,0.0
own:13,3,on_demand,operating,0.0,0.0
own:13,4,on_demand,operating,0.0,0.0
own:13,5,on_demand,operating,0.0,0.0
own:13,6,on_demand,operating,0.0,0.0
own:13,7,on_demand,operating,0.0,0.0
own:13,8,on_demand,operating,0.0,0.0
own:13,9,on_demand,operating,0.0,0.0
own:13,10,on_demand,operating,0.0,0.0
own:13,11,on_demand,operating,0.0,0.0
own:13,12,on_demand,operating,0.0,0.0
own:13,13,on_demand,operating,0.0,0.0
own:13,14,on_demand,operating,0.0,0.0
own:13,15,on_demand,operating,0.0,0.0
own:13,16,on_demand,operating,0.0,0.0
own:13,17,on_demand,operating,0.0,0.0
own:13,18,on_demand,operating,0.0,0.0
own:13,19,on_demand,operating,0.0,0.0
own:13,20,on_demand,operating,0.0,0.0
own:13,21,on_demand,operating,0.0,0.0
own:13,22,on_demand,operating,0.0,0.0
own:13,23,on_demand,operating,0.0,0.0
own:13,24,on_demand,operating,0.0,0.0
own:13,25,on_demand,operating,0.0,0.0
own:13,26,on_demand,operating,0.0,0.0
own:13,27,on_demand,operating,0.0,0.0
own:13,28,on_demand,operating,0.0,0.0
own:13,29,on_demand,operating,0.0,0.0
own:13,30,on_demand,operating,0.0,0.0
own:13,31,on_demand,operating,0.0,0.0
own:13,32,on_demand,operating,0.0,0.0
own:13,33,on_demand,operating,0.0,0.0
own:13,34,on_demand,operating,0.0,0.0
own:13,35,on_demand,operating,0.0,0.0
own:13,36,on_demand,operating,0.0,0.0
own:13,0,variable_service,capital,0.0,0.0
own:13,1,variable_service,operating,0.0,0.0
own:13,2,variable_service,operating,0.0,0.0
own:13,3,variable_service,operating,0.0,0.0
own:13,4,variable_service,operating,0.0,0.0
own:13,5,variable_service,operating,0.0,0.0
own:13,6,variable_service,operating,0.0,0.0
own:13,7,variable_service,operating,0.0,0.0
own:13,8,variable_service,operating,0.0,0.0
own:13,9,variable_service,operating,0.0,0.0
own:13,10,variable_service,operating,0.0,0.0
own:13,11,variable_service,operating,0.0,0.0
own:13,12,variable_service,operating,0.0,0.0
own:13,13,variable_service,operating,0.0,0.0
own:13,14,variable_service,operating,0.0,0.0
own:13,15,variable_service,operating,0.0,0.0
own:13,16,variable_service,operating,0.0,0.0
own:13,17,variable_service,operating,0.0,0.0
own:13,18,variable_service,operating,0.0,0.0
own:13,19,variable_service,operating,0.0,0.0
own:13,20,variable_service,operating,0.0,0.0
own:13,21,variable_service,operating,0.0,0.0
own:13,22,variable_service,operating,0.0,0.0
own:13,23,variable_service,operating,0.0,0.0
own:13,24,variable_service,operating,0.0,0.0
own:13,25,variable_service,operating,0.0,0.0
own:13,26,variable_service,operating,0.0,0.0
own:13,27,variable_service,operating,0.0,0.0
own:13,28,variable_service,operating,0.0,0.0
own:13,29,variable_service,operating,0.0,0.0
own:13,30,variable_service,operating,0.0,0.0
own:13,31,variable_service,operating,0.0,0.0
own:13,32,variable_service,operating,0.0,0.0
own:13,33,variable_service,operating,0.0,0.0
own:13,34,variable_service,operating,0.0,0.0
own:13,35,variable_service,operating,0.0,0.0
own:13,36,variable_service,operating,0.0,0.0
own:13,0,node_acquisition,capital,5200000.0,5200000.0
own:13,1,node_acquisition,operating,0.0,0.0
own:13,2,node_acquisition,operating,0.0,0.0
own:13,3,node_acquisition,operating,0.0,0.0
own:13,4,node_acquisition,operating,0.0,0.0
own:13,5,node_acquisition,operating,0.0,0.0
own:13,6,node_acquisition,operating,0.0,0.0
own:13,7,node_acquisition,operating,0.0,0.0
own:13,8,node_acquisition,operating,0.0,0.0
own:13,9,node_acquisition,operating,0.0,0.0
own:13,10,node_acquisition,operating,0.0,0.0
own:13,11,node_acquisition,operating,0.0,0.0
own:13,12,node_acquisition,operating,0.0,0.0
own:13,13,node_acquisition,operating,0.0,0.0
own:13,14,node_acquisition,operating,0.0,0.0
own:13,15,node_acquisition,operating,0.0,0.0
own:13,16,node_acquisition,operating,0.0,0.0
own:13,17,node_acquisition,operating,0.0,0.0
own:13,18,node_acquisition,operating,0.0,0.0
own:13,19,node_acquisition,operating,0.0,0.0
own:13,20,node_acquisition,operating,0.0,0.0
own:13,21,node_acquisition,operating,0.0,0.0
own:13,22,node_acquisition,operating,0.0,0.0
own:13,23,node_acquisition,operating,0.0,0.0
own:13,24,node_acquisition,operating,0.0,0.0
own:13,25,node_acquisition,operating,0.0,0.0
own:13,26,node_acquisition,operating,0.0,0.0
own:13,27,node_acquisition,operating,0.0,0.0
own:13,28,node_acquisition,operating,0.0,0.0
own:13,29,node_acquisition,operating,0.0,0.0
own:13,30,node_acquisition,operating,0.0,0.0
own:13,31,node_acquisition,operating,0.0,0.0
own:13,32,node_acquisition,operating,0.0,0.0
own:13,33,node_acquisition,operating,0.0,0.0
own:13,34,node_acquisition,operating,0.0,0.0
own:13,35,node_acquisition,operating,0.0,0.0
own:13,36,node_acquisition,operating,0.0,0.0
own:13,0,installation,capital,50000.0,50000.0
own:13,1,installation,operating,0.0,0.0
own:13,2,installation,operating,0.0,0.0
own:13,3,installation,operating,0.0,0.0
own:13,4,installation,operating,0.0,0.0
own:13,5,installation,operating,0.0,0.0
own:13,6,installation,operating,0.0,0.0
own:13,7,installation,operating,0.0,0.0
own:13,8,installation,operating,0.0,0.0
own:13,9,installation,operating,0.0,0.0
own:13,10,installation,operating,0.0,0.0
own:13,11,installation,operating,0.0,0.0
own:13,12,installation,operating,0.0,0.0
own:13,13,installation,operating,0.0,0.0
own:13,14,installation,operating,0.0,0.0
own:13,15,installation,operating,0.0,0.0
own:13,16,installation,operating,0.0,0.0
own:13,17,installation,operating,0.0,0.0
own:13,18,installation,operating,0.0,0.0
own:13,19,installation,operating,0.0,0.0
own:13,20,installation,operating,0.0,0.0
own:13,21,installation,operating,0.0,0.0
own:13,22,installation,operating,0.0,0.0
own:13,23,installation,operating,0.0,0.0
own:13,24,installation,operating,0.0,0.0
own:13,25,installation,operating,0.0,0.0
own:13,26,installation,operating,0.0,0.0
own:13,27,installation,operating,0.0,0.0
own:13,28,installation,operating,0.0,0.0
own:13,29,installation,operating,0.0,0.0
own:13,30,installation,operating,0.0,0.0
own:13,31,installation,operating,0.0,0.0
own:13,32,installation,operating,0.0,0.0
own:13,33,installation,operating,0.0,0.0
own:13,34,installation,operating,0.0,0.0
own:13,35,installation,operating,0.0,0.0
own:13,36,installation,operating,0.0,0.0
own:13,0,network,capital,0.0,0.0
own:13,1,network,operating,0.0,0.0
own:13,2,network,operating,0.0,0.0
own:13,3,network,operating,0.0,0.0
own:13,4,network,operating,0.0,0.0
own:13,5,network,operating,0.0,0.0
own:13,6,network,operating,0.0,0.0
own:13,7,network,operating,0.0,0.0
own:13,8,network,operating,0.0,0.0
own:13,9,network,operating,0.0,0.0
own:13,10,network,operating,0.0,0.0
own:13,11,network,operating,0.0,0.0
own:13,12,network,operating,0.0,0.0
own:13,13,network,operating,0.0,0.0
own:13,14,network,operating,0.0,0.0
own:13,15,network,operating,0.0,0.0
own:13,16,network,operating,0.0,0.0
own:13,17,network,operating,0.0,0.0
own:13,18,network,operating,0.0,0.0
own:13,19,network,operating,0.0,0.0
own:13,20,network,operating,0.0,0.0
own:13,21,network,operating,0.0,0.0
own:13,22,network,operating,0.0,0.0
own:13,23,network,operating,0.0,0.0
own:13,24,network,operating,0.0,0.0
own:13,25,network,operating,0.0,0.0
own:13,26,network,operating,0.0,0.0
own:13,27,network,operating,0.0,0.0
own:13,28,network,operating,0.0,0.0
own:13,29,network,operating,0.0,0.0
own:13,30,network,operating,0.0,0.0
own:13,31,network,operating,0.0,0.0
own:13,32,network,operating,0.0,0.0
own:13,33,network,operating,0.0,0.0
own:13,34,network,operating,0.0,0.0
own:13,35,network,operating,0.0,0.0
own:13,36,network,operating,0.0,0.0
own:13,0,storage,capital,0.0,0.0
own:13,1,storage,operating,0.0,0.0
own:13,2,storage,operating,0.0,0.0
own:13,3,storage,operating,0.0,0.0
own:13,4,storage,operating,0.0,0.0
own:13,5,storage,operating,0.0,0.0
own:13,6,storage,operating,0.0,0.0
own:13,7,storage,operating,0.0,0.0
own:13,8,storage,operating,0.0,0.0
own:13,9,storage,operating,0.0,0.0
own:13,10,storage,operating,0.0,0.0
own:13,11,storage,operating,0.0,0.0
own:13,12,storage,operating,0.0,0.0
own:13,13,storage,operating,0.0,0.0
own:13,14,storage,operating,0.0,0.0
own:13,15,storage,operating,0.0,0.0
own:13,16,storage,operating,0.0,0.0
own:13,17,storage,operating,0.0,0.0
own:13,18,storage,operating,0.0,0.0
own:13,19,storage,operating,0.0,0.0
own:13,20,storage,operating,0.0,0.0
own:13,21,storage,operating,0.0,0.0
own:13,22,storage,operating,0.0,0.0
own:13,23,storage,operating,0.0,0.0
own:13,24,storage,operating,0.0,0.0
own:13,25,storage,operating,0.0,0.0
own:13,26,storage,operating,0.0,0.0
own:13,27,storage,operating,0.0,0.0
own:13,28,storage,operating,0.0,0.0
own:13,29,storage,operating,0.0,0.0
own:13,30,storage,operating,0.0,0.0
own:13,31,storage,operating,0.0,0.0
own:13,32,storage,operating,0.0,0.0
own:13,33,storage,operating,0.0,0.0
own:13,34,storage,operating,0.0,0.0
own:13,35,storage,operating,0.0,0.0
own:13,36,storage,operating,0.0,0.0
own:13,0,operations,capital,0.0,0.0
own:13,1,operations,operating,6333.333333333333,6283.229975164276
own:13,2,operations,operating,6333.333333333333,6233.522987495189
own:13,3,operations,operating,6333.333333333333,6184.209234616633
own:13,4,operations,operating,6333.333333333333,6135.28560562594
own:13,5,operations,operating,6333.333333333333,6086.749014230971
own:13,6,operations,operating,6333.333333333333,6038.596398555417
own:13,7,operations,operating,6333.333333333333,5990.824720945649
own:13,8,operations,operating,6333.333333333333,5943.430967779083
own:13,9,operations,operating,6333.333333333333,5896.412149274077
own:13,10,operations,operating,6333.333333333333,5849.765299301321
own:13,11,operations,operating,6333.333333333333,5803.487475196718
own:13,12,operations,operating,6333.333333333333,5757.575757575757
own:13,13,operations,operating,6333.333333333333,5712.027250149341
own:13,14,operations,operating,6333.333333333333,5666.8390795410805
own:13,15,operations,operating,6333.333333333333,5622.00839510603
own:13,16,operations,operating,6333.333333333333,5577.532368750854
own:13,17,operations,operating,6333.333333333333,5533.408194755428
own:13,18,operations,operating,6333.333333333333,5489.633089595834
own:13,19,operations,operating,6333.333333333333,5446.204291768771
own:13,20,operations,operating,6333.333333333333,5403.119061617348
own:13,21,operations,operating,6333.333333333333,5360.374681158251
own:13,22,operations,operating,6333.333333333333,5317.968453910291
own:13,23,operations,operating,6333.333333333333,5275.897704724289
own:13,24,operations,operating,6333.333333333333,5234.159779614324
own:13,25,operations,operating,6333.333333333333,5192.7520455903095
own:13,26,operations,operating,6333.333333333333,5151.671890491892
own:13,27,operations,operating,6333.333333333333,5110.916722823663
own:13,28,operations,operating,6333.333333333333,5070.483971591685
own:13,29,operations,operating,6333.333333333333,5030.371086141297
own:13,30,operations,operating,6333.333333333333,4990.575535996212
own:13,31,operations,operating,6333.333333333333,4951.094810698883
own:13,32,operations,operating,6333.333333333333,4911.926419652134
own:13,33,operations,operating,6333.333333333333,4873.067891962047
own:13,34,operations,operating,6333.333333333333,4834.516776282082
own:13,35,operations,operating,6333.333333333333,4796.270640658444
own:13,36,operations,operating,6333.333333333333,4758.327072376657
own:13,0,precommission,capital,0.0,0.0
own:13,1,precommission,operating,0.0,0.0
own:13,2,precommission,operating,0.0,0.0
own:13,3,precommission,operating,0.0,0.0
own:13,4,precommission,operating,0.0,0.0
own:13,5,precommission,operating,0.0,0.0
own:13,6,precommission,operating,0.0,0.0
own:13,7,precommission,operating,0.0,0.0
own:13,8,precommission,operating,0.0,0.0
own:13,9,precommission,operating,0.0,0.0
own:13,10,precommission,operating,0.0,0.0
own:13,11,precommission,operating,0.0,0.0
own:13,12,precommission,operating,0.0,0.0
own:13,13,precommission,operating,0.0,0.0
own:13,14,precommission,operating,0.0,0.0
own:13,15,precommission,operating,0.0,0.0
own:13,16,precommission,operating,0.0,0.0
own:13,17,precommission,operating,0.0,0.0
own:13,18,precommission,operating,0.0,0.0
own:13,19,precommission,operating,0.0,0.0
own:13,20,precommission,operating,0.0,0.0
own:13,21,precommission,operating,0.0,0.0
own:13,22,precommission,operating,0.0,0.0
own:13,23,precommission,operating,0.0,0.0
own:13,24,precommission,operating,0.0,0.0
own:13,25,precommission,operating,0.0,0.0
own:13,26,precommission,operating,0.0,0.0
own:13,27,precommission,operating,0.0,0.0
own:13,28,precommission,operating,0.0,0.0
own:13,29,precommission,operating,0.0,0.0
own:13,30,precommission,operating,0.0,0.0
own:13,31,precommission,operating,0.0,0.0
own:13,32,precommission,operating,0.0,0.0
own:13,33,precommission,operating,0.0,0.0
own:13,34,precommission,operating,0.0,0.0
own:13,35,precommission,operating,0.0,0.0
own:13,36,precommission,operating,0.0,0.0
own:13,0,electricity,capital,0.0,0.0
own:13,1,electricity,operating,6426.999639294592,6376.155281681964
own:13,2,electricity,operating,6239.075455636515,6140.750569488511
own:13,3,electricity,operating,6467.18986067852,6314.91398817271
own:13,4,electricity,operating,6487.435809981912,6284.56919090594
own:13,5,electricity,operating,5877.997538480355,5649.141429946953
own:13,6,electricity,operating,6528.231903976979,6224.424894361573
own:13,7,electricity,operating,4338.765998466225,4104.124200317351
own:13,8,electricity,operating,4493.718489407175,4217.069310066955
own:13,9,electricity,operating,4358.803627600849,4058.100420960879
own:13,10,electricity,operating,4514.527567263481,4169.83053248165
own:13,11,electricity,operating,4525.0102050997975,4146.448429015896
own:13,12,electricity,operating,4389.237344637384,3990.215767852167
own:13,13,electricity,operating,4546.132982405923,4100.152970258736
own:13,14,electricity,operating,4409.780949017374,3945.713528543275
own:13,15,electricity,operating,4567.467515554542,4054.4748500244814
own:13,16,electricity,operating,4578.214853132315,4031.8644528065406
own:13,17,electricity,operating,4292.950383694881,3750.733710444586
own:13,18,electricity,operating,4599.871007034964,3987.0953823302607
own:13,19,electricity,operating,4462.045511680781,3837.0333814394926
own:13,20,electricity,operating,4621.7442638804905,3942.9212415936813
own:13,21,electricity,operating,4483.31901793538,3794.5689080993825
own:13,22,electricity,operating,4643.836800125892,3899.3333065542956
own:13,23,electricity,operating,4654.96598412652,3877.756476508855
own:13,24,electricity,operating,4515.629820045632,3731.9254711120925
own:13,25,electricity,operating,4677.391568117389,3835.0317842160694
own:13,26,electricity,operating,4537.440508991589,3690.8533776238723
own:13,27,electricity,operating,4700.041968587765,3792.8720676676194
own:13,28,electricity,operating,4711.4521784307035,3772.001487418991
own:13,29,electricity,operating,4265.862719388388,3388.2430233251735
own:13,30,electricity,operating,4734.444036519471,3730.673776610089
own:13,31,electricity,operating,4592.928635518131,3590.530284193282
own:13,32,electricity,operating,4757.666387985579,3689.890614795364
own:13,33,electricity,operating,4615.514245089201,3551.323306205941
own:13,34,electricity,operating,4781.121543525133,3649.644049202517
own:13,35,electricity,operating,4792.93715124276,3629.7195380568583
own:13,36,electricity,operating,4649.817906773199,3493.477014855896
own:13,0,hosting,capital,0.0,0.0
own:13,1,hosting,operating,0.0,0.0
own:13,2,hosting,operating,0.0,0.0
own:13,3,hosting,operating,0.0,0.0
own:13,4,hosting,operating,0.0,0.0
own:13,5,hosting,operating,0.0,0.0
own:13,6,hosting,operating,0.0,0.0
own:13,7,hosting,operating,0.0,0.0
own:13,8,hosting,operating,0.0,0.0
own:13,9,hosting,operating,0.0,0.0
own:13,10,hosting,operating,0.0,0.0
own:13,11,hosting,operating,0.0,0.0
own:13,12,hosting,operating,0.0,0.0
own:13,13,hosting,operating,0.0,0.0
own:13,14,hosting,operating,0.0,0.0
own:13,15,hosting,operating,0.0,0.0
own:13,16,hosting,operating,0.0,0.0
own:13,17,hosting,operating,0.0,0.0
own:13,18,hosting,operating,0.0,0.0
own:13,19,hosting,operating,0.0,0.0
own:13,20,hosting,operating,0.0,0.0
own:13,21,hosting,operating,0.0,0.0
own:13,22,hosting,operating,0.0,0.0
own:13,23,hosting,operating,0.0,0.0
own:13,24,hosting,operating,0.0,0.0
own:13,25,hosting,operating,0.0,0.0
own:13,26,hosting,operating,0.0,0.0
own:13,27,hosting,operating,0.0,0.0
own:13,28,hosting,operating,0.0,0.0
own:13,29,hosting,operating,0.0,0.0
own:13,30,hosting,operating,0.0,0.0
own:13,31,hosting,operating,0.0,0.0
own:13,32,hosting,operating,0.0,0.0
own:13,33,hosting,operating,0.0,0.0
own:13,34,hosting,operating,0.0,0.0
own:13,35,hosting,operating,0.0,0.0
own:13,36,hosting,operating,0.0,0.0
own:13,0,exit,terminal,0.0,0.0
own:13,1,exit,terminal,0.0,0.0
own:13,2,exit,terminal,0.0,0.0
own:13,3,exit,terminal,0.0,0.0
own:13,4,exit,terminal,0.0,0.0
own:13,5,exit,terminal,0.0,0.0
own:13,6,exit,terminal,0.0,0.0
own:13,7,exit,terminal,0.0,0.0
own:13,8,exit,terminal,0.0,0.0
own:13,9,exit,terminal,0.0,0.0
own:13,10,exit,terminal,0.0,0.0
own:13,11,exit,terminal,0.0,0.0
own:13,12,exit,terminal,0.0,0.0
own:13,13,exit,terminal,0.0,0.0
own:13,14,exit,terminal,0.0,0.0
own:13,15,exit,terminal,0.0,0.0
own:13,16,exit,terminal,0.0,0.0
own:13,17,exit,terminal,0.0,0.0
own:13,18,exit,terminal,0.0,0.0
own:13,19,exit,terminal,0.0,0.0
own:13,20,exit,terminal,0.0,0.0
own:13,21,exit,terminal,0.0,0.0
own:13,22,exit,terminal,0.0,0.0
own:13,23,exit,terminal,0.0,0.0
own:13,24,exit,terminal,0.0,0.0
own:13,25,exit,terminal,0.0,0.0
own:13,26,exit,terminal,0.0,0.0
own:13,27,exit,terminal,0.0,0.0
own:13,28,exit,terminal,0.0,0.0
own:13,29,exit,terminal,0.0,0.0
own:13,30,exit,terminal,0.0,0.0
own:13,31,exit,terminal,0.0,0.0
own:13,32,exit,terminal,0.0,0.0
own:13,33,exit,terminal,0.0,0.0
own:13,34,exit,terminal,0.0,0.0
own:13,35,exit,terminal,0.0,0.0
own:13,36,exit,terminal,0.0,0.0
own:13,0,residual,terminal,0.0,0.0
own:13,1,residual,terminal,0.0,0.0
own:13,2,residual,terminal,0.0,0.0
own:13,3,residual,terminal,0.0,0.0
own:13,4,residual,terminal,0.0,0.0
own:13,5,residual,terminal,0.0,0.0
own:13,6,residual,terminal,0.0,0.0
own:13,7,residual,terminal,0.0,0.0
own:13,8,residual,terminal,0.0,0.0
own:13,9,residual,terminal,0.0,0.0
own:13,10,residual,terminal,0.0,0.0
own:13,11,residual,terminal,0.0,0.0
own:13,12,residual,terminal,0.0,0.0
own:13,13,residual,terminal,0.0,0.0
own:13,14,residual,terminal,0.0,0.0
own:13,15,residual,terminal,0.0,0.0
own:13,16,residual,terminal,0.0,0.0
own:13,17,residual,terminal,0.0,0.0
own:13,18,residual,terminal,0.0,0.0
own:13,19,residual,terminal,0.0,0.0
own:13,20,residual,terminal,0.0,0.0
own:13,21,residual,terminal,0.0,0.0
own:13,22,residual,terminal,0.0,0.0
own:13,23,residual,terminal,0.0,0.0
own:13,24,residual,terminal,0.0,0.0
own:13,25,residual,terminal,0.0,0.0
own:13,26,residual,terminal,0.0,0.0
own:13,27,residual,terminal,0.0,0.0
own:13,28,residual,terminal,0.0,0.0
own:13,29,residual,terminal,0.0,0.0
own:13,30,residual,terminal,0.0,0.0
own:13,31,residual,terminal,0.0,0.0
own:13,32,residual,terminal,0.0,0.0
own:13,33,residual,terminal,0.0,0.0
own:13,34,residual,terminal,0.0,0.0
own:13,35,residual,terminal,0.0,0.0
own:13,36,residual,terminal,0.0,0.0
own:14,0,on_demand,capital,0.0,0.0
own:14,1,on_demand,operating,0.0,0.0
own:14,2,on_demand,operating,0.0,0.0
own:14,3,on_demand,operating,0.0,0.0
own:14,4,on_demand,operating,0.0,0.0
own:14,5,on_demand,operating,0.0,0.0
own:14,6,on_demand,operating,0.0,0.0
own:14,7,on_demand,operating,0.0,0.0
own:14,8,on_demand,operating,0.0,0.0
own:14,9,on_demand,operating,0.0,0.0
own:14,10,on_demand,operating,0.0,0.0
own:14,11,on_demand,operating,0.0,0.0
own:14,12,on_demand,operating,0.0,0.0
own:14,13,on_demand,operating,0.0,0.0
own:14,14,on_demand,operating,0.0,0.0
own:14,15,on_demand,operating,0.0,0.0
own:14,16,on_demand,operating,0.0,0.0
own:14,17,on_demand,operating,0.0,0.0
own:14,18,on_demand,operating,0.0,0.0
own:14,19,on_demand,operating,0.0,0.0
own:14,20,on_demand,operating,0.0,0.0
own:14,21,on_demand,operating,0.0,0.0
own:14,22,on_demand,operating,0.0,0.0
own:14,23,on_demand,operating,0.0,0.0
own:14,24,on_demand,operating,0.0,0.0
own:14,25,on_demand,operating,0.0,0.0
own:14,26,on_demand,operating,0.0,0.0
own:14,27,on_demand,operating,0.0,0.0
own:14,28,on_demand,operating,0.0,0.0
own:14,29,on_demand,operating,0.0,0.0
own:14,30,on_demand,operating,0.0,0.0
own:14,31,on_demand,operating,0.0,0.0
own:14,32,on_demand,operating,0.0,0.0
own:14,33,on_demand,operating,0.0,0.0
own:14,34,on_demand,operating,0.0,0.0
own:14,35,on_demand,operating,0.0,0.0
own:14,36,on_demand,operating,0.0,0.0
own:14,0,variable_service,capital,0.0,0.0
own:14,1,variable_service,operating,0.0,0.0
own:14,2,variable_service,operating,0.0,0.0
own:14,3,variable_service,operating,0.0,0.0
own:14,4,variable_service,operating,0.0,0.0
own:14,5,variable_service,operating,0.0,0.0
own:14,6,variable_service,operating,0.0,0.0
own:14,7,variable_service,operating,0.0,0.0
own:14,8,variable_service,operating,0.0,0.0
own:14,9,variable_service,operating,0.0,0.0
own:14,10,variable_service,operating,0.0,0.0
own:14,11,variable_service,operating,0.0,0.0
own:14,12,variable_service,operating,0.0,0.0
own:14,13,variable_service,operating,0.0,0.0
own:14,14,variable_service,operating,0.0,0.0
own:14,15,variable_service,operating,0.0,0.0
own:14,16,variable_service,operating,0.0,0.0
own:14,17,variable_service,operating,0.0,0.0
own:14,18,variable_service,operating,0.0,0.0
own:14,19,variable_service,operating,0.0,0.0
own:14,20,variable_service,operating,0.0,0.0
own:14,21,variable_service,operating,0.0,0.0
own:14,22,variable_service,operating,0.0,0.0
own:14,23,variable_service,operating,0.0,0.0
own:14,24,variable_service,operating,0.0,0.0
own:14,25,variable_service,operating,0.0,0.0
own:14,26,variable_service,operating,0.0,0.0
own:14,27,variable_service,operating,0.0,0.0
own:14,28,variable_service,operating,0.0,0.0
own:14,29,variable_service,operating,0.0,0.0
own:14,30,variable_service,operating,0.0,0.0
own:14,31,variable_service,operating,0.0,0.0
own:14,32,variable_service,operating,0.0,0.0
own:14,33,variable_service,operating,0.0,0.0
own:14,34,variable_service,operating,0.0,0.0
own:14,35,variable_service,operating,0.0,0.0
own:14,36,variable_service,operating,0.0,0.0
own:14,0,node_acquisition,capital,5600000.0,5600000.0
own:14,1,node_acquisition,operating,0.0,0.0
own:14,2,node_acquisition,operating,0.0,0.0
own:14,3,node_acquisition,operating,0.0,0.0
own:14,4,node_acquisition,operating,0.0,0.0
own:14,5,node_acquisition,operating,0.0,0.0
own:14,6,node_acquisition,operating,0.0,0.0
own:14,7,node_acquisition,operating,0.0,0.0
own:14,8,node_acquisition,operating,0.0,0.0
own:14,9,node_acquisition,operating,0.0,0.0
own:14,10,node_acquisition,operating,0.0,0.0
own:14,11,node_acquisition,operating,0.0,0.0
own:14,12,node_acquisition,operating,0.0,0.0
own:14,13,node_acquisition,operating,0.0,0.0
own:14,14,node_acquisition,operating,0.0,0.0
own:14,15,node_acquisition,operating,0.0,0.0
own:14,16,node_acquisition,operating,0.0,0.0
own:14,17,node_acquisition,operating,0.0,0.0
own:14,18,node_acquisition,operating,0.0,0.0
own:14,19,node_acquisition,operating,0.0,0.0
own:14,20,node_acquisition,operating,0.0,0.0
own:14,21,node_acquisition,operating,0.0,0.0
own:14,22,node_acquisition,operating,0.0,0.0
own:14,23,node_acquisition,operating,0.0,0.0
own:14,24,node_acquisition,operating,0.0,0.0
own:14,25,node_acquisition,operating,0.0,0.0
own:14,26,node_acquisition,operating,0.0,0.0
own:14,27,node_acquisition,operating,0.0,0.0
own:14,28,node_acquisition,operating,0.0,0.0
own:14,29,node_acquisition,operating,0.0,0.0
own:14,30,node_acquisition,operating,0.0,0.0
own:14,31,node_acquisition,operating,0.0,0.0
own:14,32,node_acquisition,operating,0.0,0.0
own:14,33,node_acquisition,operating,0.0,0.0
own:14,34,node_acquisition,operating,0.0,0.0
own:14,35,node_acquisition,operating,0.0,0.0
own:14,36,node_acquisition,operating,0.0,0.0
own:14,0,installation,capital,50000.0,50000.0
own:14,1,installation,operating,0.0,0.0
own:14,2,installation,operating,0.0,0.0
own:14,3,installation,operating,0.0,0.0
own:14,4,installation,operating,0.0,0.0
own:14,5,installation,operating,0.0,0.0
own:14,6,installation,operating,0.0,0.0
own:14,7,installation,operating,0.0,0.0
own:14,8,installation,operating,0.0,0.0
own:14,9,installation,operating,0.0,0.0
own:14,10,installation,operating,0.0,0.0
own:14,11,installation,operating,0.0,0.0
own:14,12,installation,operating,0.0,0.0
own:14,13,installation,operating,0.0,0.0
own:14,14,installation,operating,0.0,0.0
own:14,15,installation,operating,0.0,0.0
own:14,16,installation,operating,0.0,0.0
own:14,17,installation,operating,0.0,0.0
own:14,18,installation,operating,0.0,0.0
own:14,19,installation,operating,0.0,0.0
own:14,20,installation,operating,0.0,0.0
own:14,21,installation,operating,0.0,0.0
own:14,22,installation,operating,0.0,0.0
own:14,23,installation,operating,0.0,0.0
own:14,24,installation,operating,0.0,0.0
own:14,25,installation,operating,0.0,0.0
own:14,26,installation,operating,0.0,0.0
own:14,27,installation,operating,0.0,0.0
own:14,28,installation,operating,0.0,0.0
own:14,29,installation,operating,0.0,0.0
own:14,30,installation,operating,0.0,0.0
own:14,31,installation,operating,0.0,0.0
own:14,32,installation,operating,0.0,0.0
own:14,33,installation,operating,0.0,0.0
own:14,34,installation,operating,0.0,0.0
own:14,35,installation,operating,0.0,0.0
own:14,36,installation,operating,0.0,0.0
own:14,0,network,capital,0.0,0.0
own:14,1,network,operating,0.0,0.0
own:14,2,network,operating,0.0,0.0
own:14,3,network,operating,0.0,0.0
own:14,4,network,operating,0.0,0.0
own:14,5,network,operating,0.0,0.0
own:14,6,network,operating,0.0,0.0
own:14,7,network,operating,0.0,0.0
own:14,8,network,operating,0.0,0.0
own:14,9,network,operating,0.0,0.0
own:14,10,network,operating,0.0,0.0
own:14,11,network,operating,0.0,0.0
own:14,12,network,operating,0.0,0.0
own:14,13,network,operating,0.0,0.0
own:14,14,network,operating,0.0,0.0
own:14,15,network,operating,0.0,0.0
own:14,16,network,operating,0.0,0.0
own:14,17,network,operating,0.0,0.0
own:14,18,network,operating,0.0,0.0
own:14,19,network,operating,0.0,0.0
own:14,20,network,operating,0.0,0.0
own:14,21,network,operating,0.0,0.0
own:14,22,network,operating,0.0,0.0
own:14,23,network,operating,0.0,0.0
own:14,24,network,operating,0.0,0.0
own:14,25,network,operating,0.0,0.0
own:14,26,network,operating,0.0,0.0
own:14,27,network,operating,0.0,0.0
own:14,28,network,operating,0.0,0.0
own:14,29,network,operating,0.0,0.0
own:14,30,network,operating,0.0,0.0
own:14,31,network,operating,0.0,0.0
own:14,32,network,operating,0.0,0.0
own:14,33,network,operating,0.0,0.0
own:14,34,network,operating,0.0,0.0
own:14,35,network,operating,0.0,0.0
own:14,36,network,operating,0.0,0.0
own:14,0,storage,capital,0.0,0.0
own:14,1,storage,operating,0.0,0.0
own:14,2,storage,operating,0.0,0.0
own:14,3,storage,operating,0.0,0.0
own:14,4,storage,operating,0.0,0.0
own:14,5,storage,operating,0.0,0.0
own:14,6,storage,operating,0.0,0.0
own:14,7,storage,operating,0.0,0.0
own:14,8,storage,operating,0.0,0.0
own:14,9,storage,operating,0.0,0.0
own:14,10,storage,operating,0.0,0.0
own:14,11,storage,operating,0.0,0.0
own:14,12,storage,operating,0.0,0.0
own:14,13,storage,operating,0.0,0.0
own:14,14,storage,operating,0.0,0.0
own:14,15,storage,operating,0.0,0.0
own:14,16,storage,operating,0.0,0.0
own:14,17,storage,operating,0.0,0.0
own:14,18,storage,operating,0.0,0.0
own:14,19,storage,operating,0.0,0.0
own:14,20,storage,operating,0.0,0.0
own:14,21,storage,operating,0.0,0.0
own:14,22,storage,operating,0.0,0.0
own:14,23,storage,operating,0.0,0.0
own:14,24,storage,operating,0.0,0.0
own:14,25,storage,operating,0.0,0.0
own:14,26,storage,operating,0.0,0.0
own:14,27,storage,operating,0.0,0.0
own:14,28,storage,operating,0.0,0.0
own:14,29,storage,operating,0.0,0.0
own:14,30,storage,operating,0.0,0.0
own:14,31,storage,operating,0.0,0.0
own:14,32,storage,operating,0.0,0.0
own:14,33,storage,operating,0.0,0.0
own:14,34,storage,operating,0.0,0.0
own:14,35,storage,operating,0.0,0.0
own:14,36,storage,operating,0.0,0.0
own:14,0,operations,capital,0.0,0.0
own:14,1,operations,operating,6666.666666666667,6613.926289646606
own:14,2,operations,operating,6666.666666666667,6561.603144731779
own:14,3,operations,operating,6666.666666666667,6509.693931175404
own:14,4,operations,operating,6666.666666666667,6458.195374343095
own:14,5,operations,operating,6666.666666666667,6407.104225506286
own:14,6,operations,operating,6666.666666666667,6356.417261637282
own:14,7,operations,operating,6666.666666666667,6306.131285205946
own:14,8,operations,operating,6666.666666666667,6256.243123977983
own:14,9,operations,operating,6666.666666666667,6206.749630814818
own:14,10,operations,operating,6666.666666666667,6157.647683475075
own:14,11,operations,operating,6666.666666666667,6108.934184417599
own:14,12,operations,operating,6666.666666666667,6060.606060606061
own:14,13,operations,operating,6666.666666666667,6012.660263315097
own:14,14,operations,operating,6666.666666666667,5965.09376793798
own:14,15,operations,operating,6666.666666666667,5917.903573795821
own:14,16,operations,operating,6666.666666666667,5871.086703948268
own:14,17,operations,operating,6666.666666666667,5824.640205005714
own:14,18,operations,operating,6666.666666666667,5778.561146942983
own:14,19,operations,operating,6666.666666666667,5732.846622914497
own:14,20,operations,operating,6666.666666666667,5687.493749070893
own:14,21,operations,operating,6666.666666666667,5642.499664377107
own:14,22,operations,operating,6666.666666666667,5597.8615304318855
own:14,23,operations,operating,6666.666666666667,5553.576531288725
own:14,24,operations,operating,6666.666666666667,5509.641873278237
own:14,25,operations,operating,6666.666666666667,5466.054784831905
own:14,26,operations,operating,6666.666666666667,5422.812516307255
own:14,27,operations,operating,6666.666666666667,5379.912339814382
own:14,28,operations,operating,6666.666666666667,5337.3515490438795
own:14,29,operations,operating,6666.666666666667,5295.127459096103
own:14,30,operations,operating,6666.666666666667,5253.237406311802
own:14,31,operations,operating,6666.666666666667,5211.678748104087
own:14,32,operations,operating,6666.666666666667,5170.448862791721
own:14,33,operations,operating,6666.666666666667,5129.545149433734
own:14,34,operations,operating,6666.666666666667,5088.96502766535
own:14,35,operations,operating,6666.666666666667,5048.705937535205
own:14,36,operations,operating,6666.666666666667,5008.76533934385
own:14,0,precommission,capital,0.0,0.0
own:14,1,precommission,operating,0.0,0.0
own:14,2,precommission,operating,0.0,0.0
own:14,3,precommission,operating,0.0,0.0
own:14,4,precommission,operating,0.0,0.0
own:14,5,precommission,operating,0.0,0.0
own:14,6,precommission,operating,0.0,0.0
own:14,7,precommission,operating,0.0,0.0
own:14,8,precommission,operating,0.0,0.0
own:14,9,precommission,operating,0.0,0.0
own:14,10,precommission,operating,0.0,0.0
own:14,11,precommission,operating,0.0,0.0
own:14,12,precommission,operating,0.0,0.0
own:14,13,precommission,operating,0.0,0.0
own:14,14,precommission,operating,0.0,0.0
own:14,15,precommission,operating,0.0,0.0
own:14,16,precommission,operating,0.0,0.0
own:14,17,precommission,operating,0.0,0.0
own:14,18,precommission,operating,0.0,0.0
own:14,19,precommission,operating,0.0,0.0
own:14,20,precommission,operating,0.0,0.0
own:14,21,precommission,operating,0.0,0.0
own:14,22,precommission,operating,0.0,0.0
own:14,23,precommission,operating,0.0,0.0
own:14,24,precommission,operating,0.0,0.0
own:14,25,precommission,operating,0.0,0.0
own:14,26,precommission,operating,0.0,0.0
own:14,27,precommission,operating,0.0,0.0
own:14,28,precommission,operating,0.0,0.0
own:14,29,precommission,operating,0.0,0.0
own:14,30,precommission,operating,0.0,0.0
own:14,31,precommission,operating,0.0,0.0
own:14,32,precommission,operating,0.0,0.0
own:14,33,precommission,operating,0.0,0.0
own:14,34,precommission,operating,0.0,0.0
own:14,35,precommission,operating,0.0,0.0
own:14,36,precommission,operating,0.0,0.0
own:14,0,electricity,capital,0.0,0.0
own:14,1,electricity,operating,6612.999639294592,6560.683825163104
own:14,2,electricity,operating,6419.075455636515,6317.913854396269
own:14,3,electricity,operating,6653.18986067852,6496.534448852503
own:14,4,electricity,operating,6673.435809981912,6464.752841850112
own:14,5,electricity,operating,6045.997538480355,5810.600456429712
own:14,6,electricity,operating,6714.231903976979,6401.768935961253
own:14,7,electricity,operating,4518.765998466225,4274.389745017912
own:14,8,electricity,operating,4679.718489407175,4391.61849322594
own:14,9,electricity,operating,4538.803627600849,4225.682660992879
own:14,10,electricity,operating,4700.527567263481,4341.628902850605
own:14,11,electricity,operating,4711.0102050997975,4316.887692761147
own:14,12,electricity,operating,4569.237344637384,4153.852131488531
own:14,13,electricity,operating,4732.132982405923,4267.906191605228
own:14,14,electricity,operating,4589.780949017374,4106.771060277601
own:14,15,electricity,operating,4753.467515554542,4219.584359733385
own:14,16,electricity,operating,4764.214853132315,4195.667771846697
own:14,17,electricity,operating,4466.950383694881,3902.756819795235
own:14,18,electricity,operating,4785.871007034964,4148.31723832997
own:14,19,electricity,operating,4642.045511680781,3991.820240258184
own:14,20,electricity,operating,4807.7442638804905,4101.602317192759
own:14,21,electricity,operating,4663.31901793538,3946.916399037564
own:14,22,electricity,operating,4829.836800125892,4055.513643253345
own:14,23,electricity,operating,4840.96598412652,4032.7012617318105
own:14,24,electricity,operating,4695.629820045632,3880.685801690605
own:14,25,electricity,operating,4863.391568117389,3987.5347127128794
own:14,26,electricity,operating,4717.440508991589,3837.269315564168
own:14,27,electricity,operating,4886.041968587765,3942.9716219484408
own:14,28,electricity,operating,4897.4521784307035,3920.913595637315
own:14,29,electricity,operating,4433.862719388388,3521.6802352943955
own:14,30,electricity,operating,4920.444036519471,3877.239100246188
own:14,31,electricity,operating,4772.928635518131,3731.245610392092
own:14,32,electricity,operating,4943.666387985579,3834.146138067253
own:14,33,electricity,operating,4795.514245089201,3689.821025240652
own:14,34,electricity,operating,4967.121543525133,3791.6261734743807
own:14,35,electricity,operating,4978.93715124276,3770.5784337140904
own:14,36,electricity,operating,4829.817906773199,3628.71367901818
own:14,0,hosting,capital,0.0,0.0
own:14,1,hosting,operating,0.0,0.0
own:14,2,hosting,operating,0.0,0.0
own:14,3,hosting,operating,0.0,0.0
own:14,4,hosting,operating,0.0,0.0
own:14,5,hosting,operating,0.0,0.0
own:14,6,hosting,operating,0.0,0.0
own:14,7,hosting,operating,0.0,0.0
own:14,8,hosting,operating,0.0,0.0
own:14,9,hosting,operating,0.0,0.0
own:14,10,hosting,operating,0.0,0.0
own:14,11,hosting,operating,0.0,0.0
own:14,12,hosting,operating,0.0,0.0
own:14,13,hosting,operating,0.0,0.0
own:14,14,hosting,operating,0.0,0.0
own:14,15,hosting,operating,0.0,0.0
own:14,16,hosting,operating,0.0,0.0
own:14,17,hosting,operating,0.0,0.0
own:14,18,hosting,operating,0.0,0.0
own:14,19,hosting,operating,0.0,0.0
own:14,20,hosting,operating,0.0,0.0
own:14,21,hosting,operating,0.0,0.0
own:14,22,hosting,operating,0.0,0.0
own:14,23,hosting,operating,0.0,0.0
own:14,24,hosting,operating,0.0,0.0
own:14,25,hosting,operating,0.0,0.0
own:14,26,hosting,operating,0.0,0.0
own:14,27,hosting,operating,0.0,0.0
own:14,28,hosting,operating,0.0,0.0
own:14,29,hosting,operating,0.0,0.0
own:14,30,hosting,operating,0.0,0.0
own:14,31,hosting,operating,0.0,0.0
own:14,32,hosting,operating,0.0,0.0
own:14,33,hosting,operating,0.0,0.0
own:14,34,hosting,operating,0.0,0.0
own:14,35,hosting,operating,0.0,0.0
own:14,36,hosting,operating,0.0,0.0
own:14,0,exit,terminal,0.0,0.0
own:14,1,exit,terminal,0.0,0.0
own:14,2,exit,terminal,0.0,0.0
own:14,3,exit,terminal,0.0,0.0
own:14,4,exit,terminal,0.0,0.0
own:14,5,exit,terminal,0.0,0.0
own:14,6,exit,terminal,0.0,0.0
own:14,7,exit,terminal,0.0,0.0
own:14,8,exit,terminal,0.0,0.0
own:14,9,exit,terminal,0.0,0.0
own:14,10,exit,terminal,0.0,0.0
own:14,11,exit,terminal,0.0,0.0
own:14,12,exit,terminal,0.0,0.0
own:14,13,exit,terminal,0.0,0.0
own:14,14,exit,terminal,0.0,0.0
own:14,15,exit,terminal,0.0,0.0
own:14,16,exit,terminal,0.0,0.0
own:14,17,exit,terminal,0.0,0.0
own:14,18,exit,terminal,0.0,0.0
own:14,19,exit,terminal,0.0,0.0
own:14,20,exit,terminal,0.0,0.0
own:14,21,exit,terminal,0.0,0.0
own:14,22,exit,terminal,0.0,0.0
own:14,23,exit,terminal,0.0,0.0
own:14,24,exit,terminal,0.0,0.0
own:14,25,exit,terminal,0.0,0.0
own:14,26,exit,terminal,0.0,0.0
own:14,27,exit,terminal,0.0,0.0
own:14,28,exit,terminal,0.0,0.0
own:14,29,exit,terminal,0.0,0.0
own:14,30,exit,terminal,0.0,0.0
own:14,31,exit,terminal,0.0,0.0
own:14,32,exit,terminal,0.0,0.0
own:14,33,exit,terminal,0.0,0.0
own:14,34,exit,terminal,0.0,0.0
own:14,35,exit,terminal,0.0,0.0
own:14,36,exit,terminal,0.0,0.0
own:14,0,residual,terminal,0.0,0.0
own:14,1,residual,terminal,0.0,0.0
own:14,2,residual,terminal,0.0,0.0
own:14,3,residual,terminal,0.0,0.0
own:14,4,residual,terminal,0.0,0.0
own:14,5,residual,terminal,0.0,0.0
own:14,6,residual,terminal,0.0,0.0
own:14,7,residual,terminal,0.0,0.0
own:14,8,residual,terminal,0.0,0.0
own:14,9,residual,terminal,0.0,0.0
own:14,10,residual,terminal,0.0,0.0
own:14,11,residual,terminal,0.0,0.0
own:14,12,residual,terminal,0.0,0.0
own:14,13,residual,terminal,0.0,0.0
own:14,14,residual,terminal,0.0,0.0
own:14,15,residual,terminal,0.0,0.0
own:14,16,residual,terminal,0.0,0.0
own:14,17,residual,terminal,0.0,0.0
own:14,18,residual,terminal,0.0,0.0
own:14,19,residual,terminal,0.0,0.0
own:14,20,residual,terminal,0.0,0.0
own:14,21,residual,terminal,0.0,0.0
own:14,22,residual,terminal,0.0,0.0
own:14,23,residual,terminal,0.0,0.0
own:14,24,residual,terminal,0.0,0.0
own:14,25,residual,terminal,0.0,0.0
own:14,26,residual,terminal,0.0,0.0
own:14,27,residual,terminal,0.0,0.0
own:14,28,residual,terminal,0.0,0.0
own:14,29,residual,terminal,0.0,0.0
own:14,30,residual,terminal,0.0,0.0
own:14,31,residual,terminal,0.0,0.0
own:14,32,residual,terminal,0.0,0.0
own:14,33,residual,terminal,0.0,0.0
own:14,34,residual,terminal,0.0,0.0
own:14,35,residual,terminal,0.0,0.0
own:14,36,residual,terminal,0.0,0.0
own:15,0,on_demand,capital,0.0,0.0
own:15,1,on_demand,operating,0.0,0.0
own:15,2,on_demand,operating,0.0,0.0
own:15,3,on_demand,operating,0.0,0.0
own:15,4,on_demand,operating,0.0,0.0
own:15,5,on_demand,operating,0.0,0.0
own:15,6,on_demand,operating,0.0,0.0
own:15,7,on_demand,operating,0.0,0.0
own:15,8,on_demand,operating,0.0,0.0
own:15,9,on_demand,operating,0.0,0.0
own:15,10,on_demand,operating,0.0,0.0
own:15,11,on_demand,operating,0.0,0.0
own:15,12,on_demand,operating,0.0,0.0
own:15,13,on_demand,operating,0.0,0.0
own:15,14,on_demand,operating,0.0,0.0
own:15,15,on_demand,operating,0.0,0.0
own:15,16,on_demand,operating,0.0,0.0
own:15,17,on_demand,operating,0.0,0.0
own:15,18,on_demand,operating,0.0,0.0
own:15,19,on_demand,operating,0.0,0.0
own:15,20,on_demand,operating,0.0,0.0
own:15,21,on_demand,operating,0.0,0.0
own:15,22,on_demand,operating,0.0,0.0
own:15,23,on_demand,operating,0.0,0.0
own:15,24,on_demand,operating,0.0,0.0
own:15,25,on_demand,operating,0.0,0.0
own:15,26,on_demand,operating,0.0,0.0
own:15,27,on_demand,operating,0.0,0.0
own:15,28,on_demand,operating,0.0,0.0
own:15,29,on_demand,operating,0.0,0.0
own:15,30,on_demand,operating,0.0,0.0
own:15,31,on_demand,operating,0.0,0.0
own:15,32,on_demand,operating,0.0,0.0
own:15,33,on_demand,operating,0.0,0.0
own:15,34,on_demand,operating,0.0,0.0
own:15,35,on_demand,operating,0.0,0.0
own:15,36,on_demand,operating,0.0,0.0
own:15,0,variable_service,capital,0.0,0.0
own:15,1,variable_service,operating,0.0,0.0
own:15,2,variable_service,operating,0.0,0.0
own:15,3,variable_service,operating,0.0,0.0
own:15,4,variable_service,operating,0.0,0.0
own:15,5,variable_service,operating,0.0,0.0
own:15,6,variable_service,operating,0.0,0.0
own:15,7,variable_service,operating,0.0,0.0
own:15,8,variable_service,operating,0.0,0.0
own:15,9,variable_service,operating,0.0,0.0
own:15,10,variable_service,operating,0.0,0.0
own:15,11,variable_service,operating,0.0,0.0
own:15,12,variable_service,operating,0.0,0.0
own:15,13,variable_service,operating,0.0,0.0
own:15,14,variable_service,operating,0.0,0.0
own:15,15,variable_service,operating,0.0,0.0
own:15,16,variable_service,operating,0.0,0.0
own:15,17,variable_service,operating,0.0,0.0
own:15,18,variable_service,operating,0.0,0.0
own:15,19,variable_service,operating,0.0,0.0
own:15,20,variable_service,operating,0.0,0.0
own:15,21,variable_service,operating,0.0,0.0
own:15,22,variable_service,operating,0.0,0.0
own:15,23,variable_service,operating,0.0,0.0
own:15,24,variable_service,operating,0.0,0.0
own:15,25,variable_service,operating,0.0,0.0
own:15,26,variable_service,operating,0.0,0.0
own:15,27,variable_service,operating,0.0,0.0
own:15,28,variable_service,operating,0.0,0.0
own:15,29,variable_service,operating,0.0,0.0
own:15,30,variable_service,operating,0.0,0.0
own:15,31,variable_service,operating,0.0,0.0
own:15,32,variable_service,operating,0.0,0.0
own:15,33,variable_service,operating,0.0,0.0
own:15,34,variable_service,operating,0.0,0.0
own:15,35,variable_service,operating,0.0,0.0
own:15,36,variable_service,operating,0.0,0.0
own:15,0,node_acquisition,capital,6000000.0,6000000.0
own:15,1,node_acquisition,operating,0.0,0.0
own:15,2,node_acquisition,operating,0.0,0.0
own:15,3,node_acquisition,operating,0.0,0.0
own:15,4,node_acquisition,operating,0.0,0.0
own:15,5,node_acquisition,operating,0.0,0.0
own:15,6,node_acquisition,operating,0.0,0.0
own:15,7,node_acquisition,operating,0.0,0.0
own:15,8,node_acquisition,operating,0.0,0.0
own:15,9,node_acquisition,operating,0.0,0.0
own:15,10,node_acquisition,operating,0.0,0.0
own:15,11,node_acquisition,operating,0.0,0.0
own:15,12,node_acquisition,operating,0.0,0.0
own:15,13,node_acquisition,operating,0.0,0.0
own:15,14,node_acquisition,operating,0.0,0.0
own:15,15,node_acquisition,operating,0.0,0.0
own:15,16,node_acquisition,operating,0.0,0.0
own:15,17,node_acquisition,operating,0.0,0.0
own:15,18,node_acquisition,operating,0.0,0.0
own:15,19,node_acquisition,operating,0.0,0.0
own:15,20,node_acquisition,operating,0.0,0.0
own:15,21,node_acquisition,operating,0.0,0.0
own:15,22,node_acquisition,operating,0.0,0.0
own:15,23,node_acquisition,operating,0.0,0.0
own:15,24,node_acquisition,operating,0.0,0.0
own:15,25,node_acquisition,operating,0.0,0.0
own:15,26,node_acquisition,operating,0.0,0.0
own:15,27,node_acquisition,operating,0.0,0.0
own:15,28,node_acquisition,operating,0.0,0.0
own:15,29,node_acquisition,operating,0.0,0.0
own:15,30,node_acquisition,operating,0.0,0.0
own:15,31,node_acquisition,operating,0.0,0.0
own:15,32,node_acquisition,operating,0.0,0.0
own:15,33,node_acquisition,operating,0.0,0.0
own:15,34,node_acquisition,operating,0.0,0.0
own:15,35,node_acquisition,operating,0.0,0.0
own:15,36,node_acquisition,operating,0.0,0.0
own:15,0,installation,capital,50000.0,50000.0
own:15,1,installation,operating,0.0,0.0
own:15,2,installation,operating,0.0,0.0
own:15,3,installation,operating,0.0,0.0
own:15,4,installation,operating,0.0,0.0
own:15,5,installation,operating,0.0,0.0
own:15,6,installation,operating,0.0,0.0
own:15,7,installation,operating,0.0,0.0
own:15,8,installation,operating,0.0,0.0
own:15,9,installation,operating,0.0,0.0
own:15,10,installation,operating,0.0,0.0
own:15,11,installation,operating,0.0,0.0
own:15,12,installation,operating,0.0,0.0
own:15,13,installation,operating,0.0,0.0
own:15,14,installation,operating,0.0,0.0
own:15,15,installation,operating,0.0,0.0
own:15,16,installation,operating,0.0,0.0
own:15,17,installation,operating,0.0,0.0
own:15,18,installation,operating,0.0,0.0
own:15,19,installation,operating,0.0,0.0
own:15,20,installation,operating,0.0,0.0
own:15,21,installation,operating,0.0,0.0
own:15,22,installation,operating,0.0,0.0
own:15,23,installation,operating,0.0,0.0
own:15,24,installation,operating,0.0,0.0
own:15,25,installation,operating,0.0,0.0
own:15,26,installation,operating,0.0,0.0
own:15,27,installation,operating,0.0,0.0
own:15,28,installation,operating,0.0,0.0
own:15,29,installation,operating,0.0,0.0
own:15,30,installation,operating,0.0,0.0
own:15,31,installation,operating,0.0,0.0
own:15,32,installation,operating,0.0,0.0
own:15,33,installation,operating,0.0,0.0
own:15,34,installation,operating,0.0,0.0
own:15,35,installation,operating,0.0,0.0
own:15,36,installation,operating,0.0,0.0
own:15,0,network,capital,0.0,0.0
own:15,1,network,operating,0.0,0.0
own:15,2,network,operating,0.0,0.0
own:15,3,network,operating,0.0,0.0
own:15,4,network,operating,0.0,0.0
own:15,5,network,operating,0.0,0.0
own:15,6,network,operating,0.0,0.0
own:15,7,network,operating,0.0,0.0
own:15,8,network,operating,0.0,0.0
own:15,9,network,operating,0.0,0.0
own:15,10,network,operating,0.0,0.0
own:15,11,network,operating,0.0,0.0
own:15,12,network,operating,0.0,0.0
own:15,13,network,operating,0.0,0.0
own:15,14,network,operating,0.0,0.0
own:15,15,network,operating,0.0,0.0
own:15,16,network,operating,0.0,0.0
own:15,17,network,operating,0.0,0.0
own:15,18,network,operating,0.0,0.0
own:15,19,network,operating,0.0,0.0
own:15,20,network,operating,0.0,0.0
own:15,21,network,operating,0.0,0.0
own:15,22,network,operating,0.0,0.0
own:15,23,network,operating,0.0,0.0
own:15,24,network,operating,0.0,0.0
own:15,25,network,operating,0.0,0.0
own:15,26,network,operating,0.0,0.0
own:15,27,network,operating,0.0,0.0
own:15,28,network,operating,0.0,0.0
own:15,29,network,operating,0.0,0.0
own:15,30,network,operating,0.0,0.0
own:15,31,network,operating,0.0,0.0
own:15,32,network,operating,0.0,0.0
own:15,33,network,operating,0.0,0.0
own:15,34,network,operating,0.0,0.0
own:15,35,network,operating,0.0,0.0
own:15,36,network,operating,0.0,0.0
own:15,0,storage,capital,0.0,0.0
own:15,1,storage,operating,0.0,0.0
own:15,2,storage,operating,0.0,0.0
own:15,3,storage,operating,0.0,0.0
own:15,4,storage,operating,0.0,0.0
own:15,5,storage,operating,0.0,0.0
own:15,6,storage,operating,0.0,0.0
own:15,7,storage,operating,0.0,0.0
own:15,8,storage,operating,0.0,0.0
own:15,9,storage,operating,0.0,0.0
own:15,10,storage,operating,0.0,0.0
own:15,11,storage,operating,0.0,0.0
own:15,12,storage,operating,0.0,0.0
own:15,13,storage,operating,0.0,0.0
own:15,14,storage,operating,0.0,0.0
own:15,15,storage,operating,0.0,0.0
own:15,16,storage,operating,0.0,0.0
own:15,17,storage,operating,0.0,0.0
own:15,18,storage,operating,0.0,0.0
own:15,19,storage,operating,0.0,0.0
own:15,20,storage,operating,0.0,0.0
own:15,21,storage,operating,0.0,0.0
own:15,22,storage,operating,0.0,0.0
own:15,23,storage,operating,0.0,0.0
own:15,24,storage,operating,0.0,0.0
own:15,25,storage,operating,0.0,0.0
own:15,26,storage,operating,0.0,0.0
own:15,27,storage,operating,0.0,0.0
own:15,28,storage,operating,0.0,0.0
own:15,29,storage,operating,0.0,0.0
own:15,30,storage,operating,0.0,0.0
own:15,31,storage,operating,0.0,0.0
own:15,32,storage,operating,0.0,0.0
own:15,33,storage,operating,0.0,0.0
own:15,34,storage,operating,0.0,0.0
own:15,35,storage,operating,0.0,0.0
own:15,36,storage,operating,0.0,0.0
own:15,0,operations,capital,0.0,0.0
own:15,1,operations,operating,7000.0,6944.6226041289365
own:15,2,operations,operating,7000.0,6889.683301968367
own:15,3,operations,operating,7000.0,6835.1786277341735
own:15,4,operations,operating,7000.0,6781.105143060249
own:15,5,operations,operating,7000.0,6727.4594367816
own:15,6,operations,operating,7000.0,6674.238124719146
own:15,7,operations,operating,7000.0,6621.437849466243
own:15,8,operations,operating,7000.0,6569.055280176882
own:15,9,operations,operating,7000.0,6517.087112355559
own:15,10,operations,operating,7000.0,6465.530067648828
own:15,11,operations,operating,7000.0,6414.3808936384785
own:15,12,operations,operating,7000.0,6363.636363636363
own:15,13,operations,operating,7000.0,6313.293276480851
own:15,14,operations,operating,7000.0,6263.348456334878
own:15,15,operations,operating,7000.0,6213.798752485613
own:15,16,operations,operating,7000.0,6164.641039145681
own:15,17,operations,operating,7000.0,6115.872215255999
own:15,18,operations,operating,7000.0,6067.489204290132
own:15,19,operations,operating,7000.0,6019.488954060222
own:15,20,operations,operating,7000.0,5971.868436524437
own:15,21,operations,operating,7000.0,5924.624647595962
own:15,22,operations,operating,7000.0,5877.754606953479
own:15,23,operations,operating,7000.0,5831.2553578531615
own:15,24,operations,operating,7000.0,5785.123966942148
own:15,25,operations,operating,7000.0,5739.3575240735
own:15,26,operations,operating,7000.0,5693.9531421226175
own:15,27,operations,operating,7000.0,5648.907956805101
own:15,28,operations,operating,7000.0,5604.219126496073
own:15,29,operations,operating,7000.0,5559.883832050908
own:15,30,operations,operating,7000.0,5515.899276627392
own:15,31,operations,operating,7000.0,5472.262685509291
own:15,32,operations,operating,7000.0,5428.971305931306
own:15,33,operations,operating,7000.0,5386.02240690542
own:15,34,operations,operating,7000.0,5343.413279048617
own:15,35,operations,operating,7000.0,5301.141234411964
own:15,36,operations,operating,7000.0,5259.203606311043
own:15,0,precommission,capital,0.0,0.0
own:15,1,precommission,operating,0.0,0.0
own:15,2,precommission,operating,0.0,0.0
own:15,3,precommission,operating,0.0,0.0
own:15,4,precommission,operating,0.0,0.0
own:15,5,precommission,operating,0.0,0.0
own:15,6,precommission,operating,0.0,0.0
own:15,7,precommission,operating,0.0,0.0
own:15,8,precommission,operating,0.0,0.0
own:15,9,precommission,operating,0.0,0.0
own:15,10,precommission,operating,0.0,0.0
own:15,11,precommission,operating,0.0,0.0
own:15,12,precommission,operating,0.0,0.0
own:15,13,precommission,operating,0.0,0.0
own:15,14,precommission,operating,0.0,0.0
own:15,15,precommission,operating,0.0,0.0
own:15,16,precommission,operating,0.0,0.0
own:15,17,precommission,operating,0.0,0.0
own:15,18,precommission,operating,0.0,0.0
own:15,19,precommission,operating,0.0,0.0
own:15,20,precommission,operating,0.0,0.0
own:15,21,precommission,operating,0.0,0.0
own:15,22,precommission,operating,0.0,0.0
own:15,23,precommission,operating,0.0,0.0
own:15,24,precommission,operating,0.0,0.0
own:15,25,precommission,operating,0.0,0.0
own:15,26,precommission,operating,0.0,0.0
own:15,27,precommission,operating,0.0,0.0
own:15,28,precommission,operating,0.0,0.0
own:15,29,precommission,operating,0.0,0.0
own:15,30,precommission,operating,0.0,0.0
own:15,31,precommission,operating,0.0,0.0
own:15,32,precommission,operating,0.0,0.0
own:15,33,precommission,operating,0.0,0.0
own:15,34,precommission,operating,0.0,0.0
own:15,35,precommission,operating,0.0,0.0
own:15,36,precommission,operating,0.0,0.0
own:15,0,electricity,capital,0.0,0.0
own:15,1,electricity,operating,6798.999639294592,6745.212368644245
own:15,2,electricity,operating,6599.0754556365155,6495.077139304029
own:15,3,electricity,operating,6839.18986067852,6678.154909532297
own:15,4,electricity,operating,6859.435809981912,6644.936492794284
own:15,5,electricity,operating,6213.997538480355,5972.05948291247
own:15,6,electricity,operating,6900.231903976979,6579.112977560933
own:15,7,electricity,operating,4698.765998466225,4444.655289718473
own:15,8,electricity,operating,4865.718489407175,4566.167676384926
own:15,9,electricity,operating,4718.803627600849,4393.264901024879
own:15,10,electricity,operating,4886.527567263481,4513.4272732195595
own:15,11,electricity,operating,4897.0102050997975,4487.326956506398
own:15,12,electricity,operating,4749.237344637384,4317.488495124894
own:15,13,electricity,operating,4918.132982405923,4435.659412951719
own:15,14,electricity,operating,4769.780949017374,4267.828592011926
own:15,15,electricity,operating,4939.467515554542,4384.693869442289
own:15,16,electricity,operating,4950.214853132315,4359.471090886854
own:15,17,electricity,operating,4640.950383694881,4054.779929145884
own:15,18,electricity,operating,4971.871007034964,4309.539094329679
own:15,19,electricity,operating,4822.045511680781,4146.607099076876
own:15,20,electricity,operating,4993.7442638804905,4260.283392791837
own:15,21,electricity,operating,4843.31901793538,4099.263889975746
own:15,22,electricity,operating,5015.836800125892,4211.693979952394
own:15,23,electricity,operating,5026.96598412652,4187.646046954766
own:15,24,electricity,operating,4875.629820045632,4029.4461322691172
own:15,25,electricity,operating,5049.391568117389,4140.037641209689
own:15,26,electricity,operating,4897.440508991589,3983.685253504464
own:15,27,electricity,operating,5072.041968587765,4093.071176229262
own:15,28,electricity,operating,5083.4521784307035,4069.8257038556394
own:15,29,electricity,operating,4601.862719388388,3655.117447263617
own:15,30,electricity,operating,5106.444036519471,4023.8044238822877
own:15,31,electricity,operating,4952.928635518131,3871.9609365909027
own:15,32,electricity,operating,5129.666387985579,3978.4016613391423
own:15,33,electricity,operating,4975.514245089201,3828.318744275363
own:15,34,electricity,operating,5153.121543525133,3933.608297746244
own:15,35,electricity,operating,5164.93715124276,3911.4373293713224
own:15,36,electricity,operating,5009.817906773199,3763.9503431804637
own:15,0,hosting,capital,0.0,0.0
own:15,1,hosting,operating,0.0,0.0
own:15,2,hosting,operating,0.0,0.0
own:15,3,hosting,operating,0.0,0.0
own:15,4,hosting,operating,0.0,0.0
own:15,5,hosting,operating,0.0,0.0
own:15,6,hosting,operating,0.0,0.0
own:15,7,hosting,operating,0.0,0.0
own:15,8,hosting,operating,0.0,0.0
own:15,9,hosting,operating,0.0,0.0
own:15,10,hosting,operating,0.0,0.0
own:15,11,hosting,operating,0.0,0.0
own:15,12,hosting,operating,0.0,0.0
own:15,13,hosting,operating,0.0,0.0
own:15,14,hosting,operating,0.0,0.0
own:15,15,hosting,operating,0.0,0.0
own:15,16,hosting,operating,0.0,0.0
own:15,17,hosting,operating,0.0,0.0
own:15,18,hosting,operating,0.0,0.0
own:15,19,hosting,operating,0.0,0.0
own:15,20,hosting,operating,0.0,0.0
own:15,21,hosting,operating,0.0,0.0
own:15,22,hosting,operating,0.0,0.0
own:15,23,hosting,operating,0.0,0.0
own:15,24,hosting,operating,0.0,0.0
own:15,25,hosting,operating,0.0,0.0
own:15,26,hosting,operating,0.0,0.0
own:15,27,hosting,operating,0.0,0.0
own:15,28,hosting,operating,0.0,0.0
own:15,29,hosting,operating,0.0,0.0
own:15,30,hosting,operating,0.0,0.0
own:15,31,hosting,operating,0.0,0.0
own:15,32,hosting,operating,0.0,0.0
own:15,33,hosting,operating,0.0,0.0
own:15,34,hosting,operating,0.0,0.0
own:15,35,hosting,operating,0.0,0.0
own:15,36,hosting,operating,0.0,0.0
own:15,0,exit,terminal,0.0,0.0
own:15,1,exit,terminal,0.0,0.0
own:15,2,exit,terminal,0.0,0.0
own:15,3,exit,terminal,0.0,0.0
own:15,4,exit,terminal,0.0,0.0
own:15,5,exit,terminal,0.0,0.0
own:15,6,exit,terminal,0.0,0.0
own:15,7,exit,terminal,0.0,0.0
own:15,8,exit,terminal,0.0,0.0
own:15,9,exit,terminal,0.0,0.0
own:15,10,exit,terminal,0.0,0.0
own:15,11,exit,terminal,0.0,0.0
own:15,12,exit,terminal,0.0,0.0
own:15,13,exit,terminal,0.0,0.0
own:15,14,exit,terminal,0.0,0.0
own:15,15,exit,terminal,0.0,0.0
own:15,16,exit,terminal,0.0,0.0
own:15,17,exit,terminal,0.0,0.0
own:15,18,exit,terminal,0.0,0.0
own:15,19,exit,terminal,0.0,0.0
own:15,20,exit,terminal,0.0,0.0
own:15,21,exit,terminal,0.0,0.0
own:15,22,exit,terminal,0.0,0.0
own:15,23,exit,terminal,0.0,0.0
own:15,24,exit,terminal,0.0,0.0
own:15,25,exit,terminal,0.0,0.0
own:15,26,exit,terminal,0.0,0.0
own:15,27,exit,terminal,0.0,0.0
own:15,28,exit,terminal,0.0,0.0
own:15,29,exit,terminal,0.0,0.0
own:15,30,exit,terminal,0.0,0.0
own:15,31,exit,terminal,0.0,0.0
own:15,32,exit,terminal,0.0,0.0
own:15,33,exit,terminal,0.0,0.0
own:15,34,exit,terminal,0.0,0.0
own:15,35,exit,terminal,0.0,0.0
own:15,36,exit,terminal,0.0,0.0
own:15,0,residual,terminal,0.0,0.0
own:15,1,residual,terminal,0.0,0.0
own:15,2,residual,terminal,0.0,0.0
own:15,3,residual,terminal,0.0,0.0
own:15,4,residual,terminal,0.0,0.0
own:15,5,residual,terminal,0.0,0.0
own:15,6,residual,terminal,0.0,0.0
own:15,7,residual,terminal,0.0,0.0
own:15,8,residual,terminal,0.0,0.0
own:15,9,residual,terminal,0.0,0.0
own:15,10,residual,terminal,0.0,0.0
own:15,11,residual,terminal,0.0,0.0
own:15,12,residual,terminal,0.0,0.0
own:15,13,residual,terminal,0.0,0.0
own:15,14,residual,terminal,0.0,0.0
own:15,15,residual,terminal,0.0,0.0
own:15,16,residual,terminal,0.0,0.0
own:15,17,residual,terminal,0.0,0.0
own:15,18,residual,terminal,0.0,0.0
own:15,19,residual,terminal,0.0,0.0
own:15,20,residual,terminal,0.0,0.0
own:15,21,residual,terminal,0.0,0.0
own:15,22,residual,terminal,0.0,0.0
own:15,23,residual,terminal,0.0,0.0
own:15,24,residual,terminal,0.0,0.0
own:15,25,residual,terminal,0.0,0.0
own:15,26,residual,terminal,0.0,0.0
own:15,27,residual,terminal,0.0,0.0
own:15,28,residual,terminal,0.0,0.0
own:15,29,residual,terminal,0.0,0.0
own:15,30,residual,terminal,0.0,0.0
own:15,31,residual,terminal,0.0,0.0
own:15,32,residual,terminal,0.0,0.0
own:15,33,residual,terminal,0.0,0.0
own:15,34,residual,terminal,0.0,0.0
own:15,35,residual,terminal,0.0,0.0
own:15,36,residual,terminal,0.0,0.0
own:16,0,on_demand,capital,0.0,0.0
own:16,1,on_demand,operating,0.0,0.0
own:16,2,on_demand,operating,0.0,0.0
own:16,3,on_demand,operating,0.0,0.0
own:16,4,on_demand,operating,0.0,0.0
own:16,5,on_demand,operating,0.0,0.0
own:16,6,on_demand,operating,0.0,0.0
own:16,7,on_demand,operating,0.0,0.0
own:16,8,on_demand,operating,0.0,0.0
own:16,9,on_demand,operating,0.0,0.0
own:16,10,on_demand,operating,0.0,0.0
own:16,11,on_demand,operating,0.0,0.0
own:16,12,on_demand,operating,0.0,0.0
own:16,13,on_demand,operating,0.0,0.0
own:16,14,on_demand,operating,0.0,0.0
own:16,15,on_demand,operating,0.0,0.0
own:16,16,on_demand,operating,0.0,0.0
own:16,17,on_demand,operating,0.0,0.0
own:16,18,on_demand,operating,0.0,0.0
own:16,19,on_demand,operating,0.0,0.0
own:16,20,on_demand,operating,0.0,0.0
own:16,21,on_demand,operating,0.0,0.0
own:16,22,on_demand,operating,0.0,0.0
own:16,23,on_demand,operating,0.0,0.0
own:16,24,on_demand,operating,0.0,0.0
own:16,25,on_demand,operating,0.0,0.0
own:16,26,on_demand,operating,0.0,0.0
own:16,27,on_demand,operating,0.0,0.0
own:16,28,on_demand,operating,0.0,0.0
own:16,29,on_demand,operating,0.0,0.0
own:16,30,on_demand,operating,0.0,0.0
own:16,31,on_demand,operating,0.0,0.0
own:16,32,on_demand,operating,0.0,0.0
own:16,33,on_demand,operating,0.0,0.0
own:16,34,on_demand,operating,0.0,0.0
own:16,35,on_demand,operating,0.0,0.0
own:16,36,on_demand,operating,0.0,0.0
own:16,0,variable_service,capital,0.0,0.0
own:16,1,variable_service,operating,0.0,0.0
own:16,2,variable_service,operating,0.0,0.0
own:16,3,variable_service,operating,0.0,0.0
own:16,4,variable_service,operating,0.0,0.0
own:16,5,variable_service,operating,0.0,0.0
own:16,6,variable_service,operating,0.0,0.0
own:16,7,variable_service,operating,0.0,0.0
own:16,8,variable_service,operating,0.0,0.0
own:16,9,variable_service,operating,0.0,0.0
own:16,10,variable_service,operating,0.0,0.0
own:16,11,variable_service,operating,0.0,0.0
own:16,12,variable_service,operating,0.0,0.0
own:16,13,variable_service,operating,0.0,0.0
own:16,14,variable_service,operating,0.0,0.0
own:16,15,variable_service,operating,0.0,0.0
own:16,16,variable_service,operating,0.0,0.0
own:16,17,variable_service,operating,0.0,0.0
own:16,18,variable_service,operating,0.0,0.0
own:16,19,variable_service,operating,0.0,0.0
own:16,20,variable_service,operating,0.0,0.0
own:16,21,variable_service,operating,0.0,0.0
own:16,22,variable_service,operating,0.0,0.0
own:16,23,variable_service,operating,0.0,0.0
own:16,24,variable_service,operating,0.0,0.0
own:16,25,variable_service,operating,0.0,0.0
own:16,26,variable_service,operating,0.0,0.0
own:16,27,variable_service,operating,0.0,0.0
own:16,28,variable_service,operating,0.0,0.0
own:16,29,variable_service,operating,0.0,0.0
own:16,30,variable_service,operating,0.0,0.0
own:16,31,variable_service,operating,0.0,0.0
own:16,32,variable_service,operating,0.0,0.0
own:16,33,variable_service,operating,0.0,0.0
own:16,34,variable_service,operating,0.0,0.0
own:16,35,variable_service,operating,0.0,0.0
own:16,36,variable_service,operating,0.0,0.0
own:16,0,node_acquisition,capital,6400000.0,6400000.0
own:16,1,node_acquisition,operating,0.0,0.0
own:16,2,node_acquisition,operating,0.0,0.0
own:16,3,node_acquisition,operating,0.0,0.0
own:16,4,node_acquisition,operating,0.0,0.0
own:16,5,node_acquisition,operating,0.0,0.0
own:16,6,node_acquisition,operating,0.0,0.0
own:16,7,node_acquisition,operating,0.0,0.0
own:16,8,node_acquisition,operating,0.0,0.0
own:16,9,node_acquisition,operating,0.0,0.0
own:16,10,node_acquisition,operating,0.0,0.0
own:16,11,node_acquisition,operating,0.0,0.0
own:16,12,node_acquisition,operating,0.0,0.0
own:16,13,node_acquisition,operating,0.0,0.0
own:16,14,node_acquisition,operating,0.0,0.0
own:16,15,node_acquisition,operating,0.0,0.0
own:16,16,node_acquisition,operating,0.0,0.0
own:16,17,node_acquisition,operating,0.0,0.0
own:16,18,node_acquisition,operating,0.0,0.0
own:16,19,node_acquisition,operating,0.0,0.0
own:16,20,node_acquisition,operating,0.0,0.0
own:16,21,node_acquisition,operating,0.0,0.0
own:16,22,node_acquisition,operating,0.0,0.0
own:16,23,node_acquisition,operating,0.0,0.0
own:16,24,node_acquisition,operating,0.0,0.0
own:16,25,node_acquisition,operating,0.0,0.0
own:16,26,node_acquisition,operating,0.0,0.0
own:16,27,node_acquisition,operating,0.0,0.0
own:16,28,node_acquisition,operating,0.0,0.0
own:16,29,node_acquisition,operating,0.0,0.0
own:16,30,node_acquisition,operating,0.0,0.0
own:16,31,node_acquisition,operating,0.0,0.0
own:16,32,node_acquisition,operating,0.0,0.0
own:16,33,node_acquisition,operating,0.0,0.0
own:16,34,node_acquisition,operating,0.0,0.0
own:16,35,node_acquisition,operating,0.0,0.0
own:16,36,node_acquisition,operating,0.0,0.0
own:16,0,installation,capital,50000.0,50000.0
own:16,1,installation,operating,0.0,0.0
own:16,2,installation,operating,0.0,0.0
own:16,3,installation,operating,0.0,0.0
own:16,4,installation,operating,0.0,0.0
own:16,5,installation,operating,0.0,0.0
own:16,6,installation,operating,0.0,0.0
own:16,7,installation,operating,0.0,0.0
own:16,8,installation,operating,0.0,0.0
own:16,9,installation,operating,0.0,0.0
own:16,10,installation,operating,0.0,0.0
own:16,11,installation,operating,0.0,0.0
own:16,12,installation,operating,0.0,0.0
own:16,13,installation,operating,0.0,0.0
own:16,14,installation,operating,0.0,0.0
own:16,15,installation,operating,0.0,0.0
own:16,16,installation,operating,0.0,0.0
own:16,17,installation,operating,0.0,0.0
own:16,18,installation,operating,0.0,0.0
own:16,19,installation,operating,0.0,0.0
own:16,20,installation,operating,0.0,0.0
own:16,21,installation,operating,0.0,0.0
own:16,22,installation,operating,0.0,0.0
own:16,23,installation,operating,0.0,0.0
own:16,24,installation,operating,0.0,0.0
own:16,25,installation,operating,0.0,0.0
own:16,26,installation,operating,0.0,0.0
own:16,27,installation,operating,0.0,0.0
own:16,28,installation,operating,0.0,0.0
own:16,29,installation,operating,0.0,0.0
own:16,30,installation,operating,0.0,0.0
own:16,31,installation,operating,0.0,0.0
own:16,32,installation,operating,0.0,0.0
own:16,33,installation,operating,0.0,0.0
own:16,34,installation,operating,0.0,0.0
own:16,35,installation,operating,0.0,0.0
own:16,36,installation,operating,0.0,0.0
own:16,0,network,capital,0.0,0.0
own:16,1,network,operating,0.0,0.0
own:16,2,network,operating,0.0,0.0
own:16,3,network,operating,0.0,0.0
own:16,4,network,operating,0.0,0.0
own:16,5,network,operating,0.0,0.0
own:16,6,network,operating,0.0,0.0
own:16,7,network,operating,0.0,0.0
own:16,8,network,operating,0.0,0.0
own:16,9,network,operating,0.0,0.0
own:16,10,network,operating,0.0,0.0
own:16,11,network,operating,0.0,0.0
own:16,12,network,operating,0.0,0.0
own:16,13,network,operating,0.0,0.0
own:16,14,network,operating,0.0,0.0
own:16,15,network,operating,0.0,0.0
own:16,16,network,operating,0.0,0.0
own:16,17,network,operating,0.0,0.0
own:16,18,network,operating,0.0,0.0
own:16,19,network,operating,0.0,0.0
own:16,20,network,operating,0.0,0.0
own:16,21,network,operating,0.0,0.0
own:16,22,network,operating,0.0,0.0
own:16,23,network,operating,0.0,0.0
own:16,24,network,operating,0.0,0.0
own:16,25,network,operating,0.0,0.0
own:16,26,network,operating,0.0,0.0
own:16,27,network,operating,0.0,0.0
own:16,28,network,operating,0.0,0.0
own:16,29,network,operating,0.0,0.0
own:16,30,network,operating,0.0,0.0
own:16,31,network,operating,0.0,0.0
own:16,32,network,operating,0.0,0.0
own:16,33,network,operating,0.0,0.0
own:16,34,network,operating,0.0,0.0
own:16,35,network,operating,0.0,0.0
own:16,36,network,operating,0.0,0.0
own:16,0,storage,capital,0.0,0.0
own:16,1,storage,operating,0.0,0.0
own:16,2,storage,operating,0.0,0.0
own:16,3,storage,operating,0.0,0.0
own:16,4,storage,operating,0.0,0.0
own:16,5,storage,operating,0.0,0.0
own:16,6,storage,operating,0.0,0.0
own:16,7,storage,operating,0.0,0.0
own:16,8,storage,operating,0.0,0.0
own:16,9,storage,operating,0.0,0.0
own:16,10,storage,operating,0.0,0.0
own:16,11,storage,operating,0.0,0.0
own:16,12,storage,operating,0.0,0.0
own:16,13,storage,operating,0.0,0.0
own:16,14,storage,operating,0.0,0.0
own:16,15,storage,operating,0.0,0.0
own:16,16,storage,operating,0.0,0.0
own:16,17,storage,operating,0.0,0.0
own:16,18,storage,operating,0.0,0.0
own:16,19,storage,operating,0.0,0.0
own:16,20,storage,operating,0.0,0.0
own:16,21,storage,operating,0.0,0.0
own:16,22,storage,operating,0.0,0.0
own:16,23,storage,operating,0.0,0.0
own:16,24,storage,operating,0.0,0.0
own:16,25,storage,operating,0.0,0.0
own:16,26,storage,operating,0.0,0.0
own:16,27,storage,operating,0.0,0.0
own:16,28,storage,operating,0.0,0.0
own:16,29,storage,operating,0.0,0.0
own:16,30,storage,operating,0.0,0.0
own:16,31,storage,operating,0.0,0.0
own:16,32,storage,operating,0.0,0.0
own:16,33,storage,operating,0.0,0.0
own:16,34,storage,operating,0.0,0.0
own:16,35,storage,operating,0.0,0.0
own:16,36,storage,operating,0.0,0.0
own:16,0,operations,capital,0.0,0.0
own:16,1,operations,operating,7333.333333333333,7275.318918611267
own:16,2,operations,operating,7333.333333333333,7217.763459204956
own:16,3,operations,operating,7333.333333333333,7160.663324292944
own:16,4,operations,operating,7333.333333333333,7104.014911777404
own:16,5,operations,operating,7333.333333333333,7047.814648056914
own:16,6,operations,operating,7333.333333333333,6992.05898780101
own:16,7,operations,operating,7333.333333333333,6936.74441372654
own:16,8,operations,operating,7333.333333333333,6881.867436375781
own:16,9,operations,operating,7333.333333333333,6827.4245938963
own:16,10,operations,operating,7333.333333333333,6773.412451822582
own:16,11,operations,operating,7333.333333333333,6719.827602859357
own:16,12,operations,operating,7333.333333333333,6666.666666666666
own:16,13,operations,operating,7333.333333333333,6613.926289646606
own:16,14,operations,operating,7333.333333333333,6561.603144731777
own:16,15,operations,operating,7333.333333333333,6509.693931175403
own:16,16,operations,operating,7333.333333333333,6458.195374343095
own:16,17,operations,operating,7333.333333333333,6407.104225506285
own:16,18,operations,operating,7333.333333333333,6356.417261637281
own:16,19,operations,operating,7333.333333333333,6306.131285205946
own:16,20,operations,operating,7333.333333333333,6256.243123977982
own:16,21,operations,operating,7333.333333333333,6206.749630814818
own:16,22,operations,operating,7333.333333333333,6157.647683475074
own:16,23,operations,operating,7333.333333333333,6108.934184417597
own:16,24,operations,operating,7333.333333333333,6060.60606060606
own:16,25,operations,operating,7333.333333333333,6012.660263315095
own:16,26,operations,operating,7333.333333333333,5965.0937679379795
own:16,27,operations,operating,7333.333333333333,5917.90357379582
own:16,28,operations,operating,7333.333333333333,5871.086703948266
own:16,29,operations,operating,7333.333333333333,5824.640205005713
own:16,30,operations,operating,7333.333333333333,5778.561146942982
own:16,31,operations,operating,7333.333333333333,5732.846622914496
own:16,32,operations,operating,7333.333333333333,5687.493749070893
own:16,33,operations,operating,7333.333333333333,5642.4996643771065
own:16,34,operations,operating,7333.333333333333,5597.861530431885
own:16,35,operations,operating,7333.333333333333,5553.576531288724
own:16,36,operations,operating,7333.333333333333,5509.641873278235
own:16,0,precommission,capital,0.0,0.0
own:16,1,precommission,operating,0.0,0.0
own:16,2,precommission,operating,0.0,0.0
own:16,3,precommission,operating,0.0,0.0
own:16,4,precommission,operating,0.0,0.0
own:16,5,precommission,operating,0.0,0.0
own:16,6,precommission,operating,0.0,0.0
own:16,7,precommission,operating,0.0,0.0
own:16,8,precommission,operating,0.0,0.0
own:16,9,precommission,operating,0.0,0.0
own:16,10,precommission,operating,0.0,0.0
own:16,11,precommission,operating,0.0,0.0
own:16,12,precommission,operating,0.0,0.0
own:16,13,precommission,operating,0.0,0.0
own:16,14,precommission,operating,0.0,0.0
own:16,15,precommission,operating,0.0,0.0
own:16,16,precommission,operating,0.0,0.0
own:16,17,precommission,operating,0.0,0.0
own:16,18,precommission,operating,0.0,0.0
own:16,19,precommission,operating,0.0,0.0
own:16,20,precommission,operating,0.0,0.0
own:16,21,precommission,operating,0.0,0.0
own:16,22,precommission,operating,0.0,0.0
own:16,23,precommission,operating,0.0,0.0
own:16,24,precommission,operating,0.0,0.0
own:16,25,precommission,operating,0.0,0.0
own:16,26,precommission,operating,0.0,0.0
own:16,27,precommission,operating,0.0,0.0
own:16,28,precommission,operating,0.0,0.0
own:16,29,precommission,operating,0.0,0.0
own:16,30,precommission,operating,0.0,0.0
own:16,31,precommission,operating,0.0,0.0
own:16,32,precommission,operating,0.0,0.0
own:16,33,precommission,operating,0.0,0.0
own:16,34,precommission,operating,0.0,0.0
own:16,35,precommission,operating,0.0,0.0
own:16,36,precommission,operating,0.0,0.0
own:16,0,electricity,capital,0.0,0.0
own:16,1,electricity,operating,6984.999639294592,6929.740912125385
own:16,2,electricity,operating,6779.0754556365155,6672.240424211786
own:16,3,electricity,operating,7025.18986067852,6859.775370212091
own:16,4,electricity,operating,7045.435809981912,6825.120143738457
own:16,5,electricity,operating,6381.997538480355,6133.518509395229
own:16,6,electricity,operating,7086.231903976979,6756.4570191606135
own:16,7,electricity,operating,4878.765998466225,4614.920834419033
own:16,8,electricity,operating,5051.718489407175,4740.7168595439125
own:16,9,electricity,operating,4898.803627600849,4560.847141056879
own:16,10,electricity,operating,5072.527567263482,4685.225643588515
own:16,11,electricity,operating,5083.0102050997975,4657.766220251649
own:16,12,electricity,operating,4929.237344637384,4481.124858761258
own:16,13,electricity,operating,5104.132982405923,4603.41263429821
own:16,14,electricity,operating,4949.780949017374,4428.8861237462515
own:16,15,electricity,operating,5125.467515554542,4549.803379151192
own:16,16,electricity,operating,5136.214853132315,4523.27440992701
own:16,17,electricity,operating,4814.950383694881,4206.803038496533
own:16,18,electricity,operating,5157.871007034964,4470.760950329388
own:16,19,electricity,operating,5002.045511680781,4301.393957895567
own:16,20,electricity,operating,5179.7442638804905,4418.9644683909155
own:16,21,electricity,operating,5023.3190179353805,4251.611380913929
own:16,22,electricity,operating,5201.836800125892,4367.874316651444
own:16,23,electricity,operating,5212.96598412652,4342.5908321777215
own:16,24,electricity,operating,5055.629820045633,4178.20646284763
own:16,25,electricity,operating,5235.391568117389,4292.5405697065
own:16,26,electricity,operating,5077.440508991589,4130.10119144476
own:16,27,electricity,operating,5258.041968587765,4243.170730510084
own:16,28,electricity,operating,5269.4521784307035,4218.737812073964
own:16,29,electricity,operating,4769.862719388388,3788.554659232839
own:16,30,electricity,operating,5292.444036519471,4170.369747518387
own:16,31,electricity,operating,5132.928635518131,4012.6762627897133
own:16,32,electricity,operating,5315.666387985579,4122.657184611031
own:16,33,electricity,operating,5155.514245089201,3966.8164633100737
own:16,34,electricity,operating,5339.121543525133,4075.590422018107
own:16,35,electricity,operating,5350.93715124276,4052.296225028555
own:16,36,electricity,operating,5189.817906773199,3899.187007342748
own:16,0,hosting,capital,0.0,0.0
own:16,1,hosting,operating,0.0,0.0
own:16,2,hosting,operating,0.0,0.0
own:16,3,hosting,operating,0.0,0.0
own:16,4,hosting,operating,0.0,0.0
own:16,5,hosting,operating,0.0,0.0
own:16,6,hosting,operating,0.0,0.0
own:16,7,hosting,operating,0.0,0.0
own:16,8,hosting,operating,0.0,0.0
own:16,9,hosting,operating,0.0,0.0
own:16,10,hosting,operating,0.0,0.0
own:16,11,hosting,operating,0.0,0.0
own:16,12,hosting,operating,0.0,0.0
own:16,13,hosting,operating,0.0,0.0
own:16,14,hosting,operating,0.0,0.0
own:16,15,hosting,operating,0.0,0.0
own:16,16,hosting,operating,0.0,0.0
own:16,17,hosting,operating,0.0,0.0
own:16,18,hosting,operating,0.0,0.0
own:16,19,hosting,operating,0.0,0.0
own:16,20,hosting,operating,0.0,0.0
own:16,21,hosting,operating,0.0,0.0
own:16,22,hosting,operating,0.0,0.0
own:16,23,hosting,operating,0.0,0.0
own:16,24,hosting,operating,0.0,0.0
own:16,25,hosting,operating,0.0,0.0
own:16,26,hosting,operating,0.0,0.0
own:16,27,hosting,operating,0.0,0.0
own:16,28,hosting,operating,0.0,0.0
own:16,29,hosting,operating,0.0,0.0
own:16,30,hosting,operating,0.0,0.0
own:16,31,hosting,operating,0.0,0.0
own:16,32,hosting,operating,0.0,0.0
own:16,33,hosting,operating,0.0,0.0
own:16,34,hosting,operating,0.0,0.0
own:16,35,hosting,operating,0.0,0.0
own:16,36,hosting,operating,0.0,0.0
own:16,0,exit,terminal,0.0,0.0
own:16,1,exit,terminal,0.0,0.0
own:16,2,exit,terminal,0.0,0.0
own:16,3,exit,terminal,0.0,0.0
own:16,4,exit,terminal,0.0,0.0
own:16,5,exit,terminal,0.0,0.0
own:16,6,exit,terminal,0.0,0.0
own:16,7,exit,terminal,0.0,0.0
own:16,8,exit,terminal,0.0,0.0
own:16,9,exit,terminal,0.0,0.0
own:16,10,exit,terminal,0.0,0.0
own:16,11,exit,terminal,0.0,0.0
own:16,12,exit,terminal,0.0,0.0
own:16,13,exit,terminal,0.0,0.0
own:16,14,exit,terminal,0.0,0.0
own:16,15,exit,terminal,0.0,0.0
own:16,16,exit,terminal,0.0,0.0
own:16,17,exit,terminal,0.0,0.0
own:16,18,exit,terminal,0.0,0.0
own:16,19,exit,terminal,0.0,0.0
own:16,20,exit,terminal,0.0,0.0
own:16,21,exit,terminal,0.0,0.0
own:16,22,exit,terminal,0.0,0.0
own:16,23,exit,terminal,0.0,0.0
own:16,24,exit,terminal,0.0,0.0
own:16,25,exit,terminal,0.0,0.0
own:16,26,exit,terminal,0.0,0.0
own:16,27,exit,terminal,0.0,0.0
own:16,28,exit,terminal,0.0,0.0
own:16,29,exit,terminal,0.0,0.0
own:16,30,exit,terminal,0.0,0.0
own:16,31,exit,terminal,0.0,0.0
own:16,32,exit,terminal,0.0,0.0
own:16,33,exit,terminal,0.0,0.0
own:16,34,exit,terminal,0.0,0.0
own:16,35,exit,terminal,0.0,0.0
own:16,36,exit,terminal,0.0,0.0
own:16,0,residual,terminal,0.0,0.0
own:16,1,residual,terminal,0.0,0.0
own:16,2,residual,terminal,0.0,0.0
own:16,3,residual,terminal,0.0,0.0
own:16,4,residual,terminal,0.0,0.0
own:16,5,residual,terminal,0.0,0.0
own:16,6,residual,terminal,0.0,0.0
own:16,7,residual,terminal,0.0,0.0
own:16,8,residual,terminal,0.0,0.0
own:16,9,residual,terminal,0.0,0.0
own:16,10,residual,terminal,0.0,0.0
own:16,11,residual,terminal,0.0,0.0
own:16,12,residual,terminal,0.0,0.0
own:16,13,residual,terminal,0.0,0.0
own:16,14,residual,terminal,0.0,0.0
own:16,15,residual,terminal,0.0,0.0
own:16,16,residual,terminal,0.0,0.0
own:16,17,residual,terminal,0.0,0.0
own:16,18,residual,terminal,0.0,0.0
own:16,19,residual,terminal,0.0,0.0
own:16,20,residual,terminal,0.0,0.0
own:16,21,residual,terminal,0.0,0.0
own:16,22,residual,terminal,0.0,0.0
own:16,23,residual,terminal,0.0,0.0
own:16,24,residual,terminal,0.0,0.0
own:16,25,residual,terminal,0.0,0.0
own:16,26,residual,terminal,0.0,0.0
own:16,27,residual,terminal,0.0,0.0
own:16,28,residual,terminal,0.0,0.0
own:16,29,residual,terminal,0.0,0.0
own:16,30,residual,terminal,0.0,0.0
own:16,31,residual,terminal,0.0,0.0
own:16,32,residual,terminal,0.0,0.0
own:16,33,residual,terminal,0.0,0.0
own:16,34,residual,terminal,0.0,0.0
own:16,35,residual,terminal,0.0,0.0
own:16,36,residual,terminal,0.0,0.0
own:17,0,on_demand,capital,0.0,0.0
own:17,1,on_demand,operating,0.0,0.0
own:17,2,on_demand,operating,0.0,0.0
own:17,3,on_demand,operating,0.0,0.0
own:17,4,on_demand,operating,0.0,0.0
own:17,5,on_demand,operating,0.0,0.0
own:17,6,on_demand,operating,0.0,0.0
own:17,7,on_demand,operating,0.0,0.0
own:17,8,on_demand,operating,0.0,0.0
own:17,9,on_demand,operating,0.0,0.0
own:17,10,on_demand,operating,0.0,0.0
own:17,11,on_demand,operating,0.0,0.0
own:17,12,on_demand,operating,0.0,0.0
own:17,13,on_demand,operating,0.0,0.0
own:17,14,on_demand,operating,0.0,0.0
own:17,15,on_demand,operating,0.0,0.0
own:17,16,on_demand,operating,0.0,0.0
own:17,17,on_demand,operating,0.0,0.0
own:17,18,on_demand,operating,0.0,0.0
own:17,19,on_demand,operating,0.0,0.0
own:17,20,on_demand,operating,0.0,0.0
own:17,21,on_demand,operating,0.0,0.0
own:17,22,on_demand,operating,0.0,0.0
own:17,23,on_demand,operating,0.0,0.0
own:17,24,on_demand,operating,0.0,0.0
own:17,25,on_demand,operating,0.0,0.0
own:17,26,on_demand,operating,0.0,0.0
own:17,27,on_demand,operating,0.0,0.0
own:17,28,on_demand,operating,0.0,0.0
own:17,29,on_demand,operating,0.0,0.0
own:17,30,on_demand,operating,0.0,0.0
own:17,31,on_demand,operating,0.0,0.0
own:17,32,on_demand,operating,0.0,0.0
own:17,33,on_demand,operating,0.0,0.0
own:17,34,on_demand,operating,0.0,0.0
own:17,35,on_demand,operating,0.0,0.0
own:17,36,on_demand,operating,0.0,0.0
own:17,0,variable_service,capital,0.0,0.0
own:17,1,variable_service,operating,0.0,0.0
own:17,2,variable_service,operating,0.0,0.0
own:17,3,variable_service,operating,0.0,0.0
own:17,4,variable_service,operating,0.0,0.0
own:17,5,variable_service,operating,0.0,0.0
own:17,6,variable_service,operating,0.0,0.0
own:17,7,variable_service,operating,0.0,0.0
own:17,8,variable_service,operating,0.0,0.0
own:17,9,variable_service,operating,0.0,0.0
own:17,10,variable_service,operating,0.0,0.0
own:17,11,variable_service,operating,0.0,0.0
own:17,12,variable_service,operating,0.0,0.0
own:17,13,variable_service,operating,0.0,0.0
own:17,14,variable_service,operating,0.0,0.0
own:17,15,variable_service,operating,0.0,0.0
own:17,16,variable_service,operating,0.0,0.0
own:17,17,variable_service,operating,0.0,0.0
own:17,18,variable_service,operating,0.0,0.0
own:17,19,variable_service,operating,0.0,0.0
own:17,20,variable_service,operating,0.0,0.0
own:17,21,variable_service,operating,0.0,0.0
own:17,22,variable_service,operating,0.0,0.0
own:17,23,variable_service,operating,0.0,0.0
own:17,24,variable_service,operating,0.0,0.0
own:17,25,variable_service,operating,0.0,0.0
own:17,26,variable_service,operating,0.0,0.0
own:17,27,variable_service,operating,0.0,0.0
own:17,28,variable_service,operating,0.0,0.0
own:17,29,variable_service,operating,0.0,0.0
own:17,30,variable_service,operating,0.0,0.0
own:17,31,variable_service,operating,0.0,0.0
own:17,32,variable_service,operating,0.0,0.0
own:17,33,variable_service,operating,0.0,0.0
own:17,34,variable_service,operating,0.0,0.0
own:17,35,variable_service,operating,0.0,0.0
own:17,36,variable_service,operating,0.0,0.0
own:17,0,node_acquisition,capital,6800000.0,6800000.0
own:17,1,node_acquisition,operating,0.0,0.0
own:17,2,node_acquisition,operating,0.0,0.0
own:17,3,node_acquisition,operating,0.0,0.0
own:17,4,node_acquisition,operating,0.0,0.0
own:17,5,node_acquisition,operating,0.0,0.0
own:17,6,node_acquisition,operating,0.0,0.0
own:17,7,node_acquisition,operating,0.0,0.0
own:17,8,node_acquisition,operating,0.0,0.0
own:17,9,node_acquisition,operating,0.0,0.0
own:17,10,node_acquisition,operating,0.0,0.0
own:17,11,node_acquisition,operating,0.0,0.0
own:17,12,node_acquisition,operating,0.0,0.0
own:17,13,node_acquisition,operating,0.0,0.0
own:17,14,node_acquisition,operating,0.0,0.0
own:17,15,node_acquisition,operating,0.0,0.0
own:17,16,node_acquisition,operating,0.0,0.0
own:17,17,node_acquisition,operating,0.0,0.0
own:17,18,node_acquisition,operating,0.0,0.0
own:17,19,node_acquisition,operating,0.0,0.0
own:17,20,node_acquisition,operating,0.0,0.0
own:17,21,node_acquisition,operating,0.0,0.0
own:17,22,node_acquisition,operating,0.0,0.0
own:17,23,node_acquisition,operating,0.0,0.0
own:17,24,node_acquisition,operating,0.0,0.0
own:17,25,node_acquisition,operating,0.0,0.0
own:17,26,node_acquisition,operating,0.0,0.0
own:17,27,node_acquisition,operating,0.0,0.0
own:17,28,node_acquisition,operating,0.0,0.0
own:17,29,node_acquisition,operating,0.0,0.0
own:17,30,node_acquisition,operating,0.0,0.0
own:17,31,node_acquisition,operating,0.0,0.0
own:17,32,node_acquisition,operating,0.0,0.0
own:17,33,node_acquisition,operating,0.0,0.0
own:17,34,node_acquisition,operating,0.0,0.0
own:17,35,node_acquisition,operating,0.0,0.0
own:17,36,node_acquisition,operating,0.0,0.0
own:17,0,installation,capital,50000.0,50000.0
own:17,1,installation,operating,0.0,0.0
own:17,2,installation,operating,0.0,0.0
own:17,3,installation,operating,0.0,0.0
own:17,4,installation,operating,0.0,0.0
own:17,5,installation,operating,0.0,0.0
own:17,6,installation,operating,0.0,0.0
own:17,7,installation,operating,0.0,0.0
own:17,8,installation,operating,0.0,0.0
own:17,9,installation,operating,0.0,0.0
own:17,10,installation,operating,0.0,0.0
own:17,11,installation,operating,0.0,0.0
own:17,12,installation,operating,0.0,0.0
own:17,13,installation,operating,0.0,0.0
own:17,14,installation,operating,0.0,0.0
own:17,15,installation,operating,0.0,0.0
own:17,16,installation,operating,0.0,0.0
own:17,17,installation,operating,0.0,0.0
own:17,18,installation,operating,0.0,0.0
own:17,19,installation,operating,0.0,0.0
own:17,20,installation,operating,0.0,0.0
own:17,21,installation,operating,0.0,0.0
own:17,22,installation,operating,0.0,0.0
own:17,23,installation,operating,0.0,0.0
own:17,24,installation,operating,0.0,0.0
own:17,25,installation,operating,0.0,0.0
own:17,26,installation,operating,0.0,0.0
own:17,27,installation,operating,0.0,0.0
own:17,28,installation,operating,0.0,0.0
own:17,29,installation,operating,0.0,0.0
own:17,30,installation,operating,0.0,0.0
own:17,31,installation,operating,0.0,0.0
own:17,32,installation,operating,0.0,0.0
own:17,33,installation,operating,0.0,0.0
own:17,34,installation,operating,0.0,0.0
own:17,35,installation,operating,0.0,0.0
own:17,36,installation,operating,0.0,0.0
own:17,0,network,capital,0.0,0.0
own:17,1,network,operating,0.0,0.0
own:17,2,network,operating,0.0,0.0
own:17,3,network,operating,0.0,0.0
own:17,4,network,operating,0.0,0.0
own:17,5,network,operating,0.0,0.0
own:17,6,network,operating,0.0,0.0
own:17,7,network,operating,0.0,0.0
own:17,8,network,operating,0.0,0.0
own:17,9,network,operating,0.0,0.0
own:17,10,network,operating,0.0,0.0
own:17,11,network,operating,0.0,0.0
own:17,12,network,operating,0.0,0.0
own:17,13,network,operating,0.0,0.0
own:17,14,network,operating,0.0,0.0
own:17,15,network,operating,0.0,0.0
own:17,16,network,operating,0.0,0.0
own:17,17,network,operating,0.0,0.0
own:17,18,network,operating,0.0,0.0
own:17,19,network,operating,0.0,0.0
own:17,20,network,operating,0.0,0.0
own:17,21,network,operating,0.0,0.0
own:17,22,network,operating,0.0,0.0
own:17,23,network,operating,0.0,0.0
own:17,24,network,operating,0.0,0.0
own:17,25,network,operating,0.0,0.0
own:17,26,network,operating,0.0,0.0
own:17,27,network,operating,0.0,0.0
own:17,28,network,operating,0.0,0.0
own:17,29,network,operating,0.0,0.0
own:17,30,network,operating,0.0,0.0
own:17,31,network,operating,0.0,0.0
own:17,32,network,operating,0.0,0.0
own:17,33,network,operating,0.0,0.0
own:17,34,network,operating,0.0,0.0
own:17,35,network,operating,0.0,0.0
own:17,36,network,operating,0.0,0.0
own:17,0,storage,capital,0.0,0.0
own:17,1,storage,operating,0.0,0.0
own:17,2,storage,operating,0.0,0.0
own:17,3,storage,operating,0.0,0.0
own:17,4,storage,operating,0.0,0.0
own:17,5,storage,operating,0.0,0.0
own:17,6,storage,operating,0.0,0.0
own:17,7,storage,operating,0.0,0.0
own:17,8,storage,operating,0.0,0.0
own:17,9,storage,operating,0.0,0.0
own:17,10,storage,operating,0.0,0.0
own:17,11,storage,operating,0.0,0.0
own:17,12,storage,operating,0.0,0.0
own:17,13,storage,operating,0.0,0.0
own:17,14,storage,operating,0.0,0.0
own:17,15,storage,operating,0.0,0.0
own:17,16,storage,operating,0.0,0.0
own:17,17,storage,operating,0.0,0.0
own:17,18,storage,operating,0.0,0.0
own:17,19,storage,operating,0.0,0.0
own:17,20,storage,operating,0.0,0.0
own:17,21,storage,operating,0.0,0.0
own:17,22,storage,operating,0.0,0.0
own:17,23,storage,operating,0.0,0.0
own:17,24,storage,operating,0.0,0.0
own:17,25,storage,operating,0.0,0.0
own:17,26,storage,operating,0.0,0.0
own:17,27,storage,operating,0.0,0.0
own:17,28,storage,operating,0.0,0.0
own:17,29,storage,operating,0.0,0.0
own:17,30,storage,operating,0.0,0.0
own:17,31,storage,operating,0.0,0.0
own:17,32,storage,operating,0.0,0.0
own:17,33,storage,operating,0.0,0.0
own:17,34,storage,operating,0.0,0.0
own:17,35,storage,operating,0.0,0.0
own:17,36,storage,operating,0.0,0.0
own:17,0,operations,capital,0.0,0.0
own:17,1,operations,operating,7666.666666666667,7606.015233093598
own:17,2,operations,operating,7666.666666666667,7545.843616441546
own:17,3,operations,operating,7666.666666666667,7486.148020851714
own:17,4,operations,operating,7666.666666666667,7426.92468049456
own:17,5,operations,operating,7666.666666666667,7368.169859332228
own:17,6,operations,operating,7666.666666666667,7309.879850882874
own:17,7,operations,operating,7666.666666666667,7252.050977986839
own:17,8,operations,operating,7666.666666666667,7194.67959257468
own:17,9,operations,operating,7666.666666666667,7137.762075437042
own:17,10,operations,operating,7666.666666666667,7081.294835996336
own:17,11,operations,operating,7666.666666666667,7025.274312080238
own:17,12,operations,operating,7666.666666666667,6969.69696969697
own:17,13,operations,operating,7666.666666666667,6914.559302812361
own:17,14,operations,operating,7666.666666666667,6859.857833128677
own:17,15,operations,operating,7666.666666666667,6805.589109865195
own:17,16,operations,operating,7666.666666666667,6751.749709540509
own:17,17,operations,operating,7666.666666666667,6698.33623575657
own:17,18,operations,operating,7666.666666666667,6645.34531898443
own:17,19,operations,operating,7666.666666666667,6592.773616351671
own:17,20,operations,operating,7666.666666666667,6540.617811431526
own:17,21,operations,operating,7666.666666666667,6488.874614033673
own:17,22,operations,operating,7666.666666666667,6437.540759996668
own:17,23,operations,operating,7666.666666666667,6386.613010982034
own:17,24,operations,operating,7666.666666666667,6336.088154269972
own:17,25,operations,operating,7666.666666666667,6285.963002556691
own:17,26,operations,operating,7666.666666666667,6236.234393753343
own:17,27,operations,operating,7666.666666666667,6186.899190786539
own:17,28,operations,operating,7666.666666666667,6137.954281400461
own:17,29,operations,operating,7666.666666666667,6089.396577960519
own:17,30,operations,operating,7666.666666666667,6041.223017258573
own:17,31,operations,operating,7666.666666666667,5993.430560319701
own:17,32,operations,operating,7666.666666666667,5946.016192210479
own:17,33,operations,operating,7666.666666666667,5898.976921848794
own:17,34,operations,operating,7666.666666666667,5852.309781815153
own:17,35,operations,operating,7666.666666666667,5806.011828165485
own:17,36,operations,operating,7666.666666666667,5760.080140245428
own:17,0,precommission,capital,0.0,0.0
own:17,1,precommission,operating,0.0,0.0
own:17,2,precommission,operating,0.0,0.0
own:17,3,precommission,operating,0.0,0.0
own:17,4,precommission,operating,0.0,0.0
own:17,5,precommission,operating,0.0,0.0
own:17,6,precommission,operating,0.0,0.0
own:17,7,precommission,operating,0.0,0.0
own:17,8,precommission,operating,0.0,0.0
own:17,9,precommission,operating,0.0,0.0
own:17,10,precommission,operating,0.0,0.0
own:17,11,precommission,operating,0.0,0.0
own:17,12,precommission,operating,0.0,0.0
own:17,13,precommission,operating,0.0,0.0
own:17,14,precommission,operating,0.0,0.0
own:17,15,precommission,operating,0.0,0.0
own:17,16,precommission,operating,0.0,0.0
own:17,17,precommission,operating,0.0,0.0
own:17,18,precommission,operating,0.0,0.0
own:17,19,precommission,operating,0.0,0.0
own:17,20,precommission,operating,0.0,0.0
own:17,21,precommission,operating,0.0,0.0
own:17,22,precommission,operating,0.0,0.0
own:17,23,precommission,operating,0.0,0.0
own:17,24,precommission,operating,0.0,0.0
own:17,25,precommission,operating,0.0,0.0
own:17,26,precommission,operating,0.0,0.0
own:17,27,precommission,operating,0.0,0.0
own:17,28,precommission,operating,0.0,0.0
own:17,29,precommission,operating,0.0,0.0
own:17,30,precommission,operating,0.0,0.0
own:17,31,precommission,operating,0.0,0.0
own:17,32,precommission,operating,0.0,0.0
own:17,33,precommission,operating,0.0,0.0
own:17,34,precommission,operating,0.0,0.0
own:17,35,precommission,operating,0.0,0.0
own:17,36,precommission,operating,0.0,0.0
own:17,0,electricity,capital,0.0,0.0
own:17,1,electricity,operating,7170.999639294592,7114.269455606525
own:17,2,electricity,operating,6959.0754556365155,6849.403709119544
own:17,3,electricity,operating,7211.18986067852,7041.3958308918845
own:17,4,electricity,operating,7231.435809981912,7005.303794682629
own:17,5,electricity,operating,6549.997538480355,6294.977535877987
own:17,6,electricity,operating,7272.231903976979,6933.801060760294
own:17,7,electricity,operating,5058.765998466225,4785.186379119594
own:17,8,electricity,operating,5237.718489407175,4915.266042702898
own:17,9,electricity,operating,5078.80362760085,4728.42938108888
own:17,10,electricity,operating,5258.527567263482,4857.02401395747
own:17,11,electricity,operating,5269.0102050997975,4828.2054839969
own:17,12,electricity,operating,5109.237344637384,4644.761222397622
own:17,13,electricity,operating,5290.132982405923,4771.165855644701
own:17,14,electricity,operating,5129.780949017374,4589.943655480577
own:17,15,electricity,operating,5311.467515554542,4714.912888860095
own:17,16,electricity,operating,5322.214853132315,4687.077728967168
own:17,17,electricity,operating,4988.950383694881,4358.826147847182
own:17,18,electricity,operating,5343.871007034964,4631.982806329097
own:17,19,electricity,operating,5182.045511680781,4456.180816714258
own:17,20,electricity,operating,5365.7442638804905,4577.645543989993
own:17,21,electricity,operating,5203.3190179353805,4403.958871852111
own:17,22,electricity,operating,5387.836800125892,4524.054653350494
own:17,23,electricity,operating,5398.96598412652,4497.5356174006765
own:17,24,electricity,operating,5235.629820045633,4326.966793426142
own:17,25,electricity,operating,5421.391568117389,4445.04349820331
own:17,26,electricity,operating,5257.440508991589,4276.517129385055
own:17,27,electricity,operating,5444.041968587765,4393.270284790904
own:17,28,electricity,operating,5455.4521784307035,4367.649920292288
own:17,29,electricity,operating,4937.862719388388,3921.991871202061
own:17,30,electricity,operating,5478.444036519471,4316.935071154487
own:17,31,electricity,operating,5312.928635518131,4153.391588988524
own:17,32,electricity,operating,5501.666387985579,4266.91270788292
own:17,33,electricity,operating,5335.514245089201,4105.314182344785
own:17,34,electricity,operating,5525.121543525133,4217.57254628997
own:17,35,electricity,operating,5536.93715124276,4193.155120685787
own:17,36,electricity,operating,5369.817906773199,4034.423671505032
own:17,0,hosting,capital,0.0,0.0
own:17,1,hosting,operating,0.0,0.0
own:17,2,hosting,operating,0.0,0.0
own:17,3,hosting,operating,0.0,0.0
own:17,4,hosting,operating,0.0,0.0
own:17,5,hosting,operating,0.0,0.0
own:17,6,hosting,operating,0.0,0.0
own:17,7,hosting,operating,0.0,0.0
own:17,8,hosting,operating,0.0,0.0
own:17,9,hosting,operating,0.0,0.0
own:17,10,hosting,operating,0.0,0.0
own:17,11,hosting,operating,0.0,0.0
own:17,12,hosting,operating,0.0,0.0
own:17,13,hosting,operating,0.0,0.0
own:17,14,hosting,operating,0.0,0.0
own:17,15,hosting,operating,0.0,0.0
own:17,16,hosting,operating,0.0,0.0
own:17,17,hosting,operating,0.0,0.0
own:17,18,hosting,operating,0.0,0.0
own:17,19,hosting,operating,0.0,0.0
own:17,20,hosting,operating,0.0,0.0
own:17,21,hosting,operating,0.0,0.0
own:17,22,hosting,operating,0.0,0.0
own:17,23,hosting,operating,0.0,0.0
own:17,24,hosting,operating,0.0,0.0
own:17,25,hosting,operating,0.0,0.0
own:17,26,hosting,operating,0.0,0.0
own:17,27,hosting,operating,0.0,0.0
own:17,28,hosting,operating,0.0,0.0
own:17,29,hosting,operating,0.0,0.0
own:17,30,hosting,operating,0.0,0.0
own:17,31,hosting,operating,0.0,0.0
own:17,32,hosting,operating,0.0,0.0
own:17,33,hosting,operating,0.0,0.0
own:17,34,hosting,operating,0.0,0.0
own:17,35,hosting,operating,0.0,0.0
own:17,36,hosting,operating,0.0,0.0
own:17,0,exit,terminal,0.0,0.0
own:17,1,exit,terminal,0.0,0.0
own:17,2,exit,terminal,0.0,0.0
own:17,3,exit,terminal,0.0,0.0
own:17,4,exit,terminal,0.0,0.0
own:17,5,exit,terminal,0.0,0.0
own:17,6,exit,terminal,0.0,0.0
own:17,7,exit,terminal,0.0,0.0
own:17,8,exit,terminal,0.0,0.0
own:17,9,exit,terminal,0.0,0.0
own:17,10,exit,terminal,0.0,0.0
own:17,11,exit,terminal,0.0,0.0
own:17,12,exit,terminal,0.0,0.0
own:17,13,exit,terminal,0.0,0.0
own:17,14,exit,terminal,0.0,0.0
own:17,15,exit,terminal,0.0,0.0
own:17,16,exit,terminal,0.0,0.0
own:17,17,exit,terminal,0.0,0.0
own:17,18,exit,terminal,0.0,0.0
own:17,19,exit,terminal,0.0,0.0
own:17,20,exit,terminal,0.0,0.0
own:17,21,exit,terminal,0.0,0.0
own:17,22,exit,terminal,0.0,0.0
own:17,23,exit,terminal,0.0,0.0
own:17,24,exit,terminal,0.0,0.0
own:17,25,exit,terminal,0.0,0.0
own:17,26,exit,terminal,0.0,0.0
own:17,27,exit,terminal,0.0,0.0
own:17,28,exit,terminal,0.0,0.0
own:17,29,exit,terminal,0.0,0.0
own:17,30,exit,terminal,0.0,0.0
own:17,31,exit,terminal,0.0,0.0
own:17,32,exit,terminal,0.0,0.0
own:17,33,exit,terminal,0.0,0.0
own:17,34,exit,terminal,0.0,0.0
own:17,35,exit,terminal,0.0,0.0
own:17,36,exit,terminal,0.0,0.0
own:17,0,residual,terminal,0.0,0.0
own:17,1,residual,terminal,0.0,0.0
own:17,2,residual,terminal,0.0,0.0
own:17,3,residual,terminal,0.0,0.0
own:17,4,residual,terminal,0.0,0.0
own:17,5,residual,terminal,0.0,0.0
own:17,6,residual,terminal,0.0,0.0
own:17,7,residual,terminal,0.0,0.0
own:17,8,residual,terminal,0.0,0.0
own:17,9,residual,terminal,0.0,0.0
own:17,10,residual,terminal,0.0,0.0
own:17,11,residual,terminal,0.0,0.0
own:17,12,residual,terminal,0.0,0.0
own:17,13,residual,terminal,0.0,0.0
own:17,14,residual,terminal,0.0,0.0
own:17,15,residual,terminal,0.0,0.0
own:17,16,residual,terminal,0.0,0.0
own:17,17,residual,terminal,0.0,0.0
own:17,18,residual,terminal,0.0,0.0
own:17,19,residual,terminal,0.0,0.0
own:17,20,residual,terminal,0.0,0.0
own:17,21,residual,terminal,0.0,0.0
own:17,22,residual,terminal,0.0,0.0
own:17,23,residual,terminal,0.0,0.0
own:17,24,residual,terminal,0.0,0.0
own:17,25,residual,terminal,0.0,0.0
own:17,26,residual,terminal,0.0,0.0
own:17,27,residual,terminal,0.0,0.0
own:17,28,residual,terminal,0.0,0.0
own:17,29,residual,terminal,0.0,0.0
own:17,30,residual,terminal,0.0,0.0
own:17,31,residual,terminal,0.0,0.0
own:17,32,residual,terminal,0.0,0.0
own:17,33,residual,terminal,0.0,0.0
own:17,34,residual,terminal,0.0,0.0
own:17,35,residual,terminal,0.0,0.0
own:17,36,residual,terminal,0.0,0.0
own:18,0,on_demand,capital,0.0,0.0
own:18,1,on_demand,operating,0.0,0.0
own:18,2,on_demand,operating,0.0,0.0
own:18,3,on_demand,operating,0.0,0.0
own:18,4,on_demand,operating,0.0,0.0
own:18,5,on_demand,operating,0.0,0.0
own:18,6,on_demand,operating,0.0,0.0
own:18,7,on_demand,operating,0.0,0.0
own:18,8,on_demand,operating,0.0,0.0
own:18,9,on_demand,operating,0.0,0.0
own:18,10,on_demand,operating,0.0,0.0
own:18,11,on_demand,operating,0.0,0.0
own:18,12,on_demand,operating,0.0,0.0
own:18,13,on_demand,operating,0.0,0.0
own:18,14,on_demand,operating,0.0,0.0
own:18,15,on_demand,operating,0.0,0.0
own:18,16,on_demand,operating,0.0,0.0
own:18,17,on_demand,operating,0.0,0.0
own:18,18,on_demand,operating,0.0,0.0
own:18,19,on_demand,operating,0.0,0.0
own:18,20,on_demand,operating,0.0,0.0
own:18,21,on_demand,operating,0.0,0.0
own:18,22,on_demand,operating,0.0,0.0
own:18,23,on_demand,operating,0.0,0.0
own:18,24,on_demand,operating,0.0,0.0
own:18,25,on_demand,operating,0.0,0.0
own:18,26,on_demand,operating,0.0,0.0
own:18,27,on_demand,operating,0.0,0.0
own:18,28,on_demand,operating,0.0,0.0
own:18,29,on_demand,operating,0.0,0.0
own:18,30,on_demand,operating,0.0,0.0
own:18,31,on_demand,operating,0.0,0.0
own:18,32,on_demand,operating,0.0,0.0
own:18,33,on_demand,operating,0.0,0.0
own:18,34,on_demand,operating,0.0,0.0
own:18,35,on_demand,operating,0.0,0.0
own:18,36,on_demand,operating,0.0,0.0
own:18,0,variable_service,capital,0.0,0.0
own:18,1,variable_service,operating,0.0,0.0
own:18,2,variable_service,operating,0.0,0.0
own:18,3,variable_service,operating,0.0,0.0
own:18,4,variable_service,operating,0.0,0.0
own:18,5,variable_service,operating,0.0,0.0
own:18,6,variable_service,operating,0.0,0.0
own:18,7,variable_service,operating,0.0,0.0
own:18,8,variable_service,operating,0.0,0.0
own:18,9,variable_service,operating,0.0,0.0
own:18,10,variable_service,operating,0.0,0.0
own:18,11,variable_service,operating,0.0,0.0
own:18,12,variable_service,operating,0.0,0.0
own:18,13,variable_service,operating,0.0,0.0
own:18,14,variable_service,operating,0.0,0.0
own:18,15,variable_service,operating,0.0,0.0
own:18,16,variable_service,operating,0.0,0.0
own:18,17,variable_service,operating,0.0,0.0
own:18,18,variable_service,operating,0.0,0.0
own:18,19,variable_service,operating,0.0,0.0
own:18,20,variable_service,operating,0.0,0.0
own:18,21,variable_service,operating,0.0,0.0
own:18,22,variable_service,operating,0.0,0.0
own:18,23,variable_service,operating,0.0,0.0
own:18,24,variable_service,operating,0.0,0.0
own:18,25,variable_service,operating,0.0,0.0
own:18,26,variable_service,operating,0.0,0.0
own:18,27,variable_service,operating,0.0,0.0
own:18,28,variable_service,operating,0.0,0.0
own:18,29,variable_service,operating,0.0,0.0
own:18,30,variable_service,operating,0.0,0.0
own:18,31,variable_service,operating,0.0,0.0
own:18,32,variable_service,operating,0.0,0.0
own:18,33,variable_service,operating,0.0,0.0
own:18,34,variable_service,operating,0.0,0.0
own:18,35,variable_service,operating,0.0,0.0
own:18,36,variable_service,operating,0.0,0.0
own:18,0,node_acquisition,capital,7200000.0,7200000.0
own:18,1,node_acquisition,operating,0.0,0.0
own:18,2,node_acquisition,operating,0.0,0.0
own:18,3,node_acquisition,operating,0.0,0.0
own:18,4,node_acquisition,operating,0.0,0.0
own:18,5,node_acquisition,operating,0.0,0.0
own:18,6,node_acquisition,operating,0.0,0.0
own:18,7,node_acquisition,operating,0.0,0.0
own:18,8,node_acquisition,operating,0.0,0.0
own:18,9,node_acquisition,operating,0.0,0.0
own:18,10,node_acquisition,operating,0.0,0.0
own:18,11,node_acquisition,operating,0.0,0.0
own:18,12,node_acquisition,operating,0.0,0.0
own:18,13,node_acquisition,operating,0.0,0.0
own:18,14,node_acquisition,operating,0.0,0.0
own:18,15,node_acquisition,operating,0.0,0.0
own:18,16,node_acquisition,operating,0.0,0.0
own:18,17,node_acquisition,operating,0.0,0.0
own:18,18,node_acquisition,operating,0.0,0.0
own:18,19,node_acquisition,operating,0.0,0.0
own:18,20,node_acquisition,operating,0.0,0.0
own:18,21,node_acquisition,operating,0.0,0.0
own:18,22,node_acquisition,operating,0.0,0.0
own:18,23,node_acquisition,operating,0.0,0.0
own:18,24,node_acquisition,operating,0.0,0.0
own:18,25,node_acquisition,operating,0.0,0.0
own:18,26,node_acquisition,operating,0.0,0.0
own:18,27,node_acquisition,operating,0.0,0.0
own:18,28,node_acquisition,operating,0.0,0.0
own:18,29,node_acquisition,operating,0.0,0.0
own:18,30,node_acquisition,operating,0.0,0.0
own:18,31,node_acquisition,operating,0.0,0.0
own:18,32,node_acquisition,operating,0.0,0.0
own:18,33,node_acquisition,operating,0.0,0.0
own:18,34,node_acquisition,operating,0.0,0.0
own:18,35,node_acquisition,operating,0.0,0.0
own:18,36,node_acquisition,operating,0.0,0.0
own:18,0,installation,capital,50000.0,50000.0
own:18,1,installation,operating,0.0,0.0
own:18,2,installation,operating,0.0,0.0
own:18,3,installation,operating,0.0,0.0
own:18,4,installation,operating,0.0,0.0
own:18,5,installation,operating,0.0,0.0
own:18,6,installation,operating,0.0,0.0
own:18,7,installation,operating,0.0,0.0
own:18,8,installation,operating,0.0,0.0
own:18,9,installation,operating,0.0,0.0
own:18,10,installation,operating,0.0,0.0
own:18,11,installation,operating,0.0,0.0
own:18,12,installation,operating,0.0,0.0
own:18,13,installation,operating,0.0,0.0
own:18,14,installation,operating,0.0,0.0
own:18,15,installation,operating,0.0,0.0
own:18,16,installation,operating,0.0,0.0
own:18,17,installation,operating,0.0,0.0
own:18,18,installation,operating,0.0,0.0
own:18,19,installation,operating,0.0,0.0
own:18,20,installation,operating,0.0,0.0
own:18,21,installation,operating,0.0,0.0
own:18,22,installation,operating,0.0,0.0
own:18,23,installation,operating,0.0,0.0
own:18,24,installation,operating,0.0,0.0
own:18,25,installation,operating,0.0,0.0
own:18,26,installation,operating,0.0,0.0
own:18,27,installation,operating,0.0,0.0
own:18,28,installation,operating,0.0,0.0
own:18,29,installation,operating,0.0,0.0
own:18,30,installation,operating,0.0,0.0
own:18,31,installation,operating,0.0,0.0
own:18,32,installation,operating,0.0,0.0
own:18,33,installation,operating,0.0,0.0
own:18,34,installation,operating,0.0,0.0
own:18,35,installation,operating,0.0,0.0
own:18,36,installation,operating,0.0,0.0
own:18,0,network,capital,0.0,0.0
own:18,1,network,operating,0.0,0.0
own:18,2,network,operating,0.0,0.0
own:18,3,network,operating,0.0,0.0
own:18,4,network,operating,0.0,0.0
own:18,5,network,operating,0.0,0.0
own:18,6,network,operating,0.0,0.0
own:18,7,network,operating,0.0,0.0
own:18,8,network,operating,0.0,0.0
own:18,9,network,operating,0.0,0.0
own:18,10,network,operating,0.0,0.0
own:18,11,network,operating,0.0,0.0
own:18,12,network,operating,0.0,0.0
own:18,13,network,operating,0.0,0.0
own:18,14,network,operating,0.0,0.0
own:18,15,network,operating,0.0,0.0
own:18,16,network,operating,0.0,0.0
own:18,17,network,operating,0.0,0.0
own:18,18,network,operating,0.0,0.0
own:18,19,network,operating,0.0,0.0
own:18,20,network,operating,0.0,0.0
own:18,21,network,operating,0.0,0.0
own:18,22,network,operating,0.0,0.0
own:18,23,network,operating,0.0,0.0
own:18,24,network,operating,0.0,0.0
own:18,25,network,operating,0.0,0.0
own:18,26,network,operating,0.0,0.0
own:18,27,network,operating,0.0,0.0
own:18,28,network,operating,0.0,0.0
own:18,29,network,operating,0.0,0.0
own:18,30,network,operating,0.0,0.0
own:18,31,network,operating,0.0,0.0
own:18,32,network,operating,0.0,0.0
own:18,33,network,operating,0.0,0.0
own:18,34,network,operating,0.0,0.0
own:18,35,network,operating,0.0,0.0
own:18,36,network,operating,0.0,0.0
own:18,0,storage,capital,0.0,0.0
own:18,1,storage,operating,0.0,0.0
own:18,2,storage,operating,0.0,0.0
own:18,3,storage,operating,0.0,0.0
own:18,4,storage,operating,0.0,0.0
own:18,5,storage,operating,0.0,0.0
own:18,6,storage,operating,0.0,0.0
own:18,7,storage,operating,0.0,0.0
own:18,8,storage,operating,0.0,0.0
own:18,9,storage,operating,0.0,0.0
own:18,10,storage,operating,0.0,0.0
own:18,11,storage,operating,0.0,0.0
own:18,12,storage,operating,0.0,0.0
own:18,13,storage,operating,0.0,0.0
own:18,14,storage,operating,0.0,0.0
own:18,15,storage,operating,0.0,0.0
own:18,16,storage,operating,0.0,0.0
own:18,17,storage,operating,0.0,0.0
own:18,18,storage,operating,0.0,0.0
own:18,19,storage,operating,0.0,0.0
own:18,20,storage,operating,0.0,0.0
own:18,21,storage,operating,0.0,0.0
own:18,22,storage,operating,0.0,0.0
own:18,23,storage,operating,0.0,0.0
own:18,24,storage,operating,0.0,0.0
own:18,25,storage,operating,0.0,0.0
own:18,26,storage,operating,0.0,0.0
own:18,27,storage,operating,0.0,0.0
own:18,28,storage,operating,0.0,0.0
own:18,29,storage,operating,0.0,0.0
own:18,30,storage,operating,0.0,0.0
own:18,31,storage,operating,0.0,0.0
own:18,32,storage,operating,0.0,0.0
own:18,33,storage,operating,0.0,0.0
own:18,34,storage,operating,0.0,0.0
own:18,35,storage,operating,0.0,0.0
own:18,36,storage,operating,0.0,0.0
own:18,0,operations,capital,0.0,0.0
own:18,1,operations,operating,8000.0,7936.711547575927
own:18,2,operations,operating,8000.0,7873.923773678134
own:18,3,operations,operating,8000.0,7811.6327174104845
own:18,4,operations,operating,8000.0,7749.834449211714
own:18,5,operations,operating,8000.0,7688.525070607542
own:18,6,operations,operating,8000.0,7627.700713964738
own:18,7,operations,operating,8000.0,7567.357542247136
own:18,8,operations,operating,8000.0,7507.491748773579
own:18,9,operations,operating,8000.0,7448.099556977782
own:18,10,operations,operating,8000.0,7389.17722017009
own:18,11,operations,operating,8000.0,7330.721021301118
own:18,12,operations,operating,8000.0,7272.727272727272
own:18,13,operations,operating,8000.0,7215.192315978115
own:18,14,operations,operating,8000.0,7158.112521525576
own:18,15,operations,operating,8000.0,7101.484288554985
own:18,16,operations,operating,8000.0,7045.304044737922
own:18,17,operations,operating,8000.0,6989.568246006856
own:18,18,operations,operating,8000.0,6934.273376331579
own:18,19,operations,operating,8000.0,6879.415947497396
own:18,20,operations,operating,8000.0,6824.992498885071
own:18,21,operations,operating,8000.0,6770.999597252529
own:18,22,operations,operating,8000.0,6717.433836518262
own:18,23,operations,operating,8000.0,6664.29183754647
own:18,24,operations,operating,8000.0,6611.570247933883
own:18,25,operations,operating,8000.0,6559.2657417982855
own:18,26,operations,operating,8000.0,6507.375019568705
own:18,27,operations,operating,8000.0,6455.894807777258
own:18,28,operations,operating,8000.0,6404.821858852655
own:18,29,operations,operating,8000.0,6354.152950915323
own:18,30,operations,operating,8000.0,6303.884887574162
own:18,31,operations,operating,8000.0,6254.014497724905
own:18,32,operations,operating,8000.0,6204.538635350064
own:18,33,operations,operating,8000.0,6155.45417932048
own:18,34,operations,operating,8000.0,6106.75803319842
own:18,35,operations,operating,8000.0,6058.447125042245
own:18,36,operations,operating,8000.0,6010.51840721262
own:18,0,precommission,capital,0.0,0.0
own:18,1,precommission,operating,0.0,0.0
own:18,2,precommission,operating,0.0,0.0
own:18,3,precommission,operating,0.0,0.0
own:18,4,precommission,operating,0.0,0.0
own:18,5,precommission,operating,0.0,0.0
own:18,6,precommission,operating,0.0,0.0
own:18,7,precommission,operating,0.0,0.0
own:18,8,precommission,operating,0.0,0.0
own:18,9,precommission,operating,0.0,0.0
own:18,10,precommission,operating,0.0,0.0
own:18,11,precommission,operating,0.0,0.0
own:18,12,precommission,operating,0.0,0.0
own:18,13,precommission,operating,0.0,0.0
own:18,14,precommission,operating,0.0,0.0
own:18,15,precommission,operating,0.0,0.0
own:18,16,precommission,operating,0.0,0.0
own:18,17,precommission,operating,0.0,0.0
own:18,18,precommission,operating,0.0,0.0
own:18,19,precommission,operating,0.0,0.0
own:18,20,precommission,operating,0.0,0.0
own:18,21,precommission,operating,0.0,0.0
own:18,22,precommission,operating,0.0,0.0
own:18,23,precommission,operating,0.0,0.0
own:18,24,precommission,operating,0.0,0.0
own:18,25,precommission,operating,0.0,0.0
own:18,26,precommission,operating,0.0,0.0
own:18,27,precommission,operating,0.0,0.0
own:18,28,precommission,operating,0.0,0.0
own:18,29,precommission,operating,0.0,0.0
own:18,30,precommission,operating,0.0,0.0
own:18,31,precommission,operating,0.0,0.0
own:18,32,precommission,operating,0.0,0.0
own:18,33,precommission,operating,0.0,0.0
own:18,34,precommission,operating,0.0,0.0
own:18,35,precommission,operating,0.0,0.0
own:18,36,precommission,operating,0.0,0.0
own:18,0,electricity,capital,0.0,0.0
own:18,1,electricity,operating,7356.999639294592,7298.797999087666
own:18,2,electricity,operating,7139.0754556365155,7026.566994027303
own:18,3,electricity,operating,7397.18986067852,7223.016291571678
own:18,4,electricity,operating,7417.435809981912,7185.487445626802
own:18,5,electricity,operating,6717.997538480355,6456.4365623607455
own:18,6,electricity,operating,7458.231903976979,7111.145102359974
own:18,7,electricity,operating,5238.765998466225,4955.451923820154
own:18,8,electricity,operating,5423.718489407175,5089.815225861884
own:18,9,electricity,operating,5258.80362760085,4896.011621120881
own:18,10,electricity,operating,5444.527567263482,5028.822384326424
own:18,11,electricity,operating,5455.0102050997975,4998.644747742151
own:18,12,electricity,operating,5289.237344637384,4808.397586033985
own:18,13,electricity,operating,5476.132982405923,4938.919076991192
own:18,14,electricity,operating,5309.780949017374,4751.0011872149025
own:18,15,electricity,operating,5497.467515554542,4880.022398568999
own:18,16,electricity,operating,5508.214853132315,4850.881048007324
own:18,17,electricity,operating,5162.950383694881,4510.849257197831
own:18,18,electricity,operating,5529.871007034964,4793.204662328807
own:18,19,electricity,operating,5362.045511680781,4610.967675532949
own:18,20,electricity,operating,5551.7442638804905,4736.326619589071
own:18,21,electricity,operating,5383.3190179353805,4556.306362790293
own:18,22,electricity,operating,5573.836800125892,4680.234990049544
own:18,23,electricity,operating,5584.96598412652,4652.480402623632
own:18,24,electricity,operating,5415.629820045633,4475.727124004655
own:18,25,electricity,operating,5607.391568117389,4597.54642670012
own:18,26,electricity,operating,5437.440508991589,4422.933067325352
own:18,27,electricity,operating,5630.041968587765,4543.369839071725
own:18,28,electricity,operating,5641.4521784307035,4516.562028510612
own:18,29,electricity,operating,5105.862719388388,4055.429083171283
own:18,30,electricity,operating,5664.444036519471,4463.500394790585
own:18,31,electricity,operating,5492.928635518131,4294.1069151873335
own:18,32,electricity,operating,5687.666387985579,4411.168231154809
own:18,33,electricity,operating,5515.514245089201,4243.811901379496
own:18,34,electricity,operating,5711.121543525133,4359.5546705618335
own:18,35,electricity,operating,5722.93715124276,4334.01401634302
own:18,36,electricity,operating,5549.817906773199,4169.660335667316
own:18,0,hosting,capital,0.0,0.0
own:18,1,hosting,operating,0.0,0.0
own:18,2,hosting,operating,0.0,0.0
own:18,3,hosting,operating,0.0,0.0
own:18,4,hosting,operating,0.0,0.0
own:18,5,hosting,operating,0.0,0.0
own:18,6,hosting,operating,0.0,0.0
own:18,7,hosting,operating,0.0,0.0
own:18,8,hosting,operating,0.0,0.0
own:18,9,hosting,operating,0.0,0.0
own:18,10,hosting,operating,0.0,0.0
own:18,11,hosting,operating,0.0,0.0
own:18,12,hosting,operating,0.0,0.0
own:18,13,hosting,operating,0.0,0.0
own:18,14,hosting,operating,0.0,0.0
own:18,15,hosting,operating,0.0,0.0
own:18,16,hosting,operating,0.0,0.0
own:18,17,hosting,operating,0.0,0.0
own:18,18,hosting,operating,0.0,0.0
own:18,19,hosting,operating,0.0,0.0
own:18,20,hosting,operating,0.0,0.0
own:18,21,hosting,operating,0.0,0.0
own:18,22,hosting,operating,0.0,0.0
own:18,23,hosting,operating,0.0,0.0
own:18,24,hosting,operating,0.0,0.0
own:18,25,hosting,operating,0.0,0.0
own:18,26,hosting,operating,0.0,0.0
own:18,27,hosting,operating,0.0,0.0
own:18,28,hosting,operating,0.0,0.0
own:18,29,hosting,operating,0.0,0.0
own:18,30,hosting,operating,0.0,0.0
own:18,31,hosting,operating,0.0,0.0
own:18,32,hosting,operating,0.0,0.0
own:18,33,hosting,operating,0.0,0.0
own:18,34,hosting,operating,0.0,0.0
own:18,35,hosting,operating,0.0,0.0
own:18,36,hosting,operating,0.0,0.0
own:18,0,exit,terminal,0.0,0.0
own:18,1,exit,terminal,0.0,0.0
own:18,2,exit,terminal,0.0,0.0
own:18,3,exit,terminal,0.0,0.0
own:18,4,exit,terminal,0.0,0.0
own:18,5,exit,terminal,0.0,0.0
own:18,6,exit,terminal,0.0,0.0
own:18,7,exit,terminal,0.0,0.0
own:18,8,exit,terminal,0.0,0.0
own:18,9,exit,terminal,0.0,0.0
own:18,10,exit,terminal,0.0,0.0
own:18,11,exit,terminal,0.0,0.0
own:18,12,exit,terminal,0.0,0.0
own:18,13,exit,terminal,0.0,0.0
own:18,14,exit,terminal,0.0,0.0
own:18,15,exit,terminal,0.0,0.0
own:18,16,exit,terminal,0.0,0.0
own:18,17,exit,terminal,0.0,0.0
own:18,18,exit,terminal,0.0,0.0
own:18,19,exit,terminal,0.0,0.0
own:18,20,exit,terminal,0.0,0.0
own:18,21,exit,terminal,0.0,0.0
own:18,22,exit,terminal,0.0,0.0
own:18,23,exit,terminal,0.0,0.0
own:18,24,exit,terminal,0.0,0.0
own:18,25,exit,terminal,0.0,0.0
own:18,26,exit,terminal,0.0,0.0
own:18,27,exit,terminal,0.0,0.0
own:18,28,exit,terminal,0.0,0.0
own:18,29,exit,terminal,0.0,0.0
own:18,30,exit,terminal,0.0,0.0
own:18,31,exit,terminal,0.0,0.0
own:18,32,exit,terminal,0.0,0.0
own:18,33,exit,terminal,0.0,0.0
own:18,34,exit,terminal,0.0,0.0
own:18,35,exit,terminal,0.0,0.0
own:18,36,exit,terminal,0.0,0.0
own:18,0,residual,terminal,0.0,0.0
own:18,1,residual,terminal,0.0,0.0
own:18,2,residual,terminal,0.0,0.0
own:18,3,residual,terminal,0.0,0.0
own:18,4,residual,terminal,0.0,0.0
own:18,5,residual,terminal,0.0,0.0
own:18,6,residual,terminal,0.0,0.0
own:18,7,residual,terminal,0.0,0.0
own:18,8,residual,terminal,0.0,0.0
own:18,9,residual,terminal,0.0,0.0
own:18,10,residual,terminal,0.0,0.0
own:18,11,residual,terminal,0.0,0.0
own:18,12,residual,terminal,0.0,0.0
own:18,13,residual,terminal,0.0,0.0
own:18,14,residual,terminal,0.0,0.0
own:18,15,residual,terminal,0.0,0.0
own:18,16,residual,terminal,0.0,0.0
own:18,17,residual,terminal,0.0,0.0
own:18,18,residual,terminal,0.0,0.0
own:18,19,residual,terminal,0.0,0.0
own:18,20,residual,terminal,0.0,0.0
own:18,21,residual,terminal,0.0,0.0
own:18,22,residual,terminal,0.0,0.0
own:18,23,residual,terminal,0.0,0.0
own:18,24,residual,terminal,0.0,0.0
own:18,25,residual,terminal,0.0,0.0
own:18,26,residual,terminal,0.0,0.0
own:18,27,residual,terminal,0.0,0.0
own:18,28,residual,terminal,0.0,0.0
own:18,29,residual,terminal,0.0,0.0
own:18,30,residual,terminal,0.0,0.0
own:18,31,residual,terminal,0.0,0.0
own:18,32,residual,terminal,0.0,0.0
own:18,33,residual,terminal,0.0,0.0
own:18,34,residual,terminal,0.0,0.0
own:18,35,residual,terminal,0.0,0.0
own:18,36,residual,terminal,0.0,0.0
own:19,0,on_demand,capital,0.0,0.0
own:19,1,on_demand,operating,0.0,0.0
own:19,2,on_demand,operating,0.0,0.0
own:19,3,on_demand,operating,0.0,0.0
own:19,4,on_demand,operating,0.0,0.0
own:19,5,on_demand,operating,0.0,0.0
own:19,6,on_demand,operating,0.0,0.0
own:19,7,on_demand,operating,0.0,0.0
own:19,8,on_demand,operating,0.0,0.0
own:19,9,on_demand,operating,0.0,0.0
own:19,10,on_demand,operating,0.0,0.0
own:19,11,on_demand,operating,0.0,0.0
own:19,12,on_demand,operating,0.0,0.0
own:19,13,on_demand,operating,0.0,0.0
own:19,14,on_demand,operating,0.0,0.0
own:19,15,on_demand,operating,0.0,0.0
own:19,16,on_demand,operating,0.0,0.0
own:19,17,on_demand,operating,0.0,0.0
own:19,18,on_demand,operating,0.0,0.0
own:19,19,on_demand,operating,0.0,0.0
own:19,20,on_demand,operating,0.0,0.0
own:19,21,on_demand,operating,0.0,0.0
own:19,22,on_demand,operating,0.0,0.0
own:19,23,on_demand,operating,0.0,0.0
own:19,24,on_demand,operating,0.0,0.0
own:19,25,on_demand,operating,0.0,0.0
own:19,26,on_demand,operating,0.0,0.0
own:19,27,on_demand,operating,0.0,0.0
own:19,28,on_demand,operating,0.0,0.0
own:19,29,on_demand,operating,0.0,0.0
own:19,30,on_demand,operating,0.0,0.0
own:19,31,on_demand,operating,0.0,0.0
own:19,32,on_demand,operating,0.0,0.0
own:19,33,on_demand,operating,0.0,0.0
own:19,34,on_demand,operating,0.0,0.0
own:19,35,on_demand,operating,0.0,0.0
own:19,36,on_demand,operating,0.0,0.0
own:19,0,variable_service,capital,0.0,0.0
own:19,1,variable_service,operating,0.0,0.0
own:19,2,variable_service,operating,0.0,0.0
own:19,3,variable_service,operating,0.0,0.0
own:19,4,variable_service,operating,0.0,0.0
own:19,5,variable_service,operating,0.0,0.0
own:19,6,variable_service,operating,0.0,0.0
own:19,7,variable_service,operating,0.0,0.0
own:19,8,variable_service,operating,0.0,0.0
own:19,9,variable_service,operating,0.0,0.0
own:19,10,variable_service,operating,0.0,0.0
own:19,11,variable_service,operating,0.0,0.0
own:19,12,variable_service,operating,0.0,0.0
own:19,13,variable_service,operating,0.0,0.0
own:19,14,variable_service,operating,0.0,0.0
own:19,15,variable_service,operating,0.0,0.0
own:19,16,variable_service,operating,0.0,0.0
own:19,17,variable_service,operating,0.0,0.0
own:19,18,variable_service,operating,0.0,0.0
own:19,19,variable_service,operating,0.0,0.0
own:19,20,variable_service,operating,0.0,0.0
own:19,21,variable_service,operating,0.0,0.0
own:19,22,variable_service,operating,0.0,0.0
own:19,23,variable_service,operating,0.0,0.0
own:19,24,variable_service,operating,0.0,0.0
own:19,25,variable_service,operating,0.0,0.0
own:19,26,variable_service,operating,0.0,0.0
own:19,27,variable_service,operating,0.0,0.0
own:19,28,variable_service,operating,0.0,0.0
own:19,29,variable_service,operating,0.0,0.0
own:19,30,variable_service,operating,0.0,0.0
own:19,31,variable_service,operating,0.0,0.0
own:19,32,variable_service,operating,0.0,0.0
own:19,33,variable_service,operating,0.0,0.0
own:19,34,variable_service,operating,0.0,0.0
own:19,35,variable_service,operating,0.0,0.0
own:19,36,variable_service,operating,0.0,0.0
own:19,0,node_acquisition,capital,7600000.0,7600000.0
own:19,1,node_acquisition,operating,0.0,0.0
own:19,2,node_acquisition,operating,0.0,0.0
own:19,3,node_acquisition,operating,0.0,0.0
own:19,4,node_acquisition,operating,0.0,0.0
own:19,5,node_acquisition,operating,0.0,0.0
own:19,6,node_acquisition,operating,0.0,0.0
own:19,7,node_acquisition,operating,0.0,0.0
own:19,8,node_acquisition,operating,0.0,0.0
own:19,9,node_acquisition,operating,0.0,0.0
own:19,10,node_acquisition,operating,0.0,0.0
own:19,11,node_acquisition,operating,0.0,0.0
own:19,12,node_acquisition,operating,0.0,0.0
own:19,13,node_acquisition,operating,0.0,0.0
own:19,14,node_acquisition,operating,0.0,0.0
own:19,15,node_acquisition,operating,0.0,0.0
own:19,16,node_acquisition,operating,0.0,0.0
own:19,17,node_acquisition,operating,0.0,0.0
own:19,18,node_acquisition,operating,0.0,0.0
own:19,19,node_acquisition,operating,0.0,0.0
own:19,20,node_acquisition,operating,0.0,0.0
own:19,21,node_acquisition,operating,0.0,0.0
own:19,22,node_acquisition,operating,0.0,0.0
own:19,23,node_acquisition,operating,0.0,0.0
own:19,24,node_acquisition,operating,0.0,0.0
own:19,25,node_acquisition,operating,0.0,0.0
own:19,26,node_acquisition,operating,0.0,0.0
own:19,27,node_acquisition,operating,0.0,0.0
own:19,28,node_acquisition,operating,0.0,0.0
own:19,29,node_acquisition,operating,0.0,0.0
own:19,30,node_acquisition,operating,0.0,0.0
own:19,31,node_acquisition,operating,0.0,0.0
own:19,32,node_acquisition,operating,0.0,0.0
own:19,33,node_acquisition,operating,0.0,0.0
own:19,34,node_acquisition,operating,0.0,0.0
own:19,35,node_acquisition,operating,0.0,0.0
own:19,36,node_acquisition,operating,0.0,0.0
own:19,0,installation,capital,50000.0,50000.0
own:19,1,installation,operating,0.0,0.0
own:19,2,installation,operating,0.0,0.0
own:19,3,installation,operating,0.0,0.0
own:19,4,installation,operating,0.0,0.0
own:19,5,installation,operating,0.0,0.0
own:19,6,installation,operating,0.0,0.0
own:19,7,installation,operating,0.0,0.0
own:19,8,installation,operating,0.0,0.0
own:19,9,installation,operating,0.0,0.0
own:19,10,installation,operating,0.0,0.0
own:19,11,installation,operating,0.0,0.0
own:19,12,installation,operating,0.0,0.0
own:19,13,installation,operating,0.0,0.0
own:19,14,installation,operating,0.0,0.0
own:19,15,installation,operating,0.0,0.0
own:19,16,installation,operating,0.0,0.0
own:19,17,installation,operating,0.0,0.0
own:19,18,installation,operating,0.0,0.0
own:19,19,installation,operating,0.0,0.0
own:19,20,installation,operating,0.0,0.0
own:19,21,installation,operating,0.0,0.0
own:19,22,installation,operating,0.0,0.0
own:19,23,installation,operating,0.0,0.0
own:19,24,installation,operating,0.0,0.0
own:19,25,installation,operating,0.0,0.0
own:19,26,installation,operating,0.0,0.0
own:19,27,installation,operating,0.0,0.0
own:19,28,installation,operating,0.0,0.0
own:19,29,installation,operating,0.0,0.0
own:19,30,installation,operating,0.0,0.0
own:19,31,installation,operating,0.0,0.0
own:19,32,installation,operating,0.0,0.0
own:19,33,installation,operating,0.0,0.0
own:19,34,installation,operating,0.0,0.0
own:19,35,installation,operating,0.0,0.0
own:19,36,installation,operating,0.0,0.0
own:19,0,network,capital,0.0,0.0
own:19,1,network,operating,0.0,0.0
own:19,2,network,operating,0.0,0.0
own:19,3,network,operating,0.0,0.0
own:19,4,network,operating,0.0,0.0
own:19,5,network,operating,0.0,0.0
own:19,6,network,operating,0.0,0.0
own:19,7,network,operating,0.0,0.0
own:19,8,network,operating,0.0,0.0
own:19,9,network,operating,0.0,0.0
own:19,10,network,operating,0.0,0.0
own:19,11,network,operating,0.0,0.0
own:19,12,network,operating,0.0,0.0
own:19,13,network,operating,0.0,0.0
own:19,14,network,operating,0.0,0.0
own:19,15,network,operating,0.0,0.0
own:19,16,network,operating,0.0,0.0
own:19,17,network,operating,0.0,0.0
own:19,18,network,operating,0.0,0.0
own:19,19,network,operating,0.0,0.0
own:19,20,network,operating,0.0,0.0
own:19,21,network,operating,0.0,0.0
own:19,22,network,operating,0.0,0.0
own:19,23,network,operating,0.0,0.0
own:19,24,network,operating,0.0,0.0
own:19,25,network,operating,0.0,0.0
own:19,26,network,operating,0.0,0.0
own:19,27,network,operating,0.0,0.0
own:19,28,network,operating,0.0,0.0
own:19,29,network,operating,0.0,0.0
own:19,30,network,operating,0.0,0.0
own:19,31,network,operating,0.0,0.0
own:19,32,network,operating,0.0,0.0
own:19,33,network,operating,0.0,0.0
own:19,34,network,operating,0.0,0.0
own:19,35,network,operating,0.0,0.0
own:19,36,network,operating,0.0,0.0
own:19,0,storage,capital,0.0,0.0
own:19,1,storage,operating,0.0,0.0
own:19,2,storage,operating,0.0,0.0
own:19,3,storage,operating,0.0,0.0
own:19,4,storage,operating,0.0,0.0
own:19,5,storage,operating,0.0,0.0
own:19,6,storage,operating,0.0,0.0
own:19,7,storage,operating,0.0,0.0
own:19,8,storage,operating,0.0,0.0
own:19,9,storage,operating,0.0,0.0
own:19,10,storage,operating,0.0,0.0
own:19,11,storage,operating,0.0,0.0
own:19,12,storage,operating,0.0,0.0
own:19,13,storage,operating,0.0,0.0
own:19,14,storage,operating,0.0,0.0
own:19,15,storage,operating,0.0,0.0
own:19,16,storage,operating,0.0,0.0
own:19,17,storage,operating,0.0,0.0
own:19,18,storage,operating,0.0,0.0
own:19,19,storage,operating,0.0,0.0
own:19,20,storage,operating,0.0,0.0
own:19,21,storage,operating,0.0,0.0
own:19,22,storage,operating,0.0,0.0
own:19,23,storage,operating,0.0,0.0
own:19,24,storage,operating,0.0,0.0
own:19,25,storage,operating,0.0,0.0
own:19,26,storage,operating,0.0,0.0
own:19,27,storage,operating,0.0,0.0
own:19,28,storage,operating,0.0,0.0
own:19,29,storage,operating,0.0,0.0
own:19,30,storage,operating,0.0,0.0
own:19,31,storage,operating,0.0,0.0
own:19,32,storage,operating,0.0,0.0
own:19,33,storage,operating,0.0,0.0
own:19,34,storage,operating,0.0,0.0
own:19,35,storage,operating,0.0,0.0
own:19,36,storage,operating,0.0,0.0
own:19,0,operations,capital,0.0,0.0
own:19,1,operations,operating,8333.333333333334,8267.407862058259
own:19,2,operations,operating,8333.333333333334,8202.003930914723
own:19,3,operations,operating,8333.333333333334,8137.117413969255
own:19,4,operations,operating,8333.333333333334,8072.744217928869
own:19,5,operations,operating,8333.333333333334,8008.880281882857
own:19,6,operations,operating,8333.333333333334,7945.521577046603
own:19,7,operations,operating,8333.333333333334,7882.664106507434
own:19,8,operations,operating,8333.333333333334,7820.303904972478
own:19,9,operations,operating,8333.333333333334,7758.437038518524
own:19,10,operations,operating,8333.333333333334,7697.059604343844
own:19,11,operations,operating,8333.333333333334,7636.167730521998
own:19,12,operations,operating,8333.333333333334,7575.757575757576
own:19,13,operations,operating,8333.333333333334,7515.825329143871
own:19,14,operations,operating,8333.333333333334,7456.367209922475
own:19,15,operations,operating,8333.333333333334,7397.379467244777
own:19,16,operations,operating,8333.333333333334,7338.8583799353355
own:19,17,operations,operating,8333.333333333334,7280.800256257142
own:19,18,operations,operating,8333.333333333334,7223.201433678729
own:19,19,operations,operating,8333.333333333334,7166.058278643121
own:19,20,operations,operating,8333.333333333334,7109.367186338616
own:19,21,operations,operating,8333.333333333334,7053.124580471384
own:19,22,operations,operating,8333.333333333334,6997.326913039858
own:19,23,operations,operating,8333.333333333334,6941.970664110907
own:19,24,operations,operating,8333.333333333334,6887.052341597796
own:19,25,operations,operating,8333.333333333334,6832.568481039882
own:19,26,operations,operating,8333.333333333334,6778.515645384069
own:19,27,operations,operating,8333.333333333334,6724.8904247679775
own:19,28,operations,operating,8333.333333333334,6671.68943630485
own:19,29,operations,operating,8333.333333333334,6618.909323870129
own:19,30,operations,operating,8333.333333333334,6566.546757889753
own:19,31,operations,operating,8333.333333333334,6514.5984351301095
own:19,32,operations,operating,8333.333333333334,6463.061078489651
own:19,33,operations,operating,8333.333333333334,6411.931436792167
own:19,34,operations,operating,8333.333333333334,6361.206284581688
own:19,35,operations,operating,8333.333333333334,6310.8824219190055
own:19,36,operations,operating,8333.333333333334,6260.9566741798135
own:19,0,precommission,capital,0.0,0.0
own:19,1,precommission,operating,0.0,0.0
own:19,2,precommission,operating,0.0,0.0
own:19,3,precommission,operating,0.0,0.0
own:19,4,precommission,operating,0.0,0.0
own:19,5,precommission,operating,0.0,0.0
own:19,6,precommission,operating,0.0,0.0
own:19,7,precommission,operating,0.0,0.0
own:19,8,precommission,operating,0.0,0.0
own:19,9,precommission,operating,0.0,0.0
own:19,10,precommission,operating,0.0,0.0
own:19,11,precommission,operating,0.0,0.0
own:19,12,precommission,operating,0.0,0.0
own:19,13,precommission,operating,0.0,0.0
own:19,14,precommission,operating,0.0,0.0
own:19,15,precommission,operating,0.0,0.0
own:19,16,precommission,operating,0.0,0.0
own:19,17,precommission,operating,0.0,0.0
own:19,18,precommission,operating,0.0,0.0
own:19,19,precommission,operating,0.0,0.0
own:19,20,precommission,operating,0.0,0.0
own:19,21,precommission,operating,0.0,0.0
own:19,22,precommission,operating,0.0,0.0
own:19,23,precommission,operating,0.0,0.0
own:19,24,precommission,operating,0.0,0.0
own:19,25,precommission,operating,0.0,0.0
own:19,26,precommission,operating,0.0,0.0
own:19,27,precommission,operating,0.0,0.0
own:19,28,precommission,operating,0.0,0.0
own:19,29,precommission,operating,0.0,0.0
own:19,30,precommission,operating,0.0,0.0
own:19,31,precommission,operating,0.0,0.0
own:19,32,precommission,operating,0.0,0.0
own:19,33,precommission,operating,0.0,0.0
own:19,34,precommission,operating,0.0,0.0
own:19,35,precommission,operating,0.0,0.0
own:19,36,precommission,operating,0.0,0.0
own:19,0,electricity,capital,0.0,0.0
own:19,1,electricity,operating,7542.999639294592,7483.326542568806
own:19,2,electricity,operating,7319.0754556365155,7203.730278935061
own:19,3,electricity,operating,7583.18986067852,7404.636752251472
own:19,4,electricity,operating,7603.435809981912,7365.671096570974
own:19,5,electricity,operating,6885.997538480355,6617.895588843504
own:19,6,electricity,operating,7644.231903976979,7288.489143959654
own:19,7,electricity,operating,5418.765998466225,5125.717468520715
own:19,8,electricity,operating,5609.718489407175,5264.364409020869
own:19,9,electricity,operating,5438.80362760085,5063.59386115288
own:19,10,electricity,operating,5630.527567263482,5200.620754695378
own:19,11,electricity,operating,5641.0102050997975,5169.084011487402
own:19,12,electricity,operating,5469.237344637384,4972.033949670349
own:19,13,electricity,operating,5662.132982405923,5106.672298337683
own:19,14,electricity,operating,5489.780949017374,4912.058718949228
own:19,15,electricity,operating,5683.467515554542,5045.131908277902
own:19,16,electricity,operating,5694.214853132315,5014.684367047481
own:19,17,electricity,operating,5336.950383694881,4662.87236654848
own:19,18,electricity,operating,5715.871007034964,4954.426518328516
own:19,19,electricity,operating,5542.045511680781,4765.754534351641
own:19,20,electricity,operating,5737.7442638804905,4895.007695188149
own:19,21,electricity,operating,5563.3190179353805,4708.653853728475
own:19,22,electricity,operating,5759.836800125892,4836.4153267485935
own:19,23,electricity,operating,5770.96598412652,4807.4251878465875
own:19,24,electricity,operating,5595.629820045633,4624.487454583167
own:19,25,electricity,operating,5793.391568117389,4750.04935519693
own:19,26,electricity,operating,5617.440508991589,4569.349005265648
own:19,27,electricity,operating,5816.041968587765,4693.469393352547
own:19,28,electricity,operating,5827.4521784307035,4665.474136728936
own:19,29,electricity,operating,5273.862719388388,4188.866295140504
own:19,30,electricity,operating,5850.444036519471,4610.065718426685
own:19,31,electricity,operating,5672.928635518131,4434.822241386144
own:19,32,electricity,operating,5873.666387985579,4555.423754426698
own:19,33,electricity,operating,5695.514245089201,4382.309620414207
own:19,34,electricity,operating,5897.121543525133,4501.536794833697
own:19,35,electricity,operating,5908.93715124276,4474.872912000252
own:19,36,electricity,operating,5729.817906773199,4304.8969998296
own:19,0,hosting,capital,0.0,0.0
own:19,1,hosting,operating,0.0,0.0
own:19,2,hosting,operating,0.0,0.0
own:19,3,hosting,operating,0.0,0.0
own:19,4,hosting,operating,0.0,0.0
own:19,5,hosting,operating,0.0,0.0
own:19,6,hosting,operating,0.0,0.0
own:19,7,hosting,operating,0.0,0.0
own:19,8,hosting,operating,0.0,0.0
own:19,9,hosting,operating,0.0,0.0
own:19,10,hosting,operating,0.0,0.0
own:19,11,hosting,operating,0.0,0.0
own:19,12,hosting,operating,0.0,0.0
own:19,13,hosting,operating,0.0,0.0
own:19,14,hosting,operating,0.0,0.0
own:19,15,hosting,operating,0.0,0.0
own:19,16,hosting,operating,0.0,0.0
own:19,17,hosting,operating,0.0,0.0
own:19,18,hosting,operating,0.0,0.0
own:19,19,hosting,operating,0.0,0.0
own:19,20,hosting,operating,0.0,0.0
own:19,21,hosting,operating,0.0,0.0
own:19,22,hosting,operating,0.0,0.0
own:19,23,hosting,operating,0.0,0.0
own:19,24,hosting,operating,0.0,0.0
own:19,25,hosting,operating,0.0,0.0
own:19,26,hosting,operating,0.0,0.0
own:19,27,hosting,operating,0.0,0.0
own:19,28,hosting,operating,0.0,0.0
own:19,29,hosting,operating,0.0,0.0
own:19,30,hosting,operating,0.0,0.0
own:19,31,hosting,operating,0.0,0.0
own:19,32,hosting,operating,0.0,0.0
own:19,33,hosting,operating,0.0,0.0
own:19,34,hosting,operating,0.0,0.0
own:19,35,hosting,operating,0.0,0.0
own:19,36,hosting,operating,0.0,0.0
own:19,0,exit,terminal,0.0,0.0
own:19,1,exit,terminal,0.0,0.0
own:19,2,exit,terminal,0.0,0.0
own:19,3,exit,terminal,0.0,0.0
own:19,4,exit,terminal,0.0,0.0
own:19,5,exit,terminal,0.0,0.0
own:19,6,exit,terminal,0.0,0.0
own:19,7,exit,terminal,0.0,0.0
own:19,8,exit,terminal,0.0,0.0
own:19,9,exit,terminal,0.0,0.0
own:19,10,exit,terminal,0.0,0.0
own:19,11,exit,terminal,0.0,0.0
own:19,12,exit,terminal,0.0,0.0
own:19,13,exit,terminal,0.0,0.0
own:19,14,exit,terminal,0.0,0.0
own:19,15,exit,terminal,0.0,0.0
own:19,16,exit,terminal,0.0,0.0
own:19,17,exit,terminal,0.0,0.0
own:19,18,exit,terminal,0.0,0.0
own:19,19,exit,terminal,0.0,0.0
own:19,20,exit,terminal,0.0,0.0
own:19,21,exit,terminal,0.0,0.0
own:19,22,exit,terminal,0.0,0.0
own:19,23,exit,terminal,0.0,0.0
own:19,24,exit,terminal,0.0,0.0
own:19,25,exit,terminal,0.0,0.0
own:19,26,exit,terminal,0.0,0.0
own:19,27,exit,terminal,0.0,0.0
own:19,28,exit,terminal,0.0,0.0
own:19,29,exit,terminal,0.0,0.0
own:19,30,exit,terminal,0.0,0.0
own:19,31,exit,terminal,0.0,0.0
own:19,32,exit,terminal,0.0,0.0
own:19,33,exit,terminal,0.0,0.0
own:19,34,exit,terminal,0.0,0.0
own:19,35,exit,terminal,0.0,0.0
own:19,36,exit,terminal,0.0,0.0
own:19,0,residual,terminal,0.0,0.0
own:19,1,residual,terminal,0.0,0.0
own:19,2,residual,terminal,0.0,0.0
own:19,3,residual,terminal,0.0,0.0
own:19,4,residual,terminal,0.0,0.0
own:19,5,residual,terminal,0.0,0.0
own:19,6,residual,terminal,0.0,0.0
own:19,7,residual,terminal,0.0,0.0
own:19,8,residual,terminal,0.0,0.0
own:19,9,residual,terminal,0.0,0.0
own:19,10,residual,terminal,0.0,0.0
own:19,11,residual,terminal,0.0,0.0
own:19,12,residual,terminal,0.0,0.0
own:19,13,residual,terminal,0.0,0.0
own:19,14,residual,terminal,0.0,0.0
own:19,15,residual,terminal,0.0,0.0
own:19,16,residual,terminal,0.0,0.0
own:19,17,residual,terminal,0.0,0.0
own:19,18,residual,terminal,0.0,0.0
own:19,19,residual,terminal,0.0,0.0
own:19,20,residual,terminal,0.0,0.0
own:19,21,residual,terminal,0.0,0.0
own:19,22,residual,terminal,0.0,0.0
own:19,23,residual,terminal,0.0,0.0
own:19,24,residual,terminal,0.0,0.0
own:19,25,residual,terminal,0.0,0.0
own:19,26,residual,terminal,0.0,0.0
own:19,27,residual,terminal,0.0,0.0
own:19,28,residual,terminal,0.0,0.0
own:19,29,residual,terminal,0.0,0.0
own:19,30,residual,terminal,0.0,0.0
own:19,31,residual,terminal,0.0,0.0
own:19,32,residual,terminal,0.0,0.0
own:19,33,residual,terminal,0.0,0.0
own:19,34,residual,terminal,0.0,0.0
own:19,35,residual,terminal,0.0,0.0
own:19,36,residual,terminal,0.0,0.0
own:20,0,on_demand,capital,0.0,0.0
own:20,1,on_demand,operating,0.0,0.0
own:20,2,on_demand,operating,0.0,0.0
own:20,3,on_demand,operating,0.0,0.0
own:20,4,on_demand,operating,0.0,0.0
own:20,5,on_demand,operating,0.0,0.0
own:20,6,on_demand,operating,0.0,0.0
own:20,7,on_demand,operating,0.0,0.0
own:20,8,on_demand,operating,0.0,0.0
own:20,9,on_demand,operating,0.0,0.0
own:20,10,on_demand,operating,0.0,0.0
own:20,11,on_demand,operating,0.0,0.0
own:20,12,on_demand,operating,0.0,0.0
own:20,13,on_demand,operating,0.0,0.0
own:20,14,on_demand,operating,0.0,0.0
own:20,15,on_demand,operating,0.0,0.0
own:20,16,on_demand,operating,0.0,0.0
own:20,17,on_demand,operating,0.0,0.0
own:20,18,on_demand,operating,0.0,0.0
own:20,19,on_demand,operating,0.0,0.0
own:20,20,on_demand,operating,0.0,0.0
own:20,21,on_demand,operating,0.0,0.0
own:20,22,on_demand,operating,0.0,0.0
own:20,23,on_demand,operating,0.0,0.0
own:20,24,on_demand,operating,0.0,0.0
own:20,25,on_demand,operating,0.0,0.0
own:20,26,on_demand,operating,0.0,0.0
own:20,27,on_demand,operating,0.0,0.0
own:20,28,on_demand,operating,0.0,0.0
own:20,29,on_demand,operating,0.0,0.0
own:20,30,on_demand,operating,0.0,0.0
own:20,31,on_demand,operating,0.0,0.0
own:20,32,on_demand,operating,0.0,0.0
own:20,33,on_demand,operating,0.0,0.0
own:20,34,on_demand,operating,0.0,0.0
own:20,35,on_demand,operating,0.0,0.0
own:20,36,on_demand,operating,0.0,0.0
own:20,0,variable_service,capital,0.0,0.0
own:20,1,variable_service,operating,0.0,0.0
own:20,2,variable_service,operating,0.0,0.0
own:20,3,variable_service,operating,0.0,0.0
own:20,4,variable_service,operating,0.0,0.0
own:20,5,variable_service,operating,0.0,0.0
own:20,6,variable_service,operating,0.0,0.0
own:20,7,variable_service,operating,0.0,0.0
own:20,8,variable_service,operating,0.0,0.0
own:20,9,variable_service,operating,0.0,0.0
own:20,10,variable_service,operating,0.0,0.0
own:20,11,variable_service,operating,0.0,0.0
own:20,12,variable_service,operating,0.0,0.0
own:20,13,variable_service,operating,0.0,0.0
own:20,14,variable_service,operating,0.0,0.0
own:20,15,variable_service,operating,0.0,0.0
own:20,16,variable_service,operating,0.0,0.0
own:20,17,variable_service,operating,0.0,0.0
own:20,18,variable_service,operating,0.0,0.0
own:20,19,variable_service,operating,0.0,0.0
own:20,20,variable_service,operating,0.0,0.0
own:20,21,variable_service,operating,0.0,0.0
own:20,22,variable_service,operating,0.0,0.0
own:20,23,variable_service,operating,0.0,0.0
own:20,24,variable_service,operating,0.0,0.0
own:20,25,variable_service,operating,0.0,0.0
own:20,26,variable_service,operating,0.0,0.0
own:20,27,variable_service,operating,0.0,0.0
own:20,28,variable_service,operating,0.0,0.0
own:20,29,variable_service,operating,0.0,0.0
own:20,30,variable_service,operating,0.0,0.0
own:20,31,variable_service,operating,0.0,0.0
own:20,32,variable_service,operating,0.0,0.0
own:20,33,variable_service,operating,0.0,0.0
own:20,34,variable_service,operating,0.0,0.0
own:20,35,variable_service,operating,0.0,0.0
own:20,36,variable_service,operating,0.0,0.0
own:20,0,node_acquisition,capital,8000000.0,8000000.0
own:20,1,node_acquisition,operating,0.0,0.0
own:20,2,node_acquisition,operating,0.0,0.0
own:20,3,node_acquisition,operating,0.0,0.0
own:20,4,node_acquisition,operating,0.0,0.0
own:20,5,node_acquisition,operating,0.0,0.0
own:20,6,node_acquisition,operating,0.0,0.0
own:20,7,node_acquisition,operating,0.0,0.0
own:20,8,node_acquisition,operating,0.0,0.0
own:20,9,node_acquisition,operating,0.0,0.0
own:20,10,node_acquisition,operating,0.0,0.0
own:20,11,node_acquisition,operating,0.0,0.0
own:20,12,node_acquisition,operating,0.0,0.0
own:20,13,node_acquisition,operating,0.0,0.0
own:20,14,node_acquisition,operating,0.0,0.0
own:20,15,node_acquisition,operating,0.0,0.0
own:20,16,node_acquisition,operating,0.0,0.0
own:20,17,node_acquisition,operating,0.0,0.0
own:20,18,node_acquisition,operating,0.0,0.0
own:20,19,node_acquisition,operating,0.0,0.0
own:20,20,node_acquisition,operating,0.0,0.0
own:20,21,node_acquisition,operating,0.0,0.0
own:20,22,node_acquisition,operating,0.0,0.0
own:20,23,node_acquisition,operating,0.0,0.0
own:20,24,node_acquisition,operating,0.0,0.0
own:20,25,node_acquisition,operating,0.0,0.0
own:20,26,node_acquisition,operating,0.0,0.0
own:20,27,node_acquisition,operating,0.0,0.0
own:20,28,node_acquisition,operating,0.0,0.0
own:20,29,node_acquisition,operating,0.0,0.0
own:20,30,node_acquisition,operating,0.0,0.0
own:20,31,node_acquisition,operating,0.0,0.0
own:20,32,node_acquisition,operating,0.0,0.0
own:20,33,node_acquisition,operating,0.0,0.0
own:20,34,node_acquisition,operating,0.0,0.0
own:20,35,node_acquisition,operating,0.0,0.0
own:20,36,node_acquisition,operating,0.0,0.0
own:20,0,installation,capital,50000.0,50000.0
own:20,1,installation,operating,0.0,0.0
own:20,2,installation,operating,0.0,0.0
own:20,3,installation,operating,0.0,0.0
own:20,4,installation,operating,0.0,0.0
own:20,5,installation,operating,0.0,0.0
own:20,6,installation,operating,0.0,0.0
own:20,7,installation,operating,0.0,0.0
own:20,8,installation,operating,0.0,0.0
own:20,9,installation,operating,0.0,0.0
own:20,10,installation,operating,0.0,0.0
own:20,11,installation,operating,0.0,0.0
own:20,12,installation,operating,0.0,0.0
own:20,13,installation,operating,0.0,0.0
own:20,14,installation,operating,0.0,0.0
own:20,15,installation,operating,0.0,0.0
own:20,16,installation,operating,0.0,0.0
own:20,17,installation,operating,0.0,0.0
own:20,18,installation,operating,0.0,0.0
own:20,19,installation,operating,0.0,0.0
own:20,20,installation,operating,0.0,0.0
own:20,21,installation,operating,0.0,0.0
own:20,22,installation,operating,0.0,0.0
own:20,23,installation,operating,0.0,0.0
own:20,24,installation,operating,0.0,0.0
own:20,25,installation,operating,0.0,0.0
own:20,26,installation,operating,0.0,0.0
own:20,27,installation,operating,0.0,0.0
own:20,28,installation,operating,0.0,0.0
own:20,29,installation,operating,0.0,0.0
own:20,30,installation,operating,0.0,0.0
own:20,31,installation,operating,0.0,0.0
own:20,32,installation,operating,0.0,0.0
own:20,33,installation,operating,0.0,0.0
own:20,34,installation,operating,0.0,0.0
own:20,35,installation,operating,0.0,0.0
own:20,36,installation,operating,0.0,0.0
own:20,0,network,capital,0.0,0.0
own:20,1,network,operating,0.0,0.0
own:20,2,network,operating,0.0,0.0
own:20,3,network,operating,0.0,0.0
own:20,4,network,operating,0.0,0.0
own:20,5,network,operating,0.0,0.0
own:20,6,network,operating,0.0,0.0
own:20,7,network,operating,0.0,0.0
own:20,8,network,operating,0.0,0.0
own:20,9,network,operating,0.0,0.0
own:20,10,network,operating,0.0,0.0
own:20,11,network,operating,0.0,0.0
own:20,12,network,operating,0.0,0.0
own:20,13,network,operating,0.0,0.0
own:20,14,network,operating,0.0,0.0
own:20,15,network,operating,0.0,0.0
own:20,16,network,operating,0.0,0.0
own:20,17,network,operating,0.0,0.0
own:20,18,network,operating,0.0,0.0
own:20,19,network,operating,0.0,0.0
own:20,20,network,operating,0.0,0.0
own:20,21,network,operating,0.0,0.0
own:20,22,network,operating,0.0,0.0
own:20,23,network,operating,0.0,0.0
own:20,24,network,operating,0.0,0.0
own:20,25,network,operating,0.0,0.0
own:20,26,network,operating,0.0,0.0
own:20,27,network,operating,0.0,0.0
own:20,28,network,operating,0.0,0.0
own:20,29,network,operating,0.0,0.0
own:20,30,network,operating,0.0,0.0
own:20,31,network,operating,0.0,0.0
own:20,32,network,operating,0.0,0.0
own:20,33,network,operating,0.0,0.0
own:20,34,network,operating,0.0,0.0
own:20,35,network,operating,0.0,0.0
own:20,36,network,operating,0.0,0.0
own:20,0,storage,capital,0.0,0.0
own:20,1,storage,operating,0.0,0.0
own:20,2,storage,operating,0.0,0.0
own:20,3,storage,operating,0.0,0.0
own:20,4,storage,operating,0.0,0.0
own:20,5,storage,operating,0.0,0.0
own:20,6,storage,operating,0.0,0.0
own:20,7,storage,operating,0.0,0.0
own:20,8,storage,operating,0.0,0.0
own:20,9,storage,operating,0.0,0.0
own:20,10,storage,operating,0.0,0.0
own:20,11,storage,operating,0.0,0.0
own:20,12,storage,operating,0.0,0.0
own:20,13,storage,operating,0.0,0.0
own:20,14,storage,operating,0.0,0.0
own:20,15,storage,operating,0.0,0.0
own:20,16,storage,operating,0.0,0.0
own:20,17,storage,operating,0.0,0.0
own:20,18,storage,operating,0.0,0.0
own:20,19,storage,operating,0.0,0.0
own:20,20,storage,operating,0.0,0.0
own:20,21,storage,operating,0.0,0.0
own:20,22,storage,operating,0.0,0.0
own:20,23,storage,operating,0.0,0.0
own:20,24,storage,operating,0.0,0.0
own:20,25,storage,operating,0.0,0.0
own:20,26,storage,operating,0.0,0.0
own:20,27,storage,operating,0.0,0.0
own:20,28,storage,operating,0.0,0.0
own:20,29,storage,operating,0.0,0.0
own:20,30,storage,operating,0.0,0.0
own:20,31,storage,operating,0.0,0.0
own:20,32,storage,operating,0.0,0.0
own:20,33,storage,operating,0.0,0.0
own:20,34,storage,operating,0.0,0.0
own:20,35,storage,operating,0.0,0.0
own:20,36,storage,operating,0.0,0.0
own:20,0,operations,capital,0.0,0.0
own:20,1,operations,operating,8666.666666666666,8598.104176540588
own:20,2,operations,operating,8666.666666666666,8530.084088151312
own:20,3,operations,operating,8666.666666666666,8462.602110528023
own:20,4,operations,operating,8666.666666666666,8395.653986646023
own:20,5,operations,operating,8666.666666666666,8329.23549315817
own:20,6,operations,operating,8666.666666666666,8263.342440128465
own:20,7,operations,operating,8666.666666666666,8197.970670767729
own:20,8,operations,operating,8666.666666666666,8133.116061171377
own:20,9,operations,operating,8666.666666666666,8068.7745200592635
own:20,10,operations,operating,8666.666666666666,8004.941988517597
own:20,11,operations,operating,8666.666666666666,7941.614439742877
own:20,12,operations,operating,8666.666666666666,7878.787878787878
own:20,13,operations,operating,8666.666666666666,7816.458342309625
own:20,14,operations,operating,8666.666666666666,7754.621898319373
own:20,15,operations,operating,8666.666666666666,7693.274645934567
own:20,16,operations,operating,8666.666666666666,7632.4127151327475
own:20,17,operations,operating,8666.666666666666,7572.032266507426
own:20,18,operations,operating,8666.666666666666,7512.1294910258775
own:20,19,operations,operating,8666.666666666666,7452.700609788845
own:20,20,operations,operating,8666.666666666666,7393.74187379216
own:20,21,operations,operating,8666.666666666666,7335.2495636902395
own:20,22,operations,operating,8666.666666666666,7277.21998956145
own:20,23,operations,operating,8666.666666666666,7219.649490675342
own:20,24,operations,operating,8666.666666666666,7162.534435261707
own:20,25,operations,operating,8666.666666666666,7105.871220281476
own:20,26,operations,operating,8666.666666666666,7049.65627119943
own:20,27,operations,operating,8666.666666666666,6993.886041758696
own:20,28,operations,operating,8666.666666666666,6938.557013757042
own:20,29,operations,operating,8666.666666666666,6883.665696824934
own:20,30,operations,operating,8666.666666666666,6829.208628205342
own:20,31,operations,operating,8666.666666666666,6775.182372535312
own:20,32,operations,operating,8666.666666666666,6721.583521629236
own:20,33,operations,operating,8666.666666666666,6668.408694263853
own:20,34,operations,operating,8666.666666666666,6615.654535964954
own:20,35,operations,operating,8666.666666666666,6563.317718795765
own:20,36,operations,operating,8666.666666666666,6511.394941147005
own:20,0,precommission,capital,0.0,0.0
own:20,1,precommission,operating,0.0,0.0
own:20,2,precommission,operating,0.0,0.0
own:20,3,precommission,operating,0.0,0.0
own:20,4,precommission,operating,0.0,0.0
own:20,5,precommission,operating,0.0,0.0
own:20,6,precommission,operating,0.0,0.0
own:20,7,precommission,operating,0.0,0.0
own:20,8,precommission,operating,0.0,0.0
own:20,9,precommission,operating,0.0,0.0
own:20,10,precommission,operating,0.0,0.0
own:20,11,precommission,operating,0.0,0.0
own:20,12,precommission,operating,0.0,0.0
own:20,13,precommission,operating,0.0,0.0
own:20,14,precommission,operating,0.0,0.0
own:20,15,precommission,operating,0.0,0.0
own:20,16,precommission,operating,0.0,0.0
own:20,17,precommission,operating,0.0,0.0
own:20,18,precommission,operating,0.0,0.0
own:20,19,precommission,operating,0.0,0.0
own:20,20,precommission,operating,0.0,0.0
own:20,21,precommission,operating,0.0,0.0
own:20,22,precommission,operating,0.0,0.0
own:20,23,precommission,operating,0.0,0.0
own:20,24,precommission,operating,0.0,0.0
own:20,25,precommission,operating,0.0,0.0
own:20,26,precommission,operating,0.0,0.0
own:20,27,precommission,operating,0.0,0.0
own:20,28,precommission,operating,0.0,0.0
own:20,29,precommission,operating,0.0,0.0
own:20,30,precommission,operating,0.0,0.0
own:20,31,precommission,operating,0.0,0.0
own:20,32,precommission,operating,0.0,0.0
own:20,33,precommission,operating,0.0,0.0
own:20,34,precommission,operating,0.0,0.0
own:20,35,precommission,operating,0.0,0.0
own:20,36,precommission,operating,0.0,0.0
own:20,0,electricity,capital,0.0,0.0
own:20,1,electricity,operating,7728.999639294592,7667.855086049946
own:20,2,electricity,operating,7499.0754556365155,7380.893563842818
own:20,3,electricity,operating,7769.18986067852,7586.257212931266
own:20,4,electricity,operating,7789.435809981912,7545.854747515146
own:20,5,electricity,operating,7053.997538480355,6779.354615326262
own:20,6,electricity,operating,7830.231903976979,7465.833185559334
own:20,7,electricity,operating,5598.765998466225,5295.9830132212755
own:20,8,electricity,operating,5795.718489407175,5438.913592179855
own:20,9,electricity,operating,5618.80362760085,5231.17610118488
own:20,10,electricity,operating,5816.527567263482,5372.4191250643335
own:20,11,electricity,operating,5827.0102050997975,5339.523275232653
own:20,12,electricity,operating,5649.237344637384,5135.670313306712
own:20,13,electricity,operating,5848.132982405923,5274.425519684175
own:20,14,electricity,operating,5669.780949017374,5073.1162506835535
own:20,15,electricity,operating,5869.467515554542,5210.241417986806
own:20,16,electricity,operating,5880.214853132315,5178.4876860876375
own:20,17,electricity,operating,5510.950383694881,4814.895475899129
own:20,18,electricity,operating,5901.871007034964,5115.648374328225
own:20,19,electricity,operating,5722.045511680781,4920.541393170332
own:20,20,electricity,operating,5923.7442638804905,5053.6887707872265
own:20,21,electricity,operating,5743.3190179353805,4861.001344666656
own:20,22,electricity,operating,5945.836800125892,4992.595663447642
own:20,23,electricity,operating,5956.96598412652,4962.3699730695425
own:20,24,electricity,operating,5775.629820045633,4773.2477851616795
own:20,25,electricity,operating,5979.391568117389,4902.552283693741
own:20,26,electricity,operating,5797.440508991589,4715.764943205943
own:20,27,electricity,operating,6002.041968587765,4843.568947633368
own:20,28,electricity,operating,6013.4521784307035,4814.386244947261
own:20,29,electricity,operating,5441.862719388388,4322.3035071097265
own:20,30,electricity,operating,6036.444036519471,4756.631042062784
own:20,31,electricity,operating,5852.928635518131,4575.537567584955
own:20,32,electricity,operating,6059.666387985579,4699.679277698587
own:20,33,electricity,operating,5875.514245089201,4520.807339448917
own:20,34,electricity,operating,6083.121543525133,4643.51891910556
own:20,35,electricity,operating,6094.93715124276,4615.731807657484
own:20,36,electricity,operating,5909.817906773199,4440.133663991884
own:20,0,hosting,capital,0.0,0.0
own:20,1,hosting,operating,0.0,0.0
own:20,2,hosting,operating,0.0,0.0
own:20,3,hosting,operating,0.0,0.0
own:20,4,hosting,operating,0.0,0.0
own:20,5,hosting,operating,0.0,0.0
own:20,6,hosting,operating,0.0,0.0
own:20,7,hosting,operating,0.0,0.0
own:20,8,hosting,operating,0.0,0.0
own:20,9,hosting,operating,0.0,0.0
own:20,10,hosting,operating,0.0,0.0
own:20,11,hosting,operating,0.0,0.0
own:20,12,hosting,operating,0.0,0.0
own:20,13,hosting,operating,0.0,0.0
own:20,14,hosting,operating,0.0,0.0
own:20,15,hosting,operating,0.0,0.0
own:20,16,hosting,operating,0.0,0.0
own:20,17,hosting,operating,0.0,0.0
own:20,18,hosting,operating,0.0,0.0
own:20,19,hosting,operating,0.0,0.0
own:20,20,hosting,operating,0.0,0.0
own:20,21,hosting,operating,0.0,0.0
own:20,22,hosting,operating,0.0,0.0
own:20,23,hosting,operating,0.0,0.0
own:20,24,hosting,operating,0.0,0.0
own:20,25,hosting,operating,0.0,0.0
own:20,26,hosting,operating,0.0,0.0
own:20,27,hosting,operating,0.0,0.0
own:20,28,hosting,operating,0.0,0.0
own:20,29,hosting,operating,0.0,0.0
own:20,30,hosting,operating,0.0,0.0
own:20,31,hosting,operating,0.0,0.0
own:20,32,hosting,operating,0.0,0.0
own:20,33,hosting,operating,0.0,0.0
own:20,34,hosting,operating,0.0,0.0
own:20,35,hosting,operating,0.0,0.0
own:20,36,hosting,operating,0.0,0.0
own:20,0,exit,terminal,0.0,0.0
own:20,1,exit,terminal,0.0,0.0
own:20,2,exit,terminal,0.0,0.0
own:20,3,exit,terminal,0.0,0.0
own:20,4,exit,terminal,0.0,0.0
own:20,5,exit,terminal,0.0,0.0
own:20,6,exit,terminal,0.0,0.0
own:20,7,exit,terminal,0.0,0.0
own:20,8,exit,terminal,0.0,0.0
own:20,9,exit,terminal,0.0,0.0
own:20,10,exit,terminal,0.0,0.0
own:20,11,exit,terminal,0.0,0.0
own:20,12,exit,terminal,0.0,0.0
own:20,13,exit,terminal,0.0,0.0
own:20,14,exit,terminal,0.0,0.0
own:20,15,exit,terminal,0.0,0.0
own:20,16,exit,terminal,0.0,0.0
own:20,17,exit,terminal,0.0,0.0
own:20,18,exit,terminal,0.0,0.0
own:20,19,exit,terminal,0.0,0.0
own:20,20,exit,terminal,0.0,0.0
own:20,21,exit,terminal,0.0,0.0
own:20,22,exit,terminal,0.0,0.0
own:20,23,exit,terminal,0.0,0.0
own:20,24,exit,terminal,0.0,0.0
own:20,25,exit,terminal,0.0,0.0
own:20,26,exit,terminal,0.0,0.0
own:20,27,exit,terminal,0.0,0.0
own:20,28,exit,terminal,0.0,0.0
own:20,29,exit,terminal,0.0,0.0
own:20,30,exit,terminal,0.0,0.0
own:20,31,exit,terminal,0.0,0.0
own:20,32,exit,terminal,0.0,0.0
own:20,33,exit,terminal,0.0,0.0
own:20,34,exit,terminal,0.0,0.0
own:20,35,exit,terminal,0.0,0.0
own:20,36,exit,terminal,0.0,0.0
own:20,0,residual,terminal,0.0,0.0
own:20,1,residual,terminal,0.0,0.0
own:20,2,residual,terminal,0.0,0.0
own:20,3,residual,terminal,0.0,0.0
own:20,4,residual,terminal,0.0,0.0
own:20,5,residual,terminal,0.0,0.0
own:20,6,residual,terminal,0.0,0.0
own:20,7,residual,terminal,0.0,0.0
own:20,8,residual,terminal,0.0,0.0
own:20,9,residual,terminal,0.0,0.0
own:20,10,residual,terminal,0.0,0.0
own:20,11,residual,terminal,0.0,0.0
own:20,12,residual,terminal,0.0,0.0
own:20,13,residual,terminal,0.0,0.0
own:20,14,residual,terminal,0.0,0.0
own:20,15,residual,terminal,0.0,0.0
own:20,16,residual,terminal,0.0,0.0
own:20,17,residual,terminal,0.0,0.0
own:20,18,residual,terminal,0.0,0.0
own:20,19,residual,terminal,0.0,0.0
own:20,20,residual,terminal,0.0,0.0
own:20,21,residual,terminal,0.0,0.0
own:20,22,residual,terminal,0.0,0.0
own:20,23,residual,terminal,0.0,0.0
own:20,24,residual,terminal,0.0,0.0
own:20,25,residual,terminal,0.0,0.0
own:20,26,residual,terminal,0.0,0.0
own:20,27,residual,terminal,0.0,0.0
own:20,28,residual,terminal,0.0,0.0
own:20,29,residual,terminal,0.0,0.0
own:20,30,residual,terminal,0.0,0.0
own:20,31,residual,terminal,0.0,0.0
own:20,32,residual,terminal,0.0,0.0
own:20,33,residual,terminal,0.0,0.0
own:20,34,residual,terminal,0.0,0.0
own:20,35,residual,terminal,0.0,0.0
own:20,36,residual,terminal,0.0,0.0
own:21,0,on_demand,capital,0.0,0.0
own:21,1,on_demand,operating,0.0,0.0
own:21,2,on_demand,operating,0.0,0.0
own:21,3,on_demand,operating,0.0,0.0
own:21,4,on_demand,operating,0.0,0.0
own:21,5,on_demand,operating,0.0,0.0
own:21,6,on_demand,operating,0.0,0.0
own:21,7,on_demand,operating,0.0,0.0
own:21,8,on_demand,operating,0.0,0.0
own:21,9,on_demand,operating,0.0,0.0
own:21,10,on_demand,operating,0.0,0.0
own:21,11,on_demand,operating,0.0,0.0
own:21,12,on_demand,operating,0.0,0.0
own:21,13,on_demand,operating,0.0,0.0
own:21,14,on_demand,operating,0.0,0.0
own:21,15,on_demand,operating,0.0,0.0
own:21,16,on_demand,operating,0.0,0.0
own:21,17,on_demand,operating,0.0,0.0
own:21,18,on_demand,operating,0.0,0.0
own:21,19,on_demand,operating,0.0,0.0
own:21,20,on_demand,operating,0.0,0.0
own:21,21,on_demand,operating,0.0,0.0
own:21,22,on_demand,operating,0.0,0.0
own:21,23,on_demand,operating,0.0,0.0
own:21,24,on_demand,operating,0.0,0.0
own:21,25,on_demand,operating,0.0,0.0
own:21,26,on_demand,operating,0.0,0.0
own:21,27,on_demand,operating,0.0,0.0
own:21,28,on_demand,operating,0.0,0.0
own:21,29,on_demand,operating,0.0,0.0
own:21,30,on_demand,operating,0.0,0.0
own:21,31,on_demand,operating,0.0,0.0
own:21,32,on_demand,operating,0.0,0.0
own:21,33,on_demand,operating,0.0,0.0
own:21,34,on_demand,operating,0.0,0.0
own:21,35,on_demand,operating,0.0,0.0
own:21,36,on_demand,operating,0.0,0.0
own:21,0,variable_service,capital,0.0,0.0
own:21,1,variable_service,operating,0.0,0.0
own:21,2,variable_service,operating,0.0,0.0
own:21,3,variable_service,operating,0.0,0.0
own:21,4,variable_service,operating,0.0,0.0
own:21,5,variable_service,operating,0.0,0.0
own:21,6,variable_service,operating,0.0,0.0
own:21,7,variable_service,operating,0.0,0.0
own:21,8,variable_service,operating,0.0,0.0
own:21,9,variable_service,operating,0.0,0.0
own:21,10,variable_service,operating,0.0,0.0
own:21,11,variable_service,operating,0.0,0.0
own:21,12,variable_service,operating,0.0,0.0
own:21,13,variable_service,operating,0.0,0.0
own:21,14,variable_service,operating,0.0,0.0
own:21,15,variable_service,operating,0.0,0.0
own:21,16,variable_service,operating,0.0,0.0
own:21,17,variable_service,operating,0.0,0.0
own:21,18,variable_service,operating,0.0,0.0
own:21,19,variable_service,operating,0.0,0.0
own:21,20,variable_service,operating,0.0,0.0
own:21,21,variable_service,operating,0.0,0.0
own:21,22,variable_service,operating,0.0,0.0
own:21,23,variable_service,operating,0.0,0.0
own:21,24,variable_service,operating,0.0,0.0
own:21,25,variable_service,operating,0.0,0.0
own:21,26,variable_service,operating,0.0,0.0
own:21,27,variable_service,operating,0.0,0.0
own:21,28,variable_service,operating,0.0,0.0
own:21,29,variable_service,operating,0.0,0.0
own:21,30,variable_service,operating,0.0,0.0
own:21,31,variable_service,operating,0.0,0.0
own:21,32,variable_service,operating,0.0,0.0
own:21,33,variable_service,operating,0.0,0.0
own:21,34,variable_service,operating,0.0,0.0
own:21,35,variable_service,operating,0.0,0.0
own:21,36,variable_service,operating,0.0,0.0
own:21,0,node_acquisition,capital,8400000.0,8400000.0
own:21,1,node_acquisition,operating,0.0,0.0
own:21,2,node_acquisition,operating,0.0,0.0
own:21,3,node_acquisition,operating,0.0,0.0
own:21,4,node_acquisition,operating,0.0,0.0
own:21,5,node_acquisition,operating,0.0,0.0
own:21,6,node_acquisition,operating,0.0,0.0
own:21,7,node_acquisition,operating,0.0,0.0
own:21,8,node_acquisition,operating,0.0,0.0
own:21,9,node_acquisition,operating,0.0,0.0
own:21,10,node_acquisition,operating,0.0,0.0
own:21,11,node_acquisition,operating,0.0,0.0
own:21,12,node_acquisition,operating,0.0,0.0
own:21,13,node_acquisition,operating,0.0,0.0
own:21,14,node_acquisition,operating,0.0,0.0
own:21,15,node_acquisition,operating,0.0,0.0
own:21,16,node_acquisition,operating,0.0,0.0
own:21,17,node_acquisition,operating,0.0,0.0
own:21,18,node_acquisition,operating,0.0,0.0
own:21,19,node_acquisition,operating,0.0,0.0
own:21,20,node_acquisition,operating,0.0,0.0
own:21,21,node_acquisition,operating,0.0,0.0
own:21,22,node_acquisition,operating,0.0,0.0
own:21,23,node_acquisition,operating,0.0,0.0
own:21,24,node_acquisition,operating,0.0,0.0
own:21,25,node_acquisition,operating,0.0,0.0
own:21,26,node_acquisition,operating,0.0,0.0
own:21,27,node_acquisition,operating,0.0,0.0
own:21,28,node_acquisition,operating,0.0,0.0
own:21,29,node_acquisition,operating,0.0,0.0
own:21,30,node_acquisition,operating,0.0,0.0
own:21,31,node_acquisition,operating,0.0,0.0
own:21,32,node_acquisition,operating,0.0,0.0
own:21,33,node_acquisition,operating,0.0,0.0
own:21,34,node_acquisition,operating,0.0,0.0
own:21,35,node_acquisition,operating,0.0,0.0
own:21,36,node_acquisition,operating,0.0,0.0
own:21,0,installation,capital,50000.0,50000.0
own:21,1,installation,operating,0.0,0.0
own:21,2,installation,operating,0.0,0.0
own:21,3,installation,operating,0.0,0.0
own:21,4,installation,operating,0.0,0.0
own:21,5,installation,operating,0.0,0.0
own:21,6,installation,operating,0.0,0.0
own:21,7,installation,operating,0.0,0.0
own:21,8,installation,operating,0.0,0.0
own:21,9,installation,operating,0.0,0.0
own:21,10,installation,operating,0.0,0.0
own:21,11,installation,operating,0.0,0.0
own:21,12,installation,operating,0.0,0.0
own:21,13,installation,operating,0.0,0.0
own:21,14,installation,operating,0.0,0.0
own:21,15,installation,operating,0.0,0.0
own:21,16,installation,operating,0.0,0.0
own:21,17,installation,operating,0.0,0.0
own:21,18,installation,operating,0.0,0.0
own:21,19,installation,operating,0.0,0.0
own:21,20,installation,operating,0.0,0.0
own:21,21,installation,operating,0.0,0.0
own:21,22,installation,operating,0.0,0.0
own:21,23,installation,operating,0.0,0.0
own:21,24,installation,operating,0.0,0.0
own:21,25,installation,operating,0.0,0.0
own:21,26,installation,operating,0.0,0.0
own:21,27,installation,operating,0.0,0.0
own:21,28,installation,operating,0.0,0.0
own:21,29,installation,operating,0.0,0.0
own:21,30,installation,operating,0.0,0.0
own:21,31,installation,operating,0.0,0.0
own:21,32,installation,operating,0.0,0.0
own:21,33,installation,operating,0.0,0.0
own:21,34,installation,operating,0.0,0.0
own:21,35,installation,operating,0.0,0.0
own:21,36,installation,operating,0.0,0.0
own:21,0,network,capital,0.0,0.0
own:21,1,network,operating,0.0,0.0
own:21,2,network,operating,0.0,0.0
own:21,3,network,operating,0.0,0.0
own:21,4,network,operating,0.0,0.0
own:21,5,network,operating,0.0,0.0
own:21,6,network,operating,0.0,0.0
own:21,7,network,operating,0.0,0.0
own:21,8,network,operating,0.0,0.0
own:21,9,network,operating,0.0,0.0
own:21,10,network,operating,0.0,0.0
own:21,11,network,operating,0.0,0.0
own:21,12,network,operating,0.0,0.0
own:21,13,network,operating,0.0,0.0
own:21,14,network,operating,0.0,0.0
own:21,15,network,operating,0.0,0.0
own:21,16,network,operating,0.0,0.0
own:21,17,network,operating,0.0,0.0
own:21,18,network,operating,0.0,0.0
own:21,19,network,operating,0.0,0.0
own:21,20,network,operating,0.0,0.0
own:21,21,network,operating,0.0,0.0
own:21,22,network,operating,0.0,0.0
own:21,23,network,operating,0.0,0.0
own:21,24,network,operating,0.0,0.0
own:21,25,network,operating,0.0,0.0
own:21,26,network,operating,0.0,0.0
own:21,27,network,operating,0.0,0.0
own:21,28,network,operating,0.0,0.0
own:21,29,network,operating,0.0,0.0
own:21,30,network,operating,0.0,0.0
own:21,31,network,operating,0.0,0.0
own:21,32,network,operating,0.0,0.0
own:21,33,network,operating,0.0,0.0
own:21,34,network,operating,0.0,0.0
own:21,35,network,operating,0.0,0.0
own:21,36,network,operating,0.0,0.0
own:21,0,storage,capital,0.0,0.0
own:21,1,storage,operating,0.0,0.0
own:21,2,storage,operating,0.0,0.0
own:21,3,storage,operating,0.0,0.0
own:21,4,storage,operating,0.0,0.0
own:21,5,storage,operating,0.0,0.0
own:21,6,storage,operating,0.0,0.0
own:21,7,storage,operating,0.0,0.0
own:21,8,storage,operating,0.0,0.0
own:21,9,storage,operating,0.0,0.0
own:21,10,storage,operating,0.0,0.0
own:21,11,storage,operating,0.0,0.0
own:21,12,storage,operating,0.0,0.0
own:21,13,storage,operating,0.0,0.0
own:21,14,storage,operating,0.0,0.0
own:21,15,storage,operating,0.0,0.0
own:21,16,storage,operating,0.0,0.0
own:21,17,storage,operating,0.0,0.0
own:21,18,storage,operating,0.0,0.0
own:21,19,storage,operating,0.0,0.0
own:21,20,storage,operating,0.0,0.0
own:21,21,storage,operating,0.0,0.0
own:21,22,storage,operating,0.0,0.0
own:21,23,storage,operating,0.0,0.0
own:21,24,storage,operating,0.0,0.0
own:21,25,storage,operating,0.0,0.0
own:21,26,storage,operating,0.0,0.0
own:21,27,storage,operating,0.0,0.0
own:21,28,storage,operating,0.0,0.0
own:21,29,storage,operating,0.0,0.0
own:21,30,storage,operating,0.0,0.0
own:21,31,storage,operating,0.0,0.0
own:21,32,storage,operating,0.0,0.0
own:21,33,storage,operating,0.0,0.0
own:21,34,storage,operating,0.0,0.0
own:21,35,storage,operating,0.0,0.0
own:21,36,storage,operating,0.0,0.0
own:21,0,operations,capital,0.0,0.0
own:21,1,operations,operating,9000.0,8928.80049102292
own:21,2,operations,operating,9000.0,8858.164245387901
own:21,3,operations,operating,9000.0,8788.086807086795
own:21,4,operations,operating,9000.0,8718.563755363179
own:21,5,operations,operating,9000.0,8649.590704433485
own:21,6,operations,operating,9000.0,8581.163303210331
own:21,7,operations,operating,9000.0,8513.277235028028
own:21,8,operations,operating,9000.0,8445.928217370276
own:21,9,operations,operating,9000.0,8379.112001600004
own:21,10,operations,operating,9000.0,8312.82437269135
own:21,11,operations,operating,9000.0,8247.061148963758
own:21,12,operations,operating,9000.0,8181.818181818182
own:21,13,operations,operating,9000.0,8117.091355475381
own:21,14,operations,operating,9000.0,8052.876586716273
own:21,15,operations,operating,9000.0,7989.169824624359
own:21,16,operations,operating,9000.0,7925.967050330162
own:21,17,operations,operating,9000.0,7863.264276757713
own:21,18,operations,operating,9000.0,7801.057548373027
own:21,19,operations,operating,9000.0,7739.342940934571
own:21,20,operations,operating,9000.0,7678.116561245705
own:21,21,operations,operating,9000.0,7617.374546909095
own:21,22,operations,operating,9000.0,7557.113066083045
own:21,23,operations,operating,9000.0,7497.328317239779
own:21,24,operations,operating,9000.0,7438.016528925619
own:21,25,operations,operating,9000.0,7379.173959523072
own:21,26,operations,operating,9000.0,7320.796897014794
own:21,27,operations,operating,9000.0,7262.881658749416
own:21,28,operations,operating,9000.0,7205.4245912092365
own:21,29,operations,operating,9000.0,7148.422069779739
own:21,30,operations,operating,9000.0,7091.870498520933
own:21,31,operations,operating,9000.0,7035.766309940518
own:21,32,operations,operating,9000.0,6980.105964768823
own:21,33,operations,operating,9000.0,6924.88595173554
own:21,34,operations,operating,9000.0,6870.102787348223
own:21,35,operations,operating,9000.0,6815.753015672526
own:21,36,operations,operating,9000.0,6761.833208114198
own:21,0,precommission,capital,0.0,0.0
own:21,1,precommission,operating,0.0,0.0
own:21,2,precommission,operating,0.0,0.0
own:21,3,precommission,operating,0.0,0.0
own:21,4,precommission,operating,0.0,0.0
own:21,5,precommission,operating,0.0,0.0
own:21,6,precommission,operating,0.0,0.0
own:21,7,precommission,operating,0.0,0.0
own:21,8,precommission,operating,0.0,0.0
own:21,9,precommission,operating,0.0,0.0
own:21,10,precommission,operating,0.0,0.0
own:21,11,precommission,operating,0.0,0.0
own:21,12,precommission,operating,0.0,0.0
own:21,13,precommission,operating,0.0,0.0
own:21,14,precommission,operating,0.0,0.0
own:21,15,precommission,operating,0.0,0.0
own:21,16,precommission,operating,0.0,0.0
own:21,17,precommission,operating,0.0,0.0
own:21,18,precommission,operating,0.0,0.0
own:21,19,precommission,operating,0.0,0.0
own:21,20,precommission,operating,0.0,0.0
own:21,21,precommission,operating,0.0,0.0
own:21,22,precommission,operating,0.0,0.0
own:21,23,precommission,operating,0.0,0.0
own:21,24,precommission,operating,0.0,0.0
own:21,25,precommission,operating,0.0,0.0
own:21,26,precommission,operating,0.0,0.0
own:21,27,precommission,operating,0.0,0.0
own:21,28,precommission,operating,0.0,0.0
own:21,29,precommission,operating,0.0,0.0
own:21,30,precommission,operating,0.0,0.0
own:21,31,precommission,operating,0.0,0.0
own:21,32,precommission,operating,0.0,0.0
own:21,33,precommission,operating,0.0,0.0
own:21,34,precommission,operating,0.0,0.0
own:21,35,precommission,operating,0.0,0.0
own:21,36,precommission,operating,0.0,0.0
own:21,0,electricity,capital,0.0,0.0
own:21,1,electricity,operating,7914.999639294592,7852.383629531087
own:21,2,electricity,operating,7679.0754556365155,7558.056848750576
own:21,3,electricity,operating,7955.18986067852,7767.877673611059
own:21,4,electricity,operating,7975.435809981912,7726.038398459319
own:21,5,electricity,operating,7221.997538480355,6940.813641809021
own:21,6,electricity,operating,8016.231903976979,7643.177227159014
own:21,7,electricity,operating,5778.765998466225,5466.2485579218355
own:21,8,electricity,operating,5981.718489407175,5613.46277533884
own:21,9,electricity,operating,5798.80362760085,5398.758341216881
own:21,10,electricity,operating,6002.527567263482,5544.217495433288
own:21,11,electricity,operating,6013.0102050997975,5509.962538977904
own:21,12,electricity,operating,5829.237344637384,5299.306676943076
own:21,13,electricity,operating,6034.132982405923,5442.178741030666
own:21,14,electricity,operating,5849.780949017374,5234.173782417879
own:21,15,electricity,operating,6055.467515554542,5375.350927695709
own:21,16,electricity,operating,6066.214853132315,5342.291005127794
own:21,17,electricity,operating,5684.950383694881,4966.9185852497785
own:21,18,electricity,operating,6087.871007034964,5276.870230327934
own:21,19,electricity,operating,5902.045511680781,5075.328251989024
own:21,20,electricity,operating,6109.7442638804905,5212.369846386305
own:21,21,electricity,operating,5923.3190179353805,5013.348835604838
own:21,22,electricity,operating,6131.836800125892,5148.776000146692
own:21,23,electricity,operating,6142.96598412652,5117.3147582924985
own:21,24,electricity,operating,5955.629820045633,4922.008115740192
own:21,25,electricity,operating,6165.391568117389,5055.05521219055
own:21,26,electricity,operating,5977.440508991589,4862.18088114624
own:21,27,electricity,operating,6188.041968587765,4993.66850191419
own:21,28,electricity,operating,6199.4521784307035,4963.298353165585
own:21,29,electricity,operating,5609.862719388388,4455.740719078948
own:21,30,electricity,operating,6222.444036519471,4903.196365698884
own:21,31,electricity,operating,6032.928635518131,4716.252893783765
own:21,32,electricity,operating,6245.666387985579,4843.934800970476
own:21,33,electricity,operating,6055.514245089201,4659.305058483628
own:21,34,electricity,operating,6269.121543525133,4785.501043377423
own:21,35,electricity,operating,6280.93715124276,4756.590703314716
own:21,36,electricity,operating,6089.817906773199,4575.3703281541675
own:21,0,hosting,capital,0.0,0.0
own:21,1,hosting,operating,0.0,0.0
own:21,2,hosting,operating,0.0,0.0
own:21,3,hosting,operating,0.0,0.0
own:21,4,hosting,operating,0.0,0.0
own:21,5,hosting,operating,0.0,0.0
own:21,6,hosting,operating,0.0,0.0
own:21,7,hosting,operating,0.0,0.0
own:21,8,hosting,operating,0.0,0.0
own:21,9,hosting,operating,0.0,0.0
own:21,10,hosting,operating,0.0,0.0
own:21,11,hosting,operating,0.0,0.0
own:21,12,hosting,operating,0.0,0.0
own:21,13,hosting,operating,0.0,0.0
own:21,14,hosting,operating,0.0,0.0
own:21,15,hosting,operating,0.0,0.0
own:21,16,hosting,operating,0.0,0.0
own:21,17,hosting,operating,0.0,0.0
own:21,18,hosting,operating,0.0,0.0
own:21,19,hosting,operating,0.0,0.0
own:21,20,hosting,operating,0.0,0.0
own:21,21,hosting,operating,0.0,0.0
own:21,22,hosting,operating,0.0,0.0
own:21,23,hosting,operating,0.0,0.0
own:21,24,hosting,operating,0.0,0.0
own:21,25,hosting,operating,0.0,0.0
own:21,26,hosting,operating,0.0,0.0
own:21,27,hosting,operating,0.0,0.0
own:21,28,hosting,operating,0.0,0.0
own:21,29,hosting,operating,0.0,0.0
own:21,30,hosting,operating,0.0,0.0
own:21,31,hosting,operating,0.0,0.0
own:21,32,hosting,operating,0.0,0.0
own:21,33,hosting,operating,0.0,0.0
own:21,34,hosting,operating,0.0,0.0
own:21,35,hosting,operating,0.0,0.0
own:21,36,hosting,operating,0.0,0.0
own:21,0,exit,terminal,0.0,0.0
own:21,1,exit,terminal,0.0,0.0
own:21,2,exit,terminal,0.0,0.0
own:21,3,exit,terminal,0.0,0.0
own:21,4,exit,terminal,0.0,0.0
own:21,5,exit,terminal,0.0,0.0
own:21,6,exit,terminal,0.0,0.0
own:21,7,exit,terminal,0.0,0.0
own:21,8,exit,terminal,0.0,0.0
own:21,9,exit,terminal,0.0,0.0
own:21,10,exit,terminal,0.0,0.0
own:21,11,exit,terminal,0.0,0.0
own:21,12,exit,terminal,0.0,0.0
own:21,13,exit,terminal,0.0,0.0
own:21,14,exit,terminal,0.0,0.0
own:21,15,exit,terminal,0.0,0.0
own:21,16,exit,terminal,0.0,0.0
own:21,17,exit,terminal,0.0,0.0
own:21,18,exit,terminal,0.0,0.0
own:21,19,exit,terminal,0.0,0.0
own:21,20,exit,terminal,0.0,0.0
own:21,21,exit,terminal,0.0,0.0
own:21,22,exit,terminal,0.0,0.0
own:21,23,exit,terminal,0.0,0.0
own:21,24,exit,terminal,0.0,0.0
own:21,25,exit,terminal,0.0,0.0
own:21,26,exit,terminal,0.0,0.0
own:21,27,exit,terminal,0.0,0.0
own:21,28,exit,terminal,0.0,0.0
own:21,29,exit,terminal,0.0,0.0
own:21,30,exit,terminal,0.0,0.0
own:21,31,exit,terminal,0.0,0.0
own:21,32,exit,terminal,0.0,0.0
own:21,33,exit,terminal,0.0,0.0
own:21,34,exit,terminal,0.0,0.0
own:21,35,exit,terminal,0.0,0.0
own:21,36,exit,terminal,0.0,0.0
own:21,0,residual,terminal,0.0,0.0
own:21,1,residual,terminal,0.0,0.0
own:21,2,residual,terminal,0.0,0.0
own:21,3,residual,terminal,0.0,0.0
own:21,4,residual,terminal,0.0,0.0
own:21,5,residual,terminal,0.0,0.0
own:21,6,residual,terminal,0.0,0.0
own:21,7,residual,terminal,0.0,0.0
own:21,8,residual,terminal,0.0,0.0
own:21,9,residual,terminal,0.0,0.0
own:21,10,residual,terminal,0.0,0.0
own:21,11,residual,terminal,0.0,0.0
own:21,12,residual,terminal,0.0,0.0
own:21,13,residual,terminal,0.0,0.0
own:21,14,residual,terminal,0.0,0.0
own:21,15,residual,terminal,0.0,0.0
own:21,16,residual,terminal,0.0,0.0
own:21,17,residual,terminal,0.0,0.0
own:21,18,residual,terminal,0.0,0.0
own:21,19,residual,terminal,0.0,0.0
own:21,20,residual,terminal,0.0,0.0
own:21,21,residual,terminal,0.0,0.0
own:21,22,residual,terminal,0.0,0.0
own:21,23,residual,terminal,0.0,0.0
own:21,24,residual,terminal,0.0,0.0
own:21,25,residual,terminal,0.0,0.0
own:21,26,residual,terminal,0.0,0.0
own:21,27,residual,terminal,0.0,0.0
own:21,28,residual,terminal,0.0,0.0
own:21,29,residual,terminal,0.0,0.0
own:21,30,residual,terminal,0.0,0.0
own:21,31,residual,terminal,0.0,0.0
own:21,32,residual,terminal,0.0,0.0
own:21,33,residual,terminal,0.0,0.0
own:21,34,residual,terminal,0.0,0.0
own:21,35,residual,terminal,0.0,0.0
own:21,36,residual,terminal,0.0,0.0
own:22,0,on_demand,capital,0.0,0.0
own:22,1,on_demand,operating,0.0,0.0
own:22,2,on_demand,operating,0.0,0.0
own:22,3,on_demand,operating,0.0,0.0
own:22,4,on_demand,operating,0.0,0.0
own:22,5,on_demand,operating,0.0,0.0
own:22,6,on_demand,operating,0.0,0.0
own:22,7,on_demand,operating,0.0,0.0
own:22,8,on_demand,operating,0.0,0.0
own:22,9,on_demand,operating,0.0,0.0
own:22,10,on_demand,operating,0.0,0.0
own:22,11,on_demand,operating,0.0,0.0
own:22,12,on_demand,operating,0.0,0.0
own:22,13,on_demand,operating,0.0,0.0
own:22,14,on_demand,operating,0.0,0.0
own:22,15,on_demand,operating,0.0,0.0
own:22,16,on_demand,operating,0.0,0.0
own:22,17,on_demand,operating,0.0,0.0
own:22,18,on_demand,operating,0.0,0.0
own:22,19,on_demand,operating,0.0,0.0
own:22,20,on_demand,operating,0.0,0.0
own:22,21,on_demand,operating,0.0,0.0
own:22,22,on_demand,operating,0.0,0.0
own:22,23,on_demand,operating,0.0,0.0
own:22,24,on_demand,operating,0.0,0.0
own:22,25,on_demand,operating,0.0,0.0
own:22,26,on_demand,operating,0.0,0.0
own:22,27,on_demand,operating,0.0,0.0
own:22,28,on_demand,operating,0.0,0.0
own:22,29,on_demand,operating,0.0,0.0
own:22,30,on_demand,operating,0.0,0.0
own:22,31,on_demand,operating,0.0,0.0
own:22,32,on_demand,operating,0.0,0.0
own:22,33,on_demand,operating,0.0,0.0
own:22,34,on_demand,operating,0.0,0.0
own:22,35,on_demand,operating,0.0,0.0
own:22,36,on_demand,operating,0.0,0.0
own:22,0,variable_service,capital,0.0,0.0
own:22,1,variable_service,operating,0.0,0.0
own:22,2,variable_service,operating,0.0,0.0
own:22,3,variable_service,operating,0.0,0.0
own:22,4,variable_service,operating,0.0,0.0
own:22,5,variable_service,operating,0.0,0.0
own:22,6,variable_service,operating,0.0,0.0
own:22,7,variable_service,operating,0.0,0.0
own:22,8,variable_service,operating,0.0,0.0
own:22,9,variable_service,operating,0.0,0.0
own:22,10,variable_service,operating,0.0,0.0
own:22,11,variable_service,operating,0.0,0.0
own:22,12,variable_service,operating,0.0,0.0
own:22,13,variable_service,operating,0.0,0.0
own:22,14,variable_service,operating,0.0,0.0
own:22,15,variable_service,operating,0.0,0.0
own:22,16,variable_service,operating,0.0,0.0
own:22,17,variable_service,operating,0.0,0.0
own:22,18,variable_service,operating,0.0,0.0
own:22,19,variable_service,operating,0.0,0.0
own:22,20,variable_service,operating,0.0,0.0
own:22,21,variable_service,operating,0.0,0.0
own:22,22,variable_service,operating,0.0,0.0
own:22,23,variable_service,operating,0.0,0.0
own:22,24,variable_service,operating,0.0,0.0
own:22,25,variable_service,operating,0.0,0.0
own:22,26,variable_service,operating,0.0,0.0
own:22,27,variable_service,operating,0.0,0.0
own:22,28,variable_service,operating,0.0,0.0
own:22,29,variable_service,operating,0.0,0.0
own:22,30,variable_service,operating,0.0,0.0
own:22,31,variable_service,operating,0.0,0.0
own:22,32,variable_service,operating,0.0,0.0
own:22,33,variable_service,operating,0.0,0.0
own:22,34,variable_service,operating,0.0,0.0
own:22,35,variable_service,operating,0.0,0.0
own:22,36,variable_service,operating,0.0,0.0
own:22,0,node_acquisition,capital,8800000.0,8800000.0
own:22,1,node_acquisition,operating,0.0,0.0
own:22,2,node_acquisition,operating,0.0,0.0
own:22,3,node_acquisition,operating,0.0,0.0
own:22,4,node_acquisition,operating,0.0,0.0
own:22,5,node_acquisition,operating,0.0,0.0
own:22,6,node_acquisition,operating,0.0,0.0
own:22,7,node_acquisition,operating,0.0,0.0
own:22,8,node_acquisition,operating,0.0,0.0
own:22,9,node_acquisition,operating,0.0,0.0
own:22,10,node_acquisition,operating,0.0,0.0
own:22,11,node_acquisition,operating,0.0,0.0
own:22,12,node_acquisition,operating,0.0,0.0
own:22,13,node_acquisition,operating,0.0,0.0
own:22,14,node_acquisition,operating,0.0,0.0
own:22,15,node_acquisition,operating,0.0,0.0
own:22,16,node_acquisition,operating,0.0,0.0
own:22,17,node_acquisition,operating,0.0,0.0
own:22,18,node_acquisition,operating,0.0,0.0
own:22,19,node_acquisition,operating,0.0,0.0
own:22,20,node_acquisition,operating,0.0,0.0
own:22,21,node_acquisition,operating,0.0,0.0
own:22,22,node_acquisition,operating,0.0,0.0
own:22,23,node_acquisition,operating,0.0,0.0
own:22,24,node_acquisition,operating,0.0,0.0
own:22,25,node_acquisition,operating,0.0,0.0
own:22,26,node_acquisition,operating,0.0,0.0
own:22,27,node_acquisition,operating,0.0,0.0
own:22,28,node_acquisition,operating,0.0,0.0
own:22,29,node_acquisition,operating,0.0,0.0
own:22,30,node_acquisition,operating,0.0,0.0
own:22,31,node_acquisition,operating,0.0,0.0
own:22,32,node_acquisition,operating,0.0,0.0
own:22,33,node_acquisition,operating,0.0,0.0
own:22,34,node_acquisition,operating,0.0,0.0
own:22,35,node_acquisition,operating,0.0,0.0
own:22,36,node_acquisition,operating,0.0,0.0
own:22,0,installation,capital,50000.0,50000.0
own:22,1,installation,operating,0.0,0.0
own:22,2,installation,operating,0.0,0.0
own:22,3,installation,operating,0.0,0.0
own:22,4,installation,operating,0.0,0.0
own:22,5,installation,operating,0.0,0.0
own:22,6,installation,operating,0.0,0.0
own:22,7,installation,operating,0.0,0.0
own:22,8,installation,operating,0.0,0.0
own:22,9,installation,operating,0.0,0.0
own:22,10,installation,operating,0.0,0.0
own:22,11,installation,operating,0.0,0.0
own:22,12,installation,operating,0.0,0.0
own:22,13,installation,operating,0.0,0.0
own:22,14,installation,operating,0.0,0.0
own:22,15,installation,operating,0.0,0.0
own:22,16,installation,operating,0.0,0.0
own:22,17,installation,operating,0.0,0.0
own:22,18,installation,operating,0.0,0.0
own:22,19,installation,operating,0.0,0.0
own:22,20,installation,operating,0.0,0.0
own:22,21,installation,operating,0.0,0.0
own:22,22,installation,operating,0.0,0.0
own:22,23,installation,operating,0.0,0.0
own:22,24,installation,operating,0.0,0.0
own:22,25,installation,operating,0.0,0.0
own:22,26,installation,operating,0.0,0.0
own:22,27,installation,operating,0.0,0.0
own:22,28,installation,operating,0.0,0.0
own:22,29,installation,operating,0.0,0.0
own:22,30,installation,operating,0.0,0.0
own:22,31,installation,operating,0.0,0.0
own:22,32,installation,operating,0.0,0.0
own:22,33,installation,operating,0.0,0.0
own:22,34,installation,operating,0.0,0.0
own:22,35,installation,operating,0.0,0.0
own:22,36,installation,operating,0.0,0.0
own:22,0,network,capital,0.0,0.0
own:22,1,network,operating,0.0,0.0
own:22,2,network,operating,0.0,0.0
own:22,3,network,operating,0.0,0.0
own:22,4,network,operating,0.0,0.0
own:22,5,network,operating,0.0,0.0
own:22,6,network,operating,0.0,0.0
own:22,7,network,operating,0.0,0.0
own:22,8,network,operating,0.0,0.0
own:22,9,network,operating,0.0,0.0
own:22,10,network,operating,0.0,0.0
own:22,11,network,operating,0.0,0.0
own:22,12,network,operating,0.0,0.0
own:22,13,network,operating,0.0,0.0
own:22,14,network,operating,0.0,0.0
own:22,15,network,operating,0.0,0.0
own:22,16,network,operating,0.0,0.0
own:22,17,network,operating,0.0,0.0
own:22,18,network,operating,0.0,0.0
own:22,19,network,operating,0.0,0.0
own:22,20,network,operating,0.0,0.0
own:22,21,network,operating,0.0,0.0
own:22,22,network,operating,0.0,0.0
own:22,23,network,operating,0.0,0.0
own:22,24,network,operating,0.0,0.0
own:22,25,network,operating,0.0,0.0
own:22,26,network,operating,0.0,0.0
own:22,27,network,operating,0.0,0.0
own:22,28,network,operating,0.0,0.0
own:22,29,network,operating,0.0,0.0
own:22,30,network,operating,0.0,0.0
own:22,31,network,operating,0.0,0.0
own:22,32,network,operating,0.0,0.0
own:22,33,network,operating,0.0,0.0
own:22,34,network,operating,0.0,0.0
own:22,35,network,operating,0.0,0.0
own:22,36,network,operating,0.0,0.0
own:22,0,storage,capital,0.0,0.0
own:22,1,storage,operating,0.0,0.0
own:22,2,storage,operating,0.0,0.0
own:22,3,storage,operating,0.0,0.0
own:22,4,storage,operating,0.0,0.0
own:22,5,storage,operating,0.0,0.0
own:22,6,storage,operating,0.0,0.0
own:22,7,storage,operating,0.0,0.0
own:22,8,storage,operating,0.0,0.0
own:22,9,storage,operating,0.0,0.0
own:22,10,storage,operating,0.0,0.0
own:22,11,storage,operating,0.0,0.0
own:22,12,storage,operating,0.0,0.0
own:22,13,storage,operating,0.0,0.0
own:22,14,storage,operating,0.0,0.0
own:22,15,storage,operating,0.0,0.0
own:22,16,storage,operating,0.0,0.0
own:22,17,storage,operating,0.0,0.0
own:22,18,storage,operating,0.0,0.0
own:22,19,storage,operating,0.0,0.0
own:22,20,storage,operating,0.0,0.0
own:22,21,storage,operating,0.0,0.0
own:22,22,storage,operating,0.0,0.0
own:22,23,storage,operating,0.0,0.0
own:22,24,storage,operating,0.0,0.0
own:22,25,storage,operating,0.0,0.0
own:22,26,storage,operating,0.0,0.0
own:22,27,storage,operating,0.0,0.0
own:22,28,storage,operating,0.0,0.0
own:22,29,storage,operating,0.0,0.0
own:22,30,storage,operating,0.0,0.0
own:22,31,storage,operating,0.0,0.0
own:22,32,storage,operating,0.0,0.0
own:22,33,storage,operating,0.0,0.0
own:22,34,storage,operating,0.0,0.0
own:22,35,storage,operating,0.0,0.0
own:22,36,storage,operating,0.0,0.0
own:22,0,operations,capital,0.0,0.0
own:22,1,operations,operating,9333.333333333334,9259.496805505249
own:22,2,operations,operating,9333.333333333334,9186.24440262449
own:22,3,operations,operating,9333.333333333334,9113.571503645566
own:22,4,operations,operating,9333.333333333334,9041.473524080333
own:22,5,operations,operating,9333.333333333334,8969.9459157088
own:22,6,operations,operating,9333.333333333334,8898.984166292195
own:22,7,operations,operating,9333.333333333334,8828.583799288326
own:22,8,operations,operating,9333.333333333334,8758.740373569177
own:22,9,operations,operating,9333.333333333334,8689.449483140746
own:22,10,operations,operating,9333.333333333334,8620.706756865105
own:22,11,operations,operating,9333.333333333334,8552.507858184637
own:22,12,operations,operating,9333.333333333334,8484.848484848486
own:22,13,operations,operating,9333.333333333334,8417.724368641135
own:22,14,operations,operating,9333.333333333334,8351.131275113172
own:22,15,operations,operating,9333.333333333334,8285.06500331415
own:22,16,operations,operating,9333.333333333334,8219.521385527576
own:22,17,operations,operating,9333.333333333334,8154.496287007999
own:22,18,operations,operating,9333.333333333334,8089.985605720177
own:22,19,operations,operating,9333.333333333334,8025.9852720802955
own:22,20,operations,operating,9333.333333333334,7962.49124869925
own:22,21,operations,operating,9333.333333333334,7899.499530127951
own:22,22,operations,operating,9333.333333333334,7837.00614260464
own:22,23,operations,operating,9333.333333333334,7775.007143804215
own:22,24,operations,operating,9333.333333333334,7713.498622589532
own:22,25,operations,operating,9333.333333333334,7652.476698764667
own:22,26,operations,operating,9333.333333333334,7591.937522830157
own:22,27,operations,operating,9333.333333333334,7531.877275740135
own:22,28,operations,operating,9333.333333333334,7472.292168661431
own:22,29,operations,operating,9333.333333333334,7413.178442734545
own:22,30,operations,operating,9333.333333333334,7354.532368836523
own:22,31,operations,operating,9333.333333333334,7296.350247345723
own:22,32,operations,operating,9333.333333333334,7238.628407908409
own:22,33,operations,operating,9333.333333333334,7181.363209207228
own:22,34,operations,operating,9333.333333333334,7124.551038731491
own:22,35,operations,operating,9333.333333333334,7068.188312549287
own:22,36,operations,operating,9333.333333333334,7012.271475081391
own:22,0,precommission,capital,0.0,0.0
own:22,1,precommission,operating,0.0,0.0
own:22,2,precommission,operating,0.0,0.0
own:22,3,precommission,operating,0.0,0.0
own:22,4,precommission,operating,0.0,0.0
own:22,5,precommission,operating,0.0,0.0
own:22,6,precommission,operating,0.0,0.0
own:22,7,precommission,operating,0.0,0.0
own:22,8,precommission,operating,0.0,0.0
own:22,9,precommission,operating,0.0,0.0
own:22,10,precommission,operating,0.0,0.0
own:22,11,precommission,operating,0.0,0.0
own:22,12,precommission,operating,0.0,0.0
own:22,13,precommission,operating,0.0,0.0
own:22,14,precommission,operating,0.0,0.0
own:22,15,precommission,operating,0.0,0.0
own:22,16,precommission,operating,0.0,0.0
own:22,17,precommission,operating,0.0,0.0
own:22,18,precommission,operating,0.0,0.0
own:22,19,precommission,operating,0.0,0.0
own:22,20,precommission,operating,0.0,0.0
own:22,21,precommission,operating,0.0,0.0
own:22,22,precommission,operating,0.0,0.0
own:22,23,precommission,operating,0.0,0.0
own:22,24,precommission,operating,0.0,0.0
own:22,25,precommission,operating,0.0,0.0
own:22,26,precommission,operating,0.0,0.0
own:22,27,precommission,operating,0.0,0.0
own:22,28,precommission,operating,0.0,0.0
own:22,29,precommission,operating,0.0,0.0
own:22,30,precommission,operating,0.0,0.0
own:22,31,precommission,operating,0.0,0.0
own:22,32,precommission,operating,0.0,0.0
own:22,33,precommission,operating,0.0,0.0
own:22,34,precommission,operating,0.0,0.0
own:22,35,precommission,operating,0.0,0.0
own:22,36,precommission,operating,0.0,0.0
own:22,0,electricity,capital,0.0,0.0
own:22,1,electricity,operating,8100.999639294592,8036.912173012227
own:22,2,electricity,operating,7859.0754556365155,7735.220133658335
own:22,3,electricity,operating,8141.18986067852,7949.498134290853
own:22,4,electricity,operating,8161.435809981912,7906.222049403491
own:22,5,electricity,operating,7389.997538480355,7102.272668291779
own:22,6,electricity,operating,8202.231903976979,7820.5212687586945
own:22,7,electricity,operating,5958.765998466225,5636.514102622396
own:22,8,electricity,operating,6167.718489407175,5788.0119584978265
own:22,9,electricity,operating,5978.80362760085,5566.340581248881
own:22,10,electricity,operating,6188.527567263482,5716.015865802242
own:22,11,electricity,operating,6199.0102050997975,5680.401802723155
own:22,12,electricity,operating,6009.237344637384,5462.94304057944
own:22,13,electricity,operating,6220.132982405923,5609.931962377157
own:22,14,electricity,operating,6029.780949017374,5395.2313141522045
own:22,15,electricity,operating,6241.467515554542,5540.460437404612
own:22,16,electricity,operating,6252.214853132315,5506.094324167951
own:22,17,electricity,operating,5858.950383694881,5118.941694600428
own:22,18,electricity,operating,6273.871007034964,5438.092086327643
own:22,19,electricity,operating,6082.045511680781,5230.115110807716
own:22,20,electricity,operating,6295.7442638804905,5371.050921985383
own:22,21,electricity,operating,6103.3190179353805,5165.69632654302
own:22,22,electricity,operating,6317.836800125892,5304.956336845742
own:22,23,electricity,operating,6328.96598412652,5272.2595435154535
own:22,24,electricity,operating,6135.629820045633,5070.768446318704
own:22,25,electricity,operating,6351.391568117389,5207.558140687361
own:22,26,electricity,operating,6157.440508991589,5008.596819086535
own:22,27,electricity,operating,6374.041968587765,5143.768056195011
own:22,28,electricity,operating,6385.4521784307035,5112.210461383909
own:22,29,electricity,operating,5777.862719388388,4589.17793104817
own:22,30,electricity,operating,6408.444036519471,5049.761689334982
own:22,31,electricity,operating,6212.928635518131,4856.968219982576
own:22,32,electricity,operating,6431.666387985579,4988.190324242365
own:22,33,electricity,operating,6235.514245089201,4797.802777518338
own:22,34,electricity,operating,6455.121543525133,4927.483167649287
own:22,35,electricity,operating,6466.93715124276,4897.449598971948
own:22,36,electricity,operating,6269.817906773199,4710.606992316451
own:22,0,hosting,capital,0.0,0.0
own:22,1,hosting,operating,0.0,0.0
own:22,2,hosting,operating,0.0,0.0
own:22,3,hosting,operating,0.0,0.0
own:22,4,hosting,operating,0.0,0.0
own:22,5,hosting,operating,0.0,0.0
own:22,6,hosting,operating,0.0,0.0
own:22,7,hosting,operating,0.0,0.0
own:22,8,hosting,operating,0.0,0.0
own:22,9,hosting,operating,0.0,0.0
own:22,10,hosting,operating,0.0,0.0
own:22,11,hosting,operating,0.0,0.0
own:22,12,hosting,operating,0.0,0.0
own:22,13,hosting,operating,0.0,0.0
own:22,14,hosting,operating,0.0,0.0
own:22,15,hosting,operating,0.0,0.0
own:22,16,hosting,operating,0.0,0.0
own:22,17,hosting,operating,0.0,0.0
own:22,18,hosting,operating,0.0,0.0
own:22,19,hosting,operating,0.0,0.0
own:22,20,hosting,operating,0.0,0.0
own:22,21,hosting,operating,0.0,0.0
own:22,22,hosting,operating,0.0,0.0
own:22,23,hosting,operating,0.0,0.0
own:22,24,hosting,operating,0.0,0.0
own:22,25,hosting,operating,0.0,0.0
own:22,26,hosting,operating,0.0,0.0
own:22,27,hosting,operating,0.0,0.0
own:22,28,hosting,operating,0.0,0.0
own:22,29,hosting,operating,0.0,0.0
own:22,30,hosting,operating,0.0,0.0
own:22,31,hosting,operating,0.0,0.0
own:22,32,hosting,operating,0.0,0.0
own:22,33,hosting,operating,0.0,0.0
own:22,34,hosting,operating,0.0,0.0
own:22,35,hosting,operating,0.0,0.0
own:22,36,hosting,operating,0.0,0.0
own:22,0,exit,terminal,0.0,0.0
own:22,1,exit,terminal,0.0,0.0
own:22,2,exit,terminal,0.0,0.0
own:22,3,exit,terminal,0.0,0.0
own:22,4,exit,terminal,0.0,0.0
own:22,5,exit,terminal,0.0,0.0
own:22,6,exit,terminal,0.0,0.0
own:22,7,exit,terminal,0.0,0.0
own:22,8,exit,terminal,0.0,0.0
own:22,9,exit,terminal,0.0,0.0
own:22,10,exit,terminal,0.0,0.0
own:22,11,exit,terminal,0.0,0.0
own:22,12,exit,terminal,0.0,0.0
own:22,13,exit,terminal,0.0,0.0
own:22,14,exit,terminal,0.0,0.0
own:22,15,exit,terminal,0.0,0.0
own:22,16,exit,terminal,0.0,0.0
own:22,17,exit,terminal,0.0,0.0
own:22,18,exit,terminal,0.0,0.0
own:22,19,exit,terminal,0.0,0.0
own:22,20,exit,terminal,0.0,0.0
own:22,21,exit,terminal,0.0,0.0
own:22,22,exit,terminal,0.0,0.0
own:22,23,exit,terminal,0.0,0.0
own:22,24,exit,terminal,0.0,0.0
own:22,25,exit,terminal,0.0,0.0
own:22,26,exit,terminal,0.0,0.0
own:22,27,exit,terminal,0.0,0.0
own:22,28,exit,terminal,0.0,0.0
own:22,29,exit,terminal,0.0,0.0
own:22,30,exit,terminal,0.0,0.0
own:22,31,exit,terminal,0.0,0.0
own:22,32,exit,terminal,0.0,0.0
own:22,33,exit,terminal,0.0,0.0
own:22,34,exit,terminal,0.0,0.0
own:22,35,exit,terminal,0.0,0.0
own:22,36,exit,terminal,0.0,0.0
own:22,0,residual,terminal,0.0,0.0
own:22,1,residual,terminal,0.0,0.0
own:22,2,residual,terminal,0.0,0.0
own:22,3,residual,terminal,0.0,0.0
own:22,4,residual,terminal,0.0,0.0
own:22,5,residual,terminal,0.0,0.0
own:22,6,residual,terminal,0.0,0.0
own:22,7,residual,terminal,0.0,0.0
own:22,8,residual,terminal,0.0,0.0
own:22,9,residual,terminal,0.0,0.0
own:22,10,residual,terminal,0.0,0.0
own:22,11,residual,terminal,0.0,0.0
own:22,12,residual,terminal,0.0,0.0
own:22,13,residual,terminal,0.0,0.0
own:22,14,residual,terminal,0.0,0.0
own:22,15,residual,terminal,0.0,0.0
own:22,16,residual,terminal,0.0,0.0
own:22,17,residual,terminal,0.0,0.0
own:22,18,residual,terminal,0.0,0.0
own:22,19,residual,terminal,0.0,0.0
own:22,20,residual,terminal,0.0,0.0
own:22,21,residual,terminal,0.0,0.0
own:22,22,residual,terminal,0.0,0.0
own:22,23,residual,terminal,0.0,0.0
own:22,24,residual,terminal,0.0,0.0
own:22,25,residual,terminal,0.0,0.0
own:22,26,residual,terminal,0.0,0.0
own:22,27,residual,terminal,0.0,0.0
own:22,28,residual,terminal,0.0,0.0
own:22,29,residual,terminal,0.0,0.0
own:22,30,residual,terminal,0.0,0.0
own:22,31,residual,terminal,0.0,0.0
own:22,32,residual,terminal,0.0,0.0
own:22,33,residual,terminal,0.0,0.0
own:22,34,residual,terminal,0.0,0.0
own:22,35,residual,terminal,0.0,0.0
own:22,36,residual,terminal,0.0,0.0
own:23,0,on_demand,capital,0.0,0.0
own:23,1,on_demand,operating,0.0,0.0
own:23,2,on_demand,operating,0.0,0.0
own:23,3,on_demand,operating,0.0,0.0
own:23,4,on_demand,operating,0.0,0.0
own:23,5,on_demand,operating,0.0,0.0
own:23,6,on_demand,operating,0.0,0.0
own:23,7,on_demand,operating,0.0,0.0
own:23,8,on_demand,operating,0.0,0.0
own:23,9,on_demand,operating,0.0,0.0
own:23,10,on_demand,operating,0.0,0.0
own:23,11,on_demand,operating,0.0,0.0
own:23,12,on_demand,operating,0.0,0.0
own:23,13,on_demand,operating,0.0,0.0
own:23,14,on_demand,operating,0.0,0.0
own:23,15,on_demand,operating,0.0,0.0
own:23,16,on_demand,operating,0.0,0.0
own:23,17,on_demand,operating,0.0,0.0
own:23,18,on_demand,operating,0.0,0.0
own:23,19,on_demand,operating,0.0,0.0
own:23,20,on_demand,operating,0.0,0.0
own:23,21,on_demand,operating,0.0,0.0
own:23,22,on_demand,operating,0.0,0.0
own:23,23,on_demand,operating,0.0,0.0
own:23,24,on_demand,operating,0.0,0.0
own:23,25,on_demand,operating,0.0,0.0
own:23,26,on_demand,operating,0.0,0.0
own:23,27,on_demand,operating,0.0,0.0
own:23,28,on_demand,operating,0.0,0.0
own:23,29,on_demand,operating,0.0,0.0
own:23,30,on_demand,operating,0.0,0.0
own:23,31,on_demand,operating,0.0,0.0
own:23,32,on_demand,operating,0.0,0.0
own:23,33,on_demand,operating,0.0,0.0
own:23,34,on_demand,operating,0.0,0.0
own:23,35,on_demand,operating,0.0,0.0
own:23,36,on_demand,operating,0.0,0.0
own:23,0,variable_service,capital,0.0,0.0
own:23,1,variable_service,operating,0.0,0.0
own:23,2,variable_service,operating,0.0,0.0
own:23,3,variable_service,operating,0.0,0.0
own:23,4,variable_service,operating,0.0,0.0
own:23,5,variable_service,operating,0.0,0.0
own:23,6,variable_service,operating,0.0,0.0
own:23,7,variable_service,operating,0.0,0.0
own:23,8,variable_service,operating,0.0,0.0
own:23,9,variable_service,operating,0.0,0.0
own:23,10,variable_service,operating,0.0,0.0
own:23,11,variable_service,operating,0.0,0.0
own:23,12,variable_service,operating,0.0,0.0
own:23,13,variable_service,operating,0.0,0.0
own:23,14,variable_service,operating,0.0,0.0
own:23,15,variable_service,operating,0.0,0.0
own:23,16,variable_service,operating,0.0,0.0
own:23,17,variable_service,operating,0.0,0.0
own:23,18,variable_service,operating,0.0,0.0
own:23,19,variable_service,operating,0.0,0.0
own:23,20,variable_service,operating,0.0,0.0
own:23,21,variable_service,operating,0.0,0.0
own:23,22,variable_service,operating,0.0,0.0
own:23,23,variable_service,operating,0.0,0.0
own:23,24,variable_service,operating,0.0,0.0
own:23,25,variable_service,operating,0.0,0.0
own:23,26,variable_service,operating,0.0,0.0
own:23,27,variable_service,operating,0.0,0.0
own:23,28,variable_service,operating,0.0,0.0
own:23,29,variable_service,operating,0.0,0.0
own:23,30,variable_service,operating,0.0,0.0
own:23,31,variable_service,operating,0.0,0.0
own:23,32,variable_service,operating,0.0,0.0
own:23,33,variable_service,operating,0.0,0.0
own:23,34,variable_service,operating,0.0,0.0
own:23,35,variable_service,operating,0.0,0.0
own:23,36,variable_service,operating,0.0,0.0
own:23,0,node_acquisition,capital,9200000.0,9200000.0
own:23,1,node_acquisition,operating,0.0,0.0
own:23,2,node_acquisition,operating,0.0,0.0
own:23,3,node_acquisition,operating,0.0,0.0
own:23,4,node_acquisition,operating,0.0,0.0
own:23,5,node_acquisition,operating,0.0,0.0
own:23,6,node_acquisition,operating,0.0,0.0
own:23,7,node_acquisition,operating,0.0,0.0
own:23,8,node_acquisition,operating,0.0,0.0
own:23,9,node_acquisition,operating,0.0,0.0
own:23,10,node_acquisition,operating,0.0,0.0
own:23,11,node_acquisition,operating,0.0,0.0
own:23,12,node_acquisition,operating,0.0,0.0
own:23,13,node_acquisition,operating,0.0,0.0
own:23,14,node_acquisition,operating,0.0,0.0
own:23,15,node_acquisition,operating,0.0,0.0
own:23,16,node_acquisition,operating,0.0,0.0
own:23,17,node_acquisition,operating,0.0,0.0
own:23,18,node_acquisition,operating,0.0,0.0
own:23,19,node_acquisition,operating,0.0,0.0
own:23,20,node_acquisition,operating,0.0,0.0
own:23,21,node_acquisition,operating,0.0,0.0
own:23,22,node_acquisition,operating,0.0,0.0
own:23,23,node_acquisition,operating,0.0,0.0
own:23,24,node_acquisition,operating,0.0,0.0
own:23,25,node_acquisition,operating,0.0,0.0
own:23,26,node_acquisition,operating,0.0,0.0
own:23,27,node_acquisition,operating,0.0,0.0
own:23,28,node_acquisition,operating,0.0,0.0
own:23,29,node_acquisition,operating,0.0,0.0
own:23,30,node_acquisition,operating,0.0,0.0
own:23,31,node_acquisition,operating,0.0,0.0
own:23,32,node_acquisition,operating,0.0,0.0
own:23,33,node_acquisition,operating,0.0,0.0
own:23,34,node_acquisition,operating,0.0,0.0
own:23,35,node_acquisition,operating,0.0,0.0
own:23,36,node_acquisition,operating,0.0,0.0
own:23,0,installation,capital,50000.0,50000.0
own:23,1,installation,operating,0.0,0.0
own:23,2,installation,operating,0.0,0.0
own:23,3,installation,operating,0.0,0.0
own:23,4,installation,operating,0.0,0.0
own:23,5,installation,operating,0.0,0.0
own:23,6,installation,operating,0.0,0.0
own:23,7,installation,operating,0.0,0.0
own:23,8,installation,operating,0.0,0.0
own:23,9,installation,operating,0.0,0.0
own:23,10,installation,operating,0.0,0.0
own:23,11,installation,operating,0.0,0.0
own:23,12,installation,operating,0.0,0.0
own:23,13,installation,operating,0.0,0.0
own:23,14,installation,operating,0.0,0.0
own:23,15,installation,operating,0.0,0.0
own:23,16,installation,operating,0.0,0.0
own:23,17,installation,operating,0.0,0.0
own:23,18,installation,operating,0.0,0.0
own:23,19,installation,operating,0.0,0.0
own:23,20,installation,operating,0.0,0.0
own:23,21,installation,operating,0.0,0.0
own:23,22,installation,operating,0.0,0.0
own:23,23,installation,operating,0.0,0.0
own:23,24,installation,operating,0.0,0.0
own:23,25,installation,operating,0.0,0.0
own:23,26,installation,operating,0.0,0.0
own:23,27,installation,operating,0.0,0.0
own:23,28,installation,operating,0.0,0.0
own:23,29,installation,operating,0.0,0.0
own:23,30,installation,operating,0.0,0.0
own:23,31,installation,operating,0.0,0.0
own:23,32,installation,operating,0.0,0.0
own:23,33,installation,operating,0.0,0.0
own:23,34,installation,operating,0.0,0.0
own:23,35,installation,operating,0.0,0.0
own:23,36,installation,operating,0.0,0.0
own:23,0,network,capital,0.0,0.0
own:23,1,network,operating,0.0,0.0
own:23,2,network,operating,0.0,0.0
own:23,3,network,operating,0.0,0.0
own:23,4,network,operating,0.0,0.0
own:23,5,network,operating,0.0,0.0
own:23,6,network,operating,0.0,0.0
own:23,7,network,operating,0.0,0.0
own:23,8,network,operating,0.0,0.0
own:23,9,network,operating,0.0,0.0
own:23,10,network,operating,0.0,0.0
own:23,11,network,operating,0.0,0.0
own:23,12,network,operating,0.0,0.0
own:23,13,network,operating,0.0,0.0
own:23,14,network,operating,0.0,0.0
own:23,15,network,operating,0.0,0.0
own:23,16,network,operating,0.0,0.0
own:23,17,network,operating,0.0,0.0
own:23,18,network,operating,0.0,0.0
own:23,19,network,operating,0.0,0.0
own:23,20,network,operating,0.0,0.0
own:23,21,network,operating,0.0,0.0
own:23,22,network,operating,0.0,0.0
own:23,23,network,operating,0.0,0.0
own:23,24,network,operating,0.0,0.0
own:23,25,network,operating,0.0,0.0
own:23,26,network,operating,0.0,0.0
own:23,27,network,operating,0.0,0.0
own:23,28,network,operating,0.0,0.0
own:23,29,network,operating,0.0,0.0
own:23,30,network,operating,0.0,0.0
own:23,31,network,operating,0.0,0.0
own:23,32,network,operating,0.0,0.0
own:23,33,network,operating,0.0,0.0
own:23,34,network,operating,0.0,0.0
own:23,35,network,operating,0.0,0.0
own:23,36,network,operating,0.0,0.0
own:23,0,storage,capital,0.0,0.0
own:23,1,storage,operating,0.0,0.0
own:23,2,storage,operating,0.0,0.0
own:23,3,storage,operating,0.0,0.0
own:23,4,storage,operating,0.0,0.0
own:23,5,storage,operating,0.0,0.0
own:23,6,storage,operating,0.0,0.0
own:23,7,storage,operating,0.0,0.0
own:23,8,storage,operating,0.0,0.0
own:23,9,storage,operating,0.0,0.0
own:23,10,storage,operating,0.0,0.0
own:23,11,storage,operating,0.0,0.0
own:23,12,storage,operating,0.0,0.0
own:23,13,storage,operating,0.0,0.0
own:23,14,storage,operating,0.0,0.0
own:23,15,storage,operating,0.0,0.0
own:23,16,storage,operating,0.0,0.0
own:23,17,storage,operating,0.0,0.0
own:23,18,storage,operating,0.0,0.0
own:23,19,storage,operating,0.0,0.0
own:23,20,storage,operating,0.0,0.0
own:23,21,storage,operating,0.0,0.0
own:23,22,storage,operating,0.0,0.0
own:23,23,storage,operating,0.0,0.0
own:23,24,storage,operating,0.0,0.0
own:23,25,storage,operating,0.0,0.0
own:23,26,storage,operating,0.0,0.0
own:23,27,storage,operating,0.0,0.0
own:23,28,storage,operating,0.0,0.0
own:23,29,storage,operating,0.0,0.0
own:23,30,storage,operating,0.0,0.0
own:23,31,storage,operating,0.0,0.0
own:23,32,storage,operating,0.0,0.0
own:23,33,storage,operating,0.0,0.0
own:23,34,storage,operating,0.0,0.0
own:23,35,storage,operating,0.0,0.0
own:23,36,storage,operating,0.0,0.0
own:23,0,operations,capital,0.0,0.0
own:23,1,operations,operating,9666.666666666666,9590.193119987578
own:23,2,operations,operating,9666.666666666666,9514.32455986108
own:23,3,operations,operating,9666.666666666666,9439.056200204335
own:23,4,operations,operating,9666.666666666666,9364.383292797487
own:23,5,operations,operating,9666.666666666666,9290.301126984114
own:23,6,operations,operating,9666.666666666666,9216.805029374058
own:23,7,operations,operating,9666.666666666666,9143.890363548622
own:23,8,operations,operating,9666.666666666666,9071.552529768074
own:23,9,operations,operating,9666.666666666666,8999.786964681487
own:23,10,operations,operating,9666.666666666666,8928.589141038858
own:23,11,operations,operating,9666.666666666666,8857.954567405517
own:23,12,operations,operating,9666.666666666666,8787.878787878786
own:23,13,operations,operating,9666.666666666666,8718.357381806889
own:23,14,operations,operating,9666.666666666666,8649.38596351007
own:23,15,operations,operating,9666.666666666666,8580.96018200394
own:23,16,operations,operating,9666.666666666666,8513.075720724988
own:23,17,operations,operating,9666.666666666666,8445.728297258283
own:23,18,operations,operating,9666.666666666666,8378.913663067324
own:23,19,operations,operating,9666.666666666666,8312.62760322602
own:23,20,operations,operating,9666.666666666666,8246.865936152793
own:23,21,operations,operating,9666.666666666666,8181.6245133468055
own:23,22,operations,operating,9666.666666666666,8116.899219126233
own:23,23,operations,operating,9666.666666666666,8052.6859703686505
own:23,24,operations,operating,9666.666666666666,7988.980716253443
own:23,25,operations,operating,9666.666666666666,7925.779438006261
own:23,26,operations,operating,9666.666666666666,7863.078148645519
own:23,27,operations,operating,9666.666666666666,7800.872892730853
own:23,28,operations,operating,9666.666666666666,7739.159746113624
own:23,29,operations,operating,9666.666666666666,7677.934815689348
own:23,30,operations,operating,9666.666666666666,7617.1942391521125
own:23,31,operations,operating,9666.666666666666,7556.934184750926
own:23,32,operations,operating,9666.666666666666,7497.150851047994
own:23,33,operations,operating,9666.666666666666,7437.840466678913
own:23,34,operations,operating,9666.666666666666,7378.999290114757
own:23,35,operations,operating,9666.666666666666,7320.623609426046
own:23,36,operations,operating,9666.666666666666,7262.7097420485825
own:23,0,precommission,capital,0.0,0.0
own:23,1,precommission,operating,0.0,0.0
own:23,2,precommission,operating,0.0,0.0
own:23,3,precommission,operating,0.0,0.0
own:23,4,precommission,operating,0.0,0.0
own:23,5,precommission,operating,0.0,0.0
own:23,6,precommission,operating,0.0,0.0
own:23,7,precommission,operating,0.0,0.0
own:23,8,precommission,operating,0.0,0.0
own:23,9,precommission,operating,0.0,0.0
own:23,10,precommission,operating,0.0,0.0
own:23,11,precommission,operating,0.0,0.0
own:23,12,precommission,operating,0.0,0.0
own:23,13,precommission,operating,0.0,0.0
own:23,14,precommission,operating,0.0,0.0
own:23,15,precommission,operating,0.0,0.0
own:23,16,precommission,operating,0.0,0.0
own:23,17,precommission,operating,0.0,0.0
own:23,18,precommission,operating,0.0,0.0
own:23,19,precommission,operating,0.0,0.0
own:23,20,precommission,operating,0.0,0.0
own:23,21,precommission,operating,0.0,0.0
own:23,22,precommission,operating,0.0,0.0
own:23,23,precommission,operating,0.0,0.0
own:23,24,precommission,operating,0.0,0.0
own:23,25,precommission,operating,0.0,0.0
own:23,26,precommission,operating,0.0,0.0
own:23,27,precommission,operating,0.0,0.0
own:23,28,precommission,operating,0.0,0.0
own:23,29,precommission,operating,0.0,0.0
own:23,30,precommission,operating,0.0,0.0
own:23,31,precommission,operating,0.0,0.0
own:23,32,precommission,operating,0.0,0.0
own:23,33,precommission,operating,0.0,0.0
own:23,34,precommission,operating,0.0,0.0
own:23,35,precommission,operating,0.0,0.0
own:23,36,precommission,operating,0.0,0.0
own:23,0,electricity,capital,0.0,0.0
own:23,1,electricity,operating,8286.999639294592,8221.440716493367
own:23,2,electricity,operating,8039.0754556365155,7912.383418566093
own:23,3,electricity,operating,8327.18986067852,8131.118594970647
own:23,4,electricity,operating,8347.435809981911,8086.405700347663
own:23,5,electricity,operating,7557.997538480355,7263.731694774538
own:23,6,electricity,operating,8388.231903976979,7997.865310358375
own:23,7,electricity,operating,6138.765998466225,5806.779647322957
own:23,8,electricity,operating,6353.718489407175,5962.561141656812
own:23,9,electricity,operating,6158.80362760085,5733.922821280881
own:23,10,electricity,operating,6374.527567263482,5887.814236171197
own:23,11,electricity,operating,6385.0102050997975,5850.841066468406
own:23,12,electricity,operating,6189.237344637384,5626.579404215803
own:23,13,electricity,operating,6406.132982405923,5777.685183723648
own:23,14,electricity,operating,6209.780949017374,5556.28884588653
own:23,15,electricity,operating,6427.467515554542,5705.569947113516
own:23,16,electricity,operating,6438.214853132315,5669.897643208107
own:23,17,electricity,operating,6032.950383694881,5270.964803951077
own:23,18,electricity,operating,6459.871007034964,5599.313942327352
own:23,19,electricity,operating,6262.045511680781,5384.901969626407
own:23,20,electricity,operating,6481.7442638804905,5529.73199758446
own:23,21,electricity,operating,6283.3190179353805,5318.0438174812025
own:23,22,electricity,operating,6503.836800125892,5461.136673544792
own:23,23,electricity,operating,6514.96598412652,5427.2043287384095
own:23,24,electricity,operating,6315.629820045633,5219.528776897217
own:23,25,electricity,operating,6537.391568117389,5360.061069184171
own:23,26,electricity,operating,6337.440508991589,5155.012757026831
own:23,27,electricity,operating,6560.041968587766,5293.867610475832
own:23,28,electricity,operating,6571.4521784307035,5261.122569602233
own:23,29,electricity,operating,5945.862719388388,4722.615143017391
own:23,30,electricity,operating,6594.444036519472,5196.327012971083
own:23,31,electricity,operating,6392.928635518131,4997.683546181385
own:23,32,electricity,operating,6617.666387985579,5132.445847514254
own:23,33,electricity,operating,6415.514245089201,4936.300496553049
own:23,34,electricity,operating,6641.121543525133,5069.46529192115
own:23,35,electricity,operating,6652.93715124276,5038.30849462918
own:23,36,electricity,operating,6449.817906773199,4845.843656478735
own:23,0,hosting,capital,0.0,0.0
own:23,1,hosting,operating,0.0,0.0
own:23,2,hosting,operating,0.0,0.0
own:23,3,hosting,operating,0.0,0.0
own:23,4,hosting,operating,0.0,0.0
own:23,5,hosting,operating,0.0,0.0
own:23,6,hosting,operating,0.0,0.0
own:23,7,hosting,operating,0.0,0.0
own:23,8,hosting,operating,0.0,0.0
own:23,9,hosting,operating,0.0,0.0
own:23,10,hosting,operating,0.0,0.0
own:23,11,hosting,operating,0.0,0.0
own:23,12,hosting,operating,0.0,0.0
own:23,13,hosting,operating,0.0,0.0
own:23,14,hosting,operating,0.0,0.0
own:23,15,hosting,operating,0.0,0.0
own:23,16,hosting,operating,0.0,0.0
own:23,17,hosting,operating,0.0,0.0
own:23,18,hosting,operating,0.0,0.0
own:23,19,hosting,operating,0.0,0.0
own:23,20,hosting,operating,0.0,0.0
own:23,21,hosting,operating,0.0,0.0
own:23,22,hosting,operating,0.0,0.0
own:23,23,hosting,operating,0.0,0.0
own:23,24,hosting,operating,0.0,0.0
own:23,25,hosting,operating,0.0,0.0
own:23,26,hosting,operating,0.0,0.0
own:23,27,hosting,operating,0.0,0.0
own:23,28,hosting,operating,0.0,0.0
own:23,29,hosting,operating,0.0,0.0
own:23,30,hosting,operating,0.0,0.0
own:23,31,hosting,operating,0.0,0.0
own:23,32,hosting,operating,0.0,0.0
own:23,33,hosting,operating,0.0,0.0
own:23,34,hosting,operating,0.0,0.0
own:23,35,hosting,operating,0.0,0.0
own:23,36,hosting,operating,0.0,0.0
own:23,0,exit,terminal,0.0,0.0
own:23,1,exit,terminal,0.0,0.0
own:23,2,exit,terminal,0.0,0.0
own:23,3,exit,terminal,0.0,0.0
own:23,4,exit,terminal,0.0,0.0
own:23,5,exit,terminal,0.0,0.0
own:23,6,exit,terminal,0.0,0.0
own:23,7,exit,terminal,0.0,0.0
own:23,8,exit,terminal,0.0,0.0
own:23,9,exit,terminal,0.0,0.0
own:23,10,exit,terminal,0.0,0.0
own:23,11,exit,terminal,0.0,0.0
own:23,12,exit,terminal,0.0,0.0
own:23,13,exit,terminal,0.0,0.0
own:23,14,exit,terminal,0.0,0.0
own:23,15,exit,terminal,0.0,0.0
own:23,16,exit,terminal,0.0,0.0
own:23,17,exit,terminal,0.0,0.0
own:23,18,exit,terminal,0.0,0.0
own:23,19,exit,terminal,0.0,0.0
own:23,20,exit,terminal,0.0,0.0
own:23,21,exit,terminal,0.0,0.0
own:23,22,exit,terminal,0.0,0.0
own:23,23,exit,terminal,0.0,0.0
own:23,24,exit,terminal,0.0,0.0
own:23,25,exit,terminal,0.0,0.0
own:23,26,exit,terminal,0.0,0.0
own:23,27,exit,terminal,0.0,0.0
own:23,28,exit,terminal,0.0,0.0
own:23,29,exit,terminal,0.0,0.0
own:23,30,exit,terminal,0.0,0.0
own:23,31,exit,terminal,0.0,0.0
own:23,32,exit,terminal,0.0,0.0
own:23,33,exit,terminal,0.0,0.0
own:23,34,exit,terminal,0.0,0.0
own:23,35,exit,terminal,0.0,0.0
own:23,36,exit,terminal,0.0,0.0
own:23,0,residual,terminal,0.0,0.0
own:23,1,residual,terminal,0.0,0.0
own:23,2,residual,terminal,0.0,0.0
own:23,3,residual,terminal,0.0,0.0
own:23,4,residual,terminal,0.0,0.0
own:23,5,residual,terminal,0.0,0.0
own:23,6,residual,terminal,0.0,0.0
own:23,7,residual,terminal,0.0,0.0
own:23,8,residual,terminal,0.0,0.0
own:23,9,residual,terminal,0.0,0.0
own:23,10,residual,terminal,0.0,0.0
own:23,11,residual,terminal,0.0,0.0
own:23,12,residual,terminal,0.0,0.0
own:23,13,residual,terminal,0.0,0.0
own:23,14,residual,terminal,0.0,0.0
own:23,15,residual,terminal,0.0,0.0
own:23,16,residual,terminal,0.0,0.0
own:23,17,residual,terminal,0.0,0.0
own:23,18,residual,terminal,0.0,0.0
own:23,19,residual,terminal,0.0,0.0
own:23,20,residual,terminal,0.0,0.0
own:23,21,residual,terminal,0.0,0.0
own:23,22,residual,terminal,0.0,0.0
own:23,23,residual,terminal,0.0,0.0
own:23,24,residual,terminal,0.0,0.0
own:23,25,residual,terminal,0.0,0.0
own:23,26,residual,terminal,0.0,0.0
own:23,27,residual,terminal,0.0,0.0
own:23,28,residual,terminal,0.0,0.0
own:23,29,residual,terminal,0.0,0.0
own:23,30,residual,terminal,0.0,0.0
own:23,31,residual,terminal,0.0,0.0
own:23,32,residual,terminal,0.0,0.0
own:23,33,residual,terminal,0.0,0.0
own:23,34,residual,terminal,0.0,0.0
own:23,35,residual,terminal,0.0,0.0
own:23,36,residual,terminal,0.0,0.0
own:24,0,on_demand,capital,0.0,0.0
own:24,1,on_demand,operating,0.0,0.0
own:24,2,on_demand,operating,0.0,0.0
own:24,3,on_demand,operating,0.0,0.0
own:24,4,on_demand,operating,0.0,0.0
own:24,5,on_demand,operating,0.0,0.0
own:24,6,on_demand,operating,0.0,0.0
own:24,7,on_demand,operating,0.0,0.0
own:24,8,on_demand,operating,0.0,0.0
own:24,9,on_demand,operating,0.0,0.0
own:24,10,on_demand,operating,0.0,0.0
own:24,11,on_demand,operating,0.0,0.0
own:24,12,on_demand,operating,0.0,0.0
own:24,13,on_demand,operating,0.0,0.0
own:24,14,on_demand,operating,0.0,0.0
own:24,15,on_demand,operating,0.0,0.0
own:24,16,on_demand,operating,0.0,0.0
own:24,17,on_demand,operating,0.0,0.0
own:24,18,on_demand,operating,0.0,0.0
own:24,19,on_demand,operating,0.0,0.0
own:24,20,on_demand,operating,0.0,0.0
own:24,21,on_demand,operating,0.0,0.0
own:24,22,on_demand,operating,0.0,0.0
own:24,23,on_demand,operating,0.0,0.0
own:24,24,on_demand,operating,0.0,0.0
own:24,25,on_demand,operating,0.0,0.0
own:24,26,on_demand,operating,0.0,0.0
own:24,27,on_demand,operating,0.0,0.0
own:24,28,on_demand,operating,0.0,0.0
own:24,29,on_demand,operating,0.0,0.0
own:24,30,on_demand,operating,0.0,0.0
own:24,31,on_demand,operating,0.0,0.0
own:24,32,on_demand,operating,0.0,0.0
own:24,33,on_demand,operating,0.0,0.0
own:24,34,on_demand,operating,0.0,0.0
own:24,35,on_demand,operating,0.0,0.0
own:24,36,on_demand,operating,0.0,0.0
own:24,0,variable_service,capital,0.0,0.0
own:24,1,variable_service,operating,0.0,0.0
own:24,2,variable_service,operating,0.0,0.0
own:24,3,variable_service,operating,0.0,0.0
own:24,4,variable_service,operating,0.0,0.0
own:24,5,variable_service,operating,0.0,0.0
own:24,6,variable_service,operating,0.0,0.0
own:24,7,variable_service,operating,0.0,0.0
own:24,8,variable_service,operating,0.0,0.0
own:24,9,variable_service,operating,0.0,0.0
own:24,10,variable_service,operating,0.0,0.0
own:24,11,variable_service,operating,0.0,0.0
own:24,12,variable_service,operating,0.0,0.0
own:24,13,variable_service,operating,0.0,0.0
own:24,14,variable_service,operating,0.0,0.0
own:24,15,variable_service,operating,0.0,0.0
own:24,16,variable_service,operating,0.0,0.0
own:24,17,variable_service,operating,0.0,0.0
own:24,18,variable_service,operating,0.0,0.0
own:24,19,variable_service,operating,0.0,0.0
own:24,20,variable_service,operating,0.0,0.0
own:24,21,variable_service,operating,0.0,0.0
own:24,22,variable_service,operating,0.0,0.0
own:24,23,variable_service,operating,0.0,0.0
own:24,24,variable_service,operating,0.0,0.0
own:24,25,variable_service,operating,0.0,0.0
own:24,26,variable_service,operating,0.0,0.0
own:24,27,variable_service,operating,0.0,0.0
own:24,28,variable_service,operating,0.0,0.0
own:24,29,variable_service,operating,0.0,0.0
own:24,30,variable_service,operating,0.0,0.0
own:24,31,variable_service,operating,0.0,0.0
own:24,32,variable_service,operating,0.0,0.0
own:24,33,variable_service,operating,0.0,0.0
own:24,34,variable_service,operating,0.0,0.0
own:24,35,variable_service,operating,0.0,0.0
own:24,36,variable_service,operating,0.0,0.0
own:24,0,node_acquisition,capital,9600000.0,9600000.0
own:24,1,node_acquisition,operating,0.0,0.0
own:24,2,node_acquisition,operating,0.0,0.0
own:24,3,node_acquisition,operating,0.0,0.0
own:24,4,node_acquisition,operating,0.0,0.0
own:24,5,node_acquisition,operating,0.0,0.0
own:24,6,node_acquisition,operating,0.0,0.0
own:24,7,node_acquisition,operating,0.0,0.0
own:24,8,node_acquisition,operating,0.0,0.0
own:24,9,node_acquisition,operating,0.0,0.0
own:24,10,node_acquisition,operating,0.0,0.0
own:24,11,node_acquisition,operating,0.0,0.0
own:24,12,node_acquisition,operating,0.0,0.0
own:24,13,node_acquisition,operating,0.0,0.0
own:24,14,node_acquisition,operating,0.0,0.0
own:24,15,node_acquisition,operating,0.0,0.0
own:24,16,node_acquisition,operating,0.0,0.0
own:24,17,node_acquisition,operating,0.0,0.0
own:24,18,node_acquisition,operating,0.0,0.0
own:24,19,node_acquisition,operating,0.0,0.0
own:24,20,node_acquisition,operating,0.0,0.0
own:24,21,node_acquisition,operating,0.0,0.0
own:24,22,node_acquisition,operating,0.0,0.0
own:24,23,node_acquisition,operating,0.0,0.0
own:24,24,node_acquisition,operating,0.0,0.0
own:24,25,node_acquisition,operating,0.0,0.0
own:24,26,node_acquisition,operating,0.0,0.0
own:24,27,node_acquisition,operating,0.0,0.0
own:24,28,node_acquisition,operating,0.0,0.0
own:24,29,node_acquisition,operating,0.0,0.0
own:24,30,node_acquisition,operating,0.0,0.0
own:24,31,node_acquisition,operating,0.0,0.0
own:24,32,node_acquisition,operating,0.0,0.0
own:24,33,node_acquisition,operating,0.0,0.0
own:24,34,node_acquisition,operating,0.0,0.0
own:24,35,node_acquisition,operating,0.0,0.0
own:24,36,node_acquisition,operating,0.0,0.0
own:24,0,installation,capital,50000.0,50000.0
own:24,1,installation,operating,0.0,0.0
own:24,2,installation,operating,0.0,0.0
own:24,3,installation,operating,0.0,0.0
own:24,4,installation,operating,0.0,0.0
own:24,5,installation,operating,0.0,0.0
own:24,6,installation,operating,0.0,0.0
own:24,7,installation,operating,0.0,0.0
own:24,8,installation,operating,0.0,0.0
own:24,9,installation,operating,0.0,0.0
own:24,10,installation,operating,0.0,0.0
own:24,11,installation,operating,0.0,0.0
own:24,12,installation,operating,0.0,0.0
own:24,13,installation,operating,0.0,0.0
own:24,14,installation,operating,0.0,0.0
own:24,15,installation,operating,0.0,0.0
own:24,16,installation,operating,0.0,0.0
own:24,17,installation,operating,0.0,0.0
own:24,18,installation,operating,0.0,0.0
own:24,19,installation,operating,0.0,0.0
own:24,20,installation,operating,0.0,0.0
own:24,21,installation,operating,0.0,0.0
own:24,22,installation,operating,0.0,0.0
own:24,23,installation,operating,0.0,0.0
own:24,24,installation,operating,0.0,0.0
own:24,25,installation,operating,0.0,0.0
own:24,26,installation,operating,0.0,0.0
own:24,27,installation,operating,0.0,0.0
own:24,28,installation,operating,0.0,0.0
own:24,29,installation,operating,0.0,0.0
own:24,30,installation,operating,0.0,0.0
own:24,31,installation,operating,0.0,0.0
own:24,32,installation,operating,0.0,0.0
own:24,33,installation,operating,0.0,0.0
own:24,34,installation,operating,0.0,0.0
own:24,35,installation,operating,0.0,0.0
own:24,36,installation,operating,0.0,0.0
own:24,0,network,capital,0.0,0.0
own:24,1,network,operating,0.0,0.0
own:24,2,network,operating,0.0,0.0
own:24,3,network,operating,0.0,0.0
own:24,4,network,operating,0.0,0.0
own:24,5,network,operating,0.0,0.0
own:24,6,network,operating,0.0,0.0
own:24,7,network,operating,0.0,0.0
own:24,8,network,operating,0.0,0.0
own:24,9,network,operating,0.0,0.0
own:24,10,network,operating,0.0,0.0
own:24,11,network,operating,0.0,0.0
own:24,12,network,operating,0.0,0.0
own:24,13,network,operating,0.0,0.0
own:24,14,network,operating,0.0,0.0
own:24,15,network,operating,0.0,0.0
own:24,16,network,operating,0.0,0.0
own:24,17,network,operating,0.0,0.0
own:24,18,network,operating,0.0,0.0
own:24,19,network,operating,0.0,0.0
own:24,20,network,operating,0.0,0.0
own:24,21,network,operating,0.0,0.0
own:24,22,network,operating,0.0,0.0
own:24,23,network,operating,0.0,0.0
own:24,24,network,operating,0.0,0.0
own:24,25,network,operating,0.0,0.0
own:24,26,network,operating,0.0,0.0
own:24,27,network,operating,0.0,0.0
own:24,28,network,operating,0.0,0.0
own:24,29,network,operating,0.0,0.0
own:24,30,network,operating,0.0,0.0
own:24,31,network,operating,0.0,0.0
own:24,32,network,operating,0.0,0.0
own:24,33,network,operating,0.0,0.0
own:24,34,network,operating,0.0,0.0
own:24,35,network,operating,0.0,0.0
own:24,36,network,operating,0.0,0.0
own:24,0,storage,capital,0.0,0.0
own:24,1,storage,operating,0.0,0.0
own:24,2,storage,operating,0.0,0.0
own:24,3,storage,operating,0.0,0.0
own:24,4,storage,operating,0.0,0.0
own:24,5,storage,operating,0.0,0.0
own:24,6,storage,operating,0.0,0.0
own:24,7,storage,operating,0.0,0.0
own:24,8,storage,operating,0.0,0.0
own:24,9,storage,operating,0.0,0.0
own:24,10,storage,operating,0.0,0.0
own:24,11,storage,operating,0.0,0.0
own:24,12,storage,operating,0.0,0.0
own:24,13,storage,operating,0.0,0.0
own:24,14,storage,operating,0.0,0.0
own:24,15,storage,operating,0.0,0.0
own:24,16,storage,operating,0.0,0.0
own:24,17,storage,operating,0.0,0.0
own:24,18,storage,operating,0.0,0.0
own:24,19,storage,operating,0.0,0.0
own:24,20,storage,operating,0.0,0.0
own:24,21,storage,operating,0.0,0.0
own:24,22,storage,operating,0.0,0.0
own:24,23,storage,operating,0.0,0.0
own:24,24,storage,operating,0.0,0.0
own:24,25,storage,operating,0.0,0.0
own:24,26,storage,operating,0.0,0.0
own:24,27,storage,operating,0.0,0.0
own:24,28,storage,operating,0.0,0.0
own:24,29,storage,operating,0.0,0.0
own:24,30,storage,operating,0.0,0.0
own:24,31,storage,operating,0.0,0.0
own:24,32,storage,operating,0.0,0.0
own:24,33,storage,operating,0.0,0.0
own:24,34,storage,operating,0.0,0.0
own:24,35,storage,operating,0.0,0.0
own:24,36,storage,operating,0.0,0.0
own:24,0,operations,capital,0.0,0.0
own:24,1,operations,operating,10000.0,9920.88943446991
own:24,2,operations,operating,10000.0,9842.404717097668
own:24,3,operations,operating,10000.0,9764.540896763105
own:24,4,operations,operating,10000.0,9687.293061514642
own:24,5,operations,operating,10000.0,9610.656338259429
own:24,6,operations,operating,10000.0,9534.625892455922
own:24,7,operations,operating,10000.0,9459.19692780892
own:24,8,operations,operating,10000.0,9384.364685966973
own:24,9,operations,operating,10000.0,9310.124446222228
own:24,10,operations,operating,10000.0,9236.471525212612
own:24,11,operations,operating,10000.0,9163.401276626397
own:24,12,operations,operating,10000.0,9090.90909090909
own:24,13,operations,operating,10000.0,9018.990394972645
own:24,14,operations,operating,10000.0,8947.64065190697
own:24,15,operations,operating,10000.0,8876.855360693731
own:24,16,operations,operating,10000.0,8806.630055922402
own:24,17,operations,operating,10000.0,8736.96030750857
own:24,18,operations,operating,10000.0,8667.841720414473
own:24,19,operations,operating,10000.0,8599.269934371745
own:24,20,operations,operating,10000.0,8531.240623606338
own:24,21,operations,operating,10000.0,8463.74949656566
own:24,22,operations,operating,10000.0,8396.792295647829
own:24,23,operations,operating,10000.0,8330.364796933087
own:24,24,operations,operating,10000.0,8264.462809917355
own:24,25,operations,operating,10000.0,8199.082177247858
own:24,26,operations,operating,10000.0,8134.218774460882
own:24,27,operations,operating,10000.0,8069.868509721573
own:24,28,operations,operating,10000.0,8006.027323565819
own:24,29,operations,operating,10000.0,7942.691188644154
own:24,30,operations,operating,10000.0,7879.856109467703
own:24,31,operations,operating,10000.0,7817.518122156131
own:24,32,operations,operating,10000.0,7755.673294187581
own:24,33,operations,operating,10000.0,7694.3177241506
own:24,34,operations,operating,10000.0,7633.447541498025
own:24,35,operations,operating,10000.0,7573.0589063028065
own:24,36,operations,operating,10000.0,7513.148009015776
own:24,0,precommission,capital,0.0,0.0
own:24,1,precommission,operating,0.0,0.0
own:24,2,precommission,operating,0.0,0.0
own:24,3,precommission,operating,0.0,0.0
own:24,4,precommission,operating,0.0,0.0
own:24,5,precommission,operating,0.0,0.0
own:24,6,precommission,operating,0.0,0.0
own:24,7,precommission,operating,0.0,0.0
own:24,8,precommission,operating,0.0,0.0
own:24,9,precommission,operating,0.0,0.0
own:24,10,precommission,operating,0.0,0.0
own:24,11,precommission,operating,0.0,0.0
own:24,12,precommission,operating,0.0,0.0
own:24,13,precommission,operating,0.0,0.0
own:24,14,precommission,operating,0.0,0.0
own:24,15,precommission,operating,0.0,0.0
own:24,16,precommission,operating,0.0,0.0
own:24,17,precommission,operating,0.0,0.0
own:24,18,precommission,operating,0.0,0.0
own:24,19,precommission,operating,0.0,0.0
own:24,20,precommission,operating,0.0,0.0
own:24,21,precommission,operating,0.0,0.0
own:24,22,precommission,operating,0.0,0.0
own:24,23,precommission,operating,0.0,0.0
own:24,24,precommission,operating,0.0,0.0
own:24,25,precommission,operating,0.0,0.0
own:24,26,precommission,operating,0.0,0.0
own:24,27,precommission,operating,0.0,0.0
own:24,28,precommission,operating,0.0,0.0
own:24,29,precommission,operating,0.0,0.0
own:24,30,precommission,operating,0.0,0.0
own:24,31,precommission,operating,0.0,0.0
own:24,32,precommission,operating,0.0,0.0
own:24,33,precommission,operating,0.0,0.0
own:24,34,precommission,operating,0.0,0.0
own:24,35,precommission,operating,0.0,0.0
own:24,36,precommission,operating,0.0,0.0
own:24,0,electricity,capital,0.0,0.0
own:24,1,electricity,operating,8472.999639294592,8405.969259974507
own:24,2,electricity,operating,8219.075455636514,8089.5467034738485
own:24,3,electricity,operating,8513.18986067852,8312.739055650442
own:24,4,electricity,operating,8533.435809981911,8266.589351291836
own:24,5,electricity,operating,7725.997538480355,7425.190721257296
own:24,6,electricity,operating,8574.231903976979,8175.209351958055
own:24,7,electricity,operating,6318.765998466225,5977.045192023517
own:24,8,electricity,operating,6539.718489407175,6137.110324815798
own:24,9,electricity,operating,6338.80362760085,5901.505061312881
own:24,10,electricity,operating,6560.527567263481,6059.61260654015
own:24,11,electricity,operating,6571.0102050997975,6021.280330213657
own:24,12,electricity,operating,6369.237344637384,5790.215767852167
own:24,13,electricity,operating,6592.132982405923,5945.438405070139
own:24,14,electricity,operating,6389.780949017374,5717.3463776208555
own:24,15,electricity,operating,6613.467515554543,5870.6794568224195
own:24,16,electricity,operating,6624.2148531323155,5833.700962248265
own:24,17,electricity,operating,6206.950383694881,5422.987913301726
own:24,18,electricity,operating,6645.871007034964,5760.535798327062
own:24,19,electricity,operating,6442.045511680781,5539.688828445098
own:24,20,electricity,operating,6667.7442638804905,5688.4130731835385
own:24,21,electricity,operating,6463.3190179353805,5470.391308419384
own:24,22,electricity,operating,6689.836800125892,5617.317010243841
own:24,23,electricity,operating,6700.965984126521,5582.149113961365
own:24,24,electricity,operating,6495.629820045633,5368.289107475729
own:24,25,electricity,operating,6723.391568117389,5512.563997680981
own:24,26,electricity,operating,6517.440508991589,5301.428694967127
own:24,27,electricity,operating,6746.041968587766,5443.967164756654
own:24,28,electricity,operating,6757.4521784307035,5410.034677820558
own:24,29,electricity,operating,6113.862719388388,4856.052354986613
own:24,30,electricity,operating,6780.444036519472,5342.892336607182
own:24,31,electricity,operating,6572.928635518131,5138.398872380196
own:24,32,electricity,operating,6803.666387985579,5276.701370786143
own:24,33,electricity,operating,6595.514245089201,5074.79821558776
own:24,34,electricity,operating,6827.121543525133,5211.447416193013
own:24,35,electricity,operating,6838.93715124276,5179.167390286412
own:24,36,electricity,operating,6629.8179067732,4981.08032064102
own:24,0,hosting,capital,0.0,0.0
own:24,1,hosting,operating,0.0,0.0
own:24,2,hosting,operating,0.0,0.0
own:24,3,hosting,operating,0.0,0.0
own:24,4,hosting,operating,0.0,0.0
own:24,5,hosting,operating,0.0,0.0
own:24,6,hosting,operating,0.0,0.0
own:24,7,hosting,operating,0.0,0.0
own:24,8,hosting,operating,0.0,0.0
own:24,9,hosting,operating,0.0,0.0
own:24,10,hosting,operating,0.0,0.0
own:24,11,hosting,operating,0.0,0.0
own:24,12,hosting,operating,0.0,0.0
own:24,13,hosting,operating,0.0,0.0
own:24,14,hosting,operating,0.0,0.0
own:24,15,hosting,operating,0.0,0.0
own:24,16,hosting,operating,0.0,0.0
own:24,17,hosting,operating,0.0,0.0
own:24,18,hosting,operating,0.0,0.0
own:24,19,hosting,operating,0.0,0.0
own:24,20,hosting,operating,0.0,0.0
own:24,21,hosting,operating,0.0,0.0
own:24,22,hosting,operating,0.0,0.0
own:24,23,hosting,operating,0.0,0.0
own:24,24,hosting,operating,0.0,0.0
own:24,25,hosting,operating,0.0,0.0
own:24,26,hosting,operating,0.0,0.0
own:24,27,hosting,operating,0.0,0.0
own:24,28,hosting,operating,0.0,0.0
own:24,29,hosting,operating,0.0,0.0
own:24,30,hosting,operating,0.0,0.0
own:24,31,hosting,operating,0.0,0.0
own:24,32,hosting,operating,0.0,0.0
own:24,33,hosting,operating,0.0,0.0
own:24,34,hosting,operating,0.0,0.0
own:24,35,hosting,operating,0.0,0.0
own:24,36,hosting,operating,0.0,0.0
own:24,0,exit,terminal,0.0,0.0
own:24,1,exit,terminal,0.0,0.0
own:24,2,exit,terminal,0.0,0.0
own:24,3,exit,terminal,0.0,0.0
own:24,4,exit,terminal,0.0,0.0
own:24,5,exit,terminal,0.0,0.0
own:24,6,exit,terminal,0.0,0.0
own:24,7,exit,terminal,0.0,0.0
own:24,8,exit,terminal,0.0,0.0
own:24,9,exit,terminal,0.0,0.0
own:24,10,exit,terminal,0.0,0.0
own:24,11,exit,terminal,0.0,0.0
own:24,12,exit,terminal,0.0,0.0
own:24,13,exit,terminal,0.0,0.0
own:24,14,exit,terminal,0.0,0.0
own:24,15,exit,terminal,0.0,0.0
own:24,16,exit,terminal,0.0,0.0
own:24,17,exit,terminal,0.0,0.0
own:24,18,exit,terminal,0.0,0.0
own:24,19,exit,terminal,0.0,0.0
own:24,20,exit,terminal,0.0,0.0
own:24,21,exit,terminal,0.0,0.0
own:24,22,exit,terminal,0.0,0.0
own:24,23,exit,terminal,0.0,0.0
own:24,24,exit,terminal,0.0,0.0
own:24,25,exit,terminal,0.0,0.0
own:24,26,exit,terminal,0.0,0.0
own:24,27,exit,terminal,0.0,0.0
own:24,28,exit,terminal,0.0,0.0
own:24,29,exit,terminal,0.0,0.0
own:24,30,exit,terminal,0.0,0.0
own:24,31,exit,terminal,0.0,0.0
own:24,32,exit,terminal,0.0,0.0
own:24,33,exit,terminal,0.0,0.0
own:24,34,exit,terminal,0.0,0.0
own:24,35,exit,terminal,0.0,0.0
own:24,36,exit,terminal,0.0,0.0
own:24,0,residual,terminal,0.0,0.0
own:24,1,residual,terminal,0.0,0.0
own:24,2,residual,terminal,0.0,0.0
own:24,3,residual,terminal,0.0,0.0
own:24,4,residual,terminal,0.0,0.0
own:24,5,residual,terminal,0.0,0.0
own:24,6,residual,terminal,0.0,0.0
own:24,7,residual,terminal,0.0,0.0
own:24,8,residual,terminal,0.0,0.0
own:24,9,residual,terminal,0.0,0.0
own:24,10,residual,terminal,0.0,0.0
own:24,11,residual,terminal,0.0,0.0
own:24,12,residual,terminal,0.0,0.0
own:24,13,residual,terminal,0.0,0.0
own:24,14,residual,terminal,0.0,0.0
own:24,15,residual,terminal,0.0,0.0
own:24,16,residual,terminal,0.0,0.0
own:24,17,residual,terminal,0.0,0.0
own:24,18,residual,terminal,0.0,0.0
own:24,19,residual,terminal,0.0,0.0
own:24,20,residual,terminal,0.0,0.0
own:24,21,residual,terminal,0.0,0.0
own:24,22,residual,terminal,0.0,0.0
own:24,23,residual,terminal,0.0,0.0
own:24,24,residual,terminal,0.0,0.0
own:24,25,residual,terminal,0.0,0.0
own:24,26,residual,terminal,0.0,0.0
own:24,27,residual,terminal,0.0,0.0
own:24,28,residual,terminal,0.0,0.0
own:24,29,residual,terminal,0.0,0.0
own:24,30,residual,terminal,0.0,0.0
own:24,31,residual,terminal,0.0,0.0
own:24,32,residual,terminal,0.0,0.0
own:24,33,residual,terminal,0.0,0.0
own:24,34,residual,terminal,0.0,0.0
own:24,35,residual,terminal,0.0,0.0
own:24,36,residual,terminal,0.0,0.0
own:25,0,on_demand,capital,0.0,0.0
own:25,1,on_demand,operating,0.0,0.0
own:25,2,on_demand,operating,0.0,0.0
own:25,3,on_demand,operating,0.0,0.0
own:25,4,on_demand,operating,0.0,0.0
own:25,5,on_demand,operating,0.0,0.0
own:25,6,on_demand,operating,0.0,0.0
own:25,7,on_demand,operating,0.0,0.0
own:25,8,on_demand,operating,0.0,0.0
own:25,9,on_demand,operating,0.0,0.0
own:25,10,on_demand,operating,0.0,0.0
own:25,11,on_demand,operating,0.0,0.0
own:25,12,on_demand,operating,0.0,0.0
own:25,13,on_demand,operating,0.0,0.0
own:25,14,on_demand,operating,0.0,0.0
own:25,15,on_demand,operating,0.0,0.0
own:25,16,on_demand,operating,0.0,0.0
own:25,17,on_demand,operating,0.0,0.0
own:25,18,on_demand,operating,0.0,0.0
own:25,19,on_demand,operating,0.0,0.0
own:25,20,on_demand,operating,0.0,0.0
own:25,21,on_demand,operating,0.0,0.0
own:25,22,on_demand,operating,0.0,0.0
own:25,23,on_demand,operating,0.0,0.0
own:25,24,on_demand,operating,0.0,0.0
own:25,25,on_demand,operating,0.0,0.0
own:25,26,on_demand,operating,0.0,0.0
own:25,27,on_demand,operating,0.0,0.0
own:25,28,on_demand,operating,0.0,0.0
own:25,29,on_demand,operating,0.0,0.0
own:25,30,on_demand,operating,0.0,0.0
own:25,31,on_demand,operating,0.0,0.0
own:25,32,on_demand,operating,0.0,0.0
own:25,33,on_demand,operating,0.0,0.0
own:25,34,on_demand,operating,0.0,0.0
own:25,35,on_demand,operating,0.0,0.0
own:25,36,on_demand,operating,0.0,0.0
own:25,0,variable_service,capital,0.0,0.0
own:25,1,variable_service,operating,0.0,0.0
own:25,2,variable_service,operating,0.0,0.0
own:25,3,variable_service,operating,0.0,0.0
own:25,4,variable_service,operating,0.0,0.0
own:25,5,variable_service,operating,0.0,0.0
own:25,6,variable_service,operating,0.0,0.0
own:25,7,variable_service,operating,0.0,0.0
own:25,8,variable_service,operating,0.0,0.0
own:25,9,variable_service,operating,0.0,0.0
own:25,10,variable_service,operating,0.0,0.0
own:25,11,variable_service,operating,0.0,0.0
own:25,12,variable_service,operating,0.0,0.0
own:25,13,variable_service,operating,0.0,0.0
own:25,14,variable_service,operating,0.0,0.0
own:25,15,variable_service,operating,0.0,0.0
own:25,16,variable_service,operating,0.0,0.0
own:25,17,variable_service,operating,0.0,0.0
own:25,18,variable_service,operating,0.0,0.0
own:25,19,variable_service,operating,0.0,0.0
own:25,20,variable_service,operating,0.0,0.0
own:25,21,variable_service,operating,0.0,0.0
own:25,22,variable_service,operating,0.0,0.0
own:25,23,variable_service,operating,0.0,0.0
own:25,24,variable_service,operating,0.0,0.0
own:25,25,variable_service,operating,0.0,0.0
own:25,26,variable_service,operating,0.0,0.0
own:25,27,variable_service,operating,0.0,0.0
own:25,28,variable_service,operating,0.0,0.0
own:25,29,variable_service,operating,0.0,0.0
own:25,30,variable_service,operating,0.0,0.0
own:25,31,variable_service,operating,0.0,0.0
own:25,32,variable_service,operating,0.0,0.0
own:25,33,variable_service,operating,0.0,0.0
own:25,34,variable_service,operating,0.0,0.0
own:25,35,variable_service,operating,0.0,0.0
own:25,36,variable_service,operating,0.0,0.0
own:25,0,node_acquisition,capital,10000000.0,10000000.0
own:25,1,node_acquisition,operating,0.0,0.0
own:25,2,node_acquisition,operating,0.0,0.0
own:25,3,node_acquisition,operating,0.0,0.0
own:25,4,node_acquisition,operating,0.0,0.0
own:25,5,node_acquisition,operating,0.0,0.0
own:25,6,node_acquisition,operating,0.0,0.0
own:25,7,node_acquisition,operating,0.0,0.0
own:25,8,node_acquisition,operating,0.0,0.0
own:25,9,node_acquisition,operating,0.0,0.0
own:25,10,node_acquisition,operating,0.0,0.0
own:25,11,node_acquisition,operating,0.0,0.0
own:25,12,node_acquisition,operating,0.0,0.0
own:25,13,node_acquisition,operating,0.0,0.0
own:25,14,node_acquisition,operating,0.0,0.0
own:25,15,node_acquisition,operating,0.0,0.0
own:25,16,node_acquisition,operating,0.0,0.0
own:25,17,node_acquisition,operating,0.0,0.0
own:25,18,node_acquisition,operating,0.0,0.0
own:25,19,node_acquisition,operating,0.0,0.0
own:25,20,node_acquisition,operating,0.0,0.0
own:25,21,node_acquisition,operating,0.0,0.0
own:25,22,node_acquisition,operating,0.0,0.0
own:25,23,node_acquisition,operating,0.0,0.0
own:25,24,node_acquisition,operating,0.0,0.0
own:25,25,node_acquisition,operating,0.0,0.0
own:25,26,node_acquisition,operating,0.0,0.0
own:25,27,node_acquisition,operating,0.0,0.0
own:25,28,node_acquisition,operating,0.0,0.0
own:25,29,node_acquisition,operating,0.0,0.0
own:25,30,node_acquisition,operating,0.0,0.0
own:25,31,node_acquisition,operating,0.0,0.0
own:25,32,node_acquisition,operating,0.0,0.0
own:25,33,node_acquisition,operating,0.0,0.0
own:25,34,node_acquisition,operating,0.0,0.0
own:25,35,node_acquisition,operating,0.0,0.0
own:25,36,node_acquisition,operating,0.0,0.0
own:25,0,installation,capital,50000.0,50000.0
own:25,1,installation,operating,0.0,0.0
own:25,2,installation,operating,0.0,0.0
own:25,3,installation,operating,0.0,0.0
own:25,4,installation,operating,0.0,0.0
own:25,5,installation,operating,0.0,0.0
own:25,6,installation,operating,0.0,0.0
own:25,7,installation,operating,0.0,0.0
own:25,8,installation,operating,0.0,0.0
own:25,9,installation,operating,0.0,0.0
own:25,10,installation,operating,0.0,0.0
own:25,11,installation,operating,0.0,0.0
own:25,12,installation,operating,0.0,0.0
own:25,13,installation,operating,0.0,0.0
own:25,14,installation,operating,0.0,0.0
own:25,15,installation,operating,0.0,0.0
own:25,16,installation,operating,0.0,0.0
own:25,17,installation,operating,0.0,0.0
own:25,18,installation,operating,0.0,0.0
own:25,19,installation,operating,0.0,0.0
own:25,20,installation,operating,0.0,0.0
own:25,21,installation,operating,0.0,0.0
own:25,22,installation,operating,0.0,0.0
own:25,23,installation,operating,0.0,0.0
own:25,24,installation,operating,0.0,0.0
own:25,25,installation,operating,0.0,0.0
own:25,26,installation,operating,0.0,0.0
own:25,27,installation,operating,0.0,0.0
own:25,28,installation,operating,0.0,0.0
own:25,29,installation,operating,0.0,0.0
own:25,30,installation,operating,0.0,0.0
own:25,31,installation,operating,0.0,0.0
own:25,32,installation,operating,0.0,0.0
own:25,33,installation,operating,0.0,0.0
own:25,34,installation,operating,0.0,0.0
own:25,35,installation,operating,0.0,0.0
own:25,36,installation,operating,0.0,0.0
own:25,0,network,capital,0.0,0.0
own:25,1,network,operating,0.0,0.0
own:25,2,network,operating,0.0,0.0
own:25,3,network,operating,0.0,0.0
own:25,4,network,operating,0.0,0.0
own:25,5,network,operating,0.0,0.0
own:25,6,network,operating,0.0,0.0
own:25,7,network,operating,0.0,0.0
own:25,8,network,operating,0.0,0.0
own:25,9,network,operating,0.0,0.0
own:25,10,network,operating,0.0,0.0
own:25,11,network,operating,0.0,0.0
own:25,12,network,operating,0.0,0.0
own:25,13,network,operating,0.0,0.0
own:25,14,network,operating,0.0,0.0
own:25,15,network,operating,0.0,0.0
own:25,16,network,operating,0.0,0.0
own:25,17,network,operating,0.0,0.0
own:25,18,network,operating,0.0,0.0
own:25,19,network,operating,0.0,0.0
own:25,20,network,operating,0.0,0.0
own:25,21,network,operating,0.0,0.0
own:25,22,network,operating,0.0,0.0
own:25,23,network,operating,0.0,0.0
own:25,24,network,operating,0.0,0.0
own:25,25,network,operating,0.0,0.0
own:25,26,network,operating,0.0,0.0
own:25,27,network,operating,0.0,0.0
own:25,28,network,operating,0.0,0.0
own:25,29,network,operating,0.0,0.0
own:25,30,network,operating,0.0,0.0
own:25,31,network,operating,0.0,0.0
own:25,32,network,operating,0.0,0.0
own:25,33,network,operating,0.0,0.0
own:25,34,network,operating,0.0,0.0
own:25,35,network,operating,0.0,0.0
own:25,36,network,operating,0.0,0.0
own:25,0,storage,capital,0.0,0.0
own:25,1,storage,operating,0.0,0.0
own:25,2,storage,operating,0.0,0.0
own:25,3,storage,operating,0.0,0.0
own:25,4,storage,operating,0.0,0.0
own:25,5,storage,operating,0.0,0.0
own:25,6,storage,operating,0.0,0.0
own:25,7,storage,operating,0.0,0.0
own:25,8,storage,operating,0.0,0.0
own:25,9,storage,operating,0.0,0.0
own:25,10,storage,operating,0.0,0.0
own:25,11,storage,operating,0.0,0.0
own:25,12,storage,operating,0.0,0.0
own:25,13,storage,operating,0.0,0.0
own:25,14,storage,operating,0.0,0.0
own:25,15,storage,operating,0.0,0.0
own:25,16,storage,operating,0.0,0.0
own:25,17,storage,operating,0.0,0.0
own:25,18,storage,operating,0.0,0.0
own:25,19,storage,operating,0.0,0.0
own:25,20,storage,operating,0.0,0.0
own:25,21,storage,operating,0.0,0.0
own:25,22,storage,operating,0.0,0.0
own:25,23,storage,operating,0.0,0.0
own:25,24,storage,operating,0.0,0.0
own:25,25,storage,operating,0.0,0.0
own:25,26,storage,operating,0.0,0.0
own:25,27,storage,operating,0.0,0.0
own:25,28,storage,operating,0.0,0.0
own:25,29,storage,operating,0.0,0.0
own:25,30,storage,operating,0.0,0.0
own:25,31,storage,operating,0.0,0.0
own:25,32,storage,operating,0.0,0.0
own:25,33,storage,operating,0.0,0.0
own:25,34,storage,operating,0.0,0.0
own:25,35,storage,operating,0.0,0.0
own:25,36,storage,operating,0.0,0.0
own:25,0,operations,capital,0.0,0.0
own:25,1,operations,operating,10333.333333333334,10251.58574895224
own:25,2,operations,operating,10333.333333333334,10170.484874334257
own:25,3,operations,operating,10333.333333333334,10090.025593321876
own:25,4,operations,operating,10333.333333333334,10010.202830231798
own:25,5,operations,operating,10333.333333333334,9931.011549534744
own:25,6,operations,operating,10333.333333333334,9852.446755537787
own:25,7,operations,operating,10333.333333333334,9774.503492069218
own:25,8,operations,operating,10333.333333333334,9697.176842165874
own:25,9,operations,operating,10333.333333333334,9620.46192776297
own:25,10,operations,operating,10333.333333333334,9544.353909386366
own:25,11,operations,operating,10333.333333333334,9468.847985847278
own:25,12,operations,operating,10333.333333333334,9393.939393939394
own:25,13,operations,operating,10333.333333333334,9319.623408138401
own:25,14,operations,operating,10333.333333333334,9245.895340303869
own:25,15,operations,operating,10333.333333333334,9172.750539383524
own:25,16,operations,operating,10333.333333333334,9100.184391119816
own:25,17,operations,operating,10333.333333333334,9028.192317758856
own:25,18,operations,operating,10333.333333333334,8956.769777761623
own:25,19,operations,operating,10333.333333333334,8885.91226551747
own:25,20,operations,operating,10333.333333333334,8815.615311059884
own:25,21,operations,operating,10333.333333333334,8745.874479784517
own:25,22,operations,operating,10333.333333333334,8676.685372169422
own:25,23,operations,operating,10333.333333333334,8608.043623497524
own:25,24,operations,operating,10333.333333333334,8539.944903581267
own:25,25,operations,operating,10333.333333333334,8472.384916489453
own:25,26,operations,operating,10333.333333333334,8405.359400276246
own:25,27,operations,operating,10333.333333333334,8338.864126712293
own:25,28,operations,operating,10333.333333333334,8272.894901018013
own:25,29,operations,operating,10333.333333333334,8207.44756159896
own:25,30,operations,operating,10333.333333333334,8142.517979783294
own:25,31,operations,operating,10333.333333333334,8078.102059561335
own:25,32,operations,operating,10333.333333333334,8014.195737327167
own:25,33,operations,operating,10333.333333333334,7950.794981622287
own:25,34,operations,operating,10333.333333333334,7887.895792881293
own:25,35,operations,operating,10333.333333333334,7825.494203179567
own:25,36,operations,operating,10333.333333333334,7763.586275982969
own:25,0,precommission,capital,0.0,0.0
own:25,1,precommission,operating,0.0,0.0
own:25,2,precommission,operating,0.0,0.0
own:25,3,precommission,operating,0.0,0.0
own:25,4,precommission,operating,0.0,0.0
own:25,5,precommission,operating,0.0,0.0
own:25,6,precommission,operating,0.0,0.0
own:25,7,precommission,operating,0.0,0.0
own:25,8,precommission,operating,0.0,0.0
own:25,9,precommission,operating,0.0,0.0
own:25,10,precommission,operating,0.0,0.0
own:25,11,precommission,operating,0.0,0.0
own:25,12,precommission,operating,0.0,0.0
own:25,13,precommission,operating,0.0,0.0
own:25,14,precommission,operating,0.0,0.0
own:25,15,precommission,operating,0.0,0.0
own:25,16,precommission,operating,0.0,0.0
own:25,17,precommission,operating,0.0,0.0
own:25,18,precommission,operating,0.0,0.0
own:25,19,precommission,operating,0.0,0.0
own:25,20,precommission,operating,0.0,0.0
own:25,21,precommission,operating,0.0,0.0
own:25,22,precommission,operating,0.0,0.0
own:25,23,precommission,operating,0.0,0.0
own:25,24,precommission,operating,0.0,0.0
own:25,25,precommission,operating,0.0,0.0
own:25,26,precommission,operating,0.0,0.0
own:25,27,precommission,operating,0.0,0.0
own:25,28,precommission,operating,0.0,0.0
own:25,29,precommission,operating,0.0,0.0
own:25,30,precommission,operating,0.0,0.0
own:25,31,precommission,operating,0.0,0.0
own:25,32,precommission,operating,0.0,0.0
own:25,33,precommission,operating,0.0,0.0
own:25,34,precommission,operating,0.0,0.0
own:25,35,precommission,operating,0.0,0.0
own:25,36,precommission,operating,0.0,0.0
own:25,0,electricity,capital,0.0,0.0
own:25,1,electricity,operating,8658.999639294592,8590.497803455648
own:25,2,electricity,operating,8399.075455636514,8266.709988381606
own:25,3,electricity,operating,8699.18986067852,8494.359516330234
own:25,4,electricity,operating,8719.435809981911,8446.773002236007
own:25,5,electricity,operating,7893.997538480355,7586.649747740054
own:25,6,electricity,operating,8760.231903976979,8352.553393557735
own:25,7,electricity,operating,6498.765998466225,6147.310736724078
own:25,8,electricity,operating,6725.718489407175,6311.659507974783
own:25,9,electricity,operating,6518.80362760085,6069.087301344881
own:25,10,electricity,operating,6746.527567263481,6231.410976909106
own:25,11,electricity,operating,6757.0102050997975,6191.719593958908
own:25,12,electricity,operating,6549.237344637384,5953.852131488531
own:25,13,electricity,operating,6778.132982405923,6113.19162641663
own:25,14,electricity,operating,6569.780949017374,5878.403909355181
own:25,15,electricity,operating,6799.467515554543,6035.788966531323
own:25,16,electricity,operating,6810.2148531323155,5997.504281288421
own:25,17,electricity,operating,6380.950383694881,5575.011022652375
own:25,18,electricity,operating,6831.871007034964,5921.757654326771
own:25,19,electricity,operating,6622.045511680781,5694.47568726379
own:25,20,electricity,operating,6853.7442638804905,5847.094148782617
own:25,21,electricity,operating,6643.3190179353805,5622.738799357566
own:25,22,electricity,operating,6875.836800125892,5773.4973469428905
own:25,23,electricity,operating,6886.965984126521,5737.09389918432
own:25,24,electricity,operating,6675.629820045633,5517.049438054241
own:25,25,electricity,operating,6909.391568117389,5665.066926177791
own:25,26,electricity,operating,6697.440508991589,5447.844632907423
own:25,27,electricity,operating,6932.041968587766,5594.066719037475
own:25,28,electricity,operating,6943.4521784307035,5558.946786038881
own:25,29,electricity,operating,6281.862719388388,4989.4895669558355
own:25,30,electricity,operating,6966.444036519472,5489.457660243281
own:25,31,electricity,operating,6752.928635518131,5279.114198579006
own:25,32,electricity,operating,6989.666387985579,5420.956894058032
own:25,33,electricity,operating,6775.514245089201,5213.295934622471
own:25,34,electricity,operating,7013.121543525133,5353.4295404648765
own:25,35,electricity,operating,7024.93715124276,5320.026285943644
own:25,36,electricity,operating,6809.8179067732,5116.316984803304
own:25,0,hosting,capital,0.0,0.0
own:25,1,hosting,operating,0.0,0.0
own:25,2,hosting,operating,0.0,0.0
own:25,3,hosting,operating,0.0,0.0
own:25,4,hosting,operating,0.0,0.0
own:25,5,hosting,operating,0.0,0.0
own:25,6,hosting,operating,0.0,0.0
own:25,7,hosting,operating,0.0,0.0
own:25,8,hosting,operating,0.0,0.0
own:25,9,hosting,operating,0.0,0.0
own:25,10,hosting,operating,0.0,0.0
own:25,11,hosting,operating,0.0,0.0
own:25,12,hosting,operating,0.0,0.0
own:25,13,hosting,operating,0.0,0.0
own:25,14,hosting,operating,0.0,0.0
own:25,15,hosting,operating,0.0,0.0
own:25,16,hosting,operating,0.0,0.0
own:25,17,hosting,operating,0.0,0.0
own:25,18,hosting,operating,0.0,0.0
own:25,19,hosting,operating,0.0,0.0
own:25,20,hosting,operating,0.0,0.0
own:25,21,hosting,operating,0.0,0.0
own:25,22,hosting,operating,0.0,0.0
own:25,23,hosting,operating,0.0,0.0
own:25,24,hosting,operating,0.0,0.0
own:25,25,hosting,operating,0.0,0.0
own:25,26,hosting,operating,0.0,0.0
own:25,27,hosting,operating,0.0,0.0
own:25,28,hosting,operating,0.0,0.0
own:25,29,hosting,operating,0.0,0.0
own:25,30,hosting,operating,0.0,0.0
own:25,31,hosting,operating,0.0,0.0
own:25,32,hosting,operating,0.0,0.0
own:25,33,hosting,operating,0.0,0.0
own:25,34,hosting,operating,0.0,0.0
own:25,35,hosting,operating,0.0,0.0
own:25,36,hosting,operating,0.0,0.0
own:25,0,exit,terminal,0.0,0.0
own:25,1,exit,terminal,0.0,0.0
own:25,2,exit,terminal,0.0,0.0
own:25,3,exit,terminal,0.0,0.0
own:25,4,exit,terminal,0.0,0.0
own:25,5,exit,terminal,0.0,0.0
own:25,6,exit,terminal,0.0,0.0
own:25,7,exit,terminal,0.0,0.0
own:25,8,exit,terminal,0.0,0.0
own:25,9,exit,terminal,0.0,0.0
own:25,10,exit,terminal,0.0,0.0
own:25,11,exit,terminal,0.0,0.0
own:25,12,exit,terminal,0.0,0.0
own:25,13,exit,terminal,0.0,0.0
own:25,14,exit,terminal,0.0,0.0
own:25,15,exit,terminal,0.0,0.0
own:25,16,exit,terminal,0.0,0.0
own:25,17,exit,terminal,0.0,0.0
own:25,18,exit,terminal,0.0,0.0
own:25,19,exit,terminal,0.0,0.0
own:25,20,exit,terminal,0.0,0.0
own:25,21,exit,terminal,0.0,0.0
own:25,22,exit,terminal,0.0,0.0
own:25,23,exit,terminal,0.0,0.0
own:25,24,exit,terminal,0.0,0.0
own:25,25,exit,terminal,0.0,0.0
own:25,26,exit,terminal,0.0,0.0
own:25,27,exit,terminal,0.0,0.0
own:25,28,exit,terminal,0.0,0.0
own:25,29,exit,terminal,0.0,0.0
own:25,30,exit,terminal,0.0,0.0
own:25,31,exit,terminal,0.0,0.0
own:25,32,exit,terminal,0.0,0.0
own:25,33,exit,terminal,0.0,0.0
own:25,34,exit,terminal,0.0,0.0
own:25,35,exit,terminal,0.0,0.0
own:25,36,exit,terminal,0.0,0.0
own:25,0,residual,terminal,0.0,0.0
own:25,1,residual,terminal,0.0,0.0
own:25,2,residual,terminal,0.0,0.0
own:25,3,residual,terminal,0.0,0.0
own:25,4,residual,terminal,0.0,0.0
own:25,5,residual,terminal,0.0,0.0
own:25,6,residual,terminal,0.0,0.0
own:25,7,residual,terminal,0.0,0.0
own:25,8,residual,terminal,0.0,0.0
own:25,9,residual,terminal,0.0,0.0
own:25,10,residual,terminal,0.0,0.0
own:25,11,residual,terminal,0.0,0.0
own:25,12,residual,terminal,0.0,0.0
own:25,13,residual,terminal,0.0,0.0
own:25,14,residual,terminal,0.0,0.0
own:25,15,residual,terminal,0.0,0.0
own:25,16,residual,terminal,0.0,0.0
own:25,17,residual,terminal,0.0,0.0
own:25,18,residual,terminal,0.0,0.0
own:25,19,residual,terminal,0.0,0.0
own:25,20,residual,terminal,0.0,0.0
own:25,21,residual,terminal,0.0,0.0
own:25,22,residual,terminal,0.0,0.0
own:25,23,residual,terminal,0.0,0.0
own:25,24,residual,terminal,0.0,0.0
own:25,25,residual,terminal,0.0,0.0
own:25,26,residual,terminal,0.0,0.0
own:25,27,residual,terminal,0.0,0.0
own:25,28,residual,terminal,0.0,0.0
own:25,29,residual,terminal,0.0,0.0
own:25,30,residual,terminal,0.0,0.0
own:25,31,residual,terminal,0.0,0.0
own:25,32,residual,terminal,0.0,0.0
own:25,33,residual,terminal,0.0,0.0
own:25,34,residual,terminal,0.0,0.0
own:25,35,residual,terminal,0.0,0.0
own:25,36,residual,terminal,0.0,0.0
own:26,0,on_demand,capital,0.0,0.0
own:26,1,on_demand,operating,0.0,0.0
own:26,2,on_demand,operating,0.0,0.0
own:26,3,on_demand,operating,0.0,0.0
own:26,4,on_demand,operating,0.0,0.0
own:26,5,on_demand,operating,0.0,0.0
own:26,6,on_demand,operating,0.0,0.0
own:26,7,on_demand,operating,0.0,0.0
own:26,8,on_demand,operating,0.0,0.0
own:26,9,on_demand,operating,0.0,0.0
own:26,10,on_demand,operating,0.0,0.0
own:26,11,on_demand,operating,0.0,0.0
own:26,12,on_demand,operating,0.0,0.0
own:26,13,on_demand,operating,0.0,0.0
own:26,14,on_demand,operating,0.0,0.0
own:26,15,on_demand,operating,0.0,0.0
own:26,16,on_demand,operating,0.0,0.0
own:26,17,on_demand,operating,0.0,0.0
own:26,18,on_demand,operating,0.0,0.0
own:26,19,on_demand,operating,0.0,0.0
own:26,20,on_demand,operating,0.0,0.0
own:26,21,on_demand,operating,0.0,0.0
own:26,22,on_demand,operating,0.0,0.0
own:26,23,on_demand,operating,0.0,0.0
own:26,24,on_demand,operating,0.0,0.0
own:26,25,on_demand,operating,0.0,0.0
own:26,26,on_demand,operating,0.0,0.0
own:26,27,on_demand,operating,0.0,0.0
own:26,28,on_demand,operating,0.0,0.0
own:26,29,on_demand,operating,0.0,0.0
own:26,30,on_demand,operating,0.0,0.0
own:26,31,on_demand,operating,0.0,0.0
own:26,32,on_demand,operating,0.0,0.0
own:26,33,on_demand,operating,0.0,0.0
own:26,34,on_demand,operating,0.0,0.0
own:26,35,on_demand,operating,0.0,0.0
own:26,36,on_demand,operating,0.0,0.0
own:26,0,variable_service,capital,0.0,0.0
own:26,1,variable_service,operating,0.0,0.0
own:26,2,variable_service,operating,0.0,0.0
own:26,3,variable_service,operating,0.0,0.0
own:26,4,variable_service,operating,0.0,0.0
own:26,5,variable_service,operating,0.0,0.0
own:26,6,variable_service,operating,0.0,0.0
own:26,7,variable_service,operating,0.0,0.0
own:26,8,variable_service,operating,0.0,0.0
own:26,9,variable_service,operating,0.0,0.0
own:26,10,variable_service,operating,0.0,0.0
own:26,11,variable_service,operating,0.0,0.0
own:26,12,variable_service,operating,0.0,0.0
own:26,13,variable_service,operating,0.0,0.0
own:26,14,variable_service,operating,0.0,0.0
own:26,15,variable_service,operating,0.0,0.0
own:26,16,variable_service,operating,0.0,0.0
own:26,17,variable_service,operating,0.0,0.0
own:26,18,variable_service,operating,0.0,0.0
own:26,19,variable_service,operating,0.0,0.0
own:26,20,variable_service,operating,0.0,0.0
own:26,21,variable_service,operating,0.0,0.0
own:26,22,variable_service,operating,0.0,0.0
own:26,23,variable_service,operating,0.0,0.0
own:26,24,variable_service,operating,0.0,0.0
own:26,25,variable_service,operating,0.0,0.0
own:26,26,variable_service,operating,0.0,0.0
own:26,27,variable_service,operating,0.0,0.0
own:26,28,variable_service,operating,0.0,0.0
own:26,29,variable_service,operating,0.0,0.0
own:26,30,variable_service,operating,0.0,0.0
own:26,31,variable_service,operating,0.0,0.0
own:26,32,variable_service,operating,0.0,0.0
own:26,33,variable_service,operating,0.0,0.0
own:26,34,variable_service,operating,0.0,0.0
own:26,35,variable_service,operating,0.0,0.0
own:26,36,variable_service,operating,0.0,0.0
own:26,0,node_acquisition,capital,10400000.0,10400000.0
own:26,1,node_acquisition,operating,0.0,0.0
own:26,2,node_acquisition,operating,0.0,0.0
own:26,3,node_acquisition,operating,0.0,0.0
own:26,4,node_acquisition,operating,0.0,0.0
own:26,5,node_acquisition,operating,0.0,0.0
own:26,6,node_acquisition,operating,0.0,0.0
own:26,7,node_acquisition,operating,0.0,0.0
own:26,8,node_acquisition,operating,0.0,0.0
own:26,9,node_acquisition,operating,0.0,0.0
own:26,10,node_acquisition,operating,0.0,0.0
own:26,11,node_acquisition,operating,0.0,0.0
own:26,12,node_acquisition,operating,0.0,0.0
own:26,13,node_acquisition,operating,0.0,0.0
own:26,14,node_acquisition,operating,0.0,0.0
own:26,15,node_acquisition,operating,0.0,0.0
own:26,16,node_acquisition,operating,0.0,0.0
own:26,17,node_acquisition,operating,0.0,0.0
own:26,18,node_acquisition,operating,0.0,0.0
own:26,19,node_acquisition,operating,0.0,0.0
own:26,20,node_acquisition,operating,0.0,0.0
own:26,21,node_acquisition,operating,0.0,0.0
own:26,22,node_acquisition,operating,0.0,0.0
own:26,23,node_acquisition,operating,0.0,0.0
own:26,24,node_acquisition,operating,0.0,0.0
own:26,25,node_acquisition,operating,0.0,0.0
own:26,26,node_acquisition,operating,0.0,0.0
own:26,27,node_acquisition,operating,0.0,0.0
own:26,28,node_acquisition,operating,0.0,0.0
own:26,29,node_acquisition,operating,0.0,0.0
own:26,30,node_acquisition,operating,0.0,0.0
own:26,31,node_acquisition,operating,0.0,0.0
own:26,32,node_acquisition,operating,0.0,0.0
own:26,33,node_acquisition,operating,0.0,0.0
own:26,34,node_acquisition,operating,0.0,0.0
own:26,35,node_acquisition,operating,0.0,0.0
own:26,36,node_acquisition,operating,0.0,0.0
own:26,0,installation,capital,50000.0,50000.0
own:26,1,installation,operating,0.0,0.0
own:26,2,installation,operating,0.0,0.0
own:26,3,installation,operating,0.0,0.0
own:26,4,installation,operating,0.0,0.0
own:26,5,installation,operating,0.0,0.0
own:26,6,installation,operating,0.0,0.0
own:26,7,installation,operating,0.0,0.0
own:26,8,installation,operating,0.0,0.0
own:26,9,installation,operating,0.0,0.0
own:26,10,installation,operating,0.0,0.0
own:26,11,installation,operating,0.0,0.0
own:26,12,installation,operating,0.0,0.0
own:26,13,installation,operating,0.0,0.0
own:26,14,installation,operating,0.0,0.0
own:26,15,installation,operating,0.0,0.0
own:26,16,installation,operating,0.0,0.0
own:26,17,installation,operating,0.0,0.0
own:26,18,installation,operating,0.0,0.0
own:26,19,installation,operating,0.0,0.0
own:26,20,installation,operating,0.0,0.0
own:26,21,installation,operating,0.0,0.0
own:26,22,installation,operating,0.0,0.0
own:26,23,installation,operating,0.0,0.0
own:26,24,installation,operating,0.0,0.0
own:26,25,installation,operating,0.0,0.0
own:26,26,installation,operating,0.0,0.0
own:26,27,installation,operating,0.0,0.0
own:26,28,installation,operating,0.0,0.0
own:26,29,installation,operating,0.0,0.0
own:26,30,installation,operating,0.0,0.0
own:26,31,installation,operating,0.0,0.0
own:26,32,installation,operating,0.0,0.0
own:26,33,installation,operating,0.0,0.0
own:26,34,installation,operating,0.0,0.0
own:26,35,installation,operating,0.0,0.0
own:26,36,installation,operating,0.0,0.0
own:26,0,network,capital,0.0,0.0
own:26,1,network,operating,0.0,0.0
own:26,2,network,operating,0.0,0.0
own:26,3,network,operating,0.0,0.0
own:26,4,network,operating,0.0,0.0
own:26,5,network,operating,0.0,0.0
own:26,6,network,operating,0.0,0.0
own:26,7,network,operating,0.0,0.0
own:26,8,network,operating,0.0,0.0
own:26,9,network,operating,0.0,0.0
own:26,10,network,operating,0.0,0.0
own:26,11,network,operating,0.0,0.0
own:26,12,network,operating,0.0,0.0
own:26,13,network,operating,0.0,0.0
own:26,14,network,operating,0.0,0.0
own:26,15,network,operating,0.0,0.0
own:26,16,network,operating,0.0,0.0
own:26,17,network,operating,0.0,0.0
own:26,18,network,operating,0.0,0.0
own:26,19,network,operating,0.0,0.0
own:26,20,network,operating,0.0,0.0
own:26,21,network,operating,0.0,0.0
own:26,22,network,operating,0.0,0.0
own:26,23,network,operating,0.0,0.0
own:26,24,network,operating,0.0,0.0
own:26,25,network,operating,0.0,0.0
own:26,26,network,operating,0.0,0.0
own:26,27,network,operating,0.0,0.0
own:26,28,network,operating,0.0,0.0
own:26,29,network,operating,0.0,0.0
own:26,30,network,operating,0.0,0.0
own:26,31,network,operating,0.0,0.0
own:26,32,network,operating,0.0,0.0
own:26,33,network,operating,0.0,0.0
own:26,34,network,operating,0.0,0.0
own:26,35,network,operating,0.0,0.0
own:26,36,network,operating,0.0,0.0
own:26,0,storage,capital,0.0,0.0
own:26,1,storage,operating,0.0,0.0
own:26,2,storage,operating,0.0,0.0
own:26,3,storage,operating,0.0,0.0
own:26,4,storage,operating,0.0,0.0
own:26,5,storage,operating,0.0,0.0
own:26,6,storage,operating,0.0,0.0
own:26,7,storage,operating,0.0,0.0
own:26,8,storage,operating,0.0,0.0
own:26,9,storage,operating,0.0,0.0
own:26,10,storage,operating,0.0,0.0
own:26,11,storage,operating,0.0,0.0
own:26,12,storage,operating,0.0,0.0
own:26,13,storage,operating,0.0,0.0
own:26,14,storage,operating,0.0,0.0
own:26,15,storage,operating,0.0,0.0
own:26,16,storage,operating,0.0,0.0
own:26,17,storage,operating,0.0,0.0
own:26,18,storage,operating,0.0,0.0
own:26,19,storage,operating,0.0,0.0
own:26,20,storage,operating,0.0,0.0
own:26,21,storage,operating,0.0,0.0
own:26,22,storage,operating,0.0,0.0
own:26,23,storage,operating,0.0,0.0
own:26,24,storage,operating,0.0,0.0
own:26,25,storage,operating,0.0,0.0
own:26,26,storage,operating,0.0,0.0
own:26,27,storage,operating,0.0,0.0
own:26,28,storage,operating,0.0,0.0
own:26,29,storage,operating,0.0,0.0
own:26,30,storage,operating,0.0,0.0
own:26,31,storage,operating,0.0,0.0
own:26,32,storage,operating,0.0,0.0
own:26,33,storage,operating,0.0,0.0
own:26,34,storage,operating,0.0,0.0
own:26,35,storage,operating,0.0,0.0
own:26,36,storage,operating,0.0,0.0
own:26,0,operations,capital,0.0,0.0
own:26,1,operations,operating,10666.666666666666,10582.28206343457
own:26,2,operations,operating,10666.666666666666,10498.565031570844
own:26,3,operations,operating,10666.666666666666,10415.510289880645
own:26,4,operations,operating,10666.666666666666,10333.112598948952
own:26,5,operations,operating,10666.666666666666,10251.366760810055
own:26,6,operations,operating,10666.666666666666,10170.26761861965
own:26,7,operations,operating,10666.666666666666,10089.810056329514
own:26,8,operations,operating,10666.666666666666,10009.988998364772
own:26,9,operations,operating,10666.666666666666,9930.799409303709
own:26,10,operations,operating,10666.666666666666,9852.236293560118
own:26,11,operations,operating,10666.666666666666,9774.294695068156
own:26,12,operations,operating,10666.666666666666,9696.969696969696
own:26,13,operations,operating,10666.666666666666,9620.256421304153
own:26,14,operations,operating,10666.666666666666,9544.150028700768
own:26,15,operations,operating,10666.666666666666,9468.645718073314
own:26,16,operations,operating,10666.666666666666,9393.738726317228
own:26,17,operations,operating,10666.666666666666,9319.424328009141
own:26,18,operations,operating,10666.666666666666,9245.697835108773
own:26,19,operations,operating,10666.666666666666,9172.554596663194
own:26,20,operations,operating,10666.666666666666,9099.989998513427
own:26,21,operations,operating,10666.666666666666,9027.99946300337
own:26,22,operations,operating,10666.666666666666,8956.578448691016
own:26,23,operations,operating,10666.666666666666,8885.72245006196
own:26,24,operations,operating,10666.666666666666,8815.426997245178
own:26,25,operations,operating,10666.666666666666,8745.687655731048
own:26,26,operations,operating,10666.666666666666,8676.500026091608
own:26,27,operations,operating,10666.666666666666,8607.859743703011
own:26,28,operations,operating,10666.666666666666,8539.762478470206
own:26,29,operations,operating,10666.666666666666,8472.203934553763
own:26,30,operations,operating,10666.666666666666,8405.179850098883
own:26,31,operations,operating,10666.666666666666,8338.685996966538
own:26,32,operations,operating,10666.666666666666,8272.718180466753
own:26,33,operations,operating,10666.666666666666,8207.272239093973
own:26,34,operations,operating,10666.666666666666,8142.34404426456
own:26,35,operations,operating,10666.666666666666,8077.929500056326
own:26,36,operations,operating,10666.666666666666,8014.02454295016
own:26,0,precommission,capital,0.0,0.0
own:26,1,precommission,operating,0.0,0.0
own:26,2,precommission,operating,0.0,0.0
own:26,3,precommission,operating,0.0,0.0
own:26,4,precommission,operating,0.0,0.0
own:26,5,precommission,operating,0.0,0.0
own:26,6,precommission,operating,0.0,0.0
own:26,7,precommission,operating,0.0,0.0
own:26,8,precommission,operating,0.0,0.0
own:26,9,precommission,operating,0.0,0.0
own:26,10,precommission,operating,0.0,0.0
own:26,11,precommission,operating,0.0,0.0
own:26,12,precommission,operating,0.0,0.0
own:26,13,precommission,operating,0.0,0.0
own:26,14,precommission,operating,0.0,0.0
own:26,15,precommission,operating,0.0,0.0
own:26,16,precommission,operating,0.0,0.0
own:26,17,precommission,operating,0.0,0.0
own:26,18,precommission,operating,0.0,0.0
own:26,19,precommission,operating,0.0,0.0
own:26,20,precommission,operating,0.0,0.0
own:26,21,precommission,operating,0.0,0.0
own:26,22,precommission,operating,0.0,0.0
own:26,23,precommission,operating,0.0,0.0
own:26,24,precommission,operating,0.0,0.0
own:26,25,precommission,operating,0.0,0.0
own:26,26,precommission,operating,0.0,0.0
own:26,27,precommission,operating,0.0,0.0
own:26,28,precommission,operating,0.0,0.0
own:26,29,precommission,operating,0.0,0.0
own:26,30,precommission,operating,0.0,0.0
own:26,31,precommission,operating,0.0,0.0
own:26,32,precommission,operating,0.0,0.0
own:26,33,precommission,operating,0.0,0.0
own:26,34,precommission,operating,0.0,0.0
own:26,35,precommission,operating,0.0,0.0
own:26,36,precommission,operating,0.0,0.0
own:26,0,electricity,capital,0.0,0.0
own:26,1,electricity,operating,8844.999639294592,8775.026346936787
own:26,2,electricity,operating,8579.075455636514,8443.873273289364
own:26,3,electricity,operating,8885.18986067852,8675.979977010029
own:26,4,electricity,operating,8905.435809981911,8626.95665318018
own:26,5,electricity,operating,8061.997538480355,7748.108774222813
own:26,6,electricity,operating,8946.231903976979,8529.897435157414
own:26,7,electricity,operating,6678.765998466226,6317.576281424639
own:26,8,electricity,operating,6911.718489407175,6486.208691133769
own:26,9,electricity,operating,6698.803627600849,6236.66954137688
own:26,10,electricity,operating,6932.527567263481,6403.20934727806
own:26,11,electricity,operating,6943.0102050997975,6362.158857704159
own:26,12,electricity,operating,6729.237344637384,6117.488495124894
own:26,13,electricity,operating,6964.132982405923,6280.944847763122
own:26,14,electricity,operating,6749.780949017374,6039.4614410895065
own:26,15,electricity,operating,6985.467515554543,6200.898476240227
own:26,16,electricity,operating,6996.2148531323155,6161.307600328579
own:26,17,electricity,operating,6554.950383694881,5727.034132003025
own:26,18,electricity,operating,7017.871007034964,6082.9795103264805
own:26,19,electricity,operating,6802.045511680781,5849.262546082481
own:26,20,electricity,operating,7039.7442638804905,6005.775224381694
own:26,21,electricity,operating,6823.3190179353805,5775.086290295748
own:26,22,electricity,operating,7061.836800125892,5929.67768364194
own:26,23,electricity,operating,7072.965984126521,5892.038684407276
own:26,24,electricity,operating,6855.629820045633,5665.809768632754
own:26,25,electricity,operating,7095.391568117389,5817.569854674602
own:26,26,electricity,operating,6877.440508991589,5594.260570847719
own:26,27,electricity,operating,7118.041968587766,5744.166273318297
own:26,28,electricity,operating,7129.4521784307035,5707.858894257206
own:26,29,electricity,operating,6449.862719388388,5122.926778925057
own:26,30,electricity,operating,7152.444036519472,5636.02298387938
own:26,31,electricity,operating,6932.928635518131,5419.829524777817
own:26,32,electricity,operating,7175.666387985579,5565.212417329921
own:26,33,electricity,operating,6955.514245089201,5351.7936536571815
own:26,34,electricity,operating,7199.121543525133,5495.41166473674
own:26,35,electricity,operating,7210.93715124276,5460.885181600876
own:26,36,electricity,operating,6989.8179067732,5251.553648965588
own:26,0,hosting,capital,0.0,0.0
own:26,1,hosting,operating,0.0,0.0
own:26,2,hosting,operating,0.0,0.0
own:26,3,hosting,operating,0.0,0.0
own:26,4,hosting,operating,0.0,0.0
own:26,5,hosting,operating,0.0,0.0
own:26,6,hosting,operating,0.0,0.0
own:26,7,hosting,operating,0.0,0.0
own:26,8,hosting,operating,0.0,0.0
own:26,9,hosting,operating,0.0,0.0
own:26,10,hosting,operating,0.0,0.0
own:26,11,hosting,operating,0.0,0.0
own:26,12,hosting,operating,0.0,0.0
own:26,13,hosting,operating,0.0,0.0
own:26,14,hosting,operating,0.0,0.0
own:26,15,hosting,operating,0.0,0.0
own:26,16,hosting,operating,0.0,0.0
own:26,17,hosting,operating,0.0,0.0
own:26,18,hosting,operating,0.0,0.0
own:26,19,hosting,operating,0.0,0.0
own:26,20,hosting,operating,0.0,0.0
own:26,21,hosting,operating,0.0,0.0
own:26,22,hosting,operating,0.0,0.0
own:26,23,hosting,operating,0.0,0.0
own:26,24,hosting,operating,0.0,0.0
own:26,25,hosting,operating,0.0,0.0
own:26,26,hosting,operating,0.0,0.0
own:26,27,hosting,operating,0.0,0.0
own:26,28,hosting,operating,0.0,0.0
own:26,29,hosting,operating,0.0,0.0
own:26,30,hosting,operating,0.0,0.0
own:26,31,hosting,operating,0.0,0.0
own:26,32,hosting,operating,0.0,0.0
own:26,33,hosting,operating,0.0,0.0
own:26,34,hosting,operating,0.0,0.0
own:26,35,hosting,operating,0.0,0.0
own:26,36,hosting,operating,0.0,0.0
own:26,0,exit,terminal,0.0,0.0
own:26,1,exit,terminal,0.0,0.0
own:26,2,exit,terminal,0.0,0.0
own:26,3,exit,terminal,0.0,0.0
own:26,4,exit,terminal,0.0,0.0
own:26,5,exit,terminal,0.0,0.0
own:26,6,exit,terminal,0.0,0.0
own:26,7,exit,terminal,0.0,0.0
own:26,8,exit,terminal,0.0,0.0
own:26,9,exit,terminal,0.0,0.0
own:26,10,exit,terminal,0.0,0.0
own:26,11,exit,terminal,0.0,0.0
own:26,12,exit,terminal,0.0,0.0
own:26,13,exit,terminal,0.0,0.0
own:26,14,exit,terminal,0.0,0.0
own:26,15,exit,terminal,0.0,0.0
own:26,16,exit,terminal,0.0,0.0
own:26,17,exit,terminal,0.0,0.0
own:26,18,exit,terminal,0.0,0.0
own:26,19,exit,terminal,0.0,0.0
own:26,20,exit,terminal,0.0,0.0
own:26,21,exit,terminal,0.0,0.0
own:26,22,exit,terminal,0.0,0.0
own:26,23,exit,terminal,0.0,0.0
own:26,24,exit,terminal,0.0,0.0
own:26,25,exit,terminal,0.0,0.0
own:26,26,exit,terminal,0.0,0.0
own:26,27,exit,terminal,0.0,0.0
own:26,28,exit,terminal,0.0,0.0
own:26,29,exit,terminal,0.0,0.0
own:26,30,exit,terminal,0.0,0.0
own:26,31,exit,terminal,0.0,0.0
own:26,32,exit,terminal,0.0,0.0
own:26,33,exit,terminal,0.0,0.0
own:26,34,exit,terminal,0.0,0.0
own:26,35,exit,terminal,0.0,0.0
own:26,36,exit,terminal,0.0,0.0
own:26,0,residual,terminal,0.0,0.0
own:26,1,residual,terminal,0.0,0.0
own:26,2,residual,terminal,0.0,0.0
own:26,3,residual,terminal,0.0,0.0
own:26,4,residual,terminal,0.0,0.0
own:26,5,residual,terminal,0.0,0.0
own:26,6,residual,terminal,0.0,0.0
own:26,7,residual,terminal,0.0,0.0
own:26,8,residual,terminal,0.0,0.0
own:26,9,residual,terminal,0.0,0.0
own:26,10,residual,terminal,0.0,0.0
own:26,11,residual,terminal,0.0,0.0
own:26,12,residual,terminal,0.0,0.0
own:26,13,residual,terminal,0.0,0.0
own:26,14,residual,terminal,0.0,0.0
own:26,15,residual,terminal,0.0,0.0
own:26,16,residual,terminal,0.0,0.0
own:26,17,residual,terminal,0.0,0.0
own:26,18,residual,terminal,0.0,0.0
own:26,19,residual,terminal,0.0,0.0
own:26,20,residual,terminal,0.0,0.0
own:26,21,residual,terminal,0.0,0.0
own:26,22,residual,terminal,0.0,0.0
own:26,23,residual,terminal,0.0,0.0
own:26,24,residual,terminal,0.0,0.0
own:26,25,residual,terminal,0.0,0.0
own:26,26,residual,terminal,0.0,0.0
own:26,27,residual,terminal,0.0,0.0
own:26,28,residual,terminal,0.0,0.0
own:26,29,residual,terminal,0.0,0.0
own:26,30,residual,terminal,0.0,0.0
own:26,31,residual,terminal,0.0,0.0
own:26,32,residual,terminal,0.0,0.0
own:26,33,residual,terminal,0.0,0.0
own:26,34,residual,terminal,0.0,0.0
own:26,35,residual,terminal,0.0,0.0
own:26,36,residual,terminal,0.0,0.0
own:27,0,on_demand,capital,0.0,0.0
own:27,1,on_demand,operating,0.0,0.0
own:27,2,on_demand,operating,0.0,0.0
own:27,3,on_demand,operating,0.0,0.0
own:27,4,on_demand,operating,0.0,0.0
own:27,5,on_demand,operating,0.0,0.0
own:27,6,on_demand,operating,0.0,0.0
own:27,7,on_demand,operating,0.0,0.0
own:27,8,on_demand,operating,0.0,0.0
own:27,9,on_demand,operating,0.0,0.0
own:27,10,on_demand,operating,0.0,0.0
own:27,11,on_demand,operating,0.0,0.0
own:27,12,on_demand,operating,0.0,0.0
own:27,13,on_demand,operating,0.0,0.0
own:27,14,on_demand,operating,0.0,0.0
own:27,15,on_demand,operating,0.0,0.0
own:27,16,on_demand,operating,0.0,0.0
own:27,17,on_demand,operating,0.0,0.0
own:27,18,on_demand,operating,0.0,0.0
own:27,19,on_demand,operating,0.0,0.0
own:27,20,on_demand,operating,0.0,0.0
own:27,21,on_demand,operating,0.0,0.0
own:27,22,on_demand,operating,0.0,0.0
own:27,23,on_demand,operating,0.0,0.0
own:27,24,on_demand,operating,0.0,0.0
own:27,25,on_demand,operating,0.0,0.0
own:27,26,on_demand,operating,0.0,0.0
own:27,27,on_demand,operating,0.0,0.0
own:27,28,on_demand,operating,0.0,0.0
own:27,29,on_demand,operating,0.0,0.0
own:27,30,on_demand,operating,0.0,0.0
own:27,31,on_demand,operating,0.0,0.0
own:27,32,on_demand,operating,0.0,0.0
own:27,33,on_demand,operating,0.0,0.0
own:27,34,on_demand,operating,0.0,0.0
own:27,35,on_demand,operating,0.0,0.0
own:27,36,on_demand,operating,0.0,0.0
own:27,0,variable_service,capital,0.0,0.0
own:27,1,variable_service,operating,0.0,0.0
own:27,2,variable_service,operating,0.0,0.0
own:27,3,variable_service,operating,0.0,0.0
own:27,4,variable_service,operating,0.0,0.0
own:27,5,variable_service,operating,0.0,0.0
own:27,6,variable_service,operating,0.0,0.0
own:27,7,variable_service,operating,0.0,0.0
own:27,8,variable_service,operating,0.0,0.0
own:27,9,variable_service,operating,0.0,0.0
own:27,10,variable_service,operating,0.0,0.0
own:27,11,variable_service,operating,0.0,0.0
own:27,12,variable_service,operating,0.0,0.0
own:27,13,variable_service,operating,0.0,0.0
own:27,14,variable_service,operating,0.0,0.0
own:27,15,variable_service,operating,0.0,0.0
own:27,16,variable_service,operating,0.0,0.0
own:27,17,variable_service,operating,0.0,0.0
own:27,18,variable_service,operating,0.0,0.0
own:27,19,variable_service,operating,0.0,0.0
own:27,20,variable_service,operating,0.0,0.0
own:27,21,variable_service,operating,0.0,0.0
own:27,22,variable_service,operating,0.0,0.0
own:27,23,variable_service,operating,0.0,0.0
own:27,24,variable_service,operating,0.0,0.0
own:27,25,variable_service,operating,0.0,0.0
own:27,26,variable_service,operating,0.0,0.0
own:27,27,variable_service,operating,0.0,0.0
own:27,28,variable_service,operating,0.0,0.0
own:27,29,variable_service,operating,0.0,0.0
own:27,30,variable_service,operating,0.0,0.0
own:27,31,variable_service,operating,0.0,0.0
own:27,32,variable_service,operating,0.0,0.0
own:27,33,variable_service,operating,0.0,0.0
own:27,34,variable_service,operating,0.0,0.0
own:27,35,variable_service,operating,0.0,0.0
own:27,36,variable_service,operating,0.0,0.0
own:27,0,node_acquisition,capital,10800000.0,10800000.0
own:27,1,node_acquisition,operating,0.0,0.0
own:27,2,node_acquisition,operating,0.0,0.0
own:27,3,node_acquisition,operating,0.0,0.0
own:27,4,node_acquisition,operating,0.0,0.0
own:27,5,node_acquisition,operating,0.0,0.0
own:27,6,node_acquisition,operating,0.0,0.0
own:27,7,node_acquisition,operating,0.0,0.0
own:27,8,node_acquisition,operating,0.0,0.0
own:27,9,node_acquisition,operating,0.0,0.0
own:27,10,node_acquisition,operating,0.0,0.0
own:27,11,node_acquisition,operating,0.0,0.0
own:27,12,node_acquisition,operating,0.0,0.0
own:27,13,node_acquisition,operating,0.0,0.0
own:27,14,node_acquisition,operating,0.0,0.0
own:27,15,node_acquisition,operating,0.0,0.0
own:27,16,node_acquisition,operating,0.0,0.0
own:27,17,node_acquisition,operating,0.0,0.0
own:27,18,node_acquisition,operating,0.0,0.0
own:27,19,node_acquisition,operating,0.0,0.0
own:27,20,node_acquisition,operating,0.0,0.0
own:27,21,node_acquisition,operating,0.0,0.0
own:27,22,node_acquisition,operating,0.0,0.0
own:27,23,node_acquisition,operating,0.0,0.0
own:27,24,node_acquisition,operating,0.0,0.0
own:27,25,node_acquisition,operating,0.0,0.0
own:27,26,node_acquisition,operating,0.0,0.0
own:27,27,node_acquisition,operating,0.0,0.0
own:27,28,node_acquisition,operating,0.0,0.0
own:27,29,node_acquisition,operating,0.0,0.0
own:27,30,node_acquisition,operating,0.0,0.0
own:27,31,node_acquisition,operating,0.0,0.0
own:27,32,node_acquisition,operating,0.0,0.0
own:27,33,node_acquisition,operating,0.0,0.0
own:27,34,node_acquisition,operating,0.0,0.0
own:27,35,node_acquisition,operating,0.0,0.0
own:27,36,node_acquisition,operating,0.0,0.0
own:27,0,installation,capital,50000.0,50000.0
own:27,1,installation,operating,0.0,0.0
own:27,2,installation,operating,0.0,0.0
own:27,3,installation,operating,0.0,0.0
own:27,4,installation,operating,0.0,0.0
own:27,5,installation,operating,0.0,0.0
own:27,6,installation,operating,0.0,0.0
own:27,7,installation,operating,0.0,0.0
own:27,8,installation,operating,0.0,0.0
own:27,9,installation,operating,0.0,0.0
own:27,10,installation,operating,0.0,0.0
own:27,11,installation,operating,0.0,0.0
own:27,12,installation,operating,0.0,0.0
own:27,13,installation,operating,0.0,0.0
own:27,14,installation,operating,0.0,0.0
own:27,15,installation,operating,0.0,0.0
own:27,16,installation,operating,0.0,0.0
own:27,17,installation,operating,0.0,0.0
own:27,18,installation,operating,0.0,0.0
own:27,19,installation,operating,0.0,0.0
own:27,20,installation,operating,0.0,0.0
own:27,21,installation,operating,0.0,0.0
own:27,22,installation,operating,0.0,0.0
own:27,23,installation,operating,0.0,0.0
own:27,24,installation,operating,0.0,0.0
own:27,25,installation,operating,0.0,0.0
own:27,26,installation,operating,0.0,0.0
own:27,27,installation,operating,0.0,0.0
own:27,28,installation,operating,0.0,0.0
own:27,29,installation,operating,0.0,0.0
own:27,30,installation,operating,0.0,0.0
own:27,31,installation,operating,0.0,0.0
own:27,32,installation,operating,0.0,0.0
own:27,33,installation,operating,0.0,0.0
own:27,34,installation,operating,0.0,0.0
own:27,35,installation,operating,0.0,0.0
own:27,36,installation,operating,0.0,0.0
own:27,0,network,capital,0.0,0.0
own:27,1,network,operating,0.0,0.0
own:27,2,network,operating,0.0,0.0
own:27,3,network,operating,0.0,0.0
own:27,4,network,operating,0.0,0.0
own:27,5,network,operating,0.0,0.0
own:27,6,network,operating,0.0,0.0
own:27,7,network,operating,0.0,0.0
own:27,8,network,operating,0.0,0.0
own:27,9,network,operating,0.0,0.0
own:27,10,network,operating,0.0,0.0
own:27,11,network,operating,0.0,0.0
own:27,12,network,operating,0.0,0.0
own:27,13,network,operating,0.0,0.0
own:27,14,network,operating,0.0,0.0
own:27,15,network,operating,0.0,0.0
own:27,16,network,operating,0.0,0.0
own:27,17,network,operating,0.0,0.0
own:27,18,network,operating,0.0,0.0
own:27,19,network,operating,0.0,0.0
own:27,20,network,operating,0.0,0.0
own:27,21,network,operating,0.0,0.0
own:27,22,network,operating,0.0,0.0
own:27,23,network,operating,0.0,0.0
own:27,24,network,operating,0.0,0.0
own:27,25,network,operating,0.0,0.0
own:27,26,network,operating,0.0,0.0
own:27,27,network,operating,0.0,0.0
own:27,28,network,operating,0.0,0.0
own:27,29,network,operating,0.0,0.0
own:27,30,network,operating,0.0,0.0
own:27,31,network,operating,0.0,0.0
own:27,32,network,operating,0.0,0.0
own:27,33,network,operating,0.0,0.0
own:27,34,network,operating,0.0,0.0
own:27,35,network,operating,0.0,0.0
own:27,36,network,operating,0.0,0.0
own:27,0,storage,capital,0.0,0.0
own:27,1,storage,operating,0.0,0.0
own:27,2,storage,operating,0.0,0.0
own:27,3,storage,operating,0.0,0.0
own:27,4,storage,operating,0.0,0.0
own:27,5,storage,operating,0.0,0.0
own:27,6,storage,operating,0.0,0.0
own:27,7,storage,operating,0.0,0.0
own:27,8,storage,operating,0.0,0.0
own:27,9,storage,operating,0.0,0.0
own:27,10,storage,operating,0.0,0.0
own:27,11,storage,operating,0.0,0.0
own:27,12,storage,operating,0.0,0.0
own:27,13,storage,operating,0.0,0.0
own:27,14,storage,operating,0.0,0.0
own:27,15,storage,operating,0.0,0.0
own:27,16,storage,operating,0.0,0.0
own:27,17,storage,operating,0.0,0.0
own:27,18,storage,operating,0.0,0.0
own:27,19,storage,operating,0.0,0.0
own:27,20,storage,operating,0.0,0.0
own:27,21,storage,operating,0.0,0.0
own:27,22,storage,operating,0.0,0.0
own:27,23,storage,operating,0.0,0.0
own:27,24,storage,operating,0.0,0.0
own:27,25,storage,operating,0.0,0.0
own:27,26,storage,operating,0.0,0.0
own:27,27,storage,operating,0.0,0.0
own:27,28,storage,operating,0.0,0.0
own:27,29,storage,operating,0.0,0.0
own:27,30,storage,operating,0.0,0.0
own:27,31,storage,operating,0.0,0.0
own:27,32,storage,operating,0.0,0.0
own:27,33,storage,operating,0.0,0.0
own:27,34,storage,operating,0.0,0.0
own:27,35,storage,operating,0.0,0.0
own:27,36,storage,operating,0.0,0.0
own:27,0,operations,capital,0.0,0.0
own:27,1,operations,operating,11000.0,10912.978377916901
own:27,2,operations,operating,11000.0,10826.645188807435
own:27,3,operations,operating,11000.0,10740.994986439417
own:27,4,operations,operating,11000.0,10656.022367666106
own:27,5,operations,operating,11000.0,10571.72197208537
own:27,6,operations,operating,11000.0,10488.088481701514
own:27,7,operations,operating,11000.0,10405.116620589812
own:27,8,operations,operating,11000.0,10322.801154563671
own:27,9,operations,operating,11000.0,10241.136890844451
own:27,10,operations,operating,11000.0,10160.118677733873
own:27,11,operations,operating,11000.0,10079.741404289038
own:27,12,operations,operating,11000.0,10000.0
own:27,13,operations,operating,11000.0,9920.88943446991
own:27,14,operations,operating,11000.0,9842.404717097666
own:27,15,operations,operating,11000.0,9764.540896763105
own:27,16,operations,operating,11000.0,9687.293061514642
own:27,17,operations,operating,11000.0,9610.656338259427
own:27,18,operations,operating,11000.0,9534.625892455922
own:27,19,operations,operating,11000.0,9459.19692780892
own:27,20,operations,operating,11000.0,9384.364685966973
own:27,21,operations,operating,11000.0,9310.124446222228
own:27,22,operations,operating,11000.0,9236.471525212612
own:27,23,operations,operating,11000.0,9163.401276626397
own:27,24,operations,operating,11000.0,9090.90909090909
own:27,25,operations,operating,11000.0,9018.990394972643
own:27,26,operations,operating,11000.0,8947.64065190697
own:27,27,operations,operating,11000.0,8876.85536069373
own:27,28,operations,operating,11000.0,8806.6300559224
own:27,29,operations,operating,11000.0,8736.960307508569
own:27,30,operations,operating,11000.0,8667.841720414473
own:27,31,operations,operating,11000.0,8599.269934371743
own:27,32,operations,operating,11000.0,8531.240623606338
own:27,33,operations,operating,11000.0,8463.74949656566
own:27,34,operations,operating,11000.0,8396.792295647827
own:27,35,operations,operating,11000.0,8330.364796933087
own:27,36,operations,operating,11000.0,8264.462809917353
own:27,0,precommission,capital,0.0,0.0
own:27,1,precommission,operating,0.0,0.0
own:27,2,precommission,operating,0.0,0.0
own:27,3,precommission,operating,0.0,0.0
own:27,4,precommission,operating,0.0,0.0
own:27,5,precommission,operating,0.0,0.0
own:27,6,precommission,operating,0.0,0.0
own:27,7,precommission,operating,0.0,0.0
own:27,8,precommission,operating,0.0,0.0
own:27,9,precommission,operating,0.0,0.0
own:27,10,precommission,operating,0.0,0.0
own:27,11,precommission,operating,0.0,0.0
own:27,12,precommission,operating,0.0,0.0
own:27,13,precommission,operating,0.0,0.0
own:27,14,precommission,operating,0.0,0.0
own:27,15,precommission,operating,0.0,0.0
own:27,16,precommission,operating,0.0,0.0
own:27,17,precommission,operating,0.0,0.0
own:27,18,precommission,operating,0.0,0.0
own:27,19,precommission,operating,0.0,0.0
own:27,20,precommission,operating,0.0,0.0
own:27,21,precommission,operating,0.0,0.0
own:27,22,precommission,operating,0.0,0.0
own:27,23,precommission,operating,0.0,0.0
own:27,24,precommission,operating,0.0,0.0
own:27,25,precommission,operating,0.0,0.0
own:27,26,precommission,operating,0.0,0.0
own:27,27,precommission,operating,0.0,0.0
own:27,28,precommission,operating,0.0,0.0
own:27,29,precommission,operating,0.0,0.0
own:27,30,precommission,operating,0.0,0.0
own:27,31,precommission,operating,0.0,0.0
own:27,32,precommission,operating,0.0,0.0
own:27,33,precommission,operating,0.0,0.0
own:27,34,precommission,operating,0.0,0.0
own:27,35,precommission,operating,0.0,0.0
own:27,36,precommission,operating,0.0,0.0
own:27,0,electricity,capital,0.0,0.0
own:27,1,electricity,operating,9030.999639294592,8959.554890417929
own:27,2,electricity,operating,8759.075455636514,8621.036558197124
own:27,3,electricity,operating,9071.18986067852,8857.600437689822
own:27,4,electricity,operating,9091.435809981911,8807.140304124352
own:27,5,electricity,operating,8229.997538480355,7909.567800705571
own:27,6,electricity,operating,9132.231903976979,8707.241476757095
own:27,7,electricity,operating,6858.765998466226,6487.8418261252
own:27,8,electricity,operating,7097.718489407175,6660.757874292755
own:27,9,electricity,operating,6878.803627600849,6404.251781408881
own:27,10,electricity,operating,7118.527567263481,6575.007717647014
own:27,11,electricity,operating,7129.0102050997975,6532.5981214494095
own:27,12,electricity,operating,6909.237344637384,6281.124858761258
own:27,13,electricity,operating,7150.132982405923,6448.698069109613
own:27,14,electricity,operating,6929.780949017374,6200.518972823831
own:27,15,electricity,operating,7171.467515554543,6366.00798594913
own:27,16,electricity,operating,7182.2148531323155,6325.110919368735
own:27,17,electricity,operating,6728.950383694881,5879.057241353674
own:27,18,electricity,operating,7203.871007034964,6244.20136632619
own:27,19,electricity,operating,6982.045511680781,6004.049404901172
own:27,20,electricity,operating,7225.7442638804905,6164.456299980772
own:27,21,electricity,operating,7003.3190179353805,5927.43378123393
own:27,22,electricity,operating,7247.836800125892,6085.85802034099
own:27,23,electricity,operating,7258.965984126521,6046.983469630231
own:27,24,electricity,operating,7035.629820045633,5814.570099211266
own:27,25,electricity,operating,7281.391568117389,5970.072783171411
own:27,26,electricity,operating,7057.440508991589,5740.676508788015
own:27,27,electricity,operating,7304.041968587766,5894.265827599118
own:27,28,electricity,operating,7315.4521784307035,5856.771002475531
own:27,29,electricity,operating,6617.862719388388,5256.363990894279
own:27,30,electricity,operating,7338.444036519472,5782.58830751548
own:27,31,electricity,operating,7112.928635518131,5560.544850976627
own:27,32,electricity,operating,7361.666387985579,5709.46794060181
own:27,33,electricity,operating,7135.514245089201,5490.291372691892
own:27,34,electricity,operating,7385.121543525133,5637.393789008603
own:27,35,electricity,operating,7396.93715124276,5601.744077258109
own:27,36,electricity,operating,7169.8179067732,5386.790313127872
own:27,0,hosting,capital,0.0,0.0
own:27,1,hosting,operating,0.0,0.0
own:27,2,hosting,operating,0.0,0.0
own:27,3,hosting,operating,0.0,0.0
own:27,4,hosting,operating,0.0,0.0
own:27,5,hosting,operating,0.0,0.0
own:27,6,hosting,operating,0.0,0.0
own:27,7,hosting,operating,0.0,0.0
own:27,8,hosting,operating,0.0,0.0
own:27,9,hosting,operating,0.0,0.0
own:27,10,hosting,operating,0.0,0.0
own:27,11,hosting,operating,0.0,0.0
own:27,12,hosting,operating,0.0,0.0
own:27,13,hosting,operating,0.0,0.0
own:27,14,hosting,operating,0.0,0.0
own:27,15,hosting,operating,0.0,0.0
own:27,16,hosting,operating,0.0,0.0
own:27,17,hosting,operating,0.0,0.0
own:27,18,hosting,operating,0.0,0.0
own:27,19,hosting,operating,0.0,0.0
own:27,20,hosting,operating,0.0,0.0
own:27,21,hosting,operating,0.0,0.0
own:27,22,hosting,operating,0.0,0.0
own:27,23,hosting,operating,0.0,0.0
own:27,24,hosting,operating,0.0,0.0
own:27,25,hosting,operating,0.0,0.0
own:27,26,hosting,operating,0.0,0.0
own:27,27,hosting,operating,0.0,0.0
own:27,28,hosting,operating,0.0,0.0
own:27,29,hosting,operating,0.0,0.0
own:27,30,hosting,operating,0.0,0.0
own:27,31,hosting,operating,0.0,0.0
own:27,32,hosting,operating,0.0,0.0
own:27,33,hosting,operating,0.0,0.0
own:27,34,hosting,operating,0.0,0.0
own:27,35,hosting,operating,0.0,0.0
own:27,36,hosting,operating,0.0,0.0
own:27,0,exit,terminal,0.0,0.0
own:27,1,exit,terminal,0.0,0.0
own:27,2,exit,terminal,0.0,0.0
own:27,3,exit,terminal,0.0,0.0
own:27,4,exit,terminal,0.0,0.0
own:27,5,exit,terminal,0.0,0.0
own:27,6,exit,terminal,0.0,0.0
own:27,7,exit,terminal,0.0,0.0
own:27,8,exit,terminal,0.0,0.0
own:27,9,exit,terminal,0.0,0.0
own:27,10,exit,terminal,0.0,0.0
own:27,11,exit,terminal,0.0,0.0
own:27,12,exit,terminal,0.0,0.0
own:27,13,exit,terminal,0.0,0.0
own:27,14,exit,terminal,0.0,0.0
own:27,15,exit,terminal,0.0,0.0
own:27,16,exit,terminal,0.0,0.0
own:27,17,exit,terminal,0.0,0.0
own:27,18,exit,terminal,0.0,0.0
own:27,19,exit,terminal,0.0,0.0
own:27,20,exit,terminal,0.0,0.0
own:27,21,exit,terminal,0.0,0.0
own:27,22,exit,terminal,0.0,0.0
own:27,23,exit,terminal,0.0,0.0
own:27,24,exit,terminal,0.0,0.0
own:27,25,exit,terminal,0.0,0.0
own:27,26,exit,terminal,0.0,0.0
own:27,27,exit,terminal,0.0,0.0
own:27,28,exit,terminal,0.0,0.0
own:27,29,exit,terminal,0.0,0.0
own:27,30,exit,terminal,0.0,0.0
own:27,31,exit,terminal,0.0,0.0
own:27,32,exit,terminal,0.0,0.0
own:27,33,exit,terminal,0.0,0.0
own:27,34,exit,terminal,0.0,0.0
own:27,35,exit,terminal,0.0,0.0
own:27,36,exit,terminal,0.0,0.0
own:27,0,residual,terminal,0.0,0.0
own:27,1,residual,terminal,0.0,0.0
own:27,2,residual,terminal,0.0,0.0
own:27,3,residual,terminal,0.0,0.0
own:27,4,residual,terminal,0.0,0.0
own:27,5,residual,terminal,0.0,0.0
own:27,6,residual,terminal,0.0,0.0
own:27,7,residual,terminal,0.0,0.0
own:27,8,residual,terminal,0.0,0.0
own:27,9,residual,terminal,0.0,0.0
own:27,10,residual,terminal,0.0,0.0
own:27,11,residual,terminal,0.0,0.0
own:27,12,residual,terminal,0.0,0.0
own:27,13,residual,terminal,0.0,0.0
own:27,14,residual,terminal,0.0,0.0
own:27,15,residual,terminal,0.0,0.0
own:27,16,residual,terminal,0.0,0.0
own:27,17,residual,terminal,0.0,0.0
own:27,18,residual,terminal,0.0,0.0
own:27,19,residual,terminal,0.0,0.0
own:27,20,residual,terminal,0.0,0.0
own:27,21,residual,terminal,0.0,0.0
own:27,22,residual,terminal,0.0,0.0
own:27,23,residual,terminal,0.0,0.0
own:27,24,residual,terminal,0.0,0.0
own:27,25,residual,terminal,0.0,0.0
own:27,26,residual,terminal,0.0,0.0
own:27,27,residual,terminal,0.0,0.0
own:27,28,residual,terminal,0.0,0.0
own:27,29,residual,terminal,0.0,0.0
own:27,30,residual,terminal,0.0,0.0
own:27,31,residual,terminal,0.0,0.0
own:27,32,residual,terminal,0.0,0.0
own:27,33,residual,terminal,0.0,0.0
own:27,34,residual,terminal,0.0,0.0
own:27,35,residual,terminal,0.0,0.0
own:27,36,residual,terminal,0.0,0.0
own:28,0,on_demand,capital,0.0,0.0
own:28,1,on_demand,operating,0.0,0.0
own:28,2,on_demand,operating,0.0,0.0
own:28,3,on_demand,operating,0.0,0.0
own:28,4,on_demand,operating,0.0,0.0
own:28,5,on_demand,operating,0.0,0.0
own:28,6,on_demand,operating,0.0,0.0
own:28,7,on_demand,operating,0.0,0.0
own:28,8,on_demand,operating,0.0,0.0
own:28,9,on_demand,operating,0.0,0.0
own:28,10,on_demand,operating,0.0,0.0
own:28,11,on_demand,operating,0.0,0.0
own:28,12,on_demand,operating,0.0,0.0
own:28,13,on_demand,operating,0.0,0.0
own:28,14,on_demand,operating,0.0,0.0
own:28,15,on_demand,operating,0.0,0.0
own:28,16,on_demand,operating,0.0,0.0
own:28,17,on_demand,operating,0.0,0.0
own:28,18,on_demand,operating,0.0,0.0
own:28,19,on_demand,operating,0.0,0.0
own:28,20,on_demand,operating,0.0,0.0
own:28,21,on_demand,operating,0.0,0.0
own:28,22,on_demand,operating,0.0,0.0
own:28,23,on_demand,operating,0.0,0.0
own:28,24,on_demand,operating,0.0,0.0
own:28,25,on_demand,operating,0.0,0.0
own:28,26,on_demand,operating,0.0,0.0
own:28,27,on_demand,operating,0.0,0.0
own:28,28,on_demand,operating,0.0,0.0
own:28,29,on_demand,operating,0.0,0.0
own:28,30,on_demand,operating,0.0,0.0
own:28,31,on_demand,operating,0.0,0.0
own:28,32,on_demand,operating,0.0,0.0
own:28,33,on_demand,operating,0.0,0.0
own:28,34,on_demand,operating,0.0,0.0
own:28,35,on_demand,operating,0.0,0.0
own:28,36,on_demand,operating,0.0,0.0
own:28,0,variable_service,capital,0.0,0.0
own:28,1,variable_service,operating,0.0,0.0
own:28,2,variable_service,operating,0.0,0.0
own:28,3,variable_service,operating,0.0,0.0
own:28,4,variable_service,operating,0.0,0.0
own:28,5,variable_service,operating,0.0,0.0
own:28,6,variable_service,operating,0.0,0.0
own:28,7,variable_service,operating,0.0,0.0
own:28,8,variable_service,operating,0.0,0.0
own:28,9,variable_service,operating,0.0,0.0
own:28,10,variable_service,operating,0.0,0.0
own:28,11,variable_service,operating,0.0,0.0
own:28,12,variable_service,operating,0.0,0.0
own:28,13,variable_service,operating,0.0,0.0
own:28,14,variable_service,operating,0.0,0.0
own:28,15,variable_service,operating,0.0,0.0
own:28,16,variable_service,operating,0.0,0.0
own:28,17,variable_service,operating,0.0,0.0
own:28,18,variable_service,operating,0.0,0.0
own:28,19,variable_service,operating,0.0,0.0
own:28,20,variable_service,operating,0.0,0.0
own:28,21,variable_service,operating,0.0,0.0
own:28,22,variable_service,operating,0.0,0.0
own:28,23,variable_service,operating,0.0,0.0
own:28,24,variable_service,operating,0.0,0.0
own:28,25,variable_service,operating,0.0,0.0
own:28,26,variable_service,operating,0.0,0.0
own:28,27,variable_service,operating,0.0,0.0
own:28,28,variable_service,operating,0.0,0.0
own:28,29,variable_service,operating,0.0,0.0
own:28,30,variable_service,operating,0.0,0.0
own:28,31,variable_service,operating,0.0,0.0
own:28,32,variable_service,operating,0.0,0.0
own:28,33,variable_service,operating,0.0,0.0
own:28,34,variable_service,operating,0.0,0.0
own:28,35,variable_service,operating,0.0,0.0
own:28,36,variable_service,operating,0.0,0.0
own:28,0,node_acquisition,capital,11200000.0,11200000.0
own:28,1,node_acquisition,operating,0.0,0.0
own:28,2,node_acquisition,operating,0.0,0.0
own:28,3,node_acquisition,operating,0.0,0.0
own:28,4,node_acquisition,operating,0.0,0.0
own:28,5,node_acquisition,operating,0.0,0.0
own:28,6,node_acquisition,operating,0.0,0.0
own:28,7,node_acquisition,operating,0.0,0.0
own:28,8,node_acquisition,operating,0.0,0.0
own:28,9,node_acquisition,operating,0.0,0.0
own:28,10,node_acquisition,operating,0.0,0.0
own:28,11,node_acquisition,operating,0.0,0.0
own:28,12,node_acquisition,operating,0.0,0.0
own:28,13,node_acquisition,operating,0.0,0.0
own:28,14,node_acquisition,operating,0.0,0.0
own:28,15,node_acquisition,operating,0.0,0.0
own:28,16,node_acquisition,operating,0.0,0.0
own:28,17,node_acquisition,operating,0.0,0.0
own:28,18,node_acquisition,operating,0.0,0.0
own:28,19,node_acquisition,operating,0.0,0.0
own:28,20,node_acquisition,operating,0.0,0.0
own:28,21,node_acquisition,operating,0.0,0.0
own:28,22,node_acquisition,operating,0.0,0.0
own:28,23,node_acquisition,operating,0.0,0.0
own:28,24,node_acquisition,operating,0.0,0.0
own:28,25,node_acquisition,operating,0.0,0.0
own:28,26,node_acquisition,operating,0.0,0.0
own:28,27,node_acquisition,operating,0.0,0.0
own:28,28,node_acquisition,operating,0.0,0.0
own:28,29,node_acquisition,operating,0.0,0.0
own:28,30,node_acquisition,operating,0.0,0.0
own:28,31,node_acquisition,operating,0.0,0.0
own:28,32,node_acquisition,operating,0.0,0.0
own:28,33,node_acquisition,operating,0.0,0.0
own:28,34,node_acquisition,operating,0.0,0.0
own:28,35,node_acquisition,operating,0.0,0.0
own:28,36,node_acquisition,operating,0.0,0.0
own:28,0,installation,capital,50000.0,50000.0
own:28,1,installation,operating,0.0,0.0
own:28,2,installation,operating,0.0,0.0
own:28,3,installation,operating,0.0,0.0
own:28,4,installation,operating,0.0,0.0
own:28,5,installation,operating,0.0,0.0
own:28,6,installation,operating,0.0,0.0
own:28,7,installation,operating,0.0,0.0
own:28,8,installation,operating,0.0,0.0
own:28,9,installation,operating,0.0,0.0
own:28,10,installation,operating,0.0,0.0
own:28,11,installation,operating,0.0,0.0
own:28,12,installation,operating,0.0,0.0
own:28,13,installation,operating,0.0,0.0
own:28,14,installation,operating,0.0,0.0
own:28,15,installation,operating,0.0,0.0
own:28,16,installation,operating,0.0,0.0
own:28,17,installation,operating,0.0,0.0
own:28,18,installation,operating,0.0,0.0
own:28,19,installation,operating,0.0,0.0
own:28,20,installation,operating,0.0,0.0
own:28,21,installation,operating,0.0,0.0
own:28,22,installation,operating,0.0,0.0
own:28,23,installation,operating,0.0,0.0
own:28,24,installation,operating,0.0,0.0
own:28,25,installation,operating,0.0,0.0
own:28,26,installation,operating,0.0,0.0
own:28,27,installation,operating,0.0,0.0
own:28,28,installation,operating,0.0,0.0
own:28,29,installation,operating,0.0,0.0
own:28,30,installation,operating,0.0,0.0
own:28,31,installation,operating,0.0,0.0
own:28,32,installation,operating,0.0,0.0
own:28,33,installation,operating,0.0,0.0
own:28,34,installation,operating,0.0,0.0
own:28,35,installation,operating,0.0,0.0
own:28,36,installation,operating,0.0,0.0
own:28,0,network,capital,0.0,0.0
own:28,1,network,operating,0.0,0.0
own:28,2,network,operating,0.0,0.0
own:28,3,network,operating,0.0,0.0
own:28,4,network,operating,0.0,0.0
own:28,5,network,operating,0.0,0.0
own:28,6,network,operating,0.0,0.0
own:28,7,network,operating,0.0,0.0
own:28,8,network,operating,0.0,0.0
own:28,9,network,operating,0.0,0.0
own:28,10,network,operating,0.0,0.0
own:28,11,network,operating,0.0,0.0
own:28,12,network,operating,0.0,0.0
own:28,13,network,operating,0.0,0.0
own:28,14,network,operating,0.0,0.0
own:28,15,network,operating,0.0,0.0
own:28,16,network,operating,0.0,0.0
own:28,17,network,operating,0.0,0.0
own:28,18,network,operating,0.0,0.0
own:28,19,network,operating,0.0,0.0
own:28,20,network,operating,0.0,0.0
own:28,21,network,operating,0.0,0.0
own:28,22,network,operating,0.0,0.0
own:28,23,network,operating,0.0,0.0
own:28,24,network,operating,0.0,0.0
own:28,25,network,operating,0.0,0.0
own:28,26,network,operating,0.0,0.0
own:28,27,network,operating,0.0,0.0
own:28,28,network,operating,0.0,0.0
own:28,29,network,operating,0.0,0.0
own:28,30,network,operating,0.0,0.0
own:28,31,network,operating,0.0,0.0
own:28,32,network,operating,0.0,0.0
own:28,33,network,operating,0.0,0.0
own:28,34,network,operating,0.0,0.0
own:28,35,network,operating,0.0,0.0
own:28,36,network,operating,0.0,0.0
own:28,0,storage,capital,0.0,0.0
own:28,1,storage,operating,0.0,0.0
own:28,2,storage,operating,0.0,0.0
own:28,3,storage,operating,0.0,0.0
own:28,4,storage,operating,0.0,0.0
own:28,5,storage,operating,0.0,0.0
own:28,6,storage,operating,0.0,0.0
own:28,7,storage,operating,0.0,0.0
own:28,8,storage,operating,0.0,0.0
own:28,9,storage,operating,0.0,0.0
own:28,10,storage,operating,0.0,0.0
own:28,11,storage,operating,0.0,0.0
own:28,12,storage,operating,0.0,0.0
own:28,13,storage,operating,0.0,0.0
own:28,14,storage,operating,0.0,0.0
own:28,15,storage,operating,0.0,0.0
own:28,16,storage,operating,0.0,0.0
own:28,17,storage,operating,0.0,0.0
own:28,18,storage,operating,0.0,0.0
own:28,19,storage,operating,0.0,0.0
own:28,20,storage,operating,0.0,0.0
own:28,21,storage,operating,0.0,0.0
own:28,22,storage,operating,0.0,0.0
own:28,23,storage,operating,0.0,0.0
own:28,24,storage,operating,0.0,0.0
own:28,25,storage,operating,0.0,0.0
own:28,26,storage,operating,0.0,0.0
own:28,27,storage,operating,0.0,0.0
own:28,28,storage,operating,0.0,0.0
own:28,29,storage,operating,0.0,0.0
own:28,30,storage,operating,0.0,0.0
own:28,31,storage,operating,0.0,0.0
own:28,32,storage,operating,0.0,0.0
own:28,33,storage,operating,0.0,0.0
own:28,34,storage,operating,0.0,0.0
own:28,35,storage,operating,0.0,0.0
own:28,36,storage,operating,0.0,0.0
own:28,0,operations,capital,0.0,0.0
own:28,1,operations,operating,11333.333333333334,11243.67469239923
own:28,2,operations,operating,11333.333333333334,11154.725346044024
own:28,3,operations,operating,11333.333333333334,11066.479682998186
own:28,4,operations,operating,11333.333333333334,10978.932136383262
own:28,5,operations,operating,11333.333333333334,10892.077183360685
own:28,6,operations,operating,11333.333333333334,10805.909344783378
own:28,7,operations,operating,11333.333333333334,10720.42318485011
own:28,8,operations,operating,11333.333333333334,10635.61331076257
own:28,9,operations,operating,11333.333333333334,10551.474372385192
own:28,10,operations,operating,11333.333333333334,10468.001061907627
own:28,11,operations,operating,11333.333333333334,10385.188113509917
own:28,12,operations,operating,11333.333333333334,10303.030303030304
own:28,13,operations,operating,11333.333333333334,10221.522447635665
own:28,14,operations,operating,11333.333333333334,10140.659405494565
own:28,15,operations,operating,11333.333333333334,10060.436075452897
own:28,16,operations,operating,11333.333333333334,9980.847396712055
own:28,17,operations,operating,11333.333333333334,9901.888348509714
own:28,18,operations,operating,11333.333333333334,9823.553949803072
own:28,19,operations,operating,11333.333333333334,9745.839258954646
own:28,20,operations,operating,11333.333333333334,9668.739373420518
own:28,21,operations,operating,11333.333333333334,9592.249429441083
own:28,22,operations,operating,11333.333333333334,9516.364601734205
own:28,23,operations,operating,11333.333333333334,9441.080103190832
own:28,24,operations,operating,11333.333333333334,9366.391184573002
own:28,25,operations,operating,11333.333333333334,9292.293134214238
own:28,26,operations,operating,11333.333333333334,9218.781277722333
own:28,27,operations,operating,11333.333333333334,9145.85097768445
own:28,28,operations,operating,11333.333333333334,9073.497633374594
own:28,29,operations,operating,11333.333333333334,9001.716680463376
own:28,30,operations,operating,11333.333333333334,8930.503590730064
own:28,31,operations,operating,11333.333333333334,8859.853871776948
own:28,32,operations,operating,11333.333333333334,8789.763066745925
own:28,33,operations,operating,11333.333333333334,8720.226754037347
own:28,34,operations,operating,11333.333333333334,8651.240547031095
own:28,35,operations,operating,11333.333333333334,8582.800093809848
own:28,36,operations,operating,11333.333333333334,8514.901076884546
own:28,0,precommission,capital,0.0,0.0
own:28,1,precommission,operating,0.0,0.0
own:28,2,precommission,operating,0.0,0.0
own:28,3,precommission,operating,0.0,0.0
own:28,4,precommission,operating,0.0,0.0
own:28,5,precommission,operating,0.0,0.0
own:28,6,precommission,operating,0.0,0.0
own:28,7,precommission,operating,0.0,0.0
own:28,8,precommission,operating,0.0,0.0
own:28,9,precommission,operating,0.0,0.0
own:28,10,precommission,operating,0.0,0.0
own:28,11,precommission,operating,0.0,0.0
own:28,12,precommission,operating,0.0,0.0
own:28,13,precommission,operating,0.0,0.0
own:28,14,precommission,operating,0.0,0.0
own:28,15,precommission,operating,0.0,0.0
own:28,16,precommission,operating,0.0,0.0
own:28,17,precommission,operating,0.0,0.0
own:28,18,precommission,operating,0.0,0.0
own:28,19,precommission,operating,0.0,0.0
own:28,20,precommission,operating,0.0,0.0
own:28,21,precommission,operating,0.0,0.0
own:28,22,precommission,operating,0.0,0.0
own:28,23,precommission,operating,0.0,0.0
own:28,24,precommission,operating,0.0,0.0
own:28,25,precommission,operating,0.0,0.0
own:28,26,precommission,operating,0.0,0.0
own:28,27,precommission,operating,0.0,0.0
own:28,28,precommission,operating,0.0,0.0
own:28,29,precommission,operating,0.0,0.0
own:28,30,precommission,operating,0.0,0.0
own:28,31,precommission,operating,0.0,0.0
own:28,32,precommission,operating,0.0,0.0
own:28,33,precommission,operating,0.0,0.0
own:28,34,precommission,operating,0.0,0.0
own:28,35,precommission,operating,0.0,0.0
own:28,36,precommission,operating,0.0,0.0
own:28,0,electricity,capital,0.0,0.0
own:28,1,electricity,operating,9216.999639294592,9144.083433899068
own:28,2,electricity,operating,8939.075455636514,8798.199843104881
own:28,3,electricity,operating,9257.18986067852,9039.220898369616
own:28,4,electricity,operating,9277.435809981911,8987.323955068525
own:28,5,electricity,operating,8397.997538480355,8071.02682718833
own:28,6,electricity,operating,9318.231903976979,8884.585518356775
own:28,7,electricity,operating,7038.765998466226,6658.107370825761
own:28,8,electricity,operating,7283.718489407175,6835.307057451741
own:28,9,electricity,operating,7058.803627600849,6571.834021440881
own:28,10,electricity,operating,7304.527567263481,6746.806088015969
own:28,11,electricity,operating,7315.0102050997975,6703.037385194661
own:28,12,electricity,operating,7089.237344637384,6444.761222397621
own:28,13,electricity,operating,7336.132982405923,6616.451290456104
own:28,14,electricity,operating,7109.780949017374,6361.576504558157
own:28,15,electricity,operating,7357.467515554543,6531.1174956580335
own:28,16,electricity,operating,7368.2148531323155,6488.914238408892
own:28,17,electricity,operating,6902.950383694881,6031.080350704323
own:28,18,electricity,operating,7389.871007034964,6405.423222325899
own:28,19,electricity,operating,7162.045511680781,6158.836263719863
own:28,20,electricity,operating,7411.7442638804905,6323.13737557985
own:28,21,electricity,operating,7183.3190179353805,6079.781272172112
own:28,22,electricity,operating,7433.836800125892,6242.03835704004
own:28,23,electricity,operating,7444.965984126521,6201.928254853187
own:28,24,electricity,operating,7215.629820045633,5963.3304297897785
own:28,25,electricity,operating,7467.391568117389,6122.575711668222
own:28,26,electricity,operating,7237.440508991589,5887.09244672831
own:28,27,electricity,operating,7490.041968587766,6044.365381879939
own:28,28,electricity,operating,7501.4521784307035,6005.683110693854
own:28,29,electricity,operating,6785.862719388388,5389.8012028635
own:28,30,electricity,operating,7524.444036519472,5929.153631151579
own:28,31,electricity,operating,7292.928635518131,5701.260177175437
own:28,32,electricity,operating,7547.666387985579,5853.723463873699
own:28,33,electricity,operating,7315.514245089201,5628.789091726603
own:28,34,electricity,operating,7571.121543525133,5779.375913280466
own:28,35,electricity,operating,7582.93715124276,5742.6029729153415
own:28,36,electricity,operating,7349.8179067732,5522.026977290156
own:28,0,hosting,capital,0.0,0.0
own:28,1,hosting,operating,0.0,0.0
own:28,2,hosting,operating,0.0,0.0
own:28,3,hosting,operating,0.0,0.0
own:28,4,hosting,operating,0.0,0.0
own:28,5,hosting,operating,0.0,0.0
own:28,6,hosting,operating,0.0,0.0
own:28,7,hosting,operating,0.0,0.0
own:28,8,hosting,operating,0.0,0.0
own:28,9,hosting,operating,0.0,0.0
own:28,10,hosting,operating,0.0,0.0
own:28,11,hosting,operating,0.0,0.0
own:28,12,hosting,operating,0.0,0.0
own:28,13,hosting,operating,0.0,0.0
own:28,14,hosting,operating,0.0,0.0
own:28,15,hosting,operating,0.0,0.0
own:28,16,hosting,operating,0.0,0.0
own:28,17,hosting,operating,0.0,0.0
own:28,18,hosting,operating,0.0,0.0
own:28,19,hosting,operating,0.0,0.0
own:28,20,hosting,operating,0.0,0.0
own:28,21,hosting,operating,0.0,0.0
own:28,22,hosting,operating,0.0,0.0
own:28,23,hosting,operating,0.0,0.0
own:28,24,hosting,operating,0.0,0.0
own:28,25,hosting,operating,0.0,0.0
own:28,26,hosting,operating,0.0,0.0
own:28,27,hosting,operating,0.0,0.0
own:28,28,hosting,operating,0.0,0.0
own:28,29,hosting,operating,0.0,0.0
own:28,30,hosting,operating,0.0,0.0
own:28,31,hosting,operating,0.0,0.0
own:28,32,hosting,operating,0.0,0.0
own:28,33,hosting,operating,0.0,0.0
own:28,34,hosting,operating,0.0,0.0
own:28,35,hosting,operating,0.0,0.0
own:28,36,hosting,operating,0.0,0.0
own:28,0,exit,terminal,0.0,0.0
own:28,1,exit,terminal,0.0,0.0
own:28,2,exit,terminal,0.0,0.0
own:28,3,exit,terminal,0.0,0.0
own:28,4,exit,terminal,0.0,0.0
own:28,5,exit,terminal,0.0,0.0
own:28,6,exit,terminal,0.0,0.0
own:28,7,exit,terminal,0.0,0.0
own:28,8,exit,terminal,0.0,0.0
own:28,9,exit,terminal,0.0,0.0
own:28,10,exit,terminal,0.0,0.0
own:28,11,exit,terminal,0.0,0.0
own:28,12,exit,terminal,0.0,0.0
own:28,13,exit,terminal,0.0,0.0
own:28,14,exit,terminal,0.0,0.0
own:28,15,exit,terminal,0.0,0.0
own:28,16,exit,terminal,0.0,0.0
own:28,17,exit,terminal,0.0,0.0
own:28,18,exit,terminal,0.0,0.0
own:28,19,exit,terminal,0.0,0.0
own:28,20,exit,terminal,0.0,0.0
own:28,21,exit,terminal,0.0,0.0
own:28,22,exit,terminal,0.0,0.0
own:28,23,exit,terminal,0.0,0.0
own:28,24,exit,terminal,0.0,0.0
own:28,25,exit,terminal,0.0,0.0
own:28,26,exit,terminal,0.0,0.0
own:28,27,exit,terminal,0.0,0.0
own:28,28,exit,terminal,0.0,0.0
own:28,29,exit,terminal,0.0,0.0
own:28,30,exit,terminal,0.0,0.0
own:28,31,exit,terminal,0.0,0.0
own:28,32,exit,terminal,0.0,0.0
own:28,33,exit,terminal,0.0,0.0
own:28,34,exit,terminal,0.0,0.0
own:28,35,exit,terminal,0.0,0.0
own:28,36,exit,terminal,0.0,0.0
own:28,0,residual,terminal,0.0,0.0
own:28,1,residual,terminal,0.0,0.0
own:28,2,residual,terminal,0.0,0.0
own:28,3,residual,terminal,0.0,0.0
own:28,4,residual,terminal,0.0,0.0
own:28,5,residual,terminal,0.0,0.0
own:28,6,residual,terminal,0.0,0.0
own:28,7,residual,terminal,0.0,0.0
own:28,8,residual,terminal,0.0,0.0
own:28,9,residual,terminal,0.0,0.0
own:28,10,residual,terminal,0.0,0.0
own:28,11,residual,terminal,0.0,0.0
own:28,12,residual,terminal,0.0,0.0
own:28,13,residual,terminal,0.0,0.0
own:28,14,residual,terminal,0.0,0.0
own:28,15,residual,terminal,0.0,0.0
own:28,16,residual,terminal,0.0,0.0
own:28,17,residual,terminal,0.0,0.0
own:28,18,residual,terminal,0.0,0.0
own:28,19,residual,terminal,0.0,0.0
own:28,20,residual,terminal,0.0,0.0
own:28,21,residual,terminal,0.0,0.0
own:28,22,residual,terminal,0.0,0.0
own:28,23,residual,terminal,0.0,0.0
own:28,24,residual,terminal,0.0,0.0
own:28,25,residual,terminal,0.0,0.0
own:28,26,residual,terminal,0.0,0.0
own:28,27,residual,terminal,0.0,0.0
own:28,28,residual,terminal,0.0,0.0
own:28,29,residual,terminal,0.0,0.0
own:28,30,residual,terminal,0.0,0.0
own:28,31,residual,terminal,0.0,0.0
own:28,32,residual,terminal,0.0,0.0
own:28,33,residual,terminal,0.0,0.0
own:28,34,residual,terminal,0.0,0.0
own:28,35,residual,terminal,0.0,0.0
own:28,36,residual,terminal,0.0,0.0
own:29,0,on_demand,capital,0.0,0.0
own:29,1,on_demand,operating,0.0,0.0
own:29,2,on_demand,operating,0.0,0.0
own:29,3,on_demand,operating,0.0,0.0
own:29,4,on_demand,operating,0.0,0.0
own:29,5,on_demand,operating,0.0,0.0
own:29,6,on_demand,operating,0.0,0.0
own:29,7,on_demand,operating,0.0,0.0
own:29,8,on_demand,operating,0.0,0.0
own:29,9,on_demand,operating,0.0,0.0
own:29,10,on_demand,operating,0.0,0.0
own:29,11,on_demand,operating,0.0,0.0
own:29,12,on_demand,operating,0.0,0.0
own:29,13,on_demand,operating,0.0,0.0
own:29,14,on_demand,operating,0.0,0.0
own:29,15,on_demand,operating,0.0,0.0
own:29,16,on_demand,operating,0.0,0.0
own:29,17,on_demand,operating,0.0,0.0
own:29,18,on_demand,operating,0.0,0.0
own:29,19,on_demand,operating,0.0,0.0
own:29,20,on_demand,operating,0.0,0.0
own:29,21,on_demand,operating,0.0,0.0
own:29,22,on_demand,operating,0.0,0.0
own:29,23,on_demand,operating,0.0,0.0
own:29,24,on_demand,operating,0.0,0.0
own:29,25,on_demand,operating,0.0,0.0
own:29,26,on_demand,operating,0.0,0.0
own:29,27,on_demand,operating,0.0,0.0
own:29,28,on_demand,operating,0.0,0.0
own:29,29,on_demand,operating,0.0,0.0
own:29,30,on_demand,operating,0.0,0.0
own:29,31,on_demand,operating,0.0,0.0
own:29,32,on_demand,operating,0.0,0.0
own:29,33,on_demand,operating,0.0,0.0
own:29,34,on_demand,operating,0.0,0.0
own:29,35,on_demand,operating,0.0,0.0
own:29,36,on_demand,operating,0.0,0.0
own:29,0,variable_service,capital,0.0,0.0
own:29,1,variable_service,operating,0.0,0.0
own:29,2,variable_service,operating,0.0,0.0
own:29,3,variable_service,operating,0.0,0.0
own:29,4,variable_service,operating,0.0,0.0
own:29,5,variable_service,operating,0.0,0.0
own:29,6,variable_service,operating,0.0,0.0
own:29,7,variable_service,operating,0.0,0.0
own:29,8,variable_service,operating,0.0,0.0
own:29,9,variable_service,operating,0.0,0.0
own:29,10,variable_service,operating,0.0,0.0
own:29,11,variable_service,operating,0.0,0.0
own:29,12,variable_service,operating,0.0,0.0
own:29,13,variable_service,operating,0.0,0.0
own:29,14,variable_service,operating,0.0,0.0
own:29,15,variable_service,operating,0.0,0.0
own:29,16,variable_service,operating,0.0,0.0
own:29,17,variable_service,operating,0.0,0.0
own:29,18,variable_service,operating,0.0,0.0
own:29,19,variable_service,operating,0.0,0.0
own:29,20,variable_service,operating,0.0,0.0
own:29,21,variable_service,operating,0.0,0.0
own:29,22,variable_service,operating,0.0,0.0
own:29,23,variable_service,operating,0.0,0.0
own:29,24,variable_service,operating,0.0,0.0
own:29,25,variable_service,operating,0.0,0.0
own:29,26,variable_service,operating,0.0,0.0
own:29,27,variable_service,operating,0.0,0.0
own:29,28,variable_service,operating,0.0,0.0
own:29,29,variable_service,operating,0.0,0.0
own:29,30,variable_service,operating,0.0,0.0
own:29,31,variable_service,operating,0.0,0.0
own:29,32,variable_service,operating,0.0,0.0
own:29,33,variable_service,operating,0.0,0.0
own:29,34,variable_service,operating,0.0,0.0
own:29,35,variable_service,operating,0.0,0.0
own:29,36,variable_service,operating,0.0,0.0
own:29,0,node_acquisition,capital,11600000.0,11600000.0
own:29,1,node_acquisition,operating,0.0,0.0
own:29,2,node_acquisition,operating,0.0,0.0
own:29,3,node_acquisition,operating,0.0,0.0
own:29,4,node_acquisition,operating,0.0,0.0
own:29,5,node_acquisition,operating,0.0,0.0
own:29,6,node_acquisition,operating,0.0,0.0
own:29,7,node_acquisition,operating,0.0,0.0
own:29,8,node_acquisition,operating,0.0,0.0
own:29,9,node_acquisition,operating,0.0,0.0
own:29,10,node_acquisition,operating,0.0,0.0
own:29,11,node_acquisition,operating,0.0,0.0
own:29,12,node_acquisition,operating,0.0,0.0
own:29,13,node_acquisition,operating,0.0,0.0
own:29,14,node_acquisition,operating,0.0,0.0
own:29,15,node_acquisition,operating,0.0,0.0
own:29,16,node_acquisition,operating,0.0,0.0
own:29,17,node_acquisition,operating,0.0,0.0
own:29,18,node_acquisition,operating,0.0,0.0
own:29,19,node_acquisition,operating,0.0,0.0
own:29,20,node_acquisition,operating,0.0,0.0
own:29,21,node_acquisition,operating,0.0,0.0
own:29,22,node_acquisition,operating,0.0,0.0
own:29,23,node_acquisition,operating,0.0,0.0
own:29,24,node_acquisition,operating,0.0,0.0
own:29,25,node_acquisition,operating,0.0,0.0
own:29,26,node_acquisition,operating,0.0,0.0
own:29,27,node_acquisition,operating,0.0,0.0
own:29,28,node_acquisition,operating,0.0,0.0
own:29,29,node_acquisition,operating,0.0,0.0
own:29,30,node_acquisition,operating,0.0,0.0
own:29,31,node_acquisition,operating,0.0,0.0
own:29,32,node_acquisition,operating,0.0,0.0
own:29,33,node_acquisition,operating,0.0,0.0
own:29,34,node_acquisition,operating,0.0,0.0
own:29,35,node_acquisition,operating,0.0,0.0
own:29,36,node_acquisition,operating,0.0,0.0
own:29,0,installation,capital,50000.0,50000.0
own:29,1,installation,operating,0.0,0.0
own:29,2,installation,operating,0.0,0.0
own:29,3,installation,operating,0.0,0.0
own:29,4,installation,operating,0.0,0.0
own:29,5,installation,operating,0.0,0.0
own:29,6,installation,operating,0.0,0.0
own:29,7,installation,operating,0.0,0.0
own:29,8,installation,operating,0.0,0.0
own:29,9,installation,operating,0.0,0.0
own:29,10,installation,operating,0.0,0.0
own:29,11,installation,operating,0.0,0.0
own:29,12,installation,operating,0.0,0.0
own:29,13,installation,operating,0.0,0.0
own:29,14,installation,operating,0.0,0.0
own:29,15,installation,operating,0.0,0.0
own:29,16,installation,operating,0.0,0.0
own:29,17,installation,operating,0.0,0.0
own:29,18,installation,operating,0.0,0.0
own:29,19,installation,operating,0.0,0.0
own:29,20,installation,operating,0.0,0.0
own:29,21,installation,operating,0.0,0.0
own:29,22,installation,operating,0.0,0.0
own:29,23,installation,operating,0.0,0.0
own:29,24,installation,operating,0.0,0.0
own:29,25,installation,operating,0.0,0.0
own:29,26,installation,operating,0.0,0.0
own:29,27,installation,operating,0.0,0.0
own:29,28,installation,operating,0.0,0.0
own:29,29,installation,operating,0.0,0.0
own:29,30,installation,operating,0.0,0.0
own:29,31,installation,operating,0.0,0.0
own:29,32,installation,operating,0.0,0.0
own:29,33,installation,operating,0.0,0.0
own:29,34,installation,operating,0.0,0.0
own:29,35,installation,operating,0.0,0.0
own:29,36,installation,operating,0.0,0.0
own:29,0,network,capital,0.0,0.0
own:29,1,network,operating,0.0,0.0
own:29,2,network,operating,0.0,0.0
own:29,3,network,operating,0.0,0.0
own:29,4,network,operating,0.0,0.0
own:29,5,network,operating,0.0,0.0
own:29,6,network,operating,0.0,0.0
own:29,7,network,operating,0.0,0.0
own:29,8,network,operating,0.0,0.0
own:29,9,network,operating,0.0,0.0
own:29,10,network,operating,0.0,0.0
own:29,11,network,operating,0.0,0.0
own:29,12,network,operating,0.0,0.0
own:29,13,network,operating,0.0,0.0
own:29,14,network,operating,0.0,0.0
own:29,15,network,operating,0.0,0.0
own:29,16,network,operating,0.0,0.0
own:29,17,network,operating,0.0,0.0
own:29,18,network,operating,0.0,0.0
own:29,19,network,operating,0.0,0.0
own:29,20,network,operating,0.0,0.0
own:29,21,network,operating,0.0,0.0
own:29,22,network,operating,0.0,0.0
own:29,23,network,operating,0.0,0.0
own:29,24,network,operating,0.0,0.0
own:29,25,network,operating,0.0,0.0
own:29,26,network,operating,0.0,0.0
own:29,27,network,operating,0.0,0.0
own:29,28,network,operating,0.0,0.0
own:29,29,network,operating,0.0,0.0
own:29,30,network,operating,0.0,0.0
own:29,31,network,operating,0.0,0.0
own:29,32,network,operating,0.0,0.0
own:29,33,network,operating,0.0,0.0
own:29,34,network,operating,0.0,0.0
own:29,35,network,operating,0.0,0.0
own:29,36,network,operating,0.0,0.0
own:29,0,storage,capital,0.0,0.0
own:29,1,storage,operating,0.0,0.0
own:29,2,storage,operating,0.0,0.0
own:29,3,storage,operating,0.0,0.0
own:29,4,storage,operating,0.0,0.0
own:29,5,storage,operating,0.0,0.0
own:29,6,storage,operating,0.0,0.0
own:29,7,storage,operating,0.0,0.0
own:29,8,storage,operating,0.0,0.0
own:29,9,storage,operating,0.0,0.0
own:29,10,storage,operating,0.0,0.0
own:29,11,storage,operating,0.0,0.0
own:29,12,storage,operating,0.0,0.0
own:29,13,storage,operating,0.0,0.0
own:29,14,storage,operating,0.0,0.0
own:29,15,storage,operating,0.0,0.0
own:29,16,storage,operating,0.0,0.0
own:29,17,storage,operating,0.0,0.0
own:29,18,storage,operating,0.0,0.0
own:29,19,storage,operating,0.0,0.0
own:29,20,storage,operating,0.0,0.0
own:29,21,storage,operating,0.0,0.0
own:29,22,storage,operating,0.0,0.0
own:29,23,storage,operating,0.0,0.0
own:29,24,storage,operating,0.0,0.0
own:29,25,storage,operating,0.0,0.0
own:29,26,storage,operating,0.0,0.0
own:29,27,storage,operating,0.0,0.0
own:29,28,storage,operating,0.0,0.0
own:29,29,storage,operating,0.0,0.0
own:29,30,storage,operating,0.0,0.0
own:29,31,storage,operating,0.0,0.0
own:29,32,storage,operating,0.0,0.0
own:29,33,storage,operating,0.0,0.0
own:29,34,storage,operating,0.0,0.0
own:29,35,storage,operating,0.0,0.0
own:29,36,storage,operating,0.0,0.0
own:29,0,operations,capital,0.0,0.0
own:29,1,operations,operating,11666.666666666666,11574.37100688156
own:29,2,operations,operating,11666.666666666666,11482.805503280611
own:29,3,operations,operating,11666.666666666666,11391.964379556955
own:29,4,operations,operating,11666.666666666666,11301.841905100415
own:29,5,operations,operating,11666.666666666666,11212.432394635998
own:29,6,operations,operating,11666.666666666666,11123.730207865243
own:29,7,operations,operating,11666.666666666666,11035.729749110405
own:29,8,operations,operating,11666.666666666666,10948.42546696147
own:29,9,operations,operating,11666.666666666666,10861.811853925932
own:29,10,operations,operating,11666.666666666666,10775.88344608138
own:29,11,operations,operating,11666.666666666666,10690.634822730795
own:29,12,operations,operating,11666.666666666666,10606.060606060606
own:29,13,operations,operating,11666.666666666666,10522.155460801418
own:29,14,operations,operating,11666.666666666666,10438.914093891464
own:29,15,operations,operating,11666.666666666666,10356.331254142686
own:29,16,operations,operating,11666.666666666666,10274.40173190947
own:29,17,operations,operating,11666.666666666666,10193.120358759998
own:29,18,operations,operating,11666.666666666666,10112.48200715022
own:29,19,operations,operating,11666.666666666666,10032.48159010037
own:29,20,operations,operating,11666.666666666666,9953.11406087406
own:29,21,operations,operating,11666.666666666666,9874.374412659938
own:29,22,operations,operating,11666.666666666666,9796.257678255799
own:29,23,operations,operating,11666.666666666666,9718.758929755268
own:29,24,operations,operating,11666.666666666666,9641.873278236913
own:29,25,operations,operating,11666.666666666666,9565.595873455833
own:29,26,operations,operating,11666.666666666666,9489.921903537695
own:29,27,operations,operating,11666.666666666666,9414.846594675168
own:29,28,operations,operating,11666.666666666666,9340.365210826787
own:29,29,operations,operating,11666.666666666666,9266.47305341818
own:29,30,operations,operating,11666.666666666666,9193.165461045654
own:29,31,operations,operating,11666.666666666666,9120.437809182153
own:29,32,operations,operating,11666.666666666666,9048.28550988551
own:29,33,operations,operating,11666.666666666666,8976.704011509033
own:29,34,operations,operating,11666.666666666666,8905.688798414361
own:29,35,operations,operating,11666.666666666666,8835.235390686606
own:29,36,operations,operating,11666.666666666666,8765.339343851738
own:29,0,precommission,capital,0.0,0.0
own:29,1,precommission,operating,0.0,0.0
own:29,2,precommission,operating,0.0,0.0
own:29,3,precommission,operating,0.0,0.0
own:29,4,precommission,operating,0.0,0.0
own:29,5,precommission,operating,0.0,0.0
own:29,6,precommission,operating,0.0,0.0
own:29,7,precommission,operating,0.0,0.0
own:29,8,precommission,operating,0.0,0.0
own:29,9,precommission,operating,0.0,0.0
own:29,10,precommission,operating,0.0,0.0
own:29,11,precommission,operating,0.0,0.0
own:29,12,precommission,operating,0.0,0.0
own:29,13,precommission,operating,0.0,0.0
own:29,14,precommission,operating,0.0,0.0
own:29,15,precommission,operating,0.0,0.0
own:29,16,precommission,operating,0.0,0.0
own:29,17,precommission,operating,0.0,0.0
own:29,18,precommission,operating,0.0,0.0
own:29,19,precommission,operating,0.0,0.0
own:29,20,precommission,operating,0.0,0.0
own:29,21,precommission,operating,0.0,0.0
own:29,22,precommission,operating,0.0,0.0
own:29,23,precommission,operating,0.0,0.0
own:29,24,precommission,operating,0.0,0.0
own:29,25,precommission,operating,0.0,0.0
own:29,26,precommission,operating,0.0,0.0
own:29,27,precommission,operating,0.0,0.0
own:29,28,precommission,operating,0.0,0.0
own:29,29,precommission,operating,0.0,0.0
own:29,30,precommission,operating,0.0,0.0
own:29,31,precommission,operating,0.0,0.0
own:29,32,precommission,operating,0.0,0.0
own:29,33,precommission,operating,0.0,0.0
own:29,34,precommission,operating,0.0,0.0
own:29,35,precommission,operating,0.0,0.0
own:29,36,precommission,operating,0.0,0.0
own:29,0,electricity,capital,0.0,0.0
own:29,1,electricity,operating,9402.999639294592,9328.61197738021
own:29,2,electricity,operating,9119.075455636514,8975.36312801264
own:29,3,electricity,operating,9443.18986067852,9220.84135904941
own:29,4,electricity,operating,9463.435809981911,9167.507606012696
own:29,5,electricity,operating,8565.997538480355,8232.485853671087
own:29,6,electricity,operating,9504.231903976979,9061.929559956456
own:29,7,electricity,operating,7218.765998466226,6828.372915526321
own:29,8,electricity,operating,7469.718489407175,7009.856240610727
own:29,9,electricity,operating,7238.803627600849,6739.41626147288
own:29,10,electricity,operating,7490.527567263481,6918.604458384923
own:29,11,electricity,operating,7501.0102050997975,6873.476648939912
own:29,12,electricity,operating,7269.237344637384,6608.397586033985
own:29,13,electricity,operating,7522.132982405923,6784.204511802595
own:29,14,electricity,operating,7289.780949017374,6522.634036292482
own:29,15,electricity,operating,7543.467515554543,6696.227005366937
own:29,16,electricity,operating,7554.2148531323155,6652.717557449048
own:29,17,electricity,operating,7076.950383694881,6183.103460054972
own:29,18,electricity,operating,7575.871007034964,6566.645078325608
own:29,19,electricity,operating,7342.045511680781,6313.623122538555
own:29,20,electricity,operating,7597.7442638804905,6481.818451178928
own:29,21,electricity,operating,7363.3190179353805,6232.128763110293
own:29,22,electricity,operating,7619.836800125892,6398.218693739089
own:29,23,electricity,operating,7630.965984126521,6356.873040076142
own:29,24,electricity,operating,7395.629820045633,6112.090760368291
own:29,25,electricity,operating,7653.391568117389,6275.078640165032
own:29,26,electricity,operating,7417.440508991589,6033.508384668607
own:29,27,electricity,operating,7676.041968587766,6194.46493616076
own:29,28,electricity,operating,7687.4521784307035,6154.595218912179
own:29,29,electricity,operating,6953.862719388388,5523.238414832722
own:29,30,electricity,operating,7710.444036519472,6075.718954787679
own:29,31,electricity,operating,7472.928635518131,5841.975503374248
own:29,32,electricity,operating,7733.666387985579,5997.978987145588
own:29,33,electricity,operating,7495.514245089201,5767.286810761314
own:29,34,electricity,operating,7757.121543525133,5921.35803755233
own:29,35,electricity,operating,7768.93715124276,5883.461868572574
own:29,36,electricity,operating,7529.8179067732,5657.26364145244
own:29,0,hosting,capital,0.0,0.0
own:29,1,hosting,operating,0.0,0.0
own:29,2,hosting,operating,0.0,0.0
own:29,3,hosting,operating,0.0,0.0
own:29,4,hosting,operating,0.0,0.0
own:29,5,hosting,operating,0.0,0.0
own:29,6,hosting,operating,0.0,0.0
own:29,7,hosting,operating,0.0,0.0
own:29,8,hosting,operating,0.0,0.0
own:29,9,hosting,operating,0.0,0.0
own:29,10,hosting,operating,0.0,0.0
own:29,11,hosting,operating,0.0,0.0
own:29,12,hosting,operating,0.0,0.0
own:29,13,hosting,operating,0.0,0.0
own:29,14,hosting,operating,0.0,0.0
own:29,15,hosting,operating,0.0,0.0
own:29,16,hosting,operating,0.0,0.0
own:29,17,hosting,operating,0.0,0.0
own:29,18,hosting,operating,0.0,0.0
own:29,19,hosting,operating,0.0,0.0
own:29,20,hosting,operating,0.0,0.0
own:29,21,hosting,operating,0.0,0.0
own:29,22,hosting,operating,0.0,0.0
own:29,23,hosting,operating,0.0,0.0
own:29,24,hosting,operating,0.0,0.0
own:29,25,hosting,operating,0.0,0.0
own:29,26,hosting,operating,0.0,0.0
own:29,27,hosting,operating,0.0,0.0
own:29,28,hosting,operating,0.0,0.0
own:29,29,hosting,operating,0.0,0.0
own:29,30,hosting,operating,0.0,0.0
own:29,31,hosting,operating,0.0,0.0
own:29,32,hosting,operating,0.0,0.0
own:29,33,hosting,operating,0.0,0.0
own:29,34,hosting,operating,0.0,0.0
own:29,35,hosting,operating,0.0,0.0
own:29,36,hosting,operating,0.0,0.0
own:29,0,exit,terminal,0.0,0.0
own:29,1,exit,terminal,0.0,0.0
own:29,2,exit,terminal,0.0,0.0
own:29,3,exit,terminal,0.0,0.0
own:29,4,exit,terminal,0.0,0.0
own:29,5,exit,terminal,0.0,0.0
own:29,6,exit,terminal,0.0,0.0
own:29,7,exit,terminal,0.0,0.0
own:29,8,exit,terminal,0.0,0.0
own:29,9,exit,terminal,0.0,0.0
own:29,10,exit,terminal,0.0,0.0
own:29,11,exit,terminal,0.0,0.0
own:29,12,exit,terminal,0.0,0.0
own:29,13,exit,terminal,0.0,0.0
own:29,14,exit,terminal,0.0,0.0
own:29,15,exit,terminal,0.0,0.0
own:29,16,exit,terminal,0.0,0.0
own:29,17,exit,terminal,0.0,0.0
own:29,18,exit,terminal,0.0,0.0
own:29,19,exit,terminal,0.0,0.0
own:29,20,exit,terminal,0.0,0.0
own:29,21,exit,terminal,0.0,0.0
own:29,22,exit,terminal,0.0,0.0
own:29,23,exit,terminal,0.0,0.0
own:29,24,exit,terminal,0.0,0.0
own:29,25,exit,terminal,0.0,0.0
own:29,26,exit,terminal,0.0,0.0
own:29,27,exit,terminal,0.0,0.0
own:29,28,exit,terminal,0.0,0.0
own:29,29,exit,terminal,0.0,0.0
own:29,30,exit,terminal,0.0,0.0
own:29,31,exit,terminal,0.0,0.0
own:29,32,exit,terminal,0.0,0.0
own:29,33,exit,terminal,0.0,0.0
own:29,34,exit,terminal,0.0,0.0
own:29,35,exit,terminal,0.0,0.0
own:29,36,exit,terminal,0.0,0.0
own:29,0,residual,terminal,0.0,0.0
own:29,1,residual,terminal,0.0,0.0
own:29,2,residual,terminal,0.0,0.0
own:29,3,residual,terminal,0.0,0.0
own:29,4,residual,terminal,0.0,0.0
own:29,5,residual,terminal,0.0,0.0
own:29,6,residual,terminal,0.0,0.0
own:29,7,residual,terminal,0.0,0.0
own:29,8,residual,terminal,0.0,0.0
own:29,9,residual,terminal,0.0,0.0
own:29,10,residual,terminal,0.0,0.0
own:29,11,residual,terminal,0.0,0.0
own:29,12,residual,terminal,0.0,0.0
own:29,13,residual,terminal,0.0,0.0
own:29,14,residual,terminal,0.0,0.0
own:29,15,residual,terminal,0.0,0.0
own:29,16,residual,terminal,0.0,0.0
own:29,17,residual,terminal,0.0,0.0
own:29,18,residual,terminal,0.0,0.0
own:29,19,residual,terminal,0.0,0.0
own:29,20,residual,terminal,0.0,0.0
own:29,21,residual,terminal,0.0,0.0
own:29,22,residual,terminal,0.0,0.0
own:29,23,residual,terminal,0.0,0.0
own:29,24,residual,terminal,0.0,0.0
own:29,25,residual,terminal,0.0,0.0
own:29,26,residual,terminal,0.0,0.0
own:29,27,residual,terminal,0.0,0.0
own:29,28,residual,terminal,0.0,0.0
own:29,29,residual,terminal,0.0,0.0
own:29,30,residual,terminal,0.0,0.0
own:29,31,residual,terminal,0.0,0.0
own:29,32,residual,terminal,0.0,0.0
own:29,33,residual,terminal,0.0,0.0
own:29,34,residual,terminal,0.0,0.0
own:29,35,residual,terminal,0.0,0.0
own:29,36,residual,terminal,0.0,0.0
own:30,0,on_demand,capital,0.0,0.0
own:30,1,on_demand,operating,0.0,0.0
own:30,2,on_demand,operating,0.0,0.0
own:30,3,on_demand,operating,0.0,0.0
own:30,4,on_demand,operating,0.0,0.0
own:30,5,on_demand,operating,0.0,0.0
own:30,6,on_demand,operating,0.0,0.0
own:30,7,on_demand,operating,0.0,0.0
own:30,8,on_demand,operating,0.0,0.0
own:30,9,on_demand,operating,0.0,0.0
own:30,10,on_demand,operating,0.0,0.0
own:30,11,on_demand,operating,0.0,0.0
own:30,12,on_demand,operating,0.0,0.0
own:30,13,on_demand,operating,0.0,0.0
own:30,14,on_demand,operating,0.0,0.0
own:30,15,on_demand,operating,0.0,0.0
own:30,16,on_demand,operating,0.0,0.0
own:30,17,on_demand,operating,0.0,0.0
own:30,18,on_demand,operating,0.0,0.0
own:30,19,on_demand,operating,0.0,0.0
own:30,20,on_demand,operating,0.0,0.0
own:30,21,on_demand,operating,0.0,0.0
own:30,22,on_demand,operating,0.0,0.0
own:30,23,on_demand,operating,0.0,0.0
own:30,24,on_demand,operating,0.0,0.0
own:30,25,on_demand,operating,0.0,0.0
own:30,26,on_demand,operating,0.0,0.0
own:30,27,on_demand,operating,0.0,0.0
own:30,28,on_demand,operating,0.0,0.0
own:30,29,on_demand,operating,0.0,0.0
own:30,30,on_demand,operating,0.0,0.0
own:30,31,on_demand,operating,0.0,0.0
own:30,32,on_demand,operating,0.0,0.0
own:30,33,on_demand,operating,0.0,0.0
own:30,34,on_demand,operating,0.0,0.0
own:30,35,on_demand,operating,0.0,0.0
own:30,36,on_demand,operating,0.0,0.0
own:30,0,variable_service,capital,0.0,0.0
own:30,1,variable_service,operating,0.0,0.0
own:30,2,variable_service,operating,0.0,0.0
own:30,3,variable_service,operating,0.0,0.0
own:30,4,variable_service,operating,0.0,0.0
own:30,5,variable_service,operating,0.0,0.0
own:30,6,variable_service,operating,0.0,0.0
own:30,7,variable_service,operating,0.0,0.0
own:30,8,variable_service,operating,0.0,0.0
own:30,9,variable_service,operating,0.0,0.0
own:30,10,variable_service,operating,0.0,0.0
own:30,11,variable_service,operating,0.0,0.0
own:30,12,variable_service,operating,0.0,0.0
own:30,13,variable_service,operating,0.0,0.0
own:30,14,variable_service,operating,0.0,0.0
own:30,15,variable_service,operating,0.0,0.0
own:30,16,variable_service,operating,0.0,0.0
own:30,17,variable_service,operating,0.0,0.0
own:30,18,variable_service,operating,0.0,0.0
own:30,19,variable_service,operating,0.0,0.0
own:30,20,variable_service,operating,0.0,0.0
own:30,21,variable_service,operating,0.0,0.0
own:30,22,variable_service,operating,0.0,0.0
own:30,23,variable_service,operating,0.0,0.0
own:30,24,variable_service,operating,0.0,0.0
own:30,25,variable_service,operating,0.0,0.0
own:30,26,variable_service,operating,0.0,0.0
own:30,27,variable_service,operating,0.0,0.0
own:30,28,variable_service,operating,0.0,0.0
own:30,29,variable_service,operating,0.0,0.0
own:30,30,variable_service,operating,0.0,0.0
own:30,31,variable_service,operating,0.0,0.0
own:30,32,variable_service,operating,0.0,0.0
own:30,33,variable_service,operating,0.0,0.0
own:30,34,variable_service,operating,0.0,0.0
own:30,35,variable_service,operating,0.0,0.0
own:30,36,variable_service,operating,0.0,0.0
own:30,0,node_acquisition,capital,12000000.0,12000000.0
own:30,1,node_acquisition,operating,0.0,0.0
own:30,2,node_acquisition,operating,0.0,0.0
own:30,3,node_acquisition,operating,0.0,0.0
own:30,4,node_acquisition,operating,0.0,0.0
own:30,5,node_acquisition,operating,0.0,0.0
own:30,6,node_acquisition,operating,0.0,0.0
own:30,7,node_acquisition,operating,0.0,0.0
own:30,8,node_acquisition,operating,0.0,0.0
own:30,9,node_acquisition,operating,0.0,0.0
own:30,10,node_acquisition,operating,0.0,0.0
own:30,11,node_acquisition,operating,0.0,0.0
own:30,12,node_acquisition,operating,0.0,0.0
own:30,13,node_acquisition,operating,0.0,0.0
own:30,14,node_acquisition,operating,0.0,0.0
own:30,15,node_acquisition,operating,0.0,0.0
own:30,16,node_acquisition,operating,0.0,0.0
own:30,17,node_acquisition,operating,0.0,0.0
own:30,18,node_acquisition,operating,0.0,0.0
own:30,19,node_acquisition,operating,0.0,0.0
own:30,20,node_acquisition,operating,0.0,0.0
own:30,21,node_acquisition,operating,0.0,0.0
own:30,22,node_acquisition,operating,0.0,0.0
own:30,23,node_acquisition,operating,0.0,0.0
own:30,24,node_acquisition,operating,0.0,0.0
own:30,25,node_acquisition,operating,0.0,0.0
own:30,26,node_acquisition,operating,0.0,0.0
own:30,27,node_acquisition,operating,0.0,0.0
own:30,28,node_acquisition,operating,0.0,0.0
own:30,29,node_acquisition,operating,0.0,0.0
own:30,30,node_acquisition,operating,0.0,0.0
own:30,31,node_acquisition,operating,0.0,0.0
own:30,32,node_acquisition,operating,0.0,0.0
own:30,33,node_acquisition,operating,0.0,0.0
own:30,34,node_acquisition,operating,0.0,0.0
own:30,35,node_acquisition,operating,0.0,0.0
own:30,36,node_acquisition,operating,0.0,0.0
own:30,0,installation,capital,50000.0,50000.0
own:30,1,installation,operating,0.0,0.0
own:30,2,installation,operating,0.0,0.0
own:30,3,installation,operating,0.0,0.0
own:30,4,installation,operating,0.0,0.0
own:30,5,installation,operating,0.0,0.0
own:30,6,installation,operating,0.0,0.0
own:30,7,installation,operating,0.0,0.0
own:30,8,installation,operating,0.0,0.0
own:30,9,installation,operating,0.0,0.0
own:30,10,installation,operating,0.0,0.0
own:30,11,installation,operating,0.0,0.0
own:30,12,installation,operating,0.0,0.0
own:30,13,installation,operating,0.0,0.0
own:30,14,installation,operating,0.0,0.0
own:30,15,installation,operating,0.0,0.0
own:30,16,installation,operating,0.0,0.0
own:30,17,installation,operating,0.0,0.0
own:30,18,installation,operating,0.0,0.0
own:30,19,installation,operating,0.0,0.0
own:30,20,installation,operating,0.0,0.0
own:30,21,installation,operating,0.0,0.0
own:30,22,installation,operating,0.0,0.0
own:30,23,installation,operating,0.0,0.0
own:30,24,installation,operating,0.0,0.0
own:30,25,installation,operating,0.0,0.0
own:30,26,installation,operating,0.0,0.0
own:30,27,installation,operating,0.0,0.0
own:30,28,installation,operating,0.0,0.0
own:30,29,installation,operating,0.0,0.0
own:30,30,installation,operating,0.0,0.0
own:30,31,installation,operating,0.0,0.0
own:30,32,installation,operating,0.0,0.0
own:30,33,installation,operating,0.0,0.0
own:30,34,installation,operating,0.0,0.0
own:30,35,installation,operating,0.0,0.0
own:30,36,installation,operating,0.0,0.0
own:30,0,network,capital,0.0,0.0
own:30,1,network,operating,0.0,0.0
own:30,2,network,operating,0.0,0.0
own:30,3,network,operating,0.0,0.0
own:30,4,network,operating,0.0,0.0
own:30,5,network,operating,0.0,0.0
own:30,6,network,operating,0.0,0.0
own:30,7,network,operating,0.0,0.0
own:30,8,network,operating,0.0,0.0
own:30,9,network,operating,0.0,0.0
own:30,10,network,operating,0.0,0.0
own:30,11,network,operating,0.0,0.0
own:30,12,network,operating,0.0,0.0
own:30,13,network,operating,0.0,0.0
own:30,14,network,operating,0.0,0.0
own:30,15,network,operating,0.0,0.0
own:30,16,network,operating,0.0,0.0
own:30,17,network,operating,0.0,0.0
own:30,18,network,operating,0.0,0.0
own:30,19,network,operating,0.0,0.0
own:30,20,network,operating,0.0,0.0
own:30,21,network,operating,0.0,0.0
own:30,22,network,operating,0.0,0.0
own:30,23,network,operating,0.0,0.0
own:30,24,network,operating,0.0,0.0
own:30,25,network,operating,0.0,0.0
own:30,26,network,operating,0.0,0.0
own:30,27,network,operating,0.0,0.0
own:30,28,network,operating,0.0,0.0
own:30,29,network,operating,0.0,0.0
own:30,30,network,operating,0.0,0.0
own:30,31,network,operating,0.0,0.0
own:30,32,network,operating,0.0,0.0
own:30,33,network,operating,0.0,0.0
own:30,34,network,operating,0.0,0.0
own:30,35,network,operating,0.0,0.0
own:30,36,network,operating,0.0,0.0
own:30,0,storage,capital,0.0,0.0
own:30,1,storage,operating,0.0,0.0
own:30,2,storage,operating,0.0,0.0
own:30,3,storage,operating,0.0,0.0
own:30,4,storage,operating,0.0,0.0
own:30,5,storage,operating,0.0,0.0
own:30,6,storage,operating,0.0,0.0
own:30,7,storage,operating,0.0,0.0
own:30,8,storage,operating,0.0,0.0
own:30,9,storage,operating,0.0,0.0
own:30,10,storage,operating,0.0,0.0
own:30,11,storage,operating,0.0,0.0
own:30,12,storage,operating,0.0,0.0
own:30,13,storage,operating,0.0,0.0
own:30,14,storage,operating,0.0,0.0
own:30,15,storage,operating,0.0,0.0
own:30,16,storage,operating,0.0,0.0
own:30,17,storage,operating,0.0,0.0
own:30,18,storage,operating,0.0,0.0
own:30,19,storage,operating,0.0,0.0
own:30,20,storage,operating,0.0,0.0
own:30,21,storage,operating,0.0,0.0
own:30,22,storage,operating,0.0,0.0
own:30,23,storage,operating,0.0,0.0
own:30,24,storage,operating,0.0,0.0
own:30,25,storage,operating,0.0,0.0
own:30,26,storage,operating,0.0,0.0
own:30,27,storage,operating,0.0,0.0
own:30,28,storage,operating,0.0,0.0
own:30,29,storage,operating,0.0,0.0
own:30,30,storage,operating,0.0,0.0
own:30,31,storage,operating,0.0,0.0
own:30,32,storage,operating,0.0,0.0
own:30,33,storage,operating,0.0,0.0
own:30,34,storage,operating,0.0,0.0
own:30,35,storage,operating,0.0,0.0
own:30,36,storage,operating,0.0,0.0
own:30,0,operations,capital,0.0,0.0
own:30,1,operations,operating,12000.0,11905.067321363891
own:30,2,operations,operating,12000.0,11810.885660517202
own:30,3,operations,operating,12000.0,11717.449076115727
own:30,4,operations,operating,12000.0,11624.751673817571
own:30,5,operations,operating,12000.0,11532.787605911313
own:30,6,operations,operating,12000.0,11441.551070947107
own:30,7,operations,operating,12000.0,11351.036313370703
own:30,8,operations,operating,12000.0,11261.237623160368
own:30,9,operations,operating,12000.0,11172.149335466673
own:30,10,operations,operating,12000.0,11083.765830255134
own:30,11,operations,operating,12000.0,10996.081531951677
own:30,12,operations,operating,12000.0,10909.090909090908
own:30,13,operations,operating,12000.0,10822.788473967174
own:30,14,operations,operating,12000.0,10737.168782288363
own:30,15,operations,operating,12000.0,10652.226432832478
own:30,16,operations,operating,12000.0,10567.956067106883
own:30,17,operations,operating,12000.0,10484.352369010285
own:30,18,operations,operating,12000.0,10401.41006449737
own:30,19,operations,operating,12000.0,10319.123921246093
own:30,20,operations,operating,12000.0,10237.488748327607
own:30,21,operations,operating,12000.0,10156.499395878793
own:30,22,operations,operating,12000.0,10076.150754777394
own:30,23,operations,operating,12000.0,9996.437756319705
own:30,24,operations,operating,12000.0,9917.355371900825
own:30,25,operations,operating,12000.0,9838.898612697429
own:30,26,operations,operating,12000.0,9761.062529353057
own:30,27,operations,operating,12000.0,9683.842211665888
own:30,28,operations,operating,12000.0,9607.232788278983
own:30,29,operations,operating,12000.0,9531.229426372985
own:30,30,operations,operating,12000.0,9455.827331361244
own:30,31,operations,operating,12000.0,9381.021746587357
own:30,32,operations,operating,12000.0,9306.807953025096
own:30,33,operations,operating,12000.0,9233.18126898072
own:30,34,operations,operating,12000.0,9160.13704979763
own:30,35,operations,operating,12000.0,9087.670687563368
own:30,36,operations,operating,12000.0,9015.77761081893
own:30,0,precommission,capital,0.0,0.0
own:30,1,precommission,operating,0.0,0.0
own:30,2,precommission,operating,0.0,0.0
own:30,3,precommission,operating,0.0,0.0
own:30,4,precommission,operating,0.0,0.0
own:30,5,precommission,operating,0.0,0.0
own:30,6,precommission,operating,0.0,0.0
own:30,7,precommission,operating,0.0,0.0
own:30,8,precommission,operating,0.0,0.0
own:30,9,precommission,operating,0.0,0.0
own:30,10,precommission,operating,0.0,0.0
own:30,11,precommission,operating,0.0,0.0
own:30,12,precommission,operating,0.0,0.0
own:30,13,precommission,operating,0.0,0.0
own:30,14,precommission,operating,0.0,0.0
own:30,15,precommission,operating,0.0,0.0
own:30,16,precommission,operating,0.0,0.0
own:30,17,precommission,operating,0.0,0.0
own:30,18,precommission,operating,0.0,0.0
own:30,19,precommission,operating,0.0,0.0
own:30,20,precommission,operating,0.0,0.0
own:30,21,precommission,operating,0.0,0.0
own:30,22,precommission,operating,0.0,0.0
own:30,23,precommission,operating,0.0,0.0
own:30,24,precommission,operating,0.0,0.0
own:30,25,precommission,operating,0.0,0.0
own:30,26,precommission,operating,0.0,0.0
own:30,27,precommission,operating,0.0,0.0
own:30,28,precommission,operating,0.0,0.0
own:30,29,precommission,operating,0.0,0.0
own:30,30,precommission,operating,0.0,0.0
own:30,31,precommission,operating,0.0,0.0
own:30,32,precommission,operating,0.0,0.0
own:30,33,precommission,operating,0.0,0.0
own:30,34,precommission,operating,0.0,0.0
own:30,35,precommission,operating,0.0,0.0
own:30,36,precommission,operating,0.0,0.0
own:30,0,electricity,capital,0.0,0.0
own:30,1,electricity,operating,9588.999639294592,9513.140520861349
own:30,2,electricity,operating,9299.075455636514,9152.526412920397
own:30,3,electricity,operating,9629.18986067852,9402.461819729204
own:30,4,electricity,operating,9649.435809981911,9347.691256956869
own:30,5,electricity,operating,8733.997538480355,8393.944880153846
own:30,6,electricity,operating,9690.231903976979,9239.273601556135
own:30,7,electricity,operating,7398.765998466226,6998.638460226882
own:30,8,electricity,operating,7655.718489407175,7184.405423769712
own:30,9,electricity,operating,7418.803627600849,6906.998501504881
own:30,10,electricity,operating,7676.527567263481,7090.402828753879
own:30,11,electricity,operating,7687.0102050997975,7043.915912685163
own:30,12,electricity,operating,7449.237344637384,6772.033949670349
own:30,13,electricity,operating,7708.132982405923,6951.957733149086
own:30,14,electricity,operating,7469.780949017374,6683.6915680268075
own:30,15,electricity,operating,7729.467515554543,6861.33651507584
own:30,16,electricity,operating,7740.2148531323155,6816.520876489205
own:30,17,electricity,operating,7250.950383694881,6335.126569405621
own:30,18,electricity,operating,7761.871007034964,6727.866934325317
own:30,19,electricity,operating,7522.045511680781,6468.409981357247
own:30,20,electricity,operating,7783.7442638804905,6640.499526778006
own:30,21,electricity,operating,7543.3190179353805,6384.476254048475
own:30,22,electricity,operating,7805.836800125892,6554.399030438139
own:30,23,electricity,operating,7816.965984126521,6511.817825299097
own:30,24,electricity,operating,7575.629820045633,6260.851090946803
own:30,25,electricity,operating,7839.391568117389,6427.581568661842
own:30,26,electricity,operating,7597.440508991589,6179.924322608902
own:30,27,electricity,operating,7862.041968587766,6344.564490441581
own:30,28,electricity,operating,7873.4521784307035,6303.507327130503
own:30,29,electricity,operating,7121.862719388388,5656.675626801944
own:30,30,electricity,operating,7896.444036519472,6222.284278423777
own:30,31,electricity,operating,7652.928635518131,5982.690829573058
own:30,32,electricity,operating,7919.666387985579,6142.234510417477
own:30,33,electricity,operating,7675.514245089201,5905.784529796025
own:30,34,electricity,operating,7943.121543525133,6063.340161824192
own:30,35,electricity,operating,7954.93715124276,6024.320764229806
own:30,36,electricity,operating,7709.8179067732,5792.500305614724
own:30,0,hosting,capital,0.0,0.0
own:30,1,hosting,operating,0.0,0.0
own:30,2,hosting,operating,0.0,0.0
own:30,3,hosting,operating,0.0,0.0
own:30,4,hosting,operating,0.0,0.0
own:30,5,hosting,operating,0.0,0.0
own:30,6,hosting,operating,0.0,0.0
own:30,7,hosting,operating,0.0,0.0
own:30,8,hosting,operating,0.0,0.0
own:30,9,hosting,operating,0.0,0.0
own:30,10,hosting,operating,0.0,0.0
own:30,11,hosting,operating,0.0,0.0
own:30,12,hosting,operating,0.0,0.0
own:30,13,hosting,operating,0.0,0.0
own:30,14,hosting,operating,0.0,0.0
own:30,15,hosting,operating,0.0,0.0
own:30,16,hosting,operating,0.0,0.0
own:30,17,hosting,operating,0.0,0.0
own:30,18,hosting,operating,0.0,0.0
own:30,19,hosting,operating,0.0,0.0
own:30,20,hosting,operating,0.0,0.0
own:30,21,hosting,operating,0.0,0.0
own:30,22,hosting,operating,0.0,0.0
own:30,23,hosting,operating,0.0,0.0
own:30,24,hosting,operating,0.0,0.0
own:30,25,hosting,operating,0.0,0.0
own:30,26,hosting,operating,0.0,0.0
own:30,27,hosting,operating,0.0,0.0
own:30,28,hosting,operating,0.0,0.0
own:30,29,hosting,operating,0.0,0.0
own:30,30,hosting,operating,0.0,0.0
own:30,31,hosting,operating,0.0,0.0
own:30,32,hosting,operating,0.0,0.0
own:30,33,hosting,operating,0.0,0.0
own:30,34,hosting,operating,0.0,0.0
own:30,35,hosting,operating,0.0,0.0
own:30,36,hosting,operating,0.0,0.0
own:30,0,exit,terminal,0.0,0.0
own:30,1,exit,terminal,0.0,0.0
own:30,2,exit,terminal,0.0,0.0
own:30,3,exit,terminal,0.0,0.0
own:30,4,exit,terminal,0.0,0.0
own:30,5,exit,terminal,0.0,0.0
own:30,6,exit,terminal,0.0,0.0
own:30,7,exit,terminal,0.0,0.0
own:30,8,exit,terminal,0.0,0.0
own:30,9,exit,terminal,0.0,0.0
own:30,10,exit,terminal,0.0,0.0
own:30,11,exit,terminal,0.0,0.0
own:30,12,exit,terminal,0.0,0.0
own:30,13,exit,terminal,0.0,0.0
own:30,14,exit,terminal,0.0,0.0
own:30,15,exit,terminal,0.0,0.0
own:30,16,exit,terminal,0.0,0.0
own:30,17,exit,terminal,0.0,0.0
own:30,18,exit,terminal,0.0,0.0
own:30,19,exit,terminal,0.0,0.0
own:30,20,exit,terminal,0.0,0.0
own:30,21,exit,terminal,0.0,0.0
own:30,22,exit,terminal,0.0,0.0
own:30,23,exit,terminal,0.0,0.0
own:30,24,exit,terminal,0.0,0.0
own:30,25,exit,terminal,0.0,0.0
own:30,26,exit,terminal,0.0,0.0
own:30,27,exit,terminal,0.0,0.0
own:30,28,exit,terminal,0.0,0.0
own:30,29,exit,terminal,0.0,0.0
own:30,30,exit,terminal,0.0,0.0
own:30,31,exit,terminal,0.0,0.0
own:30,32,exit,terminal,0.0,0.0
own:30,33,exit,terminal,0.0,0.0
own:30,34,exit,terminal,0.0,0.0
own:30,35,exit,terminal,0.0,0.0
own:30,36,exit,terminal,0.0,0.0
own:30,0,residual,terminal,0.0,0.0
own:30,1,residual,terminal,0.0,0.0
own:30,2,residual,terminal,0.0,0.0
own:30,3,residual,terminal,0.0,0.0
own:30,4,residual,terminal,0.0,0.0
own:30,5,residual,terminal,0.0,0.0
own:30,6,residual,terminal,0.0,0.0
own:30,7,residual,terminal,0.0,0.0
own:30,8,residual,terminal,0.0,0.0
own:30,9,residual,terminal,0.0,0.0
own:30,10,residual,terminal,0.0,0.0
own:30,11,residual,terminal,0.0,0.0
own:30,12,residual,terminal,0.0,0.0
own:30,13,residual,terminal,0.0,0.0
own:30,14,residual,terminal,0.0,0.0
own:30,15,residual,terminal,0.0,0.0
own:30,16,residual,terminal,0.0,0.0
own:30,17,residual,terminal,0.0,0.0
own:30,18,residual,terminal,0.0,0.0
own:30,19,residual,terminal,0.0,0.0
own:30,20,residual,terminal,0.0,0.0
own:30,21,residual,terminal,0.0,0.0
own:30,22,residual,terminal,0.0,0.0
own:30,23,residual,terminal,0.0,0.0
own:30,24,residual,terminal,0.0,0.0
own:30,25,residual,terminal,0.0,0.0
own:30,26,residual,terminal,0.0,0.0
own:30,27,residual,terminal,0.0,0.0
own:30,28,residual,terminal,0.0,0.0
own:30,29,residual,terminal,0.0,0.0
own:30,30,residual,terminal,0.0,0.0
own:30,31,residual,terminal,0.0,0.0
own:30,32,residual,terminal,0.0,0.0
own:30,33,residual,terminal,0.0,0.0
own:30,34,residual,terminal,0.0,0.0
own:30,35,residual,terminal,0.0,0.0
own:30,36,residual,terminal,0.0,0.0
own:31,0,on_demand,capital,0.0,0.0
own:31,1,on_demand,operating,0.0,0.0
own:31,2,on_demand,operating,0.0,0.0
own:31,3,on_demand,operating,0.0,0.0
own:31,4,on_demand,operating,0.0,0.0
own:31,5,on_demand,operating,0.0,0.0
own:31,6,on_demand,operating,0.0,0.0
own:31,7,on_demand,operating,0.0,0.0
own:31,8,on_demand,operating,0.0,0.0
own:31,9,on_demand,operating,0.0,0.0
own:31,10,on_demand,operating,0.0,0.0
own:31,11,on_demand,operating,0.0,0.0
own:31,12,on_demand,operating,0.0,0.0
own:31,13,on_demand,operating,0.0,0.0
own:31,14,on_demand,operating,0.0,0.0
own:31,15,on_demand,operating,0.0,0.0
own:31,16,on_demand,operating,0.0,0.0
own:31,17,on_demand,operating,0.0,0.0
own:31,18,on_demand,operating,0.0,0.0
own:31,19,on_demand,operating,0.0,0.0
own:31,20,on_demand,operating,0.0,0.0
own:31,21,on_demand,operating,0.0,0.0
own:31,22,on_demand,operating,0.0,0.0
own:31,23,on_demand,operating,0.0,0.0
own:31,24,on_demand,operating,0.0,0.0
own:31,25,on_demand,operating,0.0,0.0
own:31,26,on_demand,operating,0.0,0.0
own:31,27,on_demand,operating,0.0,0.0
own:31,28,on_demand,operating,0.0,0.0
own:31,29,on_demand,operating,0.0,0.0
own:31,30,on_demand,operating,0.0,0.0
own:31,31,on_demand,operating,0.0,0.0
own:31,32,on_demand,operating,0.0,0.0
own:31,33,on_demand,operating,0.0,0.0
own:31,34,on_demand,operating,0.0,0.0
own:31,35,on_demand,operating,0.0,0.0
own:31,36,on_demand,operating,0.0,0.0
own:31,0,variable_service,capital,0.0,0.0
own:31,1,variable_service,operating,0.0,0.0
own:31,2,variable_service,operating,0.0,0.0
own:31,3,variable_service,operating,0.0,0.0
own:31,4,variable_service,operating,0.0,0.0
own:31,5,variable_service,operating,0.0,0.0
own:31,6,variable_service,operating,0.0,0.0
own:31,7,variable_service,operating,0.0,0.0
own:31,8,variable_service,operating,0.0,0.0
own:31,9,variable_service,operating,0.0,0.0
own:31,10,variable_service,operating,0.0,0.0
own:31,11,variable_service,operating,0.0,0.0
own:31,12,variable_service,operating,0.0,0.0
own:31,13,variable_service,operating,0.0,0.0
own:31,14,variable_service,operating,0.0,0.0
own:31,15,variable_service,operating,0.0,0.0
own:31,16,variable_service,operating,0.0,0.0
own:31,17,variable_service,operating,0.0,0.0
own:31,18,variable_service,operating,0.0,0.0
own:31,19,variable_service,operating,0.0,0.0
own:31,20,variable_service,operating,0.0,0.0
own:31,21,variable_service,operating,0.0,0.0
own:31,22,variable_service,operating,0.0,0.0
own:31,23,variable_service,operating,0.0,0.0
own:31,24,variable_service,operating,0.0,0.0
own:31,25,variable_service,operating,0.0,0.0
own:31,26,variable_service,operating,0.0,0.0
own:31,27,variable_service,operating,0.0,0.0
own:31,28,variable_service,operating,0.0,0.0
own:31,29,variable_service,operating,0.0,0.0
own:31,30,variable_service,operating,0.0,0.0
own:31,31,variable_service,operating,0.0,0.0
own:31,32,variable_service,operating,0.0,0.0
own:31,33,variable_service,operating,0.0,0.0
own:31,34,variable_service,operating,0.0,0.0
own:31,35,variable_service,operating,0.0,0.0
own:31,36,variable_service,operating,0.0,0.0
own:31,0,node_acquisition,capital,12400000.0,12400000.0
own:31,1,node_acquisition,operating,0.0,0.0
own:31,2,node_acquisition,operating,0.0,0.0
own:31,3,node_acquisition,operating,0.0,0.0
own:31,4,node_acquisition,operating,0.0,0.0
own:31,5,node_acquisition,operating,0.0,0.0
own:31,6,node_acquisition,operating,0.0,0.0
own:31,7,node_acquisition,operating,0.0,0.0
own:31,8,node_acquisition,operating,0.0,0.0
own:31,9,node_acquisition,operating,0.0,0.0
own:31,10,node_acquisition,operating,0.0,0.0
own:31,11,node_acquisition,operating,0.0,0.0
own:31,12,node_acquisition,operating,0.0,0.0
own:31,13,node_acquisition,operating,0.0,0.0
own:31,14,node_acquisition,operating,0.0,0.0
own:31,15,node_acquisition,operating,0.0,0.0
own:31,16,node_acquisition,operating,0.0,0.0
own:31,17,node_acquisition,operating,0.0,0.0
own:31,18,node_acquisition,operating,0.0,0.0
own:31,19,node_acquisition,operating,0.0,0.0
own:31,20,node_acquisition,operating,0.0,0.0
own:31,21,node_acquisition,operating,0.0,0.0
own:31,22,node_acquisition,operating,0.0,0.0
own:31,23,node_acquisition,operating,0.0,0.0
own:31,24,node_acquisition,operating,0.0,0.0
own:31,25,node_acquisition,operating,0.0,0.0
own:31,26,node_acquisition,operating,0.0,0.0
own:31,27,node_acquisition,operating,0.0,0.0
own:31,28,node_acquisition,operating,0.0,0.0
own:31,29,node_acquisition,operating,0.0,0.0
own:31,30,node_acquisition,operating,0.0,0.0
own:31,31,node_acquisition,operating,0.0,0.0
own:31,32,node_acquisition,operating,0.0,0.0
own:31,33,node_acquisition,operating,0.0,0.0
own:31,34,node_acquisition,operating,0.0,0.0
own:31,35,node_acquisition,operating,0.0,0.0
own:31,36,node_acquisition,operating,0.0,0.0
own:31,0,installation,capital,50000.0,50000.0
own:31,1,installation,operating,0.0,0.0
own:31,2,installation,operating,0.0,0.0
own:31,3,installation,operating,0.0,0.0
own:31,4,installation,operating,0.0,0.0
own:31,5,installation,operating,0.0,0.0
own:31,6,installation,operating,0.0,0.0
own:31,7,installation,operating,0.0,0.0
own:31,8,installation,operating,0.0,0.0
own:31,9,installation,operating,0.0,0.0
own:31,10,installation,operating,0.0,0.0
own:31,11,installation,operating,0.0,0.0
own:31,12,installation,operating,0.0,0.0
own:31,13,installation,operating,0.0,0.0
own:31,14,installation,operating,0.0,0.0
own:31,15,installation,operating,0.0,0.0
own:31,16,installation,operating,0.0,0.0
own:31,17,installation,operating,0.0,0.0
own:31,18,installation,operating,0.0,0.0
own:31,19,installation,operating,0.0,0.0
own:31,20,installation,operating,0.0,0.0
own:31,21,installation,operating,0.0,0.0
own:31,22,installation,operating,0.0,0.0
own:31,23,installation,operating,0.0,0.0
own:31,24,installation,operating,0.0,0.0
own:31,25,installation,operating,0.0,0.0
own:31,26,installation,operating,0.0,0.0
own:31,27,installation,operating,0.0,0.0
own:31,28,installation,operating,0.0,0.0
own:31,29,installation,operating,0.0,0.0
own:31,30,installation,operating,0.0,0.0
own:31,31,installation,operating,0.0,0.0
own:31,32,installation,operating,0.0,0.0
own:31,33,installation,operating,0.0,0.0
own:31,34,installation,operating,0.0,0.0
own:31,35,installation,operating,0.0,0.0
own:31,36,installation,operating,0.0,0.0
own:31,0,network,capital,0.0,0.0
own:31,1,network,operating,0.0,0.0
own:31,2,network,operating,0.0,0.0
own:31,3,network,operating,0.0,0.0
own:31,4,network,operating,0.0,0.0
own:31,5,network,operating,0.0,0.0
own:31,6,network,operating,0.0,0.0
own:31,7,network,operating,0.0,0.0
own:31,8,network,operating,0.0,0.0
own:31,9,network,operating,0.0,0.0
own:31,10,network,operating,0.0,0.0
own:31,11,network,operating,0.0,0.0
own:31,12,network,operating,0.0,0.0
own:31,13,network,operating,0.0,0.0
own:31,14,network,operating,0.0,0.0
own:31,15,network,operating,0.0,0.0
own:31,16,network,operating,0.0,0.0
own:31,17,network,operating,0.0,0.0
own:31,18,network,operating,0.0,0.0
own:31,19,network,operating,0.0,0.0
own:31,20,network,operating,0.0,0.0
own:31,21,network,operating,0.0,0.0
own:31,22,network,operating,0.0,0.0
own:31,23,network,operating,0.0,0.0
own:31,24,network,operating,0.0,0.0
own:31,25,network,operating,0.0,0.0
own:31,26,network,operating,0.0,0.0
own:31,27,network,operating,0.0,0.0
own:31,28,network,operating,0.0,0.0
own:31,29,network,operating,0.0,0.0
own:31,30,network,operating,0.0,0.0
own:31,31,network,operating,0.0,0.0
own:31,32,network,operating,0.0,0.0
own:31,33,network,operating,0.0,0.0
own:31,34,network,operating,0.0,0.0
own:31,35,network,operating,0.0,0.0
own:31,36,network,operating,0.0,0.0
own:31,0,storage,capital,0.0,0.0
own:31,1,storage,operating,0.0,0.0
own:31,2,storage,operating,0.0,0.0
own:31,3,storage,operating,0.0,0.0
own:31,4,storage,operating,0.0,0.0
own:31,5,storage,operating,0.0,0.0
own:31,6,storage,operating,0.0,0.0
own:31,7,storage,operating,0.0,0.0
own:31,8,storage,operating,0.0,0.0
own:31,9,storage,operating,0.0,0.0
own:31,10,storage,operating,0.0,0.0
own:31,11,storage,operating,0.0,0.0
own:31,12,storage,operating,0.0,0.0
own:31,13,storage,operating,0.0,0.0
own:31,14,storage,operating,0.0,0.0
own:31,15,storage,operating,0.0,0.0
own:31,16,storage,operating,0.0,0.0
own:31,17,storage,operating,0.0,0.0
own:31,18,storage,operating,0.0,0.0
own:31,19,storage,operating,0.0,0.0
own:31,20,storage,operating,0.0,0.0
own:31,21,storage,operating,0.0,0.0
own:31,22,storage,operating,0.0,0.0
own:31,23,storage,operating,0.0,0.0
own:31,24,storage,operating,0.0,0.0
own:31,25,storage,operating,0.0,0.0
own:31,26,storage,operating,0.0,0.0
own:31,27,storage,operating,0.0,0.0
own:31,28,storage,operating,0.0,0.0
own:31,29,storage,operating,0.0,0.0
own:31,30,storage,operating,0.0,0.0
own:31,31,storage,operating,0.0,0.0
own:31,32,storage,operating,0.0,0.0
own:31,33,storage,operating,0.0,0.0
own:31,34,storage,operating,0.0,0.0
own:31,35,storage,operating,0.0,0.0
own:31,36,storage,operating,0.0,0.0
own:31,0,operations,capital,0.0,0.0
own:31,1,operations,operating,12333.333333333334,12235.763635846222
own:31,2,operations,operating,12333.333333333334,12138.965817753791
own:31,3,operations,operating,12333.333333333334,12042.933772674498
own:31,4,operations,operating,12333.333333333334,11947.661442534727
own:31,5,operations,operating,12333.333333333334,11853.142817186628
own:31,6,operations,operating,12333.333333333334,11759.371934028972
own:31,7,operations,operating,12333.333333333334,11666.342877631001
own:31,8,operations,operating,12333.333333333334,11574.049779359268
own:31,9,operations,operating,12333.333333333334,11482.486817007415
own:31,10,operations,operating,12333.333333333334,11391.648214428888
own:31,11,operations,operating,12333.333333333334,11301.528241172557
own:31,12,operations,operating,12333.333333333334,11212.121212121212
own:31,13,operations,operating,12333.333333333334,11123.42148713293
own:31,14,operations,operating,12333.333333333334,11035.423470685262
own:31,15,operations,operating,12333.333333333334,10948.12161152227
own:31,16,operations,operating,12333.333333333334,10861.510402304297
own:31,17,operations,operating,12333.333333333334,10775.58437926057
own:31,18,operations,operating,12333.333333333334,10690.33812184452
own:31,19,operations,operating,12333.333333333334,10605.766252391819
own:31,20,operations,operating,12333.333333333334,10521.863435781152
own:31,21,operations,operating,12333.333333333334,10438.62437909765
own:31,22,operations,operating,12333.333333333334,10356.043831298988
own:31,23,operations,operating,12333.333333333334,10274.116582884142
own:31,24,operations,operating,12333.333333333334,10192.837465564739
own:31,25,operations,operating,12333.333333333334,10112.201351939024
own:31,26,operations,operating,12333.333333333334,10032.203155168421
own:31,27,operations,operating,12333.333333333334,9952.837828656608
own:31,28,operations,operating,12333.333333333334,9874.100365731178
own:31,29,operations,operating,12333.333333333334,9795.985799327791
own:31,30,operations,operating,12333.333333333334,9718.489201676835
own:31,31,operations,operating,12333.333333333334,9641.605683992562
own:31,32,operations,operating,12333.333333333334,9565.330396164683
own:31,33,operations,operating,12333.333333333334,9489.658526452407
own:31,34,operations,operating,12333.333333333334,9414.585301180898
own:31,35,operations,operating,12333.333333333334,9340.105984440128
own:31,36,operations,operating,12333.333333333334,9266.215877786124
own:31,0,precommission,capital,0.0,0.0
own:31,1,precommission,operating,0.0,0.0
own:31,2,precommission,operating,0.0,0.0
own:31,3,precommission,operating,0.0,0.0
own:31,4,precommission,operating,0.0,0.0
own:31,5,precommission,operating,0.0,0.0
own:31,6,precommission,operating,0.0,0.0
own:31,7,precommission,operating,0.0,0.0
own:31,8,precommission,operating,0.0,0.0
own:31,9,precommission,operating,0.0,0.0
own:31,10,precommission,operating,0.0,0.0
own:31,11,precommission,operating,0.0,0.0
own:31,12,precommission,operating,0.0,0.0
own:31,13,precommission,operating,0.0,0.0
own:31,14,precommission,operating,0.0,0.0
own:31,15,precommission,operating,0.0,0.0
own:31,16,precommission,operating,0.0,0.0
own:31,17,precommission,operating,0.0,0.0
own:31,18,precommission,operating,0.0,0.0
own:31,19,precommission,operating,0.0,0.0
own:31,20,precommission,operating,0.0,0.0
own:31,21,precommission,operating,0.0,0.0
own:31,22,precommission,operating,0.0,0.0
own:31,23,precommission,operating,0.0,0.0
own:31,24,precommission,operating,0.0,0.0
own:31,25,precommission,operating,0.0,0.0
own:31,26,precommission,operating,0.0,0.0
own:31,27,precommission,operating,0.0,0.0
own:31,28,precommission,operating,0.0,0.0
own:31,29,precommission,operating,0.0,0.0
own:31,30,precommission,operating,0.0,0.0
own:31,31,precommission,operating,0.0,0.0
own:31,32,precommission,operating,0.0,0.0
own:31,33,precommission,operating,0.0,0.0
own:31,34,precommission,operating,0.0,0.0
own:31,35,precommission,operating,0.0,0.0
own:31,36,precommission,operating,0.0,0.0
own:31,0,electricity,capital,0.0,0.0
own:31,1,electricity,operating,9774.999639294592,9697.66906434249
own:31,2,electricity,operating,9479.075455636514,9329.689697828155
own:31,3,electricity,operating,9815.18986067852,9584.082280408997
own:31,4,electricity,operating,9835.435809981911,9527.874907901041
own:31,5,electricity,operating,8901.997538480355,8555.403906636604
own:31,6,electricity,operating,9876.231903976979,9416.617643155816
own:31,7,electricity,operating,7578.765998466226,7168.904004927442
own:31,8,electricity,operating,7841.718489407175,7358.954606928698
own:31,9,electricity,operating,7598.803627600849,7074.580741536881
own:31,10,electricity,operating,7862.527567263481,7262.201199122833
own:31,11,electricity,operating,7873.0102050997975,7214.355176430414
own:31,12,electricity,operating,7629.237344637384,6935.670313306712
own:31,13,electricity,operating,7894.132982405923,7119.710954495577
own:31,14,electricity,operating,7649.780949017374,6844.749099761133
own:31,15,electricity,operating,7915.467515554543,7026.446024784744
own:31,16,electricity,operating,7926.2148531323155,6980.3241955293615
own:31,17,electricity,operating,7424.950383694881,6487.14967875627
own:31,18,electricity,operating,7947.871007034964,6889.088790325027
own:31,19,electricity,operating,7702.045511680781,6623.196840175938
own:31,20,electricity,operating,7969.7442638804905,6799.180602377083
own:31,21,electricity,operating,7723.3190179353805,6536.823744986657
own:31,22,electricity,operating,7991.836800125892,6710.5793671371885
own:31,23,electricity,operating,8002.965984126521,6666.762610522053
own:31,24,electricity,operating,7755.629820045633,6409.611421525316
own:31,25,electricity,operating,8025.391568117389,6580.084497158652
own:31,26,electricity,operating,7777.440508991589,6326.340260549198
own:31,27,electricity,operating,8048.041968587766,6494.664044722403
own:31,28,electricity,operating,8059.4521784307035,6452.419435348827
own:31,29,electricity,operating,7289.862719388388,5790.112838771166
own:31,30,electricity,operating,8082.444036519472,6368.849602059877
own:31,31,electricity,operating,7832.928635518131,6123.406155771869
own:31,32,electricity,operating,8105.666387985579,6286.490033689366
own:31,33,electricity,operating,7855.514245089201,6044.282248830736
own:31,34,electricity,operating,8129.121543525133,6205.322286096056
own:31,35,electricity,operating,8140.93715124276,6165.179659887038
own:31,36,electricity,operating,7889.8179067732,5927.736969777008
own:31,0,hosting,capital,0.0,0.0
own:31,1,hosting,operating,0.0,0.0
own:31,2,hosting,operating,0.0,0.0
own:31,3,hosting,operating,0.0,0.0
own:31,4,hosting,operating,0.0,0.0
own:31,5,hosting,operating,0.0,0.0
own:31,6,hosting,operating,0.0,0.0
own:31,7,hosting,operating,0.0,0.0
own:31,8,hosting,operating,0.0,0.0
own:31,9,hosting,operating,0.0,0.0
own:31,10,hosting,operating,0.0,0.0
own:31,11,hosting,operating,0.0,0.0
own:31,12,hosting,operating,0.0,0.0
own:31,13,hosting,operating,0.0,0.0
own:31,14,hosting,operating,0.0,0.0
own:31,15,hosting,operating,0.0,0.0
own:31,16,hosting,operating,0.0,0.0
own:31,17,hosting,operating,0.0,0.0
own:31,18,hosting,operating,0.0,0.0
own:31,19,hosting,operating,0.0,0.0
own:31,20,hosting,operating,0.0,0.0
own:31,21,hosting,operating,0.0,0.0
own:31,22,hosting,operating,0.0,0.0
own:31,23,hosting,operating,0.0,0.0
own:31,24,hosting,operating,0.0,0.0
own:31,25,hosting,operating,0.0,0.0
own:31,26,hosting,operating,0.0,0.0
own:31,27,hosting,operating,0.0,0.0
own:31,28,hosting,operating,0.0,0.0
own:31,29,hosting,operating,0.0,0.0
own:31,30,hosting,operating,0.0,0.0
own:31,31,hosting,operating,0.0,0.0
own:31,32,hosting,operating,0.0,0.0
own:31,33,hosting,operating,0.0,0.0
own:31,34,hosting,operating,0.0,0.0
own:31,35,hosting,operating,0.0,0.0
own:31,36,hosting,operating,0.0,0.0
own:31,0,exit,terminal,0.0,0.0
own:31,1,exit,terminal,0.0,0.0
own:31,2,exit,terminal,0.0,0.0
own:31,3,exit,terminal,0.0,0.0
own:31,4,exit,terminal,0.0,0.0
own:31,5,exit,terminal,0.0,0.0
own:31,6,exit,terminal,0.0,0.0
own:31,7,exit,terminal,0.0,0.0
own:31,8,exit,terminal,0.0,0.0
own:31,9,exit,terminal,0.0,0.0
own:31,10,exit,terminal,0.0,0.0
own:31,11,exit,terminal,0.0,0.0
own:31,12,exit,terminal,0.0,0.0
own:31,13,exit,terminal,0.0,0.0
own:31,14,exit,terminal,0.0,0.0
own:31,15,exit,terminal,0.0,0.0
own:31,16,exit,terminal,0.0,0.0
own:31,17,exit,terminal,0.0,0.0
own:31,18,exit,terminal,0.0,0.0
own:31,19,exit,terminal,0.0,0.0
own:31,20,exit,terminal,0.0,0.0
own:31,21,exit,terminal,0.0,0.0
own:31,22,exit,terminal,0.0,0.0
own:31,23,exit,terminal,0.0,0.0
own:31,24,exit,terminal,0.0,0.0
own:31,25,exit,terminal,0.0,0.0
own:31,26,exit,terminal,0.0,0.0
own:31,27,exit,terminal,0.0,0.0
own:31,28,exit,terminal,0.0,0.0
own:31,29,exit,terminal,0.0,0.0
own:31,30,exit,terminal,0.0,0.0
own:31,31,exit,terminal,0.0,0.0
own:31,32,exit,terminal,0.0,0.0
own:31,33,exit,terminal,0.0,0.0
own:31,34,exit,terminal,0.0,0.0
own:31,35,exit,terminal,0.0,0.0
own:31,36,exit,terminal,0.0,0.0
own:31,0,residual,terminal,0.0,0.0
own:31,1,residual,terminal,0.0,0.0
own:31,2,residual,terminal,0.0,0.0
own:31,3,residual,terminal,0.0,0.0
own:31,4,residual,terminal,0.0,0.0
own:31,5,residual,terminal,0.0,0.0
own:31,6,residual,terminal,0.0,0.0
own:31,7,residual,terminal,0.0,0.0
own:31,8,residual,terminal,0.0,0.0
own:31,9,residual,terminal,0.0,0.0
own:31,10,residual,terminal,0.0,0.0
own:31,11,residual,terminal,0.0,0.0
own:31,12,residual,terminal,0.0,0.0
own:31,13,residual,terminal,0.0,0.0
own:31,14,residual,terminal,0.0,0.0
own:31,15,residual,terminal,0.0,0.0
own:31,16,residual,terminal,0.0,0.0
own:31,17,residual,terminal,0.0,0.0
own:31,18,residual,terminal,0.0,0.0
own:31,19,residual,terminal,0.0,0.0
own:31,20,residual,terminal,0.0,0.0
own:31,21,residual,terminal,0.0,0.0
own:31,22,residual,terminal,0.0,0.0
own:31,23,residual,terminal,0.0,0.0
own:31,24,residual,terminal,0.0,0.0
own:31,25,residual,terminal,0.0,0.0
own:31,26,residual,terminal,0.0,0.0
own:31,27,residual,terminal,0.0,0.0
own:31,28,residual,terminal,0.0,0.0
own:31,29,residual,terminal,0.0,0.0
own:31,30,residual,terminal,0.0,0.0
own:31,31,residual,terminal,0.0,0.0
own:31,32,residual,terminal,0.0,0.0
own:31,33,residual,terminal,0.0,0.0
own:31,34,residual,terminal,0.0,0.0
own:31,35,residual,terminal,0.0,0.0
own:31,36,residual,terminal,0.0,0.0
own:32,0,on_demand,capital,0.0,0.0
own:32,1,on_demand,operating,0.0,0.0
own:32,2,on_demand,operating,0.0,0.0
own:32,3,on_demand,operating,0.0,0.0
own:32,4,on_demand,operating,0.0,0.0
own:32,5,on_demand,operating,0.0,0.0
own:32,6,on_demand,operating,0.0,0.0
own:32,7,on_demand,operating,0.0,0.0
own:32,8,on_demand,operating,0.0,0.0
own:32,9,on_demand,operating,0.0,0.0
own:32,10,on_demand,operating,0.0,0.0
own:32,11,on_demand,operating,0.0,0.0
own:32,12,on_demand,operating,0.0,0.0
own:32,13,on_demand,operating,0.0,0.0
own:32,14,on_demand,operating,0.0,0.0
own:32,15,on_demand,operating,0.0,0.0
own:32,16,on_demand,operating,0.0,0.0
own:32,17,on_demand,operating,0.0,0.0
own:32,18,on_demand,operating,0.0,0.0
own:32,19,on_demand,operating,0.0,0.0
own:32,20,on_demand,operating,0.0,0.0
own:32,21,on_demand,operating,0.0,0.0
own:32,22,on_demand,operating,0.0,0.0
own:32,23,on_demand,operating,0.0,0.0
own:32,24,on_demand,operating,0.0,0.0
own:32,25,on_demand,operating,0.0,0.0
own:32,26,on_demand,operating,0.0,0.0
own:32,27,on_demand,operating,0.0,0.0
own:32,28,on_demand,operating,0.0,0.0
own:32,29,on_demand,operating,0.0,0.0
own:32,30,on_demand,operating,0.0,0.0
own:32,31,on_demand,operating,0.0,0.0
own:32,32,on_demand,operating,0.0,0.0
own:32,33,on_demand,operating,0.0,0.0
own:32,34,on_demand,operating,0.0,0.0
own:32,35,on_demand,operating,0.0,0.0
own:32,36,on_demand,operating,0.0,0.0
own:32,0,variable_service,capital,0.0,0.0
own:32,1,variable_service,operating,0.0,0.0
own:32,2,variable_service,operating,0.0,0.0
own:32,3,variable_service,operating,0.0,0.0
own:32,4,variable_service,operating,0.0,0.0
own:32,5,variable_service,operating,0.0,0.0
own:32,6,variable_service,operating,0.0,0.0
own:32,7,variable_service,operating,0.0,0.0
own:32,8,variable_service,operating,0.0,0.0
own:32,9,variable_service,operating,0.0,0.0
own:32,10,variable_service,operating,0.0,0.0
own:32,11,variable_service,operating,0.0,0.0
own:32,12,variable_service,operating,0.0,0.0
own:32,13,variable_service,operating,0.0,0.0
own:32,14,variable_service,operating,0.0,0.0
own:32,15,variable_service,operating,0.0,0.0
own:32,16,variable_service,operating,0.0,0.0
own:32,17,variable_service,operating,0.0,0.0
own:32,18,variable_service,operating,0.0,0.0
own:32,19,variable_service,operating,0.0,0.0
own:32,20,variable_service,operating,0.0,0.0
own:32,21,variable_service,operating,0.0,0.0
own:32,22,variable_service,operating,0.0,0.0
own:32,23,variable_service,operating,0.0,0.0
own:32,24,variable_service,operating,0.0,0.0
own:32,25,variable_service,operating,0.0,0.0
own:32,26,variable_service,operating,0.0,0.0
own:32,27,variable_service,operating,0.0,0.0
own:32,28,variable_service,operating,0.0,0.0
own:32,29,variable_service,operating,0.0,0.0
own:32,30,variable_service,operating,0.0,0.0
own:32,31,variable_service,operating,0.0,0.0
own:32,32,variable_service,operating,0.0,0.0
own:32,33,variable_service,operating,0.0,0.0
own:32,34,variable_service,operating,0.0,0.0
own:32,35,variable_service,operating,0.0,0.0
own:32,36,variable_service,operating,0.0,0.0
own:32,0,node_acquisition,capital,12800000.0,12800000.0
own:32,1,node_acquisition,operating,0.0,0.0
own:32,2,node_acquisition,operating,0.0,0.0
own:32,3,node_acquisition,operating,0.0,0.0
own:32,4,node_acquisition,operating,0.0,0.0
own:32,5,node_acquisition,operating,0.0,0.0
own:32,6,node_acquisition,operating,0.0,0.0
own:32,7,node_acquisition,operating,0.0,0.0
own:32,8,node_acquisition,operating,0.0,0.0
own:32,9,node_acquisition,operating,0.0,0.0
own:32,10,node_acquisition,operating,0.0,0.0
own:32,11,node_acquisition,operating,0.0,0.0
own:32,12,node_acquisition,operating,0.0,0.0
own:32,13,node_acquisition,operating,0.0,0.0
own:32,14,node_acquisition,operating,0.0,0.0
own:32,15,node_acquisition,operating,0.0,0.0
own:32,16,node_acquisition,operating,0.0,0.0
own:32,17,node_acquisition,operating,0.0,0.0
own:32,18,node_acquisition,operating,0.0,0.0
own:32,19,node_acquisition,operating,0.0,0.0
own:32,20,node_acquisition,operating,0.0,0.0
own:32,21,node_acquisition,operating,0.0,0.0
own:32,22,node_acquisition,operating,0.0,0.0
own:32,23,node_acquisition,operating,0.0,0.0
own:32,24,node_acquisition,operating,0.0,0.0
own:32,25,node_acquisition,operating,0.0,0.0
own:32,26,node_acquisition,operating,0.0,0.0
own:32,27,node_acquisition,operating,0.0,0.0
own:32,28,node_acquisition,operating,0.0,0.0
own:32,29,node_acquisition,operating,0.0,0.0
own:32,30,node_acquisition,operating,0.0,0.0
own:32,31,node_acquisition,operating,0.0,0.0
own:32,32,node_acquisition,operating,0.0,0.0
own:32,33,node_acquisition,operating,0.0,0.0
own:32,34,node_acquisition,operating,0.0,0.0
own:32,35,node_acquisition,operating,0.0,0.0
own:32,36,node_acquisition,operating,0.0,0.0
own:32,0,installation,capital,50000.0,50000.0
own:32,1,installation,operating,0.0,0.0
own:32,2,installation,operating,0.0,0.0
own:32,3,installation,operating,0.0,0.0
own:32,4,installation,operating,0.0,0.0
own:32,5,installation,operating,0.0,0.0
own:32,6,installation,operating,0.0,0.0
own:32,7,installation,operating,0.0,0.0
own:32,8,installation,operating,0.0,0.0
own:32,9,installation,operating,0.0,0.0
own:32,10,installation,operating,0.0,0.0
own:32,11,installation,operating,0.0,0.0
own:32,12,installation,operating,0.0,0.0
own:32,13,installation,operating,0.0,0.0
own:32,14,installation,operating,0.0,0.0
own:32,15,installation,operating,0.0,0.0
own:32,16,installation,operating,0.0,0.0
own:32,17,installation,operating,0.0,0.0
own:32,18,installation,operating,0.0,0.0
own:32,19,installation,operating,0.0,0.0
own:32,20,installation,operating,0.0,0.0
own:32,21,installation,operating,0.0,0.0
own:32,22,installation,operating,0.0,0.0
own:32,23,installation,operating,0.0,0.0
own:32,24,installation,operating,0.0,0.0
own:32,25,installation,operating,0.0,0.0
own:32,26,installation,operating,0.0,0.0
own:32,27,installation,operating,0.0,0.0
own:32,28,installation,operating,0.0,0.0
own:32,29,installation,operating,0.0,0.0
own:32,30,installation,operating,0.0,0.0
own:32,31,installation,operating,0.0,0.0
own:32,32,installation,operating,0.0,0.0
own:32,33,installation,operating,0.0,0.0
own:32,34,installation,operating,0.0,0.0
own:32,35,installation,operating,0.0,0.0
own:32,36,installation,operating,0.0,0.0
own:32,0,network,capital,0.0,0.0
own:32,1,network,operating,0.0,0.0
own:32,2,network,operating,0.0,0.0
own:32,3,network,operating,0.0,0.0
own:32,4,network,operating,0.0,0.0
own:32,5,network,operating,0.0,0.0
own:32,6,network,operating,0.0,0.0
own:32,7,network,operating,0.0,0.0
own:32,8,network,operating,0.0,0.0
own:32,9,network,operating,0.0,0.0
own:32,10,network,operating,0.0,0.0
own:32,11,network,operating,0.0,0.0
own:32,12,network,operating,0.0,0.0
own:32,13,network,operating,0.0,0.0
own:32,14,network,operating,0.0,0.0
own:32,15,network,operating,0.0,0.0
own:32,16,network,operating,0.0,0.0
own:32,17,network,operating,0.0,0.0
own:32,18,network,operating,0.0,0.0
own:32,19,network,operating,0.0,0.0
own:32,20,network,operating,0.0,0.0
own:32,21,network,operating,0.0,0.0
own:32,22,network,operating,0.0,0.0
own:32,23,network,operating,0.0,0.0
own:32,24,network,operating,0.0,0.0
own:32,25,network,operating,0.0,0.0
own:32,26,network,operating,0.0,0.0
own:32,27,network,operating,0.0,0.0
own:32,28,network,operating,0.0,0.0
own:32,29,network,operating,0.0,0.0
own:32,30,network,operating,0.0,0.0
own:32,31,network,operating,0.0,0.0
own:32,32,network,operating,0.0,0.0
own:32,33,network,operating,0.0,0.0
own:32,34,network,operating,0.0,0.0
own:32,35,network,operating,0.0,0.0
own:32,36,network,operating,0.0,0.0
own:32,0,storage,capital,0.0,0.0
own:32,1,storage,operating,0.0,0.0
own:32,2,storage,operating,0.0,0.0
own:32,3,storage,operating,0.0,0.0
own:32,4,storage,operating,0.0,0.0
own:32,5,storage,operating,0.0,0.0
own:32,6,storage,operating,0.0,0.0
own:32,7,storage,operating,0.0,0.0
own:32,8,storage,operating,0.0,0.0
own:32,9,storage,operating,0.0,0.0
own:32,10,storage,operating,0.0,0.0
own:32,11,storage,operating,0.0,0.0
own:32,12,storage,operating,0.0,0.0
own:32,13,storage,operating,0.0,0.0
own:32,14,storage,operating,0.0,0.0
own:32,15,storage,operating,0.0,0.0
own:32,16,storage,operating,0.0,0.0
own:32,17,storage,operating,0.0,0.0
own:32,18,storage,operating,0.0,0.0
own:32,19,storage,operating,0.0,0.0
own:32,20,storage,operating,0.0,0.0
own:32,21,storage,operating,0.0,0.0
own:32,22,storage,operating,0.0,0.0
own:32,23,storage,operating,0.0,0.0
own:32,24,storage,operating,0.0,0.0
own:32,25,storage,operating,0.0,0.0
own:32,26,storage,operating,0.0,0.0
own:32,27,storage,operating,0.0,0.0
own:32,28,storage,operating,0.0,0.0
own:32,29,storage,operating,0.0,0.0
own:32,30,storage,operating,0.0,0.0
own:32,31,storage,operating,0.0,0.0
own:32,32,storage,operating,0.0,0.0
own:32,33,storage,operating,0.0,0.0
own:32,34,storage,operating,0.0,0.0
own:32,35,storage,operating,0.0,0.0
own:32,36,storage,operating,0.0,0.0
own:32,0,operations,capital,0.0,0.0
own:32,1,operations,operating,12666.666666666666,12566.459950328552
own:32,2,operations,operating,12666.666666666666,12467.045974990378
own:32,3,operations,operating,12666.666666666666,12368.418469233266
own:32,4,operations,operating,12666.666666666666,12270.57121125188
own:32,5,operations,operating,12666.666666666666,12173.498028461941
own:32,6,operations,operating,12666.666666666666,12077.192797110834
own:32,7,operations,operating,12666.666666666666,11981.649441891297
own:32,8,operations,operating,12666.666666666666,11886.861935558167
own:32,9,operations,operating,12666.666666666666,11792.824298548154
own:32,10,operations,operating,12666.666666666666,11699.530598602641
own:32,11,operations,operating,12666.666666666666,11606.974950393436
own:32,12,operations,operating,12666.666666666666,11515.151515151514
own:32,13,operations,operating,12666.666666666666,11424.054500298682
own:32,14,operations,operating,12666.666666666666,11333.678159082161
own:32,15,operations,operating,12666.666666666666,11244.01679021206
own:32,16,operations,operating,12666.666666666666,11155.064737501709
own:32,17,operations,operating,12666.666666666666,11066.816389510856
own:32,18,operations,operating,12666.666666666666,10979.266179191667
own:32,19,operations,operating,12666.666666666666,10892.408583537543
own:32,20,operations,operating,12666.666666666666,10806.238123234696
own:32,21,operations,operating,12666.666666666666,10720.749362316503
own:32,22,operations,operating,12666.666666666666,10635.936907820582
own:32,23,operations,operating,12666.666666666666,10551.795409448578
own:32,24,operations,operating,12666.666666666666,10468.319559228648
own:32,25,operations,operating,12666.666666666666,10385.504091180619
own:32,26,operations,operating,12666.666666666666,10303.343780983783
own:32,27,operations,operating,12666.666666666666,10221.833445647326
own:32,28,operations,operating,12666.666666666666,10140.96794318337
own:32,29,operations,operating,12666.666666666666,10060.742172282595
own:32,30,operations,operating,12666.666666666666,9981.151071992424
own:32,31,operations,operating,12666.666666666666,9902.189621397765
own:32,32,operations,operating,12666.666666666666,9823.852839304269
own:32,33,operations,operating,12666.666666666666,9746.135783924094
own:32,34,operations,operating,12666.666666666666,9669.033552564164
own:32,35,operations,operating,12666.666666666666,9592.541281316888
own:32,36,operations,operating,12666.666666666666,9516.654144753315
own:32,0,precommission,capital,0.0,0.0
own:32,1,precommission,operating,0.0,0.0
own:32,2,precommission,operating,0.0,0.0
own:32,3,precommission,operating,0.0,0.0
own:32,4,precommission,operating,0.0,0.0
own:32,5,precommission,operating,0.0,0.0
own:32,6,precommission,operating,0.0,0.0
own:32,7,precommission,operating,0.0,0.0
own:32,8,precommission,operating,0.0,0.0
own:32,9,precommission,operating,0.0,0.0
own:32,10,precommission,operating,0.0,0.0
own:32,11,precommission,operating,0.0,0.0
own:32,12,precommission,operating,0.0,0.0
own:32,13,precommission,operating,0.0,0.0
own:32,14,precommission,operating,0.0,0.0
own:32,15,precommission,operating,0.0,0.0
own:32,16,precommission,operating,0.0,0.0
own:32,17,precommission,operating,0.0,0.0
own:32,18,precommission,operating,0.0,0.0
own:32,19,precommission,operating,0.0,0.0
own:32,20,precommission,operating,0.0,0.0
own:32,21,precommission,operating,0.0,0.0
own:32,22,precommission,operating,0.0,0.0
own:32,23,precommission,operating,0.0,0.0
own:32,24,precommission,operating,0.0,0.0
own:32,25,precommission,operating,0.0,0.0
own:32,26,precommission,operating,0.0,0.0
own:32,27,precommission,operating,0.0,0.0
own:32,28,precommission,operating,0.0,0.0
own:32,29,precommission,operating,0.0,0.0
own:32,30,precommission,operating,0.0,0.0
own:32,31,precommission,operating,0.0,0.0
own:32,32,precommission,operating,0.0,0.0
own:32,33,precommission,operating,0.0,0.0
own:32,34,precommission,operating,0.0,0.0
own:32,35,precommission,operating,0.0,0.0
own:32,36,precommission,operating,0.0,0.0
own:32,0,electricity,capital,0.0,0.0
own:32,1,electricity,operating,9960.999639294592,9882.19760782363
own:32,2,electricity,operating,9659.075455636514,9506.852982735913
own:32,3,electricity,operating,10001.18986067852,9765.702741088791
own:32,4,electricity,operating,10021.435809981911,9708.058558845214
own:32,5,electricity,operating,9069.997538480355,8716.862933119362
own:32,6,electricity,operating,10062.231903976979,9593.961684755495
own:32,7,electricity,operating,7758.765998466226,7339.169549628003
own:32,8,electricity,operating,8027.718489407175,7533.503790087683
own:32,9,electricity,operating,7778.803627600849,7242.162981568881
own:32,10,electricity,operating,8048.527567263481,7433.999569491787
own:32,11,electricity,operating,8059.0102050997975,7384.794440175665
own:32,12,electricity,operating,7809.237344637384,7099.306676943076
own:32,13,electricity,operating,8080.132982405923,7287.4641758420685
own:32,14,electricity,operating,7829.780949017374,7005.8066314954585
own:32,15,electricity,operating,8101.467515554543,7191.555534493647
own:32,16,electricity,operating,8112.2148531323155,7144.127514569518
own:32,17,electricity,operating,7598.950383694881,6639.172788106919
own:32,18,electricity,operating,8133.871007034964,7050.310646324736
own:32,19,electricity,operating,7882.045511680781,6777.98369899463
own:32,20,electricity,operating,8155.7442638804905,6957.861677976161
own:32,21,electricity,operating,7903.3190179353805,6689.1712359248395
own:32,22,electricity,operating,8177.836800125892,6866.759703836238
own:32,23,electricity,operating,8188.965984126521,6821.707395745008
own:32,24,electricity,operating,7935.629820045633,6558.371752103828
own:32,25,electricity,operating,8211.39156811739,6732.5874256554625
own:32,26,electricity,operating,7957.440508991589,6472.756198489494
own:32,27,electricity,operating,8234.041968587764,6644.763599003222
own:32,28,electricity,operating,8245.452178430703,6601.331543567151
own:32,29,electricity,operating,7457.862719388388,5923.550050740388
own:32,30,electricity,operating,8268.444036519473,6515.414925695977
own:32,31,electricity,operating,8012.928635518131,6264.121481970678
own:32,32,electricity,operating,8291.666387985579,6430.745556961255
own:32,33,electricity,operating,8035.514245089201,6182.779967865446
own:32,34,electricity,operating,8315.121543525134,6347.30441036792
own:32,35,electricity,operating,8326.937151242759,6306.038555544269
own:32,36,electricity,operating,8069.8179067732,6062.973633939292
own:32,0,hosting,capital,0.0,0.0
own:32,1,hosting,operating,0.0,0.0
own:32,2,hosting,operating,0.0,0.0
own:32,3,hosting,operating,0.0,0.0
own:32,4,hosting,operating,0.0,0.0
own:32,5,hosting,operating,0.0,0.0
own:32,6,hosting,operating,0.0,0.0
own:32,7,hosting,operating,0.0,0.0
own:32,8,hosting,operating,0.0,0.0
own:32,9,hosting,operating,0.0,0.0
own:32,10,hosting,operating,0.0,0.0
own:32,11,hosting,operating,0.0,0.0
own:32,12,hosting,operating,0.0,0.0
own:32,13,hosting,operating,0.0,0.0
own:32,14,hosting,operating,0.0,0.0
own:32,15,hosting,operating,0.0,0.0
own:32,16,hosting,operating,0.0,0.0
own:32,17,hosting,operating,0.0,0.0
own:32,18,hosting,operating,0.0,0.0
own:32,19,hosting,operating,0.0,0.0
own:32,20,hosting,operating,0.0,0.0
own:32,21,hosting,operating,0.0,0.0
own:32,22,hosting,operating,0.0,0.0
own:32,23,hosting,operating,0.0,0.0
own:32,24,hosting,operating,0.0,0.0
own:32,25,hosting,operating,0.0,0.0
own:32,26,hosting,operating,0.0,0.0
own:32,27,hosting,operating,0.0,0.0
own:32,28,hosting,operating,0.0,0.0
own:32,29,hosting,operating,0.0,0.0
own:32,30,hosting,operating,0.0,0.0
own:32,31,hosting,operating,0.0,0.0
own:32,32,hosting,operating,0.0,0.0
own:32,33,hosting,operating,0.0,0.0
own:32,34,hosting,operating,0.0,0.0
own:32,35,hosting,operating,0.0,0.0
own:32,36,hosting,operating,0.0,0.0
own:32,0,exit,terminal,0.0,0.0
own:32,1,exit,terminal,0.0,0.0
own:32,2,exit,terminal,0.0,0.0
own:32,3,exit,terminal,0.0,0.0
own:32,4,exit,terminal,0.0,0.0
own:32,5,exit,terminal,0.0,0.0
own:32,6,exit,terminal,0.0,0.0
own:32,7,exit,terminal,0.0,0.0
own:32,8,exit,terminal,0.0,0.0
own:32,9,exit,terminal,0.0,0.0
own:32,10,exit,terminal,0.0,0.0
own:32,11,exit,terminal,0.0,0.0
own:32,12,exit,terminal,0.0,0.0
own:32,13,exit,terminal,0.0,0.0
own:32,14,exit,terminal,0.0,0.0
own:32,15,exit,terminal,0.0,0.0
own:32,16,exit,terminal,0.0,0.0
own:32,17,exit,terminal,0.0,0.0
own:32,18,exit,terminal,0.0,0.0
own:32,19,exit,terminal,0.0,0.0
own:32,20,exit,terminal,0.0,0.0
own:32,21,exit,terminal,0.0,0.0
own:32,22,exit,terminal,0.0,0.0
own:32,23,exit,terminal,0.0,0.0
own:32,24,exit,terminal,0.0,0.0
own:32,25,exit,terminal,0.0,0.0
own:32,26,exit,terminal,0.0,0.0
own:32,27,exit,terminal,0.0,0.0
own:32,28,exit,terminal,0.0,0.0
own:32,29,exit,terminal,0.0,0.0
own:32,30,exit,terminal,0.0,0.0
own:32,31,exit,terminal,0.0,0.0
own:32,32,exit,terminal,0.0,0.0
own:32,33,exit,terminal,0.0,0.0
own:32,34,exit,terminal,0.0,0.0
own:32,35,exit,terminal,0.0,0.0
own:32,36,exit,terminal,0.0,0.0
own:32,0,residual,terminal,0.0,0.0
own:32,1,residual,terminal,0.0,0.0
own:32,2,residual,terminal,0.0,0.0
own:32,3,residual,terminal,0.0,0.0
own:32,4,residual,terminal,0.0,0.0
own:32,5,residual,terminal,0.0,0.0
own:32,6,residual,terminal,0.0,0.0
own:32,7,residual,terminal,0.0,0.0
own:32,8,residual,terminal,0.0,0.0
own:32,9,residual,terminal,0.0,0.0
own:32,10,residual,terminal,0.0,0.0
own:32,11,residual,terminal,0.0,0.0
own:32,12,residual,terminal,0.0,0.0
own:32,13,residual,terminal,0.0,0.0
own:32,14,residual,terminal,0.0,0.0
own:32,15,residual,terminal,0.0,0.0
own:32,16,residual,terminal,0.0,0.0
own:32,17,residual,terminal,0.0,0.0
own:32,18,residual,terminal,0.0,0.0
own:32,19,residual,terminal,0.0,0.0
own:32,20,residual,terminal,0.0,0.0
own:32,21,residual,terminal,0.0,0.0
own:32,22,residual,terminal,0.0,0.0
own:32,23,residual,terminal,0.0,0.0
own:32,24,residual,terminal,0.0,0.0
own:32,25,residual,terminal,0.0,0.0
own:32,26,residual,terminal,0.0,0.0
own:32,27,residual,terminal,0.0,0.0
own:32,28,residual,terminal,0.0,0.0
own:32,29,residual,terminal,0.0,0.0
own:32,30,residual,terminal,0.0,0.0
own:32,31,residual,terminal,0.0,0.0
own:32,32,residual,terminal,0.0,0.0
own:32,33,residual,terminal,0.0,0.0
own:32,34,residual,terminal,0.0,0.0
own:32,35,residual,terminal,0.0,0.0
own:32,36,residual,terminal,0.0,0.0
